song_id,status,model,classifier_version,content_token_count,chunk_count,content_budget,source_words,normalized_words,lyrics_sha256,normalized_sha256,alcohol__max,alcohol__mean,alcohol__q90,alcohol__token_weighted_mean,crime__max,crime__mean,crime__q90,crime__token_weighted_mean,distress__max,distress__mean,distress__q90,distress__token_weighted_mean,drugs__max,drugs__mean,drugs__q90,drugs__token_weighted_mean,empowerment__max,empowerment__mean,empowerment__q90,empowerment__token_weighted_mean,family__max,family__mean,family__q90,family__token_weighted_mean,friendship__max,friendship__mean,friendship__q90,friendship__token_weighted_mean,grief__max,grief__mean,grief__q90,grief__token_weighted_mean,heartbreak__max,heartbreak__mean,heartbreak__q90,heartbreak__token_weighted_mean,partying__max,partying__mean,partying__q90,partying__token_weighted_mean,politics__max,politics__mean,politics__q90,politics__token_weighted_mean,profanity__max,profanity__mean,profanity__q90,profanity__token_weighted_mean,romance__max,romance__mean,romance__q90,romance__token_weighted_mean,sexual__max,sexual__mean,sexual__q90,sexual__token_weighted_mean,spirituality__max,spirituality__mean,spirituality__q90,spirituality__token_weighted_mean,violence__max,violence__mean,violence__q90,violence__token_weighted_mean,wealth__max,wealth__mean,wealth__q90,wealth__token_weighted_mean
song_0aed0baea9ae5d346cf2c42de2f92d7bd81418aa8269b3f685d489fdbf4cc08d,success,bart,classifier-panel-v1,259,1,1010,166,166,a758d51e8542965b29d94239cf11464d8708545f2591e4c62af4e54e75af85a2,a758d51e8542965b29d94239cf11464d8708545f2591e4c62af4e54e75af85a2,0.3421138903977251,0.3421138903977251,0.3421138903977251,0.3421138903977251,0.07584939726600252,0.07584939726600252,0.07584939726600252,0.07584939726600252,0.7141767283798628,0.7141767283798628,0.7141767283798628,0.7141767283798628,0.11119825446008423,0.11119825446008423,0.11119825446008423,0.11119825446008423,0.9860159934199325,0.9860159934199325,0.9860159934199325,0.9860159934199325,0.7626695458226653,0.7626695458226653,0.7626695458226653,0.7626695458226653,0.9636374015673596,0.9636374015673596,0.9636374015673596,0.9636374015673596,0.078224952055791,0.078224952055791,0.078224952055791,0.078224952055791,0.1775140609504698,0.1775140609504698,0.1775140609504698,0.1775140609504698,0.1791222446718981,0.1791222446718981,0.1791222446718981,0.1791222446718981,0.17567986305232844,0.17567986305232844,0.17567986305232844,0.17567986305232844,0.7631681170360368,0.7631681170360368,0.7631681170360368,0.7631681170360368,0.9685777198411882,0.9685777198411882,0.9685777198411882,0.9685777198411882,0.8578375119075025,0.8578375119075025,0.8578375119075025,0.8578375119075025,0.0980922104915129,0.0980922104915129,0.0980922104915129,0.0980922104915129,0.07916222124572049,0.07916222124572049,0.07916222124572049,0.07916222124572049,0.5728320249971304,0.5728320249971304,0.5728320249971304,0.5728320249971304
song_9e3641d00273b9a3b09faf3dccb66583183d28fbee8e60268cab00bc7002cae4,success,bart,classifier-panel-v1,276,1,1010,193,193,a991e07372e3587fdce379d51914f170e256165bd1fb642fa0bc1d94db769383,a991e07372e3587fdce379d51914f170e256165bd1fb642fa0bc1d94db769383,0.5788800650711696,0.5788800650711696,0.5788800650711696,0.5788800650711696,0.15058543495015192,0.15058543495015192,0.15058543495015192,0.15058543495015192,0.8993015603052195,0.8993015603052195,0.8993015603052195,0.8993015603052195,0.38898585547705805,0.38898585547705805,0.38898585547705805,0.38898585547705805,0.9459463865992545,0.9459463865992545,0.9459463865992545,0.9459463865992545,0.9698599836703359,0.9698599836703359,0.9698599836703359,0.9698599836703359,0.9954156888913213,0.9954156888913213,0.9954156888913213,0.9954156888913213,0.6188853314405559,0.6188853314405559,0.6188853314405559,0.6188853314405559,0.942113909585353,0.942113909585353,0.942113909585353,0.942113909585353,0.313738625044411,0.313738625044411,0.313738625044411,0.313738625044411,0.3599073566561724,0.3599073566561724,0.3599073566561724,0.3599073566561724,0.8162271434645024,0.8162271434645024,0.8162271434645024,0.8162271434645024,0.9943627629639984,0.9943627629639984,0.9943627629639984,0.9943627629639984,0.9446199766434885,0.9446199766434885,0.9446199766434885,0.9446199766434885,0.41362086106778095,0.41362086106778095,0.41362086106778095,0.41362086106778095,0.22087323320815033,0.22087323320815033,0.22087323320815033,0.22087323320815033,0.11408597609313022,0.11408597609313022,0.11408597609313022,0.11408597609313022
song_59328e4ef495b0a2eead2600eb40694f1921b10840b1f242e3580ce8c59f8a86,success,bart,classifier-panel-v1,344,1,1010,234,234,6abbe2290340e13d37d5c5ef3ab7736b0b8c80565eb6b92483d56c64a2a43251,6abbe2290340e13d37d5c5ef3ab7736b0b8c80565eb6b92483d56c64a2a43251,0.2974830343133855,0.2974830343133855,0.2974830343133855,0.2974830343133855,0.37517191221786617,0.37517191221786617,0.37517191221786617,0.37517191221786617,0.6412214899864915,0.6412214899864915,0.6412214899864915,0.6412214899864915,0.48544535819045026,0.48544535819045026,0.48544535819045026,0.48544535819045026,0.2188176764531309,0.2188176764531309,0.2188176764531309,0.2188176764531309,0.7812255609295943,0.7812255609295943,0.7812255609295943,0.7812255609295943,0.10413042573159417,0.10413042573159417,0.10413042573159417,0.10413042573159417,0.45142416667810603,0.45142416667810603,0.45142416667810603,0.45142416667810603,0.9281314959425738,0.9281314959425738,0.9281314959425738,0.9281314959425738,0.37388811545645667,0.37388811545645667,0.37388811545645667,0.37388811545645667,0.5722655764428459,0.5722655764428459,0.5722655764428459,0.5722655764428459,0.8244280528341467,0.8244280528341467,0.8244280528341467,0.8244280528341467,0.22282937341614367,0.22282937341614367,0.22282937341614367,0.22282937341614367,0.7165845945655117,0.7165845945655117,0.7165845945655117,0.7165845945655117,0.15543510339301775,0.15543510339301775,0.15543510339301775,0.15543510339301775,0.958780225542932,0.958780225542932,0.958780225542932,0.958780225542932,0.10050346473578156,0.10050346473578156,0.10050346473578156,0.10050346473578156
song_c4eabeecb02281b19acf05dac0942d25da1b7cae44fc83479a18c5a5594546ab,success,bart,classifier-panel-v1,309,1,1010,196,196,389f8fe04bdf7f4bb6f46f6bd45a97b00e26a61411fbff4ae9aa073b5aa80fe2,389f8fe04bdf7f4bb6f46f6bd45a97b00e26a61411fbff4ae9aa073b5aa80fe2,0.7165484047522518,0.7165484047522518,0.7165484047522518,0.7165484047522518,0.24086506479970124,0.24086506479970124,0.24086506479970124,0.24086506479970124,0.5732445361573885,0.5732445361573885,0.5732445361573885,0.5732445361573885,0.38345240754605026,0.38345240754605026,0.38345240754605026,0.38345240754605026,0.9539328881359103,0.9539328881359103,0.9539328881359103,0.9539328881359103,0.9192960090464185,0.9192960090464185,0.9192960090464185,0.9192960090464185,0.9672351499391932,0.9672351499391932,0.9672351499391932,0.9672351499391932,0.32608975182770733,0.32608975182770733,0.32608975182770733,0.32608975182770733,0.5890747988068341,0.5890747988068341,0.5890747988068341,0.5890747988068341,0.8257732326945161,0.8257732326945161,0.8257732326945161,0.8257732326945161,0.4191762010414053,0.4191762010414053,0.4191762010414053,0.4191762010414053,0.609462153043287,0.609462153043287,0.609462153043287,0.609462153043287,0.9808212526896007,0.9808212526896007,0.9808212526896007,0.9808212526896007,0.9205987987786688,0.9205987987786688,0.9205987987786688,0.9205987987786688,0.3373116723052971,0.3373116723052971,0.3373116723052971,0.3373116723052971,0.10032465171804199,0.10032465171804199,0.10032465171804199,0.10032465171804199,0.5626929898644926,0.5626929898644926,0.5626929898644926,0.5626929898644926
song_fed7c74ad967767c8732088a2935e6279881ee63bf2cc773490807c416c8707a,success,bart,classifier-panel-v1,268,1,1010,128,128,6e22ecd5fe7ffbf1c9c0b96f62ffafff3147325f976ec3c7d0af8cde8f6b321a,6e22ecd5fe7ffbf1c9c0b96f62ffafff3147325f976ec3c7d0af8cde8f6b321a,0.8274754708112833,0.8274754708112833,0.8274754708112833,0.8274754708112833,0.255159807261919,0.255159807261919,0.255159807261919,0.255159807261919,0.8155623253674585,0.8155623253674585,0.8155623253674585,0.8155623253674585,0.6325960880375611,0.6325960880375611,0.6325960880375611,0.6325960880375611,0.9441825259998506,0.9441825259998506,0.9441825259998506,0.9441825259998506,0.9813101362448213,0.9813101362448213,0.9813101362448213,0.9813101362448213,0.9571633767610476,0.9571633767610476,0.9571633767610476,0.9571633767610476,0.5909361489785032,0.5909361489785032,0.5909361489785032,0.5909361489785032,0.8289220982782124,0.8289220982782124,0.8289220982782124,0.8289220982782124,0.7311694023463188,0.7311694023463188,0.7311694023463188,0.7311694023463188,0.8198391219929392,0.8198391219929392,0.8198391219929392,0.8198391219929392,0.8334849140633596,0.8334849140633596,0.8334849140633596,0.8334849140633596,0.8973184219341644,0.8973184219341644,0.8973184219341644,0.8973184219341644,0.7332377663799009,0.7332377663799009,0.7332377663799009,0.7332377663799009,0.6899131782855071,0.6899131782855071,0.6899131782855071,0.6899131782855071,0.4334069675639441,0.4334069675639441,0.4334069675639441,0.4334069675639441,0.656261474465154,0.656261474465154,0.656261474465154,0.656261474465154
song_0349520b5c7c2e4422a70fce1d2df78432df63f0a6e704fa01bbfef8e34ebe24,success,bart,classifier-panel-v1,213,1,1010,169,169,cbb2bb46e4369fefdab5d656dd36e415101920c937e3922faaa497bbb44604e7,cbb2bb46e4369fefdab5d656dd36e415101920c937e3922faaa497bbb44604e7,0.572644929298943,0.572644929298943,0.572644929298943,0.572644929298943,0.9539869861733452,0.9539869861733452,0.9539869861733452,0.9539869861733452,0.9954706287425035,0.9954706287425035,0.9954706287425035,0.9954706287425035,0.5293052704960401,0.5293052704960401,0.5293052704960401,0.5293052704960401,0.5145693442249557,0.5145693442249557,0.5145693442249557,0.5145693442249557,0.880652151757016,0.880652151757016,0.880652151757016,0.880652151757016,0.9752831332552026,0.9752831332552026,0.9752831332552026,0.9752831332552026,0.9398598681988279,0.9398598681988279,0.9398598681988279,0.9398598681988279,0.9984779263100534,0.9984779263100534,0.9984779263100534,0.9984779263100534,0.5497218163499372,0.5497218163499372,0.5497218163499372,0.5497218163499372,0.43621445679676024,0.43621445679676024,0.43621445679676024,0.43621445679676024,0.8893358331788863,0.8893358331788863,0.8893358331788863,0.8893358331788863,0.9923089850311978,0.9923089850311978,0.9923089850311978,0.9923089850311978,0.8809007357902345,0.8809007357902345,0.8809007357902345,0.8809007357902345,0.46441334270230195,0.46441334270230195,0.46441334270230195,0.46441334270230195,0.17967189114170892,0.17967189114170892,0.17967189114170892,0.17967189114170892,0.20422584444150801,0.20422584444150801,0.20422584444150801,0.20422584444150801
song_b32a265f2ff03acfa08f045465ca51a6fb31e221f2824a03ef7c5889cee866af,success,bart,classifier-panel-v1,178,1,1010,132,132,e9662c513697a8ff6a505aa8d0aaa5a7a41275ba9049efc772945a694373b4ee,e9662c513697a8ff6a505aa8d0aaa5a7a41275ba9049efc772945a694373b4ee,0.21591066648480747,0.21591066648480747,0.21591066648480747,0.21591066648480747,0.07037674279491636,0.07037674279491636,0.07037674279491636,0.07037674279491636,0.8294809247328289,0.8294809247328289,0.8294809247328289,0.8294809247328289,0.1444939685925186,0.1444939685925186,0.1444939685925186,0.1444939685925186,0.812983278238003,0.812983278238003,0.812983278238003,0.812983278238003,0.7693053595693765,0.7693053595693765,0.7693053595693765,0.7693053595693765,0.7256578836219348,0.7256578836219348,0.7256578836219348,0.7256578836219348,0.4532768996638409,0.4532768996638409,0.4532768996638409,0.4532768996638409,0.8324892793595644,0.8324892793595644,0.8324892793595644,0.8324892793595644,0.0811809945748845,0.0811809945748845,0.0811809945748845,0.0811809945748845,0.21037667839769025,0.21037667839769025,0.21037667839769025,0.21037667839769025,0.3812302942556209,0.3812302942556209,0.3812302942556209,0.3812302942556209,0.9263491143531016,0.9263491143531016,0.9263491143531016,0.9263491143531016,0.7073759792404859,0.7073759792404859,0.7073759792404859,0.7073759792404859,0.9307705345555304,0.9307705345555304,0.9307705345555304,0.9307705345555304,0.07499570216648153,0.07499570216648153,0.07499570216648153,0.07499570216648153,0.07954423928152438,0.07954423928152438,0.07954423928152438,0.07954423928152438
song_35ce7e7873a409ae1706d3313a3b256be8827fa7b204440d044e01006d777cb8,success,bart,classifier-panel-v1,184,1,1010,139,139,9f0ce0233b2ed90bc98a08adb36a6aa9575b95c4c7e60b47a9ba487e5264f61f,9f0ce0233b2ed90bc98a08adb36a6aa9575b95c4c7e60b47a9ba487e5264f61f,0.3343802469840189,0.3343802469840189,0.3343802469840189,0.3343802469840189,0.4465882377009168,0.4465882377009168,0.4465882377009168,0.4465882377009168,0.9787588442951489,0.9787588442951489,0.9787588442951489,0.9787588442951489,0.30900483054221906,0.30900483054221906,0.30900483054221906,0.30900483054221906,0.3804648345280255,0.3804648345280255,0.3804648345280255,0.3804648345280255,0.654583601498762,0.654583601498762,0.654583601498762,0.654583601498762,0.8587349295488156,0.8587349295488156,0.8587349295488156,0.8587349295488156,0.7834296428764159,0.7834296428764159,0.7834296428764159,0.7834296428764159,0.9844910929625864,0.9844910929625864,0.9844910929625864,0.9844910929625864,0.5754565693860775,0.5754565693860775,0.5754565693860775,0.5754565693860775,0.4529538324007977,0.4529538324007977,0.4529538324007977,0.4529538324007977,0.7515347540363467,0.7515347540363467,0.7515347540363467,0.7515347540363467,0.9754945922409198,0.9754945922409198,0.9754945922409198,0.9754945922409198,0.8010504559436155,0.8010504559436155,0.8010504559436155,0.8010504559436155,0.37001239954937803,0.37001239954937803,0.37001239954937803,0.37001239954937803,0.1709998565570721,0.1709998565570721,0.1709998565570721,0.1709998565570721,0.14290915374402433,0.14290915374402433,0.14290915374402433,0.14290915374402433
song_4a225ece50c775ee4f1d96ae38d401c088742b3f1525d0467f18be399a7233b9,success,bart,classifier-panel-v1,207,1,1010,175,175,4c5c8b4307b1ff5c1ab7043c183cbe434898fba88ed264b25b54bc610bc34d50,4c5c8b4307b1ff5c1ab7043c183cbe434898fba88ed264b25b54bc610bc34d50,0.5752348509572509,0.5752348509572509,0.5752348509572509,0.5752348509572509,0.23793019422046152,0.23793019422046152,0.23793019422046152,0.23793019422046152,0.967778312686056,0.967778312686056,0.967778312686056,0.967778312686056,0.3696976993679997,0.3696976993679997,0.3696976993679997,0.3696976993679997,0.8376676166760855,0.8376676166760855,0.8376676166760855,0.8376676166760855,0.9711857164286952,0.9711857164286952,0.9711857164286952,0.9711857164286952,0.9663318452491791,0.9663318452491791,0.9663318452491791,0.9663318452491791,0.9073427433207375,0.9073427433207375,0.9073427433207375,0.9073427433207375,0.9895862303597613,0.9895862303597613,0.9895862303597613,0.9895862303597613,0.7098037702832637,0.7098037702832637,0.7098037702832637,0.7098037702832637,0.521172937503538,0.521172937503538,0.521172937503538,0.521172937503538,0.7860711990499942,0.7860711990499942,0.7860711990499942,0.7860711990499942,0.9631675623974193,0.9631675623974193,0.9631675623974193,0.9631675623974193,0.8249904631213338,0.8249904631213338,0.8249904631213338,0.8249904631213338,0.5202505171674111,0.5202505171674111,0.5202505171674111,0.5202505171674111,0.3519168103541592,0.3519168103541592,0.3519168103541592,0.3519168103541592,0.3227564561324256,0.3227564561324256,0.3227564561324256,0.3227564561324256
song_6dc4b05872cf526300be88208f4fd48cdc16f207b865ca7c05fd42fcada13675,success,bart,classifier-panel-v1,158,1,1010,119,119,1745409b22da4b50895ff3d70ff22ba4939aadcbf6f1648fb684eb3adf0a8ae4,1745409b22da4b50895ff3d70ff22ba4939aadcbf6f1648fb684eb3adf0a8ae4,0.14730634350300376,0.14730634350300376,0.14730634350300376,0.14730634350300376,0.017032475216747438,0.017032475216747438,0.017032475216747438,0.017032475216747438,0.520753270061,0.520753270061,0.520753270061,0.520753270061,0.041378980253836496,0.041378980253836496,0.041378980253836496,0.041378980253836496,0.9370104677624111,0.9370104677624111,0.9370104677624111,0.9370104677624111,0.5956196149218533,0.5956196149218533,0.5956196149218533,0.5956196149218533,0.9500208343717232,0.9500208343717232,0.9500208343717232,0.9500208343717232,0.13295891143484226,0.13295891143484226,0.13295891143484226,0.13295891143484226,0.40551234580521345,0.40551234580521345,0.40551234580521345,0.40551234580521345,0.03768863596054319,0.03768863596054319,0.03768863596054319,0.03768863596054319,0.004757705474476195,0.004757705474476195,0.004757705474476195,0.004757705474476195,0.16357855470477,0.16357855470477,0.16357855470477,0.16357855470477,0.9001388347918511,0.9001388347918511,0.9001388347918511,0.9001388347918511,0.15732791368157548,0.15732791368157548,0.15732791368157548,0.15732791368157548,0.030569060717508607,0.030569060717508607,0.030569060717508607,0.030569060717508607,0.023367509924467438,0.023367509924467438,0.023367509924467438,0.023367509924467438,0.13787567779817125,0.13787567779817125,0.13787567779817125,0.13787567779817125
song_d92c03539e450a03b3a9eb1ff232dcc47d451ed2498faa25e75f78acef87bd6a,success,bart,classifier-panel-v1,333,1,1010,250,250,152ce1a026597c57bcd869105f3b6a2dded5f3a84d03b5639f2ca42c79323f0e,152ce1a026597c57bcd869105f3b6a2dded5f3a84d03b5639f2ca42c79323f0e,0.7477554767585377,0.7477554767585377,0.7477554767585377,0.7477554767585377,0.7439482755642793,0.7439482755642793,0.7439482755642793,0.7439482755642793,0.9703390210485565,0.9703390210485565,0.9703390210485565,0.9703390210485565,0.7118652225366245,0.7118652225366245,0.7118652225366245,0.7118652225366245,0.9365857797752949,0.9365857797752949,0.9365857797752949,0.9365857797752949,0.9602294672754177,0.9602294672754177,0.9602294672754177,0.9602294672754177,0.9307783922750617,0.9307783922750617,0.9307783922750617,0.9307783922750617,0.9774916876778897,0.9774916876778897,0.9774916876778897,0.9774916876778897,0.9904913160417398,0.9904913160417398,0.9904913160417398,0.9904913160417398,0.7682926036699839,0.7682926036699839,0.7682926036699839,0.7682926036699839,0.8818895070808609,0.8818895070808609,0.8818895070808609,0.8818895070808609,0.9143422823327895,0.9143422823327895,0.9143422823327895,0.9143422823327895,0.8874797305609312,0.8874797305609312,0.8874797305609312,0.8874797305609312,0.9151919506402821,0.9151919506402821,0.9151919506402821,0.9151919506402821,0.8029224630587417,0.8029224630587417,0.8029224630587417,0.8029224630587417,0.5252982531696755,0.5252982531696755,0.5252982531696755,0.5252982531696755,0.6991152297326201,0.6991152297326201,0.6991152297326201,0.6991152297326201
song_cc1c2453fb7685b97a44a7e916f797bdff9a23a8b50beb09f843aa71a8ee5564,success,bart,classifier-panel-v1,187,1,1010,135,135,83de0d9c00980134a7371c65eb399f5bd1590355c988c57dacaa18306b61d011,83de0d9c00980134a7371c65eb399f5bd1590355c988c57dacaa18306b61d011,0.36768194836717166,0.36768194836717166,0.36768194836717166,0.36768194836717166,0.1841725658639438,0.1841725658639438,0.1841725658639438,0.1841725658639438,0.40919639928026624,0.40919639928026624,0.40919639928026624,0.40919639928026624,0.25840503338799914,0.25840503338799914,0.25840503338799914,0.25840503338799914,0.9837067034206993,0.9837067034206993,0.9837067034206993,0.9837067034206993,0.7578176247663402,0.7578176247663402,0.7578176247663402,0.7578176247663402,0.8751182642448854,0.8751182642448854,0.8751182642448854,0.8751182642448854,0.9779952491636539,0.9779952491636539,0.9779952491636539,0.9779952491636539,0.4880331366389023,0.4880331366389023,0.4880331366389023,0.4880331366389023,0.2384673748527589,0.2384673748527589,0.2384673748527589,0.2384673748527589,0.716442676249788,0.716442676249788,0.716442676249788,0.716442676249788,0.561256946818637,0.561256946818637,0.561256946818637,0.561256946818637,0.7799404241005025,0.7799404241005025,0.7799404241005025,0.7799404241005025,0.5642018332429917,0.5642018332429917,0.5642018332429917,0.5642018332429917,0.6399946367633429,0.6399946367633429,0.6399946367633429,0.6399946367633429,0.2255608534031289,0.2255608534031289,0.2255608534031289,0.2255608534031289,0.13201899062961173,0.13201899062961173,0.13201899062961173,0.13201899062961173
song_4eedaac548f0db66c979575510092e16f414750629bddb6217182d6a43faa1ca,success,bart,classifier-panel-v1,336,1,1010,204,204,8b3bd11dbf5586187b37ac05c14b7319ad82d1bb57ec7271a74f74d1c7cde9fa,8b3bd11dbf5586187b37ac05c14b7319ad82d1bb57ec7271a74f74d1c7cde9fa,0.8508006285864789,0.8508006285864789,0.8508006285864789,0.8508006285864789,0.9038902099205461,0.9038902099205461,0.9038902099205461,0.9038902099205461,0.969881232943478,0.969881232943478,0.969881232943478,0.969881232943478,0.7987583811031831,0.7987583811031831,0.7987583811031831,0.7987583811031831,0.981992869906194,0.981992869906194,0.981992869906194,0.981992869906194,0.9893184081575013,0.9893184081575013,0.9893184081575013,0.9893184081575013,0.9931474774559957,0.9931474774559957,0.9931474774559957,0.9931474774559957,0.9546984781263705,0.9546984781263705,0.9546984781263705,0.9546984781263705,0.9966578334099168,0.9966578334099168,0.9966578334099168,0.9966578334099168,0.8817955984371851,0.8817955984371851,0.8817955984371851,0.8817955984371851,0.7244178285941167,0.7244178285941167,0.7244178285941167,0.7244178285941167,0.8437918669152533,0.8437918669152533,0.8437918669152533,0.8437918669152533,0.9941731028870952,0.9941731028870952,0.9941731028870952,0.9941731028870952,0.9830246026002009,0.9830246026002009,0.9830246026002009,0.9830246026002009,0.7212311258372665,0.7212311258372665,0.7212311258372665,0.7212311258372665,0.5455533178250163,0.5455533178250163,0.5455533178250163,0.5455533178250163,0.9871488920040374,0.9871488920040374,0.9871488920040374,0.9871488920040374
song_117729f1bc413e31e8149049b7309c6ccf166f72419ae410a62c847ad8a70059,success,bart,classifier-panel-v1,144,1,1010,110,110,825de1ff69e1292c55dbe6f39a4300c80ca70f5b14e9e5f1b4ef46b743b49132,825de1ff69e1292c55dbe6f39a4300c80ca70f5b14e9e5f1b4ef46b743b49132,0.29374663166824133,0.29374663166824133,0.29374663166824133,0.29374663166824133,0.3952806054690942,0.3952806054690942,0.3952806054690942,0.3952806054690942,0.9290736896385847,0.9290736896385847,0.9290736896385847,0.9290736896385847,0.19105771619537745,0.19105771619537745,0.19105771619537745,0.19105771619537745,0.5389076043723724,0.5389076043723724,0.5389076043723724,0.5389076043723724,0.9718839298334612,0.9718839298334612,0.9718839298334612,0.9718839298334612,0.9412528405349293,0.9412528405349293,0.9412528405349293,0.9412528405349293,0.9825185158548378,0.9825185158548378,0.9825185158548378,0.9825185158548378,0.9953343425697673,0.9953343425697673,0.9953343425697673,0.9953343425697673,0.2672703025737758,0.2672703025737758,0.2672703025737758,0.2672703025737758,0.6803163669932903,0.6803163669932903,0.6803163669932903,0.6803163669932903,0.6278737747108617,0.6278737747108617,0.6278737747108617,0.6278737747108617,0.9487675872673962,0.9487675872673962,0.9487675872673962,0.9487675872673962,0.6616590722908087,0.6616590722908087,0.6616590722908087,0.6616590722908087,0.5246228393742642,0.5246228393742642,0.5246228393742642,0.5246228393742642,0.17070028566466325,0.17070028566466325,0.17070028566466325,0.17070028566466325,0.17785385135229445,0.17785385135229445,0.17785385135229445,0.17785385135229445
song_7581bf1aa60711a8fb70d6f74beab7986e56b266a494f31317d281a2e6fbe93c,success,bart,classifier-panel-v1,331,1,1010,250,250,a0796e30d5fb31111df8aef52a5ef24693e78e95236c0f9a43b7bfb6f111c6be,a0796e30d5fb31111df8aef52a5ef24693e78e95236c0f9a43b7bfb6f111c6be,0.4548290465790732,0.4548290465790732,0.4548290465790732,0.4548290465790732,0.27555521442459713,0.27555521442459713,0.27555521442459713,0.27555521442459713,0.7686794691057965,0.7686794691057965,0.7686794691057965,0.7686794691057965,0.26423138138480956,0.26423138138480956,0.26423138138480956,0.26423138138480956,0.9451830555684648,0.9451830555684648,0.9451830555684648,0.9451830555684648,0.9833541017579213,0.9833541017579213,0.9833541017579213,0.9833541017579213,0.9864438076096896,0.9864438076096896,0.9864438076096896,0.9864438076096896,0.5699041520597815,0.5699041520597815,0.5699041520597815,0.5699041520597815,0.8697355148164222,0.8697355148164222,0.8697355148164222,0.8697355148164222,0.8328900892121993,0.8328900892121993,0.8328900892121993,0.8328900892121993,0.6168258126732081,0.6168258126732081,0.6168258126732081,0.6168258126732081,0.4977416400705504,0.4977416400705504,0.4977416400705504,0.4977416400705504,0.9898393765879094,0.9898393765879094,0.9898393765879094,0.9898393765879094,0.6547023430598768,0.6547023430598768,0.6547023430598768,0.6547023430598768,0.5529874377746049,0.5529874377746049,0.5529874377746049,0.5529874377746049,0.23963428247391963,0.23963428247391963,0.23963428247391963,0.23963428247391963,0.6747003023653475,0.6747003023653475,0.6747003023653475,0.6747003023653475
song_f0dabdf8d0646ea373fbd165249ce5d26b1ba2c6e4a65f1214d7cc750388072a,success,bart,classifier-panel-v1,376,1,1010,274,274,2766765510614aa30650d66b8f2206fb8d191b69f8cda9ac00f6c4a80a938cbe,2766765510614aa30650d66b8f2206fb8d191b69f8cda9ac00f6c4a80a938cbe,0.21115308231319022,0.21115308231319022,0.21115308231319022,0.21115308231319022,0.11169099232718414,0.11169099232718414,0.11169099232718414,0.11169099232718414,0.8888700323815198,0.8888700323815198,0.8888700323815198,0.8888700323815198,0.1538356537828987,0.1538356537828987,0.1538356537828987,0.1538356537828987,0.5080389605045752,0.5080389605045752,0.5080389605045752,0.5080389605045752,0.7009303210231702,0.7009303210231702,0.7009303210231702,0.7009303210231702,0.691712345947389,0.691712345947389,0.691712345947389,0.691712345947389,0.47011928771646605,0.47011928771646605,0.47011928771646605,0.47011928771646605,0.9656760041248225,0.9656760041248225,0.9656760041248225,0.9656760041248225,0.18748195548892166,0.18748195548892166,0.18748195548892166,0.18748195548892166,0.2276225218792867,0.2276225218792867,0.2276225218792867,0.2276225218792867,0.2610374015674358,0.2610374015674358,0.2610374015674358,0.2610374015674358,0.8547896824133471,0.8547896824133471,0.8547896824133471,0.8547896824133471,0.3524973138589135,0.3524973138589135,0.3524973138589135,0.3524973138589135,0.5760128504477309,0.5760128504477309,0.5760128504477309,0.5760128504477309,0.07393177441115607,0.07393177441115607,0.07393177441115607,0.07393177441115607,0.2440685803688036,0.2440685803688036,0.2440685803688036,0.2440685803688036
song_69477b76eb9ee69138b17fdc61df826efb06f1ca55a3f48049c74e8cc538def8,success,bart,classifier-panel-v1,215,1,1010,162,162,e0c07550ff04fc13c919034ade0e357174056225f73ed8cfad2cb13c41d49142,e0c07550ff04fc13c919034ade0e357174056225f73ed8cfad2cb13c41d49142,0.5150224341259145,0.5150224341259145,0.5150224341259145,0.5150224341259145,0.5126446490047586,0.5126446490047586,0.5126446490047586,0.5126446490047586,0.9654615502103558,0.9654615502103558,0.9654615502103558,0.9654615502103558,0.3097530762995636,0.3097530762995636,0.3097530762995636,0.3097530762995636,0.8558002170350075,0.8558002170350075,0.8558002170350075,0.8558002170350075,0.8215819710655373,0.8215819710655373,0.8215819710655373,0.8215819710655373,0.9545278304049936,0.9545278304049936,0.9545278304049936,0.9545278304049936,0.48363165045377526,0.48363165045377526,0.48363165045377526,0.48363165045377526,0.9791633859995296,0.9791633859995296,0.9791633859995296,0.9791633859995296,0.47216018010824157,0.47216018010824157,0.47216018010824157,0.47216018010824157,0.6207526980977617,0.6207526980977617,0.6207526980977617,0.6207526980977617,0.8303941290419864,0.8303941290419864,0.8303941290419864,0.8303941290419864,0.9857830016629634,0.9857830016629634,0.9857830016629634,0.9857830016629634,0.9731887450098772,0.9731887450098772,0.9731887450098772,0.9731887450098772,0.5032175633214679,0.5032175633214679,0.5032175633214679,0.5032175633214679,0.15870082735221777,0.15870082735221777,0.15870082735221777,0.15870082735221777,0.16052604787395727,0.16052604787395727,0.16052604787395727,0.16052604787395727
song_a7772f327e3a3cfafd258cd3b2e22efc03d987310de5204015249aca809adaf3,success,bart,classifier-panel-v1,349,1,1010,249,249,53bb45516cd0e7f92861dcbb4bfb89e0d635ea8b7e250fa69520955b77a595e4,53bb45516cd0e7f92861dcbb4bfb89e0d635ea8b7e250fa69520955b77a595e4,0.37028936429496945,0.37028936429496945,0.37028936429496945,0.37028936429496945,0.13014087174209132,0.13014087174209132,0.13014087174209132,0.13014087174209132,0.9651255916117258,0.9651255916117258,0.9651255916117258,0.9651255916117258,0.33221583785367276,0.33221583785367276,0.33221583785367276,0.33221583785367276,0.7994707808911466,0.7994707808911466,0.7994707808911466,0.7994707808911466,0.7521167877506705,0.7521167877506705,0.7521167877506705,0.7521167877506705,0.9571246659745278,0.9571246659745278,0.9571246659745278,0.9571246659745278,0.5114483490225288,0.5114483490225288,0.5114483490225288,0.5114483490225288,0.8311640517618447,0.8311640517618447,0.8311640517618447,0.8311640517618447,0.3761702940241743,0.3761702940241743,0.3761702940241743,0.3761702940241743,0.5151239081365969,0.5151239081365969,0.5151239081365969,0.5151239081365969,0.5493331045157186,0.5493331045157186,0.5493331045157186,0.5493331045157186,0.7250633409494971,0.7250633409494971,0.7250633409494971,0.7250633409494971,0.6286954312026637,0.6286954312026637,0.6286954312026637,0.6286954312026637,0.37623831619802717,0.37623831619802717,0.37623831619802717,0.37623831619802717,0.12172405575865541,0.12172405575865541,0.12172405575865541,0.12172405575865541,0.1850690862659505,0.1850690862659505,0.1850690862659505,0.1850690862659505
song_571748d27a47d85d6ce1e162616d66466aaeb086241c317ad91ded6a69bfaec8,success,bart,classifier-panel-v1,459,1,1010,246,246,7a532e10de9506b512e50d7cfcd4665ba64a8825630e9ff053b21144a99ae1be,7a532e10de9506b512e50d7cfcd4665ba64a8825630e9ff053b21144a99ae1be,0.8638007284293447,0.8638007284293447,0.8638007284293447,0.8638007284293447,0.7509711214723771,0.7509711214723771,0.7509711214723771,0.7509711214723771,0.9877757015336531,0.9877757015336531,0.9877757015336531,0.9877757015336531,0.8104916847612843,0.8104916847612843,0.8104916847612843,0.8104916847612843,0.8019901866211497,0.8019901866211497,0.8019901866211497,0.8019901866211497,0.9589029664312845,0.9589029664312845,0.9589029664312845,0.9589029664312845,0.9677432395705908,0.9677432395705908,0.9677432395705908,0.9677432395705908,0.5667495008922178,0.5667495008922178,0.5667495008922178,0.5667495008922178,0.9557082021027085,0.9557082021027085,0.9557082021027085,0.9557082021027085,0.9760256329582294,0.9760256329582294,0.9760256329582294,0.9760256329582294,0.8194884986783629,0.8194884986783629,0.8194884986783629,0.8194884986783629,0.9852287380951311,0.9852287380951311,0.9852287380951311,0.9852287380951311,0.9788548659469058,0.9788548659469058,0.9788548659469058,0.9788548659469058,0.9768599690477494,0.9768599690477494,0.9768599690477494,0.9768599690477494,0.4771117083694622,0.4771117083694622,0.4771117083694622,0.4771117083694622,0.6276281474712807,0.6276281474712807,0.6276281474712807,0.6276281474712807,0.4290046693509277,0.4290046693509277,0.4290046693509277,0.4290046693509277
song_38ab85ef42919e3470a0bba519d88e130e73773df3fe01aec967b66c83a71a6d,success,bart,classifier-panel-v1,355,1,1010,262,262,d95423001a1c9cc0e871bda766f2b7b1b7b8734a286da1153a8ef3e19bfc308e,d95423001a1c9cc0e871bda766f2b7b1b7b8734a286da1153a8ef3e19bfc308e,0.45881776668708063,0.45881776668708063,0.45881776668708063,0.45881776668708063,0.382255512751852,0.382255512751852,0.382255512751852,0.382255512751852,0.989416177476015,0.989416177476015,0.989416177476015,0.989416177476015,0.2975855809101404,0.2975855809101404,0.2975855809101404,0.2975855809101404,0.7642352707892811,0.7642352707892811,0.7642352707892811,0.7642352707892811,0.9910256234411762,0.9910256234411762,0.9910256234411762,0.9910256234411762,0.9594844625712131,0.9594844625712131,0.9594844625712131,0.9594844625712131,0.9953315527297287,0.9953315527297287,0.9953315527297287,0.9953315527297287,0.997508431561144,0.997508431561144,0.997508431561144,0.997508431561144,0.33008380387879543,0.33008380387879543,0.33008380387879543,0.33008380387879543,0.6225735400306761,0.6225735400306761,0.6225735400306761,0.6225735400306761,0.6538167183795317,0.6538167183795317,0.6538167183795317,0.6538167183795317,0.9778127488680008,0.9778127488680008,0.9778127488680008,0.9778127488680008,0.7911668075360094,0.7911668075360094,0.7911668075360094,0.7911668075360094,0.6601316090224666,0.6601316090224666,0.6601316090224666,0.6601316090224666,0.32666759753647406,0.32666759753647406,0.32666759753647406,0.32666759753647406,0.6663117661425146,0.6663117661425146,0.6663117661425146,0.6663117661425146
song_c0c862864db358e90588de9f7252a57d2071427842018127b437850496d715fa,success,bart,classifier-panel-v1,164,1,1010,91,91,86d995fb526510b277e7caf020897e995af8c567cfae0b94324efa01013943ab,86d995fb526510b277e7caf020897e995af8c567cfae0b94324efa01013943ab,0.26619261680027767,0.26619261680027767,0.26619261680027767,0.26619261680027767,0.027015565868908006,0.027015565868908006,0.027015565868908006,0.027015565868908006,0.48135894665095225,0.48135894665095225,0.48135894665095225,0.48135894665095225,0.10330168813677208,0.10330168813677208,0.10330168813677208,0.10330168813677208,0.9954900606650486,0.9954900606650486,0.9954900606650486,0.9954900606650486,0.8493469162538169,0.8493469162538169,0.8493469162538169,0.8493469162538169,0.9444625954610579,0.9444625954610579,0.9444625954610579,0.9444625954610579,0.052897463897592645,0.052897463897592645,0.052897463897592645,0.052897463897592645,0.21280006149009825,0.21280006149009825,0.21280006149009825,0.21280006149009825,0.05129012754832253,0.05129012754832253,0.05129012754832253,0.05129012754832253,0.16973024954819732,0.16973024954819732,0.16973024954819732,0.16973024954819732,0.5755608575694426,0.5755608575694426,0.5755608575694426,0.5755608575694426,0.580122121370764,0.580122121370764,0.580122121370764,0.580122121370764,0.4145428973688639,0.4145428973688639,0.4145428973688639,0.4145428973688639,0.9990387042166233,0.9990387042166233,0.9990387042166233,0.9990387042166233,0.10368263490985824,0.10368263490985824,0.10368263490985824,0.10368263490985824,0.06588024262371002,0.06588024262371002,0.06588024262371002,0.06588024262371002
song_cf6aea8f1076b117bb1b0f6699facf83cd915c937f0d9375348ac11f8981b63b,success,bart,classifier-panel-v1,346,1,1010,259,259,f8bd778c80dabff00770f6b8d788020c2964bec778afe7a8bd42c9e57a2556ab,f8bd778c80dabff00770f6b8d788020c2964bec778afe7a8bd42c9e57a2556ab,0.505387812920882,0.505387812920882,0.505387812920882,0.505387812920882,0.39911508683736346,0.39911508683736346,0.39911508683736346,0.39911508683736346,0.9310235629104747,0.9310235629104747,0.9310235629104747,0.9310235629104747,0.22632222559258658,0.22632222559258658,0.22632222559258658,0.22632222559258658,0.9888994608458661,0.9888994608458661,0.9888994608458661,0.9888994608458661,0.9983285353617423,0.9983285353617423,0.9983285353617423,0.9983285353617423,0.9781846196113332,0.9781846196113332,0.9781846196113332,0.9781846196113332,0.9966843730766236,0.9966843730766236,0.9966843730766236,0.9966843730766236,0.9695423056005942,0.9695423056005942,0.9695423056005942,0.9695423056005942,0.2751644475608921,0.2751644475608921,0.2751644475608921,0.2751644475608921,0.9427591188902059,0.9427591188902059,0.9427591188902059,0.9427591188902059,0.5144912387506836,0.5144912387506836,0.5144912387506836,0.5144912387506836,0.8938665527737747,0.8938665527737747,0.8938665527737747,0.8938665527737747,0.5290890791081942,0.5290890791081942,0.5290890791081942,0.5290890791081942,0.8707510897634299,0.8707510897634299,0.8707510897634299,0.8707510897634299,0.9412683457988502,0.9412683457988502,0.9412683457988502,0.9412683457988502,0.3078696335519398,0.3078696335519398,0.3078696335519398,0.3078696335519398
song_4193018621671b33686f0f4a8f71a8dce155ed2550680eadcf1af84134cfd4ad,success,bart,classifier-panel-v1,280,1,1010,211,211,5e7995f8030049686d1418bc1627d2a606166e98d8c2cb17339bb0288da08cf1,5e7995f8030049686d1418bc1627d2a606166e98d8c2cb17339bb0288da08cf1,0.39348800259709776,0.39348800259709776,0.39348800259709776,0.39348800259709776,0.8345927276494182,0.8345927276494182,0.8345927276494182,0.8345927276494182,0.9317394371797568,0.9317394371797568,0.9317394371797568,0.9317394371797568,0.2589713474222967,0.2589713474222967,0.2589713474222967,0.2589713474222967,0.9635316140005328,0.9635316140005328,0.9635316140005328,0.9635316140005328,0.8876149832068392,0.8876149832068392,0.8876149832068392,0.8876149832068392,0.9651746756921902,0.9651746756921902,0.9651746756921902,0.9651746756921902,0.864220033488568,0.864220033488568,0.864220033488568,0.864220033488568,0.99683248030966,0.99683248030966,0.99683248030966,0.99683248030966,0.8474183501120656,0.8474183501120656,0.8474183501120656,0.8474183501120656,0.3046501412082882,0.3046501412082882,0.3046501412082882,0.3046501412082882,0.678460083186308,0.678460083186308,0.678460083186308,0.678460083186308,0.9403281087338631,0.9403281087338631,0.9403281087338631,0.9403281087338631,0.6766158817647451,0.6766158817647451,0.6766158817647451,0.6766158817647451,0.26071560433062235,0.26071560433062235,0.26071560433062235,0.26071560433062235,0.22130771847059877,0.22130771847059877,0.22130771847059877,0.22130771847059877,0.3028889352817544,0.3028889352817544,0.3028889352817544,0.3028889352817544
song_be7eac0fa653c7531ff79984dc290b805f805913ea19ea18c4e8bb0a26a7930b,success,bart,classifier-panel-v1,315,1,1010,207,207,dfacfa55b032a85644f299106732c3c6a755de658c3afdd8dbc49c4498068ffb,dfacfa55b032a85644f299106732c3c6a755de658c3afdd8dbc49c4498068ffb,0.8053079576972354,0.8053079576972354,0.8053079576972354,0.8053079576972354,0.1924918345082248,0.1924918345082248,0.1924918345082248,0.1924918345082248,0.9048937731150258,0.9048937731150258,0.9048937731150258,0.9048937731150258,0.749943980482509,0.749943980482509,0.749943980482509,0.749943980482509,0.983907774432774,0.983907774432774,0.983907774432774,0.983907774432774,0.9703761303824755,0.9703761303824755,0.9703761303824755,0.9703761303824755,0.9904052695528784,0.9904052695528784,0.9904052695528784,0.9904052695528784,0.7373677707424939,0.7373677707424939,0.7373677707424939,0.7373677707424939,0.9806491419804194,0.9806491419804194,0.9806491419804194,0.9806491419804194,0.7581411684487703,0.7581411684487703,0.7581411684487703,0.7581411684487703,0.4407273039132218,0.4407273039132218,0.4407273039132218,0.4407273039132218,0.7615078746303181,0.7615078746303181,0.7615078746303181,0.7615078746303181,0.9933059950821861,0.9933059950821861,0.9933059950821861,0.9933059950821861,0.8851362848042978,0.8851362848042978,0.8851362848042978,0.8851362848042978,0.601689271480453,0.601689271480453,0.601689271480453,0.601689271480453,0.2224441857928837,0.2224441857928837,0.2224441857928837,0.2224441857928837,0.2619148109402231,0.2619148109402231,0.2619148109402231,0.2619148109402231
song_70c1dfe984e3e546f3fbcec256b41023637c8fd480ba3adfb34647894f32f4f0,success,bart,classifier-panel-v1,139,1,1010,106,106,90eba220c121668d69b0b6f2e5b6d2e759500d9ce5f204186facbed266ef1719,90eba220c121668d69b0b6f2e5b6d2e759500d9ce5f204186facbed266ef1719,0.5457004679412243,0.5457004679412243,0.5457004679412243,0.5457004679412243,0.1611937494098612,0.1611937494098612,0.1611937494098612,0.1611937494098612,0.7585864707715476,0.7585864707715476,0.7585864707715476,0.7585864707715476,0.26650626394159105,0.26650626394159105,0.26650626394159105,0.26650626394159105,0.9756426685290259,0.9756426685290259,0.9756426685290259,0.9756426685290259,0.9880291375170802,0.9880291375170802,0.9880291375170802,0.9880291375170802,0.9904988220256064,0.9904988220256064,0.9904988220256064,0.9904988220256064,0.9029338157972482,0.9029338157972482,0.9029338157972482,0.9029338157972482,0.9914835145583049,0.9914835145583049,0.9914835145583049,0.9914835145583049,0.1447135868008722,0.1447135868008722,0.1447135868008722,0.1447135868008722,0.614409311771032,0.614409311771032,0.614409311771032,0.614409311771032,0.4994691463319327,0.4994691463319327,0.4994691463319327,0.4994691463319327,0.997196732005875,0.997196732005875,0.997196732005875,0.997196732005875,0.839977138728,0.839977138728,0.839977138728,0.839977138728,0.6374785058316687,0.6374785058316687,0.6374785058316687,0.6374785058316687,0.12911003852414915,0.12911003852414915,0.12911003852414915,0.12911003852414915,0.3210162232811822,0.3210162232811822,0.3210162232811822,0.3210162232811822
song_95608ea2e15a20489c14c3226405cb9cf2ea0862cd77e786705f890b46a97925,success,bart,classifier-panel-v1,169,1,1010,117,117,2428729cef323a9fcc2f0023871080fdcb29c43383b011e938c6288997538b8a,2428729cef323a9fcc2f0023871080fdcb29c43383b011e938c6288997538b8a,0.3218622844391695,0.3218622844391695,0.3218622844391695,0.3218622844391695,0.06689364068849898,0.06689364068849898,0.06689364068849898,0.06689364068849898,0.6611402574211648,0.6611402574211648,0.6611402574211648,0.6611402574211648,0.28231384975959767,0.28231384975959767,0.28231384975959767,0.28231384975959767,0.8359677537085305,0.8359677537085305,0.8359677537085305,0.8359677537085305,0.6263410374865238,0.6263410374865238,0.6263410374865238,0.6263410374865238,0.9127795095361096,0.9127795095361096,0.9127795095361096,0.9127795095361096,0.23526001438101457,0.23526001438101457,0.23526001438101457,0.23526001438101457,0.37625447270617934,0.37625447270617934,0.37625447270617934,0.37625447270617934,0.4571415832850608,0.4571415832850608,0.4571415832850608,0.4571415832850608,0.11085387061596244,0.11085387061596244,0.11085387061596244,0.11085387061596244,0.6765937362169463,0.6765937362169463,0.6765937362169463,0.6765937362169463,0.8978301774190551,0.8978301774190551,0.8978301774190551,0.8978301774190551,0.7763138415662649,0.7763138415662649,0.7763138415662649,0.7763138415662649,0.38767606729319054,0.38767606729319054,0.38767606729319054,0.38767606729319054,0.08717933724977771,0.08717933724977771,0.08717933724977771,0.08717933724977771,0.014523938146858179,0.014523938146858179,0.014523938146858179,0.014523938146858179
song_9072c5ee05fedc84220a23ef4901f2e73eedea66b912cb96f14d1a9a3fbe167a,success,bart,classifier-panel-v1,343,1,1010,204,204,d88b20e14bfc6848a024cc519fbdc8f28d4ca2264a17f2b9cfadef527eeaaa56,d88b20e14bfc6848a024cc519fbdc8f28d4ca2264a17f2b9cfadef527eeaaa56,0.6183613300283647,0.6183613300283647,0.6183613300283647,0.6183613300283647,0.33869482693755254,0.33869482693755254,0.33869482693755254,0.33869482693755254,0.9641768041223885,0.9641768041223885,0.9641768041223885,0.9641768041223885,0.6711309262634866,0.6711309262634866,0.6711309262634866,0.6711309262634866,0.9928705559071318,0.9928705559071318,0.9928705559071318,0.9928705559071318,0.9051183520625841,0.9051183520625841,0.9051183520625841,0.9051183520625841,0.9553791139333726,0.9553791139333726,0.9553791139333726,0.9553791139333726,0.5209814854751721,0.5209814854751721,0.5209814854751721,0.5209814854751721,0.9857504430641767,0.9857504430641767,0.9857504430641767,0.9857504430641767,0.7889498968588773,0.7889498968588773,0.7889498968588773,0.7889498968588773,0.6725381575077187,0.6725381575077187,0.6725381575077187,0.6725381575077187,0.793063168180047,0.793063168180047,0.793063168180047,0.793063168180047,0.9886698890685657,0.9886698890685657,0.9886698890685657,0.9886698890685657,0.8822069053852256,0.8822069053852256,0.8822069053852256,0.8822069053852256,0.37181113637514057,0.37181113637514057,0.37181113637514057,0.37181113637514057,0.15940088160909546,0.15940088160909546,0.15940088160909546,0.15940088160909546,0.7913470177636182,0.7913470177636182,0.7913470177636182,0.7913470177636182
song_2a783aa21125846631c321e170948f1689071a051714cf6e57c7cfb4ba6c8b89,success,bart,classifier-panel-v1,416,1,1010,252,252,4617af1916d56fb2180a8f53de20c100c72d5d51b2acaff355aef37bb94cb74c,4617af1916d56fb2180a8f53de20c100c72d5d51b2acaff355aef37bb94cb74c,0.26522506382019234,0.26522506382019234,0.26522506382019234,0.26522506382019234,0.021250506081865423,0.021250506081865423,0.021250506081865423,0.021250506081865423,0.6689586147375631,0.6689586147375631,0.6689586147375631,0.6689586147375631,0.11302774666809629,0.11302774666809629,0.11302774666809629,0.11302774666809629,0.9795315316967012,0.9795315316967012,0.9795315316967012,0.9795315316967012,0.9272404633233181,0.9272404633233181,0.9272404633233181,0.9272404633233181,0.9772765730957638,0.9772765730957638,0.9772765730957638,0.9772765730957638,0.08679584543417879,0.08679584543417879,0.08679584543417879,0.08679584543417879,0.5291640597630818,0.5291640597630818,0.5291640597630818,0.5291640597630818,0.7446557621388222,0.7446557621388222,0.7446557621388222,0.7446557621388222,0.26734956535139576,0.26734956535139576,0.26734956535139576,0.26734956535139576,0.4521375606224971,0.4521375606224971,0.4521375606224971,0.4521375606224971,0.9926140863299207,0.9926140863299207,0.9926140863299207,0.9926140863299207,0.8045203023912627,0.8045203023912627,0.8045203023912627,0.8045203023912627,0.7639757287615003,0.7639757287615003,0.7639757287615003,0.7639757287615003,0.08153548892250184,0.08153548892250184,0.08153548892250184,0.08153548892250184,0.23589198706414535,0.23589198706414535,0.23589198706414535,0.23589198706414535
song_bfce50e15f1789f7ca376150665063761fdbef5af253e2d162514a8ae0316025,success,bart,classifier-panel-v1,378,1,1010,270,270,517488f68fecd31ea303b48e5dc09e54b6dec6afe0945445289b1132f96ca1b5,517488f68fecd31ea303b48e5dc09e54b6dec6afe0945445289b1132f96ca1b5,0.3183773280550552,0.3183773280550552,0.3183773280550552,0.3183773280550552,0.05968560847778,0.05968560847778,0.05968560847778,0.05968560847778,0.807367054573753,0.807367054573753,0.807367054573753,0.807367054573753,0.13841470968826375,0.13841470968826375,0.13841470968826375,0.13841470968826375,0.941747819399345,0.941747819399345,0.941747819399345,0.941747819399345,0.8666733910636144,0.8666733910636144,0.8666733910636144,0.8666733910636144,0.9658906699040085,0.9658906699040085,0.9658906699040085,0.9658906699040085,0.7093911649563173,0.7093911649563173,0.7093911649563173,0.7093911649563173,0.6869910627789382,0.6869910627789382,0.6869910627789382,0.6869910627789382,0.21697817119389012,0.21697817119389012,0.21697817119389012,0.21697817119389012,0.47619217811195824,0.47619217811195824,0.47619217811195824,0.47619217811195824,0.35895869762135846,0.35895869762135846,0.35895869762135846,0.35895869762135846,0.5763286284536226,0.5763286284536226,0.5763286284536226,0.5763286284536226,0.3909112981491296,0.3909112981491296,0.3909112981491296,0.3909112981491296,0.5564098479264672,0.5564098479264672,0.5564098479264672,0.5564098479264672,0.06101016457426097,0.06101016457426097,0.06101016457426097,0.06101016457426097,0.20607035576058141,0.20607035576058141,0.20607035576058141,0.20607035576058141
song_21c7c8f7417b94a8c111b2a1c7570396b0e49f3c9f7cbbdd593d6d1c03d738d9,success,bart,classifier-panel-v1,244,1,1010,180,180,46156e8df294a41177a857509efd632b6c5f7f02e9c19ecdd0e030ff57a4f55b,46156e8df294a41177a857509efd632b6c5f7f02e9c19ecdd0e030ff57a4f55b,0.2971621403593397,0.2971621403593397,0.2971621403593397,0.2971621403593397,0.06941618856183412,0.06941618856183412,0.06941618856183412,0.06941618856183412,0.8334558386886903,0.8334558386886903,0.8334558386886903,0.8334558386886903,0.17190510741042292,0.17190510741042292,0.17190510741042292,0.17190510741042292,0.955526109625686,0.955526109625686,0.955526109625686,0.955526109625686,0.8980573481273727,0.8980573481273727,0.8980573481273727,0.8980573481273727,0.9510405583815835,0.9510405583815835,0.9510405583815835,0.9510405583815835,0.6163128638207308,0.6163128638207308,0.6163128638207308,0.6163128638207308,0.8872399660558142,0.8872399660558142,0.8872399660558142,0.8872399660558142,0.2469481156839582,0.2469481156839582,0.2469481156839582,0.2469481156839582,0.2556334103938349,0.2556334103938349,0.2556334103938349,0.2556334103938349,0.4884582402926047,0.4884582402926047,0.4884582402926047,0.4884582402926047,0.9842666896470054,0.9842666896470054,0.9842666896470054,0.9842666896470054,0.6367253866248878,0.6367253866248878,0.6367253866248878,0.6367253866248878,0.5955786704044598,0.5955786704044598,0.5955786704044598,0.5955786704044598,0.05608319728311869,0.05608319728311869,0.05608319728311869,0.05608319728311869,0.14554945386200707,0.14554945386200707,0.14554945386200707,0.14554945386200707
song_f41a534741f51cde1d600b6ee480a6cec27c432d48b34b9d946bd8331f5d2a74,success,bart,classifier-panel-v1,302,1,1010,195,195,c1d5fa184a8663f1edfa9d361b355a812c70ac740c15689f5910f25caa8150f3,c1d5fa184a8663f1edfa9d361b355a812c70ac740c15689f5910f25caa8150f3,0.28180518147290856,0.28180518147290856,0.28180518147290856,0.28180518147290856,0.07833902403406888,0.07833902403406888,0.07833902403406888,0.07833902403406888,0.6840829210874142,0.6840829210874142,0.6840829210874142,0.6840829210874142,0.360920282153897,0.360920282153897,0.360920282153897,0.360920282153897,0.8852625875904954,0.8852625875904954,0.8852625875904954,0.8852625875904954,0.8766227207201712,0.8766227207201712,0.8766227207201712,0.8766227207201712,0.9740765472288695,0.9740765472288695,0.9740765472288695,0.9740765472288695,0.15560095537360702,0.15560095537360702,0.15560095537360702,0.15560095537360702,0.3893369609643854,0.3893369609643854,0.3893369609643854,0.3893369609643854,0.6154547326159486,0.6154547326159486,0.6154547326159486,0.6154547326159486,0.2711355033879123,0.2711355033879123,0.2711355033879123,0.2711355033879123,0.566661860874679,0.566661860874679,0.566661860874679,0.566661860874679,0.9613048223620416,0.9613048223620416,0.9613048223620416,0.9613048223620416,0.5020248928234322,0.5020248928234322,0.5020248928234322,0.5020248928234322,0.8695588031821819,0.8695588031821819,0.8695588031821819,0.8695588031821819,0.04978615848524392,0.04978615848524392,0.04978615848524392,0.04978615848524392,0.06592862265632225,0.06592862265632225,0.06592862265632225,0.06592862265632225
song_cd492e6096df3dd73a9047f8aef5c25a526b7b1384aaafac4f4c0ce7c690f5d1,success,bart,classifier-panel-v1,718,1,1010,427,427,0df6752d4e03b0d94b71fd47709c87ae1f62d41686edd34b56e1d587078ef1c9,0df6752d4e03b0d94b71fd47709c87ae1f62d41686edd34b56e1d587078ef1c9,0.7520328870527082,0.7520328870527082,0.7520328870527082,0.7520328870527082,0.24363502341952484,0.24363502341952484,0.24363502341952484,0.24363502341952484,0.885298717172791,0.885298717172791,0.885298717172791,0.885298717172791,0.6629152240038961,0.6629152240038961,0.6629152240038961,0.6629152240038961,0.9922991421482965,0.9922991421482965,0.9922991421482965,0.9922991421482965,0.9874305453873463,0.9874305453873463,0.9874305453873463,0.9874305453873463,0.9956123423791856,0.9956123423791856,0.9956123423791856,0.9956123423791856,0.6089360791753807,0.6089360791753807,0.6089360791753807,0.6089360791753807,0.9641590700444082,0.9641590700444082,0.9641590700444082,0.9641590700444082,0.35531377312359474,0.35531377312359474,0.35531377312359474,0.35531377312359474,0.6033729966341362,0.6033729966341362,0.6033729966341362,0.6033729966341362,0.7951957080323264,0.7951957080323264,0.7951957080323264,0.7951957080323264,0.9960284017662447,0.9960284017662447,0.9960284017662447,0.9960284017662447,0.8364413387956595,0.8364413387956595,0.8364413387956595,0.8364413387956595,0.37759478757702053,0.37759478757702053,0.37759478757702053,0.37759478757702053,0.6132698313065668,0.6132698313065668,0.6132698313065668,0.6132698313065668,0.3831668617696611,0.3831668617696611,0.3831668617696611,0.3831668617696611
song_23d90431f2ad7d4f8d31fc70fb9bc9aad106a4f8849752e76e878e6e017eb477,success,bart,classifier-panel-v1,208,1,1010,137,137,ef47eec02090cfc129a4b05ce093981cf8f39ced5dabf10c8174f43e0123085b,ef47eec02090cfc129a4b05ce093981cf8f39ced5dabf10c8174f43e0123085b,0.5783807381001034,0.5783807381001034,0.5783807381001034,0.5783807381001034,0.38836127752412597,0.38836127752412597,0.38836127752412597,0.38836127752412597,0.7067101234565177,0.7067101234565177,0.7067101234565177,0.7067101234565177,0.48227931999904955,0.48227931999904955,0.48227931999904955,0.48227931999904955,0.9880568733824294,0.9880568733824294,0.9880568733824294,0.9880568733824294,0.8034030283964912,0.8034030283964912,0.8034030283964912,0.8034030283964912,0.9683928378987093,0.9683928378987093,0.9683928378987093,0.9683928378987093,0.9203653153305711,0.9203653153305711,0.9203653153305711,0.9203653153305711,0.5294766431457321,0.5294766431457321,0.5294766431457321,0.5294766431457321,0.3089835580437712,0.3089835580437712,0.3089835580437712,0.3089835580437712,0.8302917016752007,0.8302917016752007,0.8302917016752007,0.8302917016752007,0.8716793614702751,0.8716793614702751,0.8716793614702751,0.8716793614702751,0.9017657676476782,0.9017657676476782,0.9017657676476782,0.9017657676476782,0.615933967660048,0.615933967660048,0.615933967660048,0.615933967660048,0.24132194844588017,0.24132194844588017,0.24132194844588017,0.24132194844588017,0.12408477846473678,0.12408477846473678,0.12408477846473678,0.12408477846473678,0.4843213605036228,0.4843213605036228,0.4843213605036228,0.4843213605036228
song_a0d2022d699c35704ab0f0e43a6856fcd3fa30930d806529eb228106de34770e,success,bart,classifier-panel-v1,365,1,1010,268,268,bfa8b3b036bba5010406e0ecd48bf0447c52d71f0fcc924d81f328083f2f3476,bfa8b3b036bba5010406e0ecd48bf0447c52d71f0fcc924d81f328083f2f3476,0.6353516639131526,0.6353516639131526,0.6353516639131526,0.6353516639131526,0.24566208418216517,0.24566208418216517,0.24566208418216517,0.24566208418216517,0.9184692290206261,0.9184692290206261,0.9184692290206261,0.9184692290206261,0.3943000147658242,0.3943000147658242,0.3943000147658242,0.3943000147658242,0.9816501750562474,0.9816501750562474,0.9816501750562474,0.9816501750562474,0.9641116663411841,0.9641116663411841,0.9641116663411841,0.9641116663411841,0.9789078609792957,0.9789078609792957,0.9789078609792957,0.9789078609792957,0.8593064991377743,0.8593064991377743,0.8593064991377743,0.8593064991377743,0.9865318987504453,0.9865318987504453,0.9865318987504453,0.9865318987504453,0.628216288990052,0.628216288990052,0.628216288990052,0.628216288990052,0.6235183838322377,0.6235183838322377,0.6235183838322377,0.6235183838322377,0.6188943852185973,0.6188943852185973,0.6188943852185973,0.6188943852185973,0.8502225693171942,0.8502225693171942,0.8502225693171942,0.8502225693171942,0.7280684610708157,0.7280684610708157,0.7280684610708157,0.7280684610708157,0.9587052918460044,0.9587052918460044,0.9587052918460044,0.9587052918460044,0.10670895136387026,0.10670895136387026,0.10670895136387026,0.10670895136387026,0.45962501082759244,0.45962501082759244,0.45962501082759244,0.45962501082759244
song_5f0eaf882be171e9e96fec731f59733be3990d8ac7eaf8a258c5eb15da894eb3,success,bart,classifier-panel-v1,404,1,1010,284,284,ca449669634be69391e989ac31a7cc96e28784f1bb1f510d6873ec1469708dde,ca449669634be69391e989ac31a7cc96e28784f1bb1f510d6873ec1469708dde,0.7325030471750199,0.7325030471750199,0.7325030471750199,0.7325030471750199,0.48612573866744446,0.48612573866744446,0.48612573866744446,0.48612573866744446,0.9892751427419583,0.9892751427419583,0.9892751427419583,0.9892751427419583,0.6052153569843245,0.6052153569843245,0.6052153569843245,0.6052153569843245,0.9881322658044336,0.9881322658044336,0.9881322658044336,0.9881322658044336,0.9707445042271873,0.9707445042271873,0.9707445042271873,0.9707445042271873,0.9982283912156241,0.9982283912156241,0.9982283912156241,0.9982283912156241,0.6218093122746512,0.6218093122746512,0.6218093122746512,0.6218093122746512,0.9319176256824513,0.9319176256824513,0.9319176256824513,0.9319176256824513,0.3694621426161161,0.3694621426161161,0.3694621426161161,0.3694621426161161,0.7812527899882191,0.7812527899882191,0.7812527899882191,0.7812527899882191,0.7901442566067961,0.7901442566067961,0.7901442566067961,0.7901442566067961,0.9592505889616899,0.9592505889616899,0.9592505889616899,0.9592505889616899,0.7646755358237228,0.7646755358237228,0.7646755358237228,0.7646755358237228,0.895941614438299,0.895941614438299,0.895941614438299,0.895941614438299,0.23957600150374714,0.23957600150374714,0.23957600150374714,0.23957600150374714,0.450618230344912,0.450618230344912,0.450618230344912,0.450618230344912
song_a12befe03d55c5fa6fd9c903788a0badba25b5b7525255fc222d72e21ba6dc12,success,bart,classifier-panel-v1,399,1,1010,298,298,c0560330cb05ab64d7eac78b5e226050179915c3ed36b46d03d7e5cef167f789,c0560330cb05ab64d7eac78b5e226050179915c3ed36b46d03d7e5cef167f789,0.6883419114732614,0.6883419114732614,0.6883419114732614,0.6883419114732614,0.6921896701789771,0.6921896701789771,0.6921896701789771,0.6921896701789771,0.9197418032284594,0.9197418032284594,0.9197418032284594,0.9197418032284594,0.6996260322120612,0.6996260322120612,0.6996260322120612,0.6996260322120612,0.9345018170876868,0.9345018170876868,0.9345018170876868,0.9345018170876868,0.8235406188288515,0.8235406188288515,0.8235406188288515,0.8235406188288515,0.8138390338779332,0.8138390338779332,0.8138390338779332,0.8138390338779332,0.8602016454724385,0.8602016454724385,0.8602016454724385,0.8602016454724385,0.8833263390179077,0.8833263390179077,0.8833263390179077,0.8833263390179077,0.8515189015275811,0.8515189015275811,0.8515189015275811,0.8515189015275811,0.749873393265321,0.749873393265321,0.749873393265321,0.749873393265321,0.8264916953440782,0.8264916953440782,0.8264916953440782,0.8264916953440782,0.7154253913131704,0.7154253913131704,0.7154253913131704,0.7154253913131704,0.7008777904780464,0.7008777904780464,0.7008777904780464,0.7008777904780464,0.6739794892389755,0.6739794892389755,0.6739794892389755,0.6739794892389755,0.44344683738774227,0.44344683738774227,0.44344683738774227,0.44344683738774227,0.8831087209988031,0.8831087209988031,0.8831087209988031,0.8831087209988031
song_690e3e60b5c5037449b2757dda9d6757ed3ec925b71a0e80ad7109d85f8667b5,success,bart,classifier-panel-v1,647,1,1010,359,359,8950a55950e9862196a5e95e3179c34bfa1a9f51e54fe20cd05cef9e7f631f85,8950a55950e9862196a5e95e3179c34bfa1a9f51e54fe20cd05cef9e7f631f85,0.5367712334358529,0.5367712334358529,0.5367712334358529,0.5367712334358529,0.03263091672027097,0.03263091672027097,0.03263091672027097,0.03263091672027097,0.2520107012944867,0.2520107012944867,0.2520107012944867,0.2520107012944867,0.4133156973612206,0.4133156973612206,0.4133156973612206,0.4133156973612206,0.9613948538871152,0.9613948538871152,0.9613948538871152,0.9613948538871152,0.9685719034356248,0.9685719034356248,0.9685719034356248,0.9685719034356248,0.9626737037906322,0.9626737037906322,0.9626737037906322,0.9626737037906322,0.08018934887566166,0.08018934887566166,0.08018934887566166,0.08018934887566166,0.2913233114051364,0.2913233114051364,0.2913233114051364,0.2913233114051364,0.8708125337915981,0.8708125337915981,0.8708125337915981,0.8708125337915981,0.12754245488625007,0.12754245488625007,0.12754245488625007,0.12754245488625007,0.5829296283974577,0.5829296283974577,0.5829296283974577,0.5829296283974577,0.9635488994487075,0.9635488994487075,0.9635488994487075,0.9635488994487075,0.8111601174567867,0.8111601174567867,0.8111601174567867,0.8111601174567867,0.1013622716714779,0.1013622716714779,0.1013622716714779,0.1013622716714779,0.3373752820001443,0.3373752820001443,0.3373752820001443,0.3373752820001443,0.073010773775233,0.073010773775233,0.073010773775233,0.073010773775233
song_a5796aaae59d201c1e3deeacae5e2109ffeaf8181d6a0cc53d4179eef0117ee2,success,bart,classifier-panel-v1,141,1,1010,103,103,571daa6af317ae37fe23634d31aa33f4e4fd82168aaab8edbaaf0f8ffe5d9723,571daa6af317ae37fe23634d31aa33f4e4fd82168aaab8edbaaf0f8ffe5d9723,0.548369731277886,0.548369731277886,0.548369731277886,0.548369731277886,0.21117969110126297,0.21117969110126297,0.21117969110126297,0.21117969110126297,0.8248159423386542,0.8248159423386542,0.8248159423386542,0.8248159423386542,0.382255576088528,0.382255576088528,0.382255576088528,0.382255576088528,0.9940739610935958,0.9940739610935958,0.9940739610935958,0.9940739610935958,0.9616769017870989,0.9616769017870989,0.9616769017870989,0.9616769017870989,0.9986049959874965,0.9986049959874965,0.9986049959874965,0.9986049959874965,0.04903189816916549,0.04903189816916549,0.04903189816916549,0.04903189816916549,0.03853054653266693,0.03853054653266693,0.03853054653266693,0.03853054653266693,0.9724409396677363,0.9724409396677363,0.9724409396677363,0.9724409396677363,0.17777245336092903,0.17777245336092903,0.17777245336092903,0.17777245336092903,0.6791760497086655,0.6791760497086655,0.6791760497086655,0.6791760497086655,0.9984997166235353,0.9984997166235353,0.9984997166235353,0.9984997166235353,0.6806432809023312,0.6806432809023312,0.6806432809023312,0.6806432809023312,0.13530288808641752,0.13530288808641752,0.13530288808641752,0.13530288808641752,0.03877150919956656,0.03877150919956656,0.03877150919956656,0.03877150919956656,0.48371765757567503,0.48371765757567503,0.48371765757567503,0.48371765757567503
song_64d37feb1fa3da190b5b48cdf28bee0181308224ba28cffb740e5048b0ab4306,success,bart,classifier-panel-v1,354,1,1010,273,273,a887cb9e13aa0c2305d15376a53e54e8112adee579e92bba5b6d4be382cf9ada,a887cb9e13aa0c2305d15376a53e54e8112adee579e92bba5b6d4be382cf9ada,0.4916643326535266,0.4916643326535266,0.4916643326535266,0.4916643326535266,0.13014650263245517,0.13014650263245517,0.13014650263245517,0.13014650263245517,0.9547390054114272,0.9547390054114272,0.9547390054114272,0.9547390054114272,0.23974905922993525,0.23974905922993525,0.23974905922993525,0.23974905922993525,0.9830992227052414,0.9830992227052414,0.9830992227052414,0.9830992227052414,0.9960239467055727,0.9960239467055727,0.9960239467055727,0.9960239467055727,0.9969210448513692,0.9969210448513692,0.9969210448513692,0.9969210448513692,0.8065165864924804,0.8065165864924804,0.8065165864924804,0.8065165864924804,0.8948707651295438,0.8948707651295438,0.8948707651295438,0.8948707651295438,0.28874821070381834,0.28874821070381834,0.28874821070381834,0.28874821070381834,0.48068547691446417,0.48068547691446417,0.48068547691446417,0.48068547691446417,0.5712069698892276,0.5712069698892276,0.5712069698892276,0.5712069698892276,0.9540137392515322,0.9540137392515322,0.9540137392515322,0.9540137392515322,0.7049096458065912,0.7049096458065912,0.7049096458065912,0.7049096458065912,0.9588878744212023,0.9588878744212023,0.9588878744212023,0.9588878744212023,0.13343282188490124,0.13343282188490124,0.13343282188490124,0.13343282188490124,0.15396415834634938,0.15396415834634938,0.15396415834634938,0.15396415834634938
song_1130d71736864e2f32c66a5784e269842b861afc685af864962777b4ea459b76,success,bart,classifier-panel-v1,258,1,1010,183,183,30eaab82be73f7a7030180f2bb4f725d3abbe0335368cb84948065ffb5d38c38,30eaab82be73f7a7030180f2bb4f725d3abbe0335368cb84948065ffb5d38c38,0.5637580287133561,0.5637580287133561,0.5637580287133561,0.5637580287133561,0.40932904720511737,0.40932904720511737,0.40932904720511737,0.40932904720511737,0.8619745628021152,0.8619745628021152,0.8619745628021152,0.8619745628021152,0.6780893434965775,0.6780893434965775,0.6780893434965775,0.6780893434965775,0.9984291012635192,0.9984291012635192,0.9984291012635192,0.9984291012635192,0.9809088027182439,0.9809088027182439,0.9809088027182439,0.9809088027182439,0.9988893977236363,0.9988893977236363,0.9988893977236363,0.9988893977236363,0.32503914487715097,0.32503914487715097,0.32503914487715097,0.32503914487715097,0.862543329460777,0.862543329460777,0.862543329460777,0.862543329460777,0.7334826902373933,0.7334826902373933,0.7334826902373933,0.7334826902373933,0.3660916698047158,0.3660916698047158,0.3660916698047158,0.3660916698047158,0.7894524810815002,0.7894524810815002,0.7894524810815002,0.7894524810815002,0.9994396439816263,0.9994396439816263,0.9994396439816263,0.9994396439816263,0.9675729062700766,0.9675729062700766,0.9675729062700766,0.9675729062700766,0.45518964671216916,0.45518964671216916,0.45518964671216916,0.45518964671216916,0.22837860954323744,0.22837860954323744,0.22837860954323744,0.22837860954323744,0.7862333916005432,0.7862333916005432,0.7862333916005432,0.7862333916005432
song_c3db28de2fa21737c828f45aa697bf98c14ad08a22646c2f0114dd15614a1503,success,bart,classifier-panel-v1,457,1,1010,333,333,dcad334273497ae54054e4b2c0336fa1057289719ca650b6f7d3cd5656c2e7fd,dcad334273497ae54054e4b2c0336fa1057289719ca650b6f7d3cd5656c2e7fd,0.9617085743525171,0.9617085743525171,0.9617085743525171,0.9617085743525171,0.39589466775083537,0.39589466775083537,0.39589466775083537,0.39589466775083537,0.9679551301556213,0.9679551301556213,0.9679551301556213,0.9679551301556213,0.9651640237162259,0.9651640237162259,0.9651640237162259,0.9651640237162259,0.9492746859940254,0.9492746859940254,0.9492746859940254,0.9492746859940254,0.9061154077648893,0.9061154077648893,0.9061154077648893,0.9061154077648893,0.8034216540237563,0.8034216540237563,0.8034216540237563,0.8034216540237563,0.7559736429032349,0.7559736429032349,0.7559736429032349,0.7559736429032349,0.9427132629254342,0.9427132629254342,0.9427132629254342,0.9427132629254342,0.8172546295551919,0.8172546295551919,0.8172546295551919,0.8172546295551919,0.5798545940171443,0.5798545940171443,0.5798545940171443,0.5798545940171443,0.8096517686051694,0.8096517686051694,0.8096517686051694,0.8096517686051694,0.7191918910960375,0.7191918910960375,0.7191918910960375,0.7191918910960375,0.6027502815900561,0.6027502815900561,0.6027502815900561,0.6027502815900561,0.31356307641462927,0.31356307641462927,0.31356307641462927,0.31356307641462927,0.2754763459339816,0.2754763459339816,0.2754763459339816,0.2754763459339816,0.3230303240667869,0.3230303240667869,0.3230303240667869,0.3230303240667869
song_72f1e6ab0eb9c3eea261bf3418510cf8ca46eb5d09386d74e937ff2a0b7160f0,success,bart,classifier-panel-v1,1140,2,1010,734,734,36333c7328a05143d6b6f00349e3e9af361424d7b615eaf16651bbdcfd39666d,36333c7328a05143d6b6f00349e3e9af361424d7b615eaf16651bbdcfd39666d,0.8998017641058978,0.8913849557382503,0.8981184024323683,0.8913849557382502,0.43638641046973614,0.3036709601115107,0.40984332039809107,0.3036709601115107,0.7980516379467494,0.6655195096180897,0.7715452122810175,0.6655195096180898,0.6520546726949822,0.5884518726153711,0.6393341126790599,0.5884518726153711,0.9851565996295,0.9804195030623969,0.9842091803160794,0.9804195030623969,0.9531571290103815,0.9086452341935709,0.9442547500470194,0.9086452341935711,0.9941927856170739,0.9877897784011074,0.9929121841738806,0.9877897784011073,0.1645342336463682,0.16328164825933605,0.1642837165689618,0.16328164825933608,0.3340247403288757,0.2665311161273013,0.3205260154885608,0.26653111612730135,0.9982980603425274,0.9979449277217771,0.9982274338183774,0.997944927721777,0.49363331636907215,0.4250742770924399,0.4799215085137457,0.4250742770924399,0.8287615372811818,0.789454122943002,0.8209000544135459,0.789454122943002,0.9944300989466426,0.9386839072767861,0.9832808606126713,0.9386839072767862,0.8656620619913996,0.8394524702171388,0.8604201436365474,0.8394524702171389,0.5851257521275863,0.5208121251528466,0.5722630267326384,0.5208121251528466,0.5093411513035595,0.36625241392419366,0.48072340382768636,0.36625241392419366,0.7329168610312929,0.5576280964086289,0.6978591081067602,0.557628096408629
song_2f2e2e33ff00857bf87196f06b1edcad41ac31b6bf4f2b322bcb169c7c18c6cb,success,bart,classifier-panel-v1,297,1,1010,210,210,123856af95255b1a6c92568f01462152c1c87bbd96b9bf6d4452204215eea68f,123856af95255b1a6c92568f01462152c1c87bbd96b9bf6d4452204215eea68f,0.5050733136418266,0.5050733136418266,0.5050733136418266,0.5050733136418266,0.3613337527873963,0.3613337527873963,0.3613337527873963,0.3613337527873963,0.8803790613999963,0.8803790613999963,0.8803790613999963,0.8803790613999963,0.4132886266262989,0.4132886266262989,0.4132886266262989,0.4132886266262989,0.9646664899592056,0.9646664899592056,0.9646664899592056,0.9646664899592056,0.966066985866191,0.966066985866191,0.966066985866191,0.966066985866191,0.9773639728915784,0.9773639728915784,0.9773639728915784,0.9773639728915784,0.3521946357336056,0.3521946357336056,0.3521946357336056,0.3521946357336056,0.8094984665072191,0.8094984665072191,0.8094984665072191,0.8094984665072191,0.3180994778838598,0.3180994778838598,0.3180994778838598,0.3180994778838598,0.6505955469844259,0.6505955469844259,0.6505955469844259,0.6505955469844259,0.6879853288528892,0.6879853288528892,0.6879853288528892,0.6879853288528892,0.980201790651376,0.980201790651376,0.980201790651376,0.980201790651376,0.9142216118584388,0.9142216118584388,0.9142216118584388,0.9142216118584388,0.9134263051988791,0.9134263051988791,0.9134263051988791,0.9134263051988791,0.25583261885715614,0.25583261885715614,0.25583261885715614,0.25583261885715614,0.36541138512483107,0.36541138512483107,0.36541138512483107,0.36541138512483107
song_605aa2d6a4f3053ca131f40f66d3ff6cfb4822fd5d6a277d77a6032d02c7746d,success,bart,classifier-panel-v1,1087,2,1010,550,550,b2bb036269cde21cb0ad60960add5ee0e7b4e9301131cb03c00fdaccb5fbf48c,b2bb036269cde21cb0ad60960add5ee0e7b4e9301131cb03c00fdaccb5fbf48c,0.740220062185379,0.7114825855421063,0.7344725668567245,0.7114561481210914,0.25707296689313064,0.20333156184502604,0.24632468588350973,0.2032821217299864,0.8585737587566993,0.8412682997902567,0.8551126669634108,0.8412523794048231,0.7464951927372208,0.743187863162684,0.7458337268223134,0.7431848205411804,0.9702816234781733,0.9611286727270099,0.9684510333279406,0.961120252349134,0.9696589750953599,0.9605262587031427,0.9678324318169165,0.9605178569401324,0.9897605912264812,0.9818185062451628,0.9881721742302175,0.9818111998192371,0.6737615634798421,0.41256273621322687,0.621521798026519,0.4123224429038739,0.6442052187533679,0.47792181914313614,0.6109485388313216,0.4777688445344791,0.985097850936611,0.967214443744649,0.9815211694982185,0.9671979916681154,0.5113352930255979,0.42760396276865437,0.49458902697420914,0.4275269330260077,0.8377125725293763,0.7271716684168184,0.8156043917068647,0.7270699748527775,0.9581335053623987,0.9530405650973617,0.9571149173093914,0.9530452504149928,0.7452733112785768,0.6889020360377656,0.7339990562304145,0.688953895536607,0.6963782162993072,0.5185904175415129,0.6608206565477484,0.5187539757740408,0.7205272846472087,0.5134819809565118,0.6791182239090694,0.5132915068960787,0.5066675726207499,0.45640912800458233,0.4966158836975164,0.45636289208497216
song_d6fa79aae091c9b9eefa30e3a78f93ecdbbb66c8c1befb282bb7324a03578d7a,success,bart,classifier-panel-v1,415,1,1010,317,317,235995321c7c1f0f7414cf2650f9dfef92cb760d09dcf807e2a60d78675f6961,235995321c7c1f0f7414cf2650f9dfef92cb760d09dcf807e2a60d78675f6961,0.26682865836385933,0.26682865836385933,0.26682865836385933,0.26682865836385933,0.4369541418717567,0.4369541418717567,0.4369541418717567,0.4369541418717567,0.9099453892678797,0.9099453892678797,0.9099453892678797,0.9099453892678797,0.3020869626885536,0.3020869626885536,0.3020869626885536,0.3020869626885536,0.7315699978169201,0.7315699978169201,0.7315699978169201,0.7315699978169201,0.7002434303619772,0.7002434303619772,0.7002434303619772,0.7002434303619772,0.4905122583588788,0.4905122583588788,0.4905122583588788,0.4905122583588788,0.9599159259471085,0.9599159259471085,0.9599159259471085,0.9599159259471085,0.8520575706784124,0.8520575706784124,0.8520575706784124,0.8520575706784124,0.5128123422339047,0.5128123422339047,0.5128123422339047,0.5128123422339047,0.8752885586761192,0.8752885586761192,0.8752885586761192,0.8752885586761192,0.5869977302502695,0.5869977302502695,0.5869977302502695,0.5869977302502695,0.38140503775877654,0.38140503775877654,0.38140503775877654,0.38140503775877654,0.6447304831071519,0.6447304831071519,0.6447304831071519,0.6447304831071519,0.9055422236885592,0.9055422236885592,0.9055422236885592,0.9055422236885592,0.381567772136722,0.381567772136722,0.381567772136722,0.381567772136722,0.15406506663775899,0.15406506663775899,0.15406506663775899,0.15406506663775899
song_1110ad0e721685ec873afc6cc8372d1da569f6f1d519bdd799cd7c8d00631393,success,bart,classifier-panel-v1,222,1,1010,158,158,ae0ebb31f09cd48b53c0988b9454fd6713459e073ae11f09782cbed75a966703,ae0ebb31f09cd48b53c0988b9454fd6713459e073ae11f09782cbed75a966703,0.7575876800912252,0.7575876800912252,0.7575876800912252,0.7575876800912252,0.8043577928019606,0.8043577928019606,0.8043577928019606,0.8043577928019606,0.9308963584243322,0.9308963584243322,0.9308963584243322,0.9308963584243322,0.9753761948491734,0.9753761948491734,0.9753761948491734,0.9753761948491734,0.9687835197375327,0.9687835197375327,0.9687835197375327,0.9687835197375327,0.9774161466460735,0.9774161466460735,0.9774161466460735,0.9774161466460735,0.9827870897989219,0.9827870897989219,0.9827870897989219,0.9827870897989219,0.7868598947834463,0.7868598947834463,0.7868598947834463,0.7868598947834463,0.9829533085327012,0.9829533085327012,0.9829533085327012,0.9829533085327012,0.7054072254690743,0.7054072254690743,0.7054072254690743,0.7054072254690743,0.5901641322281098,0.5901641322281098,0.5901641322281098,0.5901641322281098,0.8636674461562543,0.8636674461562543,0.8636674461562543,0.8636674461562543,0.9641023372000366,0.9641023372000366,0.9641023372000366,0.9641023372000366,0.9273449308799468,0.9273449308799468,0.9273449308799468,0.9273449308799468,0.5078324675413504,0.5078324675413504,0.5078324675413504,0.5078324675413504,0.28663399869140316,0.28663399869140316,0.28663399869140316,0.28663399869140316,0.8989507626630548,0.8989507626630548,0.8989507626630548,0.8989507626630548
song_109e58fdb577eb713ec9844630010a1ea9f502a212041ef4edd19d8d91f292d2,success,bart,classifier-panel-v1,476,1,1010,324,324,134ad0c187c25be5f5b1333e1426b1961fe623b3f80e8a28215e11f0325bbbf8,134ad0c187c25be5f5b1333e1426b1961fe623b3f80e8a28215e11f0325bbbf8,0.5937960014359247,0.5937960014359247,0.5937960014359247,0.5937960014359247,0.1199118658966106,0.1199118658966106,0.1199118658966106,0.1199118658966106,0.8611278442151499,0.8611278442151499,0.8611278442151499,0.8611278442151499,0.44484501718510144,0.44484501718510144,0.44484501718510144,0.44484501718510144,0.9596915820283121,0.9596915820283121,0.9596915820283121,0.9596915820283121,0.9541061831953928,0.9541061831953928,0.9541061831953928,0.9541061831953928,0.9858382293601207,0.9858382293601207,0.9858382293601207,0.9858382293601207,0.12776839352880223,0.12776839352880223,0.12776839352880223,0.12776839352880223,0.7067415271285395,0.7067415271285395,0.7067415271285395,0.7067415271285395,0.35388929833294436,0.35388929833294436,0.35388929833294436,0.35388929833294436,0.3551590202400555,0.3551590202400555,0.3551590202400555,0.3551590202400555,0.7638643642360288,0.7638643642360288,0.7638643642360288,0.7638643642360288,0.9842873262110273,0.9842873262110273,0.9842873262110273,0.9842873262110273,0.9412941080150323,0.9412941080150323,0.9412941080150323,0.9412941080150323,0.39743668072889526,0.39743668072889526,0.39743668072889526,0.39743668072889526,0.27318125541672283,0.27318125541672283,0.27318125541672283,0.27318125541672283,0.10333270072259626,0.10333270072259626,0.10333270072259626,0.10333270072259626
song_a9417fe5b49241ddee5b63be9a3fe138548c5ec77db57e1201268cae0273529e,success,bart,classifier-panel-v1,173,1,1010,128,128,55b3db10589e34a825dc197902d4ffae09e784e117b7cc9c2e66be9eb96bc418,55b3db10589e34a825dc197902d4ffae09e784e117b7cc9c2e66be9eb96bc418,0.4172929014791752,0.4172929014791752,0.4172929014791752,0.4172929014791752,0.4482234776290537,0.4482234776290537,0.4482234776290537,0.4482234776290537,0.992392255093495,0.992392255093495,0.992392255093495,0.992392255093495,0.24321542524601805,0.24321542524601805,0.24321542524601805,0.24321542524601805,0.07370787510345324,0.07370787510345324,0.07370787510345324,0.07370787510345324,0.8690820038824469,0.8690820038824469,0.8690820038824469,0.8690820038824469,0.7689393982295806,0.7689393982295806,0.7689393982295806,0.7689393982295806,0.9933453471613374,0.9933453471613374,0.9933453471613374,0.9933453471613374,0.9990675154929539,0.9990675154929539,0.9990675154929539,0.9990675154929539,0.2451983623438329,0.2451983623438329,0.2451983623438329,0.2451983623438329,0.4568358555082389,0.4568358555082389,0.4568358555082389,0.4568358555082389,0.7641313739983941,0.7641313739983941,0.7641313739983941,0.7641313739983941,0.9901238102235798,0.9901238102235798,0.9901238102235798,0.9901238102235798,0.7121128517342769,0.7121128517342769,0.7121128517342769,0.7121128517342769,0.2738783167106728,0.2738783167106728,0.2738783167106728,0.2738783167106728,0.14635293642176642,0.14635293642176642,0.14635293642176642,0.14635293642176642,0.18041287064237416,0.18041287064237416,0.18041287064237416,0.18041287064237416
song_815056a3d0f74d832a9989d4bcb3e56697b29dd14bd3aaa012fb8c5b6ffde806,success,bart,classifier-panel-v1,255,1,1010,182,182,57c0900a4d44709ba98da965f974c68d55f5afd1d69790c8c7197a5402dbb721,57c0900a4d44709ba98da965f974c68d55f5afd1d69790c8c7197a5402dbb721,0.20771566064238906,0.20771566064238906,0.20771566064238906,0.20771566064238906,0.5686414197262507,0.5686414197262507,0.5686414197262507,0.5686414197262507,0.7027949280415422,0.7027949280415422,0.7027949280415422,0.7027949280415422,0.1255350453120522,0.1255350453120522,0.1255350453120522,0.1255350453120522,0.9573120018125356,0.9573120018125356,0.9573120018125356,0.9573120018125356,0.9103752051145044,0.9103752051145044,0.9103752051145044,0.9103752051145044,0.9781041906942527,0.9781041906942527,0.9781041906942527,0.9781041906942527,0.4379647393111505,0.4379647393111505,0.4379647393111505,0.4379647393111505,0.7998016580102539,0.7998016580102539,0.7998016580102539,0.7998016580102539,0.2771340978845777,0.2771340978845777,0.2771340978845777,0.2771340978845777,0.31380354583361003,0.31380354583361003,0.31380354583361003,0.31380354583361003,0.3333892709041944,0.3333892709041944,0.3333892709041944,0.3333892709041944,0.8297171533482183,0.8297171533482183,0.8297171533482183,0.8297171533482183,0.6127594243883975,0.6127594243883975,0.6127594243883975,0.6127594243883975,0.1334196535534985,0.1334196535534985,0.1334196535534985,0.1334196535534985,0.15131253791882407,0.15131253791882407,0.15131253791882407,0.15131253791882407,0.14094441791611811,0.14094441791611811,0.14094441791611811,0.14094441791611811
song_585e5f8e13012f0a37638839f84b3f23db3e9edc4ff58f0f075f4c7d20e18fe9,success,bart,classifier-panel-v1,299,1,1010,223,223,e8ddc86a49c7d4d83c2bcf67bc9edf67d20118895b626e536eaa73f22ffa0eb2,e8ddc86a49c7d4d83c2bcf67bc9edf67d20118895b626e536eaa73f22ffa0eb2,0.5880057887467585,0.5880057887467585,0.5880057887467585,0.5880057887467585,0.4076847916500047,0.4076847916500047,0.4076847916500047,0.4076847916500047,0.9336782380690698,0.9336782380690698,0.9336782380690698,0.9336782380690698,0.39614056723310065,0.39614056723310065,0.39614056723310065,0.39614056723310065,0.8461466185745345,0.8461466185745345,0.8461466185745345,0.8461466185745345,0.959301608350167,0.959301608350167,0.959301608350167,0.959301608350167,0.955020504379237,0.955020504379237,0.955020504379237,0.955020504379237,0.9858455870389823,0.9858455870389823,0.9858455870389823,0.9858455870389823,0.9947503002646015,0.9947503002646015,0.9947503002646015,0.9947503002646015,0.18275559452644533,0.18275559452644533,0.18275559452644533,0.18275559452644533,0.5195900004938437,0.5195900004938437,0.5195900004938437,0.5195900004938437,0.5496708930779136,0.5496708930779136,0.5496708930779136,0.5496708930779136,0.9820667733561583,0.9820667733561583,0.9820667733561583,0.9820667733561583,0.8031410317826954,0.8031410317826954,0.8031410317826954,0.8031410317826954,0.6189511592390632,0.6189511592390632,0.6189511592390632,0.6189511592390632,0.23163202072215308,0.23163202072215308,0.23163202072215308,0.23163202072215308,0.17174513720026482,0.17174513720026482,0.17174513720026482,0.17174513720026482
song_dd86150211a00481ca2a80067939457ef346cce917ed900d58478305c74811a2,success,bart,classifier-panel-v1,213,1,1010,165,165,d40f236fb86e7b3833c14985e86d4f6b6ab840c66531385c50c98480ae898e88,d40f236fb86e7b3833c14985e86d4f6b6ab840c66531385c50c98480ae898e88,0.34255884136116826,0.34255884136116826,0.34255884136116826,0.34255884136116826,0.23784471221869222,0.23784471221869222,0.23784471221869222,0.23784471221869222,0.8514149206621744,0.8514149206621744,0.8514149206621744,0.8514149206621744,0.31963817286129886,0.31963817286129886,0.31963817286129886,0.31963817286129886,0.9315151935627534,0.9315151935627534,0.9315151935627534,0.9315151935627534,0.9505853791342467,0.9505853791342467,0.9505853791342467,0.9505853791342467,0.9093199595295571,0.9093199595295571,0.9093199595295571,0.9093199595295571,0.5818903411530709,0.5818903411530709,0.5818903411530709,0.5818903411530709,0.8985059492711407,0.8985059492711407,0.8985059492711407,0.8985059492711407,0.31043501693704806,0.31043501693704806,0.31043501693704806,0.31043501693704806,0.3319487501594435,0.3319487501594435,0.3319487501594435,0.3319487501594435,0.6720807426177319,0.6720807426177319,0.6720807426177319,0.6720807426177319,0.9759940207382287,0.9759940207382287,0.9759940207382287,0.9759940207382287,0.7551208258500516,0.7551208258500516,0.7551208258500516,0.7551208258500516,0.7823000068625302,0.7823000068625302,0.7823000068625302,0.7823000068625302,0.20889843306262235,0.20889843306262235,0.20889843306262235,0.20889843306262235,0.33455102471781767,0.33455102471781767,0.33455102471781767,0.33455102471781767
song_41cdcd17020b65b4e4437210a8c492aaa7bdc0500b9ef269cc7168648a893175,success,bart,classifier-panel-v1,374,1,1010,241,241,cf22ce8924858f4d3e539e4d2c1849f4a0b845f56d3e97f13df0ae81564a720c,cf22ce8924858f4d3e539e4d2c1849f4a0b845f56d3e97f13df0ae81564a720c,0.5729576809060186,0.5729576809060186,0.5729576809060186,0.5729576809060186,0.22830653632918446,0.22830653632918446,0.22830653632918446,0.22830653632918446,0.7914873138562035,0.7914873138562035,0.7914873138562035,0.7914873138562035,0.5532356450628881,0.5532356450628881,0.5532356450628881,0.5532356450628881,0.9799284928632932,0.9799284928632932,0.9799284928632932,0.9799284928632932,0.9864678577099047,0.9864678577099047,0.9864678577099047,0.9864678577099047,0.9888784958725088,0.9888784958725088,0.9888784958725088,0.9888784958725088,0.8064120106720667,0.8064120106720667,0.8064120106720667,0.8064120106720667,0.8768382928265135,0.8768382928265135,0.8768382928265135,0.8768382928265135,0.5432618758705324,0.5432618758705324,0.5432618758705324,0.5432618758705324,0.5365987324473521,0.5365987324473521,0.5365987324473521,0.5365987324473521,0.875619067925321,0.875619067925321,0.875619067925321,0.875619067925321,0.9899731992318145,0.9899731992318145,0.9899731992318145,0.9899731992318145,0.8701047927698282,0.8701047927698282,0.8701047927698282,0.8701047927698282,0.7633249778543393,0.7633249778543393,0.7633249778543393,0.7633249778543393,0.3477687234719252,0.3477687234719252,0.3477687234719252,0.3477687234719252,0.3961993125929581,0.3961993125929581,0.3961993125929581,0.3961993125929581
song_0213bb2ca26a8b0e613f83fdc3a1bf713269c08a2c6cbcb19d0e85cd0bb40e4f,success,bart,classifier-panel-v1,459,1,1010,252,252,04777903aa8c02a62328e5ba61e2ad3f54cab587c6bcb354cc4f87633894498e,04777903aa8c02a62328e5ba61e2ad3f54cab587c6bcb354cc4f87633894498e,0.8057236239348633,0.8057236239348633,0.8057236239348633,0.8057236239348633,0.4248262598217852,0.4248262598217852,0.4248262598217852,0.4248262598217852,0.6596004755593827,0.6596004755593827,0.6596004755593827,0.6596004755593827,0.7110813868983722,0.7110813868983722,0.7110813868983722,0.7110813868983722,0.9539924541286933,0.9539924541286933,0.9539924541286933,0.9539924541286933,0.9111166441385802,0.9111166441385802,0.9111166441385802,0.9111166441385802,0.9496881586069855,0.9496881586069855,0.9496881586069855,0.9496881586069855,0.38223117065228557,0.38223117065228557,0.38223117065228557,0.38223117065228557,0.6215164223760367,0.6215164223760367,0.6215164223760367,0.6215164223760367,0.9135637097191731,0.9135637097191731,0.9135637097191731,0.9135637097191731,0.6640694544288395,0.6640694544288395,0.6640694544288395,0.6640694544288395,0.7832034274482857,0.7832034274482857,0.7832034274482857,0.7832034274482857,0.9617350915333984,0.9617350915333984,0.9617350915333984,0.9617350915333984,0.9315270714831189,0.9315270714831189,0.9315270714831189,0.9315270714831189,0.6333222176172136,0.6333222176172136,0.6333222176172136,0.6333222176172136,0.5562766901363135,0.5562766901363135,0.5562766901363135,0.5562766901363135,0.6569059639521793,0.6569059639521793,0.6569059639521793,0.6569059639521793
song_f90b9bd84fe6f81a6e4f326cb0b6f4451a734bc2b6c6aad81544fd16972b8863,success,bart,classifier-panel-v1,339,1,1010,203,203,db0c5dce942a1b6ef7f0dcfc6d4cd24542fe1774f48165840f14784f26c51ff1,db0c5dce942a1b6ef7f0dcfc6d4cd24542fe1774f48165840f14784f26c51ff1,0.6485252111348329,0.6485252111348329,0.6485252111348329,0.6485252111348329,0.5963769626313447,0.5963769626313447,0.5963769626313447,0.5963769626313447,0.9716361032496341,0.9716361032496341,0.9716361032496341,0.9716361032496341,0.46041848831150234,0.46041848831150234,0.46041848831150234,0.46041848831150234,0.9877961936365747,0.9877961936365747,0.9877961936365747,0.9877961936365747,0.9903134537347082,0.9903134537347082,0.9903134537347082,0.9903134537347082,0.9789711364910392,0.9789711364910392,0.9789711364910392,0.9789711364910392,0.7300732044425909,0.7300732044425909,0.7300732044425909,0.7300732044425909,0.9855788102589655,0.9855788102589655,0.9855788102589655,0.9855788102589655,0.3531398410349196,0.3531398410349196,0.3531398410349196,0.3531398410349196,0.6288155076687919,0.6288155076687919,0.6288155076687919,0.6288155076687919,0.6835490938641545,0.6835490938641545,0.6835490938641545,0.6835490938641545,0.9879878968096066,0.9879878968096066,0.9879878968096066,0.9879878968096066,0.8068350169483921,0.8068350169483921,0.8068350169483921,0.8068350169483921,0.6565289214685094,0.6565289214685094,0.6565289214685094,0.6565289214685094,0.1392476037906143,0.1392476037906143,0.1392476037906143,0.1392476037906143,0.2231917581650899,0.2231917581650899,0.2231917581650899,0.2231917581650899
song_68dc4986474def8d475f2c997d665706774730408ee1330071322a31354abc97,success,bart,classifier-panel-v1,287,1,1010,190,190,012b3e82ddbe9894c4ed9a201d4dda6cc8d2c92b832fa70cd1ffd5689e167bde,012b3e82ddbe9894c4ed9a201d4dda6cc8d2c92b832fa70cd1ffd5689e167bde,0.47598948023300575,0.47598948023300575,0.47598948023300575,0.47598948023300575,0.08074855060450026,0.08074855060450026,0.08074855060450026,0.08074855060450026,0.9456349350622157,0.9456349350622157,0.9456349350622157,0.9456349350622157,0.41632828973117814,0.41632828973117814,0.41632828973117814,0.41632828973117814,0.9800321788854868,0.9800321788854868,0.9800321788854868,0.9800321788854868,0.9782400475652206,0.9782400475652206,0.9782400475652206,0.9782400475652206,0.9965665460749283,0.9965665460749283,0.9965665460749283,0.9965665460749283,0.23232224327932266,0.23232224327932266,0.23232224327932266,0.23232224327932266,0.9851283611570859,0.9851283611570859,0.9851283611570859,0.9851283611570859,0.8133913694428365,0.8133913694428365,0.8133913694428365,0.8133913694428365,0.2997827029917381,0.2997827029917381,0.2997827029917381,0.2997827029917381,0.538540679556849,0.538540679556849,0.538540679556849,0.538540679556849,0.9979099596532865,0.9979099596532865,0.9979099596532865,0.9979099596532865,0.9254402409549798,0.9254402409549798,0.9254402409549798,0.9254402409549798,0.5722967182703931,0.5722967182703931,0.5722967182703931,0.5722967182703931,0.07130209750807462,0.07130209750807462,0.07130209750807462,0.07130209750807462,0.30880211612750597,0.30880211612750597,0.30880211612750597,0.30880211612750597
song_49444e52efc677ac5bbdb87422be8b88c555f18f38a1301ade4d6d7dc7acc9c3,success,bart,classifier-panel-v1,339,1,1010,255,255,338015977a8545751ac88f9304454e71c771ded90df612a4d19af2f18f86b4e2,338015977a8545751ac88f9304454e71c771ded90df612a4d19af2f18f86b4e2,0.5402633502047102,0.5402633502047102,0.5402633502047102,0.5402633502047102,0.231826438618265,0.231826438618265,0.231826438618265,0.231826438618265,0.9514900695573496,0.9514900695573496,0.9514900695573496,0.9514900695573496,0.26570398606507384,0.26570398606507384,0.26570398606507384,0.26570398606507384,0.9962494240309806,0.9962494240309806,0.9962494240309806,0.9962494240309806,0.9710216781611263,0.9710216781611263,0.9710216781611263,0.9710216781611263,0.9959017380330413,0.9959017380330413,0.9959017380330413,0.9959017380330413,0.7033251810909946,0.7033251810909946,0.7033251810909946,0.7033251810909946,0.9981756723538884,0.9981756723538884,0.9981756723538884,0.9981756723538884,0.19593442520930235,0.19593442520930235,0.19593442520930235,0.19593442520930235,0.5073476210397394,0.5073476210397394,0.5073476210397394,0.5073476210397394,0.7504247030428929,0.7504247030428929,0.7504247030428929,0.7504247030428929,0.999634969819379,0.999634969819379,0.999634969819379,0.999634969819379,0.8560920649982612,0.8560920649982612,0.8560920649982612,0.8560920649982612,0.4669788811121584,0.4669788811121584,0.4669788811121584,0.4669788811121584,0.09398424107812262,0.09398424107812262,0.09398424107812262,0.09398424107812262,0.7344805514695273,0.7344805514695273,0.7344805514695273,0.7344805514695273
song_9277254377f0ed6ea2c94d6f5d17ee81782d30bd4f80f6185a6d4d87c99850f7,success,bart,classifier-panel-v1,224,1,1010,162,162,e1e034cab6b7bffe3b2337283d429cfb178fed63cf7061204ec4510828ce9f6b,e1e034cab6b7bffe3b2337283d429cfb178fed63cf7061204ec4510828ce9f6b,0.7160976535568583,0.7160976535568583,0.7160976535568583,0.7160976535568583,0.4830284819684005,0.4830284819684005,0.4830284819684005,0.4830284819684005,0.998668398790176,0.998668398790176,0.998668398790176,0.998668398790176,0.46483294928410623,0.46483294928410623,0.46483294928410623,0.46483294928410623,0.5215651261910073,0.5215651261910073,0.5215651261910073,0.5215651261910073,0.9472228472089714,0.9472228472089714,0.9472228472089714,0.9472228472089714,0.7915520772593624,0.7915520772593624,0.7915520772593624,0.7915520772593624,0.9977244439013706,0.9977244439013706,0.9977244439013706,0.9977244439013706,0.9991740279521136,0.9991740279521136,0.9991740279521136,0.9991740279521136,0.1782865793218358,0.1782865793218358,0.1782865793218358,0.1782865793218358,0.6804904113964338,0.6804904113964338,0.6804904113964338,0.6804904113964338,0.8260535846289682,0.8260535846289682,0.8260535846289682,0.8260535846289682,0.9743403212060406,0.9743403212060406,0.9743403212060406,0.9743403212060406,0.7813391876341745,0.7813391876341745,0.7813391876341745,0.7813391876341745,0.41434906790463694,0.41434906790463694,0.41434906790463694,0.41434906790463694,0.22927045650680736,0.22927045650680736,0.22927045650680736,0.22927045650680736,0.5334426797774775,0.5334426797774775,0.5334426797774775,0.5334426797774775
song_f2d23f623a8d6f5bf76ea6360fcde2c59706ecf953032d31f7cc5c3d44aaeb35,success,bart,classifier-panel-v1,324,1,1010,198,198,0ee1e4113bd3ca62b3ae6ce63c209326815e8ab2a3b6aedfd3130d64ebef9841,0ee1e4113bd3ca62b3ae6ce63c209326815e8ab2a3b6aedfd3130d64ebef9841,0.9097120733147737,0.9097120733147737,0.9097120733147737,0.9097120733147737,0.7129563516135174,0.7129563516135174,0.7129563516135174,0.7129563516135174,0.8967580470565379,0.8967580470565379,0.8967580470565379,0.8967580470565379,0.8636265002637747,0.8636265002637747,0.8636265002637747,0.8636265002637747,0.9758677641735949,0.9758677641735949,0.9758677641735949,0.9758677641735949,0.9752169011894997,0.9752169011894997,0.9752169011894997,0.9752169011894997,0.997122012556361,0.997122012556361,0.997122012556361,0.997122012556361,0.377916337831423,0.377916337831423,0.377916337831423,0.377916337831423,0.8733100245697276,0.8733100245697276,0.8733100245697276,0.8733100245697276,0.9861954139535684,0.9861954139535684,0.9861954139535684,0.9861954139535684,0.6943964630190517,0.6943964630190517,0.6943964630190517,0.6943964630190517,0.9191840542264591,0.9191840542264591,0.9191840542264591,0.9191840542264591,0.9961996989266405,0.9961996989266405,0.9961996989266405,0.9961996989266405,0.9864886692055083,0.9864886692055083,0.9864886692055083,0.9864886692055083,0.6556605221669374,0.6556605221669374,0.6556605221669374,0.6556605221669374,0.41349329610223184,0.41349329610223184,0.41349329610223184,0.41349329610223184,0.6054658768921125,0.6054658768921125,0.6054658768921125,0.6054658768921125
song_3c3af25ff5690d56f5ebd59c52a0273a923d9b3511e8e0c1970e11cc7cda487c,success,bart,classifier-panel-v1,364,1,1010,242,242,3a7b0a4fd3266faa4cd5f745d6080eabdfa5234ce4315621c70a385426cfdb55,3a7b0a4fd3266faa4cd5f745d6080eabdfa5234ce4315621c70a385426cfdb55,0.2854656050340173,0.2854656050340173,0.2854656050340173,0.2854656050340173,0.2932888634910983,0.2932888634910983,0.2932888634910983,0.2932888634910983,0.960347226855561,0.960347226855561,0.960347226855561,0.960347226855561,0.1810448152007572,0.1810448152007572,0.1810448152007572,0.1810448152007572,0.8538518723168691,0.8538518723168691,0.8538518723168691,0.8538518723168691,0.9786539555255549,0.9786539555255549,0.9786539555255549,0.9786539555255549,0.9664663972689185,0.9664663972689185,0.9664663972689185,0.9664663972689185,0.9547272795515452,0.9547272795515452,0.9547272795515452,0.9547272795515452,0.9927598659378616,0.9927598659378616,0.9927598659378616,0.9927598659378616,0.23071073836993702,0.23071073836993702,0.23071073836993702,0.23071073836993702,0.38054229241338083,0.38054229241338083,0.38054229241338083,0.38054229241338083,0.6399091512678643,0.6399091512678643,0.6399091512678643,0.6399091512678643,0.9567694225146057,0.9567694225146057,0.9567694225146057,0.9567694225146057,0.6590202287592468,0.6590202287592468,0.6590202287592468,0.6590202287592468,0.37341747505080536,0.37341747505080536,0.37341747505080536,0.37341747505080536,0.19853558356019074,0.19853558356019074,0.19853558356019074,0.19853558356019074,0.5443391537349314,0.5443391537349314,0.5443391537349314,0.5443391537349314
song_9d821af9a1e2446b36ca98875f174e35acda58d417c5ae54ee1782d1b5ca2245,success,bart,classifier-panel-v1,334,1,1010,244,244,97d324e6e43657d5ffda2f01753c708bb2d8ade01eae94d3ab9d0b58d0e50df6,97d324e6e43657d5ffda2f01753c708bb2d8ade01eae94d3ab9d0b58d0e50df6,0.32008294013269156,0.32008294013269156,0.32008294013269156,0.32008294013269156,0.1646178481314517,0.1646178481314517,0.1646178481314517,0.1646178481314517,0.8321745432872403,0.8321745432872403,0.8321745432872403,0.8321745432872403,0.20336516055886125,0.20336516055886125,0.20336516055886125,0.20336516055886125,0.9833973577871588,0.9833973577871588,0.9833973577871588,0.9833973577871588,0.9973846565524084,0.9973846565524084,0.9973846565524084,0.9973846565524084,0.9948120211798315,0.9948120211798315,0.9948120211798315,0.9948120211798315,0.556395165805209,0.556395165805209,0.556395165805209,0.556395165805209,0.9932262914350877,0.9932262914350877,0.9932262914350877,0.9932262914350877,0.17081262125526023,0.17081262125526023,0.17081262125526023,0.17081262125526023,0.4212471674464012,0.4212471674464012,0.4212471674464012,0.4212471674464012,0.6874699001934261,0.6874699001934261,0.6874699001934261,0.6874699001934261,0.9974751321081684,0.9974751321081684,0.9974751321081684,0.9974751321081684,0.6252464119119681,0.6252464119119681,0.6252464119119681,0.6252464119119681,0.8520981464460298,0.8520981464460298,0.8520981464460298,0.8520981464460298,0.07887079536593895,0.07887079536593895,0.07887079536593895,0.07887079536593895,0.1674900312139772,0.1674900312139772,0.1674900312139772,0.1674900312139772
song_546ed553b9ad74026dc908d24d608c1b1e265d99490a9ca6b420a65bdf3a3eca,success,bart,classifier-panel-v1,326,1,1010,243,243,9398db50fdef9f906b8bba7f4637a285d5f1444de0228dfdcf5a7d9caa87dec3,9398db50fdef9f906b8bba7f4637a285d5f1444de0228dfdcf5a7d9caa87dec3,0.6122445671487171,0.6122445671487171,0.6122445671487171,0.6122445671487171,0.6577671928623786,0.6577671928623786,0.6577671928623786,0.6577671928623786,0.9730456063034265,0.9730456063034265,0.9730456063034265,0.9730456063034265,0.5302971316362677,0.5302971316362677,0.5302971316362677,0.5302971316362677,0.8802041942776697,0.8802041942776697,0.8802041942776697,0.8802041942776697,0.8463988070547962,0.8463988070547962,0.8463988070547962,0.8463988070547962,0.9354241487189827,0.9354241487189827,0.9354241487189827,0.9354241487189827,0.8979558391341286,0.8979558391341286,0.8979558391341286,0.8979558391341286,0.9862213403702439,0.9862213403702439,0.9862213403702439,0.9862213403702439,0.5793949764001904,0.5793949764001904,0.5793949764001904,0.5793949764001904,0.7120744933985707,0.7120744933985707,0.7120744933985707,0.7120744933985707,0.822789302961694,0.822789302961694,0.822789302961694,0.822789302961694,0.9705645518227819,0.9705645518227819,0.9705645518227819,0.9705645518227819,0.8612001091283298,0.8612001091283298,0.8612001091283298,0.8612001091283298,0.6068896063132037,0.6068896063132037,0.6068896063132037,0.6068896063132037,0.5975525448455381,0.5975525448455381,0.5975525448455381,0.5975525448455381,0.1363037606979819,0.1363037606979819,0.1363037606979819,0.1363037606979819
song_0ae5f6cefc72dd648e4af242ede9fc3a429075b6a2fa40106e6966410ea88dc5,success,bart,classifier-panel-v1,526,1,1010,320,320,3310e1410814685aa1b4a016b1f959501a635777698f4cc64047642382e20561,3310e1410814685aa1b4a016b1f959501a635777698f4cc64047642382e20561,0.8196757695162417,0.8196757695162417,0.8196757695162417,0.8196757695162417,0.3395978652920777,0.3395978652920777,0.3395978652920777,0.3395978652920777,0.6288595906117925,0.6288595906117925,0.6288595906117925,0.6288595906117925,0.6551100395834543,0.6551100395834543,0.6551100395834543,0.6551100395834543,0.9692160436283715,0.9692160436283715,0.9692160436283715,0.9692160436283715,0.8671633187143913,0.8671633187143913,0.8671633187143913,0.8671633187143913,0.8920008454761708,0.8920008454761708,0.8920008454761708,0.8920008454761708,0.43349678137934117,0.43349678137934117,0.43349678137934117,0.43349678137934117,0.549785028216211,0.549785028216211,0.549785028216211,0.549785028216211,0.9309818404348467,0.9309818404348467,0.9309818404348467,0.9309818404348467,0.2521022708478711,0.2521022708478711,0.2521022708478711,0.2521022708478711,0.8413609973632559,0.8413609973632559,0.8413609973632559,0.8413609973632559,0.9726822232088891,0.9726822232088891,0.9726822232088891,0.9726822232088891,0.9490848408480135,0.9490848408480135,0.9490848408480135,0.9490848408480135,0.2927999189032327,0.2927999189032327,0.2927999189032327,0.2927999189032327,0.43518111333509846,0.43518111333509846,0.43518111333509846,0.43518111333509846,0.17901999026602142,0.17901999026602142,0.17901999026602142,0.17901999026602142
song_b10199f4fcf60c75729c81ed97259c8e6aa9673cdcb93acdc6f4171e7cf8d945,success,bart,classifier-panel-v1,169,1,1010,123,123,e728af2ca76a971563b9d859c6f7bb450627bad781cf460efe15745dbe20fea7,e728af2ca76a971563b9d859c6f7bb450627bad781cf460efe15745dbe20fea7,0.10487095109718574,0.10487095109718574,0.10487095109718574,0.10487095109718574,0.02593216572851975,0.02593216572851975,0.02593216572851975,0.02593216572851975,0.4345434049553973,0.4345434049553973,0.4345434049553973,0.4345434049553973,0.11333454558867198,0.11333454558867198,0.11333454558867198,0.11333454558867198,0.8694903016657684,0.8694903016657684,0.8694903016657684,0.8694903016657684,0.700790889174793,0.700790889174793,0.700790889174793,0.700790889174793,0.9805917762897522,0.9805917762897522,0.9805917762897522,0.9805917762897522,0.1622073831389177,0.1622073831389177,0.1622073831389177,0.1622073831389177,0.11408615983328892,0.11408615983328892,0.11408615983328892,0.11408615983328892,0.06379907156260287,0.06379907156260287,0.06379907156260287,0.06379907156260287,0.15592215277704966,0.15592215277704966,0.15592215277704966,0.15592215277704966,0.2972323130021308,0.2972323130021308,0.2972323130021308,0.2972323130021308,0.9316775813421186,0.9316775813421186,0.9316775813421186,0.9316775813421186,0.2864439242014227,0.2864439242014227,0.2864439242014227,0.2864439242014227,0.5365237134946258,0.5365237134946258,0.5365237134946258,0.5365237134946258,0.027266382476139585,0.027266382476139585,0.027266382476139585,0.027266382476139585,0.03787795722307057,0.03787795722307057,0.03787795722307057,0.03787795722307057
song_a84a10eb92bed9d061cf1c2808e9ed888d108308663802e0618fbb34a235137c,success,bart,classifier-panel-v1,412,1,1010,304,304,ff606ef35f1d229632789e458aee4c7d16547a40ee39858937cd010e4b6a1f9a,ff606ef35f1d229632789e458aee4c7d16547a40ee39858937cd010e4b6a1f9a,0.834055723044766,0.834055723044766,0.834055723044766,0.834055723044766,0.8356910105370838,0.8356910105370838,0.8356910105370838,0.8356910105370838,0.9924056158500842,0.9924056158500842,0.9924056158500842,0.9924056158500842,0.7293046348174157,0.7293046348174157,0.7293046348174157,0.7293046348174157,0.30432162843002236,0.30432162843002236,0.30432162843002236,0.30432162843002236,0.948248956710315,0.948248956710315,0.948248956710315,0.948248956710315,0.6947456893749506,0.6947456893749506,0.6947456893749506,0.6947456893749506,0.983783958187773,0.983783958187773,0.983783958187773,0.983783958187773,0.9978059123314315,0.9978059123314315,0.9978059123314315,0.9978059123314315,0.9926980429857521,0.9926980429857521,0.9926980429857521,0.9926980429857521,0.8700657656655417,0.8700657656655417,0.8700657656655417,0.8700657656655417,0.9453351498378374,0.9453351498378374,0.9453351498378374,0.9453351498378374,0.8824644332153548,0.8824644332153548,0.8824644332153548,0.8824644332153548,0.9018360660339448,0.9018360660339448,0.9018360660339448,0.9018360660339448,0.5444536459289597,0.5444536459289597,0.5444536459289597,0.5444536459289597,0.5684169105427272,0.5684169105427272,0.5684169105427272,0.5684169105427272,0.6602364269871001,0.6602364269871001,0.6602364269871001,0.6602364269871001
song_e850a0ebd5865cbcde0d7358f03fb5b1793e1d046b07f23d6f6f42c012be6355,success,bart,classifier-panel-v1,333,1,1010,260,260,1550b4edd6c865de6f3a8277f6ad5dc3f8d936cb074ba5f76f7c9a424fe8f5b1,1550b4edd6c865de6f3a8277f6ad5dc3f8d936cb074ba5f76f7c9a424fe8f5b1,0.5389642482775729,0.5389642482775729,0.5389642482775729,0.5389642482775729,0.5659003169604283,0.5659003169604283,0.5659003169604283,0.5659003169604283,0.9548242682205453,0.9548242682205453,0.9548242682205453,0.9548242682205453,0.4254642003382011,0.4254642003382011,0.4254642003382011,0.4254642003382011,0.952910305936484,0.952910305936484,0.952910305936484,0.952910305936484,0.9817536082419059,0.9817536082419059,0.9817536082419059,0.9817536082419059,0.9865498546889687,0.9865498546889687,0.9865498546889687,0.9865498546889687,0.9941070321942307,0.9941070321942307,0.9941070321942307,0.9941070321942307,0.9960910505736951,0.9960910505736951,0.9960910505736951,0.9960910505736951,0.36108896244610267,0.36108896244610267,0.36108896244610267,0.36108896244610267,0.43310531244264505,0.43310531244264505,0.43310531244264505,0.43310531244264505,0.473604445260545,0.473604445260545,0.473604445260545,0.473604445260545,0.995458471536134,0.995458471536134,0.995458471536134,0.995458471536134,0.8184533980341406,0.8184533980341406,0.8184533980341406,0.8184533980341406,0.38795134651574104,0.38795134651574104,0.38795134651574104,0.38795134651574104,0.11213362887467264,0.11213362887467264,0.11213362887467264,0.11213362887467264,0.21177477454696828,0.21177477454696828,0.21177477454696828,0.21177477454696828
song_85e6b8fd6d29f033e4eb7cb7429a786911bc55d88ba57c397123fb7cb5ff9c89,success,bart,classifier-panel-v1,264,1,1010,193,193,74391f6fc75c3b0b2e6de9b827d8167d1c7b3436d4e00d48f2e8fba97d529974,74391f6fc75c3b0b2e6de9b827d8167d1c7b3436d4e00d48f2e8fba97d529974,0.37790527129530427,0.37790527129530427,0.37790527129530427,0.37790527129530427,0.33609960058019434,0.33609960058019434,0.33609960058019434,0.33609960058019434,0.9583304992544828,0.9583304992544828,0.9583304992544828,0.9583304992544828,0.4806269732439679,0.4806269732439679,0.4806269732439679,0.4806269732439679,0.9335301974481057,0.9335301974481057,0.9335301974481057,0.9335301974481057,0.8974725458450338,0.8974725458450338,0.8974725458450338,0.8974725458450338,0.9367256427931946,0.9367256427931946,0.9367256427931946,0.9367256427931946,0.5723764413638543,0.5723764413638543,0.5723764413638543,0.5723764413638543,0.8788566824563889,0.8788566824563889,0.8788566824563889,0.8788566824563889,0.5585784099170891,0.5585784099170891,0.5585784099170891,0.5585784099170891,0.4523947287307933,0.4523947287307933,0.4523947287307933,0.4523947287307933,0.7355895172897086,0.7355895172897086,0.7355895172897086,0.7355895172897086,0.9418749089337439,0.9418749089337439,0.9418749089337439,0.9418749089337439,0.8799993313102912,0.8799993313102912,0.8799993313102912,0.8799993313102912,0.4172750166857878,0.4172750166857878,0.4172750166857878,0.4172750166857878,0.6446702795546848,0.6446702795546848,0.6446702795546848,0.6446702795546848,0.3043832247765941,0.3043832247765941,0.3043832247765941,0.3043832247765941
song_4db06392bfcf969f7324a5b9dc24bde01061fbef474f64154ea5b116a503c454,success,bart,classifier-panel-v1,365,1,1010,267,267,5b7acfdb26019dc618895141d31a3d193c4eab8275f8ab84990aafe10025766c,5b7acfdb26019dc618895141d31a3d193c4eab8275f8ab84990aafe10025766c,0.40309952015673545,0.40309952015673545,0.40309952015673545,0.40309952015673545,0.44118572972231246,0.44118572972231246,0.44118572972231246,0.44118572972231246,0.8404027347587533,0.8404027347587533,0.8404027347587533,0.8404027347587533,0.4036376719271699,0.4036376719271699,0.4036376719271699,0.4036376719271699,0.9170943387204,0.9170943387204,0.9170943387204,0.9170943387204,0.8850930577596422,0.8850930577596422,0.8850930577596422,0.8850930577596422,0.8732197890895207,0.8732197890895207,0.8732197890895207,0.8732197890895207,0.7465515498913946,0.7465515498913946,0.7465515498913946,0.7465515498913946,0.8232922074176953,0.8232922074176953,0.8232922074176953,0.8232922074176953,0.3170640383637668,0.3170640383637668,0.3170640383637668,0.3170640383637668,0.6355175239403827,0.6355175239403827,0.6355175239403827,0.6355175239403827,0.7853770085884948,0.7853770085884948,0.7853770085884948,0.7853770085884948,0.807108960964786,0.807108960964786,0.807108960964786,0.807108960964786,0.6738769641795536,0.6738769641795536,0.6738769641795536,0.6738769641795536,0.4516449271404417,0.4516449271404417,0.4516449271404417,0.4516449271404417,0.21548488277042946,0.21548488277042946,0.21548488277042946,0.21548488277042946,0.28048438222308597,0.28048438222308597,0.28048438222308597,0.28048438222308597
song_998bc37c190dff49fde971e79accf4badc8b6cfaf976b48a0ee35395bfbd062d,success,bart,classifier-panel-v1,576,1,1010,349,349,e6b51130e8f2916ecc678063f1636030ff340dfcb6bd02955f28adffa45029ee,e6b51130e8f2916ecc678063f1636030ff340dfcb6bd02955f28adffa45029ee,0.9257662107586958,0.9257662107586958,0.9257662107586958,0.9257662107586958,0.34880338458816246,0.34880338458816246,0.34880338458816246,0.34880338458816246,0.8466174939448902,0.8466174939448902,0.8466174939448902,0.8466174939448902,0.8047005926044389,0.8047005926044389,0.8047005926044389,0.8047005926044389,0.9934021933097553,0.9934021933097553,0.9934021933097553,0.9934021933097553,0.9730462566294065,0.9730462566294065,0.9730462566294065,0.9730462566294065,0.9915627246840788,0.9915627246840788,0.9915627246840788,0.9915627246840788,0.7730376829794763,0.7730376829794763,0.7730376829794763,0.7730376829794763,0.9100952927893501,0.9100952927893501,0.9100952927893501,0.9100952927893501,0.923684811671279,0.923684811671279,0.923684811671279,0.923684811671279,0.6070301352525385,0.6070301352525385,0.6070301352525385,0.6070301352525385,0.8347754462362036,0.8347754462362036,0.8347754462362036,0.8347754462362036,0.9657492468916435,0.9657492468916435,0.9657492468916435,0.9657492468916435,0.8841518837142359,0.8841518837142359,0.8841518837142359,0.8841518837142359,0.7797663343487208,0.7797663343487208,0.7797663343487208,0.7797663343487208,0.6965659488447445,0.6965659488447445,0.6965659488447445,0.6965659488447445,0.7422592639091926,0.7422592639091926,0.7422592639091926,0.7422592639091926
song_dd485d25877ca1180d8dfe3c9fd36a556c930b5c2f8cf45973c034db9ddaf484,success,bart,classifier-panel-v1,490,1,1010,370,370,44a31895c5882a530e97940a2f8cd853412fd30e2b977f7c30ca64dcee02c6a5,44a31895c5882a530e97940a2f8cd853412fd30e2b977f7c30ca64dcee02c6a5,0.5881193942158034,0.5881193942158034,0.5881193942158034,0.5881193942158034,0.1531619558894096,0.1531619558894096,0.1531619558894096,0.1531619558894096,0.9588465227887139,0.9588465227887139,0.9588465227887139,0.9588465227887139,0.5231892284823115,0.5231892284823115,0.5231892284823115,0.5231892284823115,0.9849875790063988,0.9849875790063988,0.9849875790063988,0.9849875790063988,0.9920869045948258,0.9920869045948258,0.9920869045948258,0.9920869045948258,0.99689583745961,0.99689583745961,0.99689583745961,0.99689583745961,0.9485594590808033,0.9485594590808033,0.9485594590808033,0.9485594590808033,0.9958852001870461,0.9958852001870461,0.9958852001870461,0.9958852001870461,0.4411413880842925,0.4411413880842925,0.4411413880842925,0.4411413880842925,0.43177519104658085,0.43177519104658085,0.43177519104658085,0.43177519104658085,0.771621516500406,0.771621516500406,0.771621516500406,0.771621516500406,0.9960556283845469,0.9960556283845469,0.9960556283845469,0.9960556283845469,0.7770733744963664,0.7770733744963664,0.7770733744963664,0.7770733744963664,0.5645145262634215,0.5645145262634215,0.5645145262634215,0.5645145262634215,0.22379330060048028,0.22379330060048028,0.22379330060048028,0.22379330060048028,0.22289985822343542,0.22289985822343542,0.22289985822343542,0.22289985822343542
song_97cfc67489dd849a26253fcdefcaff63ecc2b80e39a5a4b394c09a496e723f59,success,bart,classifier-panel-v1,780,1,1010,544,544,aba667bab7bddcfb779f882997eb7e9f6378c7babd8919ebcfbf7022eabe6e53,aba667bab7bddcfb779f882997eb7e9f6378c7babd8919ebcfbf7022eabe6e53,0.9858463854748208,0.9858463854748208,0.9858463854748208,0.9858463854748208,0.6211605244504331,0.6211605244504331,0.6211605244504331,0.6211605244504331,0.9895322501340172,0.9895322501340172,0.9895322501340172,0.9895322501340172,0.8396435351016259,0.8396435351016259,0.8396435351016259,0.8396435351016259,0.9653567627101635,0.9653567627101635,0.9653567627101635,0.9653567627101635,0.9660748554297852,0.9660748554297852,0.9660748554297852,0.9660748554297852,0.9919123620233392,0.9919123620233392,0.9919123620233392,0.9919123620233392,0.945642095758882,0.945642095758882,0.945642095758882,0.945642095758882,0.9663788956628412,0.9663788956628412,0.9663788956628412,0.9663788956628412,0.9456706806593653,0.9456706806593653,0.9456706806593653,0.9456706806593653,0.7508315420618269,0.7508315420618269,0.7508315420618269,0.7508315420618269,0.9115567315960931,0.9115567315960931,0.9115567315960931,0.9115567315960931,0.9806033026544235,0.9806033026544235,0.9806033026544235,0.9806033026544235,0.9226001148047231,0.9226001148047231,0.9226001148047231,0.9226001148047231,0.2649487521854761,0.2649487521854761,0.2649487521854761,0.2649487521854761,0.9843131903019507,0.9843131903019507,0.9843131903019507,0.9843131903019507,0.5338638888405492,0.5338638888405492,0.5338638888405492,0.5338638888405492
song_e0a36a17d8a781eb85e23d922f0348860628a7b53cfa659379924565775bb4b5,success,bart,classifier-panel-v1,464,1,1010,332,332,f5ac341ab7e369a0a144ae7c07f6059edd83fc6fbcb5ca04a698421dd613abec,f5ac341ab7e369a0a144ae7c07f6059edd83fc6fbcb5ca04a698421dd613abec,0.36903666780910643,0.36903666780910643,0.36903666780910643,0.36903666780910643,0.7881186807025706,0.7881186807025706,0.7881186807025706,0.7881186807025706,0.880211864905684,0.880211864905684,0.880211864905684,0.880211864905684,0.22268499258999358,0.22268499258999358,0.22268499258999358,0.22268499258999358,0.32385038502064784,0.32385038502064784,0.32385038502064784,0.32385038502064784,0.9839463277429407,0.9839463277429407,0.9839463277429407,0.9839463277429407,0.30649076265309955,0.30649076265309955,0.30649076265309955,0.30649076265309955,0.6406759091777746,0.6406759091777746,0.6406759091777746,0.6406759091777746,0.8421931487626465,0.8421931487626465,0.8421931487626465,0.8421931487626465,0.13481925669079933,0.13481925669079933,0.13481925669079933,0.13481925669079933,0.6675664923063628,0.6675664923063628,0.6675664923063628,0.6675664923063628,0.8769658535598389,0.8769658535598389,0.8769658535598389,0.8769658535598389,0.13880611094795686,0.13880611094795686,0.13880611094795686,0.13880611094795686,0.64926143830264,0.64926143830264,0.64926143830264,0.64926143830264,0.16940320177687915,0.16940320177687915,0.16940320177687915,0.16940320177687915,0.955497861140149,0.955497861140149,0.955497861140149,0.955497861140149,0.12575336318080296,0.12575336318080296,0.12575336318080296,0.12575336318080296
song_1412311414a73f8a8432337045a7f785b4dab467abd618d008b2ae0948df2b24,success,bart,classifier-panel-v1,489,1,1010,340,340,c3e9036e09adee353d2fb23239719248a5f4c21960e04cae22e272ef77120a87,c3e9036e09adee353d2fb23239719248a5f4c21960e04cae22e272ef77120a87,0.6238318739886828,0.6238318739886828,0.6238318739886828,0.6238318739886828,0.3259627818401265,0.3259627818401265,0.3259627818401265,0.3259627818401265,0.9100106708864081,0.9100106708864081,0.9100106708864081,0.9100106708864081,0.32193898156363004,0.32193898156363004,0.32193898156363004,0.32193898156363004,0.9794930589467674,0.9794930589467674,0.9794930589467674,0.9794930589467674,0.9498417620586344,0.9498417620586344,0.9498417620586344,0.9498417620586344,0.9553293791636931,0.9553293791636931,0.9553293791636931,0.9553293791636931,0.5105367645279731,0.5105367645279731,0.5105367645279731,0.5105367645279731,0.9662702946630909,0.9662702946630909,0.9662702946630909,0.9662702946630909,0.4947220855404182,0.4947220855404182,0.4947220855404182,0.4947220855404182,0.6471803118158611,0.6471803118158611,0.6471803118158611,0.6471803118158611,0.5028216539294289,0.5028216539294289,0.5028216539294289,0.5028216539294289,0.9554926423319953,0.9554926423319953,0.9554926423319953,0.9554926423319953,0.6746386699660396,0.6746386699660396,0.6746386699660396,0.6746386699660396,0.9181244313443254,0.9181244313443254,0.9181244313443254,0.9181244313443254,0.500891148100434,0.500891148100434,0.500891148100434,0.500891148100434,0.36135309263144827,0.36135309263144827,0.36135309263144827,0.36135309263144827
song_120331d2247754424d30484b3670c2d5c1ce827e7072814177b00993de5c5d32,success,bart,classifier-panel-v1,183,1,1010,133,133,f945a430a894028fda2ebbe7467094a60bdc688b4cdd58844ebf4c6ab7df8e83,f945a430a894028fda2ebbe7467094a60bdc688b4cdd58844ebf4c6ab7df8e83,0.1120957682073008,0.1120957682073008,0.1120957682073008,0.1120957682073008,0.23618642831671813,0.23618642831671813,0.23618642831671813,0.23618642831671813,0.7073088875334468,0.7073088875334468,0.7073088875334468,0.7073088875334468,0.096625260122721,0.096625260122721,0.096625260122721,0.096625260122721,0.9317946312167993,0.9317946312167993,0.9317946312167993,0.9317946312167993,0.37429593128678557,0.37429593128678557,0.37429593128678557,0.37429593128678557,0.5606888769137488,0.5606888769137488,0.5606888769137488,0.5606888769137488,0.19737620727085697,0.19737620727085697,0.19737620727085697,0.19737620727085697,0.4206765485305699,0.4206765485305699,0.4206765485305699,0.4206765485305699,0.09838178782452989,0.09838178782452989,0.09838178782452989,0.09838178782452989,0.35530643445976423,0.35530643445976423,0.35530643445976423,0.35530643445976423,0.5051491079275029,0.5051491079275029,0.5051491079275029,0.5051491079275029,0.5520897117359846,0.5520897117359846,0.5520897117359846,0.5520897117359846,0.3337841359723168,0.3337841359723168,0.3337841359723168,0.3337841359723168,0.299948710694913,0.299948710694913,0.299948710694913,0.299948710694913,0.6013899882399009,0.6013899882399009,0.6013899882399009,0.6013899882399009,0.047351466393651176,0.047351466393651176,0.047351466393651176,0.047351466393651176
song_78c324bb1753edee02a96e81fa7c91ef1a4f1af07ad7ab4255aea291c7478be7,success,bart,classifier-panel-v1,261,1,1010,197,197,2f9298cc68f3d392d1c6a354ab91ced7c5c6aca30507851e3a4973ee65b66cea,2f9298cc68f3d392d1c6a354ab91ced7c5c6aca30507851e3a4973ee65b66cea,0.5398734334365668,0.5398734334365668,0.5398734334365668,0.5398734334365668,0.09839707653117244,0.09839707653117244,0.09839707653117244,0.09839707653117244,0.7479328470930462,0.7479328470930462,0.7479328470930462,0.7479328470930462,0.3053878749645385,0.3053878749645385,0.3053878749645385,0.3053878749645385,0.9832950263213971,0.9832950263213971,0.9832950263213971,0.9832950263213971,0.9808652535539525,0.9808652535539525,0.9808652535539525,0.9808652535539525,0.992691132085785,0.992691132085785,0.992691132085785,0.992691132085785,0.7059679089792488,0.7059679089792488,0.7059679089792488,0.7059679089792488,0.9479804814574563,0.9479804814574563,0.9479804814574563,0.9479804814574563,0.5926294461736445,0.5926294461736445,0.5926294461736445,0.5926294461736445,0.30362526201396395,0.30362526201396395,0.30362526201396395,0.30362526201396395,0.7053135514887081,0.7053135514887081,0.7053135514887081,0.7053135514887081,0.9950218157760966,0.9950218157760966,0.9950218157760966,0.9950218157760966,0.8240416094372975,0.8240416094372975,0.8240416094372975,0.8240416094372975,0.43061793711287727,0.43061793711287727,0.43061793711287727,0.43061793711287727,0.14129100858394572,0.14129100858394572,0.14129100858394572,0.14129100858394572,0.22727946598139442,0.22727946598139442,0.22727946598139442,0.22727946598139442
song_f808ae4b4563a70d26400ffefa5cf76248b7c2025e1b427ec117cf0e0aee87de,success,bart,classifier-panel-v1,483,1,1010,357,357,162aa0fd04e69ac9b264d945c4b5fc067d17769fdb2a487bffc7cde87c75765b,162aa0fd04e69ac9b264d945c4b5fc067d17769fdb2a487bffc7cde87c75765b,0.31186896950201715,0.31186896950201715,0.31186896950201715,0.31186896950201715,0.1197091092909957,0.1197091092909957,0.1197091092909957,0.1197091092909957,0.6946816419968199,0.6946816419968199,0.6946816419968199,0.6946816419968199,0.2737433792254131,0.2737433792254131,0.2737433792254131,0.2737433792254131,0.9922501561270224,0.9922501561270224,0.9922501561270224,0.9922501561270224,0.6661609752181291,0.6661609752181291,0.6661609752181291,0.6661609752181291,0.9348271647703217,0.9348271647703217,0.9348271647703217,0.9348271647703217,0.05633550378770463,0.05633550378770463,0.05633550378770463,0.05633550378770463,0.33166471342251025,0.33166471342251025,0.33166471342251025,0.33166471342251025,0.4865213513866618,0.4865213513866618,0.4865213513866618,0.4865213513866618,0.3683444800194043,0.3683444800194043,0.3683444800194043,0.3683444800194043,0.6437689604815756,0.6437689604815756,0.6437689604815756,0.6437689604815756,0.8750485611196899,0.8750485611196899,0.8750485611196899,0.8750485611196899,0.785627854849798,0.785627854849798,0.785627854849798,0.785627854849798,0.2983288555737711,0.2983288555737711,0.2983288555737711,0.2983288555737711,0.16340715693563035,0.16340715693563035,0.16340715693563035,0.16340715693563035,0.2992659583200679,0.2992659583200679,0.2992659583200679,0.2992659583200679
song_4881f8befad3c29b4557c7e7b5c098ce567212185b88f68f63c0717cfc803994,success,bart,classifier-panel-v1,756,1,1010,544,544,94cd605226c99db1089209666ce0516e29d85760e83f21a160364b8032a0b1dc,94cd605226c99db1089209666ce0516e29d85760e83f21a160364b8032a0b1dc,0.6253790670855172,0.6253790670855172,0.6253790670855172,0.6253790670855172,0.1668941658879365,0.1668941658879365,0.1668941658879365,0.1668941658879365,0.9824486938081041,0.9824486938081041,0.9824486938081041,0.9824486938081041,0.5950740192348677,0.5950740192348677,0.5950740192348677,0.5950740192348677,0.9911900840039775,0.9911900840039775,0.9911900840039775,0.9911900840039775,0.9834789409480316,0.9834789409480316,0.9834789409480316,0.9834789409480316,0.8929665469344252,0.8929665469344252,0.8929665469344252,0.8929665469344252,0.8247139593009112,0.8247139593009112,0.8247139593009112,0.8247139593009112,0.9960629840234902,0.9960629840234902,0.9960629840234902,0.9960629840234902,0.37362671823134297,0.37362671823134297,0.37362671823134297,0.37362671823134297,0.9110877070352225,0.9110877070352225,0.9110877070352225,0.9110877070352225,0.7091912753608476,0.7091912753608476,0.7091912753608476,0.7091912753608476,0.9823370339448024,0.9823370339448024,0.9823370339448024,0.9823370339448024,0.7474996023176581,0.7474996023176581,0.7474996023176581,0.7474996023176581,0.32006282128309516,0.32006282128309516,0.32006282128309516,0.32006282128309516,0.5763741014707199,0.5763741014707199,0.5763741014707199,0.5763741014707199,0.2725489207125426,0.2725489207125426,0.2725489207125426,0.2725489207125426
song_ce55a9b58d73f0eaccd32f2d0b15687e9ff76c2ac47b5977a2c0507e07f966cc,success,bart,classifier-panel-v1,397,1,1010,287,287,d1df3456db7ff04ef49c3e37a4a145cc8dfeb1a69317bdfc2a25aba20a8c74a9,d1df3456db7ff04ef49c3e37a4a145cc8dfeb1a69317bdfc2a25aba20a8c74a9,0.7159897812610702,0.7159897812610702,0.7159897812610702,0.7159897812610702,0.9695048418901769,0.9695048418901769,0.9695048418901769,0.9695048418901769,0.9662987290986497,0.9662987290986497,0.9662987290986497,0.9662987290986497,0.7500027138577634,0.7500027138577634,0.7500027138577634,0.7500027138577634,0.6776906067987192,0.6776906067987192,0.6776906067987192,0.6776906067987192,0.9631592218105997,0.9631592218105997,0.9631592218105997,0.9631592218105997,0.7232136044548095,0.7232136044548095,0.7232136044548095,0.7232136044548095,0.9600249324961857,0.9600249324961857,0.9600249324961857,0.9600249324961857,0.9902942783668174,0.9902942783668174,0.9902942783668174,0.9902942783668174,0.7730830215801907,0.7730830215801907,0.7730830215801907,0.7730830215801907,0.7091171441861881,0.7091171441861881,0.7091171441861881,0.7091171441861881,0.9029105351184417,0.9029105351184417,0.9029105351184417,0.9029105351184417,0.9625861844355584,0.9625861844355584,0.9625861844355584,0.9625861844355584,0.884235806078004,0.884235806078004,0.884235806078004,0.884235806078004,0.3174527212224039,0.3174527212224039,0.3174527212224039,0.3174527212224039,0.7938714745070509,0.7938714745070509,0.7938714745070509,0.7938714745070509,0.7435868114106742,0.7435868114106742,0.7435868114106742,0.7435868114106742
song_afd6a3e1bb701e4109e7db538528052981f38587e8a519600ab7591d040fd1d1,success,bart,classifier-panel-v1,685,1,1010,461,461,4096d1c07903f55868bdf7d8db1ad892df7c25b96c500c18e1e0af435517a1cd,4096d1c07903f55868bdf7d8db1ad892df7c25b96c500c18e1e0af435517a1cd,0.5114402619309558,0.5114402619309558,0.5114402619309558,0.5114402619309558,0.17637901806121073,0.17637901806121073,0.17637901806121073,0.17637901806121073,0.6929458592239691,0.6929458592239691,0.6929458592239691,0.6929458592239691,0.5380826111451237,0.5380826111451237,0.5380826111451237,0.5380826111451237,0.9822133673131842,0.9822133673131842,0.9822133673131842,0.9822133673131842,0.8757558130269106,0.8757558130269106,0.8757558130269106,0.8757558130269106,0.9475692601464076,0.9475692601464076,0.9475692601464076,0.9475692601464076,0.4791183558371828,0.4791183558371828,0.4791183558371828,0.4791183558371828,0.8628197350486652,0.8628197350486652,0.8628197350486652,0.8628197350486652,0.2359801224598645,0.2359801224598645,0.2359801224598645,0.2359801224598645,0.30772595406970144,0.30772595406970144,0.30772595406970144,0.30772595406970144,0.7378205347830118,0.7378205347830118,0.7378205347830118,0.7378205347830118,0.9597914027764634,0.9597914027764634,0.9597914027764634,0.9597914027764634,0.8088406067859262,0.8088406067859262,0.8088406067859262,0.8088406067859262,0.338377302974509,0.338377302974509,0.338377302974509,0.338377302974509,0.3211010845793226,0.3211010845793226,0.3211010845793226,0.3211010845793226,0.525116267072861,0.525116267072861,0.525116267072861,0.525116267072861
song_3a96b875068a9d12032c2372e69e8054ed77f3ae4351d6222ca3dbd78800372c,success,bart,classifier-panel-v1,294,1,1010,213,213,19524f31f0e95e96ff0717a68dd9e90ea1074cb8c1735a1ecfdb30ce6cc6e1a9,19524f31f0e95e96ff0717a68dd9e90ea1074cb8c1735a1ecfdb30ce6cc6e1a9,0.484296049756601,0.484296049756601,0.484296049756601,0.484296049756601,0.2566875964694474,0.2566875964694474,0.2566875964694474,0.2566875964694474,0.9580110870275034,0.9580110870275034,0.9580110870275034,0.9580110870275034,0.3897123655184808,0.3897123655184808,0.3897123655184808,0.3897123655184808,0.9462740427270617,0.9462740427270617,0.9462740427270617,0.9462740427270617,0.9789858169284006,0.9789858169284006,0.9789858169284006,0.9789858169284006,0.9900030170888191,0.9900030170888191,0.9900030170888191,0.9900030170888191,0.9633915453145396,0.9633915453145396,0.9633915453145396,0.9633915453145396,0.9966159716121255,0.9966159716121255,0.9966159716121255,0.9966159716121255,0.3573508419870362,0.3573508419870362,0.3573508419870362,0.3573508419870362,0.42281494460194463,0.42281494460194463,0.42281494460194463,0.42281494460194463,0.6914584757608107,0.6914584757608107,0.6914584757608107,0.6914584757608107,0.992167455480602,0.992167455480602,0.992167455480602,0.992167455480602,0.8402264164776432,0.8402264164776432,0.8402264164776432,0.8402264164776432,0.810720594902452,0.810720594902452,0.810720594902452,0.810720594902452,0.2071782125987294,0.2071782125987294,0.2071782125987294,0.2071782125987294,0.34767102184045234,0.34767102184045234,0.34767102184045234,0.34767102184045234
song_063fd071844935e8fd4f1395eeee736a147d3f13acd2103cd7ddd076c93ada6a,success,bart,classifier-panel-v1,369,1,1010,244,244,fe9113b89c7f45c684ee1bf60fe54f0a9eab5ef7c9cd75174bd349e2ba825db1,fe9113b89c7f45c684ee1bf60fe54f0a9eab5ef7c9cd75174bd349e2ba825db1,0.5503281898769778,0.5503281898769778,0.5503281898769778,0.5503281898769778,0.12567138960088936,0.12567138960088936,0.12567138960088936,0.12567138960088936,0.5897294951222471,0.5897294951222471,0.5897294951222471,0.5897294951222471,0.5476647631310009,0.5476647631310009,0.5476647631310009,0.5476647631310009,0.9766483659097914,0.9766483659097914,0.9766483659097914,0.9766483659097914,0.9634922541932038,0.9634922541932038,0.9634922541932038,0.9634922541932038,0.9888349507646511,0.9888349507646511,0.9888349507646511,0.9888349507646511,0.2871388789754881,0.2871388789754881,0.2871388789754881,0.2871388789754881,0.5789495401250969,0.5789495401250969,0.5789495401250969,0.5789495401250969,0.8169176600415927,0.8169176600415927,0.8169176600415927,0.8169176600415927,0.4195924567228527,0.4195924567228527,0.4195924567228527,0.4195924567228527,0.45715785417521987,0.45715785417521987,0.45715785417521987,0.45715785417521987,0.9890550122391377,0.9890550122391377,0.9890550122391377,0.9890550122391377,0.9310446315957679,0.9310446315957679,0.9310446315957679,0.9310446315957679,0.4921836813617975,0.4921836813617975,0.4921836813617975,0.4921836813617975,0.17793463119118041,0.17793463119118041,0.17793463119118041,0.17793463119118041,0.207598671868064,0.207598671868064,0.207598671868064,0.207598671868064
song_e162690ceb18a23db578427f419ce7ba989a0b27499e2b403a37fe3ad800b82c,success,bart,classifier-panel-v1,296,1,1010,194,194,452ca70787376afcb53dd4a72e7b8ecbc25dfac1e58547d4d16e5e4e7e708211,452ca70787376afcb53dd4a72e7b8ecbc25dfac1e58547d4d16e5e4e7e708211,0.6762150658448934,0.6762150658448934,0.6762150658448934,0.6762150658448934,0.6380733444515019,0.6380733444515019,0.6380733444515019,0.6380733444515019,0.9667382948019047,0.9667382948019047,0.9667382948019047,0.9667382948019047,0.2942021868273507,0.2942021868273507,0.2942021868273507,0.2942021868273507,0.8593216403420743,0.8593216403420743,0.8593216403420743,0.8593216403420743,0.9030755839040591,0.9030755839040591,0.9030755839040591,0.9030755839040591,0.9545418659837019,0.9545418659837019,0.9545418659837019,0.9545418659837019,0.8811803817072001,0.8811803817072001,0.8811803817072001,0.8811803817072001,0.9974567130965479,0.9974567130965479,0.9974567130965479,0.9974567130965479,0.48873910027070455,0.48873910027070455,0.48873910027070455,0.48873910027070455,0.6011602865813407,0.6011602865813407,0.6011602865813407,0.6011602865813407,0.7152972584429151,0.7152972584429151,0.7152972584429151,0.7152972584429151,0.9784339328359953,0.9784339328359953,0.9784339328359953,0.9784339328359953,0.8776008788826296,0.8776008788826296,0.8776008788826296,0.8776008788826296,0.41264037951415067,0.41264037951415067,0.41264037951415067,0.41264037951415067,0.2693348218375119,0.2693348218375119,0.2693348218375119,0.2693348218375119,0.3839275794057073,0.3839275794057073,0.3839275794057073,0.3839275794057073
song_e1a7f29430e196c1d83a8f58a4a17f41d5c2fadde8c3cf34dee5280016e53eda,success,bart,classifier-panel-v1,315,1,1010,249,249,6acfe31e48297ff2c767eb4afb5623166de0ac96a5c7c4fa83c5ef53ed1bda21,6acfe31e48297ff2c767eb4afb5623166de0ac96a5c7c4fa83c5ef53ed1bda21,0.721425711974221,0.721425711974221,0.721425711974221,0.721425711974221,0.5151032442223495,0.5151032442223495,0.5151032442223495,0.5151032442223495,0.961574774387029,0.961574774387029,0.961574774387029,0.961574774387029,0.6510357193111473,0.6510357193111473,0.6510357193111473,0.6510357193111473,0.9425915910869835,0.9425915910869835,0.9425915910869835,0.9425915910869835,0.9180361852491686,0.9180361852491686,0.9180361852491686,0.9180361852491686,0.9889401445478053,0.9889401445478053,0.9889401445478053,0.9889401445478053,0.7874862177117392,0.7874862177117392,0.7874862177117392,0.7874862177117392,0.9522017854397008,0.9522017854397008,0.9522017854397008,0.9522017854397008,0.7123132119999882,0.7123132119999882,0.7123132119999882,0.7123132119999882,0.6637865221077652,0.6637865221077652,0.6637865221077652,0.6637865221077652,0.7797945893968786,0.7797945893968786,0.7797945893968786,0.7797945893968786,0.9375604056911415,0.9375604056911415,0.9375604056911415,0.9375604056911415,0.7963122503691887,0.7963122503691887,0.7963122503691887,0.7963122503691887,0.6524040538337692,0.6524040538337692,0.6524040538337692,0.6524040538337692,0.36542747347425897,0.36542747347425897,0.36542747347425897,0.36542747347425897,0.27887447973223606,0.27887447973223606,0.27887447973223606,0.27887447973223606
song_8c9359eb2bcab6780ed3a7cdca143da09375324d2952065a07d7adb88bf11161,success,bart,classifier-panel-v1,269,1,1010,174,174,ab956efd346e8066610ccb4d9914b6578d8bf3b173e177655f925c6a54ad8690,ab956efd346e8066610ccb4d9914b6578d8bf3b173e177655f925c6a54ad8690,0.4749944379618778,0.4749944379618778,0.4749944379618778,0.4749944379618778,0.2382753950444086,0.2382753950444086,0.2382753950444086,0.2382753950444086,0.9678547337214322,0.9678547337214322,0.9678547337214322,0.9678547337214322,0.35832945572744673,0.35832945572744673,0.35832945572744673,0.35832945572744673,0.8367599929870466,0.8367599929870466,0.8367599929870466,0.8367599929870466,0.8378962625798443,0.8378962625798443,0.8378962625798443,0.8378962625798443,0.9643094462884335,0.9643094462884335,0.9643094462884335,0.9643094462884335,0.5025898731590218,0.5025898731590218,0.5025898731590218,0.5025898731590218,0.9942935625561217,0.9942935625561217,0.9942935625561217,0.9942935625561217,0.3821178704982584,0.3821178704982584,0.3821178704982584,0.3821178704982584,0.2829293626415356,0.2829293626415356,0.2829293626415356,0.2829293626415356,0.7401081294067695,0.7401081294067695,0.7401081294067695,0.7401081294067695,0.984321254116593,0.984321254116593,0.984321254116593,0.984321254116593,0.7260134592361583,0.7260134592361583,0.7260134592361583,0.7260134592361583,0.28494922562213776,0.28494922562213776,0.28494922562213776,0.28494922562213776,0.15006347966145803,0.15006347966145803,0.15006347966145803,0.15006347966145803,0.09556616240683091,0.09556616240683091,0.09556616240683091,0.09556616240683091
song_c43007be651fa0550c65f2144da21b53f1782e23930c836fda226c0c04eec799,success,bart,classifier-panel-v1,314,1,1010,216,216,61d9dd6f78420df505df853530a02793952fd2b9552cebafcf5aef24b633e771,61d9dd6f78420df505df853530a02793952fd2b9552cebafcf5aef24b633e771,0.6171177091113199,0.6171177091113199,0.6171177091113199,0.6171177091113199,0.47260249355182155,0.47260249355182155,0.47260249355182155,0.47260249355182155,0.9855411065930039,0.9855411065930039,0.9855411065930039,0.9855411065930039,0.48598638716342907,0.48598638716342907,0.48598638716342907,0.48598638716342907,0.8989036856930139,0.8989036856930139,0.8989036856930139,0.8989036856930139,0.8844883006061004,0.8844883006061004,0.8844883006061004,0.8844883006061004,0.9608243007895209,0.9608243007895209,0.9608243007895209,0.9608243007895209,0.9560799582626754,0.9560799582626754,0.9560799582626754,0.9560799582626754,0.9901538029564184,0.9901538029564184,0.9901538029564184,0.9901538029564184,0.5591508831802492,0.5591508831802492,0.5591508831802492,0.5591508831802492,0.7448987543803229,0.7448987543803229,0.7448987543803229,0.7448987543803229,0.7943294956231739,0.7943294956231739,0.7943294956231739,0.7943294956231739,0.8506074885347478,0.8506074885347478,0.8506074885347478,0.8506074885347478,0.7021200459344905,0.7021200459344905,0.7021200459344905,0.7021200459344905,0.34987277004671447,0.34987277004671447,0.34987277004671447,0.34987277004671447,0.5675586192177534,0.5675586192177534,0.5675586192177534,0.5675586192177534,0.4553115374535205,0.4553115374535205,0.4553115374535205,0.4553115374535205
song_dde6cccf06049e639f7a816a60982f1646926c7007a974ecfcd938c2dbf1c191,success,bart,classifier-panel-v1,369,1,1010,277,277,dfcc53f438e29b462ef13ef1a805ad403fce0600bd2126d65288b1d743027d0c,dfcc53f438e29b462ef13ef1a805ad403fce0600bd2126d65288b1d743027d0c,0.7702458294956614,0.7702458294956614,0.7702458294956614,0.7702458294956614,0.9045870176417433,0.9045870176417433,0.9045870176417433,0.9045870176417433,0.985448576005862,0.985448576005862,0.985448576005862,0.985448576005862,0.7811512976479198,0.7811512976479198,0.7811512976479198,0.7811512976479198,0.7865261102947201,0.7865261102947201,0.7865261102947201,0.7865261102947201,0.6668003667642035,0.6668003667642035,0.6668003667642035,0.6668003667642035,0.4958639641292137,0.4958639641292137,0.4958639641292137,0.4958639641292137,0.9176560124223135,0.9176560124223135,0.9176560124223135,0.9176560124223135,0.9148809098821387,0.9148809098821387,0.9148809098821387,0.9148809098821387,0.9181008715136999,0.9181008715136999,0.9181008715136999,0.9181008715136999,0.4053612789223945,0.4053612789223945,0.4053612789223945,0.4053612789223945,0.9622808649813636,0.9622808649813636,0.9622808649813636,0.9622808649813636,0.8398176678540492,0.8398176678540492,0.8398176678540492,0.8398176678540492,0.834788361013714,0.834788361013714,0.834788361013714,0.834788361013714,0.401041071038388,0.401041071038388,0.401041071038388,0.401041071038388,0.9398744949531209,0.9398744949531209,0.9398744949531209,0.9398744949531209,0.4923080165417509,0.4923080165417509,0.4923080165417509,0.4923080165417509
song_48c9a31f32d37489d6e49c8e3c9c2b203b5393562fbdbb3ce735de99f9c08e9e,success,bart,classifier-panel-v1,131,1,1010,105,105,52fbd43eb3bfb03a39083bfb08add19b7d8c650a5a586ca28572a17b511de240,52fbd43eb3bfb03a39083bfb08add19b7d8c650a5a586ca28572a17b511de240,0.36328844177092323,0.36328844177092323,0.36328844177092323,0.36328844177092323,0.1122724013760336,0.1122724013760336,0.1122724013760336,0.1122724013760336,0.9820278034855712,0.9820278034855712,0.9820278034855712,0.9820278034855712,0.2127607092796855,0.2127607092796855,0.2127607092796855,0.2127607092796855,0.478562236489998,0.478562236489998,0.478562236489998,0.478562236489998,0.8788403089145385,0.8788403089145385,0.8788403089145385,0.8788403089145385,0.9631609750918073,0.9631609750918073,0.9631609750918073,0.9631609750918073,0.45027680416985777,0.45027680416985777,0.45027680416985777,0.45027680416985777,0.9941053237675738,0.9941053237675738,0.9941053237675738,0.9941053237675738,0.6389058671567266,0.6389058671567266,0.6389058671567266,0.6389058671567266,0.3096434326535773,0.3096434326535773,0.3096434326535773,0.3096434326535773,0.6748497531501646,0.6748497531501646,0.6748497531501646,0.6748497531501646,0.9869767674045133,0.9869767674045133,0.9869767674045133,0.9869767674045133,0.6367223672835773,0.6367223672835773,0.6367223672835773,0.6367223672835773,0.6096803410800841,0.6096803410800841,0.6096803410800841,0.6096803410800841,0.030520205738179318,0.030520205738179318,0.030520205738179318,0.030520205738179318,0.023272644393075408,0.023272644393075408,0.023272644393075408,0.023272644393075408
song_05be1f29e67911d8e269dbbba495ee25b92120a0aba32db094923f7adf2183b7,success,bart,classifier-panel-v1,198,1,1010,135,135,5f676f570f4e80fc37b6829f69be6719808857161a27368334d1569f38fc5bf4,5f676f570f4e80fc37b6829f69be6719808857161a27368334d1569f38fc5bf4,0.31557361411563095,0.31557361411563095,0.31557361411563095,0.31557361411563095,0.49656769064337103,0.49656769064337103,0.49656769064337103,0.49656769064337103,0.9134670278670046,0.9134670278670046,0.9134670278670046,0.9134670278670046,0.28776074250627154,0.28776074250627154,0.28776074250627154,0.28776074250627154,0.9269604924994825,0.9269604924994825,0.9269604924994825,0.9269604924994825,0.730874685623257,0.730874685623257,0.730874685623257,0.730874685623257,0.869553587187428,0.869553587187428,0.869553587187428,0.869553587187428,0.8250620367003122,0.8250620367003122,0.8250620367003122,0.8250620367003122,0.9549424117439385,0.9549424117439385,0.9549424117439385,0.9549424117439385,0.5785011557267133,0.5785011557267133,0.5785011557267133,0.5785011557267133,0.6393260218173649,0.6393260218173649,0.6393260218173649,0.6393260218173649,0.630767757576549,0.630767757576549,0.630767757576549,0.630767757576549,0.6099186508285033,0.6099186508285033,0.6099186508285033,0.6099186508285033,0.5916590883142527,0.5916590883142527,0.5916590883142527,0.5916590883142527,0.6984791697064844,0.6984791697064844,0.6984791697064844,0.6984791697064844,0.11225388575192254,0.11225388575192254,0.11225388575192254,0.11225388575192254,0.04287796599667295,0.04287796599667295,0.04287796599667295,0.04287796599667295
song_56bdd8217899c9e589dcd9c9815cd8a10cefaf5d231d74e390d1dde403f23b9e,success,bart,classifier-panel-v1,325,1,1010,232,232,26a2e19f699a808ed931c421693dbcafdc37085de49dacb827af3f005899c698,26a2e19f699a808ed931c421693dbcafdc37085de49dacb827af3f005899c698,0.685637977242498,0.685637977242498,0.685637977242498,0.685637977242498,0.5149770860376859,0.5149770860376859,0.5149770860376859,0.5149770860376859,0.9447881880282993,0.9447881880282993,0.9447881880282993,0.9447881880282993,0.6817971007457377,0.6817971007457377,0.6817971007457377,0.6817971007457377,0.9787465531213644,0.9787465531213644,0.9787465531213644,0.9787465531213644,0.9678398746707257,0.9678398746707257,0.9678398746707257,0.9678398746707257,0.9764973444939031,0.9764973444939031,0.9764973444939031,0.9764973444939031,0.9361673483591886,0.9361673483591886,0.9361673483591886,0.9361673483591886,0.9742427436102454,0.9742427436102454,0.9742427436102454,0.9742427436102454,0.7140611887459546,0.7140611887459546,0.7140611887459546,0.7140611887459546,0.7870961286338688,0.7870961286338688,0.7870961286338688,0.7870961286338688,0.8686908472722136,0.8686908472722136,0.8686908472722136,0.8686908472722136,0.9778191851137918,0.9778191851137918,0.9778191851137918,0.9778191851137918,0.8205905200131247,0.8205905200131247,0.8205905200131247,0.8205905200131247,0.8018241738353962,0.8018241738353962,0.8018241738353962,0.8018241738353962,0.2178737203429489,0.2178737203429489,0.2178737203429489,0.2178737203429489,0.5824754896520724,0.5824754896520724,0.5824754896520724,0.5824754896520724
song_e860962415e52ac4be856ff3fa67796897ffd7bed74fc6959aa53ced2839c9e0,success,bart,classifier-panel-v1,351,1,1010,245,245,1a9a4b93dfeb310e9537823ae838ff8d4f4e9305d9049fcd6029d7754748e231,1a9a4b93dfeb310e9537823ae838ff8d4f4e9305d9049fcd6029d7754748e231,0.21359626543903187,0.21359626543903187,0.21359626543903187,0.21359626543903187,0.16725054041095294,0.16725054041095294,0.16725054041095294,0.16725054041095294,0.9598779019833924,0.9598779019833924,0.9598779019833924,0.9598779019833924,0.18616112076780775,0.18616112076780775,0.18616112076780775,0.18616112076780775,0.9917548297745621,0.9917548297745621,0.9917548297745621,0.9917548297745621,0.5789203280001763,0.5789203280001763,0.5789203280001763,0.5789203280001763,0.7917402368124266,0.7917402368124266,0.7917402368124266,0.7917402368124266,0.5090394228142373,0.5090394228142373,0.5090394228142373,0.5090394228142373,0.7941322192840825,0.7941322192840825,0.7941322192840825,0.7941322192840825,0.5471943431681286,0.5471943431681286,0.5471943431681286,0.5471943431681286,0.38596053995756713,0.38596053995756713,0.38596053995756713,0.38596053995756713,0.521417661577538,0.521417661577538,0.521417661577538,0.521417661577538,0.9397742035602271,0.9397742035602271,0.9397742035602271,0.9397742035602271,0.6592171052246054,0.6592171052246054,0.6592171052246054,0.6592171052246054,0.7016642009483386,0.7016642009483386,0.7016642009483386,0.7016642009483386,0.1532947429658323,0.1532947429658323,0.1532947429658323,0.1532947429658323,0.22600425962778622,0.22600425962778622,0.22600425962778622,0.22600425962778622
song_179feb8a79929d69156bfaf7c8ed48a7d01d17db6762f40e1d540507cc4f76e6,success,bart,classifier-panel-v1,951,1,1010,611,611,91de81a8c96dfb3a9f7e59c48337c7869766e31704c97c08960861fd4ca830a9,91de81a8c96dfb3a9f7e59c48337c7869766e31704c97c08960861fd4ca830a9,0.9634719139247481,0.9634719139247481,0.9634719139247481,0.9634719139247481,0.9512432777256888,0.9512432777256888,0.9512432777256888,0.9512432777256888,0.8791484583724466,0.8791484583724466,0.8791484583724466,0.8791484583724466,0.9533313459458387,0.9533313459458387,0.9533313459458387,0.9533313459458387,0.9812782849332012,0.9812782849332012,0.9812782849332012,0.9812782849332012,0.9784423189485932,0.9784423189485932,0.9784423189485932,0.9784423189485932,0.9843292807532777,0.9843292807532777,0.9843292807532777,0.9843292807532777,0.8810916009580122,0.8810916009580122,0.8810916009580122,0.8810916009580122,0.7706509038704984,0.7706509038704984,0.7706509038704984,0.7706509038704984,0.970959786198619,0.970959786198619,0.970959786198619,0.970959786198619,0.9414037390172394,0.9414037390172394,0.9414037390172394,0.9414037390172394,0.9476490177162229,0.9476490177162229,0.9476490177162229,0.9476490177162229,0.7775489790102456,0.7775489790102456,0.7775489790102456,0.7775489790102456,0.9263422333492538,0.9263422333492538,0.9263422333492538,0.9263422333492538,0.8970519713191368,0.8970519713191368,0.8970519713191368,0.8970519713191368,0.9804003786443082,0.9804003786443082,0.9804003786443082,0.9804003786443082,0.984504439801182,0.984504439801182,0.984504439801182,0.984504439801182
song_a9824e4acd085fbd53e561a95b0a44b852833928c774ab7affba998ddfec95a6,success,bart,classifier-panel-v1,251,1,1010,191,191,7358e388ec50d62a98dff15f2987b7f389927888d53b9bf7e4906549542b36d0,7358e388ec50d62a98dff15f2987b7f389927888d53b9bf7e4906549542b36d0,0.22474675546325085,0.22474675546325085,0.22474675546325085,0.22474675546325085,0.6691274590988825,0.6691274590988825,0.6691274590988825,0.6691274590988825,0.9825804886532211,0.9825804886532211,0.9825804886532211,0.9825804886532211,0.5639194306961273,0.5639194306961273,0.5639194306961273,0.5639194306961273,0.7459591795832714,0.7459591795832714,0.7459591795832714,0.7459591795832714,0.1815181654738357,0.1815181654738357,0.1815181654738357,0.1815181654738357,0.1710208968125428,0.1710208968125428,0.1710208968125428,0.1710208968125428,0.49151075262080945,0.49151075262080945,0.49151075262080945,0.49151075262080945,0.873134741100989,0.873134741100989,0.873134741100989,0.873134741100989,0.1089128628452012,0.1089128628452012,0.1089128628452012,0.1089128628452012,0.2533305658825878,0.2533305658825878,0.2533305658825878,0.2533305658825878,0.9393429219132908,0.9393429219132908,0.9393429219132908,0.9393429219132908,0.61938407270002,0.61938407270002,0.61938407270002,0.61938407270002,0.988641442890692,0.988641442890692,0.988641442890692,0.988641442890692,0.33625061866227834,0.33625061866227834,0.33625061866227834,0.33625061866227834,0.9262771273532839,0.9262771273532839,0.9262771273532839,0.9262771273532839,0.0277281046017135,0.0277281046017135,0.0277281046017135,0.0277281046017135
song_8dc915eed4c70e3c837e01cd5e20204612237664f511b3bef8fbde1bbd51f7d9,success,bart,classifier-panel-v1,784,1,1010,505,505,65c9dffb0d36140aec24016299e3e0a7def5f523feb0653f39e807b807820ea8,65c9dffb0d36140aec24016299e3e0a7def5f523feb0653f39e807b807820ea8,0.7571518248018151,0.7571518248018151,0.7571518248018151,0.7571518248018151,0.12848478061889798,0.12848478061889798,0.12848478061889798,0.12848478061889798,0.5139207170378404,0.5139207170378404,0.5139207170378404,0.5139207170378404,0.4047544551683875,0.4047544551683875,0.4047544551683875,0.4047544551683875,0.986045464102957,0.986045464102957,0.986045464102957,0.986045464102957,0.5209869966311728,0.5209869966311728,0.5209869966311728,0.5209869966311728,0.8042695610658871,0.8042695610658871,0.8042695610658871,0.8042695610658871,0.014482517712762658,0.014482517712762658,0.014482517712762658,0.014482517712762658,0.10959104182237252,0.10959104182237252,0.10959104182237252,0.10959104182237252,0.9831317344906706,0.9831317344906706,0.9831317344906706,0.9831317344906706,0.17032066179390326,0.17032066179390326,0.17032066179390326,0.17032066179390326,0.5798566197060278,0.5798566197060278,0.5798566197060278,0.5798566197060278,0.44690954569452407,0.44690954569452407,0.44690954569452407,0.44690954569452407,0.660463168516351,0.660463168516351,0.660463168516351,0.660463168516351,0.1324521331258111,0.1324521331258111,0.1324521331258111,0.1324521331258111,0.29065511006076694,0.29065511006076694,0.29065511006076694,0.29065511006076694,0.14404624434219002,0.14404624434219002,0.14404624434219002,0.14404624434219002
song_fcee43b920ec51e027d82e5ebc7bf690e03815c44a91d5aaaa74f62fb232fd79,success,bart,classifier-panel-v1,1268,2,1010,544,544,fd30e27cd6b03f3ecc6612c75779cb3d2557980893c704cac146fd2198390a4a,fd30e27cd6b03f3ecc6612c75779cb3d2557980893c704cac146fd2198390a4a,0.9793121691542704,0.9424148060644084,0.971932696536298,0.9424148060644084,0.7633571435694456,0.4834392199358438,0.7073735588427252,0.4834392199358439,0.9756618795029962,0.8957204222530346,0.9596735880530038,0.8957204222530345,0.966510885541633,0.8650147896187578,0.946211666357058,0.8650147896187578,0.9979831049878928,0.9906545011993246,0.9965173842301791,0.9906545011993245,0.9984245250367345,0.9951933843676414,0.9977782969029159,0.9951933843676414,0.9990670056013643,0.9961506554566907,0.9984837355724295,0.9961506554566907,0.9641096534408148,0.8162482194982081,0.9345373666522935,0.8162482194982081,0.9784162938656505,0.8002897744427364,0.9427909899810677,0.8002897744427363,0.9904928338731807,0.8570564529194002,0.9638055576824246,0.8570564529194001,0.962841356715886,0.8249364535581114,0.9352603760843311,0.8249364535581114,0.9758609918865009,0.8806863748221174,0.9568260684736242,0.8806863748221173,0.9950722663696887,0.9852705699383493,0.9931119270834208,0.9852705699383493,0.9483064226811069,0.8983071838622496,0.9383065749173354,0.8983071838622497,0.9885386394343494,0.9536449391960844,0.9815598993866964,0.9536449391960843,0.8828506682401739,0.6393840936285495,0.834157353317849,0.6393840936285495,0.9881088636493364,0.9468488830415717,0.9798568675277834,0.9468488830415717
song_e5a9b37663cfbdb5ae172e52dd414002d0cd701bc5969a41cb382007b35a9092,success,bart,classifier-panel-v1,1495,2,1010,946,946,b0e1d82b974c4e7db52113930dfc0c8257d0b6153980baff5f54d92317b0167f,b0e1d82b974c4e7db52113930dfc0c8257d0b6153980baff5f54d92317b0167f,0.9068833108671972,0.8856593323268867,0.9026385151591351,0.8856735289680507,0.8978554869067591,0.8892038404024021,0.8961251576058877,0.88920962745692,0.9839333410097431,0.9799795009312249,0.9831425729940394,0.9799768562221423,0.9197709736300151,0.809220536474849,0.8976608861989819,0.8092944832555548,0.9864746223666769,0.7938452037671597,0.9479487386467735,0.7937163546577287,0.6692795411016251,0.6251974123742572,0.6604631153561515,0.6251679260005265,0.9688548817104937,0.720577688289702,0.9191994430263354,0.7204116165884172,0.783387535789985,0.6408577152859332,0.7548815716891746,0.640953052958511,0.8804873612489263,0.7966865175595352,0.8637271925110481,0.7966304634834888,0.94073940764689,0.7460925277344199,0.901810031664396,0.7459623291525387,0.8852669949795131,0.7346756134368755,0.8551487186709856,0.7345748834157768,0.9899618829064387,0.9836070202430829,0.9886909103737676,0.9836112709873394,0.8627977645625622,0.7976235744097393,0.8497629265319976,0.7976671691857613,0.8223643245220511,0.7711858457355627,0.8121286287647534,0.7712200788317408,0.29996135175708627,0.22699661775162927,0.28536840495599486,0.22694781190948515,0.959243570785132,0.8951589040626076,0.9464266374406272,0.8952017700604152,0.9947504409539741,0.9940715241202044,0.9946146575872202,0.9940710699952321
song_ddd4c1911d61ba872c932e1ebf7bab492d51ca29e94feea236ab5efa08127983,success,bart,classifier-panel-v1,226,1,1010,167,167,f060bb8cfbf9898dacf180043c1a9c73db68ad03773eb70ae15ffdf9883492ad,f060bb8cfbf9898dacf180043c1a9c73db68ad03773eb70ae15ffdf9883492ad,0.39746197482495665,0.39746197482495665,0.39746197482495665,0.39746197482495665,0.044679860238566176,0.044679860238566176,0.044679860238566176,0.044679860238566176,0.9280141882069858,0.9280141882069858,0.9280141882069858,0.9280141882069858,0.24272277460742,0.24272277460742,0.24272277460742,0.24272277460742,0.9380845493824898,0.9380845493824898,0.9380845493824898,0.9380845493824898,0.9444220127943983,0.9444220127943983,0.9444220127943983,0.9444220127943983,0.9981524003346693,0.9981524003346693,0.9981524003346693,0.9981524003346693,0.08397376221263554,0.08397376221263554,0.08397376221263554,0.08397376221263554,0.9764175710053259,0.9764175710053259,0.9764175710053259,0.9764175710053259,0.20784760470570263,0.20784760470570263,0.20784760470570263,0.20784760470570263,0.08680288032796564,0.08680288032796564,0.08680288032796564,0.08680288032796564,0.35376982463465423,0.35376982463465423,0.35376982463465423,0.35376982463465423,0.9990070941389673,0.9990070941389673,0.9990070941389673,0.9990070941389673,0.9530937421790724,0.9530937421790724,0.9530937421790724,0.9530937421790724,0.09843808069817243,0.09843808069817243,0.09843808069817243,0.09843808069817243,0.06089885403325949,0.06089885403325949,0.06089885403325949,0.06089885403325949,0.024230170273893382,0.024230170273893382,0.024230170273893382,0.024230170273893382
song_982e85e0772bde84905c4e66075cab71738b9c33711f12180e2c9ebc6a30e58e,success,bart,classifier-panel-v1,655,1,1010,464,464,c741b6bb93c8833631da7b1881fe696c8a08b08e57bfa36e287141cd97e74e89,c741b6bb93c8833631da7b1881fe696c8a08b08e57bfa36e287141cd97e74e89,0.6843526142329186,0.6843526142329186,0.6843526142329186,0.6843526142329186,0.2975516186195314,0.2975516186195314,0.2975516186195314,0.2975516186195314,0.8783211252760009,0.8783211252760009,0.8783211252760009,0.8783211252760009,0.4563276385167845,0.4563276385167845,0.4563276385167845,0.4563276385167845,0.9664959556536438,0.9664959556536438,0.9664959556536438,0.9664959556536438,0.9362119781299467,0.9362119781299467,0.9362119781299467,0.9362119781299467,0.9726879369270931,0.9726879369270931,0.9726879369270931,0.9726879369270931,0.5267211031739676,0.5267211031739676,0.5267211031739676,0.5267211031739676,0.8919570087167479,0.8919570087167479,0.8919570087167479,0.8919570087167479,0.17988411451937608,0.17988411451937608,0.17988411451937608,0.17988411451937608,0.36208511766673845,0.36208511766673845,0.36208511766673845,0.36208511766673845,0.5241430555843362,0.5241430555843362,0.5241430555843362,0.5241430555843362,0.9751360197727907,0.9751360197727907,0.9751360197727907,0.9751360197727907,0.7477609855253594,0.7477609855253594,0.7477609855253594,0.7477609855253594,0.29215693026052314,0.29215693026052314,0.29215693026052314,0.29215693026052314,0.5157462127961847,0.5157462127961847,0.5157462127961847,0.5157462127961847,0.1709166071556409,0.1709166071556409,0.1709166071556409,0.1709166071556409
song_a6cc3d1c997f8e07adade9fd28c157e4d03f4f8f4987adaac8a306b72b6f13a6,success,bart,classifier-panel-v1,359,1,1010,258,258,2e1a0cdf870cfd21b467587a6983ef260320cda0cd2c0e9a3e4e65119bda72c4,2e1a0cdf870cfd21b467587a6983ef260320cda0cd2c0e9a3e4e65119bda72c4,0.6616643963164384,0.6616643963164384,0.6616643963164384,0.6616643963164384,0.11693665314765198,0.11693665314765198,0.11693665314765198,0.11693665314765198,0.6161417668827909,0.6161417668827909,0.6161417668827909,0.6161417668827909,0.28614557474462876,0.28614557474462876,0.28614557474462876,0.28614557474462876,0.974187734182612,0.974187734182612,0.974187734182612,0.974187734182612,0.814848403025148,0.814848403025148,0.814848403025148,0.814848403025148,0.9911018408754328,0.9911018408754328,0.9911018408754328,0.9911018408754328,0.10506337138086994,0.10506337138086994,0.10506337138086994,0.10506337138086994,0.28786576777839346,0.28786576777839346,0.28786576777839346,0.28786576777839346,0.947692991661582,0.947692991661582,0.947692991661582,0.947692991661582,0.26368246805344314,0.26368246805344314,0.26368246805344314,0.26368246805344314,0.5841158625550696,0.5841158625550696,0.5841158625550696,0.5841158625550696,0.9935472340010737,0.9935472340010737,0.9935472340010737,0.9935472340010737,0.9462765759756735,0.9462765759756735,0.9462765759756735,0.9462765759756735,0.22741570410706297,0.22741570410706297,0.22741570410706297,0.22741570410706297,0.07419656116104827,0.07419656116104827,0.07419656116104827,0.07419656116104827,0.10590014251252727,0.10590014251252727,0.10590014251252727,0.10590014251252727
song_3be80d6898e6d7126085bef1a2e577252c3acb8d6fb29059cd60aa374c032093,success,bart,classifier-panel-v1,856,1,1010,596,596,b58577a84a6d3c8ca87d5d624ee4fe7dc17460b9d63fd368addbe07a7e7fc203,b58577a84a6d3c8ca87d5d624ee4fe7dc17460b9d63fd368addbe07a7e7fc203,0.8106539719985439,0.8106539719985439,0.8106539719985439,0.8106539719985439,0.9874906979309839,0.9874906979309839,0.9874906979309839,0.9874906979309839,0.9914320932286014,0.9914320932286014,0.9914320932286014,0.9914320932286014,0.9463050854319772,0.9463050854319772,0.9463050854319772,0.9463050854319772,0.9320085619214257,0.9320085619214257,0.9320085619214257,0.9320085619214257,0.9578885717149233,0.9578885717149233,0.9578885717149233,0.9578885717149233,0.4985656274715431,0.4985656274715431,0.4985656274715431,0.4985656274715431,0.9967821356530763,0.9967821356530763,0.9967821356530763,0.9967821356530763,0.9480611152898412,0.9480611152898412,0.9480611152898412,0.9480611152898412,0.9714145389850051,0.9714145389850051,0.9714145389850051,0.9714145389850051,0.9323010243265228,0.9323010243265228,0.9323010243265228,0.9323010243265228,0.9967411814312804,0.9967411814312804,0.9967411814312804,0.9967411814312804,0.08524095191966302,0.08524095191966302,0.08524095191966302,0.08524095191966302,0.9361201446223932,0.9361201446223932,0.9361201446223932,0.9361201446223932,0.5417870883188706,0.5417870883188706,0.5417870883188706,0.5417870883188706,0.99964934109565,0.99964934109565,0.99964934109565,0.99964934109565,0.9252550277358723,0.9252550277358723,0.9252550277358723,0.9252550277358723
song_59b578620c6f147ffde7e2fc69ee9a4809e9a70977488526ad587f45fee9ae3c,success,bart,classifier-panel-v1,842,1,1010,547,547,1c9e200d0c2541e800905a8908921c3f77e632a00f26db2a89294ea3389ad70d,1c9e200d0c2541e800905a8908921c3f77e632a00f26db2a89294ea3389ad70d,0.8564936033559459,0.8564936033559459,0.8564936033559459,0.8564936033559459,0.5393124132210558,0.5393124132210558,0.5393124132210558,0.5393124132210558,0.8829320168770817,0.8829320168770817,0.8829320168770817,0.8829320168770817,0.8423444177884037,0.8423444177884037,0.8423444177884037,0.8423444177884037,0.9819702966110108,0.9819702966110108,0.9819702966110108,0.9819702966110108,0.9708968279245143,0.9708968279245143,0.9708968279245143,0.9708968279245143,0.957509714324195,0.957509714324195,0.957509714324195,0.957509714324195,0.8783767892817028,0.8783767892817028,0.8783767892817028,0.8783767892817028,0.8394196633044336,0.8394196633044336,0.8394196633044336,0.8394196633044336,0.897677527615919,0.897677527615919,0.897677527615919,0.897677527615919,0.858249816138477,0.858249816138477,0.858249816138477,0.858249816138477,0.8058421656928084,0.8058421656928084,0.8058421656928084,0.8058421656928084,0.9915390934571829,0.9915390934571829,0.9915390934571829,0.9915390934571829,0.9530565930955509,0.9530565930955509,0.9530565930955509,0.9530565930955509,0.903256141706887,0.903256141706887,0.903256141706887,0.903256141706887,0.8225666137502554,0.8225666137502554,0.8225666137502554,0.8225666137502554,0.8976121244509975,0.8976121244509975,0.8976121244509975,0.8976121244509975
song_4cc7506f1e8d8210be05ab31ae91bd610554d866b02bf85d1040cd114b42b273,success,bart,classifier-panel-v1,268,1,1010,207,207,d36ca61a7d48378819d322639e6131ba77ae0f6e031ba61562c95a7bb9640d0c,d36ca61a7d48378819d322639e6131ba77ae0f6e031ba61562c95a7bb9640d0c,0.2557088127613308,0.2557088127613308,0.2557088127613308,0.2557088127613308,0.24224471934634728,0.24224471934634728,0.24224471934634728,0.24224471934634728,0.9408205635378076,0.9408205635378076,0.9408205635378076,0.9408205635378076,0.2361426456335104,0.2361426456335104,0.2361426456335104,0.2361426456335104,0.19554783585924707,0.19554783585924707,0.19554783585924707,0.19554783585924707,0.877927630237049,0.877927630237049,0.877927630237049,0.877927630237049,0.8257176419208131,0.8257176419208131,0.8257176419208131,0.8257176419208131,0.9670219532176414,0.9670219532176414,0.9670219532176414,0.9670219532176414,0.9937615896654032,0.9937615896654032,0.9937615896654032,0.9937615896654032,0.17686450050955793,0.17686450050955793,0.17686450050955793,0.17686450050955793,0.34079094231844387,0.34079094231844387,0.34079094231844387,0.34079094231844387,0.46865396850451346,0.46865396850451346,0.46865396850451346,0.46865396850451346,0.8996737195078027,0.8996737195078027,0.8996737195078027,0.8996737195078027,0.5163386684161753,0.5163386684161753,0.5163386684161753,0.5163386684161753,0.22559013569292005,0.22559013569292005,0.22559013569292005,0.22559013569292005,0.09964301500208031,0.09964301500208031,0.09964301500208031,0.09964301500208031,0.18729278483369322,0.18729278483369322,0.18729278483369322,0.18729278483369322
song_a22606f73b2eb26912bcd4c63b31ac5c72f573b98d06a74097ac6988b8a4761a,success,bart,classifier-panel-v1,393,1,1010,295,295,71be88344ade240a4fdc3028ae667a26144994cfa3b944161876d4db0a475fd3,71be88344ade240a4fdc3028ae667a26144994cfa3b944161876d4db0a475fd3,0.4032998367420149,0.4032998367420149,0.4032998367420149,0.4032998367420149,0.10676331272847372,0.10676331272847372,0.10676331272847372,0.10676331272847372,0.7495457259627407,0.7495457259627407,0.7495457259627407,0.7495457259627407,0.29880797980176876,0.29880797980176876,0.29880797980176876,0.29880797980176876,0.9223534232281003,0.9223534232281003,0.9223534232281003,0.9223534232281003,0.8334977317496394,0.8334977317496394,0.8334977317496394,0.8334977317496394,0.9203554460970585,0.9203554460970585,0.9203554460970585,0.9203554460970585,0.4641315920939601,0.4641315920939601,0.4641315920939601,0.4641315920939601,0.706669741768702,0.706669741768702,0.706669741768702,0.706669741768702,0.36364092149937893,0.36364092149937893,0.36364092149937893,0.36364092149937893,0.4695837718764096,0.4695837718764096,0.4695837718764096,0.4695837718764096,0.44300956668345337,0.44300956668345337,0.44300956668345337,0.44300956668345337,0.9497124659364289,0.9497124659364289,0.9497124659364289,0.9497124659364289,0.642720696624833,0.642720696624833,0.642720696624833,0.642720696624833,0.8196841168478476,0.8196841168478476,0.8196841168478476,0.8196841168478476,0.1160941055002087,0.1160941055002087,0.1160941055002087,0.1160941055002087,0.3049684742497453,0.3049684742497453,0.3049684742497453,0.3049684742497453
song_be18506dff183b6a8ee7e34e0063fde1d8f047a431bce1ad15210cd247070d71,success,bart,classifier-panel-v1,802,1,1010,586,586,4fbbe99b5fad58cc08f65a272f03ee53ea321adc274ab546e3f5fed321e06a4e,4fbbe99b5fad58cc08f65a272f03ee53ea321adc274ab546e3f5fed321e06a4e,0.9450110773725355,0.9450110773725355,0.9450110773725355,0.9450110773725355,0.6578907982465065,0.6578907982465065,0.6578907982465065,0.6578907982465065,0.9530339423250633,0.9530339423250633,0.9530339423250633,0.9530339423250633,0.8669104938470562,0.8669104938470562,0.8669104938470562,0.8669104938470562,0.9909075654851939,0.9909075654851939,0.9909075654851939,0.9909075654851939,0.9933301795968206,0.9933301795968206,0.9933301795968206,0.9933301795968206,0.9969203634518754,0.9969203634518754,0.9969203634518754,0.9969203634518754,0.9451916958187172,0.9451916958187172,0.9451916958187172,0.9451916958187172,0.9917713653574037,0.9917713653574037,0.9917713653574037,0.9917713653574037,0.8220235941365179,0.8220235941365179,0.8220235941365179,0.8220235941365179,0.908358309544516,0.908358309544516,0.908358309544516,0.908358309544516,0.945375599866538,0.945375599866538,0.945375599866538,0.945375599866538,0.9625336602969883,0.9625336602969883,0.9625336602969883,0.9625336602969883,0.9725897223774178,0.9725897223774178,0.9725897223774178,0.9725897223774178,0.6959830825339498,0.6959830825339498,0.6959830825339498,0.6959830825339498,0.9108058023812858,0.9108058023812858,0.9108058023812858,0.9108058023812858,0.973308295215313,0.973308295215313,0.973308295215313,0.973308295215313
song_431842b1312020e5d414f0de65e5c9ec072969ac8df182145eb4f25f39e9a5d3,success,bart,classifier-panel-v1,404,1,1010,296,296,e4468202ca6130c0bc322d6de2293247f257d7a08b84b9ac3de9132daf56ff47,e4468202ca6130c0bc322d6de2293247f257d7a08b84b9ac3de9132daf56ff47,0.7429507559799057,0.7429507559799057,0.7429507559799057,0.7429507559799057,0.23981298946230808,0.23981298946230808,0.23981298946230808,0.23981298946230808,0.8184915420800826,0.8184915420800826,0.8184915420800826,0.8184915420800826,0.5968079164092299,0.5968079164092299,0.5968079164092299,0.5968079164092299,0.988224335474626,0.988224335474626,0.988224335474626,0.988224335474626,0.8859551119710853,0.8859551119710853,0.8859551119710853,0.8859551119710853,0.9972913174312824,0.9972913174312824,0.9972913174312824,0.9972913174312824,0.44340770772879534,0.44340770772879534,0.44340770772879534,0.44340770772879534,0.8510659791180712,0.8510659791180712,0.8510659791180712,0.8510659791180712,0.5410692622400264,0.5410692622400264,0.5410692622400264,0.5410692622400264,0.4325705312032544,0.4325705312032544,0.4325705312032544,0.4325705312032544,0.8072055003550231,0.8072055003550231,0.8072055003550231,0.8072055003550231,0.9957754751519055,0.9957754751519055,0.9957754751519055,0.9957754751519055,0.9251190316739989,0.9251190316739989,0.9251190316739989,0.9251190316739989,0.7586357429983129,0.7586357429983129,0.7586357429983129,0.7586357429983129,0.3761372848172961,0.3761372848172961,0.3761372848172961,0.3761372848172961,0.3735399927529952,0.3735399927529952,0.3735399927529952,0.3735399927529952
song_a774cd098b6d541712b9c125d8283d2050e37bbd30ccb15a2f46def348e4cd32,success,bart,classifier-panel-v1,343,1,1010,208,208,4316181b1d7967eb4750ec778c6111a095eec8f3522f51902e26dd093ff386d1,4316181b1d7967eb4750ec778c6111a095eec8f3522f51902e26dd093ff386d1,0.436244844425966,0.436244844425966,0.436244844425966,0.436244844425966,0.3763531732648429,0.3763531732648429,0.3763531732648429,0.3763531732648429,0.8720392074717614,0.8720392074717614,0.8720392074717614,0.8720392074717614,0.38291102886469497,0.38291102886469497,0.38291102886469497,0.38291102886469497,0.8126993127396805,0.8126993127396805,0.8126993127396805,0.8126993127396805,0.9130475451910014,0.9130475451910014,0.9130475451910014,0.9130475451910014,0.9051730885494973,0.9051730885494973,0.9051730885494973,0.9051730885494973,0.7142845492269561,0.7142845492269561,0.7142845492269561,0.7142845492269561,0.7288585039370836,0.7288585039370836,0.7288585039370836,0.7288585039370836,0.4925449055386015,0.4925449055386015,0.4925449055386015,0.4925449055386015,0.4672626928366145,0.4672626928366145,0.4672626928366145,0.4672626928366145,0.4732995651878085,0.4732995651878085,0.4732995651878085,0.4732995651878085,0.7159451877928398,0.7159451877928398,0.7159451877928398,0.7159451877928398,0.5854202575735035,0.5854202575735035,0.5854202575735035,0.5854202575735035,0.7121805274026751,0.7121805274026751,0.7121805274026751,0.7121805274026751,0.4934104324218784,0.4934104324218784,0.4934104324218784,0.4934104324218784,0.3226196638152946,0.3226196638152946,0.3226196638152946,0.3226196638152946
song_bc36f76c0600a69cd4e5b99246c99c1d53f92053556b363163a3317600484a6a,success,bart,classifier-panel-v1,477,1,1010,338,338,24d2b1adbe6d78329e83ef6faef6f282650be1be197119fc4948dea87e77cd22,24d2b1adbe6d78329e83ef6faef6f282650be1be197119fc4948dea87e77cd22,0.6815284912924511,0.6815284912924511,0.6815284912924511,0.6815284912924511,0.24204497340161044,0.24204497340161044,0.24204497340161044,0.24204497340161044,0.884904249513083,0.884904249513083,0.884904249513083,0.884904249513083,0.5174954603913439,0.5174954603913439,0.5174954603913439,0.5174954603913439,0.967518510632463,0.967518510632463,0.967518510632463,0.967518510632463,0.8608936727103901,0.8608936727103901,0.8608936727103901,0.8608936727103901,0.962966879864278,0.962966879864278,0.962966879864278,0.962966879864278,0.4923025044178882,0.4923025044178882,0.4923025044178882,0.4923025044178882,0.9552179755410063,0.9552179755410063,0.9552179755410063,0.9552179755410063,0.39468453093995487,0.39468453093995487,0.39468453093995487,0.39468453093995487,0.5736840781280237,0.5736840781280237,0.5736840781280237,0.5736840781280237,0.7908159038087641,0.7908159038087641,0.7908159038087641,0.7908159038087641,0.9885083753664359,0.9885083753664359,0.9885083753664359,0.9885083753664359,0.8546840645112633,0.8546840645112633,0.8546840645112633,0.8546840645112633,0.4142499647530657,0.4142499647530657,0.4142499647530657,0.4142499647530657,0.27417441043562063,0.27417441043562063,0.27417441043562063,0.27417441043562063,0.6576710830271009,0.6576710830271009,0.6576710830271009,0.6576710830271009
song_668b336197fa733f28d2114cb0d4483a98714bc5a9eccdd49869518404fafff0,success,bart,classifier-panel-v1,437,1,1010,230,230,7a4ce57a61053412580d2ecd67ffdf825e8b4fb67c5cea8d2a6d25031daf6d9a,7a4ce57a61053412580d2ecd67ffdf825e8b4fb67c5cea8d2a6d25031daf6d9a,0.3366836034621575,0.3366836034621575,0.3366836034621575,0.3366836034621575,0.09687137275263022,0.09687137275263022,0.09687137275263022,0.09687137275263022,0.5848779158961788,0.5848779158961788,0.5848779158961788,0.5848779158961788,0.23046641047008345,0.23046641047008345,0.23046641047008345,0.23046641047008345,0.4366978295470744,0.4366978295470744,0.4366978295470744,0.4366978295470744,0.5901760799329874,0.5901760799329874,0.5901760799329874,0.5901760799329874,0.5189064520371871,0.5189064520371871,0.5189064520371871,0.5189064520371871,0.22909580119920805,0.22909580119920805,0.22909580119920805,0.22909580119920805,0.4630350858190092,0.4630350858190092,0.4630350858190092,0.4630350858190092,0.198816732337167,0.198816732337167,0.198816732337167,0.198816732337167,0.20295151342665593,0.20295151342665593,0.20295151342665593,0.20295151342665593,0.5048488199531882,0.5048488199531882,0.5048488199531882,0.5048488199531882,0.8373591792269853,0.8373591792269853,0.8373591792269853,0.8373591792269853,0.693889350010406,0.693889350010406,0.693889350010406,0.693889350010406,0.17147878948911344,0.17147878948911344,0.17147878948911344,0.17147878948911344,0.19855974103451587,0.19855974103451587,0.19855974103451587,0.19855974103451587,0.5666395806477047,0.5666395806477047,0.5666395806477047,0.5666395806477047
song_a5ffceb48df141a6ead277d91c687b6b6f87f4e4a27eaca6b77af8deac820a52,success,bart,classifier-panel-v1,351,1,1010,245,245,2740d098d210ac5fea54a7260629d3c1ba0b0d0fc1d1adec66910b88f35e49f8,2740d098d210ac5fea54a7260629d3c1ba0b0d0fc1d1adec66910b88f35e49f8,0.4784319511784221,0.4784319511784221,0.4784319511784221,0.4784319511784221,0.31357562689170154,0.31357562689170154,0.31357562689170154,0.31357562689170154,0.8547885828251148,0.8547885828251148,0.8547885828251148,0.8547885828251148,0.3105643214737943,0.3105643214737943,0.3105643214737943,0.3105643214737943,0.9801841663975492,0.9801841663975492,0.9801841663975492,0.9801841663975492,0.8095518219067411,0.8095518219067411,0.8095518219067411,0.8095518219067411,0.9512076843772381,0.9512076843772381,0.9512076843772381,0.9512076843772381,0.7393563179728216,0.7393563179728216,0.7393563179728216,0.7393563179728216,0.9557644374614152,0.9557644374614152,0.9557644374614152,0.9557644374614152,0.46619886189255405,0.46619886189255405,0.46619886189255405,0.46619886189255405,0.35658575105079954,0.35658575105079954,0.35658575105079954,0.35658575105079954,0.8000156404095855,0.8000156404095855,0.8000156404095855,0.8000156404095855,0.9780612497141904,0.9780612497141904,0.9780612497141904,0.9780612497141904,0.679363483970868,0.679363483970868,0.679363483970868,0.679363483970868,0.7897961879423584,0.7897961879423584,0.7897961879423584,0.7897961879423584,0.06224936303063316,0.06224936303063316,0.06224936303063316,0.06224936303063316,0.12091519420432233,0.12091519420432233,0.12091519420432233,0.12091519420432233
song_828a2fabc32543ca52c9c7d0e53a3f25f6182b996df6b3fcb860b8c631774b4c,success,bart,classifier-panel-v1,506,1,1010,381,381,7fa24083cf5458524659a61a207327cb7cf66d84f6ad333830e803d010eba06a,7fa24083cf5458524659a61a207327cb7cf66d84f6ad333830e803d010eba06a,0.4777834169246017,0.4777834169246017,0.4777834169246017,0.4777834169246017,0.1917717365695783,0.1917717365695783,0.1917717365695783,0.1917717365695783,0.4081720490273699,0.4081720490273699,0.4081720490273699,0.4081720490273699,0.45171482518295764,0.45171482518295764,0.45171482518295764,0.45171482518295764,0.9918437108693752,0.9918437108693752,0.9918437108693752,0.9918437108693752,0.8966928098527773,0.8966928098527773,0.8966928098527773,0.8966928098527773,0.9895691798606642,0.9895691798606642,0.9895691798606642,0.9895691798606642,0.12924551596425904,0.12924551596425904,0.12924551596425904,0.12924551596425904,0.16619383576392785,0.16619383576392785,0.16619383576392785,0.16619383576392785,0.8148721310246637,0.8148721310246637,0.8148721310246637,0.8148721310246637,0.3664764885190747,0.3664764885190747,0.3664764885190747,0.3664764885190747,0.613315194128598,0.613315194128598,0.613315194128598,0.613315194128598,0.9864390882135567,0.9864390882135567,0.9864390882135567,0.9864390882135567,0.9154761789500298,0.9154761789500298,0.9154761789500298,0.9154761789500298,0.3471147241649726,0.3471147241649726,0.3471147241649726,0.3471147241649726,0.41564172148188927,0.41564172148188927,0.41564172148188927,0.41564172148188927,0.35192109251163767,0.35192109251163767,0.35192109251163767,0.35192109251163767
song_73fbb9f604cb292bdaf3f319390e188d21615475a6a3d28edf6ac1e542bb9ab8,success,bart,classifier-panel-v1,808,1,1010,521,521,846c27ada5a5e772d75a8325d2f63a63ee1b7bb675451599a68496f57695e96a,846c27ada5a5e772d75a8325d2f63a63ee1b7bb675451599a68496f57695e96a,0.8822287978227656,0.8822287978227656,0.8822287978227656,0.8822287978227656,0.5857438234245537,0.5857438234245537,0.5857438234245537,0.5857438234245537,0.9600076174733547,0.9600076174733547,0.9600076174733547,0.9600076174733547,0.8352715395550115,0.8352715395550115,0.8352715395550115,0.8352715395550115,0.9771357523061158,0.9771357523061158,0.9771357523061158,0.9771357523061158,0.9412471218973585,0.9412471218973585,0.9412471218973585,0.9412471218973585,0.9290373302264299,0.9290373302264299,0.9290373302264299,0.9290373302264299,0.8975249306898326,0.8975249306898326,0.8975249306898326,0.8975249306898326,0.9648748183691985,0.9648748183691985,0.9648748183691985,0.9648748183691985,0.639330145046484,0.639330145046484,0.639330145046484,0.639330145046484,0.908558708763146,0.908558708763146,0.908558708763146,0.908558708763146,0.9082897877916768,0.9082897877916768,0.9082897877916768,0.9082897877916768,0.8286420230375466,0.8286420230375466,0.8286420230375466,0.8286420230375466,0.9542183062470782,0.9542183062470782,0.9542183062470782,0.9542183062470782,0.7762949851849011,0.7762949851849011,0.7762949851849011,0.7762949851849011,0.8747666791393758,0.8747666791393758,0.8747666791393758,0.8747666791393758,0.7250157035424861,0.7250157035424861,0.7250157035424861,0.7250157035424861
song_e319997d3f69b195d329284eff16e1d5872564140a461c7a55a80ac6bddbc9cc,success,bart,classifier-panel-v1,386,1,1010,278,278,301fbf834772eaf6cb76a454093446522108faef542df7765454831e60af04d7,301fbf834772eaf6cb76a454093446522108faef542df7765454831e60af04d7,0.4376369255146676,0.4376369255146676,0.4376369255146676,0.4376369255146676,0.2114050855215229,0.2114050855215229,0.2114050855215229,0.2114050855215229,0.9574085566817505,0.9574085566817505,0.9574085566817505,0.9574085566817505,0.25252324714922414,0.25252324714922414,0.25252324714922414,0.25252324714922414,0.9750378843723079,0.9750378843723079,0.9750378843723079,0.9750378843723079,0.9689091672556226,0.9689091672556226,0.9689091672556226,0.9689091672556226,0.9956560488114525,0.9956560488114525,0.9956560488114525,0.9956560488114525,0.841902038587819,0.841902038587819,0.841902038587819,0.841902038587819,0.9751432156550335,0.9751432156550335,0.9751432156550335,0.9751432156550335,0.15545645988411208,0.15545645988411208,0.15545645988411208,0.15545645988411208,0.46046334139398704,0.46046334139398704,0.46046334139398704,0.46046334139398704,0.8050993597776781,0.8050993597776781,0.8050993597776781,0.8050993597776781,0.992584401564165,0.992584401564165,0.992584401564165,0.992584401564165,0.9385427812116444,0.9385427812116444,0.9385427812116444,0.9385427812116444,0.8498648741480335,0.8498648741480335,0.8498648741480335,0.8498648741480335,0.10113975848706984,0.10113975848706984,0.10113975848706984,0.10113975848706984,0.21832472400161643,0.21832472400161643,0.21832472400161643,0.21832472400161643
song_7ca9c9ba50368ace4ab1ebc78a7987f6aec3f2ebfc55805c5aa8c879175e0b2a,success,bart,classifier-panel-v1,311,1,1010,251,251,5f877006745ae5ae552b997af50020326f6480745e9a510af809ca545bc80984,5f877006745ae5ae552b997af50020326f6480745e9a510af809ca545bc80984,0.729309100413364,0.729309100413364,0.729309100413364,0.729309100413364,0.2342323031480126,0.2342323031480126,0.2342323031480126,0.2342323031480126,0.8622255421971136,0.8622255421971136,0.8622255421971136,0.8622255421971136,0.7137085194990249,0.7137085194990249,0.7137085194990249,0.7137085194990249,0.980867598200347,0.980867598200347,0.980867598200347,0.980867598200347,0.9750279943702077,0.9750279943702077,0.9750279943702077,0.9750279943702077,0.985273693695184,0.985273693695184,0.985273693695184,0.985273693695184,0.7153550575545318,0.7153550575545318,0.7153550575545318,0.7153550575545318,0.9242246298983597,0.9242246298983597,0.9242246298983597,0.9242246298983597,0.61856776434486,0.61856776434486,0.61856776434486,0.61856776434486,0.6146712507811174,0.6146712507811174,0.6146712507811174,0.6146712507811174,0.8217000754418632,0.8217000754418632,0.8217000754418632,0.8217000754418632,0.9912774143736817,0.9912774143736817,0.9912774143736817,0.9912774143736817,0.9032032232352595,0.9032032232352595,0.9032032232352595,0.9032032232352595,0.7721036552303696,0.7721036552303696,0.7721036552303696,0.7721036552303696,0.3138093022344688,0.3138093022344688,0.3138093022344688,0.3138093022344688,0.44494348035585796,0.44494348035585796,0.44494348035585796,0.44494348035585796
song_316a0b9ba7277c09179f346f5f806cf819a8fc0641ac5d42b6558a4c972dc6aa,success,bart,classifier-panel-v1,482,1,1010,319,319,23eedc49777f9e3075879a19c3bbed4f9a91be8a4933f3bc606ac2f5217248ef,23eedc49777f9e3075879a19c3bbed4f9a91be8a4933f3bc606ac2f5217248ef,0.45363088169137084,0.45363088169137084,0.45363088169137084,0.45363088169137084,0.2907889274775649,0.2907889274775649,0.2907889274775649,0.2907889274775649,0.9976004097408383,0.9976004097408383,0.9976004097408383,0.9976004097408383,0.3693429505895868,0.3693429505895868,0.3693429505895868,0.3693429505895868,0.8175534952781572,0.8175534952781572,0.8175534952781572,0.8175534952781572,0.7750648688055657,0.7750648688055657,0.7750648688055657,0.7750648688055657,0.42280592606763706,0.42280592606763706,0.42280592606763706,0.42280592606763706,0.7407244913004755,0.7407244913004755,0.7407244913004755,0.7407244913004755,0.9377911455665999,0.9377911455665999,0.9377911455665999,0.9377911455665999,0.15513814505499024,0.15513814505499024,0.15513814505499024,0.15513814505499024,0.6200597460526887,0.6200597460526887,0.6200597460526887,0.6200597460526887,0.8136287766233946,0.8136287766233946,0.8136287766233946,0.8136287766233946,0.4085587357115473,0.4085587357115473,0.4085587357115473,0.4085587357115473,0.5685754223593962,0.5685754223593962,0.5685754223593962,0.5685754223593962,0.39486423343014515,0.39486423343014515,0.39486423343014515,0.39486423343014515,0.3424984439824292,0.3424984439824292,0.3424984439824292,0.3424984439824292,0.08124729944868386,0.08124729944868386,0.08124729944868386,0.08124729944868386
song_e12f73c01a9b74f42d83be6090427aacf2b73668f80c0ff93c72f9ce5a7a0f79,success,bart,classifier-panel-v1,167,1,1010,131,131,7e68773f828f1c770bae174f0a47b898fae1717a4f11583ba24c41707e143074,7e68773f828f1c770bae174f0a47b898fae1717a4f11583ba24c41707e143074,0.3995361849277749,0.3995361849277749,0.3995361849277749,0.3995361849277749,0.15510250823398739,0.15510250823398739,0.15510250823398739,0.15510250823398739,0.9508677771841053,0.9508677771841053,0.9508677771841053,0.9508677771841053,0.14994935636866985,0.14994935636866985,0.14994935636866985,0.14994935636866985,0.5616919150473192,0.5616919150473192,0.5616919150473192,0.5616919150473192,0.9597725686685245,0.9597725686685245,0.9597725686685245,0.9597725686685245,0.9486249423759864,0.9486249423759864,0.9486249423759864,0.9486249423759864,0.9771918276424199,0.9771918276424199,0.9771918276424199,0.9771918276424199,0.9945454262037519,0.9945454262037519,0.9945454262037519,0.9945454262037519,0.1983082020097251,0.1983082020097251,0.1983082020097251,0.1983082020097251,0.3339113640010907,0.3339113640010907,0.3339113640010907,0.3339113640010907,0.6188534457382426,0.6188534457382426,0.6188534457382426,0.6188534457382426,0.8214063151230716,0.8214063151230716,0.8214063151230716,0.8214063151230716,0.5096432230343451,0.5096432230343451,0.5096432230343451,0.5096432230343451,0.2644098364033261,0.2644098364033261,0.2644098364033261,0.2644098364033261,0.13363491082396894,0.13363491082396894,0.13363491082396894,0.13363491082396894,0.04811265338137671,0.04811265338137671,0.04811265338137671,0.04811265338137671
song_60e2979073e5573acf270d7fd14a51c86cbc41f3db455270246563c9aa8ece7d,success,bart,classifier-panel-v1,368,1,1010,272,272,dc6c546a68039ca1a149e990301e96d93bf075d1352ba0272b634d4a63275c84,dc6c546a68039ca1a149e990301e96d93bf075d1352ba0272b634d4a63275c84,0.5191523258874008,0.5191523258874008,0.5191523258874008,0.5191523258874008,0.24843781154912686,0.24843781154912686,0.24843781154912686,0.24843781154912686,0.9600795941786753,0.9600795941786753,0.9600795941786753,0.9600795941786753,0.28899370802603896,0.28899370802603896,0.28899370802603896,0.28899370802603896,0.9708368138529225,0.9708368138529225,0.9708368138529225,0.9708368138529225,0.8610207517817394,0.8610207517817394,0.8610207517817394,0.8610207517817394,0.9959866649120426,0.9959866649120426,0.9959866649120426,0.9959866649120426,0.6816612040523071,0.6816612040523071,0.6816612040523071,0.6816612040523071,0.9717079176791339,0.9717079176791339,0.9717079176791339,0.9717079176791339,0.3393185983801343,0.3393185983801343,0.3393185983801343,0.3393185983801343,0.4619527073323545,0.4619527073323545,0.4619527073323545,0.4619527073323545,0.45420837628388966,0.45420837628388966,0.45420837628388966,0.45420837628388966,0.9290535241746449,0.9290535241746449,0.9290535241746449,0.9290535241746449,0.7020628230885252,0.7020628230885252,0.7020628230885252,0.7020628230885252,0.6945236435494602,0.6945236435494602,0.6945236435494602,0.6945236435494602,0.10999727339091057,0.10999727339091057,0.10999727339091057,0.10999727339091057,0.27662013248800593,0.27662013248800593,0.27662013248800593,0.27662013248800593
song_0b640ff50889535179208394488f8a0238ceb517a43c66b5928d1e8be421878e,success,bart,classifier-panel-v1,349,1,1010,246,246,4aeb3cb26e4e238b0469c1c13e9f93e79d143329c07a5f5ea89ec00685124879,4aeb3cb26e4e238b0469c1c13e9f93e79d143329c07a5f5ea89ec00685124879,0.5612533948605184,0.5612533948605184,0.5612533948605184,0.5612533948605184,0.49827668753185145,0.49827668753185145,0.49827668753185145,0.49827668753185145,0.8693181455617777,0.8693181455617777,0.8693181455617777,0.8693181455617777,0.5789141818324041,0.5789141818324041,0.5789141818324041,0.5789141818324041,0.9666678641832209,0.9666678641832209,0.9666678641832209,0.9666678641832209,0.8945633034124246,0.8945633034124246,0.8945633034124246,0.8945633034124246,0.9247558810162986,0.9247558810162986,0.9247558810162986,0.9247558810162986,0.7365640443647996,0.7365640443647996,0.7365640443647996,0.7365640443647996,0.9099413743013742,0.9099413743013742,0.9099413743013742,0.9099413743013742,0.7111320681982776,0.7111320681982776,0.7111320681982776,0.7111320681982776,0.7101475918210517,0.7101475918210517,0.7101475918210517,0.7101475918210517,0.7737313368070705,0.7737313368070705,0.7737313368070705,0.7737313368070705,0.8742280319518025,0.8742280319518025,0.8742280319518025,0.8742280319518025,0.7963333447324361,0.7963333447324361,0.7963333447324361,0.7963333447324361,0.6645539786160377,0.6645539786160377,0.6645539786160377,0.6645539786160377,0.33601869495314973,0.33601869495314973,0.33601869495314973,0.33601869495314973,0.6298543328629559,0.6298543328629559,0.6298543328629559,0.6298543328629559
song_7cfaf4be60351ae529bbb4b6a7b493826b52baf2985f565b0e889b3c23ab5e29,success,bart,classifier-panel-v1,456,1,1010,355,355,38e1376bd07c94c48aecd9afde6a4f5ac5430ade8b0c8a54dcab7d11aa9d82c8,38e1376bd07c94c48aecd9afde6a4f5ac5430ade8b0c8a54dcab7d11aa9d82c8,0.33212632285458477,0.33212632285458477,0.33212632285458477,0.33212632285458477,0.1324487428658815,0.1324487428658815,0.1324487428658815,0.1324487428658815,0.7261209128101661,0.7261209128101661,0.7261209128101661,0.7261209128101661,0.2413409207808325,0.2413409207808325,0.2413409207808325,0.2413409207808325,0.9664111676681616,0.9664111676681616,0.9664111676681616,0.9664111676681616,0.8984436466133943,0.8984436466133943,0.8984436466133943,0.8984436466133943,0.9151685839863917,0.9151685839863917,0.9151685839863917,0.9151685839863917,0.9902323487902963,0.9902323487902963,0.9902323487902963,0.9902323487902963,0.8515782120077808,0.8515782120077808,0.8515782120077808,0.8515782120077808,0.3224218406107432,0.3224218406107432,0.3224218406107432,0.3224218406107432,0.32062314306354667,0.32062314306354667,0.32062314306354667,0.32062314306354667,0.563613897389394,0.563613897389394,0.563613897389394,0.563613897389394,0.9270589705373262,0.9270589705373262,0.9270589705373262,0.9270589705373262,0.5877793295490228,0.5877793295490228,0.5877793295490228,0.5877793295490228,0.7506132633702883,0.7506132633702883,0.7506132633702883,0.7506132633702883,0.2703178889375036,0.2703178889375036,0.2703178889375036,0.2703178889375036,0.19279498663333258,0.19279498663333258,0.19279498663333258,0.19279498663333258
song_9a299229172ef4247b522973a28a572e71a62970370c1d7d60113d13f53c10fe,success,bart,classifier-panel-v1,470,1,1010,334,334,34b35e5584493469293cf2c71beec6d84307ec645748c7e5512aabadec72a302,34b35e5584493469293cf2c71beec6d84307ec645748c7e5512aabadec72a302,0.7922798075038415,0.7922798075038415,0.7922798075038415,0.7922798075038415,0.9553180815077548,0.9553180815077548,0.9553180815077548,0.9553180815077548,0.973378265492522,0.973378265492522,0.973378265492522,0.973378265492522,0.7563432170832545,0.7563432170832545,0.7563432170832545,0.7563432170832545,0.6044907807588639,0.6044907807588639,0.6044907807588639,0.6044907807588639,0.7895870652462526,0.7895870652462526,0.7895870652462526,0.7895870652462526,0.47203959656230116,0.47203959656230116,0.47203959656230116,0.47203959656230116,0.9754656113465076,0.9754656113465076,0.9754656113465076,0.9754656113465076,0.9258990133949477,0.9258990133949477,0.9258990133949477,0.9258990133949477,0.5745167055361567,0.5745167055361567,0.5745167055361567,0.5745167055361567,0.924282586667405,0.924282586667405,0.924282586667405,0.924282586667405,0.9704113019094494,0.9704113019094494,0.9704113019094494,0.9704113019094494,0.46499621806382385,0.46499621806382385,0.46499621806382385,0.46499621806382385,0.8196021017128196,0.8196021017128196,0.8196021017128196,0.8196021017128196,0.24911030697075484,0.24911030697075484,0.24911030697075484,0.24911030697075484,0.92695603918158,0.92695603918158,0.92695603918158,0.92695603918158,0.9604511604807657,0.9604511604807657,0.9604511604807657,0.9604511604807657
song_aa13e5b19bab07dc2e5fc83d007dd90e21decb27057023685ff0ca1d8ba13b42,success,bart,classifier-panel-v1,859,1,1010,580,580,195bce8d27cd3879dab10ac995d29211d2cf82eb561e1128eda0f59f59d58dfd,195bce8d27cd3879dab10ac995d29211d2cf82eb561e1128eda0f59f59d58dfd,0.9622890851703619,0.9622890851703619,0.9622890851703619,0.9622890851703619,0.9299897870393625,0.9299897870393625,0.9299897870393625,0.9299897870393625,0.8786858214654281,0.8786858214654281,0.8786858214654281,0.8786858214654281,0.9891200507420044,0.9891200507420044,0.9891200507420044,0.9891200507420044,0.9876405400153073,0.9876405400153073,0.9876405400153073,0.9876405400153073,0.9904088598848049,0.9904088598848049,0.9904088598848049,0.9904088598848049,0.9883158727666257,0.9883158727666257,0.9883158727666257,0.9883158727666257,0.9057640674134443,0.9057640674134443,0.9057640674134443,0.9057640674134443,0.5001575872249876,0.5001575872249876,0.5001575872249876,0.5001575872249876,0.9700444499542759,0.9700444499542759,0.9700444499542759,0.9700444499542759,0.8698854581020962,0.8698854581020962,0.8698854581020962,0.8698854581020962,0.9520827229956409,0.9520827229956409,0.9520827229956409,0.9520827229956409,0.9458197463104681,0.9458197463104681,0.9458197463104681,0.9458197463104681,0.9752581028933078,0.9752581028933078,0.9752581028933078,0.9752581028933078,0.8858100731680456,0.8858100731680456,0.8858100731680456,0.8858100731680456,0.9741194982792961,0.9741194982792961,0.9741194982792961,0.9741194982792961,0.9921099045104969,0.9921099045104969,0.9921099045104969,0.9921099045104969
song_84fb3306a13f9324e94484bea63edeaa1e6248de1587badbb758a41c3fef27e6,success,bart,classifier-panel-v1,897,1,1010,614,614,b99fd7c8fdcdae963fd4b72ddb7490964f4eb965f023fd71acf91aa3319ed5bc,b99fd7c8fdcdae963fd4b72ddb7490964f4eb965f023fd71acf91aa3319ed5bc,0.8501789084482498,0.8501789084482498,0.8501789084482498,0.8501789084482498,0.9541563932106829,0.9541563932106829,0.9541563932106829,0.9541563932106829,0.9552482865983325,0.9552482865983325,0.9552482865983325,0.9552482865983325,0.9479513775066557,0.9479513775066557,0.9479513775066557,0.9479513775066557,0.9396055859392484,0.9396055859392484,0.9396055859392484,0.9396055859392484,0.9481400688833361,0.9481400688833361,0.9481400688833361,0.9481400688833361,0.9084063373918564,0.9084063373918564,0.9084063373918564,0.9084063373918564,0.9312973308408029,0.9312973308408029,0.9312973308408029,0.9312973308408029,0.8351546886702363,0.8351546886702363,0.8351546886702363,0.8351546886702363,0.8900581761688374,0.8900581761688374,0.8900581761688374,0.8900581761688374,0.8961851346985695,0.8961851346985695,0.8961851346985695,0.8961851346985695,0.9482247618533914,0.9482247618533914,0.9482247618533914,0.9482247618533914,0.9266285585157495,0.9266285585157495,0.9266285585157495,0.9266285585157495,0.8396064788068517,0.8396064788068517,0.8396064788068517,0.8396064788068517,0.7013933453568805,0.7013933453568805,0.7013933453568805,0.7013933453568805,0.9697211308989,0.9697211308989,0.9697211308989,0.9697211308989,0.9024765350314045,0.9024765350314045,0.9024765350314045,0.9024765350314045
song_70546899a6e183f6372805a853d775765a7e8a8830aa028622ddbb39c3c6887a,success,bart,classifier-panel-v1,234,1,1010,176,176,854c70104acf7e541369ce1f8fa5f7e9b16180fa7bce69fb5dae5a4d03087063,854c70104acf7e541369ce1f8fa5f7e9b16180fa7bce69fb5dae5a4d03087063,0.16184827698244267,0.16184827698244267,0.16184827698244267,0.16184827698244267,0.1502042324484069,0.1502042324484069,0.1502042324484069,0.1502042324484069,0.9927856232971687,0.9927856232971687,0.9927856232971687,0.9927856232971687,0.10056021892159618,0.10056021892159618,0.10056021892159618,0.10056021892159618,0.29850856121546077,0.29850856121546077,0.29850856121546077,0.29850856121546077,0.7194653669496124,0.7194653669496124,0.7194653669496124,0.7194653669496124,0.7116195093276639,0.7116195093276639,0.7116195093276639,0.7116195093276639,0.7918067306156344,0.7918067306156344,0.7918067306156344,0.7918067306156344,0.9968805580361825,0.9968805580361825,0.9968805580361825,0.9968805580361825,0.06601043186314616,0.06601043186314616,0.06601043186314616,0.06601043186314616,0.24505361790834795,0.24505361790834795,0.24505361790834795,0.24505361790834795,0.6445113417589029,0.6445113417589029,0.6445113417589029,0.6445113417589029,0.9432781907980128,0.9432781907980128,0.9432781907980128,0.9432781907980128,0.35938378196985754,0.35938378196985754,0.35938378196985754,0.35938378196985754,0.1288681293255291,0.1288681293255291,0.1288681293255291,0.1288681293255291,0.13830475738107018,0.13830475738107018,0.13830475738107018,0.13830475738107018,0.1589123487207563,0.1589123487207563,0.1589123487207563,0.1589123487207563
song_be496be8f147804f19e5da1c133d50508585f40e981a49067a86443a2c7dc9a8,success,bart,classifier-panel-v1,710,1,1010,543,543,e39e40d3c92d3f292cb27f1029a99ab7a7c604aa6dcc77a0ba59e1d7818a2f58,e39e40d3c92d3f292cb27f1029a99ab7a7c604aa6dcc77a0ba59e1d7818a2f58,0.8674406179630813,0.8674406179630813,0.8674406179630813,0.8674406179630813,0.7139493703506851,0.7139493703506851,0.7139493703506851,0.7139493703506851,0.9916286913931384,0.9916286913931384,0.9916286913931384,0.9916286913931384,0.7169902327221005,0.7169902327221005,0.7169902327221005,0.7169902327221005,0.7336828912662798,0.7336828912662798,0.7336828912662798,0.7336828912662798,0.97746643590252,0.97746643590252,0.97746643590252,0.97746643590252,0.9303055889655608,0.9303055889655608,0.9303055889655608,0.9303055889655608,0.9945611427615998,0.9945611427615998,0.9945611427615998,0.9945611427615998,0.9959712433569143,0.9959712433569143,0.9959712433569143,0.9959712433569143,0.5436836590944994,0.5436836590944994,0.5436836590944994,0.5436836590944994,0.816839730809465,0.816839730809465,0.816839730809465,0.816839730809465,0.8252531327855708,0.8252531327855708,0.8252531327855708,0.8252531327855708,0.9337116108518237,0.9337116108518237,0.9337116108518237,0.9337116108518237,0.9105989431375857,0.9105989431375857,0.9105989431375857,0.9105989431375857,0.4553223210362799,0.4553223210362799,0.4553223210362799,0.4553223210362799,0.6721053987180636,0.6721053987180636,0.6721053987180636,0.6721053987180636,0.40284202389847734,0.40284202389847734,0.40284202389847734,0.40284202389847734
song_751d25e9b99372f7eda29a930ec0da919ff16f4b64b750d2e0374512195983b1,success,bart,classifier-panel-v1,1047,2,1010,661,661,4de28232f83c3c5c018f36a9eec0a7bb407158bae867e696c56de9e4498c7e80,4de28232f83c3c5c018f36a9eec0a7bb407158bae867e696c56de9e4498c7e80,0.9891952999284599,0.86522226371909,0.9644006926865859,0.8651038558526053,0.9534632173782567,0.7634352133006066,0.9154576165627266,0.7632537156844864,0.9872126324904414,0.9822924860804131,0.9862286032084358,0.9822971853606519,0.8793821107582253,0.7904796756428183,0.8616016237351438,0.7903947640524502,0.9915094957431595,0.9707290721405094,0.9873534110226295,0.9707092245534964,0.9675452262831603,0.964927492053501,0.9670216794372285,0.964924991829786,0.9684658921632101,0.9356813003572254,0.9619089738020131,0.9356499874710688,0.9956151681287733,0.9619657656632052,0.9888852876356596,0.9619979045385305,0.998035503110623,0.9704665628007658,0.9925217150486515,0.9704402314346628,0.9694688720015011,0.9679398805283941,0.9691630737068797,0.9679413408831916,0.7932907017593093,0.6655454586935524,0.7677416531461579,0.6654234479551898,0.9723641473748944,0.9511524734680441,0.9681218125935244,0.951132213989623,0.9711453172436602,0.9100372226044604,0.9589236983158202,0.9099788576621115,0.9189513251430791,0.7769734431346826,0.8905557487413998,0.7768378386628503,0.6529615784161837,0.5687139357831379,0.6361120498895746,0.568794401535414,0.7224995333539472,0.6072677271770556,0.6994531721185689,0.6071576681453679,0.7141102615268593,0.7124424995857647,0.7137767091386403,0.7124409066899279
song_098c94ccca359db8e6a9a7a5e4d678f28906d0b215ea72e613efcb940a06511c,success,bart,classifier-panel-v1,463,1,1010,353,353,b976bb66079218f4427c551e44212d74cea29eb09c9b0e12d6aea499d51a35ab,b976bb66079218f4427c551e44212d74cea29eb09c9b0e12d6aea499d51a35ab,0.48452220808558905,0.48452220808558905,0.48452220808558905,0.48452220808558905,0.19298779158655757,0.19298779158655757,0.19298779158655757,0.19298779158655757,0.9722161974989829,0.9722161974989829,0.9722161974989829,0.9722161974989829,0.3073920122165835,0.3073920122165835,0.3073920122165835,0.3073920122165835,0.88793360897931,0.88793360897931,0.88793360897931,0.88793360897931,0.7962443932212253,0.7962443932212253,0.7962443932212253,0.7962443932212253,0.8606973723548137,0.8606973723548137,0.8606973723548137,0.8606973723548137,0.5932118987325623,0.5932118987325623,0.5932118987325623,0.5932118987325623,0.8923528321721887,0.8923528321721887,0.8923528321721887,0.8923528321721887,0.1579219359380753,0.1579219359380753,0.1579219359380753,0.1579219359380753,0.7231234596293192,0.7231234596293192,0.7231234596293192,0.7231234596293192,0.7352325724221459,0.7352325724221459,0.7352325724221459,0.7352325724221459,0.6693209663005963,0.6693209663005963,0.6693209663005963,0.6693209663005963,0.8012248068964984,0.8012248068964984,0.8012248068964984,0.8012248068964984,0.6155763564034538,0.6155763564034538,0.6155763564034538,0.6155763564034538,0.49770298726055007,0.49770298726055007,0.49770298726055007,0.49770298726055007,0.1331579057805606,0.1331579057805606,0.1331579057805606,0.1331579057805606
song_e6845230ff4465513b07c709ef9606b96c83f7f91b85e8fdec7c2de6a73d283e,success,bart,classifier-panel-v1,1197,2,1010,813,813,ebffa7e7ffef069deefa9fbab7640daa9c9752e7ab84efd83f89eef431968c09,ebffa7e7ffef069deefa9fbab7640daa9c9752e7ab84efd83f89eef431968c09,0.975540737530816,0.8486814049553633,0.9501688710157254,0.8487873860185006,0.974258198734575,0.9691869947660177,0.9732439579408635,0.9691912313608116,0.9738755720608373,0.8833837861032656,0.955777214869323,0.8834593849219436,0.8970518392117104,0.8174810568271447,0.8811376827347972,0.8175475320003983,0.9908259162083114,0.9508484885644287,0.9828304306795349,0.9508150905463468,0.9245503171277418,0.8378672584943172,0.907213705401057,0.837939675418823,0.5132058649006022,0.31781611261434034,0.4741279144433498,0.31765287973857903,0.9926136301054489,0.9596061847499504,0.9860121410343492,0.9596337598922691,0.873543791244429,0.8140924667583078,0.8616535263472048,0.8140427998205584,0.70270290280644,0.562338858145324,0.6746300938742168,0.5622215949501185,0.9960323402675572,0.9272622401641886,0.9822783202468834,0.9273196922110584,0.9722813488139118,0.9629410891395748,0.9704132968790444,0.9629488921969469,0.5630143884029531,0.3878707627276238,0.5279856632678872,0.38772444390918154,0.7173295651022594,0.7148516675975284,0.7168339856013132,0.7148495975077166,0.5636790011636086,0.45412946679666943,0.5417690942902208,0.45422098687550566,0.9990613039225589,0.9795432966297961,0.9951577024640064,0.9795596024002996,0.6818062753733837,0.5307854117414115,0.6516021026469893,0.5306592456063806
song_0c97bdf048572221cf295545083a45a1572bcc8f0c307a006c0956c93c908099,success,bart,classifier-panel-v1,537,1,1010,361,361,302f16c08b138c7cc1dfc023e02404a5f6cf1343ef09d6f19ea9bce800018474,302f16c08b138c7cc1dfc023e02404a5f6cf1343ef09d6f19ea9bce800018474,0.7913753851449442,0.7913753851449442,0.7913753851449442,0.7913753851449442,0.49634083187717387,0.49634083187717387,0.49634083187717387,0.49634083187717387,0.9551997137077839,0.9551997137077839,0.9551997137077839,0.9551997137077839,0.6012169212644993,0.6012169212644993,0.6012169212644993,0.6012169212644993,0.9649921576381953,0.9649921576381953,0.9649921576381953,0.9649921576381953,0.8912757160235726,0.8912757160235726,0.8912757160235726,0.8912757160235726,0.9425824432610096,0.9425824432610096,0.9425824432610096,0.9425824432610096,0.9239637284481664,0.9239637284481664,0.9239637284481664,0.9239637284481664,0.9740569315351205,0.9740569315351205,0.9740569315351205,0.9740569315351205,0.6026218989782215,0.6026218989782215,0.6026218989782215,0.6026218989782215,0.7596768734604538,0.7596768734604538,0.7596768734604538,0.7596768734604538,0.8094848946309754,0.8094848946309754,0.8094848946309754,0.8094848946309754,0.7889107042412817,0.7889107042412817,0.7889107042412817,0.7889107042412817,0.8074476910831634,0.8074476910831634,0.8074476910831634,0.8074476910831634,0.3770852872299621,0.3770852872299621,0.3770852872299621,0.3770852872299621,0.724363079654529,0.724363079654529,0.724363079654529,0.724363079654529,0.3397598592915316,0.3397598592915316,0.3397598592915316,0.3397598592915316
song_beae324dbfbd3d29294643d2f1938b0205c4b9c455a55bd53f5c494c91253adb,success,bart,classifier-panel-v1,808,1,1010,591,591,7ddeb2702b08dd18b8543a074b8077987e58ea91a33914f50e2d2df3d67813d8,7ddeb2702b08dd18b8543a074b8077987e58ea91a33914f50e2d2df3d67813d8,0.8956784490493638,0.8956784490493638,0.8956784490493638,0.8956784490493638,0.09562168773534639,0.09562168773534639,0.09562168773534639,0.09562168773534639,0.6239505616235195,0.6239505616235195,0.6239505616235195,0.6239505616235195,0.579159021566025,0.579159021566025,0.579159021566025,0.579159021566025,0.9889131195296114,0.9889131195296114,0.9889131195296114,0.9889131195296114,0.9667216488648424,0.9667216488648424,0.9667216488648424,0.9667216488648424,0.9610376240025272,0.9610376240025272,0.9610376240025272,0.9610376240025272,0.7066273520153533,0.7066273520153533,0.7066273520153533,0.7066273520153533,0.6784273540802923,0.6784273540802923,0.6784273540802923,0.6784273540802923,0.21231952291424852,0.21231952291424852,0.21231952291424852,0.21231952291424852,0.2693337368313588,0.2693337368313588,0.2693337368313588,0.2693337368313588,0.456313738320789,0.456313738320789,0.456313738320789,0.456313738320789,0.8779430784635479,0.8779430784635479,0.8779430784635479,0.8779430784635479,0.883669261745561,0.883669261745561,0.883669261745561,0.883669261745561,0.8229925582612735,0.8229925582612735,0.8229925582612735,0.8229925582612735,0.5513834408920572,0.5513834408920572,0.5513834408920572,0.5513834408920572,0.1622497184106522,0.1622497184106522,0.1622497184106522,0.1622497184106522
song_f0e2473fede1564596bf6745d8c08d49d8691d1b0400bea70977b13783733095,success,bart,classifier-panel-v1,472,1,1010,350,350,b56a0c68c87b01003268cfc565f22a392a7e662b792a6235c5c8df3c270f83fa,b56a0c68c87b01003268cfc565f22a392a7e662b792a6235c5c8df3c270f83fa,0.758250269763465,0.758250269763465,0.758250269763465,0.758250269763465,0.20826484434485706,0.20826484434485706,0.20826484434485706,0.20826484434485706,0.9100961218695051,0.9100961218695051,0.9100961218695051,0.9100961218695051,0.5333375981245116,0.5333375981245116,0.5333375981245116,0.5333375981245116,0.9756613586456094,0.9756613586456094,0.9756613586456094,0.9756613586456094,0.8709318062391872,0.8709318062391872,0.8709318062391872,0.8709318062391872,0.9782180260258097,0.9782180260258097,0.9782180260258097,0.9782180260258097,0.446060629346196,0.446060629346196,0.446060629346196,0.446060629346196,0.9678383607560868,0.9678383607560868,0.9678383607560868,0.9678383607560868,0.34159855918950577,0.34159855918950577,0.34159855918950577,0.34159855918950577,0.266587389935226,0.266587389935226,0.266587389935226,0.266587389935226,0.8612154980029011,0.8612154980029011,0.8612154980029011,0.8612154980029011,0.9751432850030589,0.9751432850030589,0.9751432850030589,0.9751432850030589,0.8999559638109075,0.8999559638109075,0.8999559638109075,0.8999559638109075,0.1878545312046471,0.1878545312046471,0.1878545312046471,0.1878545312046471,0.6789437998997865,0.6789437998997865,0.6789437998997865,0.6789437998997865,0.4014251546517005,0.4014251546517005,0.4014251546517005,0.4014251546517005
song_2a152a848f4917084d006e080ecbb3c882aeafefc1a851978231c794e8f12e5a,success,bart,classifier-panel-v1,785,1,1010,485,485,87d75fbc73517d65e07cff554ecd37683973602a26d9dfb0026c6235f55b7946,87d75fbc73517d65e07cff554ecd37683973602a26d9dfb0026c6235f55b7946,0.7892463299009648,0.7892463299009648,0.7892463299009648,0.7892463299009648,0.13842772890004582,0.13842772890004582,0.13842772890004582,0.13842772890004582,0.7388906116037751,0.7388906116037751,0.7388906116037751,0.7388906116037751,0.5492745811485107,0.5492745811485107,0.5492745811485107,0.5492745811485107,0.9925797882487172,0.9925797882487172,0.9925797882487172,0.9925797882487172,0.9857053261173018,0.9857053261173018,0.9857053261173018,0.9857053261173018,0.9966190410244297,0.9966190410244297,0.9966190410244297,0.9966190410244297,0.5275546103772928,0.5275546103772928,0.5275546103772928,0.5275546103772928,0.8101718713718835,0.8101718713718835,0.8101718713718835,0.8101718713718835,0.9385502928335091,0.9385502928335091,0.9385502928335091,0.9385502928335091,0.31185631239677397,0.31185631239677397,0.31185631239677397,0.31185631239677397,0.48050406072874347,0.48050406072874347,0.48050406072874347,0.48050406072874347,0.9959384006079071,0.9959384006079071,0.9959384006079071,0.9959384006079071,0.9439947360425659,0.9439947360425659,0.9439947360425659,0.9439947360425659,0.38411159056666744,0.38411159056666744,0.38411159056666744,0.38411159056666744,0.5372574908001243,0.5372574908001243,0.5372574908001243,0.5372574908001243,0.5719831948506233,0.5719831948506233,0.5719831948506233,0.5719831948506233
song_30ef708150de2342873ae91612db8d453d9c140ebfc4c161dee823d8c97e9a0c,success,bart,classifier-panel-v1,379,1,1010,283,283,34ff920f2147b0cf4424547793975c9407a504860fe5f5ec7023ce38104700e2,34ff920f2147b0cf4424547793975c9407a504860fe5f5ec7023ce38104700e2,0.6752518592463396,0.6752518592463396,0.6752518592463396,0.6752518592463396,0.35735394238825813,0.35735394238825813,0.35735394238825813,0.35735394238825813,0.9956846451969622,0.9956846451969622,0.9956846451969622,0.9956846451969622,0.5588622708855068,0.5588622708855068,0.5588622708855068,0.5588622708855068,0.9667957929460016,0.9667957929460016,0.9667957929460016,0.9667957929460016,0.8938778417360123,0.8938778417360123,0.8938778417360123,0.8938778417360123,0.9888045259725189,0.9888045259725189,0.9888045259725189,0.9888045259725189,0.979029406503531,0.979029406503531,0.979029406503531,0.979029406503531,0.9950275036977552,0.9950275036977552,0.9950275036977552,0.9950275036977552,0.776193270085729,0.776193270085729,0.776193270085729,0.776193270085729,0.6032084328166808,0.6032084328166808,0.6032084328166808,0.6032084328166808,0.7693714330130329,0.7693714330130329,0.7693714330130329,0.7693714330130329,0.9666303551249243,0.9666303551249243,0.9666303551249243,0.9666303551249243,0.7850143371926818,0.7850143371926818,0.7850143371926818,0.7850143371926818,0.814037789093464,0.814037789093464,0.814037789093464,0.814037789093464,0.2117052452954848,0.2117052452954848,0.2117052452954848,0.2117052452954848,0.625127426603361,0.625127426603361,0.625127426603361,0.625127426603361
song_d49d1d25e207f2554afb89b51e0aa1da3d223127e941457fd797a5d7b01d75de,success,bart,classifier-panel-v1,369,1,1010,273,273,7240ff03c3faeae0c70619b8b70a79bb8b9d15504879ed7671bd879bee63eba5,7240ff03c3faeae0c70619b8b70a79bb8b9d15504879ed7671bd879bee63eba5,0.8403266281146036,0.8403266281146036,0.8403266281146036,0.8403266281146036,0.582730099426583,0.582730099426583,0.582730099426583,0.582730099426583,0.9894530421022993,0.9894530421022993,0.9894530421022993,0.9894530421022993,0.683309717763759,0.683309717763759,0.683309717763759,0.683309717763759,0.9625495676439645,0.9625495676439645,0.9625495676439645,0.9625495676439645,0.995490612959846,0.995490612959846,0.995490612959846,0.995490612959846,0.9855387383966137,0.9855387383966137,0.9855387383966137,0.9855387383966137,0.9825126261996115,0.9825126261996115,0.9825126261996115,0.9825126261996115,0.9978255196393209,0.9978255196393209,0.9978255196393209,0.9978255196393209,0.8260880563281767,0.8260880563281767,0.8260880563281767,0.8260880563281767,0.8518274048573923,0.8518274048573923,0.8518274048573923,0.8518274048573923,0.8877153900401441,0.8877153900401441,0.8877153900401441,0.8877153900401441,0.9724842035715651,0.9724842035715651,0.9724842035715651,0.9724842035715651,0.8624354570587134,0.8624354570587134,0.8624354570587134,0.8624354570587134,0.8482896147046793,0.8482896147046793,0.8482896147046793,0.8482896147046793,0.3479121424425058,0.3479121424425058,0.3479121424425058,0.3479121424425058,0.4798074725531634,0.4798074725531634,0.4798074725531634,0.4798074725531634
song_e8f0cbf6b127bb0d2d327524f99a3faffc1aa86c24cd4d6f2f351910f8dba31c,success,bart,classifier-panel-v1,1189,2,1010,670,670,560c15b6492a2caa65bce128162ae1d84b3708a741c134d4fea58a02148804db,560c15b6492a2caa65bce128162ae1d84b3708a741c134d4fea58a02148804db,0.7464365174655746,0.5757728590609063,0.7123037857846409,0.5756293236038796,0.3472998807313803,0.22323413240653042,0.32248673106641035,0.22312978779061382,0.9322023294177472,0.6547786046050671,0.8767175844552111,0.6545452793529118,0.287308251500593,0.2866454565423052,0.2871756925089355,0.2866460139812945,0.99429629717905,0.9889103819169399,0.993219114126628,0.9889058521311854,0.9955429845748401,0.9638824218516855,0.9892108720302092,0.9638557939604129,0.9569148732325196,0.9442953773987146,0.9543909740657586,0.944284763861428,0.8960041233081464,0.7324331444921148,0.8632899275449402,0.7322955742828499,0.8834543315941373,0.8227420615345105,0.871311877582212,0.8226909999112476,0.31753821772702046,0.2715713162045977,0.30834483742253593,0.27153265606875043,0.6051067332307063,0.5194162885844358,0.5879686443014522,0.519344219244952,0.6952179899663748,0.542548731460937,0.6646841382652873,0.5424203300660628,0.8779909550346668,0.86572366333578,0.8755374966948894,0.8657133460172781,0.7785029366089404,0.5400682905109874,0.7308160073893498,0.539867756746397,0.9034770439351792,0.6860010013499349,0.8599818354181303,0.68581809466988,0.6493766527540331,0.42913298231293373,0.6053279186658133,0.4289477479391397,0.8405168995459933,0.814583558667237,0.835330231370242,0.8146053697192797
song_49d0dea7fd546e82089ee720332cf4ab5b94fa2b3087f810f10461310152399a,success,bart,classifier-panel-v1,529,1,1010,406,406,50cb5c7cdf5486ef56299fb65791ddaae4da84bc5380e4b7f38f9554f5535e2c,50cb5c7cdf5486ef56299fb65791ddaae4da84bc5380e4b7f38f9554f5535e2c,0.7597282322576517,0.7597282322576517,0.7597282322576517,0.7597282322576517,0.28461339987964523,0.28461339987964523,0.28461339987964523,0.28461339987964523,0.958861006264202,0.958861006264202,0.958861006264202,0.958861006264202,0.6084912180707858,0.6084912180707858,0.6084912180707858,0.6084912180707858,0.9213115592370522,0.9213115592370522,0.9213115592370522,0.9213115592370522,0.827245687898933,0.827245687898933,0.827245687898933,0.827245687898933,0.9731496826742214,0.9731496826742214,0.9731496826742214,0.9731496826742214,0.8399451170128284,0.8399451170128284,0.8399451170128284,0.8399451170128284,0.9649790186562884,0.9649790186562884,0.9649790186562884,0.9649790186562884,0.772489176713948,0.772489176713948,0.772489176713948,0.772489176713948,0.485470065749317,0.485470065749317,0.485470065749317,0.485470065749317,0.727789435660017,0.727789435660017,0.727789435660017,0.727789435660017,0.9243489684424853,0.9243489684424853,0.9243489684424853,0.9243489684424853,0.8396476560527084,0.8396476560527084,0.8396476560527084,0.8396476560527084,0.49909135799299337,0.49909135799299337,0.49909135799299337,0.49909135799299337,0.4168769697815156,0.4168769697815156,0.4168769697815156,0.4168769697815156,0.23449777221515927,0.23449777221515927,0.23449777221515927,0.23449777221515927
song_a7ba1698c332881371ca56c4d18a568ac6781ccade4939e9b958bf3d29384d7a,success,bart,classifier-panel-v1,374,1,1010,282,282,566d091cb8f38e14ca6b3b78cdd23880640147350c7a09d552ad94bf253594ef,566d091cb8f38e14ca6b3b78cdd23880640147350c7a09d552ad94bf253594ef,0.3080457151668493,0.3080457151668493,0.3080457151668493,0.3080457151668493,0.12528384649965696,0.12528384649965696,0.12528384649965696,0.12528384649965696,0.4606304540029569,0.4606304540029569,0.4606304540029569,0.4606304540029569,0.1955999360561613,0.1955999360561613,0.1955999360561613,0.1955999360561613,0.9833684563687983,0.9833684563687983,0.9833684563687983,0.9833684563687983,0.8619257665363165,0.8619257665363165,0.8619257665363165,0.8619257665363165,0.9827916427328294,0.9827916427328294,0.9827916427328294,0.9827916427328294,0.3892744535128275,0.3892744535128275,0.3892744535128275,0.3892744535128275,0.5760500789512893,0.5760500789512893,0.5760500789512893,0.5760500789512893,0.7540462153194546,0.7540462153194546,0.7540462153194546,0.7540462153194546,0.19112514919816306,0.19112514919816306,0.19112514919816306,0.19112514919816306,0.4112948379449026,0.4112948379449026,0.4112948379449026,0.4112948379449026,0.9290800404569738,0.9290800404569738,0.9290800404569738,0.9290800404569738,0.58144779259634,0.58144779259634,0.58144779259634,0.58144779259634,0.5870270779666598,0.5870270779666598,0.5870270779666598,0.5870270779666598,0.12364953024876398,0.12364953024876398,0.12364953024876398,0.12364953024876398,0.06280849931315645,0.06280849931315645,0.06280849931315645,0.06280849931315645
song_5d5af3444c66dfa9b904e41deae67f9dc3da2e8afe113f76d35d7c17893c4021,success,bart,classifier-panel-v1,658,1,1010,457,457,9d40b4d041a784aa65d082a41ede82adb528d72d91f20932464b3b3e87138a3c,9d40b4d041a784aa65d082a41ede82adb528d72d91f20932464b3b3e87138a3c,0.7104938510167947,0.7104938510167947,0.7104938510167947,0.7104938510167947,0.6137650121019254,0.6137650121019254,0.6137650121019254,0.6137650121019254,0.9768295158444793,0.9768295158444793,0.9768295158444793,0.9768295158444793,0.5552445070881576,0.5552445070881576,0.5552445070881576,0.5552445070881576,0.9605495931117568,0.9605495931117568,0.9605495931117568,0.9605495931117568,0.9641282768681851,0.9641282768681851,0.9641282768681851,0.9641282768681851,0.858378146907101,0.858378146907101,0.858378146907101,0.858378146907101,0.8989372583886388,0.8989372583886388,0.8989372583886388,0.8989372583886388,0.9868360526216812,0.9868360526216812,0.9868360526216812,0.9868360526216812,0.25649465245855535,0.25649465245855535,0.25649465245855535,0.25649465245855535,0.6241284183503449,0.6241284183503449,0.6241284183503449,0.6241284183503449,0.7712772191572869,0.7712772191572869,0.7712772191572869,0.7712772191572869,0.680153242258561,0.680153242258561,0.680153242258561,0.680153242258561,0.712093935675218,0.712093935675218,0.712093935675218,0.712093935675218,0.1971945494636915,0.1971945494636915,0.1971945494636915,0.1971945494636915,0.7377028482900909,0.7377028482900909,0.7377028482900909,0.7377028482900909,0.47094891664086563,0.47094891664086563,0.47094891664086563,0.47094891664086563
song_f1bddb6c30e8373851eaf182907b098d1766fc67c2fc89c0c55665db81104c46,success,bart,classifier-panel-v1,421,1,1010,307,307,9a3c0ba28629bc1c8ae1c0aa412bed2668ca9089038f855b481fe4053435d9dd,9a3c0ba28629bc1c8ae1c0aa412bed2668ca9089038f855b481fe4053435d9dd,0.729475676981398,0.729475676981398,0.729475676981398,0.729475676981398,0.23995173884942284,0.23995173884942284,0.23995173884942284,0.23995173884942284,0.8992121338682377,0.8992121338682377,0.8992121338682377,0.8992121338682377,0.41706948763712104,0.41706948763712104,0.41706948763712104,0.41706948763712104,0.94103858144367,0.94103858144367,0.94103858144367,0.94103858144367,0.8581895070263478,0.8581895070263478,0.8581895070263478,0.8581895070263478,0.9562564188805042,0.9562564188805042,0.9562564188805042,0.9562564188805042,0.9257794466016033,0.9257794466016033,0.9257794466016033,0.9257794466016033,0.9852659393473701,0.9852659393473701,0.9852659393473701,0.9852659393473701,0.9849440368657134,0.9849440368657134,0.9849440368657134,0.9849440368657134,0.6578244098056993,0.6578244098056993,0.6578244098056993,0.6578244098056993,0.4777840415377895,0.4777840415377895,0.4777840415377895,0.4777840415377895,0.881059905297398,0.881059905297398,0.881059905297398,0.881059905297398,0.6394911685553981,0.6394911685553981,0.6394911685553981,0.6394911685553981,0.4175935695658119,0.4175935695658119,0.4175935695658119,0.4175935695658119,0.2120868916914477,0.2120868916914477,0.2120868916914477,0.2120868916914477,0.4523855147122769,0.4523855147122769,0.4523855147122769,0.4523855147122769
song_a6eab6eaa3a8765b9bc855a359e190d3b1b2ca7572976e67d194886ec9081a52,success,bart,classifier-panel-v1,344,1,1010,270,270,f7c32b121fe3dff298f0bb44080915ee6336d5cd7179342af31fa033d8de22b6,f7c32b121fe3dff298f0bb44080915ee6336d5cd7179342af31fa033d8de22b6,0.35041039092188336,0.35041039092188336,0.35041039092188336,0.35041039092188336,0.213069429370255,0.213069429370255,0.213069429370255,0.213069429370255,0.8989189649608662,0.8989189649608662,0.8989189649608662,0.8989189649608662,0.2738967137510256,0.2738967137510256,0.2738967137510256,0.2738967137510256,0.9476474416087032,0.9476474416087032,0.9476474416087032,0.9476474416087032,0.852683249580347,0.852683249580347,0.852683249580347,0.852683249580347,0.8699165791608003,0.8699165791608003,0.8699165791608003,0.8699165791608003,0.5327392508467038,0.5327392508467038,0.5327392508467038,0.5327392508467038,0.9513583647315271,0.9513583647315271,0.9513583647315271,0.9513583647315271,0.13917720134152642,0.13917720134152642,0.13917720134152642,0.13917720134152642,0.5588497950947503,0.5588497950947503,0.5588497950947503,0.5588497950947503,0.6524153942790827,0.6524153942790827,0.6524153942790827,0.6524153942790827,0.9729077928349097,0.9729077928349097,0.9729077928349097,0.9729077928349097,0.6968889060275981,0.6968889060275981,0.6968889060275981,0.6968889060275981,0.8629365860630636,0.8629365860630636,0.8629365860630636,0.8629365860630636,0.06530103574281836,0.06530103574281836,0.06530103574281836,0.06530103574281836,0.1825025233905828,0.1825025233905828,0.1825025233905828,0.1825025233905828
song_16908002829a856192b2e3b24d6c58c39106117ffcc515d050022040305006b9,success,bart,classifier-panel-v1,1187,2,1010,866,866,fafec8a70cfa786877db3a346949df496f8c17f41958ede6fc08361d199966c5,fafec8a70cfa786877db3a346949df496f8c17f41958ede6fc08361d199966c5,0.8193640289060883,0.8088298538438448,0.8172571938936396,0.8088209792228993,0.5391401793496822,0.528450297681976,0.537002203016141,0.5284412918844464,0.7358110340408457,0.6841520171452293,0.7254792306617224,0.6841955377997329,0.7279725747830327,0.6916710431773085,0.7207122684618879,0.6917016257650134,0.9831980941189092,0.9801206180991121,0.9825825989149498,0.9801180254487162,0.9179839827017503,0.8696599592035235,0.9083191780021049,0.8696192481475012,0.9983970207287246,0.9672029093127612,0.9921581984455319,0.9671766295221834,0.5190401647794239,0.47779661109384475,0.5107914540423081,0.47776186505030166,0.7249752510963332,0.7093229162690105,0.7218447841308686,0.7093361027347453,0.9898815951115418,0.9422264420817539,0.9803505645055842,0.9421862945223354,0.7121604807532036,0.6320837035086468,0.6961451253042923,0.6321511649890551,0.9499627173511555,0.9319900994008798,0.9463681937611004,0.9320052406122955,0.9652812066888793,0.950898020744195,0.9624045694999425,0.9508859034856063,0.9686515950176523,0.9570094618297498,0.9663231683800718,0.9570192698610791,0.4135165328925143,0.36558356218207966,0.4039299387504274,0.36554318057238255,0.917222174858708,0.9053970303540567,0.9148571459577778,0.9054069925650968,0.9585075088450944,0.869766130193396,0.9407592331147547,0.8696913691330322
song_fd806b3821bf03e97e417fa26b068546358a5dc336dc9669759f406326f62c9d,success,bart,classifier-panel-v1,324,1,1010,212,212,fba71acd733a8fd1e5ec7eb31135061041a5b1dc0cc783b5168b1fed34287994,fba71acd733a8fd1e5ec7eb31135061041a5b1dc0cc783b5168b1fed34287994,0.9789163940047247,0.9789163940047247,0.9789163940047247,0.9789163940047247,0.9062002144134654,0.9062002144134654,0.9062002144134654,0.9062002144134654,0.8793954468405503,0.8793954468405503,0.8793954468405503,0.8793954468405503,0.8051037719354538,0.8051037719354538,0.8051037719354538,0.8051037719354538,0.9117065114564579,0.9117065114564579,0.9117065114564579,0.9117065114564579,0.9890220435007511,0.9890220435007511,0.9890220435007511,0.9890220435007511,0.9440534017157967,0.9440534017157967,0.9440534017157967,0.9440534017157967,0.9141272086082447,0.9141272086082447,0.9141272086082447,0.9141272086082447,0.9722053760340035,0.9722053760340035,0.9722053760340035,0.9722053760340035,0.9725670875647155,0.9725670875647155,0.9725670875647155,0.9725670875647155,0.8783325496505782,0.8783325496505782,0.8783325496505782,0.8783325496505782,0.9283718273262652,0.9283718273262652,0.9283718273262652,0.9283718273262652,0.9326961342163473,0.9326961342163473,0.9326961342163473,0.9326961342163473,0.9060840161493917,0.9060840161493917,0.9060840161493917,0.9060840161493917,0.825490734111708,0.825490734111708,0.825490734111708,0.825490734111708,0.720098121593416,0.720098121593416,0.720098121593416,0.720098121593416,0.811533213928006,0.811533213928006,0.811533213928006,0.811533213928006
song_89d75c9f3c3a88e6888930caa50d728f6bdfa0b90fe8fa2978b32e8582e20df0,success,bart,classifier-panel-v1,409,1,1010,279,279,54642e9b27b04fe38f49a8d7ec0abfb1dd684ece536fce5aefd3eb9f035fd7fd,54642e9b27b04fe38f49a8d7ec0abfb1dd684ece536fce5aefd3eb9f035fd7fd,0.9077467073835596,0.9077467073835596,0.9077467073835596,0.9077467073835596,0.4170710092172754,0.4170710092172754,0.4170710092172754,0.4170710092172754,0.6121136200618577,0.6121136200618577,0.6121136200618577,0.6121136200618577,0.7003013444863742,0.7003013444863742,0.7003013444863742,0.7003013444863742,0.9805026053230802,0.9805026053230802,0.9805026053230802,0.9805026053230802,0.8434855245902978,0.8434855245902978,0.8434855245902978,0.8434855245902978,0.9812916612607817,0.9812916612607817,0.9812916612607817,0.9812916612607817,0.39880760152106665,0.39880760152106665,0.39880760152106665,0.39880760152106665,0.6149900992310794,0.6149900992310794,0.6149900992310794,0.6149900992310794,0.9977365546223933,0.9977365546223933,0.9977365546223933,0.9977365546223933,0.7349916709733197,0.7349916709733197,0.7349916709733197,0.7349916709733197,0.8245515609731325,0.8245515609731325,0.8245515609731325,0.8245515609731325,0.9502456949905037,0.9502456949905037,0.9502456949905037,0.9502456949905037,0.8605471649234971,0.8605471649234971,0.8605471649234971,0.8605471649234971,0.49668555346266013,0.49668555346266013,0.49668555346266013,0.49668555346266013,0.5148812676648814,0.5148812676648814,0.5148812676648814,0.5148812676648814,0.9783568829321069,0.9783568829321069,0.9783568829321069,0.9783568829321069
song_a88716a9c9d7b095702f94b087ee37326a0dc5655ecf93a84a87b71aa1b66a68,success,bart,classifier-panel-v1,821,1,1010,584,584,6090bcdbece03d95ac7b774e8c44d252a3f8945e4072fddda6f52c52294bf524,6090bcdbece03d95ac7b774e8c44d252a3f8945e4072fddda6f52c52294bf524,0.915584096728356,0.915584096728356,0.915584096728356,0.915584096728356,0.9260436630771458,0.9260436630771458,0.9260436630771458,0.9260436630771458,0.9693411585094603,0.9693411585094603,0.9693411585094603,0.9693411585094603,0.9823654932551878,0.9823654932551878,0.9823654932551878,0.9823654932551878,0.9919572711964042,0.9919572711964042,0.9919572711964042,0.9919572711964042,0.9397034113457662,0.9397034113457662,0.9397034113457662,0.9397034113457662,0.962569585509915,0.962569585509915,0.962569585509915,0.962569585509915,0.9385666572907198,0.9385666572907198,0.9385666572907198,0.9385666572907198,0.9731739181377157,0.9731739181377157,0.9731739181377157,0.9731739181377157,0.9789566768621523,0.9789566768621523,0.9789566768621523,0.9789566768621523,0.8283838117176282,0.8283838117176282,0.8283838117176282,0.8283838117176282,0.995441924363359,0.995441924363359,0.995441924363359,0.995441924363359,0.9213362898433067,0.9213362898433067,0.9213362898433067,0.9213362898433067,0.9841618277558777,0.9841618277558777,0.9841618277558777,0.9841618277558777,0.628787502147689,0.628787502147689,0.628787502147689,0.628787502147689,0.9023324857914948,0.9023324857914948,0.9023324857914948,0.9023324857914948,0.9859823396560398,0.9859823396560398,0.9859823396560398,0.9859823396560398
song_61a93b5d45b99392acf44f79106a72ee8e87dee118e990895eafdece3a01ebe9,success,bart,classifier-panel-v1,448,1,1010,341,341,841d6e6573a1a43336eb7a878f38ebab26e0355d8f61217640e49264b396f608,841d6e6573a1a43336eb7a878f38ebab26e0355d8f61217640e49264b396f608,0.4125650658981621,0.4125650658981621,0.4125650658981621,0.4125650658981621,0.6019381436514687,0.6019381436514687,0.6019381436514687,0.6019381436514687,0.9729220812155018,0.9729220812155018,0.9729220812155018,0.9729220812155018,0.35798498864711364,0.35798498864711364,0.35798498864711364,0.35798498864711364,0.9887647952856908,0.9887647952856908,0.9887647952856908,0.9887647952856908,0.9959257257326607,0.9959257257326607,0.9959257257326607,0.9959257257326607,0.7686757119580727,0.7686757119580727,0.7686757119580727,0.7686757119580727,0.7953574113882894,0.7953574113882894,0.7953574113882894,0.7953574113882894,0.9676349091752056,0.9676349091752056,0.9676349091752056,0.9676349091752056,0.17281237077349915,0.17281237077349915,0.17281237077349915,0.17281237077349915,0.7729009356713851,0.7729009356713851,0.7729009356713851,0.7729009356713851,0.7532587323096087,0.7532587323096087,0.7532587323096087,0.7532587323096087,0.8414617488402442,0.8414617488402442,0.8414617488402442,0.8414617488402442,0.5770058959235435,0.5770058959235435,0.5770058959235435,0.5770058959235435,0.32046474777011635,0.32046474777011635,0.32046474777011635,0.32046474777011635,0.40874801614686274,0.40874801614686274,0.40874801614686274,0.40874801614686274,0.13142166826475396,0.13142166826475396,0.13142166826475396,0.13142166826475396
song_f4185aea5cd17f1abea03ccb1fa6b853bc8cc48352e792e4aa84bd5673669c5e,success,bart,classifier-panel-v1,719,1,1010,383,383,dbea5d09d748938f278db5d33e8815a1576118865cde1b4ff2471938e85e6bab,dbea5d09d748938f278db5d33e8815a1576118865cde1b4ff2471938e85e6bab,0.8440273802199186,0.8440273802199186,0.8440273802199186,0.8440273802199186,0.6882198353632923,0.6882198353632923,0.6882198353632923,0.6882198353632923,0.9932503863444434,0.9932503863444434,0.9932503863444434,0.9932503863444434,0.9358555449127992,0.9358555449127992,0.9358555449127992,0.9358555449127992,0.9935157327674947,0.9935157327674947,0.9935157327674947,0.9935157327674947,0.9915720524453093,0.9915720524453093,0.9915720524453093,0.9915720524453093,0.9925331906993762,0.9925331906993762,0.9925331906993762,0.9925331906993762,0.7219916136487999,0.7219916136487999,0.7219916136487999,0.7219916136487999,0.990429897135477,0.990429897135477,0.990429897135477,0.990429897135477,0.8685416239031555,0.8685416239031555,0.8685416239031555,0.8685416239031555,0.7499990481807219,0.7499990481807219,0.7499990481807219,0.7499990481807219,0.9090445326179871,0.9090445326179871,0.9090445326179871,0.9090445326179871,0.9459102478494895,0.9459102478494895,0.9459102478494895,0.9459102478494895,0.9546919067103138,0.9546919067103138,0.9546919067103138,0.9546919067103138,0.38210581010986067,0.38210581010986067,0.38210581010986067,0.38210581010986067,0.920689398991779,0.920689398991779,0.920689398991779,0.920689398991779,0.30902692476290144,0.30902692476290144,0.30902692476290144,0.30902692476290144
song_df65c35504bb4ab737bbde1916d9226388671296143f32de56be3bcd942836de,success,bart,classifier-panel-v1,566,1,1010,355,355,ebea2f2eff10d9dfdd8dd70f8b7456673727a29201577172ee934f552fbd0898,ebea2f2eff10d9dfdd8dd70f8b7456673727a29201577172ee934f552fbd0898,0.5883906131023089,0.5883906131023089,0.5883906131023089,0.5883906131023089,0.6987990516248777,0.6987990516248777,0.6987990516248777,0.6987990516248777,0.8849939191333756,0.8849939191333756,0.8849939191333756,0.8849939191333756,0.5779981450582178,0.5779981450582178,0.5779981450582178,0.5779981450582178,0.9225701003145648,0.9225701003145648,0.9225701003145648,0.9225701003145648,0.9430689580053843,0.9430689580053843,0.9430689580053843,0.9430689580053843,0.6819203225119952,0.6819203225119952,0.6819203225119952,0.6819203225119952,0.7604178116773249,0.7604178116773249,0.7604178116773249,0.7604178116773249,0.9164612776344375,0.9164612776344375,0.9164612776344375,0.9164612776344375,0.5909194568957425,0.5909194568957425,0.5909194568957425,0.5909194568957425,0.7300416885825491,0.7300416885825491,0.7300416885825491,0.7300416885825491,0.9580058214786963,0.9580058214786963,0.9580058214786963,0.9580058214786963,0.8578997116417117,0.8578997116417117,0.8578997116417117,0.8578997116417117,0.7088468952408487,0.7088468952408487,0.7088468952408487,0.7088468952408487,0.42510932762657483,0.42510932762657483,0.42510932762657483,0.42510932762657483,0.617428211486623,0.617428211486623,0.617428211486623,0.617428211486623,0.9763279914400729,0.9763279914400729,0.9763279914400729,0.9763279914400729
song_91746aa1c606d87c92ae335386faf16eecbaf2fd760ffb105d9375f1ae0fe4b4,success,bart,classifier-panel-v1,335,1,1010,251,251,3714141b866fd1cb2fd6091ed15df14603b3caf618e0200bbe38d199ab06b270,3714141b866fd1cb2fd6091ed15df14603b3caf618e0200bbe38d199ab06b270,0.4746743543714446,0.4746743543714446,0.4746743543714446,0.4746743543714446,0.3397061913654067,0.3397061913654067,0.3397061913654067,0.3397061913654067,0.8013735132816704,0.8013735132816704,0.8013735132816704,0.8013735132816704,0.3779689397728644,0.3779689397728644,0.3779689397728644,0.3779689397728644,0.9892383991596286,0.9892383991596286,0.9892383991596286,0.9892383991596286,0.9570103242808626,0.9570103242808626,0.9570103242808626,0.9570103242808626,0.9912074907181782,0.9912074907181782,0.9912074907181782,0.9912074907181782,0.8127500661651554,0.8127500661651554,0.8127500661651554,0.8127500661651554,0.8289514688875913,0.8289514688875913,0.8289514688875913,0.8289514688875913,0.3926198921089517,0.3926198921089517,0.3926198921089517,0.3926198921089517,0.39086448025569936,0.39086448025569936,0.39086448025569936,0.39086448025569936,0.8411684529015004,0.8411684529015004,0.8411684529015004,0.8411684529015004,0.9903564316582777,0.9903564316582777,0.9903564316582777,0.9903564316582777,0.8141726875394979,0.8141726875394979,0.8141726875394979,0.8141726875394979,0.9262515090438832,0.9262515090438832,0.9262515090438832,0.9262515090438832,0.16004412570842086,0.16004412570842086,0.16004412570842086,0.16004412570842086,0.559859768907958,0.559859768907958,0.559859768907958,0.559859768907958
song_bebe4b11a673cfb47ec460528a0c2f75529ba518b5e923d1958b2e9aee9ea323,success,bart,classifier-panel-v1,272,1,1010,196,196,e8c264b19bfa7d3fbf6dd0eb77f239f14f1584202a71705e5da02499f5223020,e8c264b19bfa7d3fbf6dd0eb77f239f14f1584202a71705e5da02499f5223020,0.593897727491394,0.593897727491394,0.593897727491394,0.593897727491394,0.42026995834149466,0.42026995834149466,0.42026995834149466,0.42026995834149466,0.9861705125086724,0.9861705125086724,0.9861705125086724,0.9861705125086724,0.5810223507458557,0.5810223507458557,0.5810223507458557,0.5810223507458557,0.9932330619272124,0.9932330619272124,0.9932330619272124,0.9932330619272124,0.9529951675943812,0.9529951675943812,0.9529951675943812,0.9529951675943812,0.9847508413120393,0.9847508413120393,0.9847508413120393,0.9847508413120393,0.7290161851732123,0.7290161851732123,0.7290161851732123,0.7290161851732123,0.939527537712885,0.939527537712885,0.939527537712885,0.939527537712885,0.5205747169161059,0.5205747169161059,0.5205747169161059,0.5205747169161059,0.7305841643955683,0.7305841643955683,0.7305841643955683,0.7305841643955683,0.8613554532018524,0.8613554532018524,0.8613554532018524,0.8613554532018524,0.9528153123315882,0.9528153123315882,0.9528153123315882,0.9528153123315882,0.7873941768873894,0.7873941768873894,0.7873941768873894,0.7873941768873894,0.9759516068810155,0.9759516068810155,0.9759516068810155,0.9759516068810155,0.21019765715137192,0.21019765715137192,0.21019765715137192,0.21019765715137192,0.49356359036610226,0.49356359036610226,0.49356359036610226,0.49356359036610226
song_69823ed1beab1c15adab303458294de6aa805b844e4d9bc1cb759b53d8e1d0b8,success,bart,classifier-panel-v1,929,1,1010,635,635,d7a7f03575fafd2da31ec8415232bc7aecc50e5bca0bb24bb71a59b509a56df9,d7a7f03575fafd2da31ec8415232bc7aecc50e5bca0bb24bb71a59b509a56df9,0.9071940027444836,0.9071940027444836,0.9071940027444836,0.9071940027444836,0.9797771878810855,0.9797771878810855,0.9797771878810855,0.9797771878810855,0.9787205000284263,0.9787205000284263,0.9787205000284263,0.9787205000284263,0.9588819714952299,0.9588819714952299,0.9588819714952299,0.9588819714952299,0.9789511899695212,0.9789511899695212,0.9789511899695212,0.9789511899695212,0.899320774464781,0.899320774464781,0.899320774464781,0.899320774464781,0.9647057666835661,0.9647057666835661,0.9647057666835661,0.9647057666835661,0.9709263828468494,0.9709263828468494,0.9709263828468494,0.9709263828468494,0.9047104872204091,0.9047104872204091,0.9047104872204091,0.9047104872204091,0.8610017817293915,0.8610017817293915,0.8610017817293915,0.8610017817293915,0.9642410799841645,0.9642410799841645,0.9642410799841645,0.9642410799841645,0.9860776559915586,0.9860776559915586,0.9860776559915586,0.9860776559915586,0.7351726329082569,0.7351726329082569,0.7351726329082569,0.7351726329082569,0.8884165628905334,0.8884165628905334,0.8884165628905334,0.8884165628905334,0.8917828858081116,0.8917828858081116,0.8917828858081116,0.8917828858081116,0.988086880970984,0.988086880970984,0.988086880970984,0.988086880970984,0.9313897316305655,0.9313897316305655,0.9313897316305655,0.9313897316305655
song_8e7a07712e424d6dc71b31f594afafc6604cf5d4f09fcf81c91908a2c45b979d,success,bart,classifier-panel-v1,924,1,1010,600,600,d868c469225d1d282edddf3eba7ad0ef912497c27c0eeaf3afd93fd024db6f29,d868c469225d1d282edddf3eba7ad0ef912497c27c0eeaf3afd93fd024db6f29,0.870729541742759,0.870729541742759,0.870729541742759,0.870729541742759,0.8751413023360584,0.8751413023360584,0.8751413023360584,0.8751413023360584,0.8848502460744313,0.8848502460744313,0.8848502460744313,0.8848502460744313,0.9504347933044788,0.9504347933044788,0.9504347933044788,0.9504347933044788,0.9696053112473005,0.9696053112473005,0.9696053112473005,0.9696053112473005,0.9044414002037817,0.9044414002037817,0.9044414002037817,0.9044414002037817,0.9167036172806149,0.9167036172806149,0.9167036172806149,0.9167036172806149,0.8898935425447454,0.8898935425447454,0.8898935425447454,0.8898935425447454,0.6205709309937533,0.6205709309937533,0.6205709309937533,0.6205709309937533,0.9193529431972888,0.9193529431972888,0.9193529431972888,0.9193529431972888,0.9279412350607329,0.9279412350607329,0.9279412350607329,0.9279412350607329,0.9399381879183427,0.9399381879183427,0.9399381879183427,0.9399381879183427,0.8839544805113094,0.8839544805113094,0.8839544805113094,0.8839544805113094,0.9344074419443714,0.9344074419443714,0.9344074419443714,0.9344074419443714,0.9530927695580461,0.9530927695580461,0.9530927695580461,0.9530927695580461,0.9314625069680097,0.9314625069680097,0.9314625069680097,0.9314625069680097,0.9525344631856415,0.9525344631856415,0.9525344631856415,0.9525344631856415
song_dcd6fc07dd41fb2112e83cc37ad3cb0288359e4b90661faeb2891c6a2a7f5e89,success,bart,classifier-panel-v1,595,1,1010,434,434,071ad23f2d71e54d71ca4d8e83294665e3646c7b87a3eb08094cefa19801d87e,071ad23f2d71e54d71ca4d8e83294665e3646c7b87a3eb08094cefa19801d87e,0.9799737327801642,0.9799737327801642,0.9799737327801642,0.9799737327801642,0.959207277771536,0.959207277771536,0.959207277771536,0.959207277771536,0.9823158037917423,0.9823158037917423,0.9823158037917423,0.9823158037917423,0.9921252195583212,0.9921252195583212,0.9921252195583212,0.9921252195583212,0.9924186196750674,0.9924186196750674,0.9924186196750674,0.9924186196750674,0.9586385712828703,0.9586385712828703,0.9586385712828703,0.9586385712828703,0.9912628234565798,0.9912628234565798,0.9912628234565798,0.9912628234565798,0.8201508402913569,0.8201508402913569,0.8201508402913569,0.8201508402913569,0.9804736917610056,0.9804736917610056,0.9804736917610056,0.9804736917610056,0.8431083819431168,0.8431083819431168,0.8431083819431168,0.8431083819431168,0.8263017306421789,0.8263017306421789,0.8263017306421789,0.8263017306421789,0.963225747883861,0.963225747883861,0.963225747883861,0.963225747883861,0.9795331090951721,0.9795331090951721,0.9795331090951721,0.9795331090951721,0.9741492661209589,0.9741492661209589,0.9741492661209589,0.9741492661209589,0.525834392170981,0.525834392170981,0.525834392170981,0.525834392170981,0.9452937376399198,0.9452937376399198,0.9452937376399198,0.9452937376399198,0.601617259568784,0.601617259568784,0.601617259568784,0.601617259568784
song_a7464a3d004fed14e1824802fca94ffd5af3ac71e2e2e34435fccd0ff534a2ed,success,bart,classifier-panel-v1,502,1,1010,357,357,333f8ef4afb37bd3c5cb5974052eaed1c4fd01b1bc710a4cec7e792ea7b9e670,333f8ef4afb37bd3c5cb5974052eaed1c4fd01b1bc710a4cec7e792ea7b9e670,0.8028562793792751,0.8028562793792751,0.8028562793792751,0.8028562793792751,0.4406871517345122,0.4406871517345122,0.4406871517345122,0.4406871517345122,0.7017857888362395,0.7017857888362395,0.7017857888362395,0.7017857888362395,0.651393305127031,0.651393305127031,0.651393305127031,0.651393305127031,0.9824757655167223,0.9824757655167223,0.9824757655167223,0.9824757655167223,0.9669432846646304,0.9669432846646304,0.9669432846646304,0.9669432846646304,0.9881153890384716,0.9881153890384716,0.9881153890384716,0.9881153890384716,0.4666341192136645,0.4666341192136645,0.4666341192136645,0.4666341192136645,0.7607572326127376,0.7607572326127376,0.7607572326127376,0.7607572326127376,0.7861938187060433,0.7861938187060433,0.7861938187060433,0.7861938187060433,0.7043043821516266,0.7043043821516266,0.7043043821516266,0.7043043821516266,0.6271035369134649,0.6271035369134649,0.6271035369134649,0.6271035369134649,0.9261074098576735,0.9261074098576735,0.9261074098576735,0.9261074098576735,0.795017397450087,0.795017397450087,0.795017397450087,0.795017397450087,0.7300996205348531,0.7300996205348531,0.7300996205348531,0.7300996205348531,0.4026798874497671,0.4026798874497671,0.4026798874497671,0.4026798874497671,0.3598845217157975,0.3598845217157975,0.3598845217157975,0.3598845217157975
song_1d68186326e359b9669b2f7c11d69a9643793fb708e6fe1003c21e5c3aa6232a,success,bart,classifier-panel-v1,622,1,1010,426,426,62d433d8d0173b5391815435bc7c22c658f2aba8c3db1c6389b574c94bb1f15f,62d433d8d0173b5391815435bc7c22c658f2aba8c3db1c6389b574c94bb1f15f,0.9261418191655818,0.9261418191655818,0.9261418191655818,0.9261418191655818,0.97666510740771,0.97666510740771,0.97666510740771,0.97666510740771,0.8857217782316948,0.8857217782316948,0.8857217782316948,0.8857217782316948,0.9870581396146678,0.9870581396146678,0.9870581396146678,0.9870581396146678,0.9835541225454371,0.9835541225454371,0.9835541225454371,0.9835541225454371,0.9430363587348058,0.9430363587348058,0.9430363587348058,0.9430363587348058,0.9028726045287511,0.9028726045287511,0.9028726045287511,0.9028726045287511,0.8388946964170866,0.8388946964170866,0.8388946964170866,0.8388946964170866,0.9317731762064076,0.9317731762064076,0.9317731762064076,0.9317731762064076,0.9713788329375721,0.9713788329375721,0.9713788329375721,0.9713788329375721,0.8419212923778417,0.8419212923778417,0.8419212923778417,0.8419212923778417,0.9894696991405812,0.9894696991405812,0.9894696991405812,0.9894696991405812,0.9290793335272902,0.9290793335272902,0.9290793335272902,0.9290793335272902,0.8566545074137585,0.8566545074137585,0.8566545074137585,0.8566545074137585,0.34708961665524396,0.34708961665524396,0.34708961665524396,0.34708961665524396,0.9898107012813541,0.9898107012813541,0.9898107012813541,0.9898107012813541,0.9970799549730731,0.9970799549730731,0.9970799549730731,0.9970799549730731
song_bf6ecd59e1d9609355146c4e3f9531132411aebc5b877ee12a5f15343b056d23,success,bart,classifier-panel-v1,471,1,1010,345,345,ed823d409fbbeb3fbf705a9c4260c6478756e92e0e03ff4773e9fe3e87707297,ed823d409fbbeb3fbf705a9c4260c6478756e92e0e03ff4773e9fe3e87707297,0.5466760541521855,0.5466760541521855,0.5466760541521855,0.5466760541521855,0.2763188750172513,0.2763188750172513,0.2763188750172513,0.2763188750172513,0.8896642032778626,0.8896642032778626,0.8896642032778626,0.8896642032778626,0.5710388694874408,0.5710388694874408,0.5710388694874408,0.5710388694874408,0.6932260929575049,0.6932260929575049,0.6932260929575049,0.6932260929575049,0.857230952287309,0.857230952287309,0.857230952287309,0.857230952287309,0.9385710115231054,0.9385710115231054,0.9385710115231054,0.9385710115231054,0.4748719610008008,0.4748719610008008,0.4748719610008008,0.4748719610008008,0.8474286289190841,0.8474286289190841,0.8474286289190841,0.8474286289190841,0.19795526086302861,0.19795526086302861,0.19795526086302861,0.19795526086302861,0.41891569334758927,0.41891569334758927,0.41891569334758927,0.41891569334758927,0.8157478890483191,0.8157478890483191,0.8157478890483191,0.8157478890483191,0.9831930598725189,0.9831930598725189,0.9831930598725189,0.9831930598725189,0.9001429334315617,0.9001429334315617,0.9001429334315617,0.9001429334315617,0.1902063410239798,0.1902063410239798,0.1902063410239798,0.1902063410239798,0.5356523789066534,0.5356523789066534,0.5356523789066534,0.5356523789066534,0.0801247590360848,0.0801247590360848,0.0801247590360848,0.0801247590360848
song_214d22efee01afd6925d10528d80a2c2f994a8fd4a37f100a0179fea51af725e,success,bart,classifier-panel-v1,404,1,1010,296,296,6efaf81e628b8e5d134c8cfb974761c5c0ba0e2566de0327a6031420ea69d2e4,6efaf81e628b8e5d134c8cfb974761c5c0ba0e2566de0327a6031420ea69d2e4,0.5801729498800593,0.5801729498800593,0.5801729498800593,0.5801729498800593,0.5499959490174827,0.5499959490174827,0.5499959490174827,0.5499959490174827,0.9498102035065396,0.9498102035065396,0.9498102035065396,0.9498102035065396,0.6595577627594084,0.6595577627594084,0.6595577627594084,0.6595577627594084,0.9700483016924718,0.9700483016924718,0.9700483016924718,0.9700483016924718,0.8834891763647461,0.8834891763647461,0.8834891763647461,0.8834891763647461,0.860298860130053,0.860298860130053,0.860298860130053,0.860298860130053,0.7240378417373631,0.7240378417373631,0.7240378417373631,0.7240378417373631,0.9750002948330214,0.9750002948330214,0.9750002948330214,0.9750002948330214,0.2759138383769869,0.2759138383769869,0.2759138383769869,0.2759138383769869,0.4410827277808056,0.4410827277808056,0.4410827277808056,0.4410827277808056,0.8623708565202279,0.8623708565202279,0.8623708565202279,0.8623708565202279,0.9906919968899314,0.9906919968899314,0.9906919968899314,0.9906919968899314,0.9054728383205665,0.9054728383205665,0.9054728383205665,0.9054728383205665,0.4762987634170895,0.4762987634170895,0.4762987634170895,0.4762987634170895,0.7748438010443021,0.7748438010443021,0.7748438010443021,0.7748438010443021,0.3392247147942392,0.3392247147942392,0.3392247147942392,0.3392247147942392
song_b5dba8821898b6e121e493b47cf4d536d7a7c5d16bcc38aaedc2b4899288889d,success,bart,classifier-panel-v1,777,1,1010,488,488,5f973904dbfdef3856d7cb62f81232215c53eef4133bebaf0c9903a63fd4fbf6,5f973904dbfdef3856d7cb62f81232215c53eef4133bebaf0c9903a63fd4fbf6,0.09587513543461669,0.09587513543461669,0.09587513543461669,0.09587513543461669,0.016384202314854154,0.016384202314854154,0.016384202314854154,0.016384202314854154,0.2811947363295137,0.2811947363295137,0.2811947363295137,0.2811947363295137,0.04255396583230131,0.04255396583230131,0.04255396583230131,0.04255396583230131,0.13388295527940508,0.13388295527940508,0.13388295527940508,0.13388295527940508,0.07460851602776516,0.07460851602776516,0.07460851602776516,0.07460851602776516,0.08845053922798805,0.08845053922798805,0.08845053922798805,0.08845053922798805,0.0750396157937369,0.0750396157937369,0.0750396157937369,0.0750396157937369,0.5673017650137405,0.5673017650137405,0.5673017650137405,0.5673017650137405,0.017930375786847606,0.017930375786847606,0.017930375786847606,0.017930375786847606,0.03841189061049348,0.03841189061049348,0.03841189061049348,0.03841189061049348,0.0801860076903876,0.0801860076903876,0.0801860076903876,0.0801860076903876,0.12051201008613018,0.12051201008613018,0.12051201008613018,0.12051201008613018,0.06406215875045546,0.06406215875045546,0.06406215875045546,0.06406215875045546,0.01983615468499236,0.01983615468499236,0.01983615468499236,0.01983615468499236,0.03061097243178762,0.03061097243178762,0.03061097243178762,0.03061097243178762,0.007661758740647465,0.007661758740647465,0.007661758740647465,0.007661758740647465
song_52d717b9eb2516949c777c9c8731a532ce779c0eb5872d6023ce3b1b2fae8d86,success,bart,classifier-panel-v1,1126,2,1010,585,585,3051755095da0e34bbfafa3b56619ef70112fbc543ff996d9b0c5fbf9095a5de,3051755095da0e34bbfafa3b56619ef70112fbc543ff996d9b0c5fbf9095a5de,0.7499267331414912,0.6267931145361522,0.7253000094204234,0.626793114536152,0.12305106778865642,0.09522739007151938,0.117486332245229,0.09522739007151938,0.9565251724185896,0.9451123463949487,0.9542426072138614,0.9451123463949489,0.41081065302124736,0.2799263717129371,0.3846337967595853,0.2799263717129371,0.9953652646826266,0.9945957689001099,0.9952113655261233,0.9945957689001099,0.9966394417703472,0.995880125300627,0.9964875784764032,0.9958801253006269,0.9948836452243144,0.9891494459875889,0.9937368053769693,0.989149445987589,0.6714814405824421,0.43042534029528057,0.6232702205250098,0.43042534029528057,0.9739886490166262,0.9570429897049597,0.9705995171542929,0.9570429897049599,0.3808161202560359,0.24996171015911728,0.35464523823665217,0.24996171015911728,0.33640308729497415,0.3339575033168631,0.33591397049935195,0.3339575033168631,0.6690950087794106,0.6180659614543769,0.6588891993144039,0.6180659614543769,0.9962074760778624,0.992877720412515,0.995541524944793,0.992877720412515,0.8053106234121032,0.6656157837418886,0.7773716554780603,0.6656157837418885,0.8769746896832583,0.6403548070205156,0.8296507131507098,0.6403548070205156,0.472251613346224,0.2838211317328734,0.4345655170235539,0.2838211317328734,0.2884357024837818,0.21051934889487894,0.27285243176600127,0.21051934889487892
song_11fde80db739a6f64d0a9d9b691cf7b6526c1ba2e830f676d5e4a336c17c9df8,success,bart,classifier-panel-v1,349,1,1010,268,268,b64e0458bcdb43dd03961b4227afe5e5b6b77ffe3258c294aac2450c685a7536,b64e0458bcdb43dd03961b4227afe5e5b6b77ffe3258c294aac2450c685a7536,0.4163212650703701,0.4163212650703701,0.4163212650703701,0.4163212650703701,0.25901701229586943,0.25901701229586943,0.25901701229586943,0.25901701229586943,0.8189242959045159,0.8189242959045159,0.8189242959045159,0.8189242959045159,0.39539674297315264,0.39539674297315264,0.39539674297315264,0.39539674297315264,0.9621635856372922,0.9621635856372922,0.9621635856372922,0.9621635856372922,0.9553508578025377,0.9553508578025377,0.9553508578025377,0.9553508578025377,0.9789683435210387,0.9789683435210387,0.9789683435210387,0.9789683435210387,0.46216550033921633,0.46216550033921633,0.46216550033921633,0.46216550033921633,0.8330881603557403,0.8330881603557403,0.8330881603557403,0.8330881603557403,0.5845192175133439,0.5845192175133439,0.5845192175133439,0.5845192175133439,0.5927694580183948,0.5927694580183948,0.5927694580183948,0.5927694580183948,0.7201550691028481,0.7201550691028481,0.7201550691028481,0.7201550691028481,0.9208592790654292,0.9208592790654292,0.9208592790654292,0.9208592790654292,0.8095903708848663,0.8095903708848663,0.8095903708848663,0.8095903708848663,0.429057378804581,0.429057378804581,0.429057378804581,0.429057378804581,0.5871726080673577,0.5871726080673577,0.5871726080673577,0.5871726080673577,0.4148579411293993,0.4148579411293993,0.4148579411293993,0.4148579411293993
song_e974a41fe0c5464980062ef5bfe8c01e1fb90ce11c92a2aa9e4e4dc84512c6aa,success,bart,classifier-panel-v1,1140,2,1010,724,724,85414987ead8d9b4f61c926b55ccfdcb6a49f5ff1013df2668efe5d1d29f9ba2,85414987ead8d9b4f61c926b55ccfdcb6a49f5ff1013df2668efe5d1d29f9ba2,0.856990504720373,0.7863410195791225,0.8428606076921229,0.7863410195791225,0.9478004811488424,0.7973008581567177,0.9177005565504175,0.7973008581567176,0.9874661617898444,0.9686143382626686,0.9836957970844092,0.9686143382626689,0.8978796130808393,0.8824459249771852,0.8947928754601084,0.8824459249771852,0.9837040703142313,0.9722450792981132,0.9814122721110077,0.9722450792981131,0.993856012997754,0.9880894322747781,0.9927026968531588,0.988089432274778,0.9891336588049271,0.949602069700857,0.9812273409841131,0.9496020697008569,0.9778719972407441,0.8375579451011874,0.9498091868128329,0.8375579451011875,0.9974132568169761,0.9862472810278062,0.9951800616591422,0.9862472810278061,0.9302782884048205,0.9161778093239757,0.9274581925886516,0.9161778093239759,0.9568541142300774,0.7915334653538019,0.9237899844548223,0.7915334653538019,0.9942531452796853,0.9556170117836728,0.9865259185804828,0.9556170117836729,0.9565109799636577,0.9344584931382436,0.9521004825985749,0.9344584931382436,0.941104686613194,0.9179812152883344,0.9364799923482221,0.9179812152883344,0.6084701243712886,0.48431052827043897,0.5836382051511186,0.484310528270439,0.9731617906121746,0.9208414132794374,0.9626977151456271,0.9208414132794374,0.9545065156493046,0.9477749626820232,0.9531602050558483,0.9477749626820233
song_6f4dfcd36cc7c0bd6c33b7074f8be8254768e06df0d3616b1aa5940c9bcf8caa,success,bart,classifier-panel-v1,890,1,1010,547,547,23d1a36f74ba9072d6d89587af73c4bd86e454499429160e2551d8b9f7614dd5,23d1a36f74ba9072d6d89587af73c4bd86e454499429160e2551d8b9f7614dd5,0.8491726636469261,0.8491726636469261,0.8491726636469261,0.8491726636469261,0.875031524458689,0.875031524458689,0.875031524458689,0.875031524458689,0.938579822204908,0.938579822204908,0.938579822204908,0.938579822204908,0.9234201571306839,0.9234201571306839,0.9234201571306839,0.9234201571306839,0.9764937000171384,0.9764937000171384,0.9764937000171384,0.9764937000171384,0.9441847374176762,0.9441847374176762,0.9441847374176762,0.9441847374176762,0.9582623794334869,0.9582623794334869,0.9582623794334869,0.9582623794334869,0.9154346047040077,0.9154346047040077,0.9154346047040077,0.9154346047040077,0.819890360915098,0.819890360915098,0.819890360915098,0.819890360915098,0.9227579892380499,0.9227579892380499,0.9227579892380499,0.9227579892380499,0.927473969773604,0.927473969773604,0.927473969773604,0.927473969773604,0.954369026433202,0.954369026433202,0.954369026433202,0.954369026433202,0.9244493651000906,0.9244493651000906,0.9244493651000906,0.9244493651000906,0.9394312801950572,0.9394312801950572,0.9394312801950572,0.9394312801950572,0.9510909865676275,0.9510909865676275,0.9510909865676275,0.9510909865676275,0.938599638486028,0.938599638486028,0.938599638486028,0.938599638486028,0.9550339983048921,0.9550339983048921,0.9550339983048921,0.9550339983048921
song_02774fe4f56b6d0a37952e7ecde8456be181bcb74ccb21de416a2aaf61e6f01c,success,bart,classifier-panel-v1,744,1,1010,294,294,4d70fc4227138ad3717ab54a0b9660fd2c220b52ffb6acfc1330f9929bf12508,4d70fc4227138ad3717ab54a0b9660fd2c220b52ffb6acfc1330f9929bf12508,0.9847061312954708,0.9847061312954708,0.9847061312954708,0.9847061312954708,0.8974795521528613,0.8974795521528613,0.8974795521528613,0.8974795521528613,0.9899555313291146,0.9899555313291146,0.9899555313291146,0.9899555313291146,0.9456146891057535,0.9456146891057535,0.9456146891057535,0.9456146891057535,0.9921213721318914,0.9921213721318914,0.9921213721318914,0.9921213721318914,0.9897743065310614,0.9897743065310614,0.9897743065310614,0.9897743065310614,0.9978882467747269,0.9978882467747269,0.9978882467747269,0.9978882467747269,0.942533045232853,0.942533045232853,0.942533045232853,0.942533045232853,0.9882869650523384,0.9882869650523384,0.9882869650523384,0.9882869650523384,0.986844889143401,0.986844889143401,0.986844889143401,0.986844889143401,0.948423080545034,0.948423080545034,0.948423080545034,0.948423080545034,0.9910501048833947,0.9910501048833947,0.9910501048833947,0.9910501048833947,0.9928571737051325,0.9928571737051325,0.9928571737051325,0.9928571737051325,0.9763598747915151,0.9763598747915151,0.9763598747915151,0.9763598747915151,0.997703292007144,0.997703292007144,0.997703292007144,0.997703292007144,0.9124936945367812,0.9124936945367812,0.9124936945367812,0.9124936945367812,0.8634248170586479,0.8634248170586479,0.8634248170586479,0.8634248170586479
song_a2b0d57e3aeceb90c67f1e0c89daa02a72b08196d8d9b1caf4efa7677c4a847b,success,bart,classifier-panel-v1,776,1,1010,489,489,af2f35da5c1298489110ab0dc79190e6916df6d9ad3fabd1d43596b1499697e4,af2f35da5c1298489110ab0dc79190e6916df6d9ad3fabd1d43596b1499697e4,0.8707131505867731,0.8707131505867731,0.8707131505867731,0.8707131505867731,0.6529799268734271,0.6529799268734271,0.6529799268734271,0.6529799268734271,0.8706021232180458,0.8706021232180458,0.8706021232180458,0.8706021232180458,0.8839175885563685,0.8839175885563685,0.8839175885563685,0.8839175885563685,0.9918569141258424,0.9918569141258424,0.9918569141258424,0.9918569141258424,0.9455499101338238,0.9455499101338238,0.9455499101338238,0.9455499101338238,0.9954331221527433,0.9954331221527433,0.9954331221527433,0.9954331221527433,0.2783437969244786,0.2783437969244786,0.2783437969244786,0.2783437969244786,0.7193226233315488,0.7193226233315488,0.7193226233315488,0.7193226233315488,0.9922237934638465,0.9922237934638465,0.9922237934638465,0.9922237934638465,0.4030594936998864,0.4030594936998864,0.4030594936998864,0.4030594936998864,0.9742959372742617,0.9742959372742617,0.9742959372742617,0.9742959372742617,0.9867274646210488,0.9867274646210488,0.9867274646210488,0.9867274646210488,0.9969311923910547,0.9969311923910547,0.9969311923910547,0.9969311923910547,0.5021288564309262,0.5021288564309262,0.5021288564309262,0.5021288564309262,0.9646445885733901,0.9646445885733901,0.9646445885733901,0.9646445885733901,0.8813888342124769,0.8813888342124769,0.8813888342124769,0.8813888342124769
song_d8612d69df57efd627cfddf3eaa4c951f3a07bfcf200df32ff761955816080d8,success,bart,classifier-panel-v1,870,1,1010,552,552,fd2af2006f78ad631a17c897cc8a327940afffa88b6d417b87f840aacfa48eb9,fd2af2006f78ad631a17c897cc8a327940afffa88b6d417b87f840aacfa48eb9,0.9001133448610524,0.9001133448610524,0.9001133448610524,0.9001133448610524,0.967456241569261,0.967456241569261,0.967456241569261,0.967456241569261,0.9641340071840221,0.9641340071840221,0.9641340071840221,0.9641340071840221,0.9338031103024568,0.9338031103024568,0.9338031103024568,0.9338031103024568,0.9323116699997079,0.9323116699997079,0.9323116699997079,0.9323116699997079,0.9559715569932422,0.9559715569932422,0.9559715569932422,0.9559715569932422,0.9269659019252776,0.9269659019252776,0.9269659019252776,0.9269659019252776,0.9104791736946656,0.9104791736946656,0.9104791736946656,0.9104791736946656,0.692463049468744,0.692463049468744,0.692463049468744,0.692463049468744,0.7819559052346723,0.7819559052346723,0.7819559052346723,0.7819559052346723,0.8735689803596106,0.8735689803596106,0.8735689803596106,0.8735689803596106,0.9868332617398365,0.9868332617398365,0.9868332617398365,0.9868332617398365,0.9118326328618221,0.9118326328618221,0.9118326328618221,0.9118326328618221,0.9283305655655142,0.9283305655655142,0.9283305655655142,0.9283305655655142,0.6614238002456599,0.6614238002456599,0.6614238002456599,0.6614238002456599,0.9724260162310172,0.9724260162310172,0.9724260162310172,0.9724260162310172,0.9724344280069626,0.9724344280069626,0.9724344280069626,0.9724344280069626
song_e8d12bd574eb26390ca5a7305f06d31dfc884bedad4f378b2c5bb7a1072900a6,success,bart,classifier-panel-v1,425,1,1010,324,324,6d53e98ec61a364b62d5be781fe9c79f8fa73450d89bb21bb72dcf809ab19e87,6d53e98ec61a364b62d5be781fe9c79f8fa73450d89bb21bb72dcf809ab19e87,0.40453735107122873,0.40453735107122873,0.40453735107122873,0.40453735107122873,0.06832064303961086,0.06832064303961086,0.06832064303961086,0.06832064303961086,0.47362152643971184,0.47362152643971184,0.47362152643971184,0.47362152643971184,0.15565479218249856,0.15565479218249856,0.15565479218249856,0.15565479218249856,0.9296900216270783,0.9296900216270783,0.9296900216270783,0.9296900216270783,0.9530726173336103,0.9530726173336103,0.9530726173336103,0.9530726173336103,0.9721916049563171,0.9721916049563171,0.9721916049563171,0.9721916049563171,0.24894982214678968,0.24894982214678968,0.24894982214678968,0.24894982214678968,0.44495483723985224,0.44495483723985224,0.44495483723985224,0.44495483723985224,0.17456655742857083,0.17456655742857083,0.17456655742857083,0.17456655742857083,0.23498137320259616,0.23498137320259616,0.23498137320259616,0.23498137320259616,0.4413171290165718,0.4413171290165718,0.4413171290165718,0.4413171290165718,0.9870243931414846,0.9870243931414846,0.9870243931414846,0.9870243931414846,0.7475680525191459,0.7475680525191459,0.7475680525191459,0.7475680525191459,0.3448226682990676,0.3448226682990676,0.3448226682990676,0.3448226682990676,0.07212818404735855,0.07212818404735855,0.07212818404735855,0.07212818404735855,0.17161701022691753,0.17161701022691753,0.17161701022691753,0.17161701022691753
song_12e5afc3faa7419560ec277fc93b2f9c2313f0d785af09170a1f2f2f60c5fa8e,success,bart,classifier-panel-v1,862,1,1010,429,429,1ccbc52d9cc7453c36f90888feb17cbcdab6b94765dcabbdb4b7fc12da846469,1ccbc52d9cc7453c36f90888feb17cbcdab6b94765dcabbdb4b7fc12da846469,0.8892418930134677,0.8892418930134677,0.8892418930134677,0.8892418930134677,0.7294671256060784,0.7294671256060784,0.7294671256060784,0.7294671256060784,0.897858728437718,0.897858728437718,0.897858728437718,0.897858728437718,0.7121197801055302,0.7121197801055302,0.7121197801055302,0.7121197801055302,0.9487380157409475,0.9487380157409475,0.9487380157409475,0.9487380157409475,0.7845888409193726,0.7845888409193726,0.7845888409193726,0.7845888409193726,0.8951541634095269,0.8951541634095269,0.8951541634095269,0.8951541634095269,0.6464484722620523,0.6464484722620523,0.6464484722620523,0.6464484722620523,0.5245248333250409,0.5245248333250409,0.5245248333250409,0.5245248333250409,0.8779515635727692,0.8779515635727692,0.8779515635727692,0.8779515635727692,0.8080345303144212,0.8080345303144212,0.8080345303144212,0.8080345303144212,0.8765578343330769,0.8765578343330769,0.8765578343330769,0.8765578343330769,0.7247932823380067,0.7247932823380067,0.7247932823380067,0.7247932823380067,0.9364792423852446,0.9364792423852446,0.9364792423852446,0.9364792423852446,0.8055947918660923,0.8055947918660923,0.8055947918660923,0.8055947918660923,0.8581009337535858,0.8581009337535858,0.8581009337535858,0.8581009337535858,0.797407309658109,0.797407309658109,0.797407309658109,0.797407309658109
song_68d640ac4fc975b64ce9e4bbc60e2ec30d3246571962c1f2a6fff343b9086273,success,bart,classifier-panel-v1,555,1,1010,394,394,394e6cfeea32d75e0124d47fb131ef2623f23bcf1b329954b12770070541f37a,394e6cfeea32d75e0124d47fb131ef2623f23bcf1b329954b12770070541f37a,0.7564839989106266,0.7564839989106266,0.7564839989106266,0.7564839989106266,0.278136208004866,0.278136208004866,0.278136208004866,0.278136208004866,0.8497868049767539,0.8497868049767539,0.8497868049767539,0.8497868049767539,0.6423818294750365,0.6423818294750365,0.6423818294750365,0.6423818294750365,0.9870862238645435,0.9870862238645435,0.9870862238645435,0.9870862238645435,0.9921766252042065,0.9921766252042065,0.9921766252042065,0.9921766252042065,0.9958493190423928,0.9958493190423928,0.9958493190423928,0.9958493190423928,0.7265871493542856,0.7265871493542856,0.7265871493542856,0.7265871493542856,0.7427358774379015,0.7427358774379015,0.7427358774379015,0.7427358774379015,0.6433116439281626,0.6433116439281626,0.6433116439281626,0.6433116439281626,0.3669339295290658,0.3669339295290658,0.3669339295290658,0.3669339295290658,0.8689574784322833,0.8689574784322833,0.8689574784322833,0.8689574784322833,0.9896700244521104,0.9896700244521104,0.9896700244521104,0.9896700244521104,0.8893252326074259,0.8893252326074259,0.8893252326074259,0.8893252326074259,0.7362988303905529,0.7362988303905529,0.7362988303905529,0.7362988303905529,0.4236199534408555,0.4236199534408555,0.4236199534408555,0.4236199534408555,0.801743134330921,0.801743134330921,0.801743134330921,0.801743134330921
song_5194b6c0df56b87df950120af2c8399eb039c29f29878b87ff284b768eb9ab5a,success,bart,classifier-panel-v1,1065,2,1010,624,624,ece1ae6838ba480755c42cc28fb4a9ca48668ba66a2773d8b60fd099e4b0dfd7,ece1ae6838ba480755c42cc28fb4a9ca48668ba66a2773d8b60fd099e4b0dfd7,0.9597557843316284,0.8642814696469874,0.9406609213947003,0.8641918224031521,0.9889462266846119,0.9839392519540838,0.9879448317385062,0.9839345505693603,0.9891926418242944,0.9583337548454168,0.9830208644285189,0.9583047793646854,0.9918426808523472,0.982854852397806,0.9900451151614389,0.9828632916733502,0.9699723700799937,0.967837482189846,0.9695453925019641,0.9678394867794141,0.9806106794513177,0.9710252268908852,0.9786935889392312,0.9710162264659459,0.8335670551685205,0.8145842118545598,0.8297704865057284,0.8146020361205822,0.9982447102031409,0.8266117285250274,0.9639181138675181,0.8264505707957522,0.9635181612844748,0.8707302717432475,0.9449605833762293,0.8706431469643354,0.9919504682875719,0.9715281500611943,0.9878660046422965,0.971547325946853,0.9880955021760135,0.9552945038963303,0.9815353025200768,0.9552637048369127,0.9942809057542298,0.9874828697567517,0.9929212985547342,0.9874764866243596,0.51775769254187,0.4820556303441011,0.5106172801023162,0.4820221072810046,0.958534318341243,0.9100611566535234,0.9488396860036991,0.9100156419477133,0.5321625122162006,0.36588867656700325,0.49890774508636115,0.365732550899727,0.9972108318504368,0.9870695627021985,0.9951825780207891,0.9870600403837495,0.93410857987967,0.8048187150559887,0.9082506069149338,0.8046973161218819
song_87e53fe885bfd4484f1ebd768210f7c20f4ff3e5232d7ecb256c0eb84c118eb1,success,bart,classifier-panel-v1,402,1,1010,260,260,2fc41a09568f02c4a616effcd8afa9e154b984cd2651876defe99ecaf91b7733,2fc41a09568f02c4a616effcd8afa9e154b984cd2651876defe99ecaf91b7733,0.9818440162353567,0.9818440162353567,0.9818440162353567,0.9818440162353567,0.13065893518572025,0.13065893518572025,0.13065893518572025,0.13065893518572025,0.4658521257916312,0.4658521257916312,0.4658521257916312,0.4658521257916312,0.27086978910555065,0.27086978910555065,0.27086978910555065,0.27086978910555065,0.788254659783482,0.788254659783482,0.788254659783482,0.788254659783482,0.35544530033814525,0.35544530033814525,0.35544530033814525,0.35544530033814525,0.8303991280280757,0.8303991280280757,0.8303991280280757,0.8303991280280757,0.03304042783814929,0.03304042783814929,0.03304042783814929,0.03304042783814929,0.2058294483429731,0.2058294483429731,0.2058294483429731,0.2058294483429731,0.840133723204697,0.840133723204697,0.840133723204697,0.840133723204697,0.14369347409220673,0.14369347409220673,0.14369347409220673,0.14369347409220673,0.6165921559414566,0.6165921559414566,0.6165921559414566,0.6165921559414566,0.9153705924555836,0.9153705924555836,0.9153705924555836,0.9153705924555836,0.8711969394563598,0.8711969394563598,0.8711969394563598,0.8711969394563598,0.04206639887946675,0.04206639887946675,0.04206639887946675,0.04206639887946675,0.03148001497907967,0.03148001497907967,0.03148001497907967,0.03148001497907967,0.016851907259267326,0.016851907259267326,0.016851907259267326,0.016851907259267326
song_d86e59f3a47090f8d0e393978a66012120bcd864bc0d5e43c29e36afd84f6bd6,success,bart,classifier-panel-v1,287,1,1010,188,188,cc31a7d4f43dd7fe890be82eee881cbaf62fca04be0b1f3ebad810c1118241c5,cc31a7d4f43dd7fe890be82eee881cbaf62fca04be0b1f3ebad810c1118241c5,0.480427064924001,0.480427064924001,0.480427064924001,0.480427064924001,0.11527406554563137,0.11527406554563137,0.11527406554563137,0.11527406554563137,0.6985089761978757,0.6985089761978757,0.6985089761978757,0.6985089761978757,0.3273222349243553,0.3273222349243553,0.3273222349243553,0.3273222349243553,0.969972953385011,0.969972953385011,0.969972953385011,0.969972953385011,0.9293965134800556,0.9293965134800556,0.9293965134800556,0.9293965134800556,0.9917413998884655,0.9917413998884655,0.9917413998884655,0.9917413998884655,0.555537526042746,0.555537526042746,0.555537526042746,0.555537526042746,0.5849996181649956,0.5849996181649956,0.5849996181649956,0.5849996181649956,0.2579032051119387,0.2579032051119387,0.2579032051119387,0.2579032051119387,0.32269254081531423,0.32269254081531423,0.32269254081531423,0.32269254081531423,0.6891537743123736,0.6891537743123736,0.6891537743123736,0.6891537743123736,0.9808141563328078,0.9808141563328078,0.9808141563328078,0.9808141563328078,0.715658514301376,0.715658514301376,0.715658514301376,0.715658514301376,0.6000099963840759,0.6000099963840759,0.6000099963840759,0.6000099963840759,0.11248642436288962,0.11248642436288962,0.11248642436288962,0.11248642436288962,0.3213099717920947,0.3213099717920947,0.3213099717920947,0.3213099717920947
song_1f59bcb3858288796e7add8880d6482962907aa5058d20eb280e07d4e087a402,success,bart,classifier-panel-v1,603,1,1010,436,436,9581bdef665e5aa9185183e81e3892ee8d4497d9f91c89b1363930c6fe706369,9581bdef665e5aa9185183e81e3892ee8d4497d9f91c89b1363930c6fe706369,0.8862762337373237,0.8862762337373237,0.8862762337373237,0.8862762337373237,0.8160464050429863,0.8160464050429863,0.8160464050429863,0.8160464050429863,0.9951184478879171,0.9951184478879171,0.9951184478879171,0.9951184478879171,0.872619837775393,0.872619837775393,0.872619837775393,0.872619837775393,0.9704627608553515,0.9704627608553515,0.9704627608553515,0.9704627608553515,0.9155404090709148,0.9155404090709148,0.9155404090709148,0.9155404090709148,0.9225626232368275,0.9225626232368275,0.9225626232368275,0.9225626232368275,0.9535752965100166,0.9535752965100166,0.9535752965100166,0.9535752965100166,0.9648900648018528,0.9648900648018528,0.9648900648018528,0.9648900648018528,0.6052513869562435,0.6052513869562435,0.6052513869562435,0.6052513869562435,0.7764104527377698,0.7764104527377698,0.7764104527377698,0.7764104527377698,0.7683930829946113,0.7683930829946113,0.7683930829946113,0.7683930829946113,0.8936597676109269,0.8936597676109269,0.8936597676109269,0.8936597676109269,0.864741917403934,0.864741917403934,0.864741917403934,0.864741917403934,0.5420669693059409,0.5420669693059409,0.5420669693059409,0.5420669693059409,0.6208007146007019,0.6208007146007019,0.6208007146007019,0.6208007146007019,0.3280332992671379,0.3280332992671379,0.3280332992671379,0.3280332992671379
song_135e7438aaef177afce073c2af4f316d524a74e7e8848905f85e853f7173573d,success,bart,classifier-panel-v1,776,1,1010,600,600,01fb4d8e7b61911e57064bccce6b5b4be008be109766ccf3564d5779d234bec4,01fb4d8e7b61911e57064bccce6b5b4be008be109766ccf3564d5779d234bec4,0.5981355397418492,0.5981355397418492,0.5981355397418492,0.5981355397418492,0.1246249341896862,0.1246249341896862,0.1246249341896862,0.1246249341896862,0.7730004672406264,0.7730004672406264,0.7730004672406264,0.7730004672406264,0.35046038837817434,0.35046038837817434,0.35046038837817434,0.35046038837817434,0.9889427024203273,0.9889427024203273,0.9889427024203273,0.9889427024203273,0.9188940303056679,0.9188940303056679,0.9188940303056679,0.9188940303056679,0.9944303577726267,0.9944303577726267,0.9944303577726267,0.9944303577726267,0.16397582850889603,0.16397582850889603,0.16397582850889603,0.16397582850889603,0.6714933398050462,0.6714933398050462,0.6714933398050462,0.6714933398050462,0.4992365992040726,0.4992365992040726,0.4992365992040726,0.4992365992040726,0.34490165670906975,0.34490165670906975,0.34490165670906975,0.34490165670906975,0.8530166792972576,0.8530166792972576,0.8530166792972576,0.8530166792972576,0.9647548282683311,0.9647548282683311,0.9647548282683311,0.9647548282683311,0.9860980459643309,0.9860980459643309,0.9860980459643309,0.9860980459643309,0.2519400587008576,0.2519400587008576,0.2519400587008576,0.2519400587008576,0.6857068400273107,0.6857068400273107,0.6857068400273107,0.6857068400273107,0.23656514785575217,0.23656514785575217,0.23656514785575217,0.23656514785575217
song_4f1614f26569f3e8f2b5fbcdb394c409cfc3f9fc150fbbb6f65025d66f9a2401,success,bart,classifier-panel-v1,528,1,1010,329,329,57e0b31c66d899bfceb162db2914854bf57c85ac0db2050c3316eeecbf661923,57e0b31c66d899bfceb162db2914854bf57c85ac0db2050c3316eeecbf661923,0.905876051647021,0.905876051647021,0.905876051647021,0.905876051647021,0.5165233921229094,0.5165233921229094,0.5165233921229094,0.5165233921229094,0.9881509419201988,0.9881509419201988,0.9881509419201988,0.9881509419201988,0.7206760007924891,0.7206760007924891,0.7206760007924891,0.7206760007924891,0.9964843588067239,0.9964843588067239,0.9964843588067239,0.9964843588067239,0.9728825641407964,0.9728825641407964,0.9728825641407964,0.9728825641407964,0.994258355024658,0.994258355024658,0.994258355024658,0.994258355024658,0.7599135674505345,0.7599135674505345,0.7599135674505345,0.7599135674505345,0.9233572061025412,0.9233572061025412,0.9233572061025412,0.9233572061025412,0.9044251048939753,0.9044251048939753,0.9044251048939753,0.9044251048939753,0.9062413815742383,0.9062413815742383,0.9062413815742383,0.9062413815742383,0.9692098987236922,0.9692098987236922,0.9692098987236922,0.9692098987236922,0.9874111957856998,0.9874111957856998,0.9874111957856998,0.9874111957856998,0.9810257625676875,0.9810257625676875,0.9810257625676875,0.9810257625676875,0.8322346263822282,0.8322346263822282,0.8322346263822282,0.8322346263822282,0.785403129520694,0.785403129520694,0.785403129520694,0.785403129520694,0.7825030487156337,0.7825030487156337,0.7825030487156337,0.7825030487156337
song_1e523b8a34f3b5d309a467bfc9d134b74834090161cbaf0a73603f782ea9ee29,success,bart,classifier-panel-v1,425,1,1010,338,338,e81e5109ddba6a6d1bbb479fe029692e6978f3d5d74fbe34b01467822f38d947,e81e5109ddba6a6d1bbb479fe029692e6978f3d5d74fbe34b01467822f38d947,0.771077545376718,0.771077545376718,0.771077545376718,0.771077545376718,0.6132829498317292,0.6132829498317292,0.6132829498317292,0.6132829498317292,0.9558662574756265,0.9558662574756265,0.9558662574756265,0.9558662574756265,0.45549215135387877,0.45549215135387877,0.45549215135387877,0.45549215135387877,0.9373246268603004,0.9373246268603004,0.9373246268603004,0.9373246268603004,0.9735768285065863,0.9735768285065863,0.9735768285065863,0.9735768285065863,0.9165963578500453,0.9165963578500453,0.9165963578500453,0.9165963578500453,0.8853042157975654,0.8853042157975654,0.8853042157975654,0.8853042157975654,0.9565995255455598,0.9565995255455598,0.9565995255455598,0.9565995255455598,0.6283418643373125,0.6283418643373125,0.6283418643373125,0.6283418643373125,0.85971275599651,0.85971275599651,0.85971275599651,0.85971275599651,0.8051552742436717,0.8051552742436717,0.8051552742436717,0.8051552742436717,0.8305547221000363,0.8305547221000363,0.8305547221000363,0.8305547221000363,0.7596724499418567,0.7596724499418567,0.7596724499418567,0.7596724499418567,0.7558156218317843,0.7558156218317843,0.7558156218317843,0.7558156218317843,0.3929871828483662,0.3929871828483662,0.3929871828483662,0.3929871828483662,0.26470657444365153,0.26470657444365153,0.26470657444365153,0.26470657444365153
song_8b956e0bcda8fd9258e29036463ab076ecd11f90f5146f347d5bb1f339a87454,success,bart,classifier-panel-v1,354,1,1010,278,278,97df64ce2dfbaa675d904c53f110c3cdf2ce457cd6462fc256312d85f6d03160,97df64ce2dfbaa675d904c53f110c3cdf2ce457cd6462fc256312d85f6d03160,0.4605991039792899,0.4605991039792899,0.4605991039792899,0.4605991039792899,0.2722274447665045,0.2722274447665045,0.2722274447665045,0.2722274447665045,0.9278028142853921,0.9278028142853921,0.9278028142853921,0.9278028142853921,0.46775021764245167,0.46775021764245167,0.46775021764245167,0.46775021764245167,0.9728944496666657,0.9728944496666657,0.9728944496666657,0.9728944496666657,0.7998910353702914,0.7998910353702914,0.7998910353702914,0.7998910353702914,0.9940788299276767,0.9940788299276767,0.9940788299276767,0.9940788299276767,0.6023744353756474,0.6023744353756474,0.6023744353756474,0.6023744353756474,0.9869104809031545,0.9869104809031545,0.9869104809031545,0.9869104809031545,0.742976492084115,0.742976492084115,0.742976492084115,0.742976492084115,0.5202204214928069,0.5202204214928069,0.5202204214928069,0.5202204214928069,0.7943541939962916,0.7943541939962916,0.7943541939962916,0.7943541939962916,0.9774652175546944,0.9774652175546944,0.9774652175546944,0.9774652175546944,0.856531433246805,0.856531433246805,0.856531433246805,0.856531433246805,0.5315878545192785,0.5315878545192785,0.5315878545192785,0.5315878545192785,0.1008513892159881,0.1008513892159881,0.1008513892159881,0.1008513892159881,0.3328047833399188,0.3328047833399188,0.3328047833399188,0.3328047833399188
song_10f21a7ac2fc5e27711d31d4a39dd3e60c793cda1e918d41a79a3b7b83519df3,success,bart,classifier-panel-v1,566,1,1010,384,384,462d1cfea5f79e6ab1b359c8e3fc074e24869ba6f997c6e4ddda3df0cef633db,462d1cfea5f79e6ab1b359c8e3fc074e24869ba6f997c6e4ddda3df0cef633db,0.7959913471378348,0.7959913471378348,0.7959913471378348,0.7959913471378348,0.7842308920701393,0.7842308920701393,0.7842308920701393,0.7842308920701393,0.9840434576717104,0.9840434576717104,0.9840434576717104,0.9840434576717104,0.6936378686653067,0.6936378686653067,0.6936378686653067,0.6936378686653067,0.9707293181421472,0.9707293181421472,0.9707293181421472,0.9707293181421472,0.9813689851768365,0.9813689851768365,0.9813689851768365,0.9813689851768365,0.9539141458779167,0.9539141458779167,0.9539141458779167,0.9539141458779167,0.8957747571066056,0.8957747571066056,0.8957747571066056,0.8957747571066056,0.9621537178825526,0.9621537178825526,0.9621537178825526,0.9621537178825526,0.8518390992095618,0.8518390992095618,0.8518390992095618,0.8518390992095618,0.8442838293504205,0.8442838293504205,0.8442838293504205,0.8442838293504205,0.9309946809022988,0.9309946809022988,0.9309946809022988,0.9309946809022988,0.9148410204195327,0.9148410204195327,0.9148410204195327,0.9148410204195327,0.8905024430235221,0.8905024430235221,0.8905024430235221,0.8905024430235221,0.5636104376363489,0.5636104376363489,0.5636104376363489,0.5636104376363489,0.8924227787403706,0.8924227787403706,0.8924227787403706,0.8924227787403706,0.8874917889260531,0.8874917889260531,0.8874917889260531,0.8874917889260531
song_249218b68f57a8b663a85a56fc31a2ffce59bf3a4037819cb256ba761c69aa3d,success,bart,classifier-panel-v1,339,1,1010,245,245,507b7015a896d75078cfb3873eb959913f2ab0a2f0c3891f458c4f43ab43cbdc,507b7015a896d75078cfb3873eb959913f2ab0a2f0c3891f458c4f43ab43cbdc,0.6773722080483898,0.6773722080483898,0.6773722080483898,0.6773722080483898,0.7223618380710383,0.7223618380710383,0.7223618380710383,0.7223618380710383,0.987729591332035,0.987729591332035,0.987729591332035,0.987729591332035,0.7251766448641361,0.7251766448641361,0.7251766448641361,0.7251766448641361,0.9348135246879448,0.9348135246879448,0.9348135246879448,0.9348135246879448,0.9905289506026673,0.9905289506026673,0.9905289506026673,0.9905289506026673,0.983173842850103,0.983173842850103,0.983173842850103,0.983173842850103,0.9437057985318703,0.9437057985318703,0.9437057985318703,0.9437057985318703,0.9870079398440162,0.9870079398440162,0.9870079398440162,0.9870079398440162,0.5324011092367357,0.5324011092367357,0.5324011092367357,0.5324011092367357,0.7938686849412728,0.7938686849412728,0.7938686849412728,0.7938686849412728,0.837632723334937,0.837632723334937,0.837632723334937,0.837632723334937,0.9632347452289215,0.9632347452289215,0.9632347452289215,0.9632347452289215,0.8244072421886917,0.8244072421886917,0.8244072421886917,0.8244072421886917,0.9336114382863596,0.9336114382863596,0.9336114382863596,0.9336114382863596,0.44479904759823446,0.44479904759823446,0.44479904759823446,0.44479904759823446,0.6459926000620534,0.6459926000620534,0.6459926000620534,0.6459926000620534
song_2d1e136f70b14cbd83c69d01eb86a415f2edaab314e912aa55ae921ce76f9873,success,bart,classifier-panel-v1,384,1,1010,272,272,57f627b67ea3bce2bf8d4edede06321117ebe3d73f08f49bc170ef45a0eef517,57f627b67ea3bce2bf8d4edede06321117ebe3d73f08f49bc170ef45a0eef517,0.43716207728026774,0.43716207728026774,0.43716207728026774,0.43716207728026774,0.3582764607506239,0.3582764607506239,0.3582764607506239,0.3582764607506239,0.7861674121033765,0.7861674121033765,0.7861674121033765,0.7861674121033765,0.5058893221776518,0.5058893221776518,0.5058893221776518,0.5058893221776518,0.9909709762372678,0.9909709762372678,0.9909709762372678,0.9909709762372678,0.8820399834119517,0.8820399834119517,0.8820399834119517,0.8820399834119517,0.9905505593947409,0.9905505593947409,0.9905505593947409,0.9905505593947409,0.5684093801148307,0.5684093801148307,0.5684093801148307,0.5684093801148307,0.8564058376215674,0.8564058376215674,0.8564058376215674,0.8564058376215674,0.4618412569105487,0.4618412569105487,0.4618412569105487,0.4618412569105487,0.5462979853408346,0.5462979853408346,0.5462979853408346,0.5462979853408346,0.8336330530418532,0.8336330530418532,0.8336330530418532,0.8336330530418532,0.9944221315615055,0.9944221315615055,0.9944221315615055,0.9944221315615055,0.8585057634057551,0.8585057634057551,0.8585057634057551,0.8585057634057551,0.6908454563941202,0.6908454563941202,0.6908454563941202,0.6908454563941202,0.17022981984203672,0.17022981984203672,0.17022981984203672,0.17022981984203672,0.4864395889318748,0.4864395889318748,0.4864395889318748,0.4864395889318748
song_97dde8742e0cc2461773a6d71873bf7831160cc7b3b82fcb096f1022b4c12759,success,bart,classifier-panel-v1,1077,2,1010,717,717,8f514804229065aae1fa66939d3392c7acde845e3368bbd98d62e5186f81c364,8f514804229065aae1fa66939d3392c7acde845e3368bbd98d62e5186f81c364,0.9355798055931088,0.9295772291150491,0.9343792902974969,0.9295828025379628,0.9383870237015636,0.9353951137517101,0.9377886417115929,0.9353978917553776,0.9457579037120413,0.9400187793831414,0.9446100788462612,0.9400241081893892,0.9804213775757129,0.9307827246154713,0.9704936469836646,0.9308288143582386,0.9757833603502732,0.9703478876604372,0.9746962658123061,0.9703529345245875,0.6859611073720169,0.6742441604147137,0.6836177179805563,0.6742550396597994,0.5960674339147327,0.4186249205951704,0.5605789312508203,0.4184601643153936,0.7426548718654983,0.7226315992696768,0.738650217346334,0.7226130075588172,0.8852460888440323,0.8789379536664532,0.8839844618085165,0.8789438108021799,0.9867313577143543,0.9470691264567351,0.9787989114628305,0.947105953041004,0.8048898179341719,0.7942813369374409,0.8027681217348257,0.7942911869662214,0.9976019570737585,0.9956267310494954,0.9972069118689059,0.995628565056946,0.5463378806059062,0.4472348537541999,0.5265172752355649,0.4473268714207289,0.9960553960756017,0.9928042233886321,0.9954051615382078,0.9928072421190748,0.7245554580580414,0.5649846935434089,0.692641305155115,0.5648365312736646,0.9937457617423769,0.9896012430144592,0.9929168579967934,0.9896050912212633,0.9902172326411313,0.9079315910939529,0.9737601043316956,0.908007993732344
song_a2a8832b12a9464aa23538c26dd64ffc912252f6a19c73d3b5c0ec754be945a7,success,bart,classifier-panel-v1,556,1,1010,378,378,ccdf459101c5691850a6dbc7047f03378b9e1900f5fd44a3ccb735efafcd9b8b,ccdf459101c5691850a6dbc7047f03378b9e1900f5fd44a3ccb735efafcd9b8b,0.7274320614401707,0.7274320614401707,0.7274320614401707,0.7274320614401707,0.15236765005601122,0.15236765005601122,0.15236765005601122,0.15236765005601122,0.8783299858554667,0.8783299858554667,0.8783299858554667,0.8783299858554667,0.4601948988315189,0.4601948988315189,0.4601948988315189,0.4601948988315189,0.9891050179575719,0.9891050179575719,0.9891050179575719,0.9891050179575719,0.9950853088884368,0.9950853088884368,0.9950853088884368,0.9950853088884368,0.9974099483723001,0.9974099483723001,0.9974099483723001,0.9974099483723001,0.66119948415222,0.66119948415222,0.66119948415222,0.66119948415222,0.9785310567200203,0.9785310567200203,0.9785310567200203,0.9785310567200203,0.4730355638601632,0.4730355638601632,0.4730355638601632,0.4730355638601632,0.3082434074734936,0.3082434074734936,0.3082434074734936,0.3082434074734936,0.764268118800143,0.764268118800143,0.764268118800143,0.764268118800143,0.9809885321275785,0.9809885321275785,0.9809885321275785,0.9809885321275785,0.884171778895916,0.884171778895916,0.884171778895916,0.884171778895916,0.4951587938252066,0.4951587938252066,0.4951587938252066,0.4951587938252066,0.21296148455350294,0.21296148455350294,0.21296148455350294,0.21296148455350294,0.5030350908376794,0.5030350908376794,0.5030350908376794,0.5030350908376794
song_fcece81d4ce48c45670077783d519702d20ce3c27d5489f2eeba0f033d95faaa,success,bart,classifier-panel-v1,473,1,1010,355,355,8e792ed3bce275dbab493c3f5a3a8a9bc8417189c688fe977f1ac13ad64ec811,8e792ed3bce275dbab493c3f5a3a8a9bc8417189c688fe977f1ac13ad64ec811,0.9786633719162946,0.9786633719162946,0.9786633719162946,0.9786633719162946,0.2998416493566286,0.2998416493566286,0.2998416493566286,0.2998416493566286,0.8579957337619892,0.8579957337619892,0.8579957337619892,0.8579957337619892,0.47820370797496986,0.47820370797496986,0.47820370797496986,0.47820370797496986,0.9587194501750631,0.9587194501750631,0.9587194501750631,0.9587194501750631,0.9454024462787173,0.9454024462787173,0.9454024462787173,0.9454024462787173,0.9636401437579089,0.9636401437579089,0.9636401437579089,0.9636401437579089,0.6058674289349494,0.6058674289349494,0.6058674289349494,0.6058674289349494,0.7887476695515877,0.7887476695515877,0.7887476695515877,0.7887476695515877,0.7214588800161432,0.7214588800161432,0.7214588800161432,0.7214588800161432,0.27744102344690075,0.27744102344690075,0.27744102344690075,0.27744102344690075,0.7273064997871648,0.7273064997871648,0.7273064997871648,0.7273064997871648,0.9057519379101634,0.9057519379101634,0.9057519379101634,0.9057519379101634,0.8034156244935088,0.8034156244935088,0.8034156244935088,0.8034156244935088,0.7096049142284991,0.7096049142284991,0.7096049142284991,0.7096049142284991,0.6932288626003641,0.6932288626003641,0.6932288626003641,0.6932288626003641,0.8924739540585837,0.8924739540585837,0.8924739540585837,0.8924739540585837
song_d92c9c969ef6faa0d0b2115b652c61268381ee491bc4f03c32990feb5a3c9e45,success,bart,classifier-panel-v1,1067,2,1010,742,742,0287681f86be33f9e0b2ee88743f318aa6c1d0b46b0028607e852811d6fe1aca,0287681f86be33f9e0b2ee88743f318aa6c1d0b46b0028607e852811d6fe1aca,0.9510753049913194,0.9354556839561643,0.9479513807842884,0.9354703227762536,0.9301387749550438,0.9103497722025687,0.9261809744045488,0.910368318596901,0.9944435117506643,0.9585150994688866,0.9872578292943087,0.9585487718327871,0.9763474127874944,0.8822082535963555,0.9575195809492666,0.8822964814868814,0.9849806674463585,0.9838245777669403,0.9847494495104748,0.9838256612624224,0.9292568352415911,0.8777473172406504,0.918954931641403,0.8777955923278115,0.8271960471997194,0.7952917952528606,0.8208151968103476,0.7952618943606892,0.8031910062389263,0.7705960188865866,0.7966720087684583,0.7706265671408999,0.9720364384144875,0.9511704108087977,0.9678632328933495,0.9511899665984939,0.9238526934855925,0.8956409377472023,0.9182103423379144,0.8956673780056262,0.9545274656215263,0.8596573709301212,0.9355534466832454,0.8595684580016382,0.9906772969272709,0.9906434701603217,0.9906705315738811,0.9906435018630085,0.9149902658635677,0.8430446724288008,0.9006011471766143,0.84311210035142,0.9767674464788375,0.9566812609477977,0.9727502093726296,0.9567000858639467,0.4906511325912492,0.4160130472311385,0.4757235155192271,0.4159430958859088,0.9453897570210716,0.9158310278630952,0.9394780111894764,0.9158033252115884,0.9929490427919627,0.7652029473423788,0.947399823702046,0.7649895020795394
song_490e143d0fd6a02b0ba3c323afbcb0dce7212b54f94f8761250dc778ada4125c,success,bart,classifier-panel-v1,990,1,1010,647,647,96b635add3a0506821cdc6066fa681d63aac09483095c17a54012d7fc986a449,96b635add3a0506821cdc6066fa681d63aac09483095c17a54012d7fc986a449,0.28953115433922405,0.28953115433922405,0.28953115433922405,0.28953115433922405,0.21901894770380068,0.21901894770380068,0.21901894770380068,0.21901894770380068,0.24641074589677017,0.24641074589677017,0.24641074589677017,0.24641074589677017,0.5008426356533896,0.5008426356533896,0.5008426356533896,0.5008426356533896,0.9170092810096314,0.9170092810096314,0.9170092810096314,0.9170092810096314,0.8815585111836862,0.8815585111836862,0.8815585111836862,0.8815585111836862,0.8842645919560198,0.8842645919560198,0.8842645919560198,0.8842645919560198,0.5982013174272814,0.5982013174272814,0.5982013174272814,0.5982013174272814,0.37796301906454616,0.37796301906454616,0.37796301906454616,0.37796301906454616,0.6448639399388216,0.6448639399388216,0.6448639399388216,0.6448639399388216,0.560500958053533,0.560500958053533,0.560500958053533,0.560500958053533,0.8480810877779918,0.8480810877779918,0.8480810877779918,0.8480810877779918,0.7852896876292258,0.7852896876292258,0.7852896876292258,0.7852896876292258,0.7487036789175687,0.7487036789175687,0.7487036789175687,0.7487036789175687,0.5910405940064807,0.5910405940064807,0.5910405940064807,0.5910405940064807,0.5814768364705574,0.5814768364705574,0.5814768364705574,0.5814768364705574,0.8306768050354336,0.8306768050354336,0.8306768050354336,0.8306768050354336
song_346bca84137dbd74e43284cf566dedc6006e063e11a233e48ad457348c6349af,success,bart,classifier-panel-v1,379,1,1010,269,269,52ba5df07f5d9790c694577bea5db8269103ec5610fbf03f80a5c852b5a17896,52ba5df07f5d9790c694577bea5db8269103ec5610fbf03f80a5c852b5a17896,0.7778249351866903,0.7778249351866903,0.7778249351866903,0.7778249351866903,0.7643163823166088,0.7643163823166088,0.7643163823166088,0.7643163823166088,0.9781812461940058,0.9781812461940058,0.9781812461940058,0.9781812461940058,0.757483716051151,0.757483716051151,0.757483716051151,0.757483716051151,0.987690926288685,0.987690926288685,0.987690926288685,0.987690926288685,0.9637308099178844,0.9637308099178844,0.9637308099178844,0.9637308099178844,0.9892561010569342,0.9892561010569342,0.9892561010569342,0.9892561010569342,0.933587901321409,0.933587901321409,0.933587901321409,0.933587901321409,0.997964809684652,0.997964809684652,0.997964809684652,0.997964809684652,0.8680763743783211,0.8680763743783211,0.8680763743783211,0.8680763743783211,0.7308433695410351,0.7308433695410351,0.7308433695410351,0.7308433695410351,0.9420010902308419,0.9420010902308419,0.9420010902308419,0.9420010902308419,0.9918127754725534,0.9918127754725534,0.9918127754725534,0.9918127754725534,0.91470660776239,0.91470660776239,0.91470660776239,0.91470660776239,0.7553785178360224,0.7553785178360224,0.7553785178360224,0.7553785178360224,0.698715943563237,0.698715943563237,0.698715943563237,0.698715943563237,0.5922842482005337,0.5922842482005337,0.5922842482005337,0.5922842482005337
song_e2c1ed4ba63771b7e206087975fadfe2d4942fdc015891840947f04e2959c89b,success,bart,classifier-panel-v1,1266,2,1010,828,828,5867f40386a7f9811be2f794853581a9806d3773f9625e0aa980c1f4f529402b,5867f40386a7f9811be2f794853581a9806d3773f9625e0aa980c1f4f529402b,0.9756465436298107,0.9345352015572326,0.9674242752152951,0.9345352015572326,0.9975215104663055,0.9941215452363368,0.9968415174203118,0.9941215452363368,0.9924060686533626,0.9839561851863067,0.9907160919599514,0.9839561851863067,0.998726022612179,0.9981223200634267,0.9986052821024286,0.9981223200634268,0.9947285580229205,0.9942932607697166,0.9946414985722797,0.9942932607697166,0.8790764234689997,0.7710599528817004,0.8574731293515399,0.7710599528817004,0.7799804929609976,0.5358042187793589,0.7311452381246699,0.5358042187793589,0.9941787863061161,0.9705469606601445,0.9894524211769218,0.9705469606601446,0.9759187550415477,0.9753002511028772,0.9757950542538136,0.9753002511028772,0.9227341398106113,0.8910651071701536,0.9164003332825197,0.8910651071701535,0.9746098927219773,0.9369144704374363,0.9670708082650691,0.9369144704374361,0.9951617496041398,0.9923572978657769,0.9946008592564672,0.9923572978657769,0.3123955335952761,0.30112411504673264,0.3101412498855674,0.30112411504673264,0.9387874240940205,0.9322485241514309,0.9374796441055026,0.9322485241514309,0.5348028773524773,0.5330166565181537,0.5344456331856126,0.5330166565181537,0.9987853035931333,0.9978069153666713,0.998589625947841,0.9978069153666712,0.9969651130348589,0.9960386757571824,0.9967798255793237,0.9960386757571824
song_0952b517e2fef799bf238e7dc58b1371cc57ea3450759f0c13ba18c1ca658fc1,success,bart,classifier-panel-v1,1156,2,1010,709,709,de972cfadf494f258289a3ddde387c2bf7cc2ccfe11dbd320e6c13f4824417dd,de972cfadf494f258289a3ddde387c2bf7cc2ccfe11dbd320e6c13f4824417dd,0.8860812845682082,0.8621629103077082,0.8812976097161083,0.8621629103077083,0.9893920324102811,0.9861342158331978,0.9887404690948645,0.9861342158331977,0.9899721294695234,0.9762435552217095,0.9872264146199606,0.9762435552217094,0.993841365931061,0.9914731418434074,0.9933677211135302,0.9914731418434075,0.9686260340768863,0.9387184793034381,0.9626445231221966,0.9387184793034381,0.9953743825944894,0.9746046556269097,0.9912204372009734,0.9746046556269097,0.8971972481180687,0.7959804655465872,0.8769538916037724,0.7959804655465872,0.8695347195588969,0.8553813828186481,0.8667040522108471,0.8553813828186481,0.994070767798784,0.9744258187971848,0.9901417779984641,0.9744258187971847,0.8585190128046735,0.7500703865745565,0.83682928755865,0.7500703865745565,0.9659942713682796,0.8765994463426001,0.9481153063631438,0.8765994463426,0.9916010526996479,0.9912347175758438,0.9915277856748871,0.9912347175758438,0.9986149432611158,0.9764738365606191,0.9941867219210164,0.976473836560619,0.9408986223299546,0.9346282879703657,0.9396445554580368,0.9346282879703657,0.36744551413592735,0.3540496161511065,0.3647663345389632,0.3540496161511066,0.9958268495937826,0.9558985580494712,0.9878411912849203,0.9558985580494711,0.9891174615858773,0.9746019223032731,0.9862143537293565,0.9746019223032732
song_ed5fc8c4fed301a8e973065316ce27e8c6f68575411890467a66fd5ba26d8bed,success,bart,classifier-panel-v1,502,1,1010,360,360,cb2d682fd0ce547a3a599429332f1582c36f4a21393ba5547824d8e16c3dca08,cb2d682fd0ce547a3a599429332f1582c36f4a21393ba5547824d8e16c3dca08,0.7331832439468915,0.7331832439468915,0.7331832439468915,0.7331832439468915,0.7522889555679396,0.7522889555679396,0.7522889555679396,0.7522889555679396,0.994230760609808,0.994230760609808,0.994230760609808,0.994230760609808,0.910777556230923,0.910777556230923,0.910777556230923,0.910777556230923,0.38935462554075845,0.38935462554075845,0.38935462554075845,0.38935462554075845,0.7777279230569845,0.7777279230569845,0.7777279230569845,0.7777279230569845,0.758656541858269,0.758656541858269,0.758656541858269,0.758656541858269,0.9521693812437302,0.9521693812437302,0.9521693812437302,0.9521693812437302,0.9942046528051749,0.9942046528051749,0.9942046528051749,0.9942046528051749,0.2824063299345723,0.2824063299345723,0.2824063299345723,0.2824063299345723,0.5732358018780715,0.5732358018780715,0.5732358018780715,0.5732358018780715,0.8826283615093347,0.8826283615093347,0.8826283615093347,0.8826283615093347,0.7661603113572539,0.7661603113572539,0.7661603113572539,0.7661603113572539,0.858214580100835,0.858214580100835,0.858214580100835,0.858214580100835,0.1979868420205389,0.1979868420205389,0.1979868420205389,0.1979868420205389,0.4809478274324268,0.4809478274324268,0.4809478274324268,0.4809478274324268,0.23223976685571707,0.23223976685571707,0.23223976685571707,0.23223976685571707
song_34d6442d537339653898feaa82efde7ab052800a222946d57c2706fc09340503,success,bart,classifier-panel-v1,454,1,1010,347,347,1521ae1783d6dc51715fa59555f1f873e7b5cdc7e178135a26f0d6cf1ea9aaf5,1521ae1783d6dc51715fa59555f1f873e7b5cdc7e178135a26f0d6cf1ea9aaf5,0.9774185463626462,0.9774185463626462,0.9774185463626462,0.9774185463626462,0.5386203556837127,0.5386203556837127,0.5386203556837127,0.5386203556837127,0.97317156526669,0.97317156526669,0.97317156526669,0.97317156526669,0.5231606053706418,0.5231606053706418,0.5231606053706418,0.5231606053706418,0.5011035782059695,0.5011035782059695,0.5011035782059695,0.5011035782059695,0.8476585464653084,0.8476585464653084,0.8476585464653084,0.8476585464653084,0.9378299684046791,0.9378299684046791,0.9378299684046791,0.9378299684046791,0.8891367467427826,0.8891367467427826,0.8891367467427826,0.8891367467427826,0.9485411797903627,0.9485411797903627,0.9485411797903627,0.9485411797903627,0.6142727177141412,0.6142727177141412,0.6142727177141412,0.6142727177141412,0.428328467142273,0.428328467142273,0.428328467142273,0.428328467142273,0.7651627857012713,0.7651627857012713,0.7651627857012713,0.7651627857012713,0.9209864013815985,0.9209864013815985,0.9209864013815985,0.9209864013815985,0.6487712059506242,0.6487712059506242,0.6487712059506242,0.6487712059506242,0.37015100325486816,0.37015100325486816,0.37015100325486816,0.37015100325486816,0.5192705854688838,0.5192705854688838,0.5192705854688838,0.5192705854688838,0.04408545705439778,0.04408545705439778,0.04408545705439778,0.04408545705439778
song_58d6b7d9f8c8feebefe6c1f2e0edad83f12c28ca40a88354a70bf690997c68a2,success,bart,classifier-panel-v1,501,1,1010,376,376,92931111a3c746df0ddf0ca714379d906b7b4ab525849615801e90c2f979d464,92931111a3c746df0ddf0ca714379d906b7b4ab525849615801e90c2f979d464,0.9230161377566918,0.9230161377566918,0.9230161377566918,0.9230161377566918,0.9450131463748744,0.9450131463748744,0.9450131463748744,0.9450131463748744,0.9931417847446171,0.9931417847446171,0.9931417847446171,0.9931417847446171,0.9096837355149627,0.9096837355149627,0.9096837355149627,0.9096837355149627,0.9780311470506692,0.9780311470506692,0.9780311470506692,0.9780311470506692,0.981312611048424,0.981312611048424,0.981312611048424,0.981312611048424,0.9600620641648947,0.9600620641648947,0.9600620641648947,0.9600620641648947,0.9769201830795036,0.9769201830795036,0.9769201830795036,0.9769201830795036,0.996381134514068,0.996381134514068,0.996381134514068,0.996381134514068,0.7384896459592515,0.7384896459592515,0.7384896459592515,0.7384896459592515,0.8902315902971836,0.8902315902971836,0.8902315902971836,0.8902315902971836,0.9804298228947842,0.9804298228947842,0.9804298228947842,0.9804298228947842,0.9754119468969338,0.9754119468969338,0.9754119468969338,0.9754119468969338,0.9734385979850446,0.9734385979850446,0.9734385979850446,0.9734385979850446,0.6968398509134905,0.6968398509134905,0.6968398509134905,0.6968398509134905,0.9924456318574115,0.9924456318574115,0.9924456318574115,0.9924456318574115,0.5802749356880308,0.5802749356880308,0.5802749356880308,0.5802749356880308
song_9dbb323d50307798742301129921ec5b11ae34a454a7ed4fbbd105278a4e07c1,success,bart,classifier-panel-v1,949,1,1010,422,422,498912130234e2077b24460304ec0eb1eaf183f83a56fb0d509f34148e439803,498912130234e2077b24460304ec0eb1eaf183f83a56fb0d509f34148e439803,0.9060633909478324,0.9060633909478324,0.9060633909478324,0.9060633909478324,0.8723358981382869,0.8723358981382869,0.8723358981382869,0.8723358981382869,0.9242117552924396,0.9242117552924396,0.9242117552924396,0.9242117552924396,0.9231178494082213,0.9231178494082213,0.9231178494082213,0.9231178494082213,0.9716000211530376,0.9716000211530376,0.9716000211530376,0.9716000211530376,0.9486368481403333,0.9486368481403333,0.9486368481403333,0.9486368481403333,0.9710894669338601,0.9710894669338601,0.9710894669338601,0.9710894669338601,0.904015931099483,0.904015931099483,0.904015931099483,0.904015931099483,0.912464519971732,0.912464519971732,0.912464519971732,0.912464519971732,0.9302503204919815,0.9302503204919815,0.9302503204919815,0.9302503204919815,0.9604566753774798,0.9604566753774798,0.9604566753774798,0.9604566753774798,0.9598476361910314,0.9598476361910314,0.9598476361910314,0.9598476361910314,0.9295163594878703,0.9295163594878703,0.9295163594878703,0.9295163594878703,0.9186485537962145,0.9186485537962145,0.9186485537962145,0.9186485537962145,0.9383924132612582,0.9383924132612582,0.9383924132612582,0.9383924132612582,0.9501959951282992,0.9501959951282992,0.9501959951282992,0.9501959951282992,0.9592836324609599,0.9592836324609599,0.9592836324609599,0.9592836324609599
song_cba5c90b4d96ba8398dbcda9b64df8f65f27556d422548e4fd0f85d665ffee84,success,bart,classifier-panel-v1,348,1,1010,261,261,0f0c5d0e94f85af902c8bf5673de845e78be61fd175ba2a81356375dccfa9d9f,0f0c5d0e94f85af902c8bf5673de845e78be61fd175ba2a81356375dccfa9d9f,0.49380676831933207,0.49380676831933207,0.49380676831933207,0.49380676831933207,0.9739363374058733,0.9739363374058733,0.9739363374058733,0.9739363374058733,0.7896866465935227,0.7896866465935227,0.7896866465935227,0.7896866465935227,0.3442613914800132,0.3442613914800132,0.3442613914800132,0.3442613914800132,0.8633185782897651,0.8633185782897651,0.8633185782897651,0.8633185782897651,0.9326335959412233,0.9326335959412233,0.9326335959412233,0.9326335959412233,0.2577341993801206,0.2577341993801206,0.2577341993801206,0.2577341993801206,0.8944020233262484,0.8944020233262484,0.8944020233262484,0.8944020233262484,0.8529738901641297,0.8529738901641297,0.8529738901641297,0.8529738901641297,0.4820782461785916,0.4820782461785916,0.4820782461785916,0.4820782461785916,0.8153583523883136,0.8153583523883136,0.8153583523883136,0.8153583523883136,0.8954379752394184,0.8954379752394184,0.8954379752394184,0.8954379752394184,0.6249747585610667,0.6249747585610667,0.6249747585610667,0.6249747585610667,0.786484089592221,0.786484089592221,0.786484089592221,0.786484089592221,0.2736849928381134,0.2736849928381134,0.2736849928381134,0.2736849928381134,0.8123431994397784,0.8123431994397784,0.8123431994397784,0.8123431994397784,0.8289342273458928,0.8289342273458928,0.8289342273458928,0.8289342273458928
song_f1d664029f6e73d8332f2a5ef74f4733ea56bbd946340d01b4c5169b617c7d8f,success,bart,classifier-panel-v1,465,1,1010,223,223,707a7a4c8a8e2384fa24660f0cd87e8469667ce63eabf893bcbc4d64ce4d749e,707a7a4c8a8e2384fa24660f0cd87e8469667ce63eabf893bcbc4d64ce4d749e,0.9298959264344582,0.9298959264344582,0.9298959264344582,0.9298959264344582,0.16891890528733353,0.16891890528733353,0.16891890528733353,0.16891890528733353,0.9123128173008656,0.9123128173008656,0.9123128173008656,0.9123128173008656,0.8763850523562028,0.8763850523562028,0.8763850523562028,0.8763850523562028,0.9900632013179372,0.9900632013179372,0.9900632013179372,0.9900632013179372,0.9954614767177552,0.9954614767177552,0.9954614767177552,0.9954614767177552,0.9955354820225414,0.9955354820225414,0.9955354820225414,0.9955354820225414,0.763439951893712,0.763439951893712,0.763439951893712,0.763439951893712,0.8387642659920296,0.8387642659920296,0.8387642659920296,0.8387642659920296,0.961132779056015,0.961132779056015,0.961132779056015,0.961132779056015,0.44629759626070564,0.44629759626070564,0.44629759626070564,0.44629759626070564,0.9693354612288511,0.9693354612288511,0.9693354612288511,0.9693354612288511,0.9862091468342278,0.9862091468342278,0.9862091468342278,0.9862091468342278,0.9305153909437114,0.9305153909437114,0.9305153909437114,0.9305153909437114,0.9837063098189023,0.9837063098189023,0.9837063098189023,0.9837063098189023,0.7414843448032289,0.7414843448032289,0.7414843448032289,0.7414843448032289,0.9641535990276107,0.9641535990276107,0.9641535990276107,0.9641535990276107
song_9516d36aedd98b099b12edb7e8583f29c12aa762b3a6497bc93b0b23acf9f418,success,bart,classifier-panel-v1,1110,2,1010,763,763,923c9d18597ae9bf98accaaef9ce0350303a7a5d7da2786c1a43e1175aae3f07,923c9d18597ae9bf98accaaef9ce0350303a7a5d7da2786c1a43e1175aae3f07,0.9361495225078997,0.8132897662804296,0.9115775712624057,0.8132897662804296,0.9523081320493962,0.9431271455575156,0.9504719347510201,0.9431271455575158,0.9872011843255942,0.9846790562080332,0.9866967587020821,0.984679056208033,0.9492640397426326,0.9107042011774199,0.9415520720295901,0.9107042011774199,0.7941957025763645,0.7219261997074572,0.779741802002583,0.7219261997074571,0.9585527907245233,0.8002474496789924,0.9268917225154171,0.8002474496789923,0.8253105526157063,0.6147931714217212,0.7832070763769092,0.6147931714217211,0.9821267781910673,0.9688738506044832,0.9794761926737505,0.9688738506044833,0.9844677889676654,0.9763236120276343,0.9828389535796592,0.9763236120276344,0.864810015059106,0.8346040852629819,0.8587688290998812,0.8346040852629819,0.9126191272447699,0.9076083805719493,0.9116169779102058,0.9076083805719493,0.9797899434365541,0.9746689422286594,0.9787657431949752,0.9746689422286595,0.8339757557780834,0.7599620019031337,0.8191730050030934,0.7599620019031337,0.9230311591923598,0.9102945463687228,0.9204838366276323,0.9102945463687228,0.5388402361398609,0.5284926827186358,0.5367707254556159,0.5284926827186359,0.8272632302526047,0.7822956213338967,0.8182697084688632,0.7822956213338967,0.9562865999114392,0.9506701964405069,0.9551633192172527,0.950670196440507
song_cffa8f01b4504b05fce295326727af806635a4c532bd69e16f74e64a773bfaf9,success,bart,classifier-panel-v1,563,1,1010,407,407,dfff6295d42447d8fbc43753581b443868a40863987eb0f7fd91cce37dc88175,dfff6295d42447d8fbc43753581b443868a40863987eb0f7fd91cce37dc88175,0.90803679164849,0.90803679164849,0.90803679164849,0.90803679164849,0.16270819901614963,0.16270819901614963,0.16270819901614963,0.16270819901614963,0.8037232063203288,0.8037232063203288,0.8037232063203288,0.8037232063203288,0.5838335802328903,0.5838335802328903,0.5838335802328903,0.5838335802328903,0.978940698593681,0.978940698593681,0.978940698593681,0.978940698593681,0.9893011434412928,0.9893011434412928,0.9893011434412928,0.9893011434412928,0.9925813000024855,0.9925813000024855,0.9925813000024855,0.9925813000024855,0.8880088408289601,0.8880088408289601,0.8880088408289601,0.8880088408289601,0.8851786404838825,0.8851786404838825,0.8851786404838825,0.8851786404838825,0.6447248445517401,0.6447248445517401,0.6447248445517401,0.6447248445517401,0.6554863955280904,0.6554863955280904,0.6554863955280904,0.6554863955280904,0.6567187338762839,0.6567187338762839,0.6567187338762839,0.6567187338762839,0.9600239237180448,0.9600239237180448,0.9600239237180448,0.9600239237180448,0.6850929405989392,0.6850929405989392,0.6850929405989392,0.6850929405989392,0.7867334982508415,0.7867334982508415,0.7867334982508415,0.7867334982508415,0.7666464727829256,0.7666464727829256,0.7666464727829256,0.7666464727829256,0.7426335491413728,0.7426335491413728,0.7426335491413728,0.7426335491413728
song_5b6151e450109eb89d22335df7f3d97858a0b0d0e06a7b9670968701042ab43e,success,bart,classifier-panel-v1,914,1,1010,616,616,73dcfe41835d5c2ae3b7804869eaa40ac2e76b106689b5d585a75232e55b1270,73dcfe41835d5c2ae3b7804869eaa40ac2e76b106689b5d585a75232e55b1270,0.5590233547299618,0.5590233547299618,0.5590233547299618,0.5590233547299618,0.9750238375729332,0.9750238375729332,0.9750238375729332,0.9750238375729332,0.9603069960478486,0.9603069960478486,0.9603069960478486,0.9603069960478486,0.8013170945214125,0.8013170945214125,0.8013170945214125,0.8013170945214125,0.9695802099435389,0.9695802099435389,0.9695802099435389,0.9695802099435389,0.8616421355783165,0.8616421355783165,0.8616421355783165,0.8616421355783165,0.954017290218569,0.954017290218569,0.954017290218569,0.954017290218569,0.9263707905264639,0.9263707905264639,0.9263707905264639,0.9263707905264639,0.9525014346199213,0.9525014346199213,0.9525014346199213,0.9525014346199213,0.8810900897249354,0.8810900897249354,0.8810900897249354,0.8810900897249354,0.939595843948172,0.939595843948172,0.939595843948172,0.939595843948172,0.9831552517895996,0.9831552517895996,0.9831552517895996,0.9831552517895996,0.8459336127610529,0.8459336127610529,0.8459336127610529,0.8459336127610529,0.9280692572471535,0.9280692572471535,0.9280692572471535,0.9280692572471535,0.9504429916866032,0.9504429916866032,0.9504429916866032,0.9504429916866032,0.9552807883185813,0.9552807883185813,0.9552807883185813,0.9552807883185813,0.9656414135006399,0.9656414135006399,0.9656414135006399,0.9656414135006399
song_664173d13f04a2a5f88c02ccd3d38716d26298f2fac6ddfcf6de0871346f004e,success,bart,classifier-panel-v1,968,1,1010,649,649,a68507300ddffd3b9127b4e8b48fc0ba18b73bb9f9506566f07c5f109d5bd750,a68507300ddffd3b9127b4e8b48fc0ba18b73bb9f9506566f07c5f109d5bd750,0.9361570502566359,0.9361570502566359,0.9361570502566359,0.9361570502566359,0.9781147883741547,0.9781147883741547,0.9781147883741547,0.9781147883741547,0.9841196817781983,0.9841196817781983,0.9841196817781983,0.9841196817781983,0.9041289823581976,0.9041289823581976,0.9041289823581976,0.9041289823581976,0.9607867080837005,0.9607867080837005,0.9607867080837005,0.9607867080837005,0.9503413196036815,0.9503413196036815,0.9503413196036815,0.9503413196036815,0.9359651217016947,0.9359651217016947,0.9359651217016947,0.9359651217016947,0.9783003339170269,0.9783003339170269,0.9783003339170269,0.9783003339170269,0.9178888178368041,0.9178888178368041,0.9178888178368041,0.9178888178368041,0.9420454506544317,0.9420454506544317,0.9420454506544317,0.9420454506544317,0.9674915862635226,0.9674915862635226,0.9674915862635226,0.9674915862635226,0.983831812843318,0.983831812843318,0.983831812843318,0.983831812843318,0.7008792650041189,0.7008792650041189,0.7008792650041189,0.7008792650041189,0.9307751816937125,0.9307751816937125,0.9307751816937125,0.9307751816937125,0.9758780089285739,0.9758780089285739,0.9758780089285739,0.9758780089285739,0.9720462159772467,0.9720462159772467,0.9720462159772467,0.9720462159772467,0.9439009544781862,0.9439009544781862,0.9439009544781862,0.9439009544781862
song_90fa6eda34632da86df5a152c10fd3e9b281052a2a3c6c568a90c8d9a6627b50,success,bart,classifier-panel-v1,576,1,1010,389,389,7284d6b9a7843bc15021d573dc6807d4f8654be6c7043992c5be0829bb5d684d,7284d6b9a7843bc15021d573dc6807d4f8654be6c7043992c5be0829bb5d684d,0.9330029141487713,0.9330029141487713,0.9330029141487713,0.9330029141487713,0.27428209034651685,0.27428209034651685,0.27428209034651685,0.27428209034651685,0.8421024678554304,0.8421024678554304,0.8421024678554304,0.8421024678554304,0.7767298324763705,0.7767298324763705,0.7767298324763705,0.7767298324763705,0.9763060176564128,0.9763060176564128,0.9763060176564128,0.9763060176564128,0.9804336663169239,0.9804336663169239,0.9804336663169239,0.9804336663169239,0.9964530307289042,0.9964530307289042,0.9964530307289042,0.9964530307289042,0.3147646103829855,0.3147646103829855,0.3147646103829855,0.3147646103829855,0.800919079158732,0.800919079158732,0.800919079158732,0.800919079158732,0.56794734628597,0.56794734628597,0.56794734628597,0.56794734628597,0.2889500971854799,0.2889500971854799,0.2889500971854799,0.2889500971854799,0.8800841900558558,0.8800841900558558,0.8800841900558558,0.8800841900558558,0.9954115592662676,0.9954115592662676,0.9954115592662676,0.9954115592662676,0.9082797504815119,0.9082797504815119,0.9082797504815119,0.9082797504815119,0.4704375209299549,0.4704375209299549,0.4704375209299549,0.4704375209299549,0.22179309794339283,0.22179309794339283,0.22179309794339283,0.22179309794339283,0.9228182943929636,0.9228182943929636,0.9228182943929636,0.9228182943929636
song_bf360f56da3572e8620b9132cd3751862eec7362dcce1703b91d8655dd4c76b3,success,bart,classifier-panel-v1,415,1,1010,287,287,143ba3004e847875a9a8afca8d9e6608f67773c1caf187da45f9bf4570f27d82,143ba3004e847875a9a8afca8d9e6608f67773c1caf187da45f9bf4570f27d82,0.5108525395020094,0.5108525395020094,0.5108525395020094,0.5108525395020094,0.1466494641213065,0.1466494641213065,0.1466494641213065,0.1466494641213065,0.9733787782737431,0.9733787782737431,0.9733787782737431,0.9733787782737431,0.28621137416187864,0.28621137416187864,0.28621137416187864,0.28621137416187864,0.9516460526193221,0.9516460526193221,0.9516460526193221,0.9516460526193221,0.7144169963655304,0.7144169963655304,0.7144169963655304,0.7144169963655304,0.9630543233206987,0.9630543233206987,0.9630543233206987,0.9630543233206987,0.9836419278447472,0.9836419278447472,0.9836419278447472,0.9836419278447472,0.9791526379978588,0.9791526379978588,0.9791526379978588,0.9791526379978588,0.42328281511895555,0.42328281511895555,0.42328281511895555,0.42328281511895555,0.34953463319254396,0.34953463319254396,0.34953463319254396,0.34953463319254396,0.48344311695383796,0.48344311695383796,0.48344311695383796,0.48344311695383796,0.9576694456079415,0.9576694456079415,0.9576694456079415,0.9576694456079415,0.7341253206487978,0.7341253206487978,0.7341253206487978,0.7341253206487978,0.5439336737624998,0.5439336737624998,0.5439336737624998,0.5439336737624998,0.18581377244054284,0.18581377244054284,0.18581377244054284,0.18581377244054284,0.16437606757388404,0.16437606757388404,0.16437606757388404,0.16437606757388404
song_7b39fa8565b77206c6f3d1bb4aa7b3ff89f36a80a58190cf6714a3a2ce1ba216,success,bart,classifier-panel-v1,587,1,1010,263,263,e49a07d7cb2bc1cea1b3bf06b29d2ea0a3bf48231381230b778be27cfed8c14a,e49a07d7cb2bc1cea1b3bf06b29d2ea0a3bf48231381230b778be27cfed8c14a,0.8871086979850592,0.8871086979850592,0.8871086979850592,0.8871086979850592,0.2894762533544017,0.2894762533544017,0.2894762533544017,0.2894762533544017,0.9522230792729006,0.9522230792729006,0.9522230792729006,0.9522230792729006,0.7818443699816501,0.7818443699816501,0.7818443699816501,0.7818443699816501,0.9771640781146071,0.9771640781146071,0.9771640781146071,0.9771640781146071,0.9879324937338891,0.9879324937338891,0.9879324937338891,0.9879324937338891,0.9805112816847568,0.9805112816847568,0.9805112816847568,0.9805112816847568,0.9011086144805884,0.9011086144805884,0.9011086144805884,0.9011086144805884,0.9590961833545132,0.9590961833545132,0.9590961833545132,0.9590961833545132,0.8154626613708768,0.8154626613708768,0.8154626613708768,0.8154626613708768,0.5704735239268753,0.5704735239268753,0.5704735239268753,0.5704735239268753,0.9396301001590729,0.9396301001590729,0.9396301001590729,0.9396301001590729,0.9580443705335128,0.9580443705335128,0.9580443705335128,0.9580443705335128,0.9301081553918961,0.9301081553918961,0.9301081553918961,0.9301081553918961,0.8649932609327468,0.8649932609327468,0.8649932609327468,0.8649932609327468,0.8294761592723959,0.8294761592723959,0.8294761592723959,0.8294761592723959,0.9336361603789337,0.9336361603789337,0.9336361603789337,0.9336361603789337
song_57b6fb5de42d0b76a982ad6d6b780aa368d65adfecd872c1522c7c3660a04cb4,success,bart,classifier-panel-v1,413,1,1010,287,287,2a1cbd8ba1febade322795616e7c03696b175c24cbbc68aa00cceea3136f42d5,2a1cbd8ba1febade322795616e7c03696b175c24cbbc68aa00cceea3136f42d5,0.8355479707919117,0.8355479707919117,0.8355479707919117,0.8355479707919117,0.8559111699154404,0.8559111699154404,0.8559111699154404,0.8559111699154404,0.9982146881149617,0.9982146881149617,0.9982146881149617,0.9982146881149617,0.8102176301134458,0.8102176301134458,0.8102176301134458,0.8102176301134458,0.8410188745544962,0.8410188745544962,0.8410188745544962,0.8410188745544962,0.9651597247667532,0.9651597247667532,0.9651597247667532,0.9651597247667532,0.9066444697447488,0.9066444697447488,0.9066444697447488,0.9066444697447488,0.998784824782859,0.998784824782859,0.998784824782859,0.998784824782859,0.9992033324848618,0.9992033324848618,0.9992033324848618,0.9992033324848618,0.5229934582357515,0.5229934582357515,0.5229934582357515,0.5229934582357515,0.8052084093022192,0.8052084093022192,0.8052084093022192,0.8052084093022192,0.9195277247879982,0.9195277247879982,0.9195277247879982,0.9195277247879982,0.9648119982403492,0.9648119982403492,0.9648119982403492,0.9648119982403492,0.8586082527176753,0.8586082527176753,0.8586082527176753,0.8586082527176753,0.8887958250295007,0.8887958250295007,0.8887958250295007,0.8887958250295007,0.47341901554784954,0.47341901554784954,0.47341901554784954,0.47341901554784954,0.2491902756013526,0.2491902756013526,0.2491902756013526,0.2491902756013526
song_341d5e61c3771b2583160580b52ebf1a8e95798d167c3120383be6d5c367dcd6,success,bart,classifier-panel-v1,508,1,1010,309,309,d38187f87450181baaa04b673014ad72b552e6a6b1ed0343f1a2528c50b44acc,d38187f87450181baaa04b673014ad72b552e6a6b1ed0343f1a2528c50b44acc,0.9007176778800836,0.9007176778800836,0.9007176778800836,0.9007176778800836,0.6788952967131764,0.6788952967131764,0.6788952967131764,0.6788952967131764,0.8747165617461574,0.8747165617461574,0.8747165617461574,0.8747165617461574,0.6325779609263072,0.6325779609263072,0.6325779609263072,0.6325779609263072,0.9733376387813883,0.9733376387813883,0.9733376387813883,0.9733376387813883,0.9880674473486902,0.9880674473486902,0.9880674473486902,0.9880674473486902,0.9941055920077694,0.9941055920077694,0.9941055920077694,0.9941055920077694,0.7361026847541964,0.7361026847541964,0.7361026847541964,0.7361026847541964,0.9174721780449855,0.9174721780449855,0.9174721780449855,0.9174721780449855,0.9443956485180892,0.9443956485180892,0.9443956485180892,0.9443956485180892,0.7319933683081756,0.7319933683081756,0.7319933683081756,0.7319933683081756,0.937560841853349,0.937560841853349,0.937560841853349,0.937560841853349,0.997157161917982,0.997157161917982,0.997157161917982,0.997157161917982,0.8569414810849098,0.8569414810849098,0.8569414810849098,0.8569414810849098,0.4866670469869555,0.4866670469869555,0.4866670469869555,0.4866670469869555,0.3915058284176354,0.3915058284176354,0.3915058284176354,0.3915058284176354,0.07716385167386312,0.07716385167386312,0.07716385167386312,0.07716385167386312
song_c0eeb4729f1ae33d58424899c3c15392241f8e296e88cad503bcb8fe60060eed,success,bart,classifier-panel-v1,822,1,1010,529,529,825aed9c3ddaacfe2ec7af2790bd49e976e997f4c94ce36e7be314b7c097ac56,825aed9c3ddaacfe2ec7af2790bd49e976e997f4c94ce36e7be314b7c097ac56,0.9709981479856878,0.9709981479856878,0.9709981479856878,0.9709981479856878,0.9838159792406591,0.9838159792406591,0.9838159792406591,0.9838159792406591,0.9812823623133269,0.9812823623133269,0.9812823623133269,0.9812823623133269,0.9860516860211388,0.9860516860211388,0.9860516860211388,0.9860516860211388,0.868899633833013,0.868899633833013,0.868899633833013,0.868899633833013,0.9775363775377555,0.9775363775377555,0.9775363775377555,0.9775363775377555,0.6556816223243764,0.6556816223243764,0.6556816223243764,0.6556816223243764,0.985941426743122,0.985941426743122,0.985941426743122,0.985941426743122,0.9382486329143678,0.9382486329143678,0.9382486329143678,0.9382486329143678,0.9345062970469081,0.9345062970469081,0.9345062970469081,0.9345062970469081,0.8114885625191761,0.8114885625191761,0.8114885625191761,0.8114885625191761,0.995951267912846,0.995951267912846,0.995951267912846,0.995951267912846,0.7923598202878345,0.7923598202878345,0.7923598202878345,0.7923598202878345,0.9694711724820609,0.9694711724820609,0.9694711724820609,0.9694711724820609,0.4187168858524504,0.4187168858524504,0.4187168858524504,0.4187168858524504,0.9964318389450731,0.9964318389450731,0.9964318389450731,0.9964318389450731,0.9633313425343438,0.9633313425343438,0.9633313425343438,0.9633313425343438
song_cb60240680fd61f42fe313701e8d2b29be19573c172c701900be7999b84fb987,success,bart,classifier-panel-v1,295,1,1010,208,208,0434f473634fc26d2e9246d9109d6ea91657543f2445646e85edf53fc0fd7f5a,0434f473634fc26d2e9246d9109d6ea91657543f2445646e85edf53fc0fd7f5a,0.520634473229913,0.520634473229913,0.520634473229913,0.520634473229913,0.3223754985243521,0.3223754985243521,0.3223754985243521,0.3223754985243521,0.9545206377060865,0.9545206377060865,0.9545206377060865,0.9545206377060865,0.3622106173754529,0.3622106173754529,0.3622106173754529,0.3622106173754529,0.7261054140388116,0.7261054140388116,0.7261054140388116,0.7261054140388116,0.9787718864500107,0.9787718864500107,0.9787718864500107,0.9787718864500107,0.9934962017061071,0.9934962017061071,0.9934962017061071,0.9934962017061071,0.9518919951920324,0.9518919951920324,0.9518919951920324,0.9518919951920324,0.995868565473138,0.995868565473138,0.995868565473138,0.995868565473138,0.3368795782474755,0.3368795782474755,0.3368795782474755,0.3368795782474755,0.4475237192181971,0.4475237192181971,0.4475237192181971,0.4475237192181971,0.8364228479751473,0.8364228479751473,0.8364228479751473,0.8364228479751473,0.9922589569244838,0.9922589569244838,0.9922589569244838,0.9922589569244838,0.7723323990254575,0.7723323990254575,0.7723323990254575,0.7723323990254575,0.2342984075819395,0.2342984075819395,0.2342984075819395,0.2342984075819395,0.1801041864173272,0.1801041864173272,0.1801041864173272,0.1801041864173272,0.0935706369645495,0.0935706369645495,0.0935706369645495,0.0935706369645495
song_685e4dd20b5670c8c388340a9c8da88eade91a4734f2035e159fd6818dcb01ff,success,bart,classifier-panel-v1,387,1,1010,277,277,5e2fef94d09821a13dfe35e2896fd5a72c16694ba3702d93cf32b121632f4a31,5e2fef94d09821a13dfe35e2896fd5a72c16694ba3702d93cf32b121632f4a31,0.9699959296412171,0.9699959296412171,0.9699959296412171,0.9699959296412171,0.7233255547390932,0.7233255547390932,0.7233255547390932,0.7233255547390932,0.955744220044129,0.955744220044129,0.955744220044129,0.955744220044129,0.8568144915818962,0.8568144915818962,0.8568144915818962,0.8568144915818962,0.9729866274963487,0.9729866274963487,0.9729866274963487,0.9729866274963487,0.8713936126992529,0.8713936126992529,0.8713936126992529,0.8713936126992529,0.9136345848874361,0.9136345848874361,0.9136345848874361,0.9136345848874361,0.7961369409105089,0.7961369409105089,0.7961369409105089,0.7961369409105089,0.975893853274912,0.975893853274912,0.975893853274912,0.975893853274912,0.9471203008915756,0.9471203008915756,0.9471203008915756,0.9471203008915756,0.9076576775138107,0.9076576775138107,0.9076576775138107,0.9076576775138107,0.8809455309819406,0.8809455309819406,0.8809455309819406,0.8809455309819406,0.8247207446895013,0.8247207446895013,0.8247207446895013,0.8247207446895013,0.8796787973822555,0.8796787973822555,0.8796787973822555,0.8796787973822555,0.7902883156301949,0.7902883156301949,0.7902883156301949,0.7902883156301949,0.569264385173611,0.569264385173611,0.569264385173611,0.569264385173611,0.6662728092238773,0.6662728092238773,0.6662728092238773,0.6662728092238773
