song_id,classifier_version,lyrics_sha256,source_words,processing_status,lyriclens_status,lyriclens_token_count,lyriclens_chunk_count,lyriclens_normalized_sha256,lyriclens_model_revision,lyriclens_checkpoint_sha256,detoxify_status,detoxify_token_count,detoxify_chunk_count,detoxify_normalized_sha256,detoxify_model_revision,detoxify_checkpoint_sha256,goemotions_status,goemotions_token_count,goemotions_chunk_count,goemotions_normalized_sha256,goemotions_model_revision,goemotions_checkpoint_sha256,cardiff_status,cardiff_token_count,cardiff_chunk_count,cardiff_normalized_sha256,cardiff_model_revision,cardiff_checkpoint_sha256,ll_sexual_content,ll_violence,ll_explicit_language,ll_substance_use,detox_toxicity,detox_severe_toxicity,detox_obscene,detox_threat,detox_insult,detox_identity_attack,detox_sexual_explicit,emotion_admiration,emotion_amusement,emotion_anger,emotion_annoyance,emotion_approval,emotion_caring,emotion_confusion,emotion_curiosity,emotion_desire,emotion_disappointment,emotion_disapproval,emotion_disgust,emotion_embarrassment,emotion_excitement,emotion_fear,emotion_gratitude,emotion_grief,emotion_joy,emotion_love,emotion_nervousness,emotion_optimism,emotion_pride,emotion_realization,emotion_relief,emotion_remorse,emotion_sadness,emotion_surprise,emotion_neutral,sentiment_negative,sentiment_neutral,sentiment_positive
song_0213bb2ca26a8b0e613f83fdc3a1bf713269c08a2c6cbcb19d0e85cd0bb40e4f,four-model-production-v1,04777903aa8c02a62328e5ba61e2ad3f54cab587c6bcb354cc4f87633894498e,252,complete,success,326,1,694ee1846b888406c8bd58e677ed3d20c3355e75081eba36f7f4cf6f7977dc1e,71a40996c1021c62d12dc004cbafa3f1c5560162,d272696293bc75d5a82cca2e624800456f734f57382cd9472b5974993ef860cc,success,459,1,04777903aa8c02a62328e5ba61e2ad3f54cab587c6bcb354cc4f87633894498e,d5376446b6accee5dd2d346f2d3050f9d8a69af1,c7548aa09468726af4cfdd0959912467784de4a076786913ada9f0f21b68f60d,success,459,1,04777903aa8c02a62328e5ba61e2ad3f54cab587c6bcb354cc4f87633894498e,d75048347613a25d77de8cf6412eaae9fa7b26be,84d6d338b4cf63f0ed3c990a0ce748d32d1d2965c072f4645accaa71af3888c0,success,397,1,04777903aa8c02a62328e5ba61e2ad3f54cab587c6bcb354cc4f87633894498e,f2f1202b1bdeb07342385c3f807f9c07cd8f5cf8,93316a86051c359748c5d5453e7660c69a21a57cfb477892f95f539e3e171196,0.9925670623779297,0.00673894165083766,0.0041030594147741795,0.006735802162438631,0.013687372207641602,5.53898535144981e-05,0.0013625387800857425,0.00013119970390107483,0.0023175019305199385,0.0034125728998333216,0.0016155513003468513,0.03310483694076538,0.018075931817293167,0.0013722693547606468,0.003418545937165618,0.09361729025840759,0.013834811747074127,0.004890788812190294,0.019484512507915497,0.021443728357553482,0.0013142130337655544,0.0037698240485042334,0.0005199598963372409,0.000430272746598348,0.2563912868499756,0.0012034355895593762,0.0012526087230071425,0.0005424669361673295,0.5548717975616455,0.0181922297924757,0.0018796095391735435,0.04274512827396393,0.003522271756082773,0.0047189584001898766,0.007643121760338545,0.000616938341408968,0.0014034396735951304,0.0027867574244737625,0.12411109358072281,0.26284077763557434,0.35041749477386475,0.3867417573928833
song_02774fe4f56b6d0a37952e7ecde8456be181bcb74ccb21de416a2aaf61e6f01c,four-model-production-v1,4d70fc4227138ad3717ab54a0b9660fd2c220b52ffb6acfc1330f9929bf12508,294,complete,success,548,1,dcf6256ff783185cb1165ed9d66ab21023934ed7d78271fd7c89a5a8a4e7f239,71a40996c1021c62d12dc004cbafa3f1c5560162,d272696293bc75d5a82cca2e624800456f734f57382cd9472b5974993ef860cc,success,744,2,4d70fc4227138ad3717ab54a0b9660fd2c220b52ffb6acfc1330f9929bf12508,d5376446b6accee5dd2d346f2d3050f9d8a69af1,c7548aa09468726af4cfdd0959912467784de4a076786913ada9f0f21b68f60d,success,744,2,4d70fc4227138ad3717ab54a0b9660fd2c220b52ffb6acfc1330f9929bf12508,d75048347613a25d77de8cf6412eaae9fa7b26be,84d6d338b4cf63f0ed3c990a0ce748d32d1d2965c072f4645accaa71af3888c0,success,610,2,4d70fc4227138ad3717ab54a0b9660fd2c220b52ffb6acfc1330f9929bf12508,f2f1202b1bdeb07342385c3f807f9c07cd8f5cf8,93316a86051c359748c5d5453e7660c69a21a57cfb477892f95f539e3e171196,0.0824601873755455,0.0006337040686048567,0.03831254690885544,0.10135780274868011,0.02315482124686241,4.148470861764508e-05,0.0025448795058764517,0.00011443976654845756,0.0029469636356225237,0.005882157624000683,0.0005877739458810538,0.0020472370670177042,0.0031858624424785376,0.001735511759761721,0.007220880361273885,0.024404854513704777,0.0015226518153212965,0.002489861741196364,0.0014633841346949339,0.0017174372333101928,0.0028075185837224126,0.0022158141946420074,0.0023078774102032185,0.000847522693220526,0.0032985559664666653,0.0016825043130666018,0.0007364342454820871,0.0004666051099775359,0.002950610825791955,0.0015146572841331363,0.0005899679235881194,0.002910536713898182,0.00048746012907940894,0.012115547899156809,0.0006651331786997616,0.00040122777863871306,0.00210553384386003,0.0012790682958438993,0.9602775871753693,0.2329046055674553,0.4418369233608246,0.3252584636211395
song_0349520b5c7c2e4422a70fce1d2df78432df63f0a6e704fa01bbfef8e34ebe24,four-model-production-v1,cbb2bb46e4369fefdab5d656dd36e415101920c937e3922faaa497bbb44604e7,169,complete,success,183,1,977bbe55cea7f68f30cc371ffd6c9ab2522df084bc00e0914a72680f71e9947d,71a40996c1021c62d12dc004cbafa3f1c5560162,d272696293bc75d5a82cca2e624800456f734f57382cd9472b5974993ef860cc,success,213,1,cbb2bb46e4369fefdab5d656dd36e415101920c937e3922faaa497bbb44604e7,d5376446b6accee5dd2d346f2d3050f9d8a69af1,c7548aa09468726af4cfdd0959912467784de4a076786913ada9f0f21b68f60d,success,213,1,cbb2bb46e4369fefdab5d656dd36e415101920c937e3922faaa497bbb44604e7,d75048347613a25d77de8cf6412eaae9fa7b26be,84d6d338b4cf63f0ed3c990a0ce748d32d1d2965c072f4645accaa71af3888c0,success,204,1,cbb2bb46e4369fefdab5d656dd36e415101920c937e3922faaa497bbb44604e7,f2f1202b1bdeb07342385c3f807f9c07cd8f5cf8,93316a86051c359748c5d5453e7660c69a21a57cfb477892f95f539e3e171196,0.9142897129058838,0.0029325387440621853,0.0019303886219859123,0.003500421531498432,0.00462695024907589,6.761140866728965e-06,0.0004791039973497391,9.555140422889963e-05,0.0008908028248697519,0.00016441982006654143,0.00022693969367537647,0.0022750620264559984,0.0016342742601409554,0.010904338210821152,0.045910198241472244,0.011271651834249496,0.015074525028467178,0.08403007686138153,0.017744500190019608,0.03491632267832756,0.35655468702316284,0.021052032709121704,0.005049070343375206,0.004999053198844194,0.0031354811508208513,0.007573040202260017,0.0008228613878600299,0.010782700963318348,0.00605125492438674,0.043749529868364334,0.037004340440034866,0.007176284212619066,0.0005988268530927598,0.01752454973757267,0.0027301826048642397,0.03817850351333618,0.6130293011665344,0.003979004919528961,0.03398914635181427,0.42249351739883423,0.4166177809238434,0.160888671875
song_05be1f29e67911d8e269dbbba495ee25b92120a0aba32db094923f7adf2183b7,four-model-production-v1,5f676f570f4e80fc37b6829f69be6719808857161a27368334d1569f38fc5bf4,135,complete,success,139,1,009b889b60b6c342f594c2bf0efea537ad62be5f84f790b459ea360a710ad513,71a40996c1021c62d12dc004cbafa3f1c5560162,d272696293bc75d5a82cca2e624800456f734f57382cd9472b5974993ef860cc,success,198,1,5f676f570f4e80fc37b6829f69be6719808857161a27368334d1569f38fc5bf4,d5376446b6accee5dd2d346f2d3050f9d8a69af1,c7548aa09468726af4cfdd0959912467784de4a076786913ada9f0f21b68f60d,success,198,1,5f676f570f4e80fc37b6829f69be6719808857161a27368334d1569f38fc5bf4,d75048347613a25d77de8cf6412eaae9fa7b26be,84d6d338b4cf63f0ed3c990a0ce748d32d1d2965c072f4645accaa71af3888c0,success,179,1,5f676f570f4e80fc37b6829f69be6719808857161a27368334d1569f38fc5bf4,f2f1202b1bdeb07342385c3f807f9c07cd8f5cf8,93316a86051c359748c5d5453e7660c69a21a57cfb477892f95f539e3e171196,0.0026399297639727592,0.0052664997056126595,0.0055099246092140675,0.027904991060495377,0.0005348240956664085,1.283591359424463e-06,3.442978413659148e-05,1.551954665046651e-05,0.00015287981659639627,6.549667159561068e-05,1.410689492331585e-05,0.0011611859081313014,0.0015440359711647034,0.0015949878143146634,0.00817499402910471,0.01118839718401432,0.0014922829577699304,0.36818909645080566,0.39980626106262207,0.0012380010448396206,0.005147775635123253,0.004226617515087128,0.0016200407408177853,0.0016178279183804989,0.002142384648323059,0.002507725963369012,0.000359100493369624,0.000573617173358798,0.0009842774597927928,0.0012903374154120684,0.0012739415979012847,0.00498210871592164,9.938408038578928e-05,0.019570225849747658,0.0003100108297076076,0.0006824271404184401,0.002860947512090206,0.01759297214448452,0.5074334740638733,0.34449875354766846,0.48580417037010193,0.16969703137874603
song_063fd071844935e8fd4f1395eeee736a147d3f13acd2103cd7ddd076c93ada6a,four-model-production-v1,fe9113b89c7f45c684ee1bf60fe54f0a9eab5ef7c9cd75174bd349e2ba825db1,244,complete,success,296,1,1e320885b41aeed14ec06c381268b525b6ef4d97bab06fca8c37936fa082e07d,71a40996c1021c62d12dc004cbafa3f1c5560162,d272696293bc75d5a82cca2e624800456f734f57382cd9472b5974993ef860cc,success,369,1,fe9113b89c7f45c684ee1bf60fe54f0a9eab5ef7c9cd75174bd349e2ba825db1,d5376446b6accee5dd2d346f2d3050f9d8a69af1,c7548aa09468726af4cfdd0959912467784de4a076786913ada9f0f21b68f60d,success,369,1,fe9113b89c7f45c684ee1bf60fe54f0a9eab5ef7c9cd75174bd349e2ba825db1,d75048347613a25d77de8cf6412eaae9fa7b26be,84d6d338b4cf63f0ed3c990a0ce748d32d1d2965c072f4645accaa71af3888c0,success,381,1,fe9113b89c7f45c684ee1bf60fe54f0a9eab5ef7c9cd75174bd349e2ba825db1,f2f1202b1bdeb07342385c3f807f9c07cd8f5cf8,93316a86051c359748c5d5453e7660c69a21a57cfb477892f95f539e3e171196,0.9949954748153687,0.005135972052812576,0.03995446860790253,0.0028012145776301622,0.004757019225507975,3.0042812795727514e-05,0.0006034303805790842,7.233762153191492e-05,0.0006218914058990777,0.0010888573015108705,0.002868841402232647,0.021746354177594185,0.0020115182269364595,0.008237356320023537,0.007856952026486397,0.07487539201974869,0.061151884496212006,0.0019036089070141315,0.0021834196522831917,0.018713250756263733,0.00288208806887269,0.00533949164673686,0.0021090805530548096,0.0005739390035159886,0.007255877368152142,0.001753342803567648,0.0022194699849933386,0.0008212155662477016,0.025493955239653587,0.9385750889778137,0.0013032921124249697,0.01814415492117405,0.0009951333049684763,0.006344192195683718,0.0012695029145106673,0.0018164373468607664,0.0043970453552901745,0.0012074301484972239,0.04035564884543419,0.20911948382854462,0.45853349566459656,0.33234697580337524
song_0952b517e2fef799bf238e7dc58b1371cc57ea3450759f0c13ba18c1ca658fc1,four-model-production-v1,de972cfadf494f258289a3ddde387c2bf7cc2ccfe11dbd320e6c13f4824417dd,709,complete,success,808,1,5c025af576763ee7c19f6189db8e0bf97bb162a1c9aecc0c2b34095284be94d0,71a40996c1021c62d12dc004cbafa3f1c5560162,d272696293bc75d5a82cca2e624800456f734f57382cd9472b5974993ef860cc,success,1156,3,de972cfadf494f258289a3ddde387c2bf7cc2ccfe11dbd320e6c13f4824417dd,d5376446b6accee5dd2d346f2d3050f9d8a69af1,c7548aa09468726af4cfdd0959912467784de4a076786913ada9f0f21b68f60d,success,1156,3,de972cfadf494f258289a3ddde387c2bf7cc2ccfe11dbd320e6c13f4824417dd,d75048347613a25d77de8cf6412eaae9fa7b26be,84d6d338b4cf63f0ed3c990a0ce748d32d1d2965c072f4645accaa71af3888c0,success,1142,3,de972cfadf494f258289a3ddde387c2bf7cc2ccfe11dbd320e6c13f4824417dd,f2f1202b1bdeb07342385c3f807f9c07cd8f5cf8,93316a86051c359748c5d5453e7660c69a21a57cfb477892f95f539e3e171196,0.9932907819747925,0.9959623217582703,0.9936965107917786,0.9946887493133545,0.5314232780498205,0.0026106543154786033,0.3243297142940203,0.009870818245428483,0.1178437280323627,0.021722282424801155,0.012880911948691062,0.0016043964806850678,0.0019171581135105638,0.03216798289253612,0.07539819044006221,0.025182819781844282,0.012936899235478529,0.003108576707103673,0.01519211491593643,0.02561261476167384,0.020420994361859318,0.015554852313587641,0.005035709148831988,0.0015959677918472531,0.0024646627765058647,0.0015019489920321065,0.0001964336606698267,0.0006764717440607887,0.0023961595492638893,0.048790526492553395,0.0008430561764974624,0.007738971114754805,0.00042210968490901475,0.009569552857759102,0.0004619201156079115,0.0010302278479719519,0.006844163466056416,0.0015400318471875177,0.6681420561248456,0.28903206208176035,0.419769053701344,0.29119888918829884
song_098c94ccca359db8e6a9a7a5e4d678f28906d0b215ea72e613efcb940a06511c,four-model-production-v1,b976bb66079218f4427c551e44212d74cea29eb09c9b0e12d6aea499d51a35ab,353,complete,success,399,1,38aa4e11e11039c81910ca0d8a461f6d1f15217fe4f020a7d3ebe8bbc7e4a5a9,71a40996c1021c62d12dc004cbafa3f1c5560162,d272696293bc75d5a82cca2e624800456f734f57382cd9472b5974993ef860cc,success,463,1,b976bb66079218f4427c551e44212d74cea29eb09c9b0e12d6aea499d51a35ab,d5376446b6accee5dd2d346f2d3050f9d8a69af1,c7548aa09468726af4cfdd0959912467784de4a076786913ada9f0f21b68f60d,success,463,1,b976bb66079218f4427c551e44212d74cea29eb09c9b0e12d6aea499d51a35ab,d75048347613a25d77de8cf6412eaae9fa7b26be,84d6d338b4cf63f0ed3c990a0ce748d32d1d2965c072f4645accaa71af3888c0,success,483,1,b976bb66079218f4427c551e44212d74cea29eb09c9b0e12d6aea499d51a35ab,f2f1202b1bdeb07342385c3f807f9c07cd8f5cf8,93316a86051c359748c5d5453e7660c69a21a57cfb477892f95f539e3e171196,0.006278812885284424,0.004259700886905193,0.1735343635082245,0.002045904053375125,0.05758357048034668,3.1460600439459085e-05,0.006137434858828783,0.0019104403909295797,0.005177924409508705,0.0006059553124941885,0.0004530500737018883,0.0014356161700561643,0.0004457161121536046,0.010355263017117977,0.11794814467430115,0.029885005205869675,0.015264725312590599,0.006403578445315361,0.0016292708460241556,0.003227521199733019,0.38093847036361694,0.09361110627651215,0.0030806767754256725,0.004942361265420914,0.0007356454152613878,0.010324464179575443,0.0003357416717335582,0.0023780581541359425,0.0013877075398340821,0.0011746662203222513,0.0204195287078619,0.010544790886342525,0.0007090876461006701,0.040446601808071136,0.0031504270154982805,0.0037263650447130203,0.10088517516851425,0.0012041212758049369,0.3189353048801422,0.3458018898963928,0.4486815333366394,0.20551656186580658
song_0ae5f6cefc72dd648e4af242ede9fc3a429075b6a2fa40106e6966410ea88dc5,four-model-production-v1,3310e1410814685aa1b4a016b1f959501a635777698f4cc64047642382e20561,320,complete,success,348,1,ce97b3df700e5676926dc786b034d9aa405763627f26ada50efd3072f0cb21b8,71a40996c1021c62d12dc004cbafa3f1c5560162,d272696293bc75d5a82cca2e624800456f734f57382cd9472b5974993ef860cc,success,526,2,3310e1410814685aa1b4a016b1f959501a635777698f4cc64047642382e20561,d5376446b6accee5dd2d346f2d3050f9d8a69af1,c7548aa09468726af4cfdd0959912467784de4a076786913ada9f0f21b68f60d,success,526,2,3310e1410814685aa1b4a016b1f959501a635777698f4cc64047642382e20561,d75048347613a25d77de8cf6412eaae9fa7b26be,84d6d338b4cf63f0ed3c990a0ce748d32d1d2965c072f4645accaa71af3888c0,success,533,2,3310e1410814685aa1b4a016b1f959501a635777698f4cc64047642382e20561,f2f1202b1bdeb07342385c3f807f9c07cd8f5cf8,93316a86051c359748c5d5453e7660c69a21a57cfb477892f95f539e3e171196,0.9973880648612976,0.030352158471941948,0.13568449020385742,0.9966260194778442,0.1932804435491562,0.0003067421494051814,0.05076051224023104,0.0004687078617280349,0.05836598575115204,0.01983822463080287,0.019681474659591913,0.5279369056224823,0.005121184862218797,0.002196044777520001,0.0052792534697800875,0.11110685020685196,0.0021243973751552403,0.0011399410432204604,0.00183628941886127,0.002092408947646618,0.00171614286955446,0.002431530272588134,0.0018863769946619868,0.0004898255720036104,0.06902070669457316,0.0012665946560446173,0.0005693002167390659,0.00030941603472456336,0.032863155007362366,0.2569971214979887,0.00038446402322733775,0.003044198267161846,0.0040473631815984845,0.006639641709625721,0.001054105581715703,0.00016843824414536357,0.0007547834247816354,0.003472845535725355,0.10669466480612755,0.2564856693512056,0.3764921884711196,0.36702217192408293
song_0aed0baea9ae5d346cf2c42de2f92d7bd81418aa8269b3f685d489fdbf4cc08d,four-model-production-v1,a758d51e8542965b29d94239cf11464d8708545f2591e4c62af4e54e75af85a2,166,complete,success,181,1,1ec9d86140b6a86a7d64d0838b04f219466a844f4f45095ccdb23031a0be3ad2,71a40996c1021c62d12dc004cbafa3f1c5560162,d272696293bc75d5a82cca2e624800456f734f57382cd9472b5974993ef860cc,success,259,1,a758d51e8542965b29d94239cf11464d8708545f2591e4c62af4e54e75af85a2,d5376446b6accee5dd2d346f2d3050f9d8a69af1,c7548aa09468726af4cfdd0959912467784de4a076786913ada9f0f21b68f60d,success,259,1,a758d51e8542965b29d94239cf11464d8708545f2591e4c62af4e54e75af85a2,d75048347613a25d77de8cf6412eaae9fa7b26be,84d6d338b4cf63f0ed3c990a0ce748d32d1d2965c072f4645accaa71af3888c0,success,246,1,a758d51e8542965b29d94239cf11464d8708545f2591e4c62af4e54e75af85a2,f2f1202b1bdeb07342385c3f807f9c07cd8f5cf8,93316a86051c359748c5d5453e7660c69a21a57cfb477892f95f539e3e171196,0.6315861940383911,0.0007344101322814822,0.018540220335125923,0.0024292112793773413,0.004013258032500744,2.326497997273691e-05,0.00043298915261402726,7.142221147660166e-05,0.0007211262709461153,0.0023440432269126177,0.0006332724005915225,0.008104459382593632,0.0034672601614147425,0.0012013968080282211,0.004953835159540176,0.09829814732074738,0.004114624112844467,0.001572545268572867,0.003699583699926734,0.008929101750254631,0.0016970121068879962,0.0012315132189542055,0.0005692176637239754,0.00041015041642822325,0.09628470987081528,0.0007831913535483181,0.0004352517717052251,0.0004157221701461822,0.08781442791223526,0.004205713048577309,0.0010316948173567653,0.01097995974123478,0.0024196519516408443,0.008833258412778378,0.003568702843040228,0.00030941289151087403,0.001196171622723341,0.002435968955978751,0.7104146480560303,0.22609545290470123,0.4094010889530182,0.3645034432411194
song_0b640ff50889535179208394488f8a0238ceb517a43c66b5928d1e8be421878e,four-model-production-v1,4aeb3cb26e4e238b0469c1c13e9f93e79d143329c07a5f5ea89ec00685124879,246,complete,success,268,1,9d2b83fd64b0b5879c6d23c4dcdacca4974aff4ff1b5cd02672364aa21b56824,71a40996c1021c62d12dc004cbafa3f1c5560162,d272696293bc75d5a82cca2e624800456f734f57382cd9472b5974993ef860cc,success,349,1,4aeb3cb26e4e238b0469c1c13e9f93e79d143329c07a5f5ea89ec00685124879,d5376446b6accee5dd2d346f2d3050f9d8a69af1,c7548aa09468726af4cfdd0959912467784de4a076786913ada9f0f21b68f60d,success,349,1,4aeb3cb26e4e238b0469c1c13e9f93e79d143329c07a5f5ea89ec00685124879,d75048347613a25d77de8cf6412eaae9fa7b26be,84d6d338b4cf63f0ed3c990a0ce748d32d1d2965c072f4645accaa71af3888c0,success,339,1,4aeb3cb26e4e238b0469c1c13e9f93e79d143329c07a5f5ea89ec00685124879,f2f1202b1bdeb07342385c3f807f9c07cd8f5cf8,93316a86051c359748c5d5453e7660c69a21a57cfb477892f95f539e3e171196,0.006225131917744875,0.002969418652355671,0.03288920968770981,0.0038127764128148556,0.007040032651275396,1.4756054952158593e-05,0.0010144945699721575,0.0002933574724011123,0.0009300555684603751,0.0002950218040496111,0.00033362433896400034,0.0014720956096425653,0.0007029647822491825,0.0020711678080260754,0.01213018223643303,0.12585914134979248,0.06261248141527176,0.012121369130909443,0.02143089473247528,0.0027888996992260218,0.004906564950942993,0.006454295013099909,0.0006001043948344886,0.000400391174480319,0.0012143609346821904,0.0020250643137842417,0.00010232453496428207,0.0004977818462066352,0.0014742187922820449,0.0014597177505493164,0.0020818975754082203,0.02328598126769066,0.00033546972554177046,0.02706778235733509,0.0015614950098097324,0.0005526940803974867,0.0033908274490386248,0.0010018135653808713,0.7662351727485657,0.3183493912220001,0.4479289948940277,0.23372159898281097
song_0c97bdf048572221cf295545083a45a1572bcc8f0c307a006c0956c93c908099,four-model-production-v1,302f16c08b138c7cc1dfc023e02404a5f6cf1343ef09d6f19ea9bce800018474,361,complete,success,414,1,32745ef73b739bf5e2d532ca19d9fa2d3c9fabd539a32522a3456fb7c1c35f7b,71a40996c1021c62d12dc004cbafa3f1c5560162,d272696293bc75d5a82cca2e624800456f734f57382cd9472b5974993ef860cc,success,537,2,302f16c08b138c7cc1dfc023e02404a5f6cf1343ef09d6f19ea9bce800018474,d5376446b6accee5dd2d346f2d3050f9d8a69af1,c7548aa09468726af4cfdd0959912467784de4a076786913ada9f0f21b68f60d,success,537,2,302f16c08b138c7cc1dfc023e02404a5f6cf1343ef09d6f19ea9bce800018474,d75048347613a25d77de8cf6412eaae9fa7b26be,84d6d338b4cf63f0ed3c990a0ce748d32d1d2965c072f4645accaa71af3888c0,success,516,2,302f16c08b138c7cc1dfc023e02404a5f6cf1343ef09d6f19ea9bce800018474,f2f1202b1bdeb07342385c3f807f9c07cd8f5cf8,93316a86051c359748c5d5453e7660c69a21a57cfb477892f95f539e3e171196,0.27220138907432556,0.005103136412799358,0.01904650591313839,0.0004770357918459922,0.036382780554296806,2.724153113227773e-05,0.006771867200766917,0.0002447472612043579,0.006899872165194104,0.0008365642732474086,0.0025954196867801847,0.0009338500524924815,0.001123311695923727,0.026173696185512473,0.20564469500848923,0.08247037516348411,0.003879602291765215,0.0029129400616078127,0.0008622905183314681,0.004021058145223716,0.1882783096401607,0.09232508155276212,0.005014622687176564,0.005292661362318964,0.0014005626395285767,0.003476719624749636,0.00025810103950626604,0.0018374363662418346,0.0037706144244255744,0.0013169207019658562,0.005629714150016423,0.004803600796503561,0.0014582057518180412,0.13313340125137202,0.0038129770625347976,0.0016083150887012039,0.07099558091488298,0.0032744612076512263,0.28519437260911895,0.35878030955791473,0.45046043395996094,0.19075925648212433
song_109e58fdb577eb713ec9844630010a1ea9f502a212041ef4edd19d8d91f292d2,four-model-production-v1,134ad0c187c25be5f5b1333e1426b1961fe623b3f80e8a28215e11f0325bbbf8,324,complete,success,371,1,4976ba9f00822d66e5eb47d0648c07f2feeab6c74712b8464bf105309572f2a1,71a40996c1021c62d12dc004cbafa3f1c5560162,d272696293bc75d5a82cca2e624800456f734f57382cd9472b5974993ef860cc,success,476,1,134ad0c187c25be5f5b1333e1426b1961fe623b3f80e8a28215e11f0325bbbf8,d5376446b6accee5dd2d346f2d3050f9d8a69af1,c7548aa09468726af4cfdd0959912467784de4a076786913ada9f0f21b68f60d,success,476,1,134ad0c187c25be5f5b1333e1426b1961fe623b3f80e8a28215e11f0325bbbf8,d75048347613a25d77de8cf6412eaae9fa7b26be,84d6d338b4cf63f0ed3c990a0ce748d32d1d2965c072f4645accaa71af3888c0,success,440,1,134ad0c187c25be5f5b1333e1426b1961fe623b3f80e8a28215e11f0325bbbf8,f2f1202b1bdeb07342385c3f807f9c07cd8f5cf8,93316a86051c359748c5d5453e7660c69a21a57cfb477892f95f539e3e171196,0.997002899646759,0.005749649368226528,0.31612080335617065,0.0031197683420032263,0.2084776610136032,0.0006041390588507056,0.07814013957977295,0.0007062908262014389,0.014278517104685307,0.0024350062012672424,0.06679651141166687,0.02771051786839962,0.0011195344850420952,0.004875198006629944,0.00546954944729805,0.03224388137459755,0.027286218479275703,0.0023568482138216496,0.006743057165294886,0.10506834834814072,0.0037653171457350254,0.0034732527565211058,0.0017231764504685998,0.0004253792285453528,0.012260899879038334,0.0013186351861804724,0.0015099706361070275,0.0007189225871115923,0.016218209639191628,0.8962253928184509,0.000992506742477417,0.01181731279939413,0.0006986143998801708,0.003596372902393341,0.0006844071322120726,0.0012540844036266208,0.004383420571684837,0.0015744308475404978,0.05858621001243591,0.21980497241020203,0.4092836380004883,0.3709113597869873
song_10f21a7ac2fc5e27711d31d4a39dd3e60c793cda1e918d41a79a3b7b83519df3,four-model-production-v1,462d1cfea5f79e6ab1b359c8e3fc074e24869ba6f997c6e4ddda3df0cef633db,384,complete,success,434,1,36b001c615dfc4e2a891155fa3ee768549b8a6ba4602dc8c04d45ad7a65dd6d7,71a40996c1021c62d12dc004cbafa3f1c5560162,d272696293bc75d5a82cca2e624800456f734f57382cd9472b5974993ef860cc,success,566,2,462d1cfea5f79e6ab1b359c8e3fc074e24869ba6f997c6e4ddda3df0cef633db,d5376446b6accee5dd2d346f2d3050f9d8a69af1,c7548aa09468726af4cfdd0959912467784de4a076786913ada9f0f21b68f60d,success,566,2,462d1cfea5f79e6ab1b359c8e3fc074e24869ba6f997c6e4ddda3df0cef633db,d75048347613a25d77de8cf6412eaae9fa7b26be,84d6d338b4cf63f0ed3c990a0ce748d32d1d2965c072f4645accaa71af3888c0,success,529,2,462d1cfea5f79e6ab1b359c8e3fc074e24869ba6f997c6e4ddda3df0cef633db,f2f1202b1bdeb07342385c3f807f9c07cd8f5cf8,93316a86051c359748c5d5453e7660c69a21a57cfb477892f95f539e3e171196,0.4677222669124603,0.022801732644438744,0.16971124708652496,0.0003945846692658961,0.17604370415210724,5.6854421927710064e-05,0.0057869068114086986,0.0003306383077870123,0.08031893149018288,0.011627275962382555,0.004164456680882722,0.019196389708667994,0.0011516176746226847,0.24251145869493484,0.47250548005104065,0.02157245483249426,0.002403823076747358,0.006749519379809499,0.003304782905615866,0.002269130200147629,0.04225844889879227,0.28619512915611267,0.04984452575445175,0.00376134947873652,0.0013595337513834238,0.0009404900774825364,0.0010275785461999476,0.0004322636523284018,0.0011291224509477615,0.0016640633693896234,0.00045285996748134494,0.002130034496076405,0.000823875074274838,0.006111537804827094,0.00044393214921001345,0.0006123783823568374,0.003001230536028743,0.0013714925153180957,0.10531159490346909,0.391056357293138,0.3976458578118755,0.21129780723264402
song_1110ad0e721685ec873afc6cc8372d1da569f6f1d519bdd799cd7c8d00631393,four-model-production-v1,ae0ebb31f09cd48b53c0988b9454fd6713459e073ae11f09782cbed75a966703,158,complete,success,189,1,f02345c2ff5aec1b1c66f7f54af0368738075f243e1b72d472680265a303279c,71a40996c1021c62d12dc004cbafa3f1c5560162,d272696293bc75d5a82cca2e624800456f734f57382cd9472b5974993ef860cc,success,222,1,ae0ebb31f09cd48b53c0988b9454fd6713459e073ae11f09782cbed75a966703,d5376446b6accee5dd2d346f2d3050f9d8a69af1,c7548aa09468726af4cfdd0959912467784de4a076786913ada9f0f21b68f60d,success,222,1,ae0ebb31f09cd48b53c0988b9454fd6713459e073ae11f09782cbed75a966703,d75048347613a25d77de8cf6412eaae9fa7b26be,84d6d338b4cf63f0ed3c990a0ce748d32d1d2965c072f4645accaa71af3888c0,success,213,1,ae0ebb31f09cd48b53c0988b9454fd6713459e073ae11f09782cbed75a966703,f2f1202b1bdeb07342385c3f807f9c07cd8f5cf8,93316a86051c359748c5d5453e7660c69a21a57cfb477892f95f539e3e171196,0.9963201284408569,0.007791742216795683,0.8159404397010803,0.9953770637512207,0.017170285806059837,1.8395307051832788e-05,0.0014082955894991755,0.00018924640608020127,0.0035514661576598883,0.0015138353919610381,0.002138001611456275,0.0011825879337266088,0.0018362218979746103,0.006040563806891441,0.058013517409563065,0.0252385176718235,0.003434292506426573,0.0008393070893362164,0.0004421514458954334,0.0020891528110951185,0.022612305358052254,0.026435483247041702,0.0031052790582180023,0.0012444319436326623,0.0007114536711014807,0.001042475807480514,0.00026617900584824383,0.0006043262546882033,0.001405285787768662,0.0010104129323735833,0.0006097008590586483,0.003958837129175663,0.0004389771493151784,0.017721036449074745,0.0007986854179762304,0.0005452577024698257,0.007183557841926813,0.0006891358643770218,0.9029713869094849,0.2566656470298767,0.5088563561439514,0.23447805643081665
song_1130d71736864e2f32c66a5784e269842b861afc685af864962777b4ea459b76,four-model-production-v1,30eaab82be73f7a7030180f2bb4f725d3abbe0335368cb84948065ffb5d38c38,183,complete,success,212,1,3bed1db55e2232a86f3c04d634ee2f02adee2a80d5d520c61daa4a145a8e1a46,71a40996c1021c62d12dc004cbafa3f1c5560162,d272696293bc75d5a82cca2e624800456f734f57382cd9472b5974993ef860cc,success,258,1,30eaab82be73f7a7030180f2bb4f725d3abbe0335368cb84948065ffb5d38c38,d5376446b6accee5dd2d346f2d3050f9d8a69af1,c7548aa09468726af4cfdd0959912467784de4a076786913ada9f0f21b68f60d,success,258,1,30eaab82be73f7a7030180f2bb4f725d3abbe0335368cb84948065ffb5d38c38,d75048347613a25d77de8cf6412eaae9fa7b26be,84d6d338b4cf63f0ed3c990a0ce748d32d1d2965c072f4645accaa71af3888c0,success,249,1,30eaab82be73f7a7030180f2bb4f725d3abbe0335368cb84948065ffb5d38c38,f2f1202b1bdeb07342385c3f807f9c07cd8f5cf8,93316a86051c359748c5d5453e7660c69a21a57cfb477892f95f539e3e171196,0.9967592358589172,0.006690201349556446,0.016056561842560768,0.006654628086835146,0.0027452921494841576,2.2320900825434364e-05,0.00031341679277829826,8.066223381320015e-05,0.0007293514208868146,0.0004422359634190798,0.00026098519447259605,0.03186824172735214,0.0011684746714308858,0.0020750742405653,0.00491625489667058,0.2959122359752655,0.5276656150817871,0.0010577302891761065,0.0011116110254079103,0.007793003227561712,0.002036910504102707,0.004302528686821461,0.0006988108507357538,0.00041162496199831367,0.010825942270457745,0.0024307069834321737,0.002540076617151499,0.0012139318278059363,0.04222797974944115,0.11464329808950424,0.002611808944493532,0.04359558969736099,0.004230184946209192,0.007018405012786388,0.013211366720497608,0.0012920702574774623,0.002970861503854394,0.0004976997734047472,0.22042728960514069,0.21775399148464203,0.4428054690361023,0.3394404649734497
song_117729f1bc413e31e8149049b7309c6ccf166f72419ae410a62c847ad8a70059,four-model-production-v1,825de1ff69e1292c55dbe6f39a4300c80ca70f5b14e9e5f1b4ef46b743b49132,110,complete,success,111,1,ab979b3b1515446c6ad5f0b27ffa8966cd64aa59c523a04b9a1be1c1cc1d8d4b,71a40996c1021c62d12dc004cbafa3f1c5560162,d272696293bc75d5a82cca2e624800456f734f57382cd9472b5974993ef860cc,success,144,1,825de1ff69e1292c55dbe6f39a4300c80ca70f5b14e9e5f1b4ef46b743b49132,d5376446b6accee5dd2d346f2d3050f9d8a69af1,c7548aa09468726af4cfdd0959912467784de4a076786913ada9f0f21b68f60d,success,144,1,825de1ff69e1292c55dbe6f39a4300c80ca70f5b14e9e5f1b4ef46b743b49132,d75048347613a25d77de8cf6412eaae9fa7b26be,84d6d338b4cf63f0ed3c990a0ce748d32d1d2965c072f4645accaa71af3888c0,success,128,1,825de1ff69e1292c55dbe6f39a4300c80ca70f5b14e9e5f1b4ef46b743b49132,f2f1202b1bdeb07342385c3f807f9c07cd8f5cf8,93316a86051c359748c5d5453e7660c69a21a57cfb477892f95f539e3e171196,0.009646225720643997,0.1291998028755188,0.003821759717538953,0.006746992934495211,0.012670383788645267,6.295099865383236e-06,0.0006284164846874774,0.0003515691205393523,0.002043875167146325,0.000335822522174567,0.00011214327969355509,0.003758861916139722,0.002365717664361,0.002575856866315007,0.006750419270247221,0.006368767470121384,0.004704845603555441,0.07446952164173126,0.6976317167282104,0.0042738658376038074,0.0067649465054273605,0.0028345088940113783,0.0010661392007023096,0.0012846506433561444,0.011101008392870426,0.005019159056246281,0.000379284581867978,0.0009368325117975473,0.002740446710959077,0.004517715889960527,0.002600767184048891,0.012894022278487682,0.00013125676196068525,0.007126970682293177,0.0004967804998159409,0.0011753012659028172,0.004593078978359699,0.07869752496480942,0.24108187854290009,0.30817288160324097,0.518848717212677,0.17297843098640442
song_11fde80db739a6f64d0a9d9b691cf7b6526c1ba2e830f676d5e4a336c17c9df8,four-model-production-v1,b64e0458bcdb43dd03961b4227afe5e5b6b77ffe3258c294aac2450c685a7536,268,complete,success,276,1,27350709d5675715262be75005ed5172f39f11273408f0d6053c04eee6ca94ae,71a40996c1021c62d12dc004cbafa3f1c5560162,d272696293bc75d5a82cca2e624800456f734f57382cd9472b5974993ef860cc,success,349,1,b64e0458bcdb43dd03961b4227afe5e5b6b77ffe3258c294aac2450c685a7536,d5376446b6accee5dd2d346f2d3050f9d8a69af1,c7548aa09468726af4cfdd0959912467784de4a076786913ada9f0f21b68f60d,success,349,1,b64e0458bcdb43dd03961b4227afe5e5b6b77ffe3258c294aac2450c685a7536,d75048347613a25d77de8cf6412eaae9fa7b26be,84d6d338b4cf63f0ed3c990a0ce748d32d1d2965c072f4645accaa71af3888c0,success,328,1,b64e0458bcdb43dd03961b4227afe5e5b6b77ffe3258c294aac2450c685a7536,f2f1202b1bdeb07342385c3f807f9c07cd8f5cf8,93316a86051c359748c5d5453e7660c69a21a57cfb477892f95f539e3e171196,0.9958606362342834,0.0031637498177587986,0.06299184262752533,0.009899474680423737,0.6942803263664246,0.0008735090959817171,0.0250992551445961,0.38061538338661194,0.03974463790655136,0.01623241975903511,0.005269663408398628,0.0012585105141624808,0.0032572855707257986,0.00508482800796628,0.02117946930229664,0.01040719449520111,0.0025503714568912983,0.008750325068831444,0.021666312590241432,0.0016308516496792436,0.0027645574882626534,0.002644518855959177,0.0019275012891739607,0.0008543728035874665,0.002463594079017639,0.0011377556947991252,0.00018182938219979405,0.0003341138653922826,0.001571433967910707,0.0008076721569523215,0.0005081717390567064,0.0024893982335925102,0.00019068658002652228,0.004845724906772375,0.0002973236842080951,0.000270617165369913,0.0013764381874352694,0.0020621821749955416,0.9439800381660461,0.239181250333786,0.45161354541778564,0.30920514464378357
song_120331d2247754424d30484b3670c2d5c1ce827e7072814177b00993de5c5d32,four-model-production-v1,f945a430a894028fda2ebbe7467094a60bdc688b4cdd58844ebf4c6ab7df8e83,133,complete,success,138,1,4b32e871db7ba4b6a7eddb198d812df3e03c755e72585809504cca3c39b5250f,71a40996c1021c62d12dc004cbafa3f1c5560162,d272696293bc75d5a82cca2e624800456f734f57382cd9472b5974993ef860cc,success,183,1,f945a430a894028fda2ebbe7467094a60bdc688b4cdd58844ebf4c6ab7df8e83,d5376446b6accee5dd2d346f2d3050f9d8a69af1,c7548aa09468726af4cfdd0959912467784de4a076786913ada9f0f21b68f60d,success,183,1,f945a430a894028fda2ebbe7467094a60bdc688b4cdd58844ebf4c6ab7df8e83,d75048347613a25d77de8cf6412eaae9fa7b26be,84d6d338b4cf63f0ed3c990a0ce748d32d1d2965c072f4645accaa71af3888c0,success,160,1,f945a430a894028fda2ebbe7467094a60bdc688b4cdd58844ebf4c6ab7df8e83,f2f1202b1bdeb07342385c3f807f9c07cd8f5cf8,93316a86051c359748c5d5453e7660c69a21a57cfb477892f95f539e3e171196,0.002279534237459302,0.009002335369586945,0.007268315181136131,0.011329008266329765,0.0007070693536661565,4.388384695630521e-06,6.621024658670649e-05,3.290610766271129e-05,0.00023145547311287373,0.00013876428420189768,3.9671791455475613e-05,0.0023668974172323942,0.0016668075695633888,0.0009949194500222802,0.00747791538015008,0.019257232546806335,0.013811669312417507,0.0011095047229900956,0.000699028663802892,0.09485488384962082,0.02875887043774128,0.006891925353556871,0.0012109183007851243,0.0006468607462011278,0.0028009696397930384,0.0035389941185712814,0.0015359078533947468,0.0012909404467791319,0.007085268851369619,0.0014178588753566146,0.0032449362333863974,0.2768534719944,0.001385762239806354,0.01406619232147932,0.003244236344471574,0.002574186073616147,0.017802154645323753,0.0009551210678182542,0.5407466292381287,0.31283804774284363,0.3887191116809845,0.29844287037849426
song_12e5afc3faa7419560ec277fc93b2f9c2313f0d785af09170a1f2f2f60c5fa8e,four-model-production-v1,1ccbc52d9cc7453c36f90888feb17cbcdab6b94765dcabbdb4b7fc12da846469,429,complete,success,500,1,109e63c066aee4d1d28dcba094fc6da1e09b0fffe2e735073e4dca2e1bbc56ad,71a40996c1021c62d12dc004cbafa3f1c5560162,d272696293bc75d5a82cca2e624800456f734f57382cd9472b5974993ef860cc,success,862,2,1ccbc52d9cc7453c36f90888feb17cbcdab6b94765dcabbdb4b7fc12da846469,d5376446b6accee5dd2d346f2d3050f9d8a69af1,c7548aa09468726af4cfdd0959912467784de4a076786913ada9f0f21b68f60d,success,862,2,1ccbc52d9cc7453c36f90888feb17cbcdab6b94765dcabbdb4b7fc12da846469,d75048347613a25d77de8cf6412eaae9fa7b26be,84d6d338b4cf63f0ed3c990a0ce748d32d1d2965c072f4645accaa71af3888c0,success,869,2,1ccbc52d9cc7453c36f90888feb17cbcdab6b94765dcabbdb4b7fc12da846469,f2f1202b1bdeb07342385c3f807f9c07cd8f5cf8,93316a86051c359748c5d5453e7660c69a21a57cfb477892f95f539e3e171196,0.9977320432662964,0.04961330071091652,0.9973157048225403,0.9834625720977783,0.9538676738739014,0.025995939038693905,0.8983637392520905,0.0056441641645506024,0.1902320720255375,0.00779873295687139,0.44429581239819527,0.0027813860797323287,0.0074620358645915985,0.011521876323968172,0.04617314715869725,0.03576739365234971,0.0039995769038796425,0.0011013333860319108,0.0011309305264148861,0.0025551404105499387,0.007594779250212014,0.004956112592481077,0.005237423232756555,0.0013007780944462866,0.009219145635142922,0.001333172433078289,0.0002942883729701862,0.0006214136083144695,0.031151378876529634,0.002800314745400101,0.0009161258931271732,0.002801198046654463,0.0008329324482474476,0.009983047842979431,0.0015986987855285406,0.0004496440524235368,0.006202731630764902,0.0008331859426107258,0.871900200843811,0.26195157654540585,0.4455997291930937,0.29244870914551413
song_135e7438aaef177afce073c2af4f316d524a74e7e8848905f85e853f7173573d,four-model-production-v1,01fb4d8e7b61911e57064bccce6b5b4be008be109766ccf3564d5779d234bec4,600,complete,success,616,1,31a235448550a9a7941f8982e83694682b94489dbfe9c12d7b7c8fd3bf3a303f,71a40996c1021c62d12dc004cbafa3f1c5560162,d272696293bc75d5a82cca2e624800456f734f57382cd9472b5974993ef860cc,success,776,2,01fb4d8e7b61911e57064bccce6b5b4be008be109766ccf3564d5779d234bec4,d5376446b6accee5dd2d346f2d3050f9d8a69af1,c7548aa09468726af4cfdd0959912467784de4a076786913ada9f0f21b68f60d,success,776,2,01fb4d8e7b61911e57064bccce6b5b4be008be109766ccf3564d5779d234bec4,d75048347613a25d77de8cf6412eaae9fa7b26be,84d6d338b4cf63f0ed3c990a0ce748d32d1d2965c072f4645accaa71af3888c0,success,724,2,01fb4d8e7b61911e57064bccce6b5b4be008be109766ccf3564d5779d234bec4,f2f1202b1bdeb07342385c3f807f9c07cd8f5cf8,93316a86051c359748c5d5453e7660c69a21a57cfb477892f95f539e3e171196,0.9976061582565308,0.005067072808742523,0.25759637355804443,0.0044865356758236885,0.19402962550520897,0.0005951459388597868,0.04008966591209173,0.0017428003484383225,0.007287952583283186,0.0022494522272609174,0.21636358462274075,0.04592712223529816,0.0026290006935596466,0.002044095250312239,0.003731636214070022,0.06807565130293369,0.0040190075524151325,0.001558007497806102,0.0012560902396216989,0.0045891329646110535,0.0020626766490750015,0.0023504619020968676,0.0012645634124055505,0.00040205655386671424,0.01082884892821312,0.0006600068882107735,0.0009682329255156219,0.0002894056378863752,0.024314734153449535,0.8398602306842804,0.00041654751112218946,0.005097548011690378,0.0008239972230512649,0.00585979875177145,0.0006617250037379563,0.0005331625725375488,0.0012781446566805243,0.0013900624471716583,0.12549761310219765,0.2083316072821617,0.4712637811899185,0.3204045742750168
song_1412311414a73f8a8432337045a7f785b4dab467abd618d008b2ae0948df2b24,four-model-production-v1,c3e9036e09adee353d2fb23239719248a5f4c21960e04cae22e272ef77120a87,340,complete,success,364,1,451d264a0a153caaeb9406c1e63d8dd589d0199b7085271a2c42b5d1acc726e8,71a40996c1021c62d12dc004cbafa3f1c5560162,d272696293bc75d5a82cca2e624800456f734f57382cd9472b5974993ef860cc,success,489,1,c3e9036e09adee353d2fb23239719248a5f4c21960e04cae22e272ef77120a87,d5376446b6accee5dd2d346f2d3050f9d8a69af1,c7548aa09468726af4cfdd0959912467784de4a076786913ada9f0f21b68f60d,success,489,1,c3e9036e09adee353d2fb23239719248a5f4c21960e04cae22e272ef77120a87,d75048347613a25d77de8cf6412eaae9fa7b26be,84d6d338b4cf63f0ed3c990a0ce748d32d1d2965c072f4645accaa71af3888c0,success,474,1,c3e9036e09adee353d2fb23239719248a5f4c21960e04cae22e272ef77120a87,f2f1202b1bdeb07342385c3f807f9c07cd8f5cf8,93316a86051c359748c5d5453e7660c69a21a57cfb477892f95f539e3e171196,0.009760149754583836,0.004467803053557873,0.007540689781308174,0.0028232168406248093,0.019690465182065964,3.214107346138917e-05,0.0027971018571406603,0.00016568168939556926,0.0008963093277998269,0.00046262628166005015,0.0021520466543734074,0.0015905889449641109,0.0008264800417236984,0.005793807562440634,0.01305412594228983,0.00977512076497078,0.00916333869099617,0.04164957255125046,0.3628847599029541,0.10788765549659729,0.02188398316502571,0.006248926743865013,0.0019840325694531202,0.0011204674374312162,0.0057254997082054615,0.003736009355634451,0.0002473198692314327,0.0014305924996733665,0.0016660253750160336,0.0576208233833313,0.002946155611425638,0.010674256831407547,0.00013872855925001204,0.005034885834902525,0.0004115533665753901,0.003306169295683503,0.02312653325498104,0.007210897281765938,0.3023293614387512,0.2743760943412781,0.4239852726459503,0.30163857340812683
song_16908002829a856192b2e3b24d6c58c39106117ffcc515d050022040305006b9,four-model-production-v1,fafec8a70cfa786877db3a346949df496f8c17f41958ede6fc08361d199966c5,866,complete,success,934,1,abbb33558926c57cb7f146fb30e622175caab6d5e18a4cbc1d58ed4e3fb5243a,71a40996c1021c62d12dc004cbafa3f1c5560162,d272696293bc75d5a82cca2e624800456f734f57382cd9472b5974993ef860cc,success,1187,3,fafec8a70cfa786877db3a346949df496f8c17f41958ede6fc08361d199966c5,d5376446b6accee5dd2d346f2d3050f9d8a69af1,c7548aa09468726af4cfdd0959912467784de4a076786913ada9f0f21b68f60d,success,1187,3,fafec8a70cfa786877db3a346949df496f8c17f41958ede6fc08361d199966c5,d75048347613a25d77de8cf6412eaae9fa7b26be,84d6d338b4cf63f0ed3c990a0ce748d32d1d2965c072f4645accaa71af3888c0,success,1151,3,fafec8a70cfa786877db3a346949df496f8c17f41958ede6fc08361d199966c5,f2f1202b1bdeb07342385c3f807f9c07cd8f5cf8,93316a86051c359748c5d5453e7660c69a21a57cfb477892f95f539e3e171196,0.9967769980430603,0.9987896084785461,0.7278286218643188,0.19504083693027496,0.12986012367279015,0.00021767482352977058,0.054035818455356356,0.0011741747368759104,0.01333815050872377,0.002664399433923413,0.038252787924432076,0.15036793119684427,0.0030692320045557662,0.001724465712496937,0.004144541158363625,0.09854042262667452,0.006062260248306778,0.002659231317233492,0.013977406899544404,0.010797259677123049,0.0029019690643432654,0.001955409899900064,0.0008704778294038991,0.0003432397714809365,0.033175923344510486,0.0006563009142251128,0.00040737939799414744,0.00038833896653148447,0.034345077269137055,0.45349573377259356,0.0004605117024512131,0.013894032035729116,0.001252451083176042,0.004043734621055731,0.000820973148993542,0.0003371896865999714,0.0018332496195895835,0.0020338099981636977,0.29011722280005997,0.24954828241925775,0.409044311447417,0.34140738627374123
song_179feb8a79929d69156bfaf7c8ed48a7d01d17db6762f40e1d540507cc4f76e6,four-model-production-v1,91de81a8c96dfb3a9f7e59c48337c7869766e31704c97c08960861fd4ca830a9,611,complete,success,722,1,01ebf9682aa48316e239e76842de1b9ff22adb65ea396e17bfd428a911ca0e2c,71a40996c1021c62d12dc004cbafa3f1c5560162,d272696293bc75d5a82cca2e624800456f734f57382cd9472b5974993ef860cc,success,951,2,91de81a8c96dfb3a9f7e59c48337c7869766e31704c97c08960861fd4ca830a9,d5376446b6accee5dd2d346f2d3050f9d8a69af1,c7548aa09468726af4cfdd0959912467784de4a076786913ada9f0f21b68f60d,success,951,2,91de81a8c96dfb3a9f7e59c48337c7869766e31704c97c08960861fd4ca830a9,d75048347613a25d77de8cf6412eaae9fa7b26be,84d6d338b4cf63f0ed3c990a0ce748d32d1d2965c072f4645accaa71af3888c0,success,914,2,91de81a8c96dfb3a9f7e59c48337c7869766e31704c97c08960861fd4ca830a9,f2f1202b1bdeb07342385c3f807f9c07cd8f5cf8,93316a86051c359748c5d5453e7660c69a21a57cfb477892f95f539e3e171196,0.9856747984886169,0.05327451601624489,0.9964368343353271,0.9980491399765015,0.9821945490270508,0.10952986903747174,0.9533270853174973,0.0036509874802950443,0.6929901638993705,0.2607481367807722,0.21711777492213827,0.001272332824638836,0.23700873718962276,0.08090409034810232,0.2895939458870612,0.009140271142117296,0.00166525217211393,0.0013890625551767983,0.0013724503439232181,0.0017902432753852365,0.02754855564904138,0.01714709855334052,0.026505854354875572,0.0055318574952872394,0.0020186593538183487,0.0020475242513140856,0.00025213507453829726,0.000716191501901157,0.007887607838441427,0.0007682813340788228,0.0009210730414910067,0.0029335537238377534,0.000544404435572807,0.008764066921447166,0.0005509716146586406,0.0004932825641117042,0.010115495884886989,0.0015818054947441935,0.4480680546926023,0.2704194486141205,0.4457656145095825,0.2838149219751358
song_1d68186326e359b9669b2f7c11d69a9643793fb708e6fe1003c21e5c3aa6232a,four-model-production-v1,62d433d8d0173b5391815435bc7c22c658f2aba8c3db1c6389b574c94bb1f15f,426,complete,success,460,1,bd62a784e88daccbbb39f696e81c31e2fa04c811585a1a777a016f44523057fc,71a40996c1021c62d12dc004cbafa3f1c5560162,d272696293bc75d5a82cca2e624800456f734f57382cd9472b5974993ef860cc,success,622,2,62d433d8d0173b5391815435bc7c22c658f2aba8c3db1c6389b574c94bb1f15f,d5376446b6accee5dd2d346f2d3050f9d8a69af1,c7548aa09468726af4cfdd0959912467784de4a076786913ada9f0f21b68f60d,success,622,2,62d433d8d0173b5391815435bc7c22c658f2aba8c3db1c6389b574c94bb1f15f,d75048347613a25d77de8cf6412eaae9fa7b26be,84d6d338b4cf63f0ed3c990a0ce748d32d1d2965c072f4645accaa71af3888c0,success,606,2,62d433d8d0173b5391815435bc7c22c658f2aba8c3db1c6389b574c94bb1f15f,f2f1202b1bdeb07342385c3f807f9c07cd8f5cf8,93316a86051c359748c5d5453e7660c69a21a57cfb477892f95f539e3e171196,0.7993523478507996,0.2015226185321808,0.9995755553245544,0.9944607019424438,0.6483748257160187,0.0015862081199884415,0.43308958411216736,0.0019416658324189484,0.17860906571149826,0.08818119764328003,0.0038666187901981175,0.0013249730109237134,0.005103652598336339,0.009482257242780179,0.043536766432225704,0.013224476482719183,0.0012275691260583699,0.006132126611191779,0.034998662100406364,0.0025990442372858524,0.004814043175429106,0.0027061564032919705,0.0038215522072277963,0.0016462458879686892,0.026181330264080316,0.001473837357480079,0.00037071117549203336,0.00042963080340996385,0.009193132747896016,0.001326647528912872,0.0008490127365803346,0.0028281243285164237,0.00042352617310825735,0.007088875863701105,0.0006921251479070634,0.0003856240655295551,0.0022431918187066913,0.006209465849678963,0.8255486190319061,0.20584697276353836,0.4778647720813751,0.31628818809986115
song_1e523b8a34f3b5d309a467bfc9d134b74834090161cbaf0a73603f782ea9ee29,four-model-production-v1,e81e5109ddba6a6d1bbb479fe029692e6978f3d5d74fbe34b01467822f38d947,338,complete,success,357,1,160175414240e1b4176c2c4ee04cda648462e9ee86028061e9a9633d692ef698,71a40996c1021c62d12dc004cbafa3f1c5560162,d272696293bc75d5a82cca2e624800456f734f57382cd9472b5974993ef860cc,success,425,1,e81e5109ddba6a6d1bbb479fe029692e6978f3d5d74fbe34b01467822f38d947,d5376446b6accee5dd2d346f2d3050f9d8a69af1,c7548aa09468726af4cfdd0959912467784de4a076786913ada9f0f21b68f60d,success,425,1,e81e5109ddba6a6d1bbb479fe029692e6978f3d5d74fbe34b01467822f38d947,d75048347613a25d77de8cf6412eaae9fa7b26be,84d6d338b4cf63f0ed3c990a0ce748d32d1d2965c072f4645accaa71af3888c0,success,417,1,e81e5109ddba6a6d1bbb479fe029692e6978f3d5d74fbe34b01467822f38d947,f2f1202b1bdeb07342385c3f807f9c07cd8f5cf8,93316a86051c359748c5d5453e7660c69a21a57cfb477892f95f539e3e171196,0.8631563186645508,0.015829427167773247,0.027564747259020805,0.0006107707158662379,0.06264826655387878,3.107327574980445e-05,0.002424438949674368,0.013157478533685207,0.002291050273925066,0.0006475831032730639,0.000496867869514972,0.002918922109529376,0.004235147498548031,0.007876774296164513,0.012267802841961384,0.0250130333006382,0.05308210849761963,0.04310279339551926,0.19636298716068268,0.02581130713224411,0.04268008470535278,0.01721343770623207,0.004261341877281666,0.018383322283625603,0.0026595601812005043,0.005648236256092787,0.0038784551434218884,0.008685443550348282,0.0033496750984340906,0.008043213747441769,0.009901601821184158,0.03788001835346222,0.0005623131874017417,0.015822988003492355,0.0022825836203992367,0.8024336695671082,0.2875800132751465,0.0032019398640841246,0.025801805779337883,0.4153466820716858,0.374370276927948,0.2102830559015274
song_1f59bcb3858288796e7add8880d6482962907aa5058d20eb280e07d4e087a402,four-model-production-v1,9581bdef665e5aa9185183e81e3892ee8d4497d9f91c89b1363930c6fe706369,436,complete,success,477,1,a1ea79133d8eb0f1dc47df7d21a2fa9d35d956291a4cba7c387805c3f2c1af92,71a40996c1021c62d12dc004cbafa3f1c5560162,d272696293bc75d5a82cca2e624800456f734f57382cd9472b5974993ef860cc,success,603,2,9581bdef665e5aa9185183e81e3892ee8d4497d9f91c89b1363930c6fe706369,d5376446b6accee5dd2d346f2d3050f9d8a69af1,c7548aa09468726af4cfdd0959912467784de4a076786913ada9f0f21b68f60d,success,603,2,9581bdef665e5aa9185183e81e3892ee8d4497d9f91c89b1363930c6fe706369,d75048347613a25d77de8cf6412eaae9fa7b26be,84d6d338b4cf63f0ed3c990a0ce748d32d1d2965c072f4645accaa71af3888c0,success,586,2,9581bdef665e5aa9185183e81e3892ee8d4497d9f91c89b1363930c6fe706369,f2f1202b1bdeb07342385c3f807f9c07cd8f5cf8,93316a86051c359748c5d5453e7660c69a21a57cfb477892f95f539e3e171196,0.014524627476930618,0.002459350973367691,0.46262627840042114,0.0027754860930144787,0.017071387330518037,2.589851437868905e-05,0.006799897841590258,0.000289705357627069,0.0012709452015012626,0.0002225930496523617,0.0013285889689907877,0.0014022740169202794,0.0006696279558382471,0.011625588377304437,0.03422629007232525,0.05744458069008579,0.010044859299068625,0.010442880862647325,0.002595705012242568,0.12154600837701934,0.07118277581003965,0.1292961716102081,0.004971668502983095,0.002685072900152844,0.004590873596849998,0.003963522851671004,0.0003189613768880319,0.0024121989297972465,0.004882950375511451,0.19150350987911224,0.005346456216725445,0.0059991424005929606,0.0009123682397553639,0.04440060961577627,0.0021448297272428597,0.0037167979922503925,0.07233319829401882,0.00406904377824755,0.24948528497966369,0.2499489039182663,0.4786228835582733,0.2714282050728798
song_214d22efee01afd6925d10528d80a2c2f994a8fd4a37f100a0179fea51af725e,four-model-production-v1,6efaf81e628b8e5d134c8cfb974761c5c0ba0e2566de0327a6031420ea69d2e4,296,complete,success,335,1,2b8b41ab5d78b10598cc2a81e2d598bab70f533a33449663d64f0a1e903d867e,71a40996c1021c62d12dc004cbafa3f1c5560162,d272696293bc75d5a82cca2e624800456f734f57382cd9472b5974993ef860cc,success,404,1,6efaf81e628b8e5d134c8cfb974761c5c0ba0e2566de0327a6031420ea69d2e4,d5376446b6accee5dd2d346f2d3050f9d8a69af1,c7548aa09468726af4cfdd0959912467784de4a076786913ada9f0f21b68f60d,success,404,1,6efaf81e628b8e5d134c8cfb974761c5c0ba0e2566de0327a6031420ea69d2e4,d75048347613a25d77de8cf6412eaae9fa7b26be,84d6d338b4cf63f0ed3c990a0ce748d32d1d2965c072f4645accaa71af3888c0,success,398,1,6efaf81e628b8e5d134c8cfb974761c5c0ba0e2566de0327a6031420ea69d2e4,f2f1202b1bdeb07342385c3f807f9c07cd8f5cf8,93316a86051c359748c5d5453e7660c69a21a57cfb477892f95f539e3e171196,0.23731766641139984,0.007185577880591154,0.0041815172880887985,0.0007306088809855282,0.11381089687347412,6.523312913486734e-05,0.018954481929540634,0.0012970039388164878,0.009901073761284351,0.0007124479743652046,0.001427374198101461,0.004660192411392927,0.0005365573451854289,0.12302739173173904,0.06160881370306015,0.07965365052223206,0.2861155569553375,0.006873623467981815,0.006082512903958559,0.024668898433446884,0.009655422531068325,0.07265691459178925,0.004090299364179373,0.001144302194006741,0.0042816693894565105,0.006120172794908285,0.0009398937108926475,0.0022289028856903315,0.005826416425406933,0.44235914945602417,0.0037683218251913786,0.012769000604748726,0.0013084087986499071,0.010811164043843746,0.0019605481065809727,0.002536121988669038,0.01143698301166296,0.0011049543973058462,0.20032615959644318,0.4221911132335663,0.41436439752578735,0.1634444147348404
song_21c7c8f7417b94a8c111b2a1c7570396b0e49f3c9f7cbbdd593d6d1c03d738d9,four-model-production-v1,46156e8df294a41177a857509efd632b6c5f7f02e9c19ecdd0e030ff57a4f55b,180,complete,success,189,1,bf0f166655c1e6732a379fb0c184d674f55d91c36521264a1519e785f81593b0,71a40996c1021c62d12dc004cbafa3f1c5560162,d272696293bc75d5a82cca2e624800456f734f57382cd9472b5974993ef860cc,success,244,1,46156e8df294a41177a857509efd632b6c5f7f02e9c19ecdd0e030ff57a4f55b,d5376446b6accee5dd2d346f2d3050f9d8a69af1,c7548aa09468726af4cfdd0959912467784de4a076786913ada9f0f21b68f60d,success,244,1,46156e8df294a41177a857509efd632b6c5f7f02e9c19ecdd0e030ff57a4f55b,d75048347613a25d77de8cf6412eaae9fa7b26be,84d6d338b4cf63f0ed3c990a0ce748d32d1d2965c072f4645accaa71af3888c0,success,245,1,46156e8df294a41177a857509efd632b6c5f7f02e9c19ecdd0e030ff57a4f55b,f2f1202b1bdeb07342385c3f807f9c07cd8f5cf8,93316a86051c359748c5d5453e7660c69a21a57cfb477892f95f539e3e171196,0.019491935148835182,0.0063695828430354595,0.0020082530099898577,0.004418590106070042,0.0013235959922894835,3.962524260714417e-06,0.0001389652898069471,2.807491364364978e-05,0.0003729292657226324,9.602583304513246e-05,7.708521297900006e-05,0.06752211600542068,0.0009968882659450173,0.005613958463072777,0.00546914990991354,0.0674995556473732,0.08742590993642807,0.009090323001146317,0.017021015286445618,0.029847022145986557,0.007589341606944799,0.0067789494059979916,0.0016564021352678537,0.0006922992179170251,0.007239443250000477,0.003790472401306033,0.0033649106044322252,0.0021082928869873285,0.016576644033193588,0.9520373940467834,0.0035751350224018097,0.033383868634700775,0.0012029840145260096,0.00918592233210802,0.001543835154734552,0.005452141631394625,0.01747230440378189,0.0028277819510549307,0.01934267021715641,0.1396624594926834,0.36180752515792847,0.49853000044822693
song_23d90431f2ad7d4f8d31fc70fb9bc9aad106a4f8849752e76e878e6e017eb477,four-model-production-v1,ef47eec02090cfc129a4b05ce093981cf8f39ced5dabf10c8174f43e0123085b,137,complete,success,154,1,5db0c784bb69aa48be0ddcceed196b1ff704b8c6599d67f17007bad0f22c4159,71a40996c1021c62d12dc004cbafa3f1c5560162,d272696293bc75d5a82cca2e624800456f734f57382cd9472b5974993ef860cc,success,208,1,ef47eec02090cfc129a4b05ce093981cf8f39ced5dabf10c8174f43e0123085b,d5376446b6accee5dd2d346f2d3050f9d8a69af1,c7548aa09468726af4cfdd0959912467784de4a076786913ada9f0f21b68f60d,success,208,1,ef47eec02090cfc129a4b05ce093981cf8f39ced5dabf10c8174f43e0123085b,d75048347613a25d77de8cf6412eaae9fa7b26be,84d6d338b4cf63f0ed3c990a0ce748d32d1d2965c072f4645accaa71af3888c0,success,187,1,ef47eec02090cfc129a4b05ce093981cf8f39ced5dabf10c8174f43e0123085b,f2f1202b1bdeb07342385c3f807f9c07cd8f5cf8,93316a86051c359748c5d5453e7660c69a21a57cfb477892f95f539e3e171196,0.00755851436406374,0.9949536919593811,0.9927974343299866,0.03590836003422737,0.035999055951833725,3.194328382960521e-05,0.0011862851679325104,0.00564507395029068,0.002282430650666356,0.0018836017698049545,0.0002831459860317409,0.0036028618924319744,0.006462234538048506,0.0012343291891738772,0.004094699397683144,0.019643861800432205,0.007318987511098385,0.0026365183293819427,0.011936762370169163,0.15305578708648682,0.004365131258964539,0.002526943339034915,0.0010167669970542192,0.00047022406943142414,0.037470851093530655,0.002791798673570156,0.000629065150860697,0.0005716972518712282,0.008747736923396587,0.002524803625419736,0.0013292314251884818,0.47620466351509094,0.0007926286198198795,0.00825438927859068,0.0011195003753528,0.0009322139667347074,0.001990488963201642,0.01202305220067501,0.393709659576416,0.2866854667663574,0.42504099011421204,0.28827351331710815
song_249218b68f57a8b663a85a56fc31a2ffce59bf3a4037819cb256ba761c69aa3d,four-model-production-v1,507b7015a896d75078cfb3873eb959913f2ab0a2f0c3891f458c4f43ab43cbdc,245,complete,success,255,1,a9c629bd742b4dfc006e2de4e2f68fb445803905bcb48de40d3621bc48368d3f,71a40996c1021c62d12dc004cbafa3f1c5560162,d272696293bc75d5a82cca2e624800456f734f57382cd9472b5974993ef860cc,success,339,1,507b7015a896d75078cfb3873eb959913f2ab0a2f0c3891f458c4f43ab43cbdc,d5376446b6accee5dd2d346f2d3050f9d8a69af1,c7548aa09468726af4cfdd0959912467784de4a076786913ada9f0f21b68f60d,success,339,1,507b7015a896d75078cfb3873eb959913f2ab0a2f0c3891f458c4f43ab43cbdc,d75048347613a25d77de8cf6412eaae9fa7b26be,84d6d338b4cf63f0ed3c990a0ce748d32d1d2965c072f4645accaa71af3888c0,success,311,1,507b7015a896d75078cfb3873eb959913f2ab0a2f0c3891f458c4f43ab43cbdc,f2f1202b1bdeb07342385c3f807f9c07cd8f5cf8,93316a86051c359748c5d5453e7660c69a21a57cfb477892f95f539e3e171196,0.9357287287712097,0.0032722577452659607,0.003917104098945856,0.0020508167799562216,0.010014965198934078,9.139508620137349e-06,0.001136676175519824,0.00023318277089856565,0.001766638713888824,0.00024743308313190937,0.0001702692243270576,0.0017760220216587186,0.0954933762550354,0.005257005803287029,0.07032953202724457,0.021565744653344154,0.002820553258061409,0.3981422781944275,0.024411430582404137,0.021482359617948532,0.06372582167387009,0.020853370428085327,0.004757145885378122,0.007087107747793198,0.006777530070394278,0.0043065426871180534,0.00023141331621445715,0.0016960049979388714,0.03549462556838989,0.0033075993414968252,0.02359388768672943,0.00958795566111803,0.000888800248503685,0.07870082557201385,0.003454275196418166,0.00309205474331975,0.022502370178699493,0.007547423709183931,0.13591738045215607,0.25438785552978516,0.46392524242401123,0.2816869020462036
song_2a152a848f4917084d006e080ecbb3c882aeafefc1a851978231c794e8f12e5a,four-model-production-v1,87d75fbc73517d65e07cff554ecd37683973602a26d9dfb0026c6235f55b7946,485,complete,success,570,1,49fac7f071960718423328eaf157eb0243b12cf3b9fb180c34d7d54841550fcf,71a40996c1021c62d12dc004cbafa3f1c5560162,d272696293bc75d5a82cca2e624800456f734f57382cd9472b5974993ef860cc,success,785,2,87d75fbc73517d65e07cff554ecd37683973602a26d9dfb0026c6235f55b7946,d5376446b6accee5dd2d346f2d3050f9d8a69af1,c7548aa09468726af4cfdd0959912467784de4a076786913ada9f0f21b68f60d,success,785,2,87d75fbc73517d65e07cff554ecd37683973602a26d9dfb0026c6235f55b7946,d75048347613a25d77de8cf6412eaae9fa7b26be,84d6d338b4cf63f0ed3c990a0ce748d32d1d2965c072f4645accaa71af3888c0,success,746,2,87d75fbc73517d65e07cff554ecd37683973602a26d9dfb0026c6235f55b7946,f2f1202b1bdeb07342385c3f807f9c07cd8f5cf8,93316a86051c359748c5d5453e7660c69a21a57cfb477892f95f539e3e171196,0.9982807636260986,0.006396473851054907,0.055126044899225235,0.00883035734295845,0.17889458923808232,0.0005022319852611588,0.05399732881768423,0.0005047280068144463,0.005749953870667489,0.0014988311039948255,0.24789011435669248,0.0062371649625147605,0.0017222135398940297,0.002337537683801619,0.00494019809196804,0.1740389839099471,0.021496984811060747,0.003435120299743239,0.0297490778574898,0.02930999111123146,0.0012922362201983572,0.0019421992283670385,0.0008660569219037321,0.00022802470894426607,0.02794189376720957,0.0010158377550512695,0.0004664236744925095,0.00034770868621487763,0.010219233288506793,0.3239523342994463,0.0007066117596640518,0.01288163234734801,0.0005038063402975773,0.004935767316514519,0.001000157197504334,0.0004921186168509043,0.0013885458174998024,0.0011979926691930386,0.4101375653485584,0.1680668666958809,0.4537835121154785,0.3781495690345764
song_2a783aa21125846631c321e170948f1689071a051714cf6e57c7cfb4ba6c8b89,four-model-production-v1,4617af1916d56fb2180a8f53de20c100c72d5d51b2acaff355aef37bb94cb74c,252,complete,success,271,1,f30037f1f9ada66758d8fa19c6c2c948ea190537a966ef8f0f355245771b02d0,71a40996c1021c62d12dc004cbafa3f1c5560162,d272696293bc75d5a82cca2e624800456f734f57382cd9472b5974993ef860cc,success,416,1,4617af1916d56fb2180a8f53de20c100c72d5d51b2acaff355aef37bb94cb74c,d5376446b6accee5dd2d346f2d3050f9d8a69af1,c7548aa09468726af4cfdd0959912467784de4a076786913ada9f0f21b68f60d,success,416,1,4617af1916d56fb2180a8f53de20c100c72d5d51b2acaff355aef37bb94cb74c,d75048347613a25d77de8cf6412eaae9fa7b26be,84d6d338b4cf63f0ed3c990a0ce748d32d1d2965c072f4645accaa71af3888c0,success,391,1,4617af1916d56fb2180a8f53de20c100c72d5d51b2acaff355aef37bb94cb74c,f2f1202b1bdeb07342385c3f807f9c07cd8f5cf8,93316a86051c359748c5d5453e7660c69a21a57cfb477892f95f539e3e171196,0.9951528310775757,0.003524253610521555,0.619537353515625,0.0033059804700315,0.03438269719481468,0.0001133454279624857,0.01320420578122139,0.00041376156150363386,0.0033348205033689737,0.001383091090247035,0.010849886573851109,0.016544600948691368,0.0007815049611963332,0.004846610128879547,0.006964316591620445,0.15795163810253143,0.3530939817428589,0.003816357348114252,0.015179899521172047,0.03481853008270264,0.0026211566291749477,0.006853400729596615,0.0009642664808779955,0.0004092439485248178,0.01686239056289196,0.0026418413035571575,0.0011145146563649178,0.0010079483035951853,0.02361978404223919,0.6610280871391296,0.0030545261688530445,0.019496582448482513,0.0012338520027697086,0.004575520753860474,0.0029479407239705324,0.0016353062819689512,0.0034853429533541203,0.0008612312958575785,0.15347477793693542,0.20496037602424622,0.4348162114620209,0.3602234721183777
song_2d1e136f70b14cbd83c69d01eb86a415f2edaab314e912aa55ae921ce76f9873,four-model-production-v1,57f627b67ea3bce2bf8d4edede06321117ebe3d73f08f49bc170ef45a0eef517,272,complete,success,291,1,ca22748a80f03c0235ba9a07e29bf0d69c751437753dd65031cb6930b6f7dfdf,71a40996c1021c62d12dc004cbafa3f1c5560162,d272696293bc75d5a82cca2e624800456f734f57382cd9472b5974993ef860cc,success,384,1,57f627b67ea3bce2bf8d4edede06321117ebe3d73f08f49bc170ef45a0eef517,d5376446b6accee5dd2d346f2d3050f9d8a69af1,c7548aa09468726af4cfdd0959912467784de4a076786913ada9f0f21b68f60d,success,384,1,57f627b67ea3bce2bf8d4edede06321117ebe3d73f08f49bc170ef45a0eef517,d75048347613a25d77de8cf6412eaae9fa7b26be,84d6d338b4cf63f0ed3c990a0ce748d32d1d2965c072f4645accaa71af3888c0,success,361,1,57f627b67ea3bce2bf8d4edede06321117ebe3d73f08f49bc170ef45a0eef517,f2f1202b1bdeb07342385c3f807f9c07cd8f5cf8,93316a86051c359748c5d5453e7660c69a21a57cfb477892f95f539e3e171196,0.014811728149652481,0.006694994401186705,0.0038470143917948008,0.002740322845056653,0.5663421750068665,0.00028116715839132667,0.1791931539773941,0.00024822985869832337,0.3480450510978699,0.001346544362604618,0.002744948724284768,0.0013612637994810939,0.0011791122378781438,0.004732913337647915,0.01504652202129364,0.01945202797651291,0.03889437019824982,0.0008857693755999207,0.0016657827654853463,0.20673467218875885,0.008861511945724487,0.006751225329935551,0.0027506472542881966,0.0007982833194546402,0.0019286171300336719,0.00151967687997967,0.00092945626238361,0.001277392846532166,0.003047413192689419,0.012935294769704342,0.0010906013194471598,0.009349568746984005,0.0005635364796034992,0.005558100063353777,0.0009425688767805696,0.003375271102413535,0.017088593915104866,0.0004073901509400457,0.7203433513641357,0.26998209953308105,0.44681859016418457,0.2831992208957672
song_2f2e2e33ff00857bf87196f06b1edcad41ac31b6bf4f2b322bcb169c7c18c6cb,four-model-production-v1,123856af95255b1a6c92568f01462152c1c87bbd96b9bf6d4452204215eea68f,210,complete,success,221,1,8032ea2c0170394c75a53f172722671bfe74c616eb892ba86b0daa045d8003b9,71a40996c1021c62d12dc004cbafa3f1c5560162,d272696293bc75d5a82cca2e624800456f734f57382cd9472b5974993ef860cc,success,297,1,123856af95255b1a6c92568f01462152c1c87bbd96b9bf6d4452204215eea68f,d5376446b6accee5dd2d346f2d3050f9d8a69af1,c7548aa09468726af4cfdd0959912467784de4a076786913ada9f0f21b68f60d,success,297,1,123856af95255b1a6c92568f01462152c1c87bbd96b9bf6d4452204215eea68f,d75048347613a25d77de8cf6412eaae9fa7b26be,84d6d338b4cf63f0ed3c990a0ce748d32d1d2965c072f4645accaa71af3888c0,success,282,1,123856af95255b1a6c92568f01462152c1c87bbd96b9bf6d4452204215eea68f,f2f1202b1bdeb07342385c3f807f9c07cd8f5cf8,93316a86051c359748c5d5453e7660c69a21a57cfb477892f95f539e3e171196,0.9941304326057434,0.007658558432012796,0.008909492753446102,0.0035953770857304335,0.011160614900290966,5.456398503156379e-05,0.0011565693421289325,0.00018702562374528497,0.0015198984183371067,0.0020103000570088625,0.00108539208304137,0.009749933145940304,0.0015750539023429155,0.005018396768718958,0.004740639589726925,0.025428466498851776,0.01753317378461361,0.0050219884142279625,0.009000038728117943,0.03725529834628105,0.0037540544290095568,0.006050999742001295,0.0016381003661081195,0.000653439958114177,0.021792827174067497,0.0028328620828688145,0.0011887912405654788,0.0007175930077210069,0.016306286677718163,0.9247103333473206,0.001664401963353157,0.015000621788203716,0.0005496837547980249,0.005441870540380478,0.0006727530853822827,0.0014971792697906494,0.004135916009545326,0.003351203864440322,0.06420934200286865,0.20320457220077515,0.4140477776527405,0.382747620344162
song_30ef708150de2342873ae91612db8d453d9c140ebfc4c161dee823d8c97e9a0c,four-model-production-v1,34ff920f2147b0cf4424547793975c9407a504860fe5f5ec7023ce38104700e2,283,complete,success,334,1,10c2d39c53ca941c0d16e1527e9ae0e18780b4806cefa06464ba735f2e6e2a42,71a40996c1021c62d12dc004cbafa3f1c5560162,d272696293bc75d5a82cca2e624800456f734f57382cd9472b5974993ef860cc,success,379,1,34ff920f2147b0cf4424547793975c9407a504860fe5f5ec7023ce38104700e2,d5376446b6accee5dd2d346f2d3050f9d8a69af1,c7548aa09468726af4cfdd0959912467784de4a076786913ada9f0f21b68f60d,success,379,1,34ff920f2147b0cf4424547793975c9407a504860fe5f5ec7023ce38104700e2,d75048347613a25d77de8cf6412eaae9fa7b26be,84d6d338b4cf63f0ed3c990a0ce748d32d1d2965c072f4645accaa71af3888c0,success,360,1,34ff920f2147b0cf4424547793975c9407a504860fe5f5ec7023ce38104700e2,f2f1202b1bdeb07342385c3f807f9c07cd8f5cf8,93316a86051c359748c5d5453e7660c69a21a57cfb477892f95f539e3e171196,0.183668851852417,0.009147497825324535,0.002153830137103796,0.0012620497727766633,0.15045621991157532,0.00014463409024756402,0.03236314281821251,0.002137288684025407,0.007348428014665842,0.0011163762537762523,0.00682872673496604,0.0016095302999019623,0.0020384329836815596,0.00977953989058733,0.03687901049852371,0.008274652995169163,0.0243274737149477,0.0023943947162479162,0.005261031910777092,0.4922362267971039,0.10468021780252457,0.010054328478872776,0.009329811669886112,0.0022953988518565893,0.003560234559699893,0.004536566324532032,0.001082079135812819,0.008729958906769753,0.005436059087514877,0.012147387489676476,0.010227728635072708,0.010275626555085182,0.0008431346504949033,0.011394073255360126,0.002287373412400484,0.01117550116032362,0.40394216775894165,0.0019592982716858387,0.14367526769638062,0.19396957755088806,0.4648215174674988,0.3412088453769684
song_316a0b9ba7277c09179f346f5f806cf819a8fc0641ac5d42b6558a4c972dc6aa,four-model-production-v1,23eedc49777f9e3075879a19c3bbed4f9a91be8a4933f3bc606ac2f5217248ef,319,complete,success,314,1,54b61e0f039fb8870b2f02d2e6d6c98e7f9773063ca5377ec91577c5e6815bbb,71a40996c1021c62d12dc004cbafa3f1c5560162,d272696293bc75d5a82cca2e624800456f734f57382cd9472b5974993ef860cc,success,482,1,23eedc49777f9e3075879a19c3bbed4f9a91be8a4933f3bc606ac2f5217248ef,d5376446b6accee5dd2d346f2d3050f9d8a69af1,c7548aa09468726af4cfdd0959912467784de4a076786913ada9f0f21b68f60d,success,482,1,23eedc49777f9e3075879a19c3bbed4f9a91be8a4933f3bc606ac2f5217248ef,d75048347613a25d77de8cf6412eaae9fa7b26be,84d6d338b4cf63f0ed3c990a0ce748d32d1d2965c072f4645accaa71af3888c0,success,467,1,23eedc49777f9e3075879a19c3bbed4f9a91be8a4933f3bc606ac2f5217248ef,f2f1202b1bdeb07342385c3f807f9c07cd8f5cf8,93316a86051c359748c5d5453e7660c69a21a57cfb477892f95f539e3e171196,0.0014629121869802475,0.07490777969360352,0.0058104488998651505,0.005736705381423235,0.010090135037899017,2.3333570425165817e-05,0.0026997081004083157,0.00032634398667141795,0.0011555005330592394,0.0004199784598313272,0.0003439811116550118,0.0026031110901385546,0.006147206760942936,0.011947670951485634,0.0625988319516182,0.0060503543354570866,0.002819729968905449,0.01963253691792488,0.04033298045396805,0.3492082357406616,0.26056963205337524,0.01299096830189228,0.018115520477294922,0.006698124576359987,0.012058572843670845,0.033850934356451035,0.0002588278439361602,0.008897240273654461,0.006244460120797157,0.0066263508051633835,0.04181142523884773,0.01139154378324747,0.0009300280944444239,0.022723490372300148,0.002098444616422057,0.004492441192269325,0.25409209728240967,0.02077496610581875,0.10910526663064957,0.30449068546295166,0.3627695143222809,0.33273980021476746
song_341d5e61c3771b2583160580b52ebf1a8e95798d167c3120383be6d5c367dcd6,four-model-production-v1,d38187f87450181baaa04b673014ad72b552e6a6b1ed0343f1a2528c50b44acc,309,complete,success,349,1,b20e7a00025f5995bb5d8d269bb83c24646c7d57d28cca30694b931360aa88fc,71a40996c1021c62d12dc004cbafa3f1c5560162,d272696293bc75d5a82cca2e624800456f734f57382cd9472b5974993ef860cc,success,508,1,d38187f87450181baaa04b673014ad72b552e6a6b1ed0343f1a2528c50b44acc,d5376446b6accee5dd2d346f2d3050f9d8a69af1,c7548aa09468726af4cfdd0959912467784de4a076786913ada9f0f21b68f60d,success,508,1,d38187f87450181baaa04b673014ad72b552e6a6b1ed0343f1a2528c50b44acc,d75048347613a25d77de8cf6412eaae9fa7b26be,84d6d338b4cf63f0ed3c990a0ce748d32d1d2965c072f4645accaa71af3888c0,success,472,1,d38187f87450181baaa04b673014ad72b552e6a6b1ed0343f1a2528c50b44acc,f2f1202b1bdeb07342385c3f807f9c07cd8f5cf8,93316a86051c359748c5d5453e7660c69a21a57cfb477892f95f539e3e171196,0.13303717970848083,0.0004991397727280855,0.03334003686904907,0.015511014498770237,0.005009927786886692,2.6819212507689372e-05,0.0010450298432260752,4.757563874591142e-05,0.000711508619133383,0.0009637181065045297,0.0009051485685631633,0.007418945897370577,0.35244855284690857,0.013887722976505756,0.02694832906126976,0.026754304766654968,0.00374476402066648,0.02741643600165844,0.1989622414112091,0.002278958447277546,0.0034701493568718433,0.010527228936553001,0.003421451896429062,0.002117607044056058,0.005688460078090429,0.001215580734424293,0.0001505593681940809,0.0005199244478717446,0.027017273008823395,0.05752190575003624,0.0008784412057138979,0.003971905913203955,0.0002711054985411465,0.0062939925119280815,0.0006723688566125929,0.0008585528121329844,0.002353871241211891,0.0017318816389888525,0.30952978134155273,0.26590368151664734,0.428729772567749,0.305366575717926
song_346bca84137dbd74e43284cf566dedc6006e063e11a233e48ad457348c6349af,four-model-production-v1,52ba5df07f5d9790c694577bea5db8269103ec5610fbf03f80a5c852b5a17896,269,complete,success,302,1,6f72bb283de7b589a9fef5a301b7c65030a388ba309f1e87692cc39501116069,71a40996c1021c62d12dc004cbafa3f1c5560162,d272696293bc75d5a82cca2e624800456f734f57382cd9472b5974993ef860cc,success,379,1,52ba5df07f5d9790c694577bea5db8269103ec5610fbf03f80a5c852b5a17896,d5376446b6accee5dd2d346f2d3050f9d8a69af1,c7548aa09468726af4cfdd0959912467784de4a076786913ada9f0f21b68f60d,success,379,1,52ba5df07f5d9790c694577bea5db8269103ec5610fbf03f80a5c852b5a17896,d75048347613a25d77de8cf6412eaae9fa7b26be,84d6d338b4cf63f0ed3c990a0ce748d32d1d2965c072f4645accaa71af3888c0,success,365,1,52ba5df07f5d9790c694577bea5db8269103ec5610fbf03f80a5c852b5a17896,f2f1202b1bdeb07342385c3f807f9c07cd8f5cf8,93316a86051c359748c5d5453e7660c69a21a57cfb477892f95f539e3e171196,0.99676114320755,0.06467487663030624,0.9973495006561279,0.013643032871186733,0.6547972559928894,0.0021271705627441406,0.5524461269378662,0.0012749108718708158,0.03943517804145813,0.0017606080509722233,0.02367597632110119,0.011237300001084805,0.001741223968565464,0.032206688076257706,0.02119239792227745,0.07796285301446915,0.0751383975148201,0.0035413708537817,0.0023161463905125856,0.09905928373336792,0.014753870666027069,0.0910298228263855,0.005356069188565016,0.0014245705679059029,0.004539418499916792,0.00294871861115098,0.0038531064055860043,0.0017383834347128868,0.011384494602680206,0.8960511088371277,0.0019456050358712673,0.07188844680786133,0.0016253561479970813,0.011145527474582195,0.001776767778210342,0.005785735324025154,0.011237772181630135,0.001233385526575148,0.034312792122364044,0.2784481644630432,0.42307934165000916,0.2984725534915924
song_34d6442d537339653898feaa82efde7ab052800a222946d57c2706fc09340503,four-model-production-v1,1521ae1783d6dc51715fa59555f1f873e7b5cdc7e178135a26f0d6cf1ea9aaf5,347,complete,success,386,1,11ee60b0cf701c89005e14a7ec990ed9d9dd677e5571d4cf1d9ca738330d2e79,71a40996c1021c62d12dc004cbafa3f1c5560162,d272696293bc75d5a82cca2e624800456f734f57382cd9472b5974993ef860cc,success,454,1,1521ae1783d6dc51715fa59555f1f873e7b5cdc7e178135a26f0d6cf1ea9aaf5,d5376446b6accee5dd2d346f2d3050f9d8a69af1,c7548aa09468726af4cfdd0959912467784de4a076786913ada9f0f21b68f60d,success,454,1,1521ae1783d6dc51715fa59555f1f873e7b5cdc7e178135a26f0d6cf1ea9aaf5,d75048347613a25d77de8cf6412eaae9fa7b26be,84d6d338b4cf63f0ed3c990a0ce748d32d1d2965c072f4645accaa71af3888c0,success,460,1,1521ae1783d6dc51715fa59555f1f873e7b5cdc7e178135a26f0d6cf1ea9aaf5,f2f1202b1bdeb07342385c3f807f9c07cd8f5cf8,93316a86051c359748c5d5453e7660c69a21a57cfb477892f95f539e3e171196,0.0036915550008416176,0.007368852384388447,0.0996868908405304,0.9924914240837097,0.0402526780962944,3.9778242353349924e-05,0.006332008633762598,0.0004899161867797375,0.005538990255445242,0.0009659279021434486,0.001058032619766891,0.007370017468929291,0.015557093545794487,0.006063051056116819,0.09907513856887817,0.014108730480074883,0.0014587700134143233,0.0014080528635531664,0.0006839923444204032,0.0011414672480896115,0.17919550836086273,0.02699631080031395,0.012652565725147724,0.012643568217754364,0.0015386597951874137,0.004828718025237322,0.00010098461643792689,0.00253633176907897,0.005916936323046684,0.001484654494561255,0.005197443533688784,0.0018139767926186323,0.0012102039763703942,0.03626865893602371,0.001870101084932685,0.0010717782424762845,0.0874408632516861,0.0019780828151851892,0.44439348578453064,0.3294091522693634,0.41262951493263245,0.25796133279800415
song_35ce7e7873a409ae1706d3313a3b256be8827fa7b204440d044e01006d777cb8,four-model-production-v1,9f0ce0233b2ed90bc98a08adb36a6aa9575b95c4c7e60b47a9ba487e5264f61f,139,complete,success,139,1,9484d51f6bb76d43b1190c9587c6c8196a7a8a0ba57415f781aac6d5daf075cc,71a40996c1021c62d12dc004cbafa3f1c5560162,d272696293bc75d5a82cca2e624800456f734f57382cd9472b5974993ef860cc,success,184,1,9f0ce0233b2ed90bc98a08adb36a6aa9575b95c4c7e60b47a9ba487e5264f61f,d5376446b6accee5dd2d346f2d3050f9d8a69af1,c7548aa09468726af4cfdd0959912467784de4a076786913ada9f0f21b68f60d,success,184,1,9f0ce0233b2ed90bc98a08adb36a6aa9575b95c4c7e60b47a9ba487e5264f61f,d75048347613a25d77de8cf6412eaae9fa7b26be,84d6d338b4cf63f0ed3c990a0ce748d32d1d2965c072f4645accaa71af3888c0,success,161,1,9f0ce0233b2ed90bc98a08adb36a6aa9575b95c4c7e60b47a9ba487e5264f61f,f2f1202b1bdeb07342385c3f807f9c07cd8f5cf8,93316a86051c359748c5d5453e7660c69a21a57cfb477892f95f539e3e171196,0.9920933842658997,0.02760530635714531,0.002342989668250084,0.006185208912938833,0.6198769807815552,0.00015818668180145323,0.0031016941647976637,0.00016165351553354412,0.4496403932571411,0.08401154726743698,0.001670229365117848,0.001176065648905933,0.002128474647179246,0.010318336077034473,0.0741034746170044,0.012429379858076572,0.004978196229785681,0.4178329408168793,0.32003387808799744,0.003927635494619608,0.15870437026023865,0.024105558171868324,0.003794423071667552,0.006251329090446234,0.002352470764890313,0.007883129641413689,0.00010982104868162423,0.0025600194931030273,0.0022900302428752184,0.0045461030676960945,0.014728405512869358,0.006844108458608389,0.00020918803056702018,0.01887635327875614,0.0008329639676958323,0.003678222419694066,0.05648444592952728,0.009004215709865093,0.2477291375398636,0.38733619451522827,0.38659998774528503,0.22606384754180908
song_38ab85ef42919e3470a0bba519d88e130e73773df3fe01aec967b66c83a71a6d,four-model-production-v1,d95423001a1c9cc0e871bda766f2b7b1b7b8734a286da1153a8ef3e19bfc308e,262,complete,success,288,1,a0a5f2dc13c4e198437ee64d71ee0d29d00fbdfbb2c3dce499de70a3c2d5eea1,71a40996c1021c62d12dc004cbafa3f1c5560162,d272696293bc75d5a82cca2e624800456f734f57382cd9472b5974993ef860cc,success,355,1,d95423001a1c9cc0e871bda766f2b7b1b7b8734a286da1153a8ef3e19bfc308e,d5376446b6accee5dd2d346f2d3050f9d8a69af1,c7548aa09468726af4cfdd0959912467784de4a076786913ada9f0f21b68f60d,success,355,1,d95423001a1c9cc0e871bda766f2b7b1b7b8734a286da1153a8ef3e19bfc308e,d75048347613a25d77de8cf6412eaae9fa7b26be,84d6d338b4cf63f0ed3c990a0ce748d32d1d2965c072f4645accaa71af3888c0,success,339,1,d95423001a1c9cc0e871bda766f2b7b1b7b8734a286da1153a8ef3e19bfc308e,f2f1202b1bdeb07342385c3f807f9c07cd8f5cf8,93316a86051c359748c5d5453e7660c69a21a57cfb477892f95f539e3e171196,0.011022559367120266,0.022182045504450798,0.0009586123051121831,0.009181908331811428,0.0016279025003314018,8.311123565363232e-06,0.00025033947895281017,6.256970664253458e-05,0.0004380199243314564,0.0003248320135753602,0.00011571591312531382,0.002917619189247489,0.0022303625009953976,0.006027734372764826,0.013705956749618053,0.009707161225378513,0.009949698112905025,0.0016104914247989655,0.001731989672407508,0.021018000319600105,0.13922303915023804,0.007839968428015709,0.005094138439744711,0.002686872147023678,0.002223336137831211,0.003538521472364664,0.001358236069791019,0.021408237516880035,0.0065604569390416145,0.0870019793510437,0.004841144196689129,0.004721866454929113,0.0006700237863697112,0.01644117385149002,0.0020408369600772858,0.02140026167035103,0.7811785936355591,0.0031963884830474854,0.17175625264644623,0.35347697138786316,0.37672343850135803,0.26979953050613403
song_3a96b875068a9d12032c2372e69e8054ed77f3ae4351d6222ca3dbd78800372c,four-model-production-v1,19524f31f0e95e96ff0717a68dd9e90ea1074cb8c1735a1ecfdb30ce6cc6e1a9,213,complete,success,226,1,b5c081b825776acb67ecaa4965ae3766ce0d43f55322c829c340e74190481083,71a40996c1021c62d12dc004cbafa3f1c5560162,d272696293bc75d5a82cca2e624800456f734f57382cd9472b5974993ef860cc,success,294,1,19524f31f0e95e96ff0717a68dd9e90ea1074cb8c1735a1ecfdb30ce6cc6e1a9,d5376446b6accee5dd2d346f2d3050f9d8a69af1,c7548aa09468726af4cfdd0959912467784de4a076786913ada9f0f21b68f60d,success,294,1,19524f31f0e95e96ff0717a68dd9e90ea1074cb8c1735a1ecfdb30ce6cc6e1a9,d75048347613a25d77de8cf6412eaae9fa7b26be,84d6d338b4cf63f0ed3c990a0ce748d32d1d2965c072f4645accaa71af3888c0,success,276,1,19524f31f0e95e96ff0717a68dd9e90ea1074cb8c1735a1ecfdb30ce6cc6e1a9,f2f1202b1bdeb07342385c3f807f9c07cd8f5cf8,93316a86051c359748c5d5453e7660c69a21a57cfb477892f95f539e3e171196,0.9838030338287354,0.007189508527517319,0.0027277895715087652,0.004282643087208271,0.013323944993317127,1.649266960157547e-05,0.0011947458842769265,0.0003144451475236565,0.0017173951491713524,0.0004033717850688845,0.0006251824670471251,0.006813624408096075,0.002398574026301503,0.015697261318564415,0.023237444460392,0.013538757339119911,0.02311699092388153,0.019195834174752235,0.041471898555755615,0.09369863569736481,0.24785228073596954,0.013354782946407795,0.008361153304576874,0.004813303239643574,0.008547594770789146,0.012337436899542809,0.0011226219357922673,0.019214173778891563,0.010079747065901756,0.7167043089866638,0.026184795424342155,0.01075065415352583,0.0007896899478510022,0.01856974884867668,0.002766827354207635,0.03046228736639023,0.6558687090873718,0.016157595440745354,0.027943968772888184,0.2220030128955841,0.4105263352394104,0.36747074127197266
song_3be80d6898e6d7126085bef1a2e577252c3acb8d6fb29059cd60aa374c032093,four-model-production-v1,b58577a84a6d3c8ca87d5d624ee4fe7dc17460b9d63fd368addbe07a7e7fc203,596,complete,success,693,1,35bdf5cffb6ad3718690d7b69df8b8e66dbc65f71387cd9e70cf0233d437a61b,71a40996c1021c62d12dc004cbafa3f1c5560162,d272696293bc75d5a82cca2e624800456f734f57382cd9472b5974993ef860cc,success,856,2,b58577a84a6d3c8ca87d5d624ee4fe7dc17460b9d63fd368addbe07a7e7fc203,d5376446b6accee5dd2d346f2d3050f9d8a69af1,c7548aa09468726af4cfdd0959912467784de4a076786913ada9f0f21b68f60d,success,856,2,b58577a84a6d3c8ca87d5d624ee4fe7dc17460b9d63fd368addbe07a7e7fc203,d75048347613a25d77de8cf6412eaae9fa7b26be,84d6d338b4cf63f0ed3c990a0ce748d32d1d2965c072f4645accaa71af3888c0,success,870,2,b58577a84a6d3c8ca87d5d624ee4fe7dc17460b9d63fd368addbe07a7e7fc203,f2f1202b1bdeb07342385c3f807f9c07cd8f5cf8,93316a86051c359748c5d5453e7660c69a21a57cfb477892f95f539e3e171196,0.21070079505443573,0.990778923034668,0.9996194839477539,0.8851210474967957,0.3746822476387024,0.0010598676890367642,0.16715549444779754,0.009783266112208366,0.08085253555327654,0.008880694629624486,0.00742895039729774,0.0011802235967479646,0.014448382542468607,0.012742575258016586,0.08661403506994247,0.011394499335438013,0.0011668875231407583,0.0073664464871399105,0.00248106534127146,0.0013184844865463674,0.0077512909192591906,0.009958407375961542,0.0032853769371286035,0.0013848497183062136,0.0023643402382731438,0.0009978012240026146,0.00019848218653351068,0.0003053120744880289,0.0027813202468678355,0.00044726098712999374,0.0004936727636959404,0.003278032294474542,0.0004239123809384182,0.00910940021276474,0.00044368205999489874,0.00022093554434832186,0.0018191724666394293,0.0016300021088682115,0.875375509262085,0.28910450637340546,0.3870853781700134,0.3238101154565811
song_3c3af25ff5690d56f5ebd59c52a0273a923d9b3511e8e0c1970e11cc7cda487c,four-model-production-v1,3a7b0a4fd3266faa4cd5f745d6080eabdfa5234ce4315621c70a385426cfdb55,242,complete,success,301,1,adba98018477b1aed7098b17b64b8098963ced9e22f8be062bc30a88add89d0b,71a40996c1021c62d12dc004cbafa3f1c5560162,d272696293bc75d5a82cca2e624800456f734f57382cd9472b5974993ef860cc,success,364,1,3a7b0a4fd3266faa4cd5f745d6080eabdfa5234ce4315621c70a385426cfdb55,d5376446b6accee5dd2d346f2d3050f9d8a69af1,c7548aa09468726af4cfdd0959912467784de4a076786913ada9f0f21b68f60d,success,364,1,3a7b0a4fd3266faa4cd5f745d6080eabdfa5234ce4315621c70a385426cfdb55,d75048347613a25d77de8cf6412eaae9fa7b26be,84d6d338b4cf63f0ed3c990a0ce748d32d1d2965c072f4645accaa71af3888c0,success,323,1,3a7b0a4fd3266faa4cd5f745d6080eabdfa5234ce4315621c70a385426cfdb55,f2f1202b1bdeb07342385c3f807f9c07cd8f5cf8,93316a86051c359748c5d5453e7660c69a21a57cfb477892f95f539e3e171196,0.7044967412948608,0.004044706933200359,0.003964039497077465,0.002567573683336377,0.0055024828761816025,1.4902339898981154e-05,0.0007849411922506988,9.157839667750522e-05,0.0007054515881463885,0.00036410687607713044,0.0004480340576265007,0.07657667994499207,0.0016966921975836158,0.006494724657386541,0.018073419108986855,0.01611865684390068,0.006501568015664816,0.0008552529034204781,0.0007973136380314827,0.013776285573840141,0.14023466408252716,0.008930852636694908,0.0051682209596037865,0.0018987237708643079,0.005189092364162207,0.0040023853071033955,0.0005102904979139566,0.008814324624836445,0.010761212557554245,0.19742919504642487,0.0037044042255729437,0.003754480741918087,0.002242268528789282,0.012988125905394554,0.001886060694232583,0.0028686230070888996,0.31654083728790283,0.003683107905089855,0.115205317735672,0.3009813129901886,0.37810012698173523,0.32091856002807617
song_4193018621671b33686f0f4a8f71a8dce155ed2550680eadcf1af84134cfd4ad,four-model-production-v1,5e7995f8030049686d1418bc1627d2a606166e98d8c2cb17339bb0288da08cf1,211,complete,success,229,1,ae7ac2515d98053a507dcb4fdb6832e7a29a028f67115435255ebf205ff881e5,71a40996c1021c62d12dc004cbafa3f1c5560162,d272696293bc75d5a82cca2e624800456f734f57382cd9472b5974993ef860cc,success,280,1,5e7995f8030049686d1418bc1627d2a606166e98d8c2cb17339bb0288da08cf1,d5376446b6accee5dd2d346f2d3050f9d8a69af1,c7548aa09468726af4cfdd0959912467784de4a076786913ada9f0f21b68f60d,success,280,1,5e7995f8030049686d1418bc1627d2a606166e98d8c2cb17339bb0288da08cf1,d75048347613a25d77de8cf6412eaae9fa7b26be,84d6d338b4cf63f0ed3c990a0ce748d32d1d2965c072f4645accaa71af3888c0,success,272,1,5e7995f8030049686d1418bc1627d2a606166e98d8c2cb17339bb0288da08cf1,f2f1202b1bdeb07342385c3f807f9c07cd8f5cf8,93316a86051c359748c5d5453e7660c69a21a57cfb477892f95f539e3e171196,0.21325282752513885,0.3326220214366913,0.004470917861908674,0.00048072481877170503,0.6591478586196899,0.00018214537703897804,0.04311834275722504,0.019304348155856133,0.31538522243499756,0.0006655012257397175,0.0007452811114490032,0.061286021023988724,0.0012239423813298345,0.011064132675528526,0.012689969502389431,0.07447256147861481,0.6388198733329773,0.0019254302605986595,0.0036327580455690622,0.06168610230088234,0.010354241356253624,0.01299341395497322,0.0032056511845439672,0.0007799069862812757,0.004166319500654936,0.0036494163796305656,0.013058893382549286,0.004491087049245834,0.014068764634430408,0.6687658429145813,0.0042427615262568,0.06959810107946396,0.0023462320677936077,0.005188250448554754,0.004215755965560675,0.010627534240484238,0.04158927872776985,0.0007891997811384499,0.018820112571120262,0.2209034413099289,0.4785149395465851,0.30058160424232483
song_41cdcd17020b65b4e4437210a8c492aaa7bdc0500b9ef269cc7168648a893175,four-model-production-v1,cf22ce8924858f4d3e539e4d2c1849f4a0b845f56d3e97f13df0ae81564a720c,241,complete,success,246,1,7f47ac3182c2e2b57c39d41ed41e8fe8beca14c19781df45cc12b866c580e479,71a40996c1021c62d12dc004cbafa3f1c5560162,d272696293bc75d5a82cca2e624800456f734f57382cd9472b5974993ef860cc,success,374,1,cf22ce8924858f4d3e539e4d2c1849f4a0b845f56d3e97f13df0ae81564a720c,d5376446b6accee5dd2d346f2d3050f9d8a69af1,c7548aa09468726af4cfdd0959912467784de4a076786913ada9f0f21b68f60d,success,374,1,cf22ce8924858f4d3e539e4d2c1849f4a0b845f56d3e97f13df0ae81564a720c,d75048347613a25d77de8cf6412eaae9fa7b26be,84d6d338b4cf63f0ed3c990a0ce748d32d1d2965c072f4645accaa71af3888c0,success,358,1,cf22ce8924858f4d3e539e4d2c1849f4a0b845f56d3e97f13df0ae81564a720c,f2f1202b1bdeb07342385c3f807f9c07cd8f5cf8,93316a86051c359748c5d5453e7660c69a21a57cfb477892f95f539e3e171196,0.036691512912511826,0.003782739629969001,0.0011666746577247977,0.8709298372268677,0.01802322454750538,5.257556040305644e-05,0.0040212576277554035,0.00026074517518281937,0.002752562751993537,0.00127773720305413,0.0023708674125373363,0.02742093801498413,0.0025882746558636427,0.00587830925360322,0.005367515608668327,0.03957251086831093,0.017667414620518684,0.035933203995227814,0.11279600113630295,0.013978694565594196,0.006507919169962406,0.0063502187840640545,0.002483989344909787,0.0012118639424443245,0.024695921689271927,0.010155173018574715,0.0015744202537462115,0.001450302661396563,0.0199029128998518,0.9526029229164124,0.005713573656976223,0.015804026275873184,0.0006280599045567214,0.01000775396823883,0.0010464604711160064,0.0025307307951152325,0.010804017074406147,0.013264086097478867,0.026854336261749268,0.1960889995098114,0.3954492509365082,0.4084618091583252
song_431842b1312020e5d414f0de65e5c9ec072969ac8df182145eb4f25f39e9a5d3,four-model-production-v1,e4468202ca6130c0bc322d6de2293247f257d7a08b84b9ac3de9132daf56ff47,296,complete,success,302,1,594671fa1a8babdd446d0e4c8d9dd82971c61947c2167137e47a18a35402dd59,71a40996c1021c62d12dc004cbafa3f1c5560162,d272696293bc75d5a82cca2e624800456f734f57382cd9472b5974993ef860cc,success,404,1,e4468202ca6130c0bc322d6de2293247f257d7a08b84b9ac3de9132daf56ff47,d5376446b6accee5dd2d346f2d3050f9d8a69af1,c7548aa09468726af4cfdd0959912467784de4a076786913ada9f0f21b68f60d,success,404,1,e4468202ca6130c0bc322d6de2293247f257d7a08b84b9ac3de9132daf56ff47,d75048347613a25d77de8cf6412eaae9fa7b26be,84d6d338b4cf63f0ed3c990a0ce748d32d1d2965c072f4645accaa71af3888c0,success,383,1,e4468202ca6130c0bc322d6de2293247f257d7a08b84b9ac3de9132daf56ff47,f2f1202b1bdeb07342385c3f807f9c07cd8f5cf8,93316a86051c359748c5d5453e7660c69a21a57cfb477892f95f539e3e171196,0.982672929763794,0.004757922142744064,0.003885838435962796,0.003523698076605797,0.0023017171770334244,8.571698344894685e-06,0.0002484519500285387,4.3321229895809665e-05,0.0005326545797288418,0.0005495907971635461,0.000388818938517943,0.010584091767668724,0.0009239902137778699,0.0031353856902569532,0.004148579202592373,0.14965452253818512,0.017147529870271683,0.005772132892161608,0.0032459835056215525,0.07975205034017563,0.006282146088778973,0.005312005989253521,0.0017562564462423325,0.000580749474465847,0.006037469953298569,0.0024029731284826994,0.0012320305686444044,0.000706637219991535,0.00785640999674797,0.8219587802886963,0.001517727505415678,0.1203526109457016,0.0009568589739501476,0.015865562483668327,0.0010852111736312509,0.0020715086720883846,0.0038888631388545036,0.001430837786756456,0.07985679060220718,0.19101545214653015,0.4286132752895355,0.3803713321685791
song_4881f8befad3c29b4557c7e7b5c098ce567212185b88f68f63c0717cfc803994,four-model-production-v1,94cd605226c99db1089209666ce0516e29d85760e83f21a160364b8032a0b1dc,544,complete,success,585,1,951757bf625a65d075361301de12c94837908dfc34ed8e89b8d1c5c96c72a70b,71a40996c1021c62d12dc004cbafa3f1c5560162,d272696293bc75d5a82cca2e624800456f734f57382cd9472b5974993ef860cc,success,756,2,94cd605226c99db1089209666ce0516e29d85760e83f21a160364b8032a0b1dc,d5376446b6accee5dd2d346f2d3050f9d8a69af1,c7548aa09468726af4cfdd0959912467784de4a076786913ada9f0f21b68f60d,success,756,2,94cd605226c99db1089209666ce0516e29d85760e83f21a160364b8032a0b1dc,d75048347613a25d77de8cf6412eaae9fa7b26be,84d6d338b4cf63f0ed3c990a0ce748d32d1d2965c072f4645accaa71af3888c0,success,720,2,94cd605226c99db1089209666ce0516e29d85760e83f21a160364b8032a0b1dc,f2f1202b1bdeb07342385c3f807f9c07cd8f5cf8,93316a86051c359748c5d5453e7660c69a21a57cfb477892f95f539e3e171196,0.001924952957779169,0.003681028028950095,0.024933679029345512,0.8646829724311829,0.00346453336533159,1.1437999091867823e-05,0.00036814919440075755,6.665994624199811e-05,0.0007954349566716701,0.0003175693709636107,0.0002510591730242595,0.0065210332395508885,0.0030856041703373194,0.002154032699763775,0.019607681781053543,0.11333560198545456,0.009538616403006017,0.010675554629415274,0.011834040400572121,0.006735028466209769,0.06480274966452271,0.00463952636346221,0.0014382918598130345,0.004442108984221704,0.005042035307269543,0.002419921729597263,0.00032798965185065754,0.0019123581441817805,0.01352801255416125,0.0018843142315745354,0.004979372679372318,0.022371858824044466,0.0013883021892979741,0.13403270114213228,0.003492069779895246,0.0037018377261119895,0.05694780044723302,0.004325469184550457,0.5493501275777817,0.2599750757217407,0.4408112168312073,0.2992137223482132
song_48c9a31f32d37489d6e49c8e3c9c2b203b5393562fbdbb3ce735de99f9c08e9e,four-model-production-v1,52fbd43eb3bfb03a39083bfb08add19b7d8c650a5a586ca28572a17b511de240,105,complete,success,111,1,86688fa9b06ac5f1da3f31b1abd30f2f46e33212e86b93189e306ebb14ce4fbf,71a40996c1021c62d12dc004cbafa3f1c5560162,d272696293bc75d5a82cca2e624800456f734f57382cd9472b5974993ef860cc,success,131,1,52fbd43eb3bfb03a39083bfb08add19b7d8c650a5a586ca28572a17b511de240,d5376446b6accee5dd2d346f2d3050f9d8a69af1,c7548aa09468726af4cfdd0959912467784de4a076786913ada9f0f21b68f60d,success,131,1,52fbd43eb3bfb03a39083bfb08add19b7d8c650a5a586ca28572a17b511de240,d75048347613a25d77de8cf6412eaae9fa7b26be,84d6d338b4cf63f0ed3c990a0ce748d32d1d2965c072f4645accaa71af3888c0,success,130,1,52fbd43eb3bfb03a39083bfb08add19b7d8c650a5a586ca28572a17b511de240,f2f1202b1bdeb07342385c3f807f9c07cd8f5cf8,93316a86051c359748c5d5453e7660c69a21a57cfb477892f95f539e3e171196,0.3052104413509369,0.0023736886214464903,0.002260863548144698,0.0018238002667203546,0.0013376373099163175,2.8793965611839667e-06,0.00010312709491699934,4.6265413402579725e-05,0.0003287318395450711,0.00012941962631884962,5.035740105086006e-05,0.014171200804412365,0.0013761917361989617,0.0020704425405710936,0.00301358662545681,0.03318478912115097,0.004732569679617882,0.0021590208634734154,0.0012635720195248723,0.008685177192091942,0.0034880635794252157,0.0018047437770292163,0.001522902981378138,0.0005451017641462386,0.015209432691335678,0.0018593566492199898,0.0010558374924585223,0.0006567232776433229,0.02053185924887657,0.86640465259552,0.0010254873195663095,0.008476229384541512,0.0010578028159216046,0.009770737029612064,0.0008777784532867372,0.0007900560740381479,0.003087847726419568,0.0033811936154961586,0.213378444314003,0.145350843667984,0.39753830432891846,0.4571108818054199
song_490e143d0fd6a02b0ba3c323afbcb0dce7212b54f94f8761250dc778ada4125c,four-model-production-v1,96b635add3a0506821cdc6066fa681d63aac09483095c17a54012d7fc986a449,647,complete,success,735,1,8e7625b2d9c838a1e45d26a2cd6d55cb702e508cd4134dd6dcab302d88dde60f,71a40996c1021c62d12dc004cbafa3f1c5560162,d272696293bc75d5a82cca2e624800456f734f57382cd9472b5974993ef860cc,success,990,2,96b635add3a0506821cdc6066fa681d63aac09483095c17a54012d7fc986a449,d5376446b6accee5dd2d346f2d3050f9d8a69af1,c7548aa09468726af4cfdd0959912467784de4a076786913ada9f0f21b68f60d,success,990,2,96b635add3a0506821cdc6066fa681d63aac09483095c17a54012d7fc986a449,d75048347613a25d77de8cf6412eaae9fa7b26be,84d6d338b4cf63f0ed3c990a0ce748d32d1d2965c072f4645accaa71af3888c0,success,979,2,96b635add3a0506821cdc6066fa681d63aac09483095c17a54012d7fc986a449,f2f1202b1bdeb07342385c3f807f9c07cd8f5cf8,93316a86051c359748c5d5453e7660c69a21a57cfb477892f95f539e3e171196,0.9974462985992432,0.9906129837036133,0.995011568069458,0.9882623553276062,0.6181179881095886,0.007651392603293061,0.595201775431633,0.0014461607788689435,0.17338719218969345,0.03390365093946457,0.05852628871798515,0.006034064805135131,0.00065568633726798,0.005965001066215336,0.0352329034358263,0.03856436535716057,0.015622631181031466,0.002188223967095837,0.011550430324859917,0.003211714676581323,0.0029593888903036714,0.006460909964516759,0.001456865225918591,0.000769058198784478,0.02573432424105704,0.0007971367449499667,0.1871483540162444,0.0006608462572330609,0.013660814613103867,0.0008650895324535668,0.0006205016106832772,0.005739128799177706,0.0017101679695770144,0.004514551139436662,0.004914281773380935,0.00040779543633107096,0.002626819594297558,0.0017758283065631986,0.4117836505174637,0.26961627693901996,0.4229359674258909,0.3074477407795903
song_49444e52efc677ac5bbdb87422be8b88c555f18f38a1301ade4d6d7dc7acc9c3,four-model-production-v1,338015977a8545751ac88f9304454e71c771ded90df612a4d19af2f18f86b4e2,255,complete,success,272,1,2a94f8a7304e087b015b5abe59f765390edba4bee231fa41a310dba3b334f42f,71a40996c1021c62d12dc004cbafa3f1c5560162,d272696293bc75d5a82cca2e624800456f734f57382cd9472b5974993ef860cc,success,339,1,338015977a8545751ac88f9304454e71c771ded90df612a4d19af2f18f86b4e2,d5376446b6accee5dd2d346f2d3050f9d8a69af1,c7548aa09468726af4cfdd0959912467784de4a076786913ada9f0f21b68f60d,success,339,1,338015977a8545751ac88f9304454e71c771ded90df612a4d19af2f18f86b4e2,d75048347613a25d77de8cf6412eaae9fa7b26be,84d6d338b4cf63f0ed3c990a0ce748d32d1d2965c072f4645accaa71af3888c0,success,362,1,338015977a8545751ac88f9304454e71c771ded90df612a4d19af2f18f86b4e2,f2f1202b1bdeb07342385c3f807f9c07cd8f5cf8,93316a86051c359748c5d5453e7660c69a21a57cfb477892f95f539e3e171196,0.14709100127220154,0.0034398441202938557,0.0026486357674002647,0.0017751820851117373,0.004197746515274048,1.1205158443772234e-05,0.00037296037771739066,7.877693133195862e-05,0.0010182957630604506,0.001021594158373773,0.0003188966657035053,0.013267050497233868,0.00047492829617112875,0.008547117933630943,0.016897287219762802,0.44774460792541504,0.2840301990509033,0.007652505300939083,0.020204560831189156,0.005586051382124424,0.003377377986907959,0.04578785598278046,0.0006704715779051185,0.00045788451097905636,0.007964507676661015,0.001259415876120329,0.0006736342911608517,0.0008238644804805517,0.013949084095656872,0.12631146609783173,0.0013356717536225915,0.025979941710829735,0.0015168815152719617,0.011284997686743736,0.00441717216745019,0.0012052400270476937,0.0024595989380031824,0.0009533987031318247,0.2803244888782501,0.269884318113327,0.4178161323070526,0.31229960918426514
song_49d0dea7fd546e82089ee720332cf4ab5b94fa2b3087f810f10461310152399a,four-model-production-v1,50cb5c7cdf5486ef56299fb65791ddaae4da84bc5380e4b7f38f9554f5535e2c,406,complete,success,433,1,b5207cfddd9fae82dae06613f1e540ad69136861d787c936408a1c20ddf66650,71a40996c1021c62d12dc004cbafa3f1c5560162,d272696293bc75d5a82cca2e624800456f734f57382cd9472b5974993ef860cc,success,529,2,50cb5c7cdf5486ef56299fb65791ddaae4da84bc5380e4b7f38f9554f5535e2c,d5376446b6accee5dd2d346f2d3050f9d8a69af1,c7548aa09468726af4cfdd0959912467784de4a076786913ada9f0f21b68f60d,success,529,2,50cb5c7cdf5486ef56299fb65791ddaae4da84bc5380e4b7f38f9554f5535e2c,d75048347613a25d77de8cf6412eaae9fa7b26be,84d6d338b4cf63f0ed3c990a0ce748d32d1d2965c072f4645accaa71af3888c0,success,530,2,50cb5c7cdf5486ef56299fb65791ddaae4da84bc5380e4b7f38f9554f5535e2c,f2f1202b1bdeb07342385c3f807f9c07cd8f5cf8,93316a86051c359748c5d5453e7660c69a21a57cfb477892f95f539e3e171196,0.6234683394432068,0.002610348630696535,0.9966906309127808,0.008259543217718601,0.2740689643389336,0.0001877746017993514,0.17074599860690268,0.0003005972660026937,0.05437425604276711,0.001128582039360302,0.001117367493270391,0.0015704845699317936,0.013287445495524823,0.017631765324728026,0.07057952317488442,0.007918897928187662,0.0025307710338841652,0.19018489843505543,0.129820017865903,0.03642715123571836,0.08443423464809789,0.015751011247107573,0.006211726642821146,0.007393373827853139,0.03112367084619566,0.041149307845163886,0.0003938091031846983,0.0025749975020534204,0.010876276231034604,0.006843958463738118,0.04168477992479652,0.01298561764947915,0.0005718241390703503,0.05106152714510045,0.002103766471337675,0.0020243880107456602,0.021765487187582512,0.2938305385593881,0.08238149483623036,0.27143246680498123,0.4586775600910187,0.2698899954557419
song_4a225ece50c775ee4f1d96ae38d401c088742b3f1525d0467f18be399a7233b9,four-model-production-v1,4c5c8b4307b1ff5c1ab7043c183cbe434898fba88ed264b25b54bc610bc34d50,175,complete,success,173,1,6c0ed8cea071e7ea1ee1054b512f3069c96d282405216d1948e7e9f24c41be2d,71a40996c1021c62d12dc004cbafa3f1c5560162,d272696293bc75d5a82cca2e624800456f734f57382cd9472b5974993ef860cc,success,207,1,4c5c8b4307b1ff5c1ab7043c183cbe434898fba88ed264b25b54bc610bc34d50,d5376446b6accee5dd2d346f2d3050f9d8a69af1,c7548aa09468726af4cfdd0959912467784de4a076786913ada9f0f21b68f60d,success,207,1,4c5c8b4307b1ff5c1ab7043c183cbe434898fba88ed264b25b54bc610bc34d50,d75048347613a25d77de8cf6412eaae9fa7b26be,84d6d338b4cf63f0ed3c990a0ce748d32d1d2965c072f4645accaa71af3888c0,success,205,1,4c5c8b4307b1ff5c1ab7043c183cbe434898fba88ed264b25b54bc610bc34d50,f2f1202b1bdeb07342385c3f807f9c07cd8f5cf8,93316a86051c359748c5d5453e7660c69a21a57cfb477892f95f539e3e171196,0.830767035484314,0.018877513706684113,0.0011943085119128227,0.00278276763856411,0.0033715020399540663,4.853181053476874e-06,0.000282923603663221,0.00014300819020718336,0.0004912980948574841,0.00014519177784677595,0.00020041398238390684,0.007328531239181757,0.0042766365222632885,0.01283564604818821,0.016457227990031242,0.00978789571672678,0.016646219417452812,0.010184775106608868,0.029581066220998764,0.04143921658396721,0.15304718911647797,0.007189273368567228,0.007425662130117416,0.0047415439039468765,0.009095723740756512,0.010846366174519062,0.0013834139099344611,0.038658589124679565,0.020991897210478783,0.529020369052887,0.020235523581504822,0.004917776212096214,0.0009625958628021181,0.01696711778640747,0.0032466116826981306,0.02576611377298832,0.8319674730300903,0.01435963436961174,0.029068786650896072,0.2560187876224518,0.42158761620521545,0.322393536567688
song_4cc7506f1e8d8210be05ab31ae91bd610554d866b02bf85d1040cd114b42b273,four-model-production-v1,d36ca61a7d48378819d322639e6131ba77ae0f6e031ba61562c95a7bb9640d0c,207,complete,success,220,1,e68f57d1bf36da89be8b3ad132bcb4a61f7b8309d882fb3d3befac481018b75c,71a40996c1021c62d12dc004cbafa3f1c5560162,d272696293bc75d5a82cca2e624800456f734f57382cd9472b5974993ef860cc,success,268,1,d36ca61a7d48378819d322639e6131ba77ae0f6e031ba61562c95a7bb9640d0c,d5376446b6accee5dd2d346f2d3050f9d8a69af1,c7548aa09468726af4cfdd0959912467784de4a076786913ada9f0f21b68f60d,success,268,1,d36ca61a7d48378819d322639e6131ba77ae0f6e031ba61562c95a7bb9640d0c,d75048347613a25d77de8cf6412eaae9fa7b26be,84d6d338b4cf63f0ed3c990a0ce748d32d1d2965c072f4645accaa71af3888c0,success,257,1,d36ca61a7d48378819d322639e6131ba77ae0f6e031ba61562c95a7bb9640d0c,f2f1202b1bdeb07342385c3f807f9c07cd8f5cf8,93316a86051c359748c5d5453e7660c69a21a57cfb477892f95f539e3e171196,0.004803181625902653,0.0031601726077497005,0.013341464102268219,0.007138718850910664,0.0004979209043085575,1.3206553148847888e-06,3.58353863703087e-05,1.819475437514484e-05,0.00013578894140664488,6.210502033354715e-05,1.675956264080014e-05,0.004558644723147154,0.0018281647935509682,0.004579529631882906,0.011632614769041538,0.010681123472750187,0.013993174768984318,0.006942588370293379,0.008494961075484753,0.018528735265135765,0.174195796251297,0.007975704967975616,0.004406825639307499,0.0022364447358995676,0.0029453630559146404,0.05511859431862831,0.0005531831993721426,0.02669883891940117,0.00365633238106966,0.013372733257710934,0.04800310730934143,0.008002547547221184,0.0006611632416024804,0.021587911993265152,0.0025950083509087563,0.008716261014342308,0.8283973336219788,0.007408093195408583,0.061774082481861115,0.31043651700019836,0.46408137679100037,0.2254820466041565
song_4db06392bfcf969f7324a5b9dc24bde01061fbef474f64154ea5b116a503c454,four-model-production-v1,5b7acfdb26019dc618895141d31a3d193c4eab8275f8ab84990aafe10025766c,267,complete,success,281,1,cedeb41d93d504f0758b96b390687756b2b33890a8aa398dbeb3d1a10ca9f7f3,71a40996c1021c62d12dc004cbafa3f1c5560162,d272696293bc75d5a82cca2e624800456f734f57382cd9472b5974993ef860cc,success,365,1,5b7acfdb26019dc618895141d31a3d193c4eab8275f8ab84990aafe10025766c,d5376446b6accee5dd2d346f2d3050f9d8a69af1,c7548aa09468726af4cfdd0959912467784de4a076786913ada9f0f21b68f60d,success,365,1,5b7acfdb26019dc618895141d31a3d193c4eab8275f8ab84990aafe10025766c,d75048347613a25d77de8cf6412eaae9fa7b26be,84d6d338b4cf63f0ed3c990a0ce748d32d1d2965c072f4645accaa71af3888c0,success,320,1,5b7acfdb26019dc618895141d31a3d193c4eab8275f8ab84990aafe10025766c,f2f1202b1bdeb07342385c3f807f9c07cd8f5cf8,93316a86051c359748c5d5453e7660c69a21a57cfb477892f95f539e3e171196,0.005184653680771589,0.004737477283924818,0.26486143469810486,0.0037673336919397116,0.0015797256492078304,6.062964075681521e-06,0.00021223857766017318,3.172424840158783e-05,0.0002662165788933635,0.00020811015565413982,9.83047648333013e-05,0.0008967338362708688,0.022197114303708076,0.0034278312232345343,0.04024840146303177,0.009038621559739113,0.0032008171547204256,0.09425365924835205,0.14068977534770966,0.006390143185853958,0.12703214585781097,0.033365484327077866,0.0014369332930073142,0.004077198915183544,0.003558682044968009,0.005078263580799103,0.00010565560660324991,0.001695453654974699,0.008626441471278667,0.0008058014791458845,0.008955399505794048,0.030076347291469574,0.00028924550861120224,0.02984321489930153,0.0016982119996100664,0.0017661484889686108,0.0242760069668293,0.015938637778162956,0.401444673538208,0.2394377440214157,0.4618350863456726,0.2987271249294281
song_4eedaac548f0db66c979575510092e16f414750629bddb6217182d6a43faa1ca,four-model-production-v1,8b3bd11dbf5586187b37ac05c14b7319ad82d1bb57ec7271a74f74d1c7cde9fa,204,complete,success,231,1,3a11fc0281df7e5365e01d554fa9c50ba31ba9d621021e4254468e5b76210fe0,71a40996c1021c62d12dc004cbafa3f1c5560162,d272696293bc75d5a82cca2e624800456f734f57382cd9472b5974993ef860cc,success,336,1,8b3bd11dbf5586187b37ac05c14b7319ad82d1bb57ec7271a74f74d1c7cde9fa,d5376446b6accee5dd2d346f2d3050f9d8a69af1,c7548aa09468726af4cfdd0959912467784de4a076786913ada9f0f21b68f60d,success,336,1,8b3bd11dbf5586187b37ac05c14b7319ad82d1bb57ec7271a74f74d1c7cde9fa,d75048347613a25d77de8cf6412eaae9fa7b26be,84d6d338b4cf63f0ed3c990a0ce748d32d1d2965c072f4645accaa71af3888c0,success,312,1,8b3bd11dbf5586187b37ac05c14b7319ad82d1bb57ec7271a74f74d1c7cde9fa,f2f1202b1bdeb07342385c3f807f9c07cd8f5cf8,93316a86051c359748c5d5453e7660c69a21a57cfb477892f95f539e3e171196,0.5973220467567444,0.0009404759621247649,0.002484153490513563,0.009359948337078094,0.004843883216381073,4.528346107690595e-05,0.0002797513152472675,0.00022761840955354273,0.0008358446066267788,0.0022127230186015368,0.001362294307909906,0.06233483925461769,0.001259832177311182,0.0038763810880482197,0.006322361063212156,0.41479355096817017,0.007282658945769072,0.013788722455501556,0.012456854805350304,0.005065835081040859,0.012414287775754929,0.006855634041130543,0.0014136395184323192,0.0022668184246867895,0.08052343875169754,0.004916290286928415,0.0010092142038047314,0.002512784907594323,0.1435580551624298,0.4438231289386749,0.009110312908887863,0.006665595807135105,0.007907392457127571,0.0411926731467247,0.013138954527676105,0.0020838857162743807,0.017870735377073288,0.013729466125369072,0.04525003582239151,0.19918671250343323,0.3301672637462616,0.47064611315727234
song_4f1614f26569f3e8f2b5fbcdb394c409cfc3f9fc150fbbb6f65025d66f9a2401,four-model-production-v1,57e0b31c66d899bfceb162db2914854bf57c85ac0db2050c3316eeecbf661923,329,complete,success,347,1,b4e3b5ada318be298d56dc673635d7194dbce0efc02e76c50c0a34e54523b68a,71a40996c1021c62d12dc004cbafa3f1c5560162,d272696293bc75d5a82cca2e624800456f734f57382cd9472b5974993ef860cc,success,528,2,57e0b31c66d899bfceb162db2914854bf57c85ac0db2050c3316eeecbf661923,d5376446b6accee5dd2d346f2d3050f9d8a69af1,c7548aa09468726af4cfdd0959912467784de4a076786913ada9f0f21b68f60d,success,528,2,57e0b31c66d899bfceb162db2914854bf57c85ac0db2050c3316eeecbf661923,d75048347613a25d77de8cf6412eaae9fa7b26be,84d6d338b4cf63f0ed3c990a0ce748d32d1d2965c072f4645accaa71af3888c0,success,502,1,57e0b31c66d899bfceb162db2914854bf57c85ac0db2050c3316eeecbf661923,f2f1202b1bdeb07342385c3f807f9c07cd8f5cf8,93316a86051c359748c5d5453e7660c69a21a57cfb477892f95f539e3e171196,0.8148457407951355,0.00894485879689455,0.9967695474624634,0.00288758403621614,0.4365135282278061,0.0008174562535714358,0.4111318215727806,0.00034499127650633454,0.04145072679966688,0.0024061989970505238,0.11048045405186713,0.002344860346056521,0.013644177466630936,0.008409279398620129,0.08353118225932121,0.012237099930644035,0.0014080496039241552,0.16844476759433746,0.4385986328125,0.002724704332649708,0.015960916876792908,0.010874682106077671,0.0811762847006321,0.03470168262720108,0.007857693592086434,0.017853389494121075,0.0001879075207398273,0.0013563118991442025,0.00261830713134259,0.0026593258371576667,0.00839086133055389,0.0019485685625113547,0.000316354664391838,0.024567107670009136,0.0007097756024450064,0.001015841553453356,0.005637573078274727,0.043596649542450905,0.29063282907009125,0.24632011353969574,0.42527449131011963,0.3284054100513458
song_5194b6c0df56b87df950120af2c8399eb039c29f29878b87ff284b768eb9ab5a,four-model-production-v1,ece1ae6838ba480755c42cc28fb4a9ca48668ba66a2773d8b60fd099e4b0dfd7,624,complete,success,766,1,18f7c6100a1ee3e9d52e5c8aab57dedb8c8c32a14ee44a426f7bed637045551a,71a40996c1021c62d12dc004cbafa3f1c5560162,d272696293bc75d5a82cca2e624800456f734f57382cd9472b5974993ef860cc,success,1065,3,ece1ae6838ba480755c42cc28fb4a9ca48668ba66a2773d8b60fd099e4b0dfd7,d5376446b6accee5dd2d346f2d3050f9d8a69af1,c7548aa09468726af4cfdd0959912467784de4a076786913ada9f0f21b68f60d,success,1065,3,ece1ae6838ba480755c42cc28fb4a9ca48668ba66a2773d8b60fd099e4b0dfd7,d75048347613a25d77de8cf6412eaae9fa7b26be,84d6d338b4cf63f0ed3c990a0ce748d32d1d2965c072f4645accaa71af3888c0,success,1119,3,ece1ae6838ba480755c42cc28fb4a9ca48668ba66a2773d8b60fd099e4b0dfd7,f2f1202b1bdeb07342385c3f807f9c07cd8f5cf8,93316a86051c359748c5d5453e7660c69a21a57cfb477892f95f539e3e171196,0.9864891171455383,0.9971914887428284,0.9961661100387573,0.993885338306427,0.9952962398529053,0.43901195128758747,0.9785167177518209,0.027733387735982735,0.8722209731737772,0.7376680572827657,0.18480425576368967,0.002033887431025505,0.0030918874156971774,0.4463259776433309,0.35820035139719647,0.011654774658381939,0.002907365715752045,0.0045365341162929935,0.002101826093470057,0.0013630811590701342,0.01524041872471571,0.32845116158326465,0.056838277727365494,0.004478254976371924,0.0015143906930461526,0.002751827511625985,0.001427558056699733,0.000467496245012929,0.0018075009575113654,0.0018226661486551166,0.000669014446126918,0.0019912430240462222,0.00047642596958515543,0.00606065196916461,0.0004267929180059582,0.0007624110827843348,0.004703473454962174,0.0015158971073105931,0.08197351048390071,0.3127419749895732,0.4715949594974518,0.2156631052494049
song_52d717b9eb2516949c777c9c8731a532ce779c0eb5872d6023ce3b1b2fae8d86,four-model-production-v1,3051755095da0e34bbfafa3b56619ef70112fbc543ff996d9b0c5fbf9095a5de,585,complete,success,704,1,9fad63fb4a58e3bf737f431f614d2e4d04cd74874f88fb72cc863ee043c4e4b2,71a40996c1021c62d12dc004cbafa3f1c5560162,d272696293bc75d5a82cca2e624800456f734f57382cd9472b5974993ef860cc,success,1126,3,3051755095da0e34bbfafa3b56619ef70112fbc543ff996d9b0c5fbf9095a5de,d5376446b6accee5dd2d346f2d3050f9d8a69af1,c7548aa09468726af4cfdd0959912467784de4a076786913ada9f0f21b68f60d,success,1126,3,3051755095da0e34bbfafa3b56619ef70112fbc543ff996d9b0c5fbf9095a5de,d75048347613a25d77de8cf6412eaae9fa7b26be,84d6d338b4cf63f0ed3c990a0ce748d32d1d2965c072f4645accaa71af3888c0,success,1123,3,3051755095da0e34bbfafa3b56619ef70112fbc543ff996d9b0c5fbf9095a5de,f2f1202b1bdeb07342385c3f807f9c07cd8f5cf8,93316a86051c359748c5d5453e7660c69a21a57cfb477892f95f539e3e171196,0.05471571534872055,0.0005958527326583862,0.2887576222419739,0.18549875915050507,0.0316887892465079,5.143257075171446e-05,0.005521968311049561,0.00036003485664834483,0.0049627287818704525,0.0012144128860017453,0.002849179359324951,0.00822656790495951,0.011417241583431064,0.006273957336615924,0.013189852336954267,0.05346545557364107,0.27588547630232246,0.0007664092985349071,0.0014505440072627113,0.009734766147567579,0.006603436788947687,0.007855908325286069,0.0018984669980553325,0.0007054027951869213,0.0029370273079030004,0.001596018209636582,0.0012729100480412677,0.0018525530256828886,0.018128436112108095,0.20144597013509083,0.001262912901406231,0.017563599499676966,0.0010273605174646377,0.005472007720792405,0.002329717248286986,0.0021912550623363236,0.019169376458150547,0.0004191759581508886,0.5355488940094123,0.2630692426503395,0.42816276581607965,0.30876800144557326
song_546ed553b9ad74026dc908d24d608c1b1e265d99490a9ca6b420a65bdf3a3eca,four-model-production-v1,9398db50fdef9f906b8bba7f4637a285d5f1444de0228dfdcf5a7d9caa87dec3,243,complete,success,268,1,f21d3e02ae95b6f90ec2242299fb0de0d3257afbaf1a517fa6fa18c3a40b0a02,71a40996c1021c62d12dc004cbafa3f1c5560162,d272696293bc75d5a82cca2e624800456f734f57382cd9472b5974993ef860cc,success,326,1,9398db50fdef9f906b8bba7f4637a285d5f1444de0228dfdcf5a7d9caa87dec3,d5376446b6accee5dd2d346f2d3050f9d8a69af1,c7548aa09468726af4cfdd0959912467784de4a076786913ada9f0f21b68f60d,success,326,1,9398db50fdef9f906b8bba7f4637a285d5f1444de0228dfdcf5a7d9caa87dec3,d75048347613a25d77de8cf6412eaae9fa7b26be,84d6d338b4cf63f0ed3c990a0ce748d32d1d2965c072f4645accaa71af3888c0,success,328,1,9398db50fdef9f906b8bba7f4637a285d5f1444de0228dfdcf5a7d9caa87dec3,f2f1202b1bdeb07342385c3f807f9c07cd8f5cf8,93316a86051c359748c5d5453e7660c69a21a57cfb477892f95f539e3e171196,0.7269721627235413,0.0012580803595483303,0.10007426142692566,0.0013285998720675707,0.06992822885513306,3.6601577448891476e-05,0.004921774845570326,0.002057548612356186,0.009224523790180683,0.0010553126921877265,0.0012920168228447437,0.002758470829576254,0.0023153640795499086,0.059879086911678314,0.08477751910686493,0.015564274042844772,0.02815116010606289,0.012990156188607216,0.022533711045980453,0.0199278574436903,0.25662562251091003,0.0324404314160347,0.013925518840551376,0.004841286223381758,0.002244393341243267,0.009894746355712414,0.00026537751546129584,0.013594471849501133,0.004196000751107931,0.15221120417118073,0.018174974247813225,0.005420440807938576,0.0005292900023050606,0.013219847343862057,0.0015441433060914278,0.015057218261063099,0.7365060448646545,0.0029124661814421415,0.03326816111803055,0.4311910569667816,0.3999677896499634,0.1688411831855774
song_56bdd8217899c9e589dcd9c9815cd8a10cefaf5d231d74e390d1dde403f23b9e,four-model-production-v1,26a2e19f699a808ed931c421693dbcafdc37085de49dacb827af3f005899c698,232,complete,success,255,1,d96f4ecd657c67b9637a2137012f16e21c9b60784de916decf1cc619044bff7d,71a40996c1021c62d12dc004cbafa3f1c5560162,d272696293bc75d5a82cca2e624800456f734f57382cd9472b5974993ef860cc,success,325,1,26a2e19f699a808ed931c421693dbcafdc37085de49dacb827af3f005899c698,d5376446b6accee5dd2d346f2d3050f9d8a69af1,c7548aa09468726af4cfdd0959912467784de4a076786913ada9f0f21b68f60d,success,325,1,26a2e19f699a808ed931c421693dbcafdc37085de49dacb827af3f005899c698,d75048347613a25d77de8cf6412eaae9fa7b26be,84d6d338b4cf63f0ed3c990a0ce748d32d1d2965c072f4645accaa71af3888c0,success,300,1,26a2e19f699a808ed931c421693dbcafdc37085de49dacb827af3f005899c698,f2f1202b1bdeb07342385c3f807f9c07cd8f5cf8,93316a86051c359748c5d5453e7660c69a21a57cfb477892f95f539e3e171196,0.015807460993528366,0.001765638473443687,0.008852709084749222,0.004732138477265835,0.003319880459457636,1.2181913916720077e-05,0.0009475892293266952,9.261981176678091e-05,0.000358796474756673,0.00016371990204788744,0.00026065745623782277,0.000515835708938539,0.0014420156367123127,0.0020438022911548615,0.017358193174004555,0.018255431205034256,0.0015161529881879687,0.03174075856804848,0.03717052564024925,0.004366662818938494,0.01531558483839035,0.007418201770633459,0.0015481654554605484,0.0011737535241991282,0.002573625650256872,0.003322544740512967,0.00011597694538068026,0.000649783993139863,0.0014066629810258746,0.0007713751983828843,0.0018173065036535263,0.009672828949987888,0.00016928753757383674,0.02682553417980671,0.0005779361235909164,0.0004572991456370801,0.006193753331899643,0.00851676519960165,0.8310251235961914,0.21708038449287415,0.4554750621318817,0.32744455337524414
song_571748d27a47d85d6ce1e162616d66466aaeb086241c317ad91ded6a69bfaec8,four-model-production-v1,7a532e10de9506b512e50d7cfcd4665ba64a8825630e9ff053b21144a99ae1be,246,complete,success,337,1,92fe9f54147d87fb967726eac98da0e091bd161941809a63a91f21a2fe4412ab,71a40996c1021c62d12dc004cbafa3f1c5560162,d272696293bc75d5a82cca2e624800456f734f57382cd9472b5974993ef860cc,success,459,1,7a532e10de9506b512e50d7cfcd4665ba64a8825630e9ff053b21144a99ae1be,d5376446b6accee5dd2d346f2d3050f9d8a69af1,c7548aa09468726af4cfdd0959912467784de4a076786913ada9f0f21b68f60d,success,459,1,7a532e10de9506b512e50d7cfcd4665ba64a8825630e9ff053b21144a99ae1be,d75048347613a25d77de8cf6412eaae9fa7b26be,84d6d338b4cf63f0ed3c990a0ce748d32d1d2965c072f4645accaa71af3888c0,success,430,1,7a532e10de9506b512e50d7cfcd4665ba64a8825630e9ff053b21144a99ae1be,f2f1202b1bdeb07342385c3f807f9c07cd8f5cf8,93316a86051c359748c5d5453e7660c69a21a57cfb477892f95f539e3e171196,0.9984524250030518,0.010370348580181599,0.8792439699172974,0.007047615945339203,0.418295681476593,0.0006268916185945272,0.10963951796293259,0.0005764820380136371,0.13279032707214355,0.010775160044431686,0.10231784731149673,0.0023574840743094683,0.004690781235694885,0.019711028784513474,0.06741244345903397,0.01639520935714245,0.01392755564302206,0.004932545591145754,0.021101243793964386,0.01474771648645401,0.019614625722169876,0.006312572862952948,0.00603795051574707,0.0023193724919110537,0.014328893274068832,0.002177634509280324,0.00010965194087475538,0.0011037335498258471,0.013173363171517849,0.14454680681228638,0.0031243213452398777,0.0026674363762140274,0.000552833138499409,0.00475836917757988,0.0009586996166035533,0.0013819430023431778,0.015483099967241287,0.0019815689884126186,0.4973011314868927,0.21896754205226898,0.4434865415096283,0.33754587173461914
song_57b6fb5de42d0b76a982ad6d6b780aa368d65adfecd872c1522c7c3660a04cb4,four-model-production-v1,2a1cbd8ba1febade322795616e7c03696b175c24cbbc68aa00cceea3136f42d5,287,complete,success,317,1,a1321f052856a1fd3a46a3ad638738645779406bdb08bd39fbfb2b44a093d944,71a40996c1021c62d12dc004cbafa3f1c5560162,d272696293bc75d5a82cca2e624800456f734f57382cd9472b5974993ef860cc,success,413,1,2a1cbd8ba1febade322795616e7c03696b175c24cbbc68aa00cceea3136f42d5,d5376446b6accee5dd2d346f2d3050f9d8a69af1,c7548aa09468726af4cfdd0959912467784de4a076786913ada9f0f21b68f60d,success,413,1,2a1cbd8ba1febade322795616e7c03696b175c24cbbc68aa00cceea3136f42d5,d75048347613a25d77de8cf6412eaae9fa7b26be,84d6d338b4cf63f0ed3c990a0ce748d32d1d2965c072f4645accaa71af3888c0,success,406,1,2a1cbd8ba1febade322795616e7c03696b175c24cbbc68aa00cceea3136f42d5,f2f1202b1bdeb07342385c3f807f9c07cd8f5cf8,93316a86051c359748c5d5453e7660c69a21a57cfb477892f95f539e3e171196,0.004871276207268238,0.035305045545101166,0.9972392320632935,0.055911194533109665,0.02503482811152935,2.9362343411776237e-05,0.004872734658420086,0.00031652924371883273,0.002458204748108983,0.0005784006207250059,0.00042230813414789736,0.0007599761011078954,0.0018730075098574162,0.004604636691510677,0.027475615963339806,0.007687447592616081,0.00470671895891428,0.20994316041469574,0.1653025597333908,0.00456203892827034,0.08579544723033905,0.008001328445971012,0.0031968546099960804,0.005253809969872236,0.0016056860331445932,0.011184895411133766,0.00018279417417943478,0.005905976984649897,0.002006915397942066,0.0028272198978811502,0.014809389598667622,0.004526935983449221,0.00022595084737986326,0.035587128251791,0.001177717582322657,0.004850742407143116,0.17732195556163788,0.018411314114928246,0.424017071723938,0.3402954638004303,0.40562498569488525,0.25407952070236206
song_585e5f8e13012f0a37638839f84b3f23db3e9edc4ff58f0f075f4c7d20e18fe9,four-model-production-v1,e8ddc86a49c7d4d83c2bcf67bc9edf67d20118895b626e536eaa73f22ffa0eb2,223,complete,success,259,1,3659fcb2a39ab91d318e09d9df2c11945653f0b11e2d89e39fa2c1699d77d051,71a40996c1021c62d12dc004cbafa3f1c5560162,d272696293bc75d5a82cca2e624800456f734f57382cd9472b5974993ef860cc,success,299,1,e8ddc86a49c7d4d83c2bcf67bc9edf67d20118895b626e536eaa73f22ffa0eb2,d5376446b6accee5dd2d346f2d3050f9d8a69af1,c7548aa09468726af4cfdd0959912467784de4a076786913ada9f0f21b68f60d,success,299,1,e8ddc86a49c7d4d83c2bcf67bc9edf67d20118895b626e536eaa73f22ffa0eb2,d75048347613a25d77de8cf6412eaae9fa7b26be,84d6d338b4cf63f0ed3c990a0ce748d32d1d2965c072f4645accaa71af3888c0,success,305,1,e8ddc86a49c7d4d83c2bcf67bc9edf67d20118895b626e536eaa73f22ffa0eb2,f2f1202b1bdeb07342385c3f807f9c07cd8f5cf8,93316a86051c359748c5d5453e7660c69a21a57cfb477892f95f539e3e171196,0.018826644867658615,0.008849922567605972,0.005566426552832127,0.0014492362970486283,0.003825908061116934,5.261704245640431e-06,0.0003765418368857354,6.604427471756935e-05,0.0008150265784934163,0.00018232784350402653,0.000124586935271509,0.0008340461063198745,0.0012810413027182221,0.002877439372241497,0.012981965206563473,0.013660176657140255,0.007901675067842007,0.006265521980822086,0.007083299569785595,0.025467172265052795,0.027090778574347496,0.006296385079622269,0.0021032358054071665,0.0013278345577418804,0.0015506602358072996,0.0026645914185792208,0.00017771631246432662,0.0023885725531727076,0.002862915163859725,0.009293907321989536,0.0028594746254384518,0.00793485902249813,0.00032670353539288044,0.018194537609815598,0.0010788177605718374,0.0024725242983549833,0.05496834218502045,0.0022435146383941174,0.8145624995231628,0.25780391693115234,0.4575045108795166,0.2846915125846863
song_58d6b7d9f8c8feebefe6c1f2e0edad83f12c28ca40a88354a70bf690997c68a2,four-model-production-v1,92931111a3c746df0ddf0ca714379d906b7b4ab525849615801e90c2f979d464,376,complete,success,423,1,7dd64f9f710ccc4ed0b0fedfc6b95bf99702fc82e8dbb3dbff1b852e5a32b417,71a40996c1021c62d12dc004cbafa3f1c5560162,d272696293bc75d5a82cca2e624800456f734f57382cd9472b5974993ef860cc,success,501,1,92931111a3c746df0ddf0ca714379d906b7b4ab525849615801e90c2f979d464,d5376446b6accee5dd2d346f2d3050f9d8a69af1,c7548aa09468726af4cfdd0959912467784de4a076786913ada9f0f21b68f60d,success,501,1,92931111a3c746df0ddf0ca714379d906b7b4ab525849615801e90c2f979d464,d75048347613a25d77de8cf6412eaae9fa7b26be,84d6d338b4cf63f0ed3c990a0ce748d32d1d2965c072f4645accaa71af3888c0,success,490,1,92931111a3c746df0ddf0ca714379d906b7b4ab525849615801e90c2f979d464,f2f1202b1bdeb07342385c3f807f9c07cd8f5cf8,93316a86051c359748c5d5453e7660c69a21a57cfb477892f95f539e3e171196,0.9985690116882324,0.9730780124664307,0.6207316517829895,0.007705496158450842,0.09803194552659988,0.00020023710385430604,0.01949152909219265,0.002455499256029725,0.005462221801280975,0.004238995723426342,0.02094583585858345,0.004101017490029335,0.0013666136655956507,0.035490311682224274,0.03208423778414726,0.028724299743771553,0.01857742853462696,0.0032453248277306557,0.003687717951834202,0.24373862147331238,0.01688031293451786,0.06781277060508728,0.009663364849984646,0.0014197173295542598,0.006937967613339424,0.0024501068983227015,0.001264056540094316,0.0011231946991756558,0.006360236555337906,0.6473315358161926,0.0013443076750263572,0.012473907321691513,0.000778629386331886,0.006291535682976246,0.0008269161335192621,0.0026281869504600763,0.009236472658813,0.0016225283034145832,0.09867119044065475,0.2619737982749939,0.46237173676490784,0.2756544351577759
song_59328e4ef495b0a2eead2600eb40694f1921b10840b1f242e3580ce8c59f8a86,four-model-production-v1,6abbe2290340e13d37d5c5ef3ab7736b0b8c80565eb6b92483d56c64a2a43251,234,complete,success,262,1,406c5760518aacb6b09ee7d10807b9edaf9be231bc275cc6002c9df869517cc5,71a40996c1021c62d12dc004cbafa3f1c5560162,d272696293bc75d5a82cca2e624800456f734f57382cd9472b5974993ef860cc,success,344,1,6abbe2290340e13d37d5c5ef3ab7736b0b8c80565eb6b92483d56c64a2a43251,d5376446b6accee5dd2d346f2d3050f9d8a69af1,c7548aa09468726af4cfdd0959912467784de4a076786913ada9f0f21b68f60d,success,344,1,6abbe2290340e13d37d5c5ef3ab7736b0b8c80565eb6b92483d56c64a2a43251,d75048347613a25d77de8cf6412eaae9fa7b26be,84d6d338b4cf63f0ed3c990a0ce748d32d1d2965c072f4645accaa71af3888c0,success,351,1,6abbe2290340e13d37d5c5ef3ab7736b0b8c80565eb6b92483d56c64a2a43251,f2f1202b1bdeb07342385c3f807f9c07cd8f5cf8,93316a86051c359748c5d5453e7660c69a21a57cfb477892f95f539e3e171196,0.02029837854206562,0.6230904459953308,0.02233409322798252,0.0018952848622575402,0.04741428419947624,2.1836685846210457e-05,0.0014002935495227575,0.00014425834524445236,0.03842855617403984,0.002119711833074689,0.00044720160076394677,0.0042957435362041,0.030992912128567696,0.003831961192190647,0.01544421911239624,0.010988020338118076,0.001438488019630313,0.0009211395517922938,0.0008411522139795125,0.0013425644719973207,0.007847842760384083,0.0035694048274308443,0.0064004394225776196,0.003707724856212735,0.006676298566162586,0.015201464295387268,0.00031970214331522584,0.0014275509165599942,0.011724538169801235,0.0011818098137155175,0.002372380346059799,0.0021231016144156456,0.0014750431291759014,0.014527848921716213,0.0015295576304197311,0.0005920169060118496,0.008439184166491032,0.004410494584590197,0.8969147801399231,0.3593413233757019,0.37609484791755676,0.2645638585090637
song_59b578620c6f147ffde7e2fc69ee9a4809e9a70977488526ad587f45fee9ae3c,four-model-production-v1,1c9e200d0c2541e800905a8908921c3f77e632a00f26db2a89294ea3389ad70d,547,complete,success,617,1,c836673b8906e0c9179e9707980c63ac237a8341f63f4ee78d0f43d9e962bfae,71a40996c1021c62d12dc004cbafa3f1c5560162,d272696293bc75d5a82cca2e624800456f734f57382cd9472b5974993ef860cc,success,842,2,1c9e200d0c2541e800905a8908921c3f77e632a00f26db2a89294ea3389ad70d,d5376446b6accee5dd2d346f2d3050f9d8a69af1,c7548aa09468726af4cfdd0959912467784de4a076786913ada9f0f21b68f60d,success,842,2,1c9e200d0c2541e800905a8908921c3f77e632a00f26db2a89294ea3389ad70d,d75048347613a25d77de8cf6412eaae9fa7b26be,84d6d338b4cf63f0ed3c990a0ce748d32d1d2965c072f4645accaa71af3888c0,success,820,2,1c9e200d0c2541e800905a8908921c3f77e632a00f26db2a89294ea3389ad70d,f2f1202b1bdeb07342385c3f807f9c07cd8f5cf8,93316a86051c359748c5d5453e7660c69a21a57cfb477892f95f539e3e171196,0.9971727132797241,0.0077136666513979435,0.02468368597328663,0.0045445626601576805,0.04378224164247513,0.00013119467985234223,0.0060209783259779215,0.00030063035956118256,0.003164927416946739,0.006440642289817333,0.03126342315226793,0.015482141636312008,0.0012778739910572767,0.007631352171301842,0.012156587094068527,0.059755608439445496,0.007783518172800541,0.003045423422008753,0.003975316416472197,0.031709310598671436,0.008127827197313309,0.0065864804200828075,0.0027914178208447993,0.0010733242379501462,0.09016797924414277,0.0017515007057227194,0.00046001259761396796,0.0009183949150610715,0.02681700512766838,0.7016049027442932,0.0017320752958767116,0.005510574439540505,0.0015545115456916392,0.012651428114622831,0.0013076990435365587,0.0010837796871783212,0.006240157876163721,0.009064431069418788,0.15116051211953163,0.23702172935009003,0.4405798614025116,0.3223983347415924
song_5b6151e450109eb89d22335df7f3d97858a0b0d0e06a7b9670968701042ab43e,four-model-production-v1,73dcfe41835d5c2ae3b7804869eaa40ac2e76b106689b5d585a75232e55b1270,616,complete,success,697,1,6adfbee95735202f28e246d39002d3017cb1bb1792cb953c58b6c04c06830c87,71a40996c1021c62d12dc004cbafa3f1c5560162,d272696293bc75d5a82cca2e624800456f734f57382cd9472b5974993ef860cc,success,914,2,73dcfe41835d5c2ae3b7804869eaa40ac2e76b106689b5d585a75232e55b1270,d5376446b6accee5dd2d346f2d3050f9d8a69af1,c7548aa09468726af4cfdd0959912467784de4a076786913ada9f0f21b68f60d,success,914,2,73dcfe41835d5c2ae3b7804869eaa40ac2e76b106689b5d585a75232e55b1270,d75048347613a25d77de8cf6412eaae9fa7b26be,84d6d338b4cf63f0ed3c990a0ce748d32d1d2965c072f4645accaa71af3888c0,success,902,2,73dcfe41835d5c2ae3b7804869eaa40ac2e76b106689b5d585a75232e55b1270,f2f1202b1bdeb07342385c3f807f9c07cd8f5cf8,93316a86051c359748c5d5453e7660c69a21a57cfb477892f95f539e3e171196,0.9917638301849365,0.9967040419578552,0.9936392903327942,0.9946144223213196,0.9428687393665314,0.05945671536028385,0.8632502555847168,0.0075853189919143915,0.5200506299734116,0.26699212193489075,0.05177490413188934,0.0036242979113012552,0.0013521573273465037,0.1973850168287754,0.1511961380019784,0.010805023368448019,0.02900301292538643,0.025923926383256912,0.06879483256489038,0.07353474013507366,0.11776057258248329,0.026753028389066458,0.013741690199822187,0.005818740697577596,0.01907068700529635,0.0475557679310441,0.0005615104164462537,0.004092875402420759,0.007027562707662582,0.2075028494000435,0.02676240261644125,0.09114452870562673,0.0010387428337708116,0.015072911977767944,0.0017090873734559864,0.012005533557385206,0.07696936279535294,0.06443068850785494,0.0494244210422039,0.3146612346172333,0.42377521097660065,0.2615635469555855
song_5d5af3444c66dfa9b904e41deae67f9dc3da2e8afe113f76d35d7c17893c4021,four-model-production-v1,9d40b4d041a784aa65d082a41ede82adb528d72d91f20932464b3b3e87138a3c,457,complete,success,512,1,38bafa84cc3c223775bd0089378460e5d1dc71b42be05dbe054ff23e94a54838,71a40996c1021c62d12dc004cbafa3f1c5560162,d272696293bc75d5a82cca2e624800456f734f57382cd9472b5974993ef860cc,success,658,2,9d40b4d041a784aa65d082a41ede82adb528d72d91f20932464b3b3e87138a3c,d5376446b6accee5dd2d346f2d3050f9d8a69af1,c7548aa09468726af4cfdd0959912467784de4a076786913ada9f0f21b68f60d,success,658,2,9d40b4d041a784aa65d082a41ede82adb528d72d91f20932464b3b3e87138a3c,d75048347613a25d77de8cf6412eaae9fa7b26be,84d6d338b4cf63f0ed3c990a0ce748d32d1d2965c072f4645accaa71af3888c0,success,657,2,9d40b4d041a784aa65d082a41ede82adb528d72d91f20932464b3b3e87138a3c,f2f1202b1bdeb07342385c3f807f9c07cd8f5cf8,93316a86051c359748c5d5453e7660c69a21a57cfb477892f95f539e3e171196,0.8776134252548218,0.5042633414268494,0.8535425066947937,0.0005569396889768541,0.8237512111663818,7.806631765561178e-05,0.012938358820974827,0.0004050249408464879,0.7277178168296814,0.0011443125549703836,0.0007106876000761986,0.0010401112958788872,0.0008184163307305425,0.45302124321460724,0.3121478110551834,0.010396800935268402,0.011145980563014746,0.004539901274256408,0.007755291182547808,0.01285207038745284,0.031345454044640064,0.05032087303698063,0.025317177176475525,0.002727680141106248,0.0008745554368942976,0.003663870971649885,0.0003448307834332809,0.001532417896669358,0.0008868051809258759,0.0024018195690587163,0.0014123155851848423,0.0036145251942798495,0.000421643111621961,0.005976623855531216,0.0003707853757077828,0.0015291667077690363,0.02967354841530323,0.0009299085650127381,0.288255974650383,0.44623825883937934,0.3873225986685383,0.1664391275909212
song_5f0eaf882be171e9e96fec731f59733be3990d8ac7eaf8a258c5eb15da894eb3,four-model-production-v1,ca449669634be69391e989ac31a7cc96e28784f1bb1f510d6873ec1469708dde,284,complete,success,309,1,707359a6b10fe4c1002ee56fcc4026e45e50de8cfca8b5b9183ad7dcfce1dc1f,71a40996c1021c62d12dc004cbafa3f1c5560162,d272696293bc75d5a82cca2e624800456f734f57382cd9472b5974993ef860cc,success,404,1,ca449669634be69391e989ac31a7cc96e28784f1bb1f510d6873ec1469708dde,d5376446b6accee5dd2d346f2d3050f9d8a69af1,c7548aa09468726af4cfdd0959912467784de4a076786913ada9f0f21b68f60d,success,404,1,ca449669634be69391e989ac31a7cc96e28784f1bb1f510d6873ec1469708dde,d75048347613a25d77de8cf6412eaae9fa7b26be,84d6d338b4cf63f0ed3c990a0ce748d32d1d2965c072f4645accaa71af3888c0,success,390,1,ca449669634be69391e989ac31a7cc96e28784f1bb1f510d6873ec1469708dde,f2f1202b1bdeb07342385c3f807f9c07cd8f5cf8,93316a86051c359748c5d5453e7660c69a21a57cfb477892f95f539e3e171196,0.004763667471706867,0.6004038453102112,0.0047912136651575565,0.001519678276963532,0.012319321744143963,1.1240059393458068e-05,0.0010520567884668708,0.00041185846203006804,0.0018986903596669436,0.00041213049553334713,0.0002260571054648608,0.006330781616270542,0.0014897116925567389,0.0021829449106007814,0.011591586284339428,0.182310089468956,0.04838630184531212,0.006617342121899128,0.04605141282081604,0.004642299842089415,0.004645672161132097,0.003462426131591201,0.0006230996223166585,0.00039434005157090724,0.012256269343197346,0.003627345897257328,6.210922583704814e-05,0.00069018779322505,0.011472543701529503,0.003412713995203376,0.003960081841796637,0.028228437528014183,0.0006897696293890476,0.01387958973646164,0.0031682688277214766,0.00034996517933905125,0.004703389946371317,0.0029816196765750647,0.5376137495040894,0.2382618933916092,0.41811898350715637,0.34361913800239563
song_605aa2d6a4f3053ca131f40f66d3ff6cfb4822fd5d6a277d77a6032d02c7746d,four-model-production-v1,b2bb036269cde21cb0ad60960add5ee0e7b4e9301131cb03c00fdaccb5fbf48c,550,complete,success,718,1,4065376b37d3e5bcefecf969cf599e86d37765d9c2ea4ce5ec6a61b76e8a3fc5,71a40996c1021c62d12dc004cbafa3f1c5560162,d272696293bc75d5a82cca2e624800456f734f57382cd9472b5974993ef860cc,success,1087,3,b2bb036269cde21cb0ad60960add5ee0e7b4e9301131cb03c00fdaccb5fbf48c,d5376446b6accee5dd2d346f2d3050f9d8a69af1,c7548aa09468726af4cfdd0959912467784de4a076786913ada9f0f21b68f60d,success,1087,3,b2bb036269cde21cb0ad60960add5ee0e7b4e9301131cb03c00fdaccb5fbf48c,d75048347613a25d77de8cf6412eaae9fa7b26be,84d6d338b4cf63f0ed3c990a0ce748d32d1d2965c072f4645accaa71af3888c0,success,1066,3,b2bb036269cde21cb0ad60960add5ee0e7b4e9301131cb03c00fdaccb5fbf48c,f2f1202b1bdeb07342385c3f807f9c07cd8f5cf8,93316a86051c359748c5d5453e7660c69a21a57cfb477892f95f539e3e171196,0.9793955683708191,0.0010326785268262029,0.24691374599933624,0.1519773006439209,0.06284166587192802,3.055602817736946e-05,0.003564381316409591,8.029981203227952e-05,0.03936327114532485,0.0009661056710708726,0.0008919745310005777,0.018000900120369014,0.010638700763025795,0.002392284046060028,0.008369804468783854,0.0316712597612953,0.0032608975778850484,0.0009148291866603481,0.0012727907285065988,0.0018681278004608328,0.002470191493596138,0.001598631354175652,0.0018372237369616918,0.0010425757209572464,0.052652958488364286,0.0022863115532291162,0.0006266617554973763,0.0005424197487106415,0.045621777711592086,0.002560350232245272,0.0011796679813307713,0.002988154026821064,0.002446716802649666,0.007952918301541238,0.0021074454791898726,0.00030015747764566787,0.0018710071246054883,0.002742476655207163,0.8645020943775896,0.23738463947070695,0.43213834746358093,0.33047699318817814
song_60e2979073e5573acf270d7fd14a51c86cbc41f3db455270246563c9aa8ece7d,four-model-production-v1,dc6c546a68039ca1a149e990301e96d93bf075d1352ba0272b634d4a63275c84,272,complete,success,297,1,8577a2f9e6ca0dfcc75fb774ca3dfbfa570fc867d393f12a064ed5da5dfe4a4a,71a40996c1021c62d12dc004cbafa3f1c5560162,d272696293bc75d5a82cca2e624800456f734f57382cd9472b5974993ef860cc,success,368,1,dc6c546a68039ca1a149e990301e96d93bf075d1352ba0272b634d4a63275c84,d5376446b6accee5dd2d346f2d3050f9d8a69af1,c7548aa09468726af4cfdd0959912467784de4a076786913ada9f0f21b68f60d,success,368,1,dc6c546a68039ca1a149e990301e96d93bf075d1352ba0272b634d4a63275c84,d75048347613a25d77de8cf6412eaae9fa7b26be,84d6d338b4cf63f0ed3c990a0ce748d32d1d2965c072f4645accaa71af3888c0,success,366,1,dc6c546a68039ca1a149e990301e96d93bf075d1352ba0272b634d4a63275c84,f2f1202b1bdeb07342385c3f807f9c07cd8f5cf8,93316a86051c359748c5d5453e7660c69a21a57cfb477892f95f539e3e171196,0.0030263743828982115,0.01606404408812523,0.005964149255305529,0.004655684344470501,0.007089544087648392,5.671282906405395e-06,0.0006493617547675967,0.00020279815362300724,0.0010556861525401473,0.00014980211562942713,9.31966642383486e-05,0.0033876446541398764,0.0007598305819556117,0.002723803510889411,0.010129379108548164,0.07793930172920227,0.26903313398361206,0.0008858871879056096,0.0020755936857312918,0.3015727400779724,0.010610750876367092,0.004253791179507971,0.0017150130588561296,0.0005334995803423226,0.003091648919507861,0.0026636181864887476,0.001088376040570438,0.0018562143668532372,0.0032894506584852934,0.03680889308452606,0.003930841572582722,0.044865552335977554,0.0010032615391537547,0.010025768540799618,0.002875413978472352,0.004528857301920652,0.024523653090000153,0.0005907374434173107,0.2791769206523895,0.22594188153743744,0.4885958433151245,0.28546226024627686
song_61a93b5d45b99392acf44f79106a72ee8e87dee118e990895eafdece3a01ebe9,four-model-production-v1,841d6e6573a1a43336eb7a878f38ebab26e0355d8f61217640e49264b396f608,341,complete,success,367,1,f6c3609a93a96a3eafb2f63e126702887fafbe683deb50a718b93534e129fdc2,71a40996c1021c62d12dc004cbafa3f1c5560162,d272696293bc75d5a82cca2e624800456f734f57382cd9472b5974993ef860cc,success,448,1,841d6e6573a1a43336eb7a878f38ebab26e0355d8f61217640e49264b396f608,d5376446b6accee5dd2d346f2d3050f9d8a69af1,c7548aa09468726af4cfdd0959912467784de4a076786913ada9f0f21b68f60d,success,448,1,841d6e6573a1a43336eb7a878f38ebab26e0355d8f61217640e49264b396f608,d75048347613a25d77de8cf6412eaae9fa7b26be,84d6d338b4cf63f0ed3c990a0ce748d32d1d2965c072f4645accaa71af3888c0,success,442,1,841d6e6573a1a43336eb7a878f38ebab26e0355d8f61217640e49264b396f608,f2f1202b1bdeb07342385c3f807f9c07cd8f5cf8,93316a86051c359748c5d5453e7660c69a21a57cfb477892f95f539e3e171196,0.0008586191106587648,0.24027776718139648,0.1648620218038559,0.006335132289677858,0.03003692254424095,0.00018426850147079676,0.002756021684035659,0.0004865674127358943,0.0033828248269855976,0.020010102540254593,0.0006548863020725548,0.000973565096501261,0.0012228073319420218,0.002130833687260747,0.020392553880810738,0.05213465541601181,0.015665486454963684,0.03461524471640587,0.19530828297138214,0.010411830618977547,0.023289520293474197,0.017179526388645172,0.0008209820953197777,0.001075682113878429,0.0029687704518437386,0.002290340606123209,0.00012733896437566727,0.0009275431511923671,0.005830320529639721,0.0010285744210705161,0.0033112657256424427,0.03232206031680107,0.0002979013661388308,0.015670370310544968,0.002000819891691208,0.0015149241080507636,0.01276608556509018,0.0033179419115185738,0.48912203311920166,0.2788347005844116,0.4063754379749298,0.3147898316383362
song_64d37feb1fa3da190b5b48cdf28bee0181308224ba28cffb740e5048b0ab4306,four-model-production-v1,a887cb9e13aa0c2305d15376a53e54e8112adee579e92bba5b6d4be382cf9ada,273,complete,success,284,1,43eb04d9a20464bedd0a44ca5913282757831951c4683949f0ac2df25b182360,71a40996c1021c62d12dc004cbafa3f1c5560162,d272696293bc75d5a82cca2e624800456f734f57382cd9472b5974993ef860cc,success,354,1,a887cb9e13aa0c2305d15376a53e54e8112adee579e92bba5b6d4be382cf9ada,d5376446b6accee5dd2d346f2d3050f9d8a69af1,c7548aa09468726af4cfdd0959912467784de4a076786913ada9f0f21b68f60d,success,354,1,a887cb9e13aa0c2305d15376a53e54e8112adee579e92bba5b6d4be382cf9ada,d75048347613a25d77de8cf6412eaae9fa7b26be,84d6d338b4cf63f0ed3c990a0ce748d32d1d2965c072f4645accaa71af3888c0,success,337,1,a887cb9e13aa0c2305d15376a53e54e8112adee579e92bba5b6d4be382cf9ada,f2f1202b1bdeb07342385c3f807f9c07cd8f5cf8,93316a86051c359748c5d5453e7660c69a21a57cfb477892f95f539e3e171196,0.012140339240431786,0.006609034724533558,0.11390332132577896,0.0012962698237970471,0.004154458176344633,1.220784724864643e-05,0.0005679505993612111,7.430291589116678e-05,0.0008744334918446839,0.0003783772117458284,0.00019965431420132518,0.0017833062447607517,0.0007832435658201575,0.0026919050142169,0.015059524215757847,0.015423610806465149,0.4349607527256012,0.00278126890771091,0.006507524289190769,0.08404970169067383,0.01054040901362896,0.009964674711227417,0.0018281327793374658,0.0007285632891580462,0.0016454871511086822,0.0036474803928285837,0.0015925324987620115,0.002160953124985099,0.002272941404953599,0.003460366977378726,0.006129548419266939,0.022230831906199455,0.0005791884032078087,0.005221034400165081,0.003083176212385297,0.003762871026992798,0.02791229449212551,0.0005698405439034104,0.5675680637359619,0.19985494017601013,0.4449082016944885,0.35523685812950134
song_664173d13f04a2a5f88c02ccd3d38716d26298f2fac6ddfcf6de0871346f004e,four-model-production-v1,a68507300ddffd3b9127b4e8b48fc0ba18b73bb9f9506566f07c5f109d5bd750,649,complete,success,718,1,1a9e30bddf34aeb292ce7a5f16b4b89902efbc3f595f5ca6b9b114475302363a,71a40996c1021c62d12dc004cbafa3f1c5560162,d272696293bc75d5a82cca2e624800456f734f57382cd9472b5974993ef860cc,success,968,2,a68507300ddffd3b9127b4e8b48fc0ba18b73bb9f9506566f07c5f109d5bd750,d5376446b6accee5dd2d346f2d3050f9d8a69af1,c7548aa09468726af4cfdd0959912467784de4a076786913ada9f0f21b68f60d,success,968,2,a68507300ddffd3b9127b4e8b48fc0ba18b73bb9f9506566f07c5f109d5bd750,d75048347613a25d77de8cf6412eaae9fa7b26be,84d6d338b4cf63f0ed3c990a0ce748d32d1d2965c072f4645accaa71af3888c0,success,1017,2,a68507300ddffd3b9127b4e8b48fc0ba18b73bb9f9506566f07c5f109d5bd750,f2f1202b1bdeb07342385c3f807f9c07cd8f5cf8,93316a86051c359748c5d5453e7660c69a21a57cfb477892f95f539e3e171196,0.9948984980583191,0.9969310760498047,0.9965883493423462,0.2039557695388794,0.8962695002555847,0.030159272253513336,0.731511265039444,0.009800272062420845,0.44640831649303436,0.24704718962311745,0.09838899224996567,0.0009392100910190493,0.0015448722406290472,0.048205654602497816,0.18183956295251846,0.011483182199299335,0.0014112833887338638,0.01545389462262392,0.03003081399947405,0.0013039263430982828,0.05256496835500002,0.030959944240748882,0.010465788654983044,0.006918598082847893,0.000767386140068993,0.004392899398226291,0.00011793533121817745,0.0009208422270603478,0.0007098113710526377,0.0004238079709466547,0.0030530890508089215,0.0020486898720264435,0.0002523838702472858,0.01756085571832955,0.0004916468533338048,0.0005737161409342661,0.014034591498784721,0.003499351441860199,0.679660975933075,0.44979153088529317,0.3481091113510151,0.2020993205181148
song_668b336197fa733f28d2114cb0d4483a98714bc5a9eccdd49869518404fafff0,four-model-production-v1,7a4ce57a61053412580d2ecd67ffdf825e8b4fb67c5cea8d2a6d25031daf6d9a,230,complete,success,244,1,d9aec82d8e599c9f5a8945ffe8861d387e3adcfb7f1e7b9df8b07d5121ebdbde,71a40996c1021c62d12dc004cbafa3f1c5560162,d272696293bc75d5a82cca2e624800456f734f57382cd9472b5974993ef860cc,success,437,1,7a4ce57a61053412580d2ecd67ffdf825e8b4fb67c5cea8d2a6d25031daf6d9a,d5376446b6accee5dd2d346f2d3050f9d8a69af1,c7548aa09468726af4cfdd0959912467784de4a076786913ada9f0f21b68f60d,success,437,1,7a4ce57a61053412580d2ecd67ffdf825e8b4fb67c5cea8d2a6d25031daf6d9a,d75048347613a25d77de8cf6412eaae9fa7b26be,84d6d338b4cf63f0ed3c990a0ce748d32d1d2965c072f4645accaa71af3888c0,success,402,1,7a4ce57a61053412580d2ecd67ffdf825e8b4fb67c5cea8d2a6d25031daf6d9a,f2f1202b1bdeb07342385c3f807f9c07cd8f5cf8,93316a86051c359748c5d5453e7660c69a21a57cfb477892f95f539e3e171196,0.9953603148460388,0.005273283459246159,0.03090703673660755,0.0032218778505921364,0.04529678821563721,8.717194577911869e-05,0.009983678348362446,0.00037237239303067327,0.0029883261304348707,0.0007373979897238314,0.006981065962463617,0.0034245881251990795,0.0012722815154120326,0.005964081734418869,0.01619766652584076,0.02634773775935173,0.0176700372248888,0.006851628888398409,0.023586388677358627,0.0045033665373921394,0.02133837528526783,0.00899585522711277,0.0013925967505201697,0.0008209210354834795,0.0027309798169881105,0.001113430131226778,9.717376087792218e-05,0.0011415650369599462,0.0052619799971580505,0.08933256566524506,0.0013591444585472345,0.004120738245546818,0.00030797612271271646,0.00544325914233923,0.0008520642877556384,0.001434281119145453,0.01797023043036461,0.0013302249135449529,0.7277789115905762,0.3082970380783081,0.46955448389053345,0.22214846312999725
song_685e4dd20b5670c8c388340a9c8da88eade91a4734f2035e159fd6818dcb01ff,four-model-production-v1,5e2fef94d09821a13dfe35e2896fd5a72c16694ba3702d93cf32b121632f4a31,277,complete,success,316,1,0d7bc48f7b31460eaaf4c4fb6a19f5fba4e3059115a45ffaccb025e39bdbcf8b,71a40996c1021c62d12dc004cbafa3f1c5560162,d272696293bc75d5a82cca2e624800456f734f57382cd9472b5974993ef860cc,success,387,1,5e2fef94d09821a13dfe35e2896fd5a72c16694ba3702d93cf32b121632f4a31,d5376446b6accee5dd2d346f2d3050f9d8a69af1,c7548aa09468726af4cfdd0959912467784de4a076786913ada9f0f21b68f60d,success,387,1,5e2fef94d09821a13dfe35e2896fd5a72c16694ba3702d93cf32b121632f4a31,d75048347613a25d77de8cf6412eaae9fa7b26be,84d6d338b4cf63f0ed3c990a0ce748d32d1d2965c072f4645accaa71af3888c0,success,389,1,5e2fef94d09821a13dfe35e2896fd5a72c16694ba3702d93cf32b121632f4a31,f2f1202b1bdeb07342385c3f807f9c07cd8f5cf8,93316a86051c359748c5d5453e7660c69a21a57cfb477892f95f539e3e171196,0.5960744023323059,0.0007829548558220267,0.004739923868328333,0.955799400806427,0.007010935340076685,1.5139237802941352e-05,0.0005410481826402247,0.00012842325668316334,0.0012605355586856604,0.000973429239820689,0.0002794817846734077,0.0015535095008090138,0.001136931125074625,0.0009442550363019109,0.007652787491679192,0.012164393439888954,0.0006433106027543545,0.0965503677725792,0.009005947969853878,0.001332164159975946,0.013450774364173412,0.008593919686973095,0.001232034177519381,0.0016702755820006132,0.0025812184903770685,0.0018940133741125464,0.0006343681598082185,0.0007098513306118548,0.0018864385783672333,0.0010959869250655174,0.001654587802477181,0.005079173948615789,0.00035968399606645107,0.06272310763597488,0.0008339273044839501,0.0007536526536568999,0.0035951840691268444,0.017877675592899323,0.874829888343811,0.2812710702419281,0.423035591840744,0.29569336771965027
song_68d640ac4fc975b64ce9e4bbc60e2ec30d3246571962c1f2a6fff343b9086273,four-model-production-v1,394e6cfeea32d75e0124d47fb131ef2623f23bcf1b329954b12770070541f37a,394,complete,success,411,1,e1d8f5e74e4b405a69f9f687f61e494161ae12ccc64beaac3737a22a252d58f1,71a40996c1021c62d12dc004cbafa3f1c5560162,d272696293bc75d5a82cca2e624800456f734f57382cd9472b5974993ef860cc,success,555,2,394e6cfeea32d75e0124d47fb131ef2623f23bcf1b329954b12770070541f37a,d5376446b6accee5dd2d346f2d3050f9d8a69af1,c7548aa09468726af4cfdd0959912467784de4a076786913ada9f0f21b68f60d,success,555,2,394e6cfeea32d75e0124d47fb131ef2623f23bcf1b329954b12770070541f37a,d75048347613a25d77de8cf6412eaae9fa7b26be,84d6d338b4cf63f0ed3c990a0ce748d32d1d2965c072f4645accaa71af3888c0,success,517,2,394e6cfeea32d75e0124d47fb131ef2623f23bcf1b329954b12770070541f37a,f2f1202b1bdeb07342385c3f807f9c07cd8f5cf8,93316a86051c359748c5d5453e7660c69a21a57cfb477892f95f539e3e171196,0.9873578548431396,0.002110506175085902,0.2991562485694885,0.0020660313311964273,0.005374983620938954,4.052612324206469e-05,0.0005123396997700806,8.683199380725823e-05,0.0009898219213544115,0.003221594979399228,0.0006835212322740673,0.5469039940082275,0.004173794791505143,0.0015745246346603643,0.004563721632668832,0.09135736283418294,0.005551146691128075,0.0008274262773107972,0.0010536510650454474,0.00697996628445548,0.004300489939480751,0.0025107666334086977,0.0008469398175408174,0.0005976996953003445,0.05843811527834282,0.000911462175248711,0.0025849307975354227,0.0012441428000661166,0.2769343776745839,0.2703537334998449,0.0009523067730353088,0.0070975693966354335,0.010701351220140586,0.011223447052678009,0.007084469189280056,0.00041190086578665015,0.0037501910223147355,0.006643973182685472,0.0324724247326722,0.18300317599648894,0.392175206248027,0.4248216326278229
song_68dc4986474def8d475f2c997d665706774730408ee1330071322a31354abc97,four-model-production-v1,012b3e82ddbe9894c4ed9a201d4dda6cc8d2c92b832fa70cd1ffd5689e167bde,190,complete,success,211,1,3ef6e6581e19e469892719d01a9e42ff79f43691779f781623ab11e114667ee1,71a40996c1021c62d12dc004cbafa3f1c5560162,d272696293bc75d5a82cca2e624800456f734f57382cd9472b5974993ef860cc,success,287,1,012b3e82ddbe9894c4ed9a201d4dda6cc8d2c92b832fa70cd1ffd5689e167bde,d5376446b6accee5dd2d346f2d3050f9d8a69af1,c7548aa09468726af4cfdd0959912467784de4a076786913ada9f0f21b68f60d,success,287,1,012b3e82ddbe9894c4ed9a201d4dda6cc8d2c92b832fa70cd1ffd5689e167bde,d75048347613a25d77de8cf6412eaae9fa7b26be,84d6d338b4cf63f0ed3c990a0ce748d32d1d2965c072f4645accaa71af3888c0,success,286,1,012b3e82ddbe9894c4ed9a201d4dda6cc8d2c92b832fa70cd1ffd5689e167bde,f2f1202b1bdeb07342385c3f807f9c07cd8f5cf8,93316a86051c359748c5d5453e7660c69a21a57cfb477892f95f539e3e171196,0.9974713325500488,0.014896214939653873,0.009161537513136864,0.007744854781776667,0.0019960456993430853,1.2076214261469431e-05,0.0002623798791319132,5.2273702749516815e-05,0.0005681837210431695,0.00032940602977760136,0.00012518116272985935,0.04283415898680687,0.01224492583423853,0.001889794017188251,0.004936319775879383,0.03182040527462959,0.004649400245398283,0.007496284786611795,0.03217077627778053,0.0029274066910147667,0.0028466794174164534,0.0024017663672566414,0.000666565727442503,0.0008197497227229178,0.17094995081424713,0.0018386284355074167,0.00047671125503256917,0.0007334344554692507,0.12252075225114822,0.306792676448822,0.0018427198519930243,0.006108179688453674,0.001430508797056973,0.006802871357649565,0.0019011815311387181,0.00043153009028173983,0.0020194423850625753,0.046441737562417984,0.1405865103006363,0.2258272022008896,0.45231229066848755,0.32186049222946167
song_690e3e60b5c5037449b2757dda9d6757ed3ec925b71a0e80ad7109d85f8667b5,four-model-production-v1,8950a55950e9862196a5e95e3179c34bfa1a9f51e54fe20cd05cef9e7f631f85,359,complete,success,415,1,afd22a9431f1ab0d3a16d76289aaa06434fafea5c1cc117179a1d8c4e874852e,71a40996c1021c62d12dc004cbafa3f1c5560162,d272696293bc75d5a82cca2e624800456f734f57382cd9472b5974993ef860cc,success,647,2,8950a55950e9862196a5e95e3179c34bfa1a9f51e54fe20cd05cef9e7f631f85,d5376446b6accee5dd2d346f2d3050f9d8a69af1,c7548aa09468726af4cfdd0959912467784de4a076786913ada9f0f21b68f60d,success,647,2,8950a55950e9862196a5e95e3179c34bfa1a9f51e54fe20cd05cef9e7f631f85,d75048347613a25d77de8cf6412eaae9fa7b26be,84d6d338b4cf63f0ed3c990a0ce748d32d1d2965c072f4645accaa71af3888c0,success,561,2,8950a55950e9862196a5e95e3179c34bfa1a9f51e54fe20cd05cef9e7f631f85,f2f1202b1bdeb07342385c3f807f9c07cd8f5cf8,93316a86051c359748c5d5453e7660c69a21a57cfb477892f95f539e3e171196,0.9943048357963562,0.0023399631027132273,0.008189156651496887,0.03768407553434372,0.19198518968439177,0.00013418516720475275,0.006408532450214558,0.05276978692440014,0.005574178857472617,0.003124122545655696,0.0033954860827161526,0.2591405610195498,0.002120388148156739,0.012305763905646258,0.04014372283238716,0.05429741500702671,0.0016321451293442749,0.003241180255865157,0.010014871368544547,0.024336999837867627,0.012105091025842674,0.0175015270145728,0.004608931355293512,0.0005789253659369323,0.06178068513571756,0.0007614453215766669,0.0005291094648571889,0.0003726390234775513,0.018224745766451177,0.3092151016710899,0.0004929253807035166,0.002240446352628758,0.0014410294444657217,0.003652411529584176,0.0006398623436761349,0.00022078868419319171,0.0021929765311595184,0.003435195196589809,0.17243546003351992,0.1535523461307434,0.3489466095990676,0.4975010666617735
song_69477b76eb9ee69138b17fdc61df826efb06f1ca55a3f48049c74e8cc538def8,four-model-production-v1,e0c07550ff04fc13c919034ade0e357174056225f73ed8cfad2cb13c41d49142,162,complete,success,173,1,5c73119509f2a0aaa1be37fd8ec938b37a7411b423a9dfd8f01284d108b095de,71a40996c1021c62d12dc004cbafa3f1c5560162,d272696293bc75d5a82cca2e624800456f734f57382cd9472b5974993ef860cc,success,215,1,e0c07550ff04fc13c919034ade0e357174056225f73ed8cfad2cb13c41d49142,d5376446b6accee5dd2d346f2d3050f9d8a69af1,c7548aa09468726af4cfdd0959912467784de4a076786913ada9f0f21b68f60d,success,215,1,e0c07550ff04fc13c919034ade0e357174056225f73ed8cfad2cb13c41d49142,d75048347613a25d77de8cf6412eaae9fa7b26be,84d6d338b4cf63f0ed3c990a0ce748d32d1d2965c072f4645accaa71af3888c0,success,213,1,e0c07550ff04fc13c919034ade0e357174056225f73ed8cfad2cb13c41d49142,f2f1202b1bdeb07342385c3f807f9c07cd8f5cf8,93316a86051c359748c5d5453e7660c69a21a57cfb477892f95f539e3e171196,0.9891304969787598,0.01630721241235733,0.0018073123646900058,0.006800690200179815,0.007598110008984804,1.4644464499724563e-05,0.0006285862764343619,0.00012222889927215874,0.000496990280225873,0.0003222889790777117,0.005658040754497051,0.002957337535917759,0.002972185146063566,0.004941902123391628,0.01027672365307808,0.019958430901169777,0.006246303673833609,0.024608446285128593,0.10524200648069382,0.7160058617591858,0.013069880194962025,0.006598383188247681,0.0032582562416791916,0.0011889220913872123,0.011893808841705322,0.003952919039875269,0.001363901887089014,0.0011419414076954126,0.0073114074766635895,0.1351642906665802,0.002977346070110798,0.03575184941291809,0.00040402350714430213,0.007455493323504925,0.0008525032899342477,0.005477162543684244,0.007486219052225351,0.004555075895041227,0.07458005845546722,0.2738986611366272,0.4432776868343353,0.28282368183135986
song_69823ed1beab1c15adab303458294de6aa805b844e4d9bc1cb759b53d8e1d0b8,four-model-production-v1,d7a7f03575fafd2da31ec8415232bc7aecc50e5bca0bb24bb71a59b509a56df9,635,complete,success,673,1,02850d073f7766af7a2d0db39fd92c2e76abcf8d0029fcae2769d9fe0ab1bc24,71a40996c1021c62d12dc004cbafa3f1c5560162,d272696293bc75d5a82cca2e624800456f734f57382cd9472b5974993ef860cc,success,929,2,d7a7f03575fafd2da31ec8415232bc7aecc50e5bca0bb24bb71a59b509a56df9,d5376446b6accee5dd2d346f2d3050f9d8a69af1,c7548aa09468726af4cfdd0959912467784de4a076786913ada9f0f21b68f60d,success,929,2,d7a7f03575fafd2da31ec8415232bc7aecc50e5bca0bb24bb71a59b509a56df9,d75048347613a25d77de8cf6412eaae9fa7b26be,84d6d338b4cf63f0ed3c990a0ce748d32d1d2965c072f4645accaa71af3888c0,success,929,2,d7a7f03575fafd2da31ec8415232bc7aecc50e5bca0bb24bb71a59b509a56df9,f2f1202b1bdeb07342385c3f807f9c07cd8f5cf8,93316a86051c359748c5d5453e7660c69a21a57cfb477892f95f539e3e171196,0.9946803450584412,0.9969305396080017,0.9922268390655518,0.9907199144363403,0.969897348991123,0.09750823988564176,0.9101023024711978,0.032310463666546975,0.5064056391544055,0.272312967317225,0.27160715986247724,0.0011558005835262475,0.10194858181502357,0.2969401977932235,0.28532364659725146,0.005804671195663504,0.0019124600867388931,0.0060916048052557315,0.0030377563074094806,0.0023475438825068325,0.07565823043380795,0.03758670461832258,0.0275500126311353,0.009564564619473992,0.0026249691026447694,0.008904885538764482,0.00023109218486247883,0.0015763172825178848,0.005377075091291087,0.005366478996517776,0.003337032440348064,0.0021090756052156634,0.0007680939103574949,0.011280039624101507,0.0006354951505364793,0.0009819768737366,0.028794806707245414,0.0063756158218525585,0.21725897816590267,0.3519503888067568,0.42889190262305854,0.2191577085220647
song_6dc4b05872cf526300be88208f4fd48cdc16f207b865ca7c05fd42fcada13675,four-model-production-v1,1745409b22da4b50895ff3d70ff22ba4939aadcbf6f1648fb684eb3adf0a8ae4,119,complete,success,137,1,06b82a7dc054288e0216e5f6bf43ce780dfae5a4feef730fc9f87c3c549a7034,71a40996c1021c62d12dc004cbafa3f1c5560162,d272696293bc75d5a82cca2e624800456f734f57382cd9472b5974993ef860cc,success,158,1,1745409b22da4b50895ff3d70ff22ba4939aadcbf6f1648fb684eb3adf0a8ae4,d5376446b6accee5dd2d346f2d3050f9d8a69af1,c7548aa09468726af4cfdd0959912467784de4a076786913ada9f0f21b68f60d,success,158,1,1745409b22da4b50895ff3d70ff22ba4939aadcbf6f1648fb684eb3adf0a8ae4,d75048347613a25d77de8cf6412eaae9fa7b26be,84d6d338b4cf63f0ed3c990a0ce748d32d1d2965c072f4645accaa71af3888c0,success,164,1,1745409b22da4b50895ff3d70ff22ba4939aadcbf6f1648fb684eb3adf0a8ae4,f2f1202b1bdeb07342385c3f807f9c07cd8f5cf8,93316a86051c359748c5d5453e7660c69a21a57cfb477892f95f539e3e171196,0.005797978490591049,0.006606536917388439,0.005478687584400177,0.004868514370173216,0.0011467192089185119,3.6057365377928363e-06,8.708363020559773e-05,0.0002214985288446769,0.0001471626601414755,0.00011956903472309932,3.126884621451609e-05,0.006600681226700544,0.0031696606893092394,0.002153565641492605,0.009771973825991154,0.013490550220012665,0.0050845216028392315,0.0009561008191667497,0.002164276549592614,0.03267299756407738,0.006083925720304251,0.001952209509909153,0.0012731525348499417,0.0010473706061020494,0.3249724805355072,0.0018187594832852483,0.00508073577657342,0.0016072830185294151,0.1742708683013916,0.005386288743466139,0.0025396610144525766,0.006649857386946678,0.0035994432400912046,0.007974682375788689,0.00623488612473011,0.000830582226626575,0.009064823389053345,0.006252543069422245,0.22354598343372345,0.22032895684242249,0.42359980940818787,0.3560712933540344
song_6f4dfcd36cc7c0bd6c33b7074f8be8254768e06df0d3616b1aa5940c9bcf8caa,four-model-production-v1,23d1a36f74ba9072d6d89587af73c4bd86e454499429160e2551d8b9f7614dd5,547,complete,success,647,1,48007b51009091a19eb24e80b01bc8bd763b8e251e9d3b4d342c69620697a1da,71a40996c1021c62d12dc004cbafa3f1c5560162,d272696293bc75d5a82cca2e624800456f734f57382cd9472b5974993ef860cc,success,890,2,23d1a36f74ba9072d6d89587af73c4bd86e454499429160e2551d8b9f7614dd5,d5376446b6accee5dd2d346f2d3050f9d8a69af1,c7548aa09468726af4cfdd0959912467784de4a076786913ada9f0f21b68f60d,success,890,2,23d1a36f74ba9072d6d89587af73c4bd86e454499429160e2551d8b9f7614dd5,d75048347613a25d77de8cf6412eaae9fa7b26be,84d6d338b4cf63f0ed3c990a0ce748d32d1d2965c072f4645accaa71af3888c0,success,891,2,23d1a36f74ba9072d6d89587af73c4bd86e454499429160e2551d8b9f7614dd5,f2f1202b1bdeb07342385c3f807f9c07cd8f5cf8,93316a86051c359748c5d5453e7660c69a21a57cfb477892f95f539e3e171196,0.9887295365333557,0.001879046089015901,0.018967874348163605,0.006855555810034275,0.00470656412653625,1.8661528656593873e-05,0.0008828348436509259,9.305457933805883e-05,0.00036827816074946895,0.0003601786884246394,0.0011605410618358292,0.05875394865870476,0.015670779161155224,0.0020111475023441017,0.008805041434243321,0.1235909890383482,0.0038638681871816516,0.0015750076272524893,0.002468798600602895,0.002320938103366643,0.0018982863402925432,0.0034427097998559475,0.0009390067716594785,0.0008463433769065887,0.09577585756778717,0.0010285341122653335,0.0005263465136522427,0.00041411253914702684,0.1468699537217617,0.007143602706491947,0.0010114825854543597,0.004187923274002969,0.006011186167597771,0.010355948470532894,0.004503556760028005,0.00020790573762496933,0.0008860759844537824,0.0023925823625177145,0.6095129996538162,0.192506902546995,0.48961697550601296,0.3178761368314291
song_70546899a6e183f6372805a853d775765a7e8a8830aa028622ddbb39c3c6887a,four-model-production-v1,854c70104acf7e541369ce1f8fa5f7e9b16180fa7bce69fb5dae5a4d03087063,176,complete,success,183,1,3d3192987b0135924c118da24ea14455144176e539631023b98a4202bdf62637,71a40996c1021c62d12dc004cbafa3f1c5560162,d272696293bc75d5a82cca2e624800456f734f57382cd9472b5974993ef860cc,success,234,1,854c70104acf7e541369ce1f8fa5f7e9b16180fa7bce69fb5dae5a4d03087063,d5376446b6accee5dd2d346f2d3050f9d8a69af1,c7548aa09468726af4cfdd0959912467784de4a076786913ada9f0f21b68f60d,success,234,1,854c70104acf7e541369ce1f8fa5f7e9b16180fa7bce69fb5dae5a4d03087063,d75048347613a25d77de8cf6412eaae9fa7b26be,84d6d338b4cf63f0ed3c990a0ce748d32d1d2965c072f4645accaa71af3888c0,success,222,1,854c70104acf7e541369ce1f8fa5f7e9b16180fa7bce69fb5dae5a4d03087063,f2f1202b1bdeb07342385c3f807f9c07cd8f5cf8,93316a86051c359748c5d5453e7660c69a21a57cfb477892f95f539e3e171196,0.0022048098035156727,0.029758000746369362,0.005982541479170322,0.004820812027901411,0.037466250360012054,2.1658450350514613e-05,0.0012118950253352523,0.0039094071835279465,0.003825373947620392,0.0012316798092797399,0.0003909085935447365,0.0009987776866182685,0.0011815977049991488,0.009408002719283104,0.019727375358343124,0.01580512337386608,0.17505690455436707,0.0059506939724087715,0.016004303470253944,0.034491781145334244,0.06535457074642181,0.008653384633362293,0.003360448870807886,0.001400413573719561,0.0009885140461847186,0.005161733366549015,0.0003905332996509969,0.01163928396999836,0.002106841653585434,0.01633657142519951,0.010335251688957214,0.03346278890967369,0.00040756710222922266,0.010746314190328121,0.002021648222580552,0.021886512637138367,0.5444185137748718,0.0012764435959979892,0.28678834438323975,0.39090514183044434,0.41328859329223633,0.19580624997615814
song_70c1dfe984e3e546f3fbcec256b41023637c8fd480ba3adfb34647894f32f4f0,four-model-production-v1,90eba220c121668d69b0b6f2e5b6d2e759500d9ce5f204186facbed266ef1719,106,complete,success,118,1,a0345cba03858f61379055ab4862e7e804d4c64344f8635449d04b948a745c18,71a40996c1021c62d12dc004cbafa3f1c5560162,d272696293bc75d5a82cca2e624800456f734f57382cd9472b5974993ef860cc,success,139,1,90eba220c121668d69b0b6f2e5b6d2e759500d9ce5f204186facbed266ef1719,d5376446b6accee5dd2d346f2d3050f9d8a69af1,c7548aa09468726af4cfdd0959912467784de4a076786913ada9f0f21b68f60d,success,139,1,90eba220c121668d69b0b6f2e5b6d2e759500d9ce5f204186facbed266ef1719,d75048347613a25d77de8cf6412eaae9fa7b26be,84d6d338b4cf63f0ed3c990a0ce748d32d1d2965c072f4645accaa71af3888c0,success,129,1,90eba220c121668d69b0b6f2e5b6d2e759500d9ce5f204186facbed266ef1719,f2f1202b1bdeb07342385c3f807f9c07cd8f5cf8,93316a86051c359748c5d5453e7660c69a21a57cfb477892f95f539e3e171196,0.9103488326072693,0.007667535915970802,0.002050632145255804,0.002022460335865617,0.0018613551510497928,9.009708264784422e-06,0.0002565655158832669,3.6977500712964684e-05,0.00043192249722778797,0.0004144727427046746,0.000376353069441393,0.016087327152490616,0.0008116741664707661,0.0037079202011227608,0.004604713059961796,0.08999836444854736,0.10664581507444382,0.001254133298061788,0.0022871491964906454,0.07433529943227768,0.00263218954205513,0.003394929226487875,0.001596913207322359,0.00040466702193953097,0.010070749558508396,0.0014423473039641976,0.009202606976032257,0.0008290107361972332,0.011867689900100231,0.8151458501815796,0.0010500536300241947,0.02859976328909397,0.0012031685328111053,0.003930780105292797,0.001599997514858842,0.0023726217914372683,0.0038313311524689198,0.0007537017809227109,0.08941274136304855,0.14431458711624146,0.3332723379135132,0.5224130749702454
song_72f1e6ab0eb9c3eea261bf3418510cf8ca46eb5d09386d74e937ff2a0b7160f0,four-model-production-v1,36333c7328a05143d6b6f00349e3e9af361424d7b615eaf16651bbdcfd39666d,734,complete,success,815,1,f693f1e5567a3e356c1f8cd9559a76e0e9444c6fb6f501a7c32bf445e0ccec50,71a40996c1021c62d12dc004cbafa3f1c5560162,d272696293bc75d5a82cca2e624800456f734f57382cd9472b5974993ef860cc,success,1140,3,36333c7328a05143d6b6f00349e3e9af361424d7b615eaf16651bbdcfd39666d,d5376446b6accee5dd2d346f2d3050f9d8a69af1,c7548aa09468726af4cfdd0959912467784de4a076786913ada9f0f21b68f60d,success,1140,3,36333c7328a05143d6b6f00349e3e9af361424d7b615eaf16651bbdcfd39666d,d75048347613a25d77de8cf6412eaae9fa7b26be,84d6d338b4cf63f0ed3c990a0ce748d32d1d2965c072f4645accaa71af3888c0,success,1132,3,36333c7328a05143d6b6f00349e3e9af361424d7b615eaf16651bbdcfd39666d,f2f1202b1bdeb07342385c3f807f9c07cd8f5cf8,93316a86051c359748c5d5453e7660c69a21a57cfb477892f95f539e3e171196,0.9503945708274841,0.0010610183235257864,0.09799260646104813,0.0033807663712650537,0.0040338581505542,1.9955545212724246e-05,0.00044488820518987876,0.00014983961106433222,0.0004224027701032658,0.00168358045630157,0.0015407808847764197,0.03500393141681949,0.00916814555724462,0.0012056575700019796,0.0036980020813643932,0.1699869086345037,0.005820690149751802,0.0020338297084284327,0.002837773102025191,0.00450399424880743,0.0012487583056402702,0.001724314681875209,0.0007549019646830857,0.0005861628063333532,0.2706292122602463,0.0010715630875589948,0.0017315306855986516,0.000465830749211212,0.17214376479387283,0.019125269105037052,0.0012001174036413431,0.01171958353370428,0.003926441927130024,0.010423306686182817,0.004618456897636254,0.00029660579942477244,0.0010769406605201464,0.005824000341817737,0.3277755528688431,0.17260805118578904,0.39388345808527914,0.43350847584093416
song_73fbb9f604cb292bdaf3f319390e188d21615475a6a3d28edf6ac1e542bb9ab8,four-model-production-v1,846c27ada5a5e772d75a8325d2f63a63ee1b7bb675451599a68496f57695e96a,521,complete,success,632,1,095411b63fb0a9002e9f3d38f8045b9de093f754980c3854ed82128c981dad2e,71a40996c1021c62d12dc004cbafa3f1c5560162,d272696293bc75d5a82cca2e624800456f734f57382cd9472b5974993ef860cc,success,808,2,846c27ada5a5e772d75a8325d2f63a63ee1b7bb675451599a68496f57695e96a,d5376446b6accee5dd2d346f2d3050f9d8a69af1,c7548aa09468726af4cfdd0959912467784de4a076786913ada9f0f21b68f60d,success,808,2,846c27ada5a5e772d75a8325d2f63a63ee1b7bb675451599a68496f57695e96a,d75048347613a25d77de8cf6412eaae9fa7b26be,84d6d338b4cf63f0ed3c990a0ce748d32d1d2965c072f4645accaa71af3888c0,success,850,2,846c27ada5a5e772d75a8325d2f63a63ee1b7bb675451599a68496f57695e96a,f2f1202b1bdeb07342385c3f807f9c07cd8f5cf8,93316a86051c359748c5d5453e7660c69a21a57cfb477892f95f539e3e171196,0.9756882786750793,0.02497812919318676,0.9980977177619934,0.00516203697770834,0.9581177532672882,0.02083467529155314,0.8286476135253906,0.0025703315623104572,0.49884822964668274,0.012292306404560804,0.1524147316813469,0.0005897366208955646,0.004299201536923647,0.038140786811709404,0.2227083221077919,0.034054421819746494,0.003951272345148027,0.05917206034064293,0.07310866191983223,0.0015087651554495096,0.07002226635813713,0.058141106739640236,0.01599440723657608,0.2697342708706856,0.001462733547668904,0.007409950019791722,0.0004289872304070741,0.0028030743123963475,0.0021013040095567703,0.0012132744304835796,0.009202699409797788,0.0029132491908967495,0.0007809411908965558,0.11102256923913956,0.002211033715866506,0.042226484045386314,0.034859344363212585,0.014472885057330132,0.1301567181944847,0.5053280591964722,0.3551134616136551,0.13955848664045334
song_751d25e9b99372f7eda29a930ec0da919ff16f4b64b750d2e0374512195983b1,four-model-production-v1,4de28232f83c3c5c018f36a9eec0a7bb407158bae867e696c56de9e4498c7e80,661,complete,success,716,1,81d50b4f3942ae091c1bde4728007f57301df24cacaca5b83e50f1afffe25534,71a40996c1021c62d12dc004cbafa3f1c5560162,d272696293bc75d5a82cca2e624800456f734f57382cd9472b5974993ef860cc,success,1047,3,4de28232f83c3c5c018f36a9eec0a7bb407158bae867e696c56de9e4498c7e80,d5376446b6accee5dd2d346f2d3050f9d8a69af1,c7548aa09468726af4cfdd0959912467784de4a076786913ada9f0f21b68f60d,success,1047,3,4de28232f83c3c5c018f36a9eec0a7bb407158bae867e696c56de9e4498c7e80,d75048347613a25d77de8cf6412eaae9fa7b26be,84d6d338b4cf63f0ed3c990a0ce748d32d1d2965c072f4645accaa71af3888c0,success,1036,3,4de28232f83c3c5c018f36a9eec0a7bb407158bae867e696c56de9e4498c7e80,f2f1202b1bdeb07342385c3f807f9c07cd8f5cf8,93316a86051c359748c5d5453e7660c69a21a57cfb477892f95f539e3e171196,0.9263061285018921,0.9965006113052368,0.9945549964904785,0.9985647797584534,0.4778671662012736,0.0025973564843297936,0.3892898348470529,0.005080884322524071,0.06823635706678033,0.03645367935920755,0.011264677392318845,0.004996859856570761,0.1998270076389114,0.0024584093674396477,0.021011079506327707,0.056403130292892456,0.0026519808064525328,0.009234404230179885,0.0024585732414076724,0.008519314811564982,0.02093766680142532,0.0043141973825792474,0.002738670154940337,0.00545317807700485,0.014381885528564453,0.004215655324514955,0.0008359763499659797,0.0013186101568862796,0.07729122911890347,0.0014172784285619855,0.012066613649949431,0.0071065255130330724,0.002500795371209582,0.04866710305213928,0.006616874287525813,0.002143726946087554,0.020268560425999265,0.003534591174684465,0.5889918555816015,0.23923237561374097,0.4416104728593329,0.31915717143349664
song_7581bf1aa60711a8fb70d6f74beab7986e56b266a494f31317d281a2e6fbe93c,four-model-production-v1,a0796e30d5fb31111df8aef52a5ef24693e78e95236c0f9a43b7bfb6f111c6be,250,complete,success,280,1,03a646c0aa3a06db970dd2186ee67e9081be88fdcea3bae6e10660b16ad229b0,71a40996c1021c62d12dc004cbafa3f1c5560162,d272696293bc75d5a82cca2e624800456f734f57382cd9472b5974993ef860cc,success,331,1,a0796e30d5fb31111df8aef52a5ef24693e78e95236c0f9a43b7bfb6f111c6be,d5376446b6accee5dd2d346f2d3050f9d8a69af1,c7548aa09468726af4cfdd0959912467784de4a076786913ada9f0f21b68f60d,success,331,1,a0796e30d5fb31111df8aef52a5ef24693e78e95236c0f9a43b7bfb6f111c6be,d75048347613a25d77de8cf6412eaae9fa7b26be,84d6d338b4cf63f0ed3c990a0ce748d32d1d2965c072f4645accaa71af3888c0,success,323,1,a0796e30d5fb31111df8aef52a5ef24693e78e95236c0f9a43b7bfb6f111c6be,f2f1202b1bdeb07342385c3f807f9c07cd8f5cf8,93316a86051c359748c5d5453e7660c69a21a57cfb477892f95f539e3e171196,0.14211319386959076,0.9909857511520386,0.005534668453037739,0.003743519075214863,0.008319255895912647,4.416648152982816e-05,0.0008472189656458795,0.00011093619832536206,0.0015547978691756725,0.0014897825894877315,0.0019063825020566583,0.006816880777478218,0.0020215134136378765,0.001405712217092514,0.010997901670634747,0.06067650765180588,0.0025379937142133713,0.001111893798224628,0.00043381963041611016,0.0012013172963634133,0.005683031398802996,0.005697005428373814,0.0015118552837520838,0.0005465092835947871,0.001207792549394071,0.0008618909050710499,0.00044330337550491095,0.0003745375433936715,0.004026350565254688,0.0018139249878004193,0.00042418306111358106,0.0044296374544501305,0.0009071178501471877,0.017048170790076256,0.0011946652084589005,0.000372968555893749,0.002279160311445594,0.0004329978546593338,0.9294383525848389,0.31416457891464233,0.4322799742221832,0.25355544686317444
song_78c324bb1753edee02a96e81fa7c91ef1a4f1af07ad7ab4255aea291c7478be7,four-model-production-v1,2f9298cc68f3d392d1c6a354ab91ced7c5c6aca30507851e3a4973ee65b66cea,197,complete,success,209,1,0a9f87aeab20f54973b82948269dba0951d7f79896189aa820b4bb75938011d4,71a40996c1021c62d12dc004cbafa3f1c5560162,d272696293bc75d5a82cca2e624800456f734f57382cd9472b5974993ef860cc,success,261,1,2f9298cc68f3d392d1c6a354ab91ced7c5c6aca30507851e3a4973ee65b66cea,d5376446b6accee5dd2d346f2d3050f9d8a69af1,c7548aa09468726af4cfdd0959912467784de4a076786913ada9f0f21b68f60d,success,261,1,2f9298cc68f3d392d1c6a354ab91ced7c5c6aca30507851e3a4973ee65b66cea,d75048347613a25d77de8cf6412eaae9fa7b26be,84d6d338b4cf63f0ed3c990a0ce748d32d1d2965c072f4645accaa71af3888c0,success,249,1,2f9298cc68f3d392d1c6a354ab91ced7c5c6aca30507851e3a4973ee65b66cea,f2f1202b1bdeb07342385c3f807f9c07cd8f5cf8,93316a86051c359748c5d5453e7660c69a21a57cfb477892f95f539e3e171196,0.9374442100524902,0.004727482795715332,0.0021000588312745094,0.0027991561219096184,0.0011568046174943447,3.879957603203366e-06,0.00015183932555373758,3.0128137950669043e-05,0.00021516962442547083,8.162963058566675e-05,8.204628829844296e-05,0.04041177034378052,0.0012419819831848145,0.003191789612174034,0.0032812762074172497,0.04727386683225632,0.01475201454013586,0.012354135513305664,0.03164255991578102,0.008637601509690285,0.002191194798797369,0.0029071206226944923,0.0010673231445252895,0.00043760440894402564,0.009849117137491703,0.0019662983249872923,0.0024335067719221115,0.000555636128410697,0.014569935388863087,0.9265157580375671,0.0011499773245304823,0.011987912468612194,0.00047950720181688666,0.0060064904391765594,0.0006288164295256138,0.0012682974338531494,0.0026162746362388134,0.0032457460183650255,0.03991226479411125,0.18607433140277863,0.4148847162723541,0.39904099702835083
song_7b39fa8565b77206c6f3d1bb4aa7b3ff89f36a80a58190cf6714a3a2ce1ba216,four-model-production-v1,e49a07d7cb2bc1cea1b3bf06b29d2ea0a3bf48231381230b778be27cfed8c14a,263,complete,success,436,1,f9c16f9b5c0dcf64b8049a768d0a0db5be957e64d11871bc22cd2f2d3d5bfcb0,71a40996c1021c62d12dc004cbafa3f1c5560162,d272696293bc75d5a82cca2e624800456f734f57382cd9472b5974993ef860cc,success,587,2,e49a07d7cb2bc1cea1b3bf06b29d2ea0a3bf48231381230b778be27cfed8c14a,d5376446b6accee5dd2d346f2d3050f9d8a69af1,c7548aa09468726af4cfdd0959912467784de4a076786913ada9f0f21b68f60d,success,587,2,e49a07d7cb2bc1cea1b3bf06b29d2ea0a3bf48231381230b778be27cfed8c14a,d75048347613a25d77de8cf6412eaae9fa7b26be,84d6d338b4cf63f0ed3c990a0ce748d32d1d2965c072f4645accaa71af3888c0,success,398,1,e49a07d7cb2bc1cea1b3bf06b29d2ea0a3bf48231381230b778be27cfed8c14a,f2f1202b1bdeb07342385c3f807f9c07cd8f5cf8,93316a86051c359748c5d5453e7660c69a21a57cfb477892f95f539e3e171196,0.9057593941688538,0.0007425584481097758,0.15915340185165405,0.08841780573129654,0.11962973540950268,0.00022668579842790554,0.037904685391731925,0.0004828525790421124,0.00853537743692199,0.00813507736903287,0.002271007458493748,0.0015530994650233517,0.003506258720678025,0.002546022934093437,0.008126851677374194,0.016489527434161412,0.001336864092239707,0.013412680154828136,0.023912618486480422,0.0013627332462286623,0.0023770961681225384,0.003120113759550696,0.0014265172530181414,0.0006976523098466026,0.0029876254172916355,0.001058657586001799,0.0003658672941458337,0.00036600744118715686,0.0023824640177269635,0.0015805697182012528,0.00040878545396899396,0.002069033551453478,0.00024918071871894704,0.005777823181070857,0.0003495068764123666,0.000340629493616588,0.0017189463093603948,0.0017090899226441345,0.9444500966413261,0.25455814599990845,0.4302690029144287,0.31517285108566284
song_7ca9c9ba50368ace4ab1ebc78a7987f6aec3f2ebfc55805c5aa8c879175e0b2a,four-model-production-v1,5f877006745ae5ae552b997af50020326f6480745e9a510af809ca545bc80984,251,complete,success,259,1,f3af84cde334218070cc0b145822170113c2668b2daf9fc603a5f6f1cd1d5e9f,71a40996c1021c62d12dc004cbafa3f1c5560162,d272696293bc75d5a82cca2e624800456f734f57382cd9472b5974993ef860cc,success,311,1,5f877006745ae5ae552b997af50020326f6480745e9a510af809ca545bc80984,d5376446b6accee5dd2d346f2d3050f9d8a69af1,c7548aa09468726af4cfdd0959912467784de4a076786913ada9f0f21b68f60d,success,311,1,5f877006745ae5ae552b997af50020326f6480745e9a510af809ca545bc80984,d75048347613a25d77de8cf6412eaae9fa7b26be,84d6d338b4cf63f0ed3c990a0ce748d32d1d2965c072f4645accaa71af3888c0,success,288,1,5f877006745ae5ae552b997af50020326f6480745e9a510af809ca545bc80984,f2f1202b1bdeb07342385c3f807f9c07cd8f5cf8,93316a86051c359748c5d5453e7660c69a21a57cfb477892f95f539e3e171196,0.06860651820898056,0.00782586820423603,0.0017779801273718476,0.0018671099096536636,0.039640508592128754,3.0491150027955882e-05,0.0019160157535225153,0.010308300144970417,0.0012096214340999722,0.00033948669442906976,0.00028323641163297,0.017548514530062675,0.0015121489996090531,0.005722544621676207,0.010256295092403889,0.06752753257751465,0.10127314180135727,0.0014009025180712342,0.004441705532371998,0.7058394551277161,0.0057495213113725185,0.004214693326503038,0.004204061813652515,0.0006967972149141133,0.009383955970406532,0.0020628839265555143,0.008877553977072239,0.0013586978893727064,0.009626462124288082,0.2921407222747803,0.0017573576187714934,0.045404303818941116,0.001687557902187109,0.005210002884268761,0.0018734898185357451,0.0038984171114861965,0.00800381600856781,0.0007520141080021858,0.05833170562982559,0.19917844235897064,0.47545525431632996,0.325366348028183
song_7cfaf4be60351ae529bbb4b6a7b493826b52baf2985f565b0e889b3c23ab5e29,four-model-production-v1,38e1376bd07c94c48aecd9afde6a4f5ac5430ade8b0c8a54dcab7d11aa9d82c8,355,complete,success,355,1,fc3fb79219955f640e4e67b54fedfa7446ea54810a6d75ca3c2ee61cde768b85,71a40996c1021c62d12dc004cbafa3f1c5560162,d272696293bc75d5a82cca2e624800456f734f57382cd9472b5974993ef860cc,success,456,1,38e1376bd07c94c48aecd9afde6a4f5ac5430ade8b0c8a54dcab7d11aa9d82c8,d5376446b6accee5dd2d346f2d3050f9d8a69af1,c7548aa09468726af4cfdd0959912467784de4a076786913ada9f0f21b68f60d,success,456,1,38e1376bd07c94c48aecd9afde6a4f5ac5430ade8b0c8a54dcab7d11aa9d82c8,d75048347613a25d77de8cf6412eaae9fa7b26be,84d6d338b4cf63f0ed3c990a0ce748d32d1d2965c072f4645accaa71af3888c0,success,427,1,38e1376bd07c94c48aecd9afde6a4f5ac5430ade8b0c8a54dcab7d11aa9d82c8,f2f1202b1bdeb07342385c3f807f9c07cd8f5cf8,93316a86051c359748c5d5453e7660c69a21a57cfb477892f95f539e3e171196,0.028445005416870117,0.03208194300532341,0.001291643362492323,0.002480963943526149,0.004849439486861229,2.7431797207100317e-05,0.0004974512266926467,7.606337749166414e-05,0.0007107448764145374,0.0021433501970022917,0.0012485112529248,0.7779138684272766,0.001246310886926949,0.0014915072824805975,0.0032028169371187687,0.09409300237894058,0.007131344638764858,0.002079585799947381,0.005624792538583279,0.06508972495794296,0.008170201443135738,0.0037766762543469667,0.0009085702477023005,0.0004136075731366873,0.05722787231206894,0.0024260494392365217,0.0012214791495352983,0.0014151791110634804,0.05102274566888809,0.0510498583316803,0.0013012145645916462,0.11176449060440063,0.012916933745145798,0.00758871715515852,0.0035104958806186914,0.0007429250981658697,0.005166103597730398,0.006868469994515181,0.042707789689302444,0.24728995561599731,0.3900071680545807,0.3627028465270996
song_815056a3d0f74d832a9989d4bcb3e56697b29dd14bd3aaa012fb8c5b6ffde806,four-model-production-v1,57c0900a4d44709ba98da965f974c68d55f5afd1d69790c8c7197a5402dbb721,182,complete,success,196,1,b18439bb09d0088b319f780a6855810fbe5b8c18118131061cf5e54303f1cc2d,71a40996c1021c62d12dc004cbafa3f1c5560162,d272696293bc75d5a82cca2e624800456f734f57382cd9472b5974993ef860cc,success,255,1,57c0900a4d44709ba98da965f974c68d55f5afd1d69790c8c7197a5402dbb721,d5376446b6accee5dd2d346f2d3050f9d8a69af1,c7548aa09468726af4cfdd0959912467784de4a076786913ada9f0f21b68f60d,success,255,1,57c0900a4d44709ba98da965f974c68d55f5afd1d69790c8c7197a5402dbb721,d75048347613a25d77de8cf6412eaae9fa7b26be,84d6d338b4cf63f0ed3c990a0ce748d32d1d2965c072f4645accaa71af3888c0,success,237,1,57c0900a4d44709ba98da965f974c68d55f5afd1d69790c8c7197a5402dbb721,f2f1202b1bdeb07342385c3f807f9c07cd8f5cf8,93316a86051c359748c5d5453e7660c69a21a57cfb477892f95f539e3e171196,0.03727852925658226,0.002075310330837965,0.0343448668718338,0.0014702456537634134,0.005096565466374159,4.360217644716613e-06,0.00026304740458726883,2.988411142723635e-05,0.0020413596648722887,0.00046232211752794683,0.0002060093538602814,0.0018981590401381254,0.0011325199156999588,0.008053621277213097,0.1609259992837906,0.04737226292490959,0.0012367323506623507,0.002185272751376033,0.0023462967947125435,0.0025704449508339167,0.03745940700173378,0.036871615797281265,0.0026554022915661335,0.001331332023255527,0.0013513755984604359,0.00031601122464053333,0.00018195304437540472,0.0003249174915254116,0.0011642593890428543,0.0007199743413366377,0.00032823203946463764,0.002343607135117054,0.00040751814958639443,0.017216503620147705,0.000522174290381372,0.00029133865609765053,0.0027493080124258995,0.0012445226311683655,0.7588040232658386,0.2531118392944336,0.4591841697692871,0.2877039611339569
song_828a2fabc32543ca52c9c7d0e53a3f25f6182b996df6b3fcb860b8c631774b4c,four-model-production-v1,7fa24083cf5458524659a61a207327cb7cf66d84f6ad333830e803d010eba06a,381,complete,success,397,1,b646dfaccff3f82059e94f70ee781266d1686afb901e2406a6b4dc9d29cf9624,71a40996c1021c62d12dc004cbafa3f1c5560162,d272696293bc75d5a82cca2e624800456f734f57382cd9472b5974993ef860cc,success,506,1,7fa24083cf5458524659a61a207327cb7cf66d84f6ad333830e803d010eba06a,d5376446b6accee5dd2d346f2d3050f9d8a69af1,c7548aa09468726af4cfdd0959912467784de4a076786913ada9f0f21b68f60d,success,506,1,7fa24083cf5458524659a61a207327cb7cf66d84f6ad333830e803d010eba06a,d75048347613a25d77de8cf6412eaae9fa7b26be,84d6d338b4cf63f0ed3c990a0ce748d32d1d2965c072f4645accaa71af3888c0,success,481,1,7fa24083cf5458524659a61a207327cb7cf66d84f6ad333830e803d010eba06a,f2f1202b1bdeb07342385c3f807f9c07cd8f5cf8,93316a86051c359748c5d5453e7660c69a21a57cfb477892f95f539e3e171196,0.9854281544685364,0.0032091590110212564,0.019177554175257683,0.002223399467766285,0.05631664767861366,0.00023455187329091132,0.015122566372156143,0.0009033701498992741,0.0053335935808718204,0.004081569146364927,0.027573205530643463,0.23862610757350922,0.013207660987973213,0.0018550008535385132,0.005043518729507923,0.12470102310180664,0.012390387244522572,0.0014132942305877805,0.001975782448425889,0.005909701809287071,0.0034069924149662256,0.003050042549148202,0.0007487956900149584,0.0006280987872742116,0.04018954932689667,0.0005570718785747886,0.001734099816530943,0.0010625214781612158,0.7018332481384277,0.3603762686252594,0.0012465453473851085,0.006496580317616463,0.007309656590223312,0.007149040699005127,0.010004546493291855,0.0005454489146359265,0.004095521755516529,0.001389218377880752,0.059220679104328156,0.2243126630783081,0.36276835203170776,0.41291898488998413
song_84fb3306a13f9324e94484bea63edeaa1e6248de1587badbb758a41c3fef27e6,four-model-production-v1,b99fd7c8fdcdae963fd4b72ddb7490964f4eb965f023fd71acf91aa3319ed5bc,614,complete,success,678,1,83ddf662116c97cf94d4e35395181f173105e9f27084dac4546f64651a8de357,71a40996c1021c62d12dc004cbafa3f1c5560162,d272696293bc75d5a82cca2e624800456f734f57382cd9472b5974993ef860cc,success,897,2,b99fd7c8fdcdae963fd4b72ddb7490964f4eb965f023fd71acf91aa3319ed5bc,d5376446b6accee5dd2d346f2d3050f9d8a69af1,c7548aa09468726af4cfdd0959912467784de4a076786913ada9f0f21b68f60d,success,897,2,b99fd7c8fdcdae963fd4b72ddb7490964f4eb965f023fd71acf91aa3319ed5bc,d75048347613a25d77de8cf6412eaae9fa7b26be,84d6d338b4cf63f0ed3c990a0ce748d32d1d2965c072f4645accaa71af3888c0,success,878,2,b99fd7c8fdcdae963fd4b72ddb7490964f4eb965f023fd71acf91aa3319ed5bc,f2f1202b1bdeb07342385c3f807f9c07cd8f5cf8,93316a86051c359748c5d5453e7660c69a21a57cfb477892f95f539e3e171196,0.9930768013000488,0.47581905126571655,0.9973924160003662,0.9981903433799744,0.437454961348271,0.011984575038313515,0.4244610796409473,0.0012124687649947908,0.05871032520042631,0.009541880407974377,0.1845778044642322,0.008815805561146974,0.6105807476418473,0.01381751177666362,0.0982174133277657,0.02634006531840583,0.0011751468486356088,0.0035337574352741806,0.001784249918780382,0.0028767988421625084,0.049277448326914074,0.015636215068466356,0.009792480701341843,0.012762243206401997,0.005233063736832893,0.002447160014076991,0.0005224414785024518,0.0016428638054182547,0.053325091612212765,0.00938335143641227,0.004090493542859653,0.004322590325609132,0.0018798467314333853,0.1276968005741453,0.004342594732703805,0.0018345651699857187,0.02546023229321874,0.005016681492129297,0.14027281067310235,0.24674617499113083,0.45236051082611084,0.30089330673217773
song_85e6b8fd6d29f033e4eb7cb7429a786911bc55d88ba57c397123fb7cb5ff9c89,four-model-production-v1,74391f6fc75c3b0b2e6de9b827d8167d1c7b3436d4e00d48f2e8fba97d529974,193,complete,success,201,1,5ed2aad8cd9b7325a0a9c111cd90c0dd17c4bf5fe7c5ed0d5e4626c9f006bc2e,71a40996c1021c62d12dc004cbafa3f1c5560162,d272696293bc75d5a82cca2e624800456f734f57382cd9472b5974993ef860cc,success,264,1,74391f6fc75c3b0b2e6de9b827d8167d1c7b3436d4e00d48f2e8fba97d529974,d5376446b6accee5dd2d346f2d3050f9d8a69af1,c7548aa09468726af4cfdd0959912467784de4a076786913ada9f0f21b68f60d,success,264,1,74391f6fc75c3b0b2e6de9b827d8167d1c7b3436d4e00d48f2e8fba97d529974,d75048347613a25d77de8cf6412eaae9fa7b26be,84d6d338b4cf63f0ed3c990a0ce748d32d1d2965c072f4645accaa71af3888c0,success,230,1,74391f6fc75c3b0b2e6de9b827d8167d1c7b3436d4e00d48f2e8fba97d529974,f2f1202b1bdeb07342385c3f807f9c07cd8f5cf8,93316a86051c359748c5d5453e7660c69a21a57cfb477892f95f539e3e171196,0.9931382536888123,0.010900039225816727,0.008024722337722778,0.00257841101847589,0.6770769357681274,0.00011839523358503357,0.05863131955265999,0.0002470606123097241,0.48152706027030945,0.0007631570333614945,0.001994050107896328,0.023336507380008698,0.002107237698510289,0.006265988107770681,0.038554076105356216,0.014485836029052734,0.0027472900692373514,0.0019506800454109907,0.0035825115628540516,0.5000554919242859,0.10561825335025787,0.007706374861299992,0.008657967671751976,0.0025844441261142492,0.014988326467573643,0.0022978419438004494,0.0004299308347981423,0.0033875673543661833,0.009664135053753853,0.020107492804527283,0.004036128055304289,0.006549476645886898,0.0025707336608320475,0.013400096446275711,0.0018309541046619415,0.0023494097404181957,0.0558537095785141,0.006328610237687826,0.1684853583574295,0.2540043592453003,0.4759921133518219,0.2700035274028778
song_87e53fe885bfd4484f1ebd768210f7c20f4ff3e5232d7ecb256c0eb84c118eb1,four-model-production-v1,2fc41a09568f02c4a616effcd8afa9e154b984cd2651876defe99ecaf91b7733,260,complete,success,305,1,d35bc1e4329f93a48f4b88122508012514be9a9bc756e16674fad80ec42ec10d,71a40996c1021c62d12dc004cbafa3f1c5560162,d272696293bc75d5a82cca2e624800456f734f57382cd9472b5974993ef860cc,success,402,1,2fc41a09568f02c4a616effcd8afa9e154b984cd2651876defe99ecaf91b7733,d5376446b6accee5dd2d346f2d3050f9d8a69af1,c7548aa09468726af4cfdd0959912467784de4a076786913ada9f0f21b68f60d,success,402,1,2fc41a09568f02c4a616effcd8afa9e154b984cd2651876defe99ecaf91b7733,d75048347613a25d77de8cf6412eaae9fa7b26be,84d6d338b4cf63f0ed3c990a0ce748d32d1d2965c072f4645accaa71af3888c0,success,399,1,2fc41a09568f02c4a616effcd8afa9e154b984cd2651876defe99ecaf91b7733,f2f1202b1bdeb07342385c3f807f9c07cd8f5cf8,93316a86051c359748c5d5453e7660c69a21a57cfb477892f95f539e3e171196,0.8869627118110657,0.0039012194611132145,0.010822021402418613,0.993590235710144,0.02431822381913662,4.4175834773341194e-05,0.0038750083185732365,0.00048705609515309334,0.002324889414012432,0.002189375227317214,0.0026935606729239225,0.006102708168327808,0.004726549610495567,0.0015741317765787244,0.006925645750015974,0.03526909276843071,0.0018438332481309772,0.01012225728482008,0.07662180811166763,0.014550551772117615,0.003692744532600045,0.004930828232318163,0.0011483561247587204,0.0008768176194280386,0.4649387001991272,0.0018089785007759929,0.0003251077432651073,0.00040163955418393016,0.017054427415132523,0.007584003731608391,0.002122067380696535,0.00511643011122942,0.0006427540793083608,0.007374819368124008,0.0011468874290585518,0.00034560952917672694,0.0013538883067667484,0.03138412535190582,0.30696359276771545,0.17974849045276642,0.4791944921016693,0.3410570025444031
song_89d75c9f3c3a88e6888930caa50d728f6bdfa0b90fe8fa2978b32e8582e20df0,four-model-production-v1,54642e9b27b04fe38f49a8d7ec0abfb1dd684ece536fce5aefd3eb9f035fd7fd,279,complete,success,329,1,4c16ccdfc313e68b2cd1ce2ce15215ab10bc3a98a25b7c78c7284478622c679d,71a40996c1021c62d12dc004cbafa3f1c5560162,d272696293bc75d5a82cca2e624800456f734f57382cd9472b5974993ef860cc,success,409,1,54642e9b27b04fe38f49a8d7ec0abfb1dd684ece536fce5aefd3eb9f035fd7fd,d5376446b6accee5dd2d346f2d3050f9d8a69af1,c7548aa09468726af4cfdd0959912467784de4a076786913ada9f0f21b68f60d,success,409,1,54642e9b27b04fe38f49a8d7ec0abfb1dd684ece536fce5aefd3eb9f035fd7fd,d75048347613a25d77de8cf6412eaae9fa7b26be,84d6d338b4cf63f0ed3c990a0ce748d32d1d2965c072f4645accaa71af3888c0,success,388,1,54642e9b27b04fe38f49a8d7ec0abfb1dd684ece536fce5aefd3eb9f035fd7fd,f2f1202b1bdeb07342385c3f807f9c07cd8f5cf8,93316a86051c359748c5d5453e7660c69a21a57cfb477892f95f539e3e171196,0.7186875343322754,0.005248434841632843,0.9974760413169861,0.006241516675800085,0.4739712178707123,0.000946676533203572,0.3297068178653717,0.0005930187762714922,0.018523842096328735,0.0010862258495762944,0.21189989149570465,0.0035002436488866806,0.007331230212002993,0.003722758963704109,0.011570903472602367,0.024352358654141426,0.004551582969725132,0.0008129226043820381,0.0017656937707215548,0.00803763885051012,0.001490552444010973,0.0011689233360812068,0.0010955078760161996,0.0006049261428415775,0.05933308228850365,0.0008581337169744074,0.0008672683616168797,0.000268342875642702,0.030252501368522644,0.0023695144336670637,0.0005166818737052381,0.00670121842995286,0.0011774443555623293,0.003530096495524049,0.0013115190668031573,0.00027996371500194073,0.0007878014585003257,0.0015102430479601026,0.839506208896637,0.12816770374774933,0.4132244288921356,0.45860785245895386
song_8b956e0bcda8fd9258e29036463ab076ecd11f90f5146f347d5bb1f339a87454,four-model-production-v1,97df64ce2dfbaa675d904c53f110c3cdf2ce457cd6462fc256312d85f6d03160,278,complete,success,289,1,6d1b4f760c72940e8eb95304a7f8d7d303bb08cc0083bad2f8743889852d72ae,71a40996c1021c62d12dc004cbafa3f1c5560162,d272696293bc75d5a82cca2e624800456f734f57382cd9472b5974993ef860cc,success,354,1,97df64ce2dfbaa675d904c53f110c3cdf2ce457cd6462fc256312d85f6d03160,d5376446b6accee5dd2d346f2d3050f9d8a69af1,c7548aa09468726af4cfdd0959912467784de4a076786913ada9f0f21b68f60d,success,354,1,97df64ce2dfbaa675d904c53f110c3cdf2ce457cd6462fc256312d85f6d03160,d75048347613a25d77de8cf6412eaae9fa7b26be,84d6d338b4cf63f0ed3c990a0ce748d32d1d2965c072f4645accaa71af3888c0,success,348,1,97df64ce2dfbaa675d904c53f110c3cdf2ce457cd6462fc256312d85f6d03160,f2f1202b1bdeb07342385c3f807f9c07cd8f5cf8,93316a86051c359748c5d5453e7660c69a21a57cfb477892f95f539e3e171196,0.14159369468688965,0.0194090586155653,0.9973776340484619,0.002514346269890666,0.10403388738632202,9.418792615178972e-05,0.01987687684595585,0.00014019774971529841,0.057383693754673004,0.00230406504124403,0.0019107215339317918,0.004928729962557554,0.001158112776465714,0.007400347851216793,0.011192787438631058,0.019164513796567917,0.4196004271507263,0.006409704219549894,0.04218926280736923,0.42509186267852783,0.018848758190870285,0.006943305488675833,0.002360226586461067,0.0007692255894653499,0.0049857343547046185,0.005299692507833242,0.0022019969765096903,0.004053256008774042,0.004764501936733723,0.3176244795322418,0.006869425997138023,0.13612835109233856,0.0006735498900525272,0.0052468618378043175,0.001961087342351675,0.017495371401309967,0.05491470545530319,0.00186250451952219,0.08703514188528061,0.2164134830236435,0.4646255373954773,0.31896087527275085
song_8c9359eb2bcab6780ed3a7cdca143da09375324d2952065a07d7adb88bf11161,four-model-production-v1,ab956efd346e8066610ccb4d9914b6578d8bf3b173e177655f925c6a54ad8690,174,complete,success,188,1,562cfeb3cae97ecf901c130647679078f3d0b71f83810cfa8e5663716a523d3b,71a40996c1021c62d12dc004cbafa3f1c5560162,d272696293bc75d5a82cca2e624800456f734f57382cd9472b5974993ef860cc,success,269,1,ab956efd346e8066610ccb4d9914b6578d8bf3b173e177655f925c6a54ad8690,d5376446b6accee5dd2d346f2d3050f9d8a69af1,c7548aa09468726af4cfdd0959912467784de4a076786913ada9f0f21b68f60d,success,269,1,ab956efd346e8066610ccb4d9914b6578d8bf3b173e177655f925c6a54ad8690,d75048347613a25d77de8cf6412eaae9fa7b26be,84d6d338b4cf63f0ed3c990a0ce748d32d1d2965c072f4645accaa71af3888c0,success,260,1,ab956efd346e8066610ccb4d9914b6578d8bf3b173e177655f925c6a54ad8690,f2f1202b1bdeb07342385c3f807f9c07cd8f5cf8,93316a86051c359748c5d5453e7660c69a21a57cfb477892f95f539e3e171196,0.005034341011196375,0.007988020777702332,0.005475311074405909,0.004518037661910057,0.9155669808387756,0.00011148829071316868,0.013382097706198692,0.0001802002516342327,0.8672122955322266,0.0018532270332798362,0.0006066455389373004,0.0009570823749527335,0.0006190640851855278,0.032265521585941315,0.13063372671604156,0.025866487994790077,0.03658442944288254,0.013331719674170017,0.03454004228115082,0.131061390042305,0.21280352771282196,0.07613720744848251,0.00543775362893939,0.0029338174499571323,0.0023522693663835526,0.004674145020544529,0.00019463787612039596,0.0025891857221722603,0.0019798572175204754,0.02379731461405754,0.010289524681866169,0.016427937895059586,0.00044165519648231566,0.012549009174108505,0.0013211159966886044,0.008197104558348656,0.10881097614765167,0.0018906289478763938,0.16528397798538208,0.4878329038619995,0.35670560598373413,0.15546144545078278
song_8dc915eed4c70e3c837e01cd5e20204612237664f511b3bef8fbde1bbd51f7d9,four-model-production-v1,65c9dffb0d36140aec24016299e3e0a7def5f523feb0653f39e807b807820ea8,505,complete,success,586,1,15396b483f253034b8728e487b37634addb81b5a5a0c6c4888ce7ce48f65618a,71a40996c1021c62d12dc004cbafa3f1c5560162,d272696293bc75d5a82cca2e624800456f734f57382cd9472b5974993ef860cc,success,784,2,65c9dffb0d36140aec24016299e3e0a7def5f523feb0653f39e807b807820ea8,d5376446b6accee5dd2d346f2d3050f9d8a69af1,c7548aa09468726af4cfdd0959912467784de4a076786913ada9f0f21b68f60d,success,784,2,65c9dffb0d36140aec24016299e3e0a7def5f523feb0653f39e807b807820ea8,d75048347613a25d77de8cf6412eaae9fa7b26be,84d6d338b4cf63f0ed3c990a0ce748d32d1d2965c072f4645accaa71af3888c0,success,730,2,65c9dffb0d36140aec24016299e3e0a7def5f523feb0653f39e807b807820ea8,f2f1202b1bdeb07342385c3f807f9c07cd8f5cf8,93316a86051c359748c5d5453e7660c69a21a57cfb477892f95f539e3e171196,0.9984478950500488,0.018211903050541878,0.42990240454673767,0.9937177896499634,0.2135656550526619,0.00023007437266642228,0.04942496307194233,0.0013824455090798438,0.014583973214030266,0.0011567294714041054,0.06205030344426632,0.0023772408021613955,0.005721566034480929,0.0028701985720545053,0.01571559440344572,0.020456301048398018,0.01880882796831429,0.0009738449880387634,0.0025594839826226234,0.02001555636525154,0.004917254555039108,0.005025269463658333,0.0018336949869990349,0.0005620994488708675,0.020006256410852075,0.0016191887843888253,0.00031982469954527915,0.000531791549292393,0.021167236613109708,0.002705403370782733,0.0015421143034473062,0.005823661806061864,0.0006759299722034484,0.004196197725832462,0.0015158195747062564,0.0004006589879281819,0.005463599576614797,0.0007798816368449479,0.8517825901508331,0.21549998223781586,0.440088152885437,0.3444119095802307
song_8e7a07712e424d6dc71b31f594afafc6604cf5d4f09fcf81c91908a2c45b979d,four-model-production-v1,d868c469225d1d282edddf3eba7ad0ef912497c27c0eeaf3afd93fd024db6f29,600,complete,success,698,1,0533bb93929738222237e2191652276f09e1fda49af33d9b5f00628304a2439a,71a40996c1021c62d12dc004cbafa3f1c5560162,d272696293bc75d5a82cca2e624800456f734f57382cd9472b5974993ef860cc,success,924,2,d868c469225d1d282edddf3eba7ad0ef912497c27c0eeaf3afd93fd024db6f29,d5376446b6accee5dd2d346f2d3050f9d8a69af1,c7548aa09468726af4cfdd0959912467784de4a076786913ada9f0f21b68f60d,success,924,2,d868c469225d1d282edddf3eba7ad0ef912497c27c0eeaf3afd93fd024db6f29,d75048347613a25d77de8cf6412eaae9fa7b26be,84d6d338b4cf63f0ed3c990a0ce748d32d1d2965c072f4645accaa71af3888c0,success,907,2,d868c469225d1d282edddf3eba7ad0ef912497c27c0eeaf3afd93fd024db6f29,f2f1202b1bdeb07342385c3f807f9c07cd8f5cf8,93316a86051c359748c5d5453e7660c69a21a57cfb477892f95f539e3e171196,0.9913773536682129,0.995987594127655,0.9940896034240723,0.9958053827285767,0.986470103263855,0.23634088411927223,0.9544785618782043,0.0069914311170578,0.7214102149009705,0.09200923889875412,0.6397456079721451,0.004340778803452849,0.02071541966870427,0.11772634275257587,0.12415377423167229,0.006969512673094869,0.0008694184361957014,0.003434695885516703,0.00512538175098598,0.0028386065969243646,0.01085059274919331,0.009998679161071777,0.026002822443842888,0.004314991179853678,0.02445495966821909,0.0027253603911958635,0.00018637975881574675,0.0006661601655650884,0.007454798324033618,0.01332825716235675,0.0008308108954224735,0.0013603270053863525,0.0008740201883483678,0.0060574442613869905,0.0004640809493139386,0.00029212358640506864,0.0024879449047148228,0.025755911832675338,0.5949220657348633,0.3088918365743484,0.4072580781437728,0.28385011508420127
song_9072c5ee05fedc84220a23ef4901f2e73eedea66b912cb96f14d1a9a3fbe167a,four-model-production-v1,d88b20e14bfc6848a024cc519fbdc8f28d4ca2264a17f2b9cfadef527eeaaa56,204,complete,success,247,1,52ee11504f036e4f203e76feb3179a4b4d021e97ad2531c1fa18dbad417bedce,71a40996c1021c62d12dc004cbafa3f1c5560162,d272696293bc75d5a82cca2e624800456f734f57382cd9472b5974993ef860cc,success,343,1,d88b20e14bfc6848a024cc519fbdc8f28d4ca2264a17f2b9cfadef527eeaaa56,d5376446b6accee5dd2d346f2d3050f9d8a69af1,c7548aa09468726af4cfdd0959912467784de4a076786913ada9f0f21b68f60d,success,343,1,d88b20e14bfc6848a024cc519fbdc8f28d4ca2264a17f2b9cfadef527eeaaa56,d75048347613a25d77de8cf6412eaae9fa7b26be,84d6d338b4cf63f0ed3c990a0ce748d32d1d2965c072f4645accaa71af3888c0,success,298,1,d88b20e14bfc6848a024cc519fbdc8f28d4ca2264a17f2b9cfadef527eeaaa56,f2f1202b1bdeb07342385c3f807f9c07cd8f5cf8,93316a86051c359748c5d5453e7660c69a21a57cfb477892f95f539e3e171196,0.7527281045913696,0.004128867294639349,0.001516778371296823,0.00296007189899683,0.047122325748205185,0.00014755876327399164,0.003367119701579213,0.0002661056932993233,0.00526650995016098,0.018185149878263474,0.02237841673195362,0.0012427031761035323,0.0010487789986655116,0.0030356324277818203,0.01440474670380354,0.022512448951601982,0.027109047397971153,0.07551734894514084,0.11452346295118332,0.003563785692676902,0.016494276002049446,0.004686170723289251,0.0017715952126309276,0.0018468167399987578,0.003274289658293128,0.037405844777822495,8.890424942364916e-05,0.001893661799840629,0.002340977545827627,0.003419020213186741,0.021507585421204567,0.014012213796377182,0.0003006037441082299,0.022645752876996994,0.0015711316373199224,0.0018356721848249435,0.021111400797963142,0.0090034706518054,0.6013163328170776,0.25967928767204285,0.4284580945968628,0.31186264753341675
song_90fa6eda34632da86df5a152c10fd3e9b281052a2a3c6c568a90c8d9a6627b50,four-model-production-v1,7284d6b9a7843bc15021d573dc6807d4f8654be6c7043992c5be0829bb5d684d,389,complete,success,427,1,584081553d5814e71ff607b45877f155712bc731c9f6298a54c526fba2ff3175,71a40996c1021c62d12dc004cbafa3f1c5560162,d272696293bc75d5a82cca2e624800456f734f57382cd9472b5974993ef860cc,success,576,2,7284d6b9a7843bc15021d573dc6807d4f8654be6c7043992c5be0829bb5d684d,d5376446b6accee5dd2d346f2d3050f9d8a69af1,c7548aa09468726af4cfdd0959912467784de4a076786913ada9f0f21b68f60d,success,576,2,7284d6b9a7843bc15021d573dc6807d4f8654be6c7043992c5be0829bb5d684d,d75048347613a25d77de8cf6412eaae9fa7b26be,84d6d338b4cf63f0ed3c990a0ce748d32d1d2965c072f4645accaa71af3888c0,success,597,2,7284d6b9a7843bc15021d573dc6807d4f8654be6c7043992c5be0829bb5d684d,f2f1202b1bdeb07342385c3f807f9c07cd8f5cf8,93316a86051c359748c5d5453e7660c69a21a57cfb477892f95f539e3e171196,0.8758343458175659,0.003329153172671795,0.004512518644332886,0.9897215962409973,0.003686388023197651,6.206486204973771e-06,0.0005522499704966322,9.233358287019655e-05,0.0007707564509473741,0.0001424658257747069,0.00016650354518787935,0.00897076353430748,0.001953531231265515,0.003238400793634355,0.005341144977137446,0.07817601971328259,0.061183469370007515,0.0018143166089430451,0.004556863801553845,0.3161173462867737,0.003891825210303068,0.0032948332373052835,0.001934356929268688,0.000447301848907955,0.01365634799003601,0.0012939636944793165,0.0027777531649917364,0.0007427289092447609,0.0210429560393095,0.7163810133934021,0.0011125070741400123,0.08039337396621704,0.0008896892250049859,0.004924317356199026,0.0013498311745934188,0.001831650035455823,0.0038767665391787887,0.0009289165027439594,0.09672901779413223,0.19376395223428255,0.45060275647308756,0.3556333210699922
song_91746aa1c606d87c92ae335386faf16eecbaf2fd760ffb105d9375f1ae0fe4b4,four-model-production-v1,3714141b866fd1cb2fd6091ed15df14603b3caf618e0200bbe38d199ab06b270,251,complete,success,295,1,4dfd57421d923904615934645cb6f6dcd913a6032e4a843cbf6a7de20e93925b,71a40996c1021c62d12dc004cbafa3f1c5560162,d272696293bc75d5a82cca2e624800456f734f57382cd9472b5974993ef860cc,success,335,1,3714141b866fd1cb2fd6091ed15df14603b3caf618e0200bbe38d199ab06b270,d5376446b6accee5dd2d346f2d3050f9d8a69af1,c7548aa09468726af4cfdd0959912467784de4a076786913ada9f0f21b68f60d,success,335,1,3714141b866fd1cb2fd6091ed15df14603b3caf618e0200bbe38d199ab06b270,d75048347613a25d77de8cf6412eaae9fa7b26be,84d6d338b4cf63f0ed3c990a0ce748d32d1d2965c072f4645accaa71af3888c0,success,321,1,3714141b866fd1cb2fd6091ed15df14603b3caf618e0200bbe38d199ab06b270,f2f1202b1bdeb07342385c3f807f9c07cd8f5cf8,93316a86051c359748c5d5453e7660c69a21a57cfb477892f95f539e3e171196,0.36844703555107117,0.00929443072527647,0.00512003805488348,0.0007458622567355633,0.18267619609832764,0.00025891471887007356,0.03087918646633625,0.006704828701913357,0.008345859125256538,0.001898834016174078,0.003821857739239931,0.08527909219264984,0.0025182084646075964,0.0035460011567920446,0.009403559379279613,0.058060597628355026,0.009070543572306633,0.0014379230560734868,0.005935887340456247,0.7590417861938477,0.00867445208132267,0.003228351240977645,0.0042451354674994946,0.0008250137907452881,0.0442301444709301,0.001835293835029006,0.0019390907837077975,0.0014024681877344847,0.026058156043291092,0.1279439777135849,0.0016711861826479435,0.02422267384827137,0.0032358018215745687,0.006429065018892288,0.0018463210435584188,0.00131473399233073,0.007396156899631023,0.002831554738804698,0.05231589823961258,0.18080303072929382,0.428471177816391,0.3907257616519928
song_9277254377f0ed6ea2c94d6f5d17ee81782d30bd4f80f6185a6d4d87c99850f7,four-model-production-v1,e1e034cab6b7bffe3b2337283d429cfb178fed63cf7061204ec4510828ce9f6b,162,complete,success,179,1,7333e0c32282f7bad45883c7a7e40a481a3354c45cf5ef94feadf762241c2bfb,71a40996c1021c62d12dc004cbafa3f1c5560162,d272696293bc75d5a82cca2e624800456f734f57382cd9472b5974993ef860cc,success,224,1,e1e034cab6b7bffe3b2337283d429cfb178fed63cf7061204ec4510828ce9f6b,d5376446b6accee5dd2d346f2d3050f9d8a69af1,c7548aa09468726af4cfdd0959912467784de4a076786913ada9f0f21b68f60d,success,224,1,e1e034cab6b7bffe3b2337283d429cfb178fed63cf7061204ec4510828ce9f6b,d75048347613a25d77de8cf6412eaae9fa7b26be,84d6d338b4cf63f0ed3c990a0ce748d32d1d2965c072f4645accaa71af3888c0,success,203,1,e1e034cab6b7bffe3b2337283d429cfb178fed63cf7061204ec4510828ce9f6b,f2f1202b1bdeb07342385c3f807f9c07cd8f5cf8,93316a86051c359748c5d5453e7660c69a21a57cfb477892f95f539e3e171196,0.0038846239913254976,0.0026979795657098293,0.007274902891367674,0.02969694323837757,0.00035254747490398586,1.3293654319568304e-06,3.381581700523384e-05,1.653539584367536e-05,0.00010439434845466167,5.337901529856026e-05,1.3729860256717075e-05,0.0011766079114750028,0.0019067480461671948,0.0012366133742034435,0.011331546120345592,0.00422704080119729,0.0023554437793791294,0.030302006751298904,0.04952291399240494,0.010119343176484108,0.12619958817958832,0.004676783457398415,0.0014418646460399032,0.003777718637138605,0.007751127704977989,0.008830278180539608,0.00036052026553079486,0.0044648009352386,0.0033319531939923763,0.0014506978914141655,0.018640529364347458,0.011028992012143135,0.00032018349156714976,0.03826551511883736,0.002077659824863076,0.0032828969415277243,0.1057874858379364,0.11235105246305466,0.4061161279678345,0.1926722228527069,0.48343294858932495,0.3238948583602905
song_9516d36aedd98b099b12edb7e8583f29c12aa762b3a6497bc93b0b23acf9f418,four-model-production-v1,923c9d18597ae9bf98accaaef9ce0350303a7a5d7da2786c1a43e1175aae3f07,763,complete,success,835,1,9f20e15dd40af9c45ed7b474da0cca108f90a0e94eef34bc2bec2dcc19e6f61c,71a40996c1021c62d12dc004cbafa3f1c5560162,d272696293bc75d5a82cca2e624800456f734f57382cd9472b5974993ef860cc,success,1110,3,923c9d18597ae9bf98accaaef9ce0350303a7a5d7da2786c1a43e1175aae3f07,d5376446b6accee5dd2d346f2d3050f9d8a69af1,c7548aa09468726af4cfdd0959912467784de4a076786913ada9f0f21b68f60d,success,1110,3,923c9d18597ae9bf98accaaef9ce0350303a7a5d7da2786c1a43e1175aae3f07,d75048347613a25d77de8cf6412eaae9fa7b26be,84d6d338b4cf63f0ed3c990a0ce748d32d1d2965c072f4645accaa71af3888c0,success,1141,3,923c9d18597ae9bf98accaaef9ce0350303a7a5d7da2786c1a43e1175aae3f07,f2f1202b1bdeb07342385c3f807f9c07cd8f5cf8,93316a86051c359748c5d5453e7660c69a21a57cfb477892f95f539e3e171196,0.9964032173156738,0.9960246086120605,0.9930804371833801,0.9869415163993835,0.8529670437177023,0.012320973134289185,0.8339836994806925,0.002312513223538796,0.2813120285669963,0.015686281646291416,0.04326555319130421,0.0016457280920197566,0.0035567243273059526,0.0671052560210228,0.10039618487159412,0.019451272673904896,0.020613892003893852,0.0038101117437084517,0.0047317555484672385,0.005254198020944993,0.08670766154925029,0.038982302571336426,0.012628733490904173,0.025359278544783592,0.0009953936872382958,0.0025181466868768134,0.0024321920160825052,0.007031361262003581,0.0023064068906630078,0.018288925833379228,0.0037647110099593797,0.005231218567738931,0.0005759427634378275,0.014378496756156286,0.0014775920814524095,0.45179782807826996,0.39680883288383484,0.0006904726615175605,0.052617806320389114,0.413444750174214,0.38087954712373767,0.20567566788478653
song_95608ea2e15a20489c14c3226405cb9cf2ea0862cd77e786705f890b46a97925,four-model-production-v1,2428729cef323a9fcc2f0023871080fdcb29c43383b011e938c6288997538b8a,117,complete,success,113,1,e353b7284472d3116a12ab6b9e48780e9831fd3b7397da183d90de29858b747f,71a40996c1021c62d12dc004cbafa3f1c5560162,d272696293bc75d5a82cca2e624800456f734f57382cd9472b5974993ef860cc,success,169,1,2428729cef323a9fcc2f0023871080fdcb29c43383b011e938c6288997538b8a,d5376446b6accee5dd2d346f2d3050f9d8a69af1,c7548aa09468726af4cfdd0959912467784de4a076786913ada9f0f21b68f60d,success,169,1,2428729cef323a9fcc2f0023871080fdcb29c43383b011e938c6288997538b8a,d75048347613a25d77de8cf6412eaae9fa7b26be,84d6d338b4cf63f0ed3c990a0ce748d32d1d2965c072f4645accaa71af3888c0,success,150,1,2428729cef323a9fcc2f0023871080fdcb29c43383b011e938c6288997538b8a,f2f1202b1bdeb07342385c3f807f9c07cd8f5cf8,93316a86051c359748c5d5453e7660c69a21a57cfb477892f95f539e3e171196,0.005053614266216755,0.0035444749519228935,0.004417086485773325,0.04149878770112991,0.0007337080896832049,2.117417125191423e-06,5.852637332282029e-05,2.912518357334193e-05,0.0001558129006298259,7.708727207500488e-05,3.9535905671073124e-05,0.002704794518649578,0.005728676449507475,0.004279051907360554,0.008032203651964664,0.019423535093665123,0.005168132949620485,0.0036657508462667465,0.0014653450343757868,0.013319112360477448,0.020298710092902184,0.0030526157934218645,0.0037950919941067696,0.0024004082661122084,0.016088942065835,0.005476219579577446,0.0006831884384155273,0.0042125387117266655,0.08034985512495041,0.617729127407074,0.006249486468732357,0.006285930518060923,0.0016399549786001444,0.0324607715010643,0.003938169218599796,0.003179184626787901,0.06272520869970322,0.0072119347751140594,0.3690463602542877,0.12716202437877655,0.3336687386035919,0.539169192314148
song_97cfc67489dd849a26253fcdefcaff63ecc2b80e39a5a4b394c09a496e723f59,four-model-production-v1,aba667bab7bddcfb779f882997eb7e9f6378c7babd8919ebcfbf7022eabe6e53,544,complete,success,559,1,51d7c741a9b0da81a823abc1043808edb35d5e27a00ef5b7b9cc33c5c34a991d,71a40996c1021c62d12dc004cbafa3f1c5560162,d272696293bc75d5a82cca2e624800456f734f57382cd9472b5974993ef860cc,success,780,2,aba667bab7bddcfb779f882997eb7e9f6378c7babd8919ebcfbf7022eabe6e53,d5376446b6accee5dd2d346f2d3050f9d8a69af1,c7548aa09468726af4cfdd0959912467784de4a076786913ada9f0f21b68f60d,success,780,2,aba667bab7bddcfb779f882997eb7e9f6378c7babd8919ebcfbf7022eabe6e53,d75048347613a25d77de8cf6412eaae9fa7b26be,84d6d338b4cf63f0ed3c990a0ce748d32d1d2965c072f4645accaa71af3888c0,success,767,2,aba667bab7bddcfb779f882997eb7e9f6378c7babd8919ebcfbf7022eabe6e53,f2f1202b1bdeb07342385c3f807f9c07cd8f5cf8,93316a86051c359748c5d5453e7660c69a21a57cfb477892f95f539e3e171196,0.9942104816436768,0.9975057244300842,0.7929422855377197,0.9952747821807861,0.4487238749861717,0.00027245083765592426,0.04204552061855793,0.031227207742631435,0.1469192209187895,0.0011388460115995258,0.00466217112261802,0.010945246322080493,0.002279771084431559,0.0074709150940179825,0.015705515630543232,0.0528306495398283,0.008966087363660336,0.004422758414875716,0.01226924653747119,0.01724521815776825,0.010002775583416224,0.0038642301224172115,0.0033845220459625125,0.0011570508941076696,0.01763978973031044,0.0019643890555016696,0.00036045628075953573,0.0008661386964377016,0.020099205896258354,0.7529041767120361,0.0017361284117214382,0.006554054794833064,0.0011588047782424837,0.0074023897759616375,0.001237153948750347,0.0011138667177874595,0.007881158264353871,0.002765457611531019,0.21794262528419495,0.19878689966114746,0.34121463188447415,0.4599984088108779
song_97dde8742e0cc2461773a6d71873bf7831160cc7b3b82fcb096f1022b4c12759,four-model-production-v1,8f514804229065aae1fa66939d3392c7acde845e3368bbd98d62e5186f81c364,717,complete,success,769,1,4c024066df81aba9b9ef37d280eb53cee3c9b9250f06ccecff16c4bb98ce3ca6,71a40996c1021c62d12dc004cbafa3f1c5560162,d272696293bc75d5a82cca2e624800456f734f57382cd9472b5974993ef860cc,success,1077,3,8f514804229065aae1fa66939d3392c7acde845e3368bbd98d62e5186f81c364,d5376446b6accee5dd2d346f2d3050f9d8a69af1,c7548aa09468726af4cfdd0959912467784de4a076786913ada9f0f21b68f60d,success,1077,3,8f514804229065aae1fa66939d3392c7acde845e3368bbd98d62e5186f81c364,d75048347613a25d77de8cf6412eaae9fa7b26be,84d6d338b4cf63f0ed3c990a0ce748d32d1d2965c072f4645accaa71af3888c0,success,1087,3,8f514804229065aae1fa66939d3392c7acde845e3368bbd98d62e5186f81c364,f2f1202b1bdeb07342385c3f807f9c07cd8f5cf8,93316a86051c359748c5d5453e7660c69a21a57cfb477892f95f539e3e171196,0.9981549382209778,0.8777651190757751,0.9968451261520386,0.9943211078643799,0.9930730064709982,0.21994028488794962,0.979826013247172,0.0038795492922266326,0.6885730028152466,0.09679929539561272,0.85885222752889,0.0014754673854137461,0.006774529426669081,0.025505945396920044,0.060531107087930046,0.011689366462330023,0.0023330835004647574,0.001430935924872756,0.0021476262093832097,0.0062536937184631824,0.004475251849119862,0.004144630239655574,0.008461020421236753,0.001251085118080179,0.0033501844154670835,0.0014154966144512098,0.00021522700262721628,0.0003758575670265903,0.0023767181361714997,0.001981155170748631,0.0003839666217875977,0.0025782034111519656,0.00038565277160766226,0.0037168340447048345,0.000327953554612274,0.0002776938199531287,0.0023195758694782853,0.001288550110378613,0.8830613295237223,0.28846363551921544,0.430829563816425,0.280706810589328
song_982e85e0772bde84905c4e66075cab71738b9c33711f12180e2c9ebc6a30e58e,four-model-production-v1,c741b6bb93c8833631da7b1881fe696c8a08b08e57bfa36e287141cd97e74e89,464,complete,success,479,1,7c72883093bd48df3528de6fd6eb18351a9b2abe0622a8eafec0e79de4a115da,71a40996c1021c62d12dc004cbafa3f1c5560162,d272696293bc75d5a82cca2e624800456f734f57382cd9472b5974993ef860cc,success,655,2,c741b6bb93c8833631da7b1881fe696c8a08b08e57bfa36e287141cd97e74e89,d5376446b6accee5dd2d346f2d3050f9d8a69af1,c7548aa09468726af4cfdd0959912467784de4a076786913ada9f0f21b68f60d,success,655,2,c741b6bb93c8833631da7b1881fe696c8a08b08e57bfa36e287141cd97e74e89,d75048347613a25d77de8cf6412eaae9fa7b26be,84d6d338b4cf63f0ed3c990a0ce748d32d1d2965c072f4645accaa71af3888c0,success,610,2,c741b6bb93c8833631da7b1881fe696c8a08b08e57bfa36e287141cd97e74e89,f2f1202b1bdeb07342385c3f807f9c07cd8f5cf8,93316a86051c359748c5d5453e7660c69a21a57cfb477892f95f539e3e171196,0.25052326917648315,0.9908521771430969,0.0018483063904568553,0.006001843139529228,0.007030966744281863,3.734734087379539e-05,0.001200728917242035,9.63578706377058e-05,0.0006424305429113389,0.0004906786272021452,0.0025474057659037584,0.010919866004233596,0.0026617648847799265,0.012625479364042519,0.010364052518235363,0.02278876345007474,0.014547178307050513,0.021926720377825597,0.010295888352143855,0.18173054225799692,0.015029032165824458,0.015421135934027096,0.006711931321912139,0.0023169302857900392,0.01743676087584432,0.09034001637776276,0.0123093121777509,0.0023701012825934602,0.02038329482817923,0.9156649947166443,0.017745374613050514,0.03326935697034115,0.0012810502571892705,0.017514543329145163,0.001619153303620299,0.005243728904920908,0.017418671759087165,0.011775751994880101,0.022726188382517745,0.18729738891124725,0.40394897758960724,0.4087536334991455
song_998bc37c190dff49fde971e79accf4badc8b6cfaf976b48a0ee35395bfbd062d,four-model-production-v1,e6b51130e8f2916ecc678063f1636030ff340dfcb6bd02955f28adffa45029ee,349,complete,success,385,1,63ad4706687bc6c37e98efcc696b1aada1638466ee957227c549f694c854d5e5,71a40996c1021c62d12dc004cbafa3f1c5560162,d272696293bc75d5a82cca2e624800456f734f57382cd9472b5974993ef860cc,success,576,2,e6b51130e8f2916ecc678063f1636030ff340dfcb6bd02955f28adffa45029ee,d5376446b6accee5dd2d346f2d3050f9d8a69af1,c7548aa09468726af4cfdd0959912467784de4a076786913ada9f0f21b68f60d,success,576,2,e6b51130e8f2916ecc678063f1636030ff340dfcb6bd02955f28adffa45029ee,d75048347613a25d77de8cf6412eaae9fa7b26be,84d6d338b4cf63f0ed3c990a0ce748d32d1d2965c072f4645accaa71af3888c0,success,620,2,e6b51130e8f2916ecc678063f1636030ff340dfcb6bd02955f28adffa45029ee,f2f1202b1bdeb07342385c3f807f9c07cd8f5cf8,93316a86051c359748c5d5453e7660c69a21a57cfb477892f95f539e3e171196,0.24308639764785767,0.0028946991078555584,0.0011998198460787535,0.011808957904577255,0.0010407087102066725,2.813183186844981e-06,0.00012819840412703343,3.2087715226225555e-05,0.0002299761908943765,0.00015175644875853322,4.9260085688729305e-05,0.0112582603469491,0.049743348732590675,0.001273417321499437,0.004557432373985648,0.10910080000758171,0.0023892958415672183,0.0018052994273602962,0.002024390152655542,0.002470659324899316,0.0012526829086709768,0.0018833207432180643,0.0007060677744448185,0.0005756437458330765,0.08141362480819225,0.0006251412269193679,0.0010965998226311058,0.00037932467239443213,0.34991423785686493,0.004977776086889207,0.0009279454534407705,0.006159624317660928,0.0025352786760777235,0.010822838172316551,0.0051663300255313516,0.00025389597431058064,0.0010215120564680547,0.0016124910325743258,0.43964576721191406,0.2172171249985695,0.41440100967884064,0.3683818578720093
song_9a299229172ef4247b522973a28a572e71a62970370c1d7d60113d13f53c10fe,four-model-production-v1,34b35e5584493469293cf2c71beec6d84307ec645748c7e5512aabadec72a302,334,complete,success,354,1,c8b547ea4c25deed90ca8af771ac4e3e51699119d4b0edb01eca8c53fc467c72,71a40996c1021c62d12dc004cbafa3f1c5560162,d272696293bc75d5a82cca2e624800456f734f57382cd9472b5974993ef860cc,success,470,1,34b35e5584493469293cf2c71beec6d84307ec645748c7e5512aabadec72a302,d5376446b6accee5dd2d346f2d3050f9d8a69af1,c7548aa09468726af4cfdd0959912467784de4a076786913ada9f0f21b68f60d,success,470,1,34b35e5584493469293cf2c71beec6d84307ec645748c7e5512aabadec72a302,d75048347613a25d77de8cf6412eaae9fa7b26be,84d6d338b4cf63f0ed3c990a0ce748d32d1d2965c072f4645accaa71af3888c0,success,466,1,34b35e5584493469293cf2c71beec6d84307ec645748c7e5512aabadec72a302,f2f1202b1bdeb07342385c3f807f9c07cd8f5cf8,93316a86051c359748c5d5453e7660c69a21a57cfb477892f95f539e3e171196,0.018143802881240845,0.999237060546875,0.26151761412620544,0.007248654495924711,0.09778992086648941,0.00010213755740551278,0.008029734715819359,0.0044709136709570885,0.01481594517827034,0.0027386422734707594,0.0017844849498942494,0.0012727275025099516,0.001399883534759283,0.18186096847057343,0.30724790692329407,0.02020314149558544,0.027059171348810196,0.0016655989456921816,0.003983524162322283,0.04900263249874115,0.028878120705485344,0.030507219955325127,0.016945594921708107,0.0014703386696055532,0.002470864448696375,0.0018392105121165514,0.0002460554242134094,0.0007427070522680879,0.002457972150295973,0.01724935509264469,0.0013131439918652177,0.01171410083770752,0.0005371972802095115,0.0041199615225195885,0.0005209200317040086,0.0007952224696055055,0.010060961358249187,0.0006686128326691687,0.2719555199146271,0.4199815094470978,0.34088245034217834,0.23913605511188507
song_9d821af9a1e2446b36ca98875f174e35acda58d417c5ae54ee1782d1b5ca2245,four-model-production-v1,97d324e6e43657d5ffda2f01753c708bb2d8ade01eae94d3ab9d0b58d0e50df6,244,complete,success,272,1,a418378c84cce2f7df99c6e776173b2c79f1171fe023ab91f8b599131e7f905a,71a40996c1021c62d12dc004cbafa3f1c5560162,d272696293bc75d5a82cca2e624800456f734f57382cd9472b5974993ef860cc,success,334,1,97d324e6e43657d5ffda2f01753c708bb2d8ade01eae94d3ab9d0b58d0e50df6,d5376446b6accee5dd2d346f2d3050f9d8a69af1,c7548aa09468726af4cfdd0959912467784de4a076786913ada9f0f21b68f60d,success,334,1,97d324e6e43657d5ffda2f01753c708bb2d8ade01eae94d3ab9d0b58d0e50df6,d75048347613a25d77de8cf6412eaae9fa7b26be,84d6d338b4cf63f0ed3c990a0ce748d32d1d2965c072f4645accaa71af3888c0,success,327,1,97d324e6e43657d5ffda2f01753c708bb2d8ade01eae94d3ab9d0b58d0e50df6,f2f1202b1bdeb07342385c3f807f9c07cd8f5cf8,93316a86051c359748c5d5453e7660c69a21a57cfb477892f95f539e3e171196,0.962092399597168,0.04393957555294037,0.002603758592158556,0.9367891550064087,0.006773121654987335,4.7910136345308274e-05,0.001421387423761189,0.00014785368693992496,0.001443929155357182,0.001054858323186636,0.0007631031912751496,0.014679819345474243,0.000937274016905576,0.005072477273643017,0.008449744433164597,0.050500839948654175,0.5588545799255371,0.0014905943535268307,0.003923514857888222,0.29126864671707153,0.004125668667256832,0.0070343175902962685,0.00203643087297678,0.0007309308857657015,0.007238090503960848,0.0020859462674707174,0.13894324004650116,0.0031723331194370985,0.02325398288667202,0.21964628994464874,0.0022366256453096867,0.046071600168943405,0.002939094789326191,0.0033962747547775507,0.007249079644680023,0.011075247079133987,0.013826915994286537,0.00048329157289117575,0.07711688429117203,0.24152769148349762,0.40772905945777893,0.35074326395988464
song_9dbb323d50307798742301129921ec5b11ae34a454a7ed4fbbd105278a4e07c1,four-model-production-v1,498912130234e2077b24460304ec0eb1eaf183f83a56fb0d509f34148e439803,422,complete,success,733,1,15a0f03d2dfd6c02e5d1cdc902efa1a73465bee9bf856b7dc28f84a6f2f6f659,71a40996c1021c62d12dc004cbafa3f1c5560162,d272696293bc75d5a82cca2e624800456f734f57382cd9472b5974993ef860cc,success,949,2,498912130234e2077b24460304ec0eb1eaf183f83a56fb0d509f34148e439803,d5376446b6accee5dd2d346f2d3050f9d8a69af1,c7548aa09468726af4cfdd0959912467784de4a076786913ada9f0f21b68f60d,success,949,2,498912130234e2077b24460304ec0eb1eaf183f83a56fb0d509f34148e439803,d75048347613a25d77de8cf6412eaae9fa7b26be,84d6d338b4cf63f0ed3c990a0ce748d32d1d2965c072f4645accaa71af3888c0,success,688,2,498912130234e2077b24460304ec0eb1eaf183f83a56fb0d509f34148e439803,f2f1202b1bdeb07342385c3f807f9c07cd8f5cf8,93316a86051c359748c5d5453e7660c69a21a57cfb477892f95f539e3e171196,0.9953081011772156,0.002244907198473811,0.8209673762321472,0.8815150856971741,0.1181939415421702,0.000287520816254695,0.01630860463361814,0.0003623983576837132,0.009463889932100934,0.04784270550847619,0.0026900776680578546,0.001524694549146494,0.003704669790634899,0.0029001803872410062,0.010550269704936239,0.012764860455877098,0.0009246936358179744,0.013508048921811726,0.01364638022472444,0.0008952098288175868,0.003858459678167444,0.007394270307028193,0.0018855492140090896,0.0010360908576555244,0.0021896508651872894,0.001186512028150755,0.00042551970350393167,0.000418267082162908,0.0019061796141943421,0.0012492879099547235,0.0004303573752624386,0.0015127590014201808,0.00024044002336744334,0.006712391117275609,0.00031408469655278194,0.00037407741717036396,0.0021692519363220013,0.0018878819531828826,0.9453317785539416,0.25602424144744873,0.44053858518600464,0.30343717336654663
song_9e3641d00273b9a3b09faf3dccb66583183d28fbee8e60268cab00bc7002cae4,four-model-production-v1,a991e07372e3587fdce379d51914f170e256165bd1fb642fa0bc1d94db769383,193,complete,success,203,1,35c6886033475c8e208970e154bf3c85393e58f6d9b60ca1c8b0cae905af63ba,71a40996c1021c62d12dc004cbafa3f1c5560162,d272696293bc75d5a82cca2e624800456f734f57382cd9472b5974993ef860cc,success,276,1,a991e07372e3587fdce379d51914f170e256165bd1fb642fa0bc1d94db769383,d5376446b6accee5dd2d346f2d3050f9d8a69af1,c7548aa09468726af4cfdd0959912467784de4a076786913ada9f0f21b68f60d,success,276,1,a991e07372e3587fdce379d51914f170e256165bd1fb642fa0bc1d94db769383,d75048347613a25d77de8cf6412eaae9fa7b26be,84d6d338b4cf63f0ed3c990a0ce748d32d1d2965c072f4645accaa71af3888c0,success,265,1,a991e07372e3587fdce379d51914f170e256165bd1fb642fa0bc1d94db769383,f2f1202b1bdeb07342385c3f807f9c07cd8f5cf8,93316a86051c359748c5d5453e7660c69a21a57cfb477892f95f539e3e171196,0.8620597124099731,0.0038681102450937033,0.005479734856635332,0.001066982513293624,0.0017573810182511806,9.5694722404005e-06,0.0002770128194242716,5.182420864002779e-05,0.00036709822597913444,0.00039688192191533744,0.0004158700176049024,0.008145177736878395,0.0022896151058375835,0.005322500132024288,0.00751417176797986,0.030807731673121452,0.016065815463662148,0.0025519474875181913,0.006356986239552498,0.6134116649627686,0.008155708201229572,0.00411441083997488,0.004898604471236467,0.0007807639194652438,0.009650937281548977,0.0020893278997391462,0.0030800355598330498,0.0010598767548799515,0.008487418293952942,0.6871294975280762,0.001449089264497161,0.028704658150672913,0.0006975785945542157,0.005854791030287743,0.0007941218209452927,0.003270520828664303,0.008355462923645973,0.001545277307741344,0.04989029839634895,0.1974528431892395,0.4366636872291565,0.3658834993839264
song_a0d2022d699c35704ab0f0e43a6856fcd3fa30930d806529eb228106de34770e,four-model-production-v1,bfa8b3b036bba5010406e0ecd48bf0447c52d71f0fcc924d81f328083f2f3476,268,complete,success,269,1,5d92bd4f10bf17b9a71526471ff228dac44783e1cc6482392c783d4dddbec13a,71a40996c1021c62d12dc004cbafa3f1c5560162,d272696293bc75d5a82cca2e624800456f734f57382cd9472b5974993ef860cc,success,365,1,bfa8b3b036bba5010406e0ecd48bf0447c52d71f0fcc924d81f328083f2f3476,d5376446b6accee5dd2d346f2d3050f9d8a69af1,c7548aa09468726af4cfdd0959912467784de4a076786913ada9f0f21b68f60d,success,365,1,bfa8b3b036bba5010406e0ecd48bf0447c52d71f0fcc924d81f328083f2f3476,d75048347613a25d77de8cf6412eaae9fa7b26be,84d6d338b4cf63f0ed3c990a0ce748d32d1d2965c072f4645accaa71af3888c0,success,325,1,bfa8b3b036bba5010406e0ecd48bf0447c52d71f0fcc924d81f328083f2f3476,f2f1202b1bdeb07342385c3f807f9c07cd8f5cf8,93316a86051c359748c5d5453e7660c69a21a57cfb477892f95f539e3e171196,0.0035002122167497873,0.006324958987534046,0.0048196688294410706,0.012801241129636765,0.0026394298765808344,1.202239036501851e-05,0.0006050129304639995,4.185933357803151e-05,0.0005127471522428095,0.00030475971288979053,0.0002123652957379818,0.002050257520750165,0.0011541178682819009,0.0005953662330284715,0.0036114894319325686,0.06040870398283005,0.005456626880913973,0.0026301799807697535,0.0015997507143765688,0.00456911651417613,0.003352688392624259,0.0016984078101813793,0.0008376133628189564,0.00033437515958212316,0.002638729754835367,0.0017339264741167426,0.0007042220677249134,0.000470046594273299,0.002632708055898547,0.000789182900916785,0.0010525755351409316,0.024728531017899513,0.0005346220568753779,0.01989063434302807,0.0014403954846784472,0.0005579928401857615,0.002744073048233986,0.0010255317902192473,0.9107359051704407,0.17964263260364532,0.5388665199279785,0.28149083256721497
song_a12befe03d55c5fa6fd9c903788a0badba25b5b7525255fc222d72e21ba6dc12,four-model-production-v1,c0560330cb05ab64d7eac78b5e226050179915c3ed36b46d03d7e5cef167f789,298,complete,success,307,1,af7118d3fd505b7ffe1d1756e230ea64b59394d400de91edce4bbe3763c447e0,71a40996c1021c62d12dc004cbafa3f1c5560162,d272696293bc75d5a82cca2e624800456f734f57382cd9472b5974993ef860cc,success,399,1,c0560330cb05ab64d7eac78b5e226050179915c3ed36b46d03d7e5cef167f789,d5376446b6accee5dd2d346f2d3050f9d8a69af1,c7548aa09468726af4cfdd0959912467784de4a076786913ada9f0f21b68f60d,success,399,1,c0560330cb05ab64d7eac78b5e226050179915c3ed36b46d03d7e5cef167f789,d75048347613a25d77de8cf6412eaae9fa7b26be,84d6d338b4cf63f0ed3c990a0ce748d32d1d2965c072f4645accaa71af3888c0,success,369,1,c0560330cb05ab64d7eac78b5e226050179915c3ed36b46d03d7e5cef167f789,f2f1202b1bdeb07342385c3f807f9c07cd8f5cf8,93316a86051c359748c5d5453e7660c69a21a57cfb477892f95f539e3e171196,0.004760736599564552,0.005430174525827169,0.07465420663356781,0.0031392229720950127,0.03816293552517891,7.547685981990071e-06,0.0013683626893907785,0.00013546097034122795,0.013178533874452114,0.0004995245835743845,0.00013281630526762456,0.0007584195700474083,0.05280352383852005,0.02300039678812027,0.16401167213916779,0.023384444415569305,0.005786687135696411,0.002097310498356819,0.0009122724877670407,0.0010590975871309638,0.00675450311973691,0.047025516629219055,0.0020380381029099226,0.0018079715082421899,0.000865629524923861,0.000489788712002337,0.0003086686774622649,0.000301904248772189,0.008367774076759815,0.00040476827416568995,0.0005036523216404021,0.007768159732222557,0.0005022306577302516,0.01482041459530592,0.0009310782770626247,0.00044504867400974035,0.0016784550389274955,0.0004610895412042737,0.7600738406181335,0.34215161204338074,0.41253212094306946,0.24531622231006622
song_a22606f73b2eb26912bcd4c63b31ac5c72f573b98d06a74097ac6988b8a4761a,four-model-production-v1,71be88344ade240a4fdc3028ae667a26144994cfa3b944161876d4db0a475fd3,295,complete,success,305,1,942cc577d1bdfc9b813f69194ea72e546e4770da6f6f8ffdb56402f17c92cee2,71a40996c1021c62d12dc004cbafa3f1c5560162,d272696293bc75d5a82cca2e624800456f734f57382cd9472b5974993ef860cc,success,393,1,71be88344ade240a4fdc3028ae667a26144994cfa3b944161876d4db0a475fd3,d5376446b6accee5dd2d346f2d3050f9d8a69af1,c7548aa09468726af4cfdd0959912467784de4a076786913ada9f0f21b68f60d,success,393,1,71be88344ade240a4fdc3028ae667a26144994cfa3b944161876d4db0a475fd3,d75048347613a25d77de8cf6412eaae9fa7b26be,84d6d338b4cf63f0ed3c990a0ce748d32d1d2965c072f4645accaa71af3888c0,success,374,1,71be88344ade240a4fdc3028ae667a26144994cfa3b944161876d4db0a475fd3,f2f1202b1bdeb07342385c3f807f9c07cd8f5cf8,93316a86051c359748c5d5453e7660c69a21a57cfb477892f95f539e3e171196,0.9037269949913025,0.004566848743706942,0.0013225411530584097,0.0042229448445141315,0.003732122713699937,1.3428654710878618e-05,0.000484181015053764,5.8877081755781546e-05,0.0005838897777721286,0.0002972683869302273,0.0003725035930983722,0.23208601772785187,0.000564762216527015,0.003058671485632658,0.005230112001299858,0.15344750881195068,0.011397371999919415,0.03493259474635124,0.18193180859088898,0.00840227585285902,0.011416880413889885,0.004895588383078575,0.0010434972355142236,0.0012267756974324584,0.08508118987083435,0.00508926622569561,0.0009312685579061508,0.0025068067479878664,0.025443855673074722,0.31599050760269165,0.005082520190626383,0.010234628804028034,0.003399719251319766,0.03207174688577652,0.004355075303465128,0.001535206800326705,0.012482961639761925,0.1320333033800125,0.056390758603811264,0.2639925181865692,0.4280700087547302,0.30793750286102295
song_a2a8832b12a9464aa23538c26dd64ffc912252f6a19c73d3b5c0ec754be945a7,four-model-production-v1,ccdf459101c5691850a6dbc7047f03378b9e1900f5fd44a3ccb735efafcd9b8b,378,complete,success,402,1,4006ca9caac01903ac3c53f235aed8ebc68ea83b073a5c723736c962562bb278,71a40996c1021c62d12dc004cbafa3f1c5560162,d272696293bc75d5a82cca2e624800456f734f57382cd9472b5974993ef860cc,success,556,2,ccdf459101c5691850a6dbc7047f03378b9e1900f5fd44a3ccb735efafcd9b8b,d5376446b6accee5dd2d346f2d3050f9d8a69af1,c7548aa09468726af4cfdd0959912467784de4a076786913ada9f0f21b68f60d,success,556,2,ccdf459101c5691850a6dbc7047f03378b9e1900f5fd44a3ccb735efafcd9b8b,d75048347613a25d77de8cf6412eaae9fa7b26be,84d6d338b4cf63f0ed3c990a0ce748d32d1d2965c072f4645accaa71af3888c0,success,539,2,ccdf459101c5691850a6dbc7047f03378b9e1900f5fd44a3ccb735efafcd9b8b,f2f1202b1bdeb07342385c3f807f9c07cd8f5cf8,93316a86051c359748c5d5453e7660c69a21a57cfb477892f95f539e3e171196,0.9988585710525513,0.22349512577056885,0.026523666456341743,0.006672978866845369,0.008835368556901813,2.6329881620767992e-05,0.0016355511033907533,0.00023023570247460157,0.001543457678053528,0.0005007067375117913,0.0008310947523568757,0.06581048294901848,0.0029430424328893423,0.00413369492162019,0.007606429746374488,0.07317346334457397,0.008058591047301888,0.002811513841152191,0.0019246095325797796,0.006130080204457045,0.007700133719481528,0.011235557962208986,0.0020068271551281214,0.0006576646555913612,0.00468108500353992,0.0009108333033509552,0.0018621233175508678,0.0005723761714762077,0.01702725049108267,0.9468683004379272,0.0007510925643146038,0.008568753954023123,0.0007358060393016785,0.008678742917254567,0.0007877626921981573,0.0014778472541365772,0.005646872334182262,0.0016135068144649267,0.022969162091612816,0.15692889969623156,0.41822682561591296,0.4248443193913391
song_a2b0d57e3aeceb90c67f1e0c89daa02a72b08196d8d9b1caf4efa7677c4a847b,four-model-production-v1,af2f35da5c1298489110ab0dc79190e6916df6d9ad3fabd1d43596b1499697e4,489,complete,success,542,1,0c938f7536ad0476d4a06cbfd70c6d705efc746c89d12c5d4e551e831044267f,71a40996c1021c62d12dc004cbafa3f1c5560162,d272696293bc75d5a82cca2e624800456f734f57382cd9472b5974993ef860cc,success,776,2,af2f35da5c1298489110ab0dc79190e6916df6d9ad3fabd1d43596b1499697e4,d5376446b6accee5dd2d346f2d3050f9d8a69af1,c7548aa09468726af4cfdd0959912467784de4a076786913ada9f0f21b68f60d,success,776,2,af2f35da5c1298489110ab0dc79190e6916df6d9ad3fabd1d43596b1499697e4,d75048347613a25d77de8cf6412eaae9fa7b26be,84d6d338b4cf63f0ed3c990a0ce748d32d1d2965c072f4645accaa71af3888c0,success,732,2,af2f35da5c1298489110ab0dc79190e6916df6d9ad3fabd1d43596b1499697e4,f2f1202b1bdeb07342385c3f807f9c07cd8f5cf8,93316a86051c359748c5d5453e7660c69a21a57cfb477892f95f539e3e171196,0.9952558875083923,0.020577693358063698,0.9962683916091919,0.010898456908762455,0.9010816514492035,0.01629626052454114,0.8480094969272614,0.0015087088104337454,0.2869497835636139,0.008572870632633567,0.400139644742012,0.0027196090668439865,0.17519192397594452,0.011343462392687798,0.027183269150555134,0.013322258368134499,0.007201015017926693,0.0021257047192193568,0.007785163936205208,0.004491702653467655,0.001884293567854911,0.0017169589991681278,0.001977044972591102,0.0013558649807237089,0.02099517546594143,0.0007192662451416254,0.00026148694450967014,0.00034253417106810957,0.07348828203976154,0.008939636871218681,0.0006180745258461684,0.005493720411323011,0.0007065040990710258,0.0029280539602041245,0.0009969690872821957,0.0005346693797037005,0.0011343268561176956,0.0011252089752815664,0.6474528908729553,0.18617571890354156,0.4768765717744827,0.3369477093219757
song_a5796aaae59d201c1e3deeacae5e2109ffeaf8181d6a0cc53d4179eef0117ee2,four-model-production-v1,571daa6af317ae37fe23634d31aa33f4e4fd82168aaab8edbaaf0f8ffe5d9723,103,complete,success,112,1,207e3ecb924dff2c8c92652630992e7f774736fbeda4ee310bb7b6d2701f2198,71a40996c1021c62d12dc004cbafa3f1c5560162,d272696293bc75d5a82cca2e624800456f734f57382cd9472b5974993ef860cc,success,141,1,571daa6af317ae37fe23634d31aa33f4e4fd82168aaab8edbaaf0f8ffe5d9723,d5376446b6accee5dd2d346f2d3050f9d8a69af1,c7548aa09468726af4cfdd0959912467784de4a076786913ada9f0f21b68f60d,success,141,1,571daa6af317ae37fe23634d31aa33f4e4fd82168aaab8edbaaf0f8ffe5d9723,d75048347613a25d77de8cf6412eaae9fa7b26be,84d6d338b4cf63f0ed3c990a0ce748d32d1d2965c072f4645accaa71af3888c0,success,135,1,571daa6af317ae37fe23634d31aa33f4e4fd82168aaab8edbaaf0f8ffe5d9723,f2f1202b1bdeb07342385c3f807f9c07cd8f5cf8,93316a86051c359748c5d5453e7660c69a21a57cfb477892f95f539e3e171196,0.8991127014160156,0.0021729720756411552,0.0047731357626616955,0.003263178514316678,0.0036261051427572966,1.1013286894012708e-05,0.00035858259070664644,7.544572144979611e-05,0.0005401276284828782,0.0010766735067591071,0.0006272828322835267,0.012284483760595322,0.005233017727732658,0.001976270694285631,0.00441407598555088,0.03285307437181473,0.006730169989168644,0.0009818662656471133,0.0025145055260509253,0.23719510436058044,0.0023907290305942297,0.0013514463789761066,0.0011301246704533696,0.00046616766485385597,0.14580711722373962,0.0009570117108523846,0.0021501060109585524,0.0007372276159003377,0.20476864278316498,0.1126386821269989,0.0010436548618599772,0.01952558569610119,0.002679630648344755,0.00438280263915658,0.0025655911304056644,0.0009214463643729687,0.002767310244962573,0.0018903572345152497,0.14620628952980042,0.1201099380850792,0.42236587405204773,0.45752424001693726
song_a5ffceb48df141a6ead277d91c687b6b6f87f4e4a27eaca6b77af8deac820a52,four-model-production-v1,2740d098d210ac5fea54a7260629d3c1ba0b0d0fc1d1adec66910b88f35e49f8,245,complete,success,256,1,828292d68204c951de704970abb0b6a0a408d56e4a43241e980ac3622b2be8d5,71a40996c1021c62d12dc004cbafa3f1c5560162,d272696293bc75d5a82cca2e624800456f734f57382cd9472b5974993ef860cc,success,351,1,2740d098d210ac5fea54a7260629d3c1ba0b0d0fc1d1adec66910b88f35e49f8,d5376446b6accee5dd2d346f2d3050f9d8a69af1,c7548aa09468726af4cfdd0959912467784de4a076786913ada9f0f21b68f60d,success,351,1,2740d098d210ac5fea54a7260629d3c1ba0b0d0fc1d1adec66910b88f35e49f8,d75048347613a25d77de8cf6412eaae9fa7b26be,84d6d338b4cf63f0ed3c990a0ce748d32d1d2965c072f4645accaa71af3888c0,success,348,1,2740d098d210ac5fea54a7260629d3c1ba0b0d0fc1d1adec66910b88f35e49f8,f2f1202b1bdeb07342385c3f807f9c07cd8f5cf8,93316a86051c359748c5d5453e7660c69a21a57cfb477892f95f539e3e171196,0.01382358092814684,0.0031784307211637497,0.002830341923981905,0.009687346406280994,0.003795721335336566,2.143259916920215e-05,0.0007339529111050069,7.209514296846464e-05,0.0006390656344592571,0.0005495375953614712,0.0006639003986492753,0.07764653861522675,0.002208465477451682,0.0025089990813285112,0.0038954736664891243,0.08813600987195969,0.023094890639185905,0.0012215489987283945,0.001352790859527886,0.02805923856794834,0.0034727046731859446,0.0030484420713037252,0.0013641879195347428,0.0005999182467348874,0.03925547003746033,0.001986278221011162,0.0037339353002607822,0.0008828943828120828,0.10702816396951675,0.9011304378509521,0.0013857102021574974,0.04865652695298195,0.0028879959136247635,0.00736190052703023,0.0024702379014343023,0.0012352925259619951,0.0036549291107803583,0.003163947956636548,0.02216492034494877,0.15942102670669556,0.3674428164958954,0.4731360673904419
song_a6cc3d1c997f8e07adade9fd28c157e4d03f4f8f4987adaac8a306b72b6f13a6,four-model-production-v1,2e1a0cdf870cfd21b467587a6983ef260320cda0cd2c0e9a3e4e65119bda72c4,258,complete,success,289,1,b3ca77ece4d864c729ae3ca4b408c7acefc26f5ab13a6e03bddb76cf87efe146,71a40996c1021c62d12dc004cbafa3f1c5560162,d272696293bc75d5a82cca2e624800456f734f57382cd9472b5974993ef860cc,success,359,1,2e1a0cdf870cfd21b467587a6983ef260320cda0cd2c0e9a3e4e65119bda72c4,d5376446b6accee5dd2d346f2d3050f9d8a69af1,c7548aa09468726af4cfdd0959912467784de4a076786913ada9f0f21b68f60d,success,359,1,2e1a0cdf870cfd21b467587a6983ef260320cda0cd2c0e9a3e4e65119bda72c4,d75048347613a25d77de8cf6412eaae9fa7b26be,84d6d338b4cf63f0ed3c990a0ce748d32d1d2965c072f4645accaa71af3888c0,success,347,1,2e1a0cdf870cfd21b467587a6983ef260320cda0cd2c0e9a3e4e65119bda72c4,f2f1202b1bdeb07342385c3f807f9c07cd8f5cf8,93316a86051c359748c5d5453e7660c69a21a57cfb477892f95f539e3e171196,0.9988493919372559,0.006292937323451042,0.07094671577215195,0.0194352176040411,0.041864942759275436,0.00012731699098367244,0.006211639381945133,0.0003298453812021762,0.0032536834478378296,0.0019202096154913306,0.07266311347484589,0.11591611057519913,0.0016047705430537462,0.0021029305644333363,0.0030656864400953054,0.06964491307735443,0.035718437284231186,0.0019263742724433541,0.0022914165165275335,0.06489963829517365,0.005224510096013546,0.003936287481337786,0.0009402950527146459,0.0005353589076548815,0.019356224685907364,0.0019462327472865582,0.00156292668543756,0.0009106207871809602,0.0465875007212162,0.8331623077392578,0.0012236754409968853,0.19742810726165771,0.002974261762574315,0.009141932241618633,0.001823466969653964,0.0020378956105560064,0.003540519392117858,0.0027604077477008104,0.05685746669769287,0.20393520593643188,0.44210535287857056,0.35395944118499756
song_a6eab6eaa3a8765b9bc855a359e190d3b1b2ca7572976e67d194886ec9081a52,four-model-production-v1,f7c32b121fe3dff298f0bb44080915ee6336d5cd7179342af31fa033d8de22b6,270,complete,success,284,1,f77ab27896575be167e8105fb038fa0f1d1df9186d04586d91991555915a37af,71a40996c1021c62d12dc004cbafa3f1c5560162,d272696293bc75d5a82cca2e624800456f734f57382cd9472b5974993ef860cc,success,344,1,f7c32b121fe3dff298f0bb44080915ee6336d5cd7179342af31fa033d8de22b6,d5376446b6accee5dd2d346f2d3050f9d8a69af1,c7548aa09468726af4cfdd0959912467784de4a076786913ada9f0f21b68f60d,success,344,1,f7c32b121fe3dff298f0bb44080915ee6336d5cd7179342af31fa033d8de22b6,d75048347613a25d77de8cf6412eaae9fa7b26be,84d6d338b4cf63f0ed3c990a0ce748d32d1d2965c072f4645accaa71af3888c0,success,338,1,f7c32b121fe3dff298f0bb44080915ee6336d5cd7179342af31fa033d8de22b6,f2f1202b1bdeb07342385c3f807f9c07cd8f5cf8,93316a86051c359748c5d5453e7660c69a21a57cfb477892f95f539e3e171196,0.0060396878980100155,0.003307605627924204,0.0055982270278036594,0.012181371450424194,0.0019905457738786936,3.175543952238513e-06,0.00014204165199771523,4.217805326334201e-05,0.0004014098667539656,0.00017122409190051258,6.471002416219562e-05,0.0014271634863689542,0.0008210020023398101,0.0038940683007240295,0.05033131688833237,0.07383060455322266,0.054489824920892715,0.0018658245680853724,0.0008962139836512506,0.003821067977696657,0.07549731433391571,0.011975928209722042,0.002037597820162773,0.00192715460434556,0.0008391031879000366,0.00637431675568223,0.000181232753675431,0.0020123282447457314,0.0022846958599984646,0.0013203651178628206,0.01582947000861168,0.0134578887373209,0.0007850234396755695,0.07489030808210373,0.005380008369684219,0.002357941586524248,0.07178724557161331,0.0009271738235838711,0.49202850461006165,0.28459733724594116,0.45115652680397034,0.2642461359500885
song_a7464a3d004fed14e1824802fca94ffd5af3ac71e2e2e34435fccd0ff534a2ed,four-model-production-v1,333f8ef4afb37bd3c5cb5974052eaed1c4fd01b1bc710a4cec7e792ea7b9e670,357,complete,success,406,1,bcc87caf9f5a3fa28bcdbbc7b7fca43685778a731756c171fe59b9d925045a38,71a40996c1021c62d12dc004cbafa3f1c5560162,d272696293bc75d5a82cca2e624800456f734f57382cd9472b5974993ef860cc,success,502,1,333f8ef4afb37bd3c5cb5974052eaed1c4fd01b1bc710a4cec7e792ea7b9e670,d5376446b6accee5dd2d346f2d3050f9d8a69af1,c7548aa09468726af4cfdd0959912467784de4a076786913ada9f0f21b68f60d,success,502,1,333f8ef4afb37bd3c5cb5974052eaed1c4fd01b1bc710a4cec7e792ea7b9e670,d75048347613a25d77de8cf6412eaae9fa7b26be,84d6d338b4cf63f0ed3c990a0ce748d32d1d2965c072f4645accaa71af3888c0,success,478,1,333f8ef4afb37bd3c5cb5974052eaed1c4fd01b1bc710a4cec7e792ea7b9e670,f2f1202b1bdeb07342385c3f807f9c07cd8f5cf8,93316a86051c359748c5d5453e7660c69a21a57cfb477892f95f539e3e171196,0.009669705294072628,0.002186145167797804,0.07461319118738174,0.002524430165067315,0.06502099335193634,8.627458737464622e-05,0.016764521598815918,0.0007668421603739262,0.003949030768126249,0.0007133999024517834,0.003959087189286947,0.006679011974483728,0.019071172922849655,0.0031334608793258667,0.012142707593739033,0.09596358984708786,0.07086948305368423,0.0014230967499315739,0.0017229369841516018,0.00514361122623086,0.002559173386543989,0.003900302341207862,0.0007509742281399667,0.0009512754622846842,0.044373687356710434,0.0018104987684637308,0.001717081991955638,0.001221288344822824,0.7509775161743164,0.009381075389683247,0.005140435416251421,0.01550560537725687,0.004498990718275309,0.00969774555414915,0.03292306512594223,0.0008109079790301621,0.005094853695482016,0.0008835651678964496,0.19085800647735596,0.18642760813236237,0.4101095497608185,0.40346282720565796
song_a774cd098b6d541712b9c125d8283d2050e37bbd30ccb15a2f46def348e4cd32,four-model-production-v1,4316181b1d7967eb4750ec778c6111a095eec8f3522f51902e26dd093ff386d1,208,complete,success,270,1,453f72d70981a1e26fa402d2558e49c9460b04602f6930d824f62e9da94ebf99,71a40996c1021c62d12dc004cbafa3f1c5560162,d272696293bc75d5a82cca2e624800456f734f57382cd9472b5974993ef860cc,success,343,1,4316181b1d7967eb4750ec778c6111a095eec8f3522f51902e26dd093ff386d1,d5376446b6accee5dd2d346f2d3050f9d8a69af1,c7548aa09468726af4cfdd0959912467784de4a076786913ada9f0f21b68f60d,success,343,1,4316181b1d7967eb4750ec778c6111a095eec8f3522f51902e26dd093ff386d1,d75048347613a25d77de8cf6412eaae9fa7b26be,84d6d338b4cf63f0ed3c990a0ce748d32d1d2965c072f4645accaa71af3888c0,success,313,1,4316181b1d7967eb4750ec778c6111a095eec8f3522f51902e26dd093ff386d1,f2f1202b1bdeb07342385c3f807f9c07cd8f5cf8,93316a86051c359748c5d5453e7660c69a21a57cfb477892f95f539e3e171196,0.11587005108594894,0.619981050491333,0.002263137372210622,0.001057934365235269,0.00926950667053461,6.124843639554456e-05,0.000617850455455482,0.00020336259331088513,0.001722457236610353,0.006001499481499195,0.0005659266607835889,0.0016784550389274955,0.004533004015684128,0.0016674632206559181,0.01949058100581169,0.02228143811225891,0.002143146237358451,0.0021021831780672073,0.000433039094787091,0.0007372764521278441,0.027199141681194305,0.014316661283373833,0.002047689398750663,0.0031262466218322515,0.0012359486427158117,0.0016087995609268546,0.001667235279455781,0.0020215886179357767,0.02598109468817711,0.0006640583160333335,0.0021969154477119446,0.0017896821955218911,0.0012772614136338234,0.05003087967634201,0.008922412060201168,0.0016327501507475972,0.03366527706384659,0.0013186025898903608,0.7637420296669006,0.3328867256641388,0.42344680428504944,0.24366642534732819
song_a7772f327e3a3cfafd258cd3b2e22efc03d987310de5204015249aca809adaf3,four-model-production-v1,53bb45516cd0e7f92861dcbb4bfb89e0d635ea8b7e250fa69520955b77a595e4,249,complete,success,256,1,d752880978637c12cded16e2f4f639c6e96793cd52d078f62deee7f8cb1051c9,71a40996c1021c62d12dc004cbafa3f1c5560162,d272696293bc75d5a82cca2e624800456f734f57382cd9472b5974993ef860cc,success,349,1,53bb45516cd0e7f92861dcbb4bfb89e0d635ea8b7e250fa69520955b77a595e4,d5376446b6accee5dd2d346f2d3050f9d8a69af1,c7548aa09468726af4cfdd0959912467784de4a076786913ada9f0f21b68f60d,success,349,1,53bb45516cd0e7f92861dcbb4bfb89e0d635ea8b7e250fa69520955b77a595e4,d75048347613a25d77de8cf6412eaae9fa7b26be,84d6d338b4cf63f0ed3c990a0ce748d32d1d2965c072f4645accaa71af3888c0,success,339,1,53bb45516cd0e7f92861dcbb4bfb89e0d635ea8b7e250fa69520955b77a595e4,f2f1202b1bdeb07342385c3f807f9c07cd8f5cf8,93316a86051c359748c5d5453e7660c69a21a57cfb477892f95f539e3e171196,0.0037644030526280403,0.005288753658533096,0.006809372920542955,0.011163699440658092,0.002046851674094796,7.194805675680982e-06,0.0006407867767848074,5.0054910389008e-05,0.00024746518465690315,8.438702207058668e-05,0.00016491819405928254,0.21889697015285492,0.0008143795421347022,0.002673972165212035,0.022590622305870056,0.1678214818239212,0.0669814795255661,0.010412460193037987,0.004864027723670006,0.010096466168761253,0.15086427330970764,0.009697415865957737,0.0014085074653849006,0.0036531027872115374,0.00796555820852518,0.005259656812995672,0.008922424167394638,0.0086144357919693,0.08079586178064346,0.009966970421373844,0.04535147547721863,0.014639629982411861,0.019527385011315346,0.061367060989141464,0.06359629333019257,0.013571888208389282,0.12934710085391998,0.0022860232274979353,0.03727816045284271,0.3256186842918396,0.40781256556510925,0.26656875014305115
song_a7ba1698c332881371ca56c4d18a568ac6781ccade4939e9b958bf3d29384d7a,four-model-production-v1,566d091cb8f38e14ca6b3b78cdd23880640147350c7a09d552ad94bf253594ef,282,complete,success,280,1,701770b46c9529daee1ffe21ee438f597ff5f8cb9ad320875127f233eaca3067,71a40996c1021c62d12dc004cbafa3f1c5560162,d272696293bc75d5a82cca2e624800456f734f57382cd9472b5974993ef860cc,success,374,1,566d091cb8f38e14ca6b3b78cdd23880640147350c7a09d552ad94bf253594ef,d5376446b6accee5dd2d346f2d3050f9d8a69af1,c7548aa09468726af4cfdd0959912467784de4a076786913ada9f0f21b68f60d,success,374,1,566d091cb8f38e14ca6b3b78cdd23880640147350c7a09d552ad94bf253594ef,d75048347613a25d77de8cf6412eaae9fa7b26be,84d6d338b4cf63f0ed3c990a0ce748d32d1d2965c072f4645accaa71af3888c0,success,352,1,566d091cb8f38e14ca6b3b78cdd23880640147350c7a09d552ad94bf253594ef,f2f1202b1bdeb07342385c3f807f9c07cd8f5cf8,93316a86051c359748c5d5453e7660c69a21a57cfb477892f95f539e3e171196,0.006524838972836733,0.008450872264802456,0.002516684355214238,0.009079192765057087,0.0018906082259491086,6.823051535320701e-06,0.0002836323110386729,6.490488158306107e-05,0.00026977117522619665,0.00012836180394515395,0.0002441797114443034,0.0028918462339788675,0.0032118172384798527,0.0009882051963359118,0.003476543352007866,0.049174368381500244,0.005031275097280741,0.001329598599113524,0.0016609042650088668,0.004863709677010775,0.0016586831770837307,0.0007395387510769069,0.0008608268108218908,0.0006154945003800094,0.04223277419805527,0.0030717113986611366,0.001015476998873055,0.0006492098327726126,0.022739693522453308,0.0019827631767839193,0.0018956258427351713,0.012708897702395916,0.0015991468681022525,0.020491091534495354,0.0026558341924101114,0.0004994886112399399,0.0018907315097749233,0.0036961419973522425,0.8779684901237488,0.14688749611377716,0.391578733921051,0.461533784866333
song_a84a10eb92bed9d061cf1c2808e9ed888d108308663802e0618fbb34a235137c,four-model-production-v1,ff606ef35f1d229632789e458aee4c7d16547a40ee39858937cd010e4b6a1f9a,304,complete,success,337,1,a3a06486e2a77d88eeb4cd143db321487daddf037db718e71cb1bbfccdad18c8,71a40996c1021c62d12dc004cbafa3f1c5560162,d272696293bc75d5a82cca2e624800456f734f57382cd9472b5974993ef860cc,success,412,1,ff606ef35f1d229632789e458aee4c7d16547a40ee39858937cd010e4b6a1f9a,d5376446b6accee5dd2d346f2d3050f9d8a69af1,c7548aa09468726af4cfdd0959912467784de4a076786913ada9f0f21b68f60d,success,412,1,ff606ef35f1d229632789e458aee4c7d16547a40ee39858937cd010e4b6a1f9a,d75048347613a25d77de8cf6412eaae9fa7b26be,84d6d338b4cf63f0ed3c990a0ce748d32d1d2965c072f4645accaa71af3888c0,success,419,1,ff606ef35f1d229632789e458aee4c7d16547a40ee39858937cd010e4b6a1f9a,f2f1202b1bdeb07342385c3f807f9c07cd8f5cf8,93316a86051c359748c5d5453e7660c69a21a57cfb477892f95f539e3e171196,0.04319731518626213,0.005931940861046314,0.9957844614982605,0.006859644316136837,0.32027772068977356,0.00027500392752699554,0.10574538260698318,0.0002221592585556209,0.18409721553325653,0.008799090050160885,0.0034703556448221207,0.0022747707553207874,0.0017108918400481343,0.008297532796859741,0.11809446662664413,0.01991642825305462,0.0019355944823473692,0.014847556129097939,0.06464734673500061,0.002255868399515748,0.32561683654785156,0.013673880137503147,0.0031720208935439587,0.007392702158540487,0.004240147303789854,0.004396010190248489,5.8742985856952146e-05,0.0021814724896103144,0.0024396588560193777,0.0008168323547579348,0.007896719500422478,0.009177250787615776,0.000445148820290342,0.03476614132523537,0.0015895057003945112,0.0012222076766192913,0.04694913700222969,0.04317096248269081,0.3740905523300171,0.315746933221817,0.39809665083885193,0.2861565053462982
song_a88716a9c9d7b095702f94b087ee37326a0dc5655ecf93a84a87b71aa1b66a68,four-model-production-v1,6090bcdbece03d95ac7b774e8c44d252a3f8945e4072fddda6f52c52294bf524,584,complete,success,662,1,be5f7202163f56d61eddcb33bdc08f21fed8b8320014f62fede716b89840999b,71a40996c1021c62d12dc004cbafa3f1c5560162,d272696293bc75d5a82cca2e624800456f734f57382cd9472b5974993ef860cc,success,821,2,6090bcdbece03d95ac7b774e8c44d252a3f8945e4072fddda6f52c52294bf524,d5376446b6accee5dd2d346f2d3050f9d8a69af1,c7548aa09468726af4cfdd0959912467784de4a076786913ada9f0f21b68f60d,success,821,2,6090bcdbece03d95ac7b774e8c44d252a3f8945e4072fddda6f52c52294bf524,d75048347613a25d77de8cf6412eaae9fa7b26be,84d6d338b4cf63f0ed3c990a0ce748d32d1d2965c072f4645accaa71af3888c0,success,843,2,6090bcdbece03d95ac7b774e8c44d252a3f8945e4072fddda6f52c52294bf524,f2f1202b1bdeb07342385c3f807f9c07cd8f5cf8,93316a86051c359748c5d5453e7660c69a21a57cfb477892f95f539e3e171196,0.9954582452774048,0.1185455471277237,0.9963428378105164,0.9971281886100769,0.17372706792931028,0.0006677928474626389,0.09945422994317747,0.00047821584210110585,0.016426114316680326,0.005983859150308603,0.10772211839706976,0.0022661615846265703,0.03960042108127101,0.006522963411116862,0.06493862263232143,0.026379710294750953,0.0020933343904675976,0.0024952599112325587,0.006001107661273607,0.15786417774248065,0.14877468686500944,0.03455304593272081,0.004227274666675315,0.002143212460448237,0.014328714407953217,0.0011280759743354698,0.00036115095425730666,0.0008283468189787678,0.010561423594002747,0.003432019513858149,0.001550190116139299,0.032496610204899065,0.0007473150499042546,0.007728211490956933,0.0011173811594838783,0.0022195881888004932,0.022064830354629278,0.0015075972865831366,0.4398389386782257,0.27922000664408947,0.405810315343126,0.3149696631646524
song_a9417fe5b49241ddee5b63be9a3fe138548c5ec77db57e1201268cae0273529e,four-model-production-v1,55b3db10589e34a825dc197902d4ffae09e784e117b7cc9c2e66be9eb96bc418,128,complete,success,139,1,51ba29612b78157ab15581cc8f979c7ea8cd82d7901f394d173e25139c146ff7,71a40996c1021c62d12dc004cbafa3f1c5560162,d272696293bc75d5a82cca2e624800456f734f57382cd9472b5974993ef860cc,success,173,1,55b3db10589e34a825dc197902d4ffae09e784e117b7cc9c2e66be9eb96bc418,d5376446b6accee5dd2d346f2d3050f9d8a69af1,c7548aa09468726af4cfdd0959912467784de4a076786913ada9f0f21b68f60d,success,173,1,55b3db10589e34a825dc197902d4ffae09e784e117b7cc9c2e66be9eb96bc418,d75048347613a25d77de8cf6412eaae9fa7b26be,84d6d338b4cf63f0ed3c990a0ce748d32d1d2965c072f4645accaa71af3888c0,success,157,1,55b3db10589e34a825dc197902d4ffae09e784e117b7cc9c2e66be9eb96bc418,f2f1202b1bdeb07342385c3f807f9c07cd8f5cf8,93316a86051c359748c5d5453e7660c69a21a57cfb477892f95f539e3e171196,0.06718418002128601,0.00525028258562088,0.0035021519288420677,0.0013115060282871127,0.01969335600733757,2.9904551411163993e-05,0.0013751619262620807,0.00029882782837376,0.0011609725188463926,0.0005257802549749613,0.0052107241936028,0.007844613865017891,0.0040382081642746925,0.022332416847348213,0.021972794085741043,0.017929615452885628,0.02661370486021042,0.01228558924049139,0.012502863071858883,0.028540462255477905,0.15928909182548523,0.018395140767097473,0.008788242004811764,0.0034895241260528564,0.003972644917666912,0.007720717694610357,0.0027080727741122246,0.016739821061491966,0.011640929616987705,0.847308874130249,0.011474702507257462,0.010443761013448238,0.0007271583308465779,0.01512349583208561,0.0025426247157156467,0.033185966312885284,0.6590403318405151,0.005248133558779955,0.01303352415561676,0.3591499924659729,0.41013044118881226,0.2307196408510208
song_a9824e4acd085fbd53e561a95b0a44b852833928c774ab7affba998ddfec95a6,four-model-production-v1,7358e388ec50d62a98dff15f2987b7f389927888d53b9bf7e4906549542b36d0,191,complete,success,207,1,b95bf6cbf17bae4bdfcd487091205c6ad32f9b3a733ebefaf2571d73d968abcf,71a40996c1021c62d12dc004cbafa3f1c5560162,d272696293bc75d5a82cca2e624800456f734f57382cd9472b5974993ef860cc,success,251,1,7358e388ec50d62a98dff15f2987b7f389927888d53b9bf7e4906549542b36d0,d5376446b6accee5dd2d346f2d3050f9d8a69af1,c7548aa09468726af4cfdd0959912467784de4a076786913ada9f0f21b68f60d,success,251,1,7358e388ec50d62a98dff15f2987b7f389927888d53b9bf7e4906549542b36d0,d75048347613a25d77de8cf6412eaae9fa7b26be,84d6d338b4cf63f0ed3c990a0ce748d32d1d2965c072f4645accaa71af3888c0,success,247,1,7358e388ec50d62a98dff15f2987b7f389927888d53b9bf7e4906549542b36d0,f2f1202b1bdeb07342385c3f807f9c07cd8f5cf8,93316a86051c359748c5d5453e7660c69a21a57cfb477892f95f539e3e171196,0.9992576241493225,0.0336122028529644,0.9823169112205505,0.04951094090938568,0.9934130311012268,0.15551282465457916,0.9588292241096497,0.016002725809812546,0.5371612906455994,0.02119196206331253,0.8855344653129578,0.002599305473268032,0.001050021150149405,0.07965777069330215,0.1446005254983902,0.022100290283560753,0.011745086871087551,0.0012577980523929,0.001631775638088584,0.1551656872034073,0.023551732301712036,0.009010200388729572,0.024003220722079277,0.0014893640764057636,0.0024260079953819513,0.002471179235726595,0.000371519970940426,0.0011555980890989304,0.002143349265679717,0.022229723632335663,0.0013230375479906797,0.0046527995727956295,0.0008742772624827921,0.006752507295459509,0.0006354143260978162,0.0010938664199784398,0.02007719688117504,0.0006628351402468979,0.3575442135334015,0.26731470227241516,0.4147316515445709,0.31795361638069153
song_aa13e5b19bab07dc2e5fc83d007dd90e21decb27057023685ff0ca1d8ba13b42,four-model-production-v1,195bce8d27cd3879dab10ac995d29211d2cf82eb561e1128eda0f59f59d58dfd,580,complete,success,615,1,c388affbf8f4a2304c7bbda083af7b8eab1e31cec5ac8cee8cd6030b24735cda,71a40996c1021c62d12dc004cbafa3f1c5560162,d272696293bc75d5a82cca2e624800456f734f57382cd9472b5974993ef860cc,success,859,2,195bce8d27cd3879dab10ac995d29211d2cf82eb561e1128eda0f59f59d58dfd,d5376446b6accee5dd2d346f2d3050f9d8a69af1,c7548aa09468726af4cfdd0959912467784de4a076786913ada9f0f21b68f60d,success,859,2,195bce8d27cd3879dab10ac995d29211d2cf82eb561e1128eda0f59f59d58dfd,d75048347613a25d77de8cf6412eaae9fa7b26be,84d6d338b4cf63f0ed3c990a0ce748d32d1d2965c072f4645accaa71af3888c0,success,815,2,195bce8d27cd3879dab10ac995d29211d2cf82eb561e1128eda0f59f59d58dfd,f2f1202b1bdeb07342385c3f807f9c07cd8f5cf8,93316a86051c359748c5d5453e7660c69a21a57cfb477892f95f539e3e171196,0.9943236112594604,0.9966617822647095,0.9846767783164978,0.9934816360473633,0.20591010122068826,0.00037780745337528585,0.035201264694940226,0.021981913064052463,0.012523925497833037,0.005279622989900766,0.01175087747490413,0.0018489588255591787,0.009227949783327416,0.005438773752958866,0.017723117152725513,0.010134200677188922,0.0017947626744133525,0.0020714700422591256,0.0025823202178779908,0.003318993517276815,0.002901923403629602,0.001721923288182335,0.0038009276025417903,0.0015413164982693627,0.00823140617815628,0.0030648170516916202,0.00030913755067405146,0.000474568430560113,0.004655359774216472,0.0012036518375925954,0.0009079549732787168,0.002974857488913815,0.0006108480010033131,0.006986840097916695,0.000571197685536227,0.00033842737947610167,0.0018926804835937387,0.0025586568096130045,0.9471650224903271,0.2856763362884521,0.42317602828236445,0.2911476205097386
song_afd6a3e1bb701e4109e7db538528052981f38587e8a519600ab7591d040fd1d1,four-model-production-v1,4096d1c07903f55868bdf7d8db1ad892df7c25b96c500c18e1e0af435517a1cd,461,complete,success,474,1,d6b6d4e69571de14285bb3a457368711aaa88f4e22849d27ca9a3a0cf1592ecf,71a40996c1021c62d12dc004cbafa3f1c5560162,d272696293bc75d5a82cca2e624800456f734f57382cd9472b5974993ef860cc,success,685,2,4096d1c07903f55868bdf7d8db1ad892df7c25b96c500c18e1e0af435517a1cd,d5376446b6accee5dd2d346f2d3050f9d8a69af1,c7548aa09468726af4cfdd0959912467784de4a076786913ada9f0f21b68f60d,success,685,2,4096d1c07903f55868bdf7d8db1ad892df7c25b96c500c18e1e0af435517a1cd,d75048347613a25d77de8cf6412eaae9fa7b26be,84d6d338b4cf63f0ed3c990a0ce748d32d1d2965c072f4645accaa71af3888c0,success,599,2,4096d1c07903f55868bdf7d8db1ad892df7c25b96c500c18e1e0af435517a1cd,f2f1202b1bdeb07342385c3f807f9c07cd8f5cf8,93316a86051c359748c5d5453e7660c69a21a57cfb477892f95f539e3e171196,0.9211081266403198,0.0022586884442716837,0.0049600559286773205,0.0021992779802531004,0.040450263336083314,1.8355224582041193e-05,0.003843884828949116,0.00013077868576532052,0.02122727544148908,0.0005099282815821305,0.0003022704769926907,0.009924984893278919,0.0019009321193842992,0.003937080487554526,0.020421531850839184,0.07453081763356272,0.004323871507832821,0.001385473604925847,0.001109759456029393,0.017997083500245193,0.1010676998182805,0.00518197057918258,0.002523623392951206,0.004210992805306276,0.03686482233070109,0.0027249540647586983,0.0006429915262868859,0.0053425017703514896,0.12196790349744532,0.19475035884954633,0.008146667065792276,0.004356026692982138,0.006261410779679996,0.05267641387716697,0.013856792774894378,0.003295881961587898,0.08946073679593358,0.012156119919551985,0.18249591967485246,0.2261806558786529,0.3816922840371554,0.3921270452576607
song_b10199f4fcf60c75729c81ed97259c8e6aa9673cdcb93acdc6f4171e7cf8d945,four-model-production-v1,e728af2ca76a971563b9d859c6f7bb450627bad781cf460efe15745dbe20fea7,123,complete,success,127,1,013f70c656baf8a99e9cddf7c26613ef4c1f573d2c88f075f1029ae308576b98,71a40996c1021c62d12dc004cbafa3f1c5560162,d272696293bc75d5a82cca2e624800456f734f57382cd9472b5974993ef860cc,success,169,1,e728af2ca76a971563b9d859c6f7bb450627bad781cf460efe15745dbe20fea7,d5376446b6accee5dd2d346f2d3050f9d8a69af1,c7548aa09468726af4cfdd0959912467784de4a076786913ada9f0f21b68f60d,success,169,1,e728af2ca76a971563b9d859c6f7bb450627bad781cf460efe15745dbe20fea7,d75048347613a25d77de8cf6412eaae9fa7b26be,84d6d338b4cf63f0ed3c990a0ce748d32d1d2965c072f4645accaa71af3888c0,success,148,1,e728af2ca76a971563b9d859c6f7bb450627bad781cf460efe15745dbe20fea7,f2f1202b1bdeb07342385c3f807f9c07cd8f5cf8,93316a86051c359748c5d5453e7660c69a21a57cfb477892f95f539e3e171196,0.009896484203636646,0.00761577719822526,0.002617967315018177,0.004784799180924892,0.0018967973301187158,6.07186939305393e-06,7.554507465101779e-05,4.704956154455431e-05,0.0004334899422246963,0.0005906518781557679,6.883931200718507e-05,0.6052367091178894,0.0042200698517262936,0.0007257318939082325,0.0018228584667667747,0.0719650536775589,0.0034958391916006804,0.0016401861794292927,0.0037456676363945007,0.006549563724547625,0.002109377644956112,0.0018437718972563744,0.0007682853029109538,0.000399220734834671,0.2411613017320633,0.0037010761443525553,0.002044528955593705,0.0009421230060979724,0.10400302708148956,0.0816611498594284,0.0016755890101194382,0.018215244635939598,0.007909050211310387,0.01034793071448803,0.003285536542534828,0.0002947030297946185,0.0024769785813987255,0.016628306359052658,0.03869589418172836,0.1241217777132988,0.30979958176612854,0.5660786628723145
song_b32a265f2ff03acfa08f045465ca51a6fb31e221f2824a03ef7c5889cee866af,four-model-production-v1,e9662c513697a8ff6a505aa8d0aaa5a7a41275ba9049efc772945a694373b4ee,132,complete,success,138,1,3763b6dc435435c3405757cd0629cf72a2f32ff1fcffee3596848ae097b7dd80,71a40996c1021c62d12dc004cbafa3f1c5560162,d272696293bc75d5a82cca2e624800456f734f57382cd9472b5974993ef860cc,success,178,1,e9662c513697a8ff6a505aa8d0aaa5a7a41275ba9049efc772945a694373b4ee,d5376446b6accee5dd2d346f2d3050f9d8a69af1,c7548aa09468726af4cfdd0959912467784de4a076786913ada9f0f21b68f60d,success,178,1,e9662c513697a8ff6a505aa8d0aaa5a7a41275ba9049efc772945a694373b4ee,d75048347613a25d77de8cf6412eaae9fa7b26be,84d6d338b4cf63f0ed3c990a0ce748d32d1d2965c072f4645accaa71af3888c0,success,170,1,e9662c513697a8ff6a505aa8d0aaa5a7a41275ba9049efc772945a694373b4ee,f2f1202b1bdeb07342385c3f807f9c07cd8f5cf8,93316a86051c359748c5d5453e7660c69a21a57cfb477892f95f539e3e171196,0.009059286676347256,0.005197226535528898,0.0045623984187841415,0.00421231659129262,0.002188611775636673,9.956976100511383e-06,0.0003378524852450937,6.498539733001962e-05,0.00021686307445634156,0.00012003078154521063,0.0005567324697040021,0.007463853340595961,0.001288664061576128,0.014428718015551567,0.012172716669738293,0.03910965844988823,0.0919632762670517,0.003067648969590664,0.0028618862852454185,0.1384173482656479,0.010529900901019573,0.02413344383239746,0.0031909127719700336,0.0008557192049920559,0.004674235824495554,0.0025544953532516956,0.008157213218510151,0.0016430432442575693,0.00791759230196476,0.8939260244369507,0.0018236933974549174,0.07002116739749908,0.0010382675100117922,0.007734012324362993,0.0013332556700333953,0.006043172441422939,0.011609228327870369,0.0014121984131634235,0.04640977829694748,0.2444533109664917,0.4797224998474121,0.2758242189884186
song_b5dba8821898b6e121e493b47cf4d536d7a7c5d16bcc38aaedc2b4899288889d,four-model-production-v1,5f973904dbfdef3856d7cb62f81232215c53eef4133bebaf0c9903a63fd4fbf6,488,complete,success,556,1,4e55ca68a34fb547bde84f315b6e19cc64ea4f840c236a305e3c88489e93c643,71a40996c1021c62d12dc004cbafa3f1c5560162,d272696293bc75d5a82cca2e624800456f734f57382cd9472b5974993ef860cc,success,777,2,5f973904dbfdef3856d7cb62f81232215c53eef4133bebaf0c9903a63fd4fbf6,d5376446b6accee5dd2d346f2d3050f9d8a69af1,c7548aa09468726af4cfdd0959912467784de4a076786913ada9f0f21b68f60d,success,777,2,5f973904dbfdef3856d7cb62f81232215c53eef4133bebaf0c9903a63fd4fbf6,d75048347613a25d77de8cf6412eaae9fa7b26be,84d6d338b4cf63f0ed3c990a0ce748d32d1d2965c072f4645accaa71af3888c0,success,786,2,5f973904dbfdef3856d7cb62f81232215c53eef4133bebaf0c9903a63fd4fbf6,f2f1202b1bdeb07342385c3f807f9c07cd8f5cf8,93316a86051c359748c5d5453e7660c69a21a57cfb477892f95f539e3e171196,0.9812630414962769,0.014805370010435581,0.6849333643913269,0.9991021156311035,0.0814425592985546,7.658484161884178e-05,0.024737242823814256,0.0008343945017942687,0.00935684815900187,0.0007371312313553717,0.004334493214803888,0.0013232808509191913,0.001548323877236088,0.060601327553909255,0.13352784633329629,0.0440877812652054,0.011886885730091824,0.0020742858682149014,0.0007485581149600034,0.006397170406625998,0.025491275111431472,0.05013574732700063,0.004709992514613973,0.001671569180966114,0.0016877171003644473,0.0027271473796455672,0.0002854405115361528,0.0010034402918838866,0.002379249526664826,0.07653102720098778,0.0014731167273852432,0.006330587457688082,0.0008202414468836945,0.022488569399699128,0.0009821693582563365,0.0013058431988325512,0.015349194612126303,0.0013356167444614083,0.5741840011441416,0.24435290694236755,0.46408355236053467,0.29156355559825897
song_bc36f76c0600a69cd4e5b99246c99c1d53f92053556b363163a3317600484a6a,four-model-production-v1,24d2b1adbe6d78329e83ef6faef6f282650be1be197119fc4948dea87e77cd22,338,complete,success,387,1,81f5170c384cba442a5c81290e2c0d85bfc07befb03ef18de64c0adc32af3cfc,71a40996c1021c62d12dc004cbafa3f1c5560162,d272696293bc75d5a82cca2e624800456f734f57382cd9472b5974993ef860cc,success,477,1,24d2b1adbe6d78329e83ef6faef6f282650be1be197119fc4948dea87e77cd22,d5376446b6accee5dd2d346f2d3050f9d8a69af1,c7548aa09468726af4cfdd0959912467784de4a076786913ada9f0f21b68f60d,success,477,1,24d2b1adbe6d78329e83ef6faef6f282650be1be197119fc4948dea87e77cd22,d75048347613a25d77de8cf6412eaae9fa7b26be,84d6d338b4cf63f0ed3c990a0ce748d32d1d2965c072f4645accaa71af3888c0,success,447,1,24d2b1adbe6d78329e83ef6faef6f282650be1be197119fc4948dea87e77cd22,f2f1202b1bdeb07342385c3f807f9c07cd8f5cf8,93316a86051c359748c5d5453e7660c69a21a57cfb477892f95f539e3e171196,0.9841945171356201,0.003502081846818328,0.5267666578292847,0.0014577910769730806,0.14080233871936798,0.0001076402622857131,0.014649427495896816,0.00013800883607473224,0.057076144963502884,0.001089368830434978,0.007420940324664116,0.0044804229401052,0.001639084774069488,0.01615111529827118,0.026195717975497246,0.05491979047656059,0.028164895251393318,0.003409398952499032,0.0026692356914281845,0.11389247328042984,0.034817446023225784,0.023979617282748222,0.007728038355708122,0.001694425824098289,0.003221629885956645,0.0016231107292696834,0.0009270235896110535,0.00149429717566818,0.006845955736935139,0.8769745230674744,0.001880723750218749,0.025022152811288834,0.0007220649276860058,0.013537471182644367,0.0009934811387211084,0.006490402854979038,0.027730371803045273,0.0011292212875559926,0.05893748998641968,0.19983528554439545,0.4308978021144867,0.36926689743995667
song_be18506dff183b6a8ee7e34e0063fde1d8f047a431bce1ad15210cd247070d71,four-model-production-v1,4fbbe99b5fad58cc08f65a272f03ee53ea321adc274ab546e3f5fed321e06a4e,586,complete,success,652,1,4bacf7e57e9b92a880a1217e5b80e2211109b770631bb854fe37881183beacc3,71a40996c1021c62d12dc004cbafa3f1c5560162,d272696293bc75d5a82cca2e624800456f734f57382cd9472b5974993ef860cc,success,802,2,4fbbe99b5fad58cc08f65a272f03ee53ea321adc274ab546e3f5fed321e06a4e,d5376446b6accee5dd2d346f2d3050f9d8a69af1,c7548aa09468726af4cfdd0959912467784de4a076786913ada9f0f21b68f60d,success,802,2,4fbbe99b5fad58cc08f65a272f03ee53ea321adc274ab546e3f5fed321e06a4e,d75048347613a25d77de8cf6412eaae9fa7b26be,84d6d338b4cf63f0ed3c990a0ce748d32d1d2965c072f4645accaa71af3888c0,success,833,2,4fbbe99b5fad58cc08f65a272f03ee53ea321adc274ab546e3f5fed321e06a4e,f2f1202b1bdeb07342385c3f807f9c07cd8f5cf8,93316a86051c359748c5d5453e7660c69a21a57cfb477892f95f539e3e171196,0.9276513457298279,0.0014143086737021804,0.15365906059741974,0.00231275730766356,0.37408685218542814,0.0011646111506706802,0.20352612156420946,0.000806828000349924,0.13099986664019525,0.003194454766344279,0.14846527006011456,0.0010529074061196297,0.002884597284719348,0.08011652901768684,0.169563390314579,0.012651780620217323,0.002858957974240184,0.0015431586070917547,0.0007730304496362805,0.0012979099992662668,0.013702909927815199,0.26485709846019745,0.007918518967926502,0.002068446367047727,0.0008520921692252159,0.0009535699500702322,0.0005943100841250271,0.000435599111369811,0.0014379315543919802,0.0011814093450084329,0.0004062941443407908,0.0014784301165491343,0.00034699070965871215,0.00711419340223074,0.0004567994474200532,0.0005740540800616145,0.0038545209681615233,0.0008764321682974696,0.595292255282402,0.3706367591492125,0.40611492839752555,0.22324833483183656
song_be496be8f147804f19e5da1c133d50508585f40e981a49067a86443a2c7dc9a8,four-model-production-v1,e39e40d3c92d3f292cb27f1029a99ab7a7c604aa6dcc77a0ba59e1d7818a2f58,543,complete,success,604,1,2a2f5b4301fc822fdd257833fe5a996afe3cf3c491b75c9f0c9be7a90c9095d8,71a40996c1021c62d12dc004cbafa3f1c5560162,d272696293bc75d5a82cca2e624800456f734f57382cd9472b5974993ef860cc,success,710,2,e39e40d3c92d3f292cb27f1029a99ab7a7c604aa6dcc77a0ba59e1d7818a2f58,d5376446b6accee5dd2d346f2d3050f9d8a69af1,c7548aa09468726af4cfdd0959912467784de4a076786913ada9f0f21b68f60d,success,710,2,e39e40d3c92d3f292cb27f1029a99ab7a7c604aa6dcc77a0ba59e1d7818a2f58,d75048347613a25d77de8cf6412eaae9fa7b26be,84d6d338b4cf63f0ed3c990a0ce748d32d1d2965c072f4645accaa71af3888c0,success,727,2,e39e40d3c92d3f292cb27f1029a99ab7a7c604aa6dcc77a0ba59e1d7818a2f58,f2f1202b1bdeb07342385c3f807f9c07cd8f5cf8,93316a86051c359748c5d5453e7660c69a21a57cfb477892f95f539e3e171196,0.06488046050071716,0.002205601893365383,0.016072455793619156,0.0014607689809054136,0.06513666547834873,3.6654722862294875e-05,0.00661125173792243,0.0004551179736154154,0.014001118019223213,0.0012537074508145452,0.0009665987745393068,0.0009382668358739465,0.0007815361605025828,0.013223503017798066,0.08084221370518208,0.03855788055807352,0.04795728251338005,0.0016149707953445613,0.0018452012445777655,0.005090884165838361,0.11646906286478043,0.052212171256542206,0.0028863796032965183,0.001610713778063655,0.0006034995021764189,0.0015123911434784532,0.0003529574314597994,0.00262524641584605,0.002460014191456139,0.00475587515393272,0.003007592516951263,0.006214541383087635,0.0005124283779878169,0.017709408421069384,0.0021357994992285967,0.0034555470338091254,0.13805457577109337,0.0004510519211180508,0.5732349008321762,0.3359016848233576,0.46354447024396556,0.20055377044736766
song_be7eac0fa653c7531ff79984dc290b805f805913ea19ea18c4e8bb0a26a7930b,four-model-production-v1,dfacfa55b032a85644f299106732c3c6a755de658c3afdd8dbc49c4498068ffb,207,complete,success,241,1,13b5b4f84b0c026591dc69a1940597255c192f495514705bfb963d08e3a098d7,71a40996c1021c62d12dc004cbafa3f1c5560162,d272696293bc75d5a82cca2e624800456f734f57382cd9472b5974993ef860cc,success,315,1,dfacfa55b032a85644f299106732c3c6a755de658c3afdd8dbc49c4498068ffb,d5376446b6accee5dd2d346f2d3050f9d8a69af1,c7548aa09468726af4cfdd0959912467784de4a076786913ada9f0f21b68f60d,success,315,1,dfacfa55b032a85644f299106732c3c6a755de658c3afdd8dbc49c4498068ffb,d75048347613a25d77de8cf6412eaae9fa7b26be,84d6d338b4cf63f0ed3c990a0ce748d32d1d2965c072f4645accaa71af3888c0,success,308,1,dfacfa55b032a85644f299106732c3c6a755de658c3afdd8dbc49c4498068ffb,f2f1202b1bdeb07342385c3f807f9c07cd8f5cf8,93316a86051c359748c5d5453e7660c69a21a57cfb477892f95f539e3e171196,0.0146424425765872,0.00382612063549459,0.006805442739278078,0.9866062998771667,0.17654338479042053,8.995761163532734e-05,0.010618598200380802,0.0009751627803780138,0.030037229880690575,0.003633384360000491,0.006944738794118166,0.010478673502802849,0.0025769888889044523,0.032234810292720795,0.024723423644900322,0.02286563813686371,0.02638005092740059,0.029252592474222183,0.06371724605560303,0.024851340800523758,0.03430716693401337,0.02734779752790928,0.007771059405058622,0.0027175534050911665,0.010302712209522724,0.01247284933924675,0.0011762963840737939,0.0034514397848397493,0.012573270127177238,0.952578067779541,0.010135538876056671,0.008495675399899483,0.0005598654388450086,0.011217263527214527,0.0012200245400890708,0.007900124415755272,0.06417744606733322,0.00799291580915451,0.02227696031332016,0.36527177691459656,0.45867228507995605,0.176055908203125
song_beae324dbfbd3d29294643d2f1938b0205c4b9c455a55bd53f5c494c91253adb,four-model-production-v1,7ddeb2702b08dd18b8543a074b8077987e58ea91a33914f50e2d2df3d67813d8,591,complete,success,669,1,f87b70010a77be54da9a82ada6a7b28be3dd626bdef37f642b40494852aa4237,71a40996c1021c62d12dc004cbafa3f1c5560162,d272696293bc75d5a82cca2e624800456f734f57382cd9472b5974993ef860cc,success,808,2,7ddeb2702b08dd18b8543a074b8077987e58ea91a33914f50e2d2df3d67813d8,d5376446b6accee5dd2d346f2d3050f9d8a69af1,c7548aa09468726af4cfdd0959912467784de4a076786913ada9f0f21b68f60d,success,808,2,7ddeb2702b08dd18b8543a074b8077987e58ea91a33914f50e2d2df3d67813d8,d75048347613a25d77de8cf6412eaae9fa7b26be,84d6d338b4cf63f0ed3c990a0ce748d32d1d2965c072f4645accaa71af3888c0,success,787,2,7ddeb2702b08dd18b8543a074b8077987e58ea91a33914f50e2d2df3d67813d8,f2f1202b1bdeb07342385c3f807f9c07cd8f5cf8,93316a86051c359748c5d5453e7660c69a21a57cfb477892f95f539e3e171196,0.004312332719564438,0.015179365873336792,0.002721993485465646,0.5231844186782837,0.012580905691720545,4.9996313464362174e-05,0.0023495313653256744,9.177063475362957e-05,0.0015562854387098923,0.0010226702725049108,0.0019262634523329325,0.10365843656472862,0.0026549873873591423,0.004439881362486631,0.011123624164611101,0.1378206219524145,0.01104293274693191,0.001893369189929217,0.0016235500515904278,0.007596281939186156,0.007778183848131448,0.00495707243680954,0.00245045026531443,0.0059626933361869305,0.01673643384128809,0.004404340055771172,0.008072637836448848,0.0031886570795904845,0.03349577775225043,0.0021487200865522027,0.0029245336772873998,0.01455388544127345,0.17243752485956065,0.042881222907453775,0.030435156368184835,0.002372651404584758,0.005516829201951623,0.0030866801971569657,0.5745047852396965,0.23247355057975086,0.4124532552883313,0.35507320153516314
song_bebe4b11a673cfb47ec460528a0c2f75529ba518b5e923d1958b2e9aee9ea323,four-model-production-v1,e8c264b19bfa7d3fbf6dd0eb77f239f14f1584202a71705e5da02499f5223020,196,complete,success,215,1,b53fa70567aa40bc6277d22fd48c642154c81e55b5a12f348cca4dc2643d0ad3,71a40996c1021c62d12dc004cbafa3f1c5560162,d272696293bc75d5a82cca2e624800456f734f57382cd9472b5974993ef860cc,success,272,1,e8c264b19bfa7d3fbf6dd0eb77f239f14f1584202a71705e5da02499f5223020,d5376446b6accee5dd2d346f2d3050f9d8a69af1,c7548aa09468726af4cfdd0959912467784de4a076786913ada9f0f21b68f60d,success,272,1,e8c264b19bfa7d3fbf6dd0eb77f239f14f1584202a71705e5da02499f5223020,d75048347613a25d77de8cf6412eaae9fa7b26be,84d6d338b4cf63f0ed3c990a0ce748d32d1d2965c072f4645accaa71af3888c0,success,245,1,e8c264b19bfa7d3fbf6dd0eb77f239f14f1584202a71705e5da02499f5223020,f2f1202b1bdeb07342385c3f807f9c07cd8f5cf8,93316a86051c359748c5d5453e7660c69a21a57cfb477892f95f539e3e171196,0.001792841823771596,0.009050020016729832,0.03133871406316757,0.007723319809883833,0.0034381283912807703,1.2420684470271226e-05,0.0003251548623666167,5.384749238146469e-05,0.0005940268165431917,0.0004905706737190485,0.00013647080049850047,0.0014274917775765061,0.0011297581950202584,0.005046603735536337,0.026624107733368874,0.008900852873921394,0.02617950737476349,0.019732626155018806,0.14333878457546234,0.14161433279514313,0.15932202339172363,0.009443329647183418,0.0033567617647349834,0.0031409692019224167,0.0045309774577617645,0.01026576291769743,0.0003245608531869948,0.006410600151866674,0.0018841110868379474,0.004073345568031073,0.023991895839571953,0.016630709171295166,0.00035075441701337695,0.01010306365787983,0.0016339934663847089,0.01144462451338768,0.31842780113220215,0.007158663123846054,0.1866500824689865,0.2285204827785492,0.44616466760635376,0.32531481981277466
song_bf360f56da3572e8620b9132cd3751862eec7362dcce1703b91d8655dd4c76b3,four-model-production-v1,143ba3004e847875a9a8afca8d9e6608f67773c1caf187da45f9bf4570f27d82,287,complete,success,315,1,0e43ed9151ce984aaac72cf321a869494a36fdfeee6f46792a25ea3953c54ea4,71a40996c1021c62d12dc004cbafa3f1c5560162,d272696293bc75d5a82cca2e624800456f734f57382cd9472b5974993ef860cc,success,415,1,143ba3004e847875a9a8afca8d9e6608f67773c1caf187da45f9bf4570f27d82,d5376446b6accee5dd2d346f2d3050f9d8a69af1,c7548aa09468726af4cfdd0959912467784de4a076786913ada9f0f21b68f60d,success,415,1,143ba3004e847875a9a8afca8d9e6608f67773c1caf187da45f9bf4570f27d82,d75048347613a25d77de8cf6412eaae9fa7b26be,84d6d338b4cf63f0ed3c990a0ce748d32d1d2965c072f4645accaa71af3888c0,success,402,1,143ba3004e847875a9a8afca8d9e6608f67773c1caf187da45f9bf4570f27d82,f2f1202b1bdeb07342385c3f807f9c07cd8f5cf8,93316a86051c359748c5d5453e7660c69a21a57cfb477892f95f539e3e171196,0.029437288641929626,0.9634665846824646,0.0012931228848174214,0.9582059383392334,0.6574906706809998,0.00032825235393829644,0.021903933957219124,0.10615938156843185,0.16540272533893585,0.0035439750645309687,0.0008679044549353421,0.0008684814674779773,0.002082568360492587,0.007893702015280724,0.05502386763691902,0.009424000978469849,0.005637528840452433,0.2510409951210022,0.0681726485490799,0.13102467358112335,0.12881165742874146,0.015169176273047924,0.006432861555367708,0.006014703772962093,0.003155573271214962,0.028149394318461418,0.00038118433440104127,0.0035659349523484707,0.003458533901721239,0.004085645545274019,0.04219553619623184,0.01408213097602129,0.0005118335247971117,0.02446080558001995,0.0015218411572277546,0.007833977229893208,0.08003474771976471,0.006044275593012571,0.16850994527339935,0.3047352433204651,0.4283720552921295,0.26689276099205017
song_bf6ecd59e1d9609355146c4e3f9531132411aebc5b877ee12a5f15343b056d23,four-model-production-v1,ed823d409fbbeb3fbf705a9c4260c6478756e92e0e03ff4773e9fe3e87707297,345,complete,success,375,1,4576c0aeab6654e72535e3fd8b16b28bbd22aeb3de6aef0c26453b99bed15a73,71a40996c1021c62d12dc004cbafa3f1c5560162,d272696293bc75d5a82cca2e624800456f734f57382cd9472b5974993ef860cc,success,471,1,ed823d409fbbeb3fbf705a9c4260c6478756e92e0e03ff4773e9fe3e87707297,d5376446b6accee5dd2d346f2d3050f9d8a69af1,c7548aa09468726af4cfdd0959912467784de4a076786913ada9f0f21b68f60d,success,471,1,ed823d409fbbeb3fbf705a9c4260c6478756e92e0e03ff4773e9fe3e87707297,d75048347613a25d77de8cf6412eaae9fa7b26be,84d6d338b4cf63f0ed3c990a0ce748d32d1d2965c072f4645accaa71af3888c0,success,470,1,ed823d409fbbeb3fbf705a9c4260c6478756e92e0e03ff4773e9fe3e87707297,f2f1202b1bdeb07342385c3f807f9c07cd8f5cf8,93316a86051c359748c5d5453e7660c69a21a57cfb477892f95f539e3e171196,0.9943873286247253,0.007189668715000153,0.010136266238987446,0.0036755444016307592,0.011775623075664043,3.626390753197484e-05,0.0018061487935483456,0.0002504039148334414,0.0014177218545228243,0.0005737921455875039,0.002166562946513295,0.00220629689283669,0.001744997687637806,0.019014474004507065,0.04137246310710907,0.026412013918161392,0.004517799708992243,0.0015615582233294845,0.0013407774968072772,0.026723256334662437,0.014389238320291042,0.011074865236878395,0.009608780033886433,0.0015357426600530744,0.009381810203194618,0.002443932928144932,0.00019123901438433677,0.000881813233718276,0.007636512629687786,0.21251848340034485,0.001212016330100596,0.0025885787326842546,0.0008221693569794297,0.00825593899935484,0.0008017455111257732,0.0007644023862667382,0.009441827423870564,0.0018080970039591193,0.5722621083259583,0.31429895758628845,0.3942739963531494,0.2914271354675293
song_bfce50e15f1789f7ca376150665063761fdbef5af253e2d162514a8ae0316025,four-model-production-v1,517488f68fecd31ea303b48e5dc09e54b6dec6afe0945445289b1132f96ca1b5,270,complete,success,284,1,5463e22ffcff34ad8e6fa329cf9f62229304aed82c19ea0de54723d1e2a31e34,71a40996c1021c62d12dc004cbafa3f1c5560162,d272696293bc75d5a82cca2e624800456f734f57382cd9472b5974993ef860cc,success,378,1,517488f68fecd31ea303b48e5dc09e54b6dec6afe0945445289b1132f96ca1b5,d5376446b6accee5dd2d346f2d3050f9d8a69af1,c7548aa09468726af4cfdd0959912467784de4a076786913ada9f0f21b68f60d,success,378,1,517488f68fecd31ea303b48e5dc09e54b6dec6afe0945445289b1132f96ca1b5,d75048347613a25d77de8cf6412eaae9fa7b26be,84d6d338b4cf63f0ed3c990a0ce748d32d1d2965c072f4645accaa71af3888c0,success,352,1,517488f68fecd31ea303b48e5dc09e54b6dec6afe0945445289b1132f96ca1b5,f2f1202b1bdeb07342385c3f807f9c07cd8f5cf8,93316a86051c359748c5d5453e7660c69a21a57cfb477892f95f539e3e171196,0.0060424599796533585,0.003588337218388915,0.04756518453359604,0.004199580755084753,0.01312879379838705,2.325355490029324e-05,0.0023049740120768547,0.0005590292857959867,0.00103124906308949,0.0002953324874397367,0.000332835188601166,0.0021828690078109503,0.0007918713963590562,0.002537056803703308,0.013745797798037529,0.04174201563000679,0.31294184923171997,0.0008639122825115919,0.0013171221362426877,0.06010942533612251,0.026456180959939957,0.006898014340549707,0.0015783649869263172,0.0009909005602821708,0.001169315306469798,0.0022108962293714285,0.0010305208852514625,0.0034698443487286568,0.0030755028128623962,0.005794323980808258,0.005331001710146666,0.04271381348371506,0.0010173681657761335,0.013818959705531597,0.004739874508231878,0.007881145924329758,0.09012144058942795,0.0004929747083224356,0.48989126086235046,0.2467278093099594,0.481058806180954,0.2722133994102478
song_c0c862864db358e90588de9f7252a57d2071427842018127b437850496d715fa,four-model-production-v1,86d995fb526510b277e7caf020897e995af8c567cfae0b94324efa01013943ab,91,complete,success,104,1,2d17ba8d53023741af8fa7e8a5d7c27356df6ef2f2713ef1749e1d584b420dc0,71a40996c1021c62d12dc004cbafa3f1c5560162,d272696293bc75d5a82cca2e624800456f734f57382cd9472b5974993ef860cc,success,164,1,86d995fb526510b277e7caf020897e995af8c567cfae0b94324efa01013943ab,d5376446b6accee5dd2d346f2d3050f9d8a69af1,c7548aa09468726af4cfdd0959912467784de4a076786913ada9f0f21b68f60d,success,164,1,86d995fb526510b277e7caf020897e995af8c567cfae0b94324efa01013943ab,d75048347613a25d77de8cf6412eaae9fa7b26be,84d6d338b4cf63f0ed3c990a0ce748d32d1d2965c072f4645accaa71af3888c0,success,141,1,86d995fb526510b277e7caf020897e995af8c567cfae0b94324efa01013943ab,f2f1202b1bdeb07342385c3f807f9c07cd8f5cf8,93316a86051c359748c5d5453e7660c69a21a57cfb477892f95f539e3e171196,0.0031169578433036804,0.020007962360978127,0.016172003000974655,0.007819517515599728,0.0009842639556154609,7.393419764412101e-06,0.00011697766603901982,1.982863796001766e-05,0.00022682308917865157,0.00027207963285036385,5.448775118566118e-05,0.010364889167249203,0.008276809938251972,0.0009981384500861168,0.002988482592627406,0.03709002584218979,0.005785079672932625,0.0010368811199441552,0.001004704856313765,0.002124031074345112,0.0010626206640154123,0.0010688554029911757,0.0008535062661394477,0.0006580245099030435,0.03156684711575508,0.001123872702009976,0.006358866114169359,0.0005989239434711635,0.08538169413805008,0.0032960327807813883,0.0008243442280218005,0.003969571087509394,0.002967779990285635,0.0055076442658901215,0.0036191947292536497,0.0005861876998096704,0.0016758872661739588,0.0009605002705939114,0.8243650794029236,0.10829422622919083,0.4432564079761505,0.44844937324523926
song_c0eeb4729f1ae33d58424899c3c15392241f8e296e88cad503bcb8fe60060eed,four-model-production-v1,825aed9c3ddaacfe2ec7af2790bd49e976e997f4c94ce36e7be314b7c097ac56,529,complete,success,607,1,c15e6f26c279b5143c4c56f500df3ecdb3b6f6bde7978ccf898fa4ddfcfb7f2e,71a40996c1021c62d12dc004cbafa3f1c5560162,d272696293bc75d5a82cca2e624800456f734f57382cd9472b5974993ef860cc,success,822,2,825aed9c3ddaacfe2ec7af2790bd49e976e997f4c94ce36e7be314b7c097ac56,d5376446b6accee5dd2d346f2d3050f9d8a69af1,c7548aa09468726af4cfdd0959912467784de4a076786913ada9f0f21b68f60d,success,822,2,825aed9c3ddaacfe2ec7af2790bd49e976e997f4c94ce36e7be314b7c097ac56,d75048347613a25d77de8cf6412eaae9fa7b26be,84d6d338b4cf63f0ed3c990a0ce748d32d1d2965c072f4645accaa71af3888c0,success,838,2,825aed9c3ddaacfe2ec7af2790bd49e976e997f4c94ce36e7be314b7c097ac56,f2f1202b1bdeb07342385c3f807f9c07cd8f5cf8,93316a86051c359748c5d5453e7660c69a21a57cfb477892f95f539e3e171196,0.9968605041503906,0.8906773924827576,0.996768593788147,0.9972188472747803,0.9309218525886536,0.04278589552268386,0.8720267415046692,0.0020721190376207232,0.46409814059734344,0.19985049311071634,0.06996902450919151,0.00682282610796392,0.0057946613524109125,0.09100125730037689,0.28537166118621826,0.04175714496523142,0.0015041918377391994,0.007567745866253972,0.013928184285759926,0.0017560153501108289,0.011008359026163816,0.021036346442997456,0.018062266521155834,0.0024186966475099325,0.00400175154209137,0.00156876421533525,9.396619498147629e-05,0.0003075189742958173,0.0024304076796397567,0.0024258182384073734,0.0006072510732337832,0.0033062401926144958,0.0005903086857870221,0.007579804863780737,0.0003814476076513529,0.00017395205941284075,0.001268629392143339,0.0027940647560171783,0.5400562286376953,0.3252752423286438,0.42172035574913025,0.25300440192222595
song_c3db28de2fa21737c828f45aa697bf98c14ad08a22646c2f0114dd15614a1503,four-model-production-v1,dcad334273497ae54054e4b2c0336fa1057289719ca650b6f7d3cd5656c2e7fd,333,complete,success,357,1,6a5b08d42e6b9cee780093deaa7bfb0476854153ff7eb14704db898c4e98f2f2,71a40996c1021c62d12dc004cbafa3f1c5560162,d272696293bc75d5a82cca2e624800456f734f57382cd9472b5974993ef860cc,success,457,1,dcad334273497ae54054e4b2c0336fa1057289719ca650b6f7d3cd5656c2e7fd,d5376446b6accee5dd2d346f2d3050f9d8a69af1,c7548aa09468726af4cfdd0959912467784de4a076786913ada9f0f21b68f60d,success,457,1,dcad334273497ae54054e4b2c0336fa1057289719ca650b6f7d3cd5656c2e7fd,d75048347613a25d77de8cf6412eaae9fa7b26be,84d6d338b4cf63f0ed3c990a0ce748d32d1d2965c072f4645accaa71af3888c0,success,427,1,dcad334273497ae54054e4b2c0336fa1057289719ca650b6f7d3cd5656c2e7fd,f2f1202b1bdeb07342385c3f807f9c07cd8f5cf8,93316a86051c359748c5d5453e7660c69a21a57cfb477892f95f539e3e171196,0.011097443290054798,0.007084839511662722,0.12204403430223465,0.9976673126220703,0.25704246759414673,8.683120540808886e-05,0.03385384380817413,0.0001908060658024624,0.15213587880134583,0.0012307614088058472,0.0025492035783827305,0.07777552306652069,0.0007548436406068504,0.0018756301142275333,0.022563578560948372,0.0740380510687828,0.002659097546711564,0.004277946427464485,0.005709165241569281,0.005288989748805761,0.1977275311946869,0.007750981021672487,0.0011965117882937193,0.001799886580556631,0.0037931795231997967,0.0012756099458783865,0.004044891335070133,0.004859070293605328,0.008006281219422817,0.0015006075846031308,0.0034877501893788576,0.0056096455082297325,0.002833453705534339,0.04181390628218651,0.007925105281174183,0.0017451629973948002,0.13986070454120636,0.003386839758604765,0.211189404129982,0.3158765733242035,0.4040164351463318,0.2801069915294647
song_c43007be651fa0550c65f2144da21b53f1782e23930c836fda226c0c04eec799,four-model-production-v1,61d9dd6f78420df505df853530a02793952fd2b9552cebafcf5aef24b633e771,216,complete,success,228,1,7c60d28197c71822e5e73ad2a08708408e9700c109331e743c2cf31a55040217,71a40996c1021c62d12dc004cbafa3f1c5560162,d272696293bc75d5a82cca2e624800456f734f57382cd9472b5974993ef860cc,success,314,1,61d9dd6f78420df505df853530a02793952fd2b9552cebafcf5aef24b633e771,d5376446b6accee5dd2d346f2d3050f9d8a69af1,c7548aa09468726af4cfdd0959912467784de4a076786913ada9f0f21b68f60d,success,314,1,61d9dd6f78420df505df853530a02793952fd2b9552cebafcf5aef24b633e771,d75048347613a25d77de8cf6412eaae9fa7b26be,84d6d338b4cf63f0ed3c990a0ce748d32d1d2965c072f4645accaa71af3888c0,success,286,1,61d9dd6f78420df505df853530a02793952fd2b9552cebafcf5aef24b633e771,f2f1202b1bdeb07342385c3f807f9c07cd8f5cf8,93316a86051c359748c5d5453e7660c69a21a57cfb477892f95f539e3e171196,0.0018512398237362504,0.012790537439286709,0.01146100927144289,0.007165026850998402,0.15142463147640228,7.518759957747534e-05,0.0027772486209869385,0.00032387833925895393,0.04178455471992493,0.03862789273262024,0.0001949519501067698,0.0007409065729007125,0.0010342745808884501,0.0044999816454946995,0.05585676431655884,0.030083315446972847,0.002411014400422573,0.0032521297689527273,0.004958832636475563,0.02467416040599346,0.0656244084239006,0.006996029522269964,0.002863017376512289,0.0019153704633936286,0.0012074577389284968,0.0013517998158931732,9.379695256939158e-05,0.0014464828418567777,0.0014852371532469988,0.001973218284547329,0.002568865893408656,0.003659019013866782,0.0003623075899668038,0.06337124109268188,0.0011296344455331564,0.0014311062404885888,0.03689343109726906,0.0033269578125327826,0.6733608245849609,0.27739816904067993,0.4741854965686798,0.24841630458831787
song_c4eabeecb02281b19acf05dac0942d25da1b7cae44fc83479a18c5a5594546ab,four-model-production-v1,389f8fe04bdf7f4bb6f46f6bd45a97b00e26a61411fbff4ae9aa073b5aa80fe2,196,complete,success,231,1,0a8927d4071e5965024087432ae5b9a0b9535f26e1796e3c6aeaf7743ee8d046,71a40996c1021c62d12dc004cbafa3f1c5560162,d272696293bc75d5a82cca2e624800456f734f57382cd9472b5974993ef860cc,success,309,1,389f8fe04bdf7f4bb6f46f6bd45a97b00e26a61411fbff4ae9aa073b5aa80fe2,d5376446b6accee5dd2d346f2d3050f9d8a69af1,c7548aa09468726af4cfdd0959912467784de4a076786913ada9f0f21b68f60d,success,309,1,389f8fe04bdf7f4bb6f46f6bd45a97b00e26a61411fbff4ae9aa073b5aa80fe2,d75048347613a25d77de8cf6412eaae9fa7b26be,84d6d338b4cf63f0ed3c990a0ce748d32d1d2965c072f4645accaa71af3888c0,success,303,1,389f8fe04bdf7f4bb6f46f6bd45a97b00e26a61411fbff4ae9aa073b5aa80fe2,f2f1202b1bdeb07342385c3f807f9c07cd8f5cf8,93316a86051c359748c5d5453e7660c69a21a57cfb477892f95f539e3e171196,0.9910869002342224,0.006347002927213907,0.003980282694101334,0.005071892868727446,0.1918158084154129,2.995726936205756e-05,0.006584067828953266,8.885347051545978e-05,0.1673702895641327,0.0013635109644383192,0.0013569482835009694,0.09914325177669525,0.038641203194856644,0.0014461349928751588,0.012490716762840748,0.07921157777309418,0.002038625068962574,0.0005516131059266627,0.0006398261757567525,0.001137919258326292,0.003312920220196247,0.0017908563604578376,0.001367809483781457,0.0009762061526998878,0.014178303070366383,0.0006990679539740086,0.0005367581034079194,0.0004269192577339709,0.034775663167238235,0.0023425640538334846,0.0004593974445015192,0.004688504617661238,0.005583818536251783,0.01992124132812023,0.0029086717404425144,0.0001979949593078345,0.0007414094870910048,0.0022488280665129423,0.6841419339179993,0.2327520251274109,0.4578457772731781,0.3094021677970886
song_cb60240680fd61f42fe313701e8d2b29be19573c172c701900be7999b84fb987,four-model-production-v1,0434f473634fc26d2e9246d9109d6ea91657543f2445646e85edf53fc0fd7f5a,208,complete,success,233,1,0df83281819701e5301827a9842bc1f051e121929a931be469b02736116e0a4f,71a40996c1021c62d12dc004cbafa3f1c5560162,d272696293bc75d5a82cca2e624800456f734f57382cd9472b5974993ef860cc,success,295,1,0434f473634fc26d2e9246d9109d6ea91657543f2445646e85edf53fc0fd7f5a,d5376446b6accee5dd2d346f2d3050f9d8a69af1,c7548aa09468726af4cfdd0959912467784de4a076786913ada9f0f21b68f60d,success,295,1,0434f473634fc26d2e9246d9109d6ea91657543f2445646e85edf53fc0fd7f5a,d75048347613a25d77de8cf6412eaae9fa7b26be,84d6d338b4cf63f0ed3c990a0ce748d32d1d2965c072f4645accaa71af3888c0,success,290,1,0434f473634fc26d2e9246d9109d6ea91657543f2445646e85edf53fc0fd7f5a,f2f1202b1bdeb07342385c3f807f9c07cd8f5cf8,93316a86051c359748c5d5453e7660c69a21a57cfb477892f95f539e3e171196,0.3886367082595825,0.0012511808890849352,0.0038692220114171505,0.002286284463480115,0.005164849106222391,6.979494173720013e-06,0.0006193488370627165,7.326385093620047e-05,0.0013118627248331904,0.00023854876053519547,0.00020037978538312018,0.009202410466969013,0.0017164201708510518,0.013023456558585167,0.023183131590485573,0.035878922790288925,0.02224246971309185,0.07511492818593979,0.045320749282836914,0.012877984903752804,0.2869514524936676,0.0494844913482666,0.004953896161168814,0.0060217236168682575,0.004594705067574978,0.010431969538331032,0.000603815889917314,0.010306875221431255,0.008549191989004612,0.6843246817588806,0.02067067101597786,0.010548543184995651,0.0007215826772153378,0.030101267620921135,0.0027238905895501375,0.046714190393686295,0.46858659386634827,0.008255431428551674,0.035805534571409225,0.2768439054489136,0.46406078338623047,0.25909528136253357
song_cba5c90b4d96ba8398dbcda9b64df8f65f27556d422548e4fd0f85d665ffee84,four-model-production-v1,0f0c5d0e94f85af902c8bf5673de845e78be61fd175ba2a81356375dccfa9d9f,261,complete,success,281,1,8524bce9b9995ac391b5ef79177290a2a757ad79f3975487b0462f9d09320e64,71a40996c1021c62d12dc004cbafa3f1c5560162,d272696293bc75d5a82cca2e624800456f734f57382cd9472b5974993ef860cc,success,348,1,0f0c5d0e94f85af902c8bf5673de845e78be61fd175ba2a81356375dccfa9d9f,d5376446b6accee5dd2d346f2d3050f9d8a69af1,c7548aa09468726af4cfdd0959912467784de4a076786913ada9f0f21b68f60d,success,348,1,0f0c5d0e94f85af902c8bf5673de845e78be61fd175ba2a81356375dccfa9d9f,d75048347613a25d77de8cf6412eaae9fa7b26be,84d6d338b4cf63f0ed3c990a0ce748d32d1d2965c072f4645accaa71af3888c0,success,346,1,0f0c5d0e94f85af902c8bf5673de845e78be61fd175ba2a81356375dccfa9d9f,f2f1202b1bdeb07342385c3f807f9c07cd8f5cf8,93316a86051c359748c5d5453e7660c69a21a57cfb477892f95f539e3e171196,0.02582051046192646,0.9991186261177063,0.5299037098884583,0.004516138229519129,0.05725182592868805,0.00017701498290989548,0.0018998862942680717,0.00276608276180923,0.007303956430405378,0.019708415493369102,0.011010621674358845,0.0520487055182457,0.0016271253116428852,0.0073262769728899,0.061636824160814285,0.031214062124490738,0.0005700864130631089,0.0051893433555960655,0.006189275532960892,0.00199706619605422,0.055360130965709686,0.027623040601611137,0.01135990396142006,0.002742998069152236,0.006888838484883308,0.005182052496820688,4.992881076759659e-05,0.0007780285668559372,0.0020323009230196476,0.0019959071651101112,0.001619130838662386,0.004126518964767456,0.0010508091654628515,0.024042963981628418,0.0006587847601622343,0.0002069733163807541,0.005566009785979986,0.01754935458302498,0.42655089497566223,0.4102151095867157,0.36817219853401184,0.22161264717578888
song_cc1c2453fb7685b97a44a7e916f797bdff9a23a8b50beb09f843aa71a8ee5564,four-model-production-v1,83de0d9c00980134a7371c65eb399f5bd1590355c988c57dacaa18306b61d011,135,complete,success,147,1,c9b9b48cc0c936906b7c48f8475e3ab68fb9f3ca7596430d57861921087cbc5f,71a40996c1021c62d12dc004cbafa3f1c5560162,d272696293bc75d5a82cca2e624800456f734f57382cd9472b5974993ef860cc,success,187,1,83de0d9c00980134a7371c65eb399f5bd1590355c988c57dacaa18306b61d011,d5376446b6accee5dd2d346f2d3050f9d8a69af1,c7548aa09468726af4cfdd0959912467784de4a076786913ada9f0f21b68f60d,success,187,1,83de0d9c00980134a7371c65eb399f5bd1590355c988c57dacaa18306b61d011,d75048347613a25d77de8cf6412eaae9fa7b26be,84d6d338b4cf63f0ed3c990a0ce748d32d1d2965c072f4645accaa71af3888c0,success,165,1,83de0d9c00980134a7371c65eb399f5bd1590355c988c57dacaa18306b61d011,f2f1202b1bdeb07342385c3f807f9c07cd8f5cf8,93316a86051c359748c5d5453e7660c69a21a57cfb477892f95f539e3e171196,0.0009784656576812267,0.8601902723312378,0.0287241879850626,0.004957449156790972,0.002409069798886776,1.4173658200888894e-05,0.00016314175445586443,8.28891497803852e-05,0.0007302166195586324,0.0006069222581572831,0.00017439245129935443,0.044483184814453125,0.0014746778178960085,0.0017454121261835098,0.013421623036265373,0.027150118723511696,0.0011902444530278444,0.0006196523318067193,0.00037668904406018555,0.0011008940637111664,0.011244221590459347,0.007859178818762302,0.0023309828247874975,0.0013453848659992218,0.0023040245287120342,0.0010310746729373932,0.004325952846556902,0.0007073733140714467,0.002514418214559555,0.0005874265334568918,0.00028786229086108506,0.0040113599970936775,0.0032113424967974424,0.01856846734881401,0.001828020322136581,0.0005593367968685925,0.0027260815259069204,0.0016070787096396089,0.8892720341682434,0.38785114884376526,0.3549669086933136,0.25718197226524353
song_cd492e6096df3dd73a9047f8aef5c25a526b7b1384aaafac4f4c0ce7c690f5d1,four-model-production-v1,0df6752d4e03b0d94b71fd47709c87ae1f62d41686edd34b56e1d587078ef1c9,427,complete,success,456,1,1648c6736f4740ba31bb5f0fafd57b7a9e1a77fa80d5927f73f1fbebbe8e9a16,71a40996c1021c62d12dc004cbafa3f1c5560162,d272696293bc75d5a82cca2e624800456f734f57382cd9472b5974993ef860cc,success,718,2,0df6752d4e03b0d94b71fd47709c87ae1f62d41686edd34b56e1d587078ef1c9,d5376446b6accee5dd2d346f2d3050f9d8a69af1,c7548aa09468726af4cfdd0959912467784de4a076786913ada9f0f21b68f60d,success,718,2,0df6752d4e03b0d94b71fd47709c87ae1f62d41686edd34b56e1d587078ef1c9,d75048347613a25d77de8cf6412eaae9fa7b26be,84d6d338b4cf63f0ed3c990a0ce748d32d1d2965c072f4645accaa71af3888c0,success,679,2,0df6752d4e03b0d94b71fd47709c87ae1f62d41686edd34b56e1d587078ef1c9,f2f1202b1bdeb07342385c3f807f9c07cd8f5cf8,93316a86051c359748c5d5453e7660c69a21a57cfb477892f95f539e3e171196,0.7284404635429382,0.0011152597144246101,0.3137635886669159,0.0010205728467553854,0.003356268280185759,1.368983930660761e-05,0.000378149765310809,7.852656563045457e-05,0.0005631688254652545,0.0008022420515771955,0.0006000376888550818,0.015669064596295357,0.0030568105867132545,0.004539865767583251,0.009543193038553,0.18886854499578476,0.011530209798365831,0.0015183070790953934,0.0035427839029580355,0.003225973341614008,0.0016759195714257658,0.00218400452286005,0.001086521486286074,0.00041147864249069244,0.023054055869579315,0.000791397353168577,0.00023374835291178897,0.00032888507121242583,0.02576733217574656,0.12469927407801151,0.00046509581443388015,0.006750544998794794,0.001145560061559081,0.008104309672489762,0.0013370427477639169,0.0003051215462619439,0.0009989445679821074,0.0013199574605096132,0.6382768452167511,0.19123870562295675,0.4654462452928518,0.3433150266775853
song_ce55a9b58d73f0eaccd32f2d0b15687e9ff76c2ac47b5977a2c0507e07f966cc,four-model-production-v1,d1df3456db7ff04ef49c3e37a4a145cc8dfeb1a69317bdfc2a25aba20a8c74a9,287,complete,success,315,1,a3c1fffefe162880dfa9f39396878005487976fb19db268b3d4631dd1638e8d2,71a40996c1021c62d12dc004cbafa3f1c5560162,d272696293bc75d5a82cca2e624800456f734f57382cd9472b5974993ef860cc,success,397,1,d1df3456db7ff04ef49c3e37a4a145cc8dfeb1a69317bdfc2a25aba20a8c74a9,d5376446b6accee5dd2d346f2d3050f9d8a69af1,c7548aa09468726af4cfdd0959912467784de4a076786913ada9f0f21b68f60d,success,397,1,d1df3456db7ff04ef49c3e37a4a145cc8dfeb1a69317bdfc2a25aba20a8c74a9,d75048347613a25d77de8cf6412eaae9fa7b26be,84d6d338b4cf63f0ed3c990a0ce748d32d1d2965c072f4645accaa71af3888c0,success,409,1,d1df3456db7ff04ef49c3e37a4a145cc8dfeb1a69317bdfc2a25aba20a8c74a9,f2f1202b1bdeb07342385c3f807f9c07cd8f5cf8,93316a86051c359748c5d5453e7660c69a21a57cfb477892f95f539e3e171196,0.023937424644827843,0.9905704259872437,0.0019396288553252816,0.4463725984096527,0.8688223958015442,0.00018559310410637408,0.017374899238348007,0.0003111683181487024,0.8076375126838684,0.0022080042399466038,0.0017333478899672627,0.001587297534570098,0.20344707369804382,0.13653486967086792,0.31495991349220276,0.007469621486961842,0.0009100235183723271,0.0019326746696606278,0.0014753611758351326,0.0012998488964512944,0.018822040408849716,0.02255825884640217,0.038520097732543945,0.010996864177286625,0.0013693574583157897,0.0016464799409732223,0.00022997417545411736,0.0005412918981164694,0.003112322185188532,0.0006249418365769088,0.0007197009981609881,0.0017437306232750416,0.0005698446184396744,0.012759608216583729,0.00043172985897399485,0.000528219505213201,0.005180157255381346,0.002645703963935375,0.24147039651870728,0.37234532833099365,0.37077054381370544,0.2568841576576233
song_cf6aea8f1076b117bb1b0f6699facf83cd915c937f0d9375348ac11f8981b63b,four-model-production-v1,f8bd778c80dabff00770f6b8d788020c2964bec778afe7a8bd42c9e57a2556ab,259,complete,success,281,1,ef4ff8e797a0192c7330bf3f3e2c7052a50ce829fa85c83ba36ddbde27d58c9f,71a40996c1021c62d12dc004cbafa3f1c5560162,d272696293bc75d5a82cca2e624800456f734f57382cd9472b5974993ef860cc,success,346,1,f8bd778c80dabff00770f6b8d788020c2964bec778afe7a8bd42c9e57a2556ab,d5376446b6accee5dd2d346f2d3050f9d8a69af1,c7548aa09468726af4cfdd0959912467784de4a076786913ada9f0f21b68f60d,success,346,1,f8bd778c80dabff00770f6b8d788020c2964bec778afe7a8bd42c9e57a2556ab,d75048347613a25d77de8cf6412eaae9fa7b26be,84d6d338b4cf63f0ed3c990a0ce748d32d1d2965c072f4645accaa71af3888c0,success,355,1,f8bd778c80dabff00770f6b8d788020c2964bec778afe7a8bd42c9e57a2556ab,f2f1202b1bdeb07342385c3f807f9c07cd8f5cf8,93316a86051c359748c5d5453e7660c69a21a57cfb477892f95f539e3e171196,0.004312681034207344,0.9953773021697998,0.006437553558498621,0.017352307215332985,0.0018055556574836373,4.86962562717963e-06,0.000209780439035967,9.637406037654728e-05,0.00041350035462528467,0.0001993605837924406,4.411756890476681e-05,0.04454997554421425,0.001769159804098308,0.0029477274511009455,0.01158332359045744,0.04685554653406143,0.008052056655287743,0.0004873862490057945,0.0005029569147154689,0.0026118075475096703,0.016003739088773727,0.00393851101398468,0.002711209002882242,0.0014099407708272338,0.002599800005555153,0.002874254947528243,0.001048133708536625,0.0033495095558464527,0.005452193319797516,0.002119566546753049,0.0012059721630066633,0.003281722543761134,0.0038242002483457327,0.01856330595910549,0.0029072007164359093,0.001232452574186027,0.03358736261725426,0.0010410333052277565,0.8656582236289978,0.24967239797115326,0.43117406964302063,0.3191535174846649
song_cffa8f01b4504b05fce295326727af806635a4c532bd69e16f74e64a773bfaf9,four-model-production-v1,dfff6295d42447d8fbc43753581b443868a40863987eb0f7fd91cce37dc88175,407,complete,success,467,1,2b62ad853e105c8d905cbd75cc8274ca9b9168d1917aae3d1d0c427ce7c7ab48,71a40996c1021c62d12dc004cbafa3f1c5560162,d272696293bc75d5a82cca2e624800456f734f57382cd9472b5974993ef860cc,success,563,2,dfff6295d42447d8fbc43753581b443868a40863987eb0f7fd91cce37dc88175,d5376446b6accee5dd2d346f2d3050f9d8a69af1,c7548aa09468726af4cfdd0959912467784de4a076786913ada9f0f21b68f60d,success,563,2,dfff6295d42447d8fbc43753581b443868a40863987eb0f7fd91cce37dc88175,d75048347613a25d77de8cf6412eaae9fa7b26be,84d6d338b4cf63f0ed3c990a0ce748d32d1d2965c072f4645accaa71af3888c0,success,538,2,dfff6295d42447d8fbc43753581b443868a40863987eb0f7fd91cce37dc88175,f2f1202b1bdeb07342385c3f807f9c07cd8f5cf8,93316a86051c359748c5d5453e7660c69a21a57cfb477892f95f539e3e171196,0.14576870203018188,0.9947606921195984,0.9962440729141235,0.9977871179580688,0.4099878308828093,0.00109649884872648,0.1052700438632648,0.15996368959890167,0.020826017125104398,0.024861379978156004,0.004904346718398281,0.0017974204330028533,0.0018930932028023908,0.017630543954319736,0.022179444950755495,0.02201764552223746,0.014319396357764995,0.001661053481536585,0.0015035971695620096,0.039411495983117585,0.011531110852956772,0.011144526462859704,0.004159172265302409,0.0008130648857202599,0.0015679083832375851,0.0020566181724082154,0.000493622437900273,0.0008690698379067601,0.002525823691208081,0.0516414261103788,0.0007045273787443747,0.030397472170315566,0.00043278894633043153,0.006048400745748627,0.00048523886143941213,0.0023659473606823657,0.010124092929885718,0.0005657612910613312,0.7590698823200449,0.2624853402376175,0.4466196596622467,0.2908950299024582
song_d49d1d25e207f2554afb89b51e0aa1da3d223127e941457fd797a5d7b01d75de,four-model-production-v1,7240ff03c3faeae0c70619b8b70a79bb8b9d15504879ed7671bd879bee63eba5,273,complete,success,298,1,908845dd1cfebb06e0343ec9b7682ac3c4bbe677ee36788b9ecbbe0e947f8ae0,71a40996c1021c62d12dc004cbafa3f1c5560162,d272696293bc75d5a82cca2e624800456f734f57382cd9472b5974993ef860cc,success,369,1,7240ff03c3faeae0c70619b8b70a79bb8b9d15504879ed7671bd879bee63eba5,d5376446b6accee5dd2d346f2d3050f9d8a69af1,c7548aa09468726af4cfdd0959912467784de4a076786913ada9f0f21b68f60d,success,369,1,7240ff03c3faeae0c70619b8b70a79bb8b9d15504879ed7671bd879bee63eba5,d75048347613a25d77de8cf6412eaae9fa7b26be,84d6d338b4cf63f0ed3c990a0ce748d32d1d2965c072f4645accaa71af3888c0,success,364,1,7240ff03c3faeae0c70619b8b70a79bb8b9d15504879ed7671bd879bee63eba5,f2f1202b1bdeb07342385c3f807f9c07cd8f5cf8,93316a86051c359748c5d5453e7660c69a21a57cfb477892f95f539e3e171196,0.01205427385866642,0.0026687229983508587,0.3515888452529907,0.009605074301362038,0.002857414074242115,9.234339813701808e-06,0.00044242062722332776,6.842554284958169e-05,0.0005100468988530338,0.0004958985955454409,0.0003531544643919915,0.001224737730808556,0.0008317976607941091,0.003111697966232896,0.036145757883787155,0.07037980854511261,0.009662192314863205,0.0008524947916157544,0.0005489237955771387,0.015294084325432777,0.1222812607884407,0.01965758018195629,0.002461235038936138,0.003293916815891862,0.0006888984935358167,0.0009194017620757222,0.0006876292754895985,0.002060631290078163,0.002795265754684806,0.002874762052670121,0.0017464924603700638,0.01021460723131895,0.0009253188036382198,0.036093324422836304,0.003236981574445963,0.01870507374405861,0.10350082069635391,0.0005243186606094241,0.5678552985191345,0.22365255653858185,0.44851747155189514,0.3278299570083618
song_d6fa79aae091c9b9eefa30e3a78f93ecdbbb66c8c1befb282bb7324a03578d7a,four-model-production-v1,235995321c7c1f0f7414cf2650f9dfef92cb760d09dcf807e2a60d78675f6961,317,complete,success,329,1,b75470d61d80a41014f6dc80be69fd5c2f1cfcefd6a494a32b098291f71a993d,71a40996c1021c62d12dc004cbafa3f1c5560162,d272696293bc75d5a82cca2e624800456f734f57382cd9472b5974993ef860cc,success,415,1,235995321c7c1f0f7414cf2650f9dfef92cb760d09dcf807e2a60d78675f6961,d5376446b6accee5dd2d346f2d3050f9d8a69af1,c7548aa09468726af4cfdd0959912467784de4a076786913ada9f0f21b68f60d,success,415,1,235995321c7c1f0f7414cf2650f9dfef92cb760d09dcf807e2a60d78675f6961,d75048347613a25d77de8cf6412eaae9fa7b26be,84d6d338b4cf63f0ed3c990a0ce748d32d1d2965c072f4645accaa71af3888c0,success,403,1,235995321c7c1f0f7414cf2650f9dfef92cb760d09dcf807e2a60d78675f6961,f2f1202b1bdeb07342385c3f807f9c07cd8f5cf8,93316a86051c359748c5d5453e7660c69a21a57cfb477892f95f539e3e171196,0.004544454626739025,0.9906328916549683,0.011426614597439766,0.0054871635511517525,0.00306943291798234,1.4319289221020881e-05,0.0003520324535202235,5.134889579494484e-05,0.0008947567548602819,0.0008735170122236013,0.00027047167532145977,0.002742888405919075,0.08916562795639038,0.002646411070600152,0.024835320189595222,0.020295657217502594,0.003849624888971448,0.021370863541960716,0.07317354530096054,0.001681181020103395,0.006969871930778027,0.005148447118699551,0.0012514269910752773,0.0015748731093481183,0.0051923575811088085,0.0014332679565995932,7.146909047150984e-05,0.0006292447214946151,0.01815701089799404,0.0005664018099196255,0.002345398534089327,0.008156880736351013,0.0003717031504493207,0.01309219654649496,0.0012853041989728808,0.00041855682502500713,0.004039855673909187,0.003159730928018689,0.7031036019325256,0.3682076036930084,0.3892054855823517,0.2425868660211563
song_d8612d69df57efd627cfddf3eaa4c951f3a07bfcf200df32ff761955816080d8,four-model-production-v1,fd2af2006f78ad631a17c897cc8a327940afffa88b6d417b87f840aacfa48eb9,552,complete,success,681,1,030dd776ecd571f6b76b7b668481bc0a938da863e1f5a46b251d0d6ca650fc76,71a40996c1021c62d12dc004cbafa3f1c5560162,d272696293bc75d5a82cca2e624800456f734f57382cd9472b5974993ef860cc,success,870,2,fd2af2006f78ad631a17c897cc8a327940afffa88b6d417b87f840aacfa48eb9,d5376446b6accee5dd2d346f2d3050f9d8a69af1,c7548aa09468726af4cfdd0959912467784de4a076786913ada9f0f21b68f60d,success,870,2,fd2af2006f78ad631a17c897cc8a327940afffa88b6d417b87f840aacfa48eb9,d75048347613a25d77de8cf6412eaae9fa7b26be,84d6d338b4cf63f0ed3c990a0ce748d32d1d2965c072f4645accaa71af3888c0,success,974,2,fd2af2006f78ad631a17c897cc8a327940afffa88b6d417b87f840aacfa48eb9,f2f1202b1bdeb07342385c3f807f9c07cd8f5cf8,93316a86051c359748c5d5453e7660c69a21a57cfb477892f95f539e3e171196,0.994768500328064,0.9984140396118164,0.9944995641708374,0.8970443606376648,0.9713044762611389,0.07374224252998829,0.9180403053760529,0.004840837093070149,0.540849894285202,0.2670663148164749,0.10119759663939476,0.0008996246033348143,0.011259269202128053,0.23638909310102463,0.3653208911418915,0.005485383793711662,0.0010449320543557405,0.0022013974376022816,0.002208761405199766,0.002114382921718061,0.023389531299471855,0.01738020800985396,0.02820074837654829,0.0071502504870295525,0.004282132489606738,0.0036083325976505876,0.0002545689421822317,0.000923715386306867,0.0038514548214152455,0.0010176777432207018,0.0015519586158916354,0.001990821387153119,0.0007170633471105248,0.010237347334623337,0.0005787531845271587,0.00043690008169505745,0.005723130190744996,0.013895932585000992,0.4093977212905884,0.29225586354732513,0.43925145268440247,0.2684926986694336
song_d86e59f3a47090f8d0e393978a66012120bcd864bc0d5e43c29e36afd84f6bd6,four-model-production-v1,cc31a7d4f43dd7fe890be82eee881cbaf62fca04be0b1f3ebad810c1118241c5,188,complete,success,224,1,07b001466f8e559b58b35d58408db2d19fbf38f47559723da7c5c7be9d0b8da3,71a40996c1021c62d12dc004cbafa3f1c5560162,d272696293bc75d5a82cca2e624800456f734f57382cd9472b5974993ef860cc,success,287,1,cc31a7d4f43dd7fe890be82eee881cbaf62fca04be0b1f3ebad810c1118241c5,d5376446b6accee5dd2d346f2d3050f9d8a69af1,c7548aa09468726af4cfdd0959912467784de4a076786913ada9f0f21b68f60d,success,287,1,cc31a7d4f43dd7fe890be82eee881cbaf62fca04be0b1f3ebad810c1118241c5,d75048347613a25d77de8cf6412eaae9fa7b26be,84d6d338b4cf63f0ed3c990a0ce748d32d1d2965c072f4645accaa71af3888c0,success,269,1,cc31a7d4f43dd7fe890be82eee881cbaf62fca04be0b1f3ebad810c1118241c5,f2f1202b1bdeb07342385c3f807f9c07cd8f5cf8,93316a86051c359748c5d5453e7660c69a21a57cfb477892f95f539e3e171196,0.5264213681221008,0.003609464969485998,0.0021963028702884912,0.0014093146892264485,0.05981142446398735,5.451816105050966e-05,0.0038830118719488382,0.01230994239449501,0.0036699138581752777,0.0008404075051657856,0.0006467282073572278,0.05058083310723305,0.0012176433810964227,0.005108498968183994,0.007656728848814964,0.043335217982530594,0.013119296170771122,0.0009751237230375409,0.0010951353469863534,0.05582399293780327,0.004868043586611748,0.0027694678865373135,0.0025924399960786104,0.0008092367788776755,0.038287632167339325,0.0024081431329250336,0.0023451296146959066,0.001170418574474752,0.038167934864759445,0.8446658253669739,0.0014570144703611732,0.0076553476974368095,0.0027412024792283773,0.008459762670099735,0.001835159375332296,0.00117793632671237,0.005791843868792057,0.006049036048352718,0.04872172325849533,0.20577874779701233,0.4024832248687744,0.3917379379272461
song_d92c03539e450a03b3a9eb1ff232dcc47d451ed2498faa25e75f78acef87bd6a,four-model-production-v1,152ce1a026597c57bcd869105f3b6a2dded5f3a84d03b5639f2ca42c79323f0e,250,complete,success,283,1,b8da6699cc39b3491e3ce0079e608566afa33651488c6c396b87abe0ff678158,71a40996c1021c62d12dc004cbafa3f1c5560162,d272696293bc75d5a82cca2e624800456f734f57382cd9472b5974993ef860cc,success,333,1,152ce1a026597c57bcd869105f3b6a2dded5f3a84d03b5639f2ca42c79323f0e,d5376446b6accee5dd2d346f2d3050f9d8a69af1,c7548aa09468726af4cfdd0959912467784de4a076786913ada9f0f21b68f60d,success,333,1,152ce1a026597c57bcd869105f3b6a2dded5f3a84d03b5639f2ca42c79323f0e,d75048347613a25d77de8cf6412eaae9fa7b26be,84d6d338b4cf63f0ed3c990a0ce748d32d1d2965c072f4645accaa71af3888c0,success,343,1,152ce1a026597c57bcd869105f3b6a2dded5f3a84d03b5639f2ca42c79323f0e,f2f1202b1bdeb07342385c3f807f9c07cd8f5cf8,93316a86051c359748c5d5453e7660c69a21a57cfb477892f95f539e3e171196,0.04353925958275795,0.0017559153493493795,0.9167596101760864,0.0034803913440555334,0.008813699707388878,6.727893833158305e-06,0.00045927547034807503,7.813129195710644e-05,0.0012599353212863207,0.0004602894769050181,0.00015120621537789702,0.0010807367507368326,0.0009882126469165087,0.0708988606929779,0.17321355640888214,0.022147905081510544,0.006856780033558607,0.002828169148415327,0.0011242898181080818,0.002664203755557537,0.106773741543293,0.4906071424484253,0.008516914211213589,0.0032759348396211863,0.0006377258687280118,0.0013358497526496649,0.0006902408204041421,0.0014721922343596816,0.0013675373047590256,0.006302766967564821,0.0012508967192843556,0.0028415299020707607,0.0004731777298729867,0.019864946603775024,0.0009797897655516863,0.0034972229041159153,0.053323861211538315,0.0012972968397662044,0.20796413719654083,0.340456485748291,0.4293069839477539,0.23023651540279388
song_d92c9c969ef6faa0d0b2115b652c61268381ee491bc4f03c32990feb5a3c9e45,four-model-production-v1,0287681f86be33f9e0b2ee88743f318aa6c1d0b46b0028607e852811d6fe1aca,742,complete,success,795,1,5c12148349e373748521f7587b993c9f77eea1bc90a2bd07c63939da32114087,71a40996c1021c62d12dc004cbafa3f1c5560162,d272696293bc75d5a82cca2e624800456f734f57382cd9472b5974993ef860cc,success,1067,3,0287681f86be33f9e0b2ee88743f318aa6c1d0b46b0028607e852811d6fe1aca,d5376446b6accee5dd2d346f2d3050f9d8a69af1,c7548aa09468726af4cfdd0959912467784de4a076786913ada9f0f21b68f60d,success,1067,3,0287681f86be33f9e0b2ee88743f318aa6c1d0b46b0028607e852811d6fe1aca,d75048347613a25d77de8cf6412eaae9fa7b26be,84d6d338b4cf63f0ed3c990a0ce748d32d1d2965c072f4645accaa71af3888c0,success,1070,3,0287681f86be33f9e0b2ee88743f318aa6c1d0b46b0028607e852811d6fe1aca,f2f1202b1bdeb07342385c3f807f9c07cd8f5cf8,93316a86051c359748c5d5453e7660c69a21a57cfb477892f95f539e3e171196,0.9780967831611633,0.9988524913787842,0.9964749217033386,0.9698686003684998,0.9379816570903167,0.012550513837888013,0.8762281916916873,0.0008812085387140736,0.5755973526441616,0.01040748868010163,0.02532151896478617,0.0017341274044527946,0.011719807801330017,0.18277875440162034,0.4356910822373634,0.01888163195750148,0.002449650596303563,0.003055540464457121,0.0032910211428549513,0.0017757318717983553,0.015022436658753172,0.03222265261406081,0.015873539475366235,0.0031797487685638424,0.001698436124526111,0.0007485665029417566,0.0003328976013291594,0.000395441822487915,0.011935329371694503,0.0011449942366434339,0.0004812264130337316,0.0033858642008263817,0.0009544140098417036,0.008445588439343376,0.0007830884616472649,0.0003868787300512422,0.0025192723472470865,0.0014375333679489087,0.41135305914793935,0.27529869188215134,0.430988587035197,0.29371269128032934
song_dcd6fc07dd41fb2112e83cc37ad3cb0288359e4b90661faeb2891c6a2a7f5e89,four-model-production-v1,071ad23f2d71e54d71ca4d8e83294665e3646c7b87a3eb08094cefa19801d87e,434,complete,success,471,1,55165f456cbcbe4d8a6cb9c0c855bb19b5b59d4efb3195584468344962d43a50,71a40996c1021c62d12dc004cbafa3f1c5560162,d272696293bc75d5a82cca2e624800456f734f57382cd9472b5974993ef860cc,success,595,2,071ad23f2d71e54d71ca4d8e83294665e3646c7b87a3eb08094cefa19801d87e,d5376446b6accee5dd2d346f2d3050f9d8a69af1,c7548aa09468726af4cfdd0959912467784de4a076786913ada9f0f21b68f60d,success,595,2,071ad23f2d71e54d71ca4d8e83294665e3646c7b87a3eb08094cefa19801d87e,d75048347613a25d77de8cf6412eaae9fa7b26be,84d6d338b4cf63f0ed3c990a0ce748d32d1d2965c072f4645accaa71af3888c0,success,594,2,071ad23f2d71e54d71ca4d8e83294665e3646c7b87a3eb08094cefa19801d87e,f2f1202b1bdeb07342385c3f807f9c07cd8f5cf8,93316a86051c359748c5d5453e7660c69a21a57cfb477892f95f539e3e171196,0.9916415214538574,0.014510498382151127,0.9964240193367004,0.9917789101600647,0.9495574910099767,0.048777508134601494,0.9296819254129874,0.0028371778665063512,0.40790237584033934,0.019037733239536527,0.28603064242531273,0.008952618903723083,0.0034852438692410453,0.027993301881336363,0.02704962913980003,0.07627923433520213,0.01129047092081619,0.013501564364395096,0.029814379719798178,0.03172880036114645,0.011727377446759649,0.008899677297523043,0.004915865677401048,0.0013626606771018075,0.006980014828761586,0.0028805534807307756,0.00042829577049960485,0.0009439106071915697,0.013820568591105838,0.8740578034344841,0.001860136744574088,0.015482300950386444,0.0006964479454209981,0.013460266724729738,0.0008495923092573129,0.0015963550770514401,0.007951553468005497,0.00330106586437015,0.1004498799621057,0.27274370193481445,0.47319698333740234,0.2540593445301056
song_dd485d25877ca1180d8dfe3c9fd36a556c930b5c2f8cf45973c034db9ddaf484,four-model-production-v1,44a31895c5882a530e97940a2f8cd853412fd30e2b977f7c30ca64dcee02c6a5,370,complete,success,382,1,d13c288860c4fb58b0b59eedfeddb52a02236241e73b36ec4ea0673fb4d94564,71a40996c1021c62d12dc004cbafa3f1c5560162,d272696293bc75d5a82cca2e624800456f734f57382cd9472b5974993ef860cc,success,490,1,44a31895c5882a530e97940a2f8cd853412fd30e2b977f7c30ca64dcee02c6a5,d5376446b6accee5dd2d346f2d3050f9d8a69af1,c7548aa09468726af4cfdd0959912467784de4a076786913ada9f0f21b68f60d,success,490,1,44a31895c5882a530e97940a2f8cd853412fd30e2b977f7c30ca64dcee02c6a5,d75048347613a25d77de8cf6412eaae9fa7b26be,84d6d338b4cf63f0ed3c990a0ce748d32d1d2965c072f4645accaa71af3888c0,success,469,1,44a31895c5882a530e97940a2f8cd853412fd30e2b977f7c30ca64dcee02c6a5,f2f1202b1bdeb07342385c3f807f9c07cd8f5cf8,93316a86051c359748c5d5453e7660c69a21a57cfb477892f95f539e3e171196,0.13596539199352264,0.007357532624155283,0.001178474398329854,0.0022106238175183535,0.04269576445221901,6.937329453649e-05,0.007905915379524231,0.0013359624426811934,0.0037351043429225683,0.000764999189414084,0.0012330695753917098,0.001403059926815331,0.0012649899581447244,0.004479032475501299,0.011928828433156013,0.024601871147751808,0.05002285912632942,0.03156721964478493,0.013154668733477592,0.07419786602258682,0.14998063445091248,0.006778763607144356,0.002557409228757024,0.003401336958631873,0.0026361483614891768,0.013106688857078552,0.0007393767009489238,0.013832157477736473,0.005189063027501106,0.09423639625310898,0.03404355049133301,0.031305331736803055,0.0007407586090266705,0.028587836772203445,0.0036223565693944693,0.09572185575962067,0.5469269752502441,0.0032084754202514887,0.11857050657272339,0.23381507396697998,0.44521138072013855,0.3209735155105591
song_dd86150211a00481ca2a80067939457ef346cce917ed900d58478305c74811a2,four-model-production-v1,d40f236fb86e7b3833c14985e86d4f6b6ab840c66531385c50c98480ae898e88,165,complete,success,176,1,3545cca9e981bbecd31643b4367ca8e511052282ad21684fe8605419407ebcdd,71a40996c1021c62d12dc004cbafa3f1c5560162,d272696293bc75d5a82cca2e624800456f734f57382cd9472b5974993ef860cc,success,213,1,d40f236fb86e7b3833c14985e86d4f6b6ab840c66531385c50c98480ae898e88,d5376446b6accee5dd2d346f2d3050f9d8a69af1,c7548aa09468726af4cfdd0959912467784de4a076786913ada9f0f21b68f60d,success,213,1,d40f236fb86e7b3833c14985e86d4f6b6ab840c66531385c50c98480ae898e88,d75048347613a25d77de8cf6412eaae9fa7b26be,84d6d338b4cf63f0ed3c990a0ce748d32d1d2965c072f4645accaa71af3888c0,success,215,1,d40f236fb86e7b3833c14985e86d4f6b6ab840c66531385c50c98480ae898e88,f2f1202b1bdeb07342385c3f807f9c07cd8f5cf8,93316a86051c359748c5d5453e7660c69a21a57cfb477892f95f539e3e171196,0.005014186725020409,0.009006037376821041,0.0068251765333116055,0.0031606892589479685,0.0007830734830349684,3.0555515877495054e-06,6.887824565637857e-05,3.074819687753916e-05,0.00017156336980406195,0.00011250090756220743,3.045008998014964e-05,0.010537445545196533,0.0016266938764601946,0.00425633043050766,0.005546891130506992,0.038032568991184235,0.1106097400188446,0.0020746851805597544,0.003797272453084588,0.414095938205719,0.00668862322345376,0.005563982762396336,0.0021366653963923454,0.0005359358037821949,0.007574896793812513,0.0029404237866401672,0.0083842184394598,0.0012470233486965299,0.00974433682858944,0.7262595295906067,0.0016522194491699338,0.32854846119880676,0.0010575298219919205,0.005822120234370232,0.0013301584403961897,0.004472796339541674,0.006048218812793493,0.0012838017428293824,0.045873306691646576,0.20832322537899017,0.46070384979248047,0.33097293972969055
song_ddd4c1911d61ba872c932e1ebf7bab492d51ca29e94feea236ab5efa08127983,four-model-production-v1,f060bb8cfbf9898dacf180043c1a9c73db68ad03773eb70ae15ffdf9883492ad,167,complete,success,179,1,d3f0042bcc998b32690802eea59bc6c67f96778f9405423da4def510454241e4,71a40996c1021c62d12dc004cbafa3f1c5560162,d272696293bc75d5a82cca2e624800456f734f57382cd9472b5974993ef860cc,success,226,1,f060bb8cfbf9898dacf180043c1a9c73db68ad03773eb70ae15ffdf9883492ad,d5376446b6accee5dd2d346f2d3050f9d8a69af1,c7548aa09468726af4cfdd0959912467784de4a076786913ada9f0f21b68f60d,success,226,1,f060bb8cfbf9898dacf180043c1a9c73db68ad03773eb70ae15ffdf9883492ad,d75048347613a25d77de8cf6412eaae9fa7b26be,84d6d338b4cf63f0ed3c990a0ce748d32d1d2965c072f4645accaa71af3888c0,success,204,1,f060bb8cfbf9898dacf180043c1a9c73db68ad03773eb70ae15ffdf9883492ad,f2f1202b1bdeb07342385c3f807f9c07cd8f5cf8,93316a86051c359748c5d5453e7660c69a21a57cfb477892f95f539e3e171196,0.9980813264846802,0.02033899910748005,0.006788845174014568,0.014733776450157166,0.04410785064101219,6.008047057548538e-05,0.0036460217088460922,0.00025710128829814494,0.00394940422847867,0.0009124481002800167,0.028148280456662178,0.004095443990081549,0.0033492534421384335,0.005768351722508669,0.018419397994875908,0.011203336529433727,0.009861787781119347,0.0019460207549855113,0.005633880849927664,0.7707449793815613,0.05942486599087715,0.00596418883651495,0.00905455369502306,0.002038408536463976,0.017017751932144165,0.0034131843131035566,0.0018749901792034507,0.003910047933459282,0.011884337291121483,0.1089073047041893,0.005284516140818596,0.016874870285391808,0.0011174376122653484,0.008902283385396004,0.0018345445860177279,0.007514975965023041,0.10232134908437729,0.00341157428920269,0.07296780496835709,0.2174929976463318,0.4182512164115906,0.36425578594207764
song_dde6cccf06049e639f7a816a60982f1646926c7007a974ecfcd938c2dbf1c191,four-model-production-v1,dfcc53f438e29b462ef13ef1a805ad403fce0600bd2126d65288b1d743027d0c,277,complete,success,302,1,6b472ba10f7b295defb3cbff40f2be823d4c6f5dc85bb9d9759108b736211899,71a40996c1021c62d12dc004cbafa3f1c5560162,d272696293bc75d5a82cca2e624800456f734f57382cd9472b5974993ef860cc,success,369,1,dfcc53f438e29b462ef13ef1a805ad403fce0600bd2126d65288b1d743027d0c,d5376446b6accee5dd2d346f2d3050f9d8a69af1,c7548aa09468726af4cfdd0959912467784de4a076786913ada9f0f21b68f60d,success,369,1,dfcc53f438e29b462ef13ef1a805ad403fce0600bd2126d65288b1d743027d0c,d75048347613a25d77de8cf6412eaae9fa7b26be,84d6d338b4cf63f0ed3c990a0ce748d32d1d2965c072f4645accaa71af3888c0,success,391,1,dfcc53f438e29b462ef13ef1a805ad403fce0600bd2126d65288b1d743027d0c,f2f1202b1bdeb07342385c3f807f9c07cd8f5cf8,93316a86051c359748c5d5453e7660c69a21a57cfb477892f95f539e3e171196,0.021718814969062805,0.9976746439933777,0.009713639505207539,0.0051387702114880085,0.44311314821243286,7.182553235907108e-05,0.006320117972791195,0.0009235765319317579,0.3358384966850281,0.0049768784083426,0.0019089743727818131,0.028293216601014137,0.010407626628875732,0.00642715860158205,0.03285014256834984,0.06968015432357788,0.0004886089591309428,0.0019064024090766907,0.0024400255642831326,0.0016301001887768507,0.004564495291560888,0.0032957803923636675,0.0038624019362032413,0.0019173530163243413,0.05484693497419357,0.0041122171096503735,0.0001709322677925229,0.000527466123457998,0.009108738042414188,0.0005703529459424317,0.0010076501639559865,0.004159554839134216,0.0037799268029630184,0.02986820787191391,0.0015256127808243036,0.00012278986105229706,0.0007664045551791787,0.03482412174344063,0.7186998724937439,0.2978210151195526,0.4079650640487671,0.2942138910293579
song_df65c35504bb4ab737bbde1916d9226388671296143f32de56be3bcd942836de,four-model-production-v1,ebea2f2eff10d9dfdd8dd70f8b7456673727a29201577172ee934f552fbd0898,355,complete,success,399,1,32ee6a1b8fb07ad5a856cf934291eabe8fb593fa762e2ea7eff7246f270d0c64,71a40996c1021c62d12dc004cbafa3f1c5560162,d272696293bc75d5a82cca2e624800456f734f57382cd9472b5974993ef860cc,success,566,2,ebea2f2eff10d9dfdd8dd70f8b7456673727a29201577172ee934f552fbd0898,d5376446b6accee5dd2d346f2d3050f9d8a69af1,c7548aa09468726af4cfdd0959912467784de4a076786913ada9f0f21b68f60d,success,566,2,ebea2f2eff10d9dfdd8dd70f8b7456673727a29201577172ee934f552fbd0898,d75048347613a25d77de8cf6412eaae9fa7b26be,84d6d338b4cf63f0ed3c990a0ce748d32d1d2965c072f4645accaa71af3888c0,success,517,2,ebea2f2eff10d9dfdd8dd70f8b7456673727a29201577172ee934f552fbd0898,f2f1202b1bdeb07342385c3f807f9c07cd8f5cf8,93316a86051c359748c5d5453e7660c69a21a57cfb477892f95f539e3e171196,0.994281530380249,0.7914589047431946,0.9984914064407349,0.011884767562150955,0.9758680760860443,0.04101732186973095,0.9421453475952148,0.0019031764240935445,0.4687790274620056,0.011400979943573475,0.1422397755086422,0.001190239330753684,0.00197371729882434,0.41265128552913666,0.4049902558326721,0.012049952056258917,0.004604136338457465,0.0018123210757039487,0.0012651808210648596,0.003502287669107318,0.02129051648080349,0.023654168471693993,0.012742077931761742,0.0034668059088289738,0.0024569345405325294,0.0029743389459326863,0.00024895701062632725,0.0008550664933864027,0.0026737985899671912,0.0014690369716845453,0.0012771927285939455,0.003628634614869952,0.000969117070781067,0.009769291151314974,0.0006328177114482969,0.0005381571827456355,0.006534922868013382,0.002772636478766799,0.34103333950042725,0.3471867295136996,0.4220951282539958,0.23071812735996577
song_e0a36a17d8a781eb85e23d922f0348860628a7b53cfa659379924565775bb4b5,four-model-production-v1,f5ac341ab7e369a0a144ae7c07f6059edd83fc6fbcb5ca04a698421dd613abec,332,complete,success,354,1,b16b6e40fa6d1c47c4442d443623004dbff58b390d8eb50e9a5114f0a625259c,71a40996c1021c62d12dc004cbafa3f1c5560162,d272696293bc75d5a82cca2e624800456f734f57382cd9472b5974993ef860cc,success,464,1,f5ac341ab7e369a0a144ae7c07f6059edd83fc6fbcb5ca04a698421dd613abec,d5376446b6accee5dd2d346f2d3050f9d8a69af1,c7548aa09468726af4cfdd0959912467784de4a076786913ada9f0f21b68f60d,success,464,1,f5ac341ab7e369a0a144ae7c07f6059edd83fc6fbcb5ca04a698421dd613abec,d75048347613a25d77de8cf6412eaae9fa7b26be,84d6d338b4cf63f0ed3c990a0ce748d32d1d2965c072f4645accaa71af3888c0,success,440,1,f5ac341ab7e369a0a144ae7c07f6059edd83fc6fbcb5ca04a698421dd613abec,f2f1202b1bdeb07342385c3f807f9c07cd8f5cf8,93316a86051c359748c5d5453e7660c69a21a57cfb477892f95f539e3e171196,0.979600727558136,0.9941689968109131,0.9431018233299255,0.002858219901099801,0.5035958290100098,0.0002849471347872168,0.041508518159389496,0.020623987540602684,0.17612135410308838,0.0023008740972727537,0.004902948159724474,0.000999807845801115,0.0012130198301747441,0.12532588839530945,0.4619198739528656,0.016994070261716843,0.004251384176313877,0.02779671736061573,0.02626039832830429,0.0019577667117118835,0.0552033893764019,0.24226556718349457,0.01048402488231659,0.004869993310421705,0.0009108203230425715,0.0018563591875135899,0.00018865834863390774,0.000659221492242068,0.0008110347553156316,0.0007998667424544692,0.001739571220241487,0.00312557490542531,0.0003112591220997274,0.00940078403800726,0.0003967375960201025,0.0006972189876250923,0.006057505030184984,0.002365273190662265,0.3287479281425476,0.36842095851898193,0.3857088088989258,0.24587030708789825
song_e12f73c01a9b74f42d83be6090427aacf2b73668f80c0ff93c72f9ce5a7a0f79,four-model-production-v1,7e68773f828f1c770bae174f0a47b898fae1717a4f11583ba24c41707e143074,131,complete,success,142,1,a815f3c671e5a79439a9b8977c48c6a612728d41d3b51d229b1c191213bfb311,71a40996c1021c62d12dc004cbafa3f1c5560162,d272696293bc75d5a82cca2e624800456f734f57382cd9472b5974993ef860cc,success,167,1,7e68773f828f1c770bae174f0a47b898fae1717a4f11583ba24c41707e143074,d5376446b6accee5dd2d346f2d3050f9d8a69af1,c7548aa09468726af4cfdd0959912467784de4a076786913ada9f0f21b68f60d,success,167,1,7e68773f828f1c770bae174f0a47b898fae1717a4f11583ba24c41707e143074,d75048347613a25d77de8cf6412eaae9fa7b26be,84d6d338b4cf63f0ed3c990a0ce748d32d1d2965c072f4645accaa71af3888c0,success,180,1,7e68773f828f1c770bae174f0a47b898fae1717a4f11583ba24c41707e143074,f2f1202b1bdeb07342385c3f807f9c07cd8f5cf8,93316a86051c359748c5d5453e7660c69a21a57cfb477892f95f539e3e171196,0.003093102714046836,0.005599997937679291,0.006491331849247217,0.015253061428666115,0.00039527344051748514,1.3939762766312924e-06,3.238518183934502e-05,1.9608512957347557e-05,0.00010760598524939269,6.185105303302407e-05,1.4579945855075493e-05,0.004431103356182575,0.01037363801151514,0.003953953273594379,0.01823321171104908,0.011611619964241982,0.014317784458398819,0.09429772943258286,0.07335422188043594,0.10536343604326248,0.35188472270965576,0.02473326399922371,0.0024927419144660234,0.004250706173479557,0.007761880289763212,0.021768109872937202,0.0006504026241600513,0.010210760869085789,0.027463190257549286,0.010869812220335007,0.06210764870047569,0.12137389183044434,0.0009331804467365146,0.02897963672876358,0.005064157769083977,0.04080449789762497,0.4314578175544739,0.008041943423449993,0.03302378207445145,0.28701406717300415,0.3924582302570343,0.3205276429653168
song_e162690ceb18a23db578427f419ce7ba989a0b27499e2b403a37fe3ad800b82c,four-model-production-v1,452ca70787376afcb53dd4a72e7b8ecbc25dfac1e58547d4d16e5e4e7e708211,194,complete,success,199,1,814aeaa425633cee9baf8539da9b17e75121644a0ffd8ea38e234f5dee76a64b,71a40996c1021c62d12dc004cbafa3f1c5560162,d272696293bc75d5a82cca2e624800456f734f57382cd9472b5974993ef860cc,success,296,1,452ca70787376afcb53dd4a72e7b8ecbc25dfac1e58547d4d16e5e4e7e708211,d5376446b6accee5dd2d346f2d3050f9d8a69af1,c7548aa09468726af4cfdd0959912467784de4a076786913ada9f0f21b68f60d,success,296,1,452ca70787376afcb53dd4a72e7b8ecbc25dfac1e58547d4d16e5e4e7e708211,d75048347613a25d77de8cf6412eaae9fa7b26be,84d6d338b4cf63f0ed3c990a0ce748d32d1d2965c072f4645accaa71af3888c0,success,292,1,452ca70787376afcb53dd4a72e7b8ecbc25dfac1e58547d4d16e5e4e7e708211,f2f1202b1bdeb07342385c3f807f9c07cd8f5cf8,93316a86051c359748c5d5453e7660c69a21a57cfb477892f95f539e3e171196,0.022892555221915245,0.0020753468852490187,0.02467094175517559,0.0015642346115782857,0.07271552085876465,2.8911383196827956e-05,0.0019218259258195758,0.000103763333754614,0.042151857167482376,0.005942144896835089,0.002199516398832202,0.0034366841427981853,0.0013658616226166487,0.02022526040673256,0.039690807461738586,0.011159420013427734,0.011734344065189362,0.054472312331199646,0.480624258518219,0.025617942214012146,0.1501300036907196,0.015898974612355232,0.006883845664560795,0.005068226717412472,0.004375239368528128,0.007277624681591988,0.00022427861404139549,0.0054247560910880566,0.002385798143222928,0.13969765603542328,0.008273456245660782,0.0048948125913739204,0.00020089362806174904,0.009180238470435143,0.0007426762604154646,0.009855377487838268,0.222635880112648,0.011609343811869621,0.13042961061000824,0.3146543800830841,0.43636515736579895,0.24898043274879456
song_e1a7f29430e196c1d83a8f58a4a17f41d5c2fadde8c3cf34dee5280016e53eda,four-model-production-v1,6acfe31e48297ff2c767eb4afb5623166de0ac96a5c7c4fa83c5ef53ed1bda21,249,complete,success,271,1,843c915912498e90bf381333666b982b863779fe13f2ab5f2b91f82e16993eef,71a40996c1021c62d12dc004cbafa3f1c5560162,d272696293bc75d5a82cca2e624800456f734f57382cd9472b5974993ef860cc,success,315,1,6acfe31e48297ff2c767eb4afb5623166de0ac96a5c7c4fa83c5ef53ed1bda21,d5376446b6accee5dd2d346f2d3050f9d8a69af1,c7548aa09468726af4cfdd0959912467784de4a076786913ada9f0f21b68f60d,success,315,1,6acfe31e48297ff2c767eb4afb5623166de0ac96a5c7c4fa83c5ef53ed1bda21,d75048347613a25d77de8cf6412eaae9fa7b26be,84d6d338b4cf63f0ed3c990a0ce748d32d1d2965c072f4645accaa71af3888c0,success,295,1,6acfe31e48297ff2c767eb4afb5623166de0ac96a5c7c4fa83c5ef53ed1bda21,f2f1202b1bdeb07342385c3f807f9c07cd8f5cf8,93316a86051c359748c5d5453e7660c69a21a57cfb477892f95f539e3e171196,0.008839840069413185,0.0023806262761354446,0.0031045821961015463,0.025209208950400352,0.0007281614234670997,2.1595169528154656e-06,6.0798840422648937e-05,2.0451188902370632e-05,0.00019034634169656783,9.710522135719657e-05,2.760894494713284e-05,0.007854495197534561,0.005354113411158323,0.0008743193466216326,0.009522602893412113,0.07744058221578598,0.0025089860428124666,0.001234996016137302,0.0009365197038277984,0.003202597377821803,0.012208167463541031,0.002917214296758175,0.0015384627040475607,0.001924925367347896,0.030845725908875465,0.002927337074652314,0.0004824706120416522,0.001582328462973237,0.05754820629954338,0.0026181391440331936,0.004304514732211828,0.005643781740218401,0.0034835829865187407,0.0792561024427414,0.012673025950789452,0.0006017771665938199,0.009435715153813362,0.007887543179094791,0.7140123844146729,0.25944754481315613,0.43815189599990845,0.3024005591869354
song_e2c1ed4ba63771b7e206087975fadfe2d4942fdc015891840947f04e2959c89b,four-model-production-v1,5867f40386a7f9811be2f794853581a9806d3773f9625e0aa980c1f4f529402b,828,complete,success,948,1,53b083b6199bc5d59f47f98a8bb536c34dc68591597d53c80bb9a2322db70c8a,71a40996c1021c62d12dc004cbafa3f1c5560162,d272696293bc75d5a82cca2e624800456f734f57382cd9472b5974993ef860cc,success,1266,3,5867f40386a7f9811be2f794853581a9806d3773f9625e0aa980c1f4f529402b,d5376446b6accee5dd2d346f2d3050f9d8a69af1,c7548aa09468726af4cfdd0959912467784de4a076786913ada9f0f21b68f60d,success,1266,3,5867f40386a7f9811be2f794853581a9806d3773f9625e0aa980c1f4f529402b,d75048347613a25d77de8cf6412eaae9fa7b26be,84d6d338b4cf63f0ed3c990a0ce748d32d1d2965c072f4645accaa71af3888c0,success,1309,3,5867f40386a7f9811be2f794853581a9806d3773f9625e0aa980c1f4f529402b,f2f1202b1bdeb07342385c3f807f9c07cd8f5cf8,93316a86051c359748c5d5453e7660c69a21a57cfb477892f95f539e3e171196,0.992526650428772,0.995433509349823,0.9929545521736145,0.995923638343811,0.9736532171567281,0.053408743192752205,0.9237858255704244,0.00829817277068893,0.5084629654884338,0.14475069412340721,0.06846526265144348,0.011168973695021123,0.005588477399821083,0.08841682101289432,0.1975694795449575,0.013400460903843244,0.0026199251684981086,0.0047061891527846456,0.00850494701686936,0.001581466485125323,0.013182017796983322,0.010233529222508272,0.023571991672118504,0.002745829949465891,0.0023545846343040466,0.00175393916045626,0.00033203608472831547,0.0004733841148360322,0.0026491807269242904,0.0008031700175100317,0.0005466523095189283,0.0027821329422295094,0.0012173406867077574,0.006116590928286314,0.0005657155221949021,0.00029216390976216644,0.002856508440648516,0.0017331138951703906,0.6697665055592855,0.294660474117518,0.421977074456816,0.2833624613521844
song_e319997d3f69b195d329284eff16e1d5872564140a461c7a55a80ac6bddbc9cc,four-model-production-v1,301fbf834772eaf6cb76a454093446522108faef542df7765454831e60af04d7,278,complete,success,291,1,6d0cf9df5b183944287f2cf3f2d7b30d04cd8980ad5f1f63318d809a3554d368,71a40996c1021c62d12dc004cbafa3f1c5560162,d272696293bc75d5a82cca2e624800456f734f57382cd9472b5974993ef860cc,success,386,1,301fbf834772eaf6cb76a454093446522108faef542df7765454831e60af04d7,d5376446b6accee5dd2d346f2d3050f9d8a69af1,c7548aa09468726af4cfdd0959912467784de4a076786913ada9f0f21b68f60d,success,386,1,301fbf834772eaf6cb76a454093446522108faef542df7765454831e60af04d7,d75048347613a25d77de8cf6412eaae9fa7b26be,84d6d338b4cf63f0ed3c990a0ce748d32d1d2965c072f4645accaa71af3888c0,success,362,1,301fbf834772eaf6cb76a454093446522108faef542df7765454831e60af04d7,f2f1202b1bdeb07342385c3f807f9c07cd8f5cf8,93316a86051c359748c5d5453e7660c69a21a57cfb477892f95f539e3e171196,0.4729609191417694,0.006204881239682436,0.004579151514917612,0.0007179024978540838,0.006135416682809591,1.4602292139898054e-05,0.0014319418696686625,0.00016233361384365708,0.0006553455023095012,0.0002410663291811943,0.00032620743149891496,0.0026329157408326864,0.0005306837265379727,0.005995366722345352,0.019463444128632545,0.030571313574910164,0.02731476165354252,0.17847125232219696,0.41624248027801514,0.010389495640993118,0.032144542783498764,0.024159308522939682,0.002321230247616768,0.0019276546081528068,0.0014124822337180376,0.00784583855420351,0.00017614215903449804,0.0018470232607796788,0.000916363496799022,0.015351827256381512,0.005430673714727163,0.007156697567552328,0.00017238424334209412,0.0101410998031497,0.0006772800115868449,0.004560856614261866,0.03874548524618149,0.0024527153000235558,0.29511669278144836,0.2752818167209625,0.4095943868160248,0.3151237964630127
song_e5a9b37663cfbdb5ae172e52dd414002d0cd701bc5969a41cb382007b35a9092,four-model-production-v1,b0e1d82b974c4e7db52113930dfc0c8257d0b6153980baff5f54d92317b0167f,946,complete,success,1069,2,f0790765a3c79f8de242e21b3b3929943e1b84712e71398774ccc7663c7666dc,71a40996c1021c62d12dc004cbafa3f1c5560162,d272696293bc75d5a82cca2e624800456f734f57382cd9472b5974993ef860cc,success,1495,3,b0e1d82b974c4e7db52113930dfc0c8257d0b6153980baff5f54d92317b0167f,d5376446b6accee5dd2d346f2d3050f9d8a69af1,c7548aa09468726af4cfdd0959912467784de4a076786913ada9f0f21b68f60d,success,1495,3,b0e1d82b974c4e7db52113930dfc0c8257d0b6153980baff5f54d92317b0167f,d75048347613a25d77de8cf6412eaae9fa7b26be,84d6d338b4cf63f0ed3c990a0ce748d32d1d2965c072f4645accaa71af3888c0,success,1518,3,b0e1d82b974c4e7db52113930dfc0c8257d0b6153980baff5f54d92317b0167f,f2f1202b1bdeb07342385c3f807f9c07cd8f5cf8,93316a86051c359748c5d5453e7660c69a21a57cfb477892f95f539e3e171196,0.929363354385401,0.6863093049978964,0.9989645560285106,0.8628016941116947,0.6837271778479866,0.0034716723826293365,0.5666404285957183,0.0029229678447984385,0.16891468975157242,0.035470360747373426,0.009021509953316638,0.00115426877392051,0.010553222704354836,0.05568537039800631,0.1721010695931106,0.016544602709171366,0.001417756612867391,0.004744026103184674,0.006285943302098525,0.0009990552150999448,0.005394136757406104,0.019207502448040505,0.006063815768197627,0.0015338146165916602,0.002822129453772237,0.0008696445691427309,0.0001467427378403565,0.0002445532755582067,0.0019423450039618689,0.0006798716912974282,0.00035229683110029453,0.0025349980352577257,0.000304670641132565,0.006143502157841837,0.0002571989110235692,0.0001648954170024845,0.0009682460591496034,0.002219005303541479,0.8044154966156618,0.28918970624605816,0.43549907207489014,0.2753112316131592
song_e6845230ff4465513b07c709ef9606b96c83f7f91b85e8fdec7c2de6a73d283e,four-model-production-v1,ebffa7e7ffef069deefa9fbab7640daa9c9752e7ab84efd83f89eef431968c09,813,complete,success,872,1,5c1b2a1eb905415c6a1a95b855bbb8af78f7dc97fbd3381cea4ee08fb57e8409,71a40996c1021c62d12dc004cbafa3f1c5560162,d272696293bc75d5a82cca2e624800456f734f57382cd9472b5974993ef860cc,success,1197,3,ebffa7e7ffef069deefa9fbab7640daa9c9752e7ab84efd83f89eef431968c09,d5376446b6accee5dd2d346f2d3050f9d8a69af1,c7548aa09468726af4cfdd0959912467784de4a076786913ada9f0f21b68f60d,success,1197,3,ebffa7e7ffef069deefa9fbab7640daa9c9752e7ab84efd83f89eef431968c09,d75048347613a25d77de8cf6412eaae9fa7b26be,84d6d338b4cf63f0ed3c990a0ce748d32d1d2965c072f4645accaa71af3888c0,success,1203,3,ebffa7e7ffef069deefa9fbab7640daa9c9752e7ab84efd83f89eef431968c09,f2f1202b1bdeb07342385c3f807f9c07cd8f5cf8,93316a86051c359748c5d5453e7660c69a21a57cfb477892f95f539e3e171196,0.9934032559394836,0.9976168870925903,0.9949236512184143,0.9802575707435608,0.9210905432701111,0.041685123617450394,0.7791258494059244,0.014476006074498097,0.43010420600573224,0.37046681841214496,0.048247870368262134,0.0007377529206375281,0.002929742525642117,0.043782297521829605,0.20047926902770996,0.015619067785640558,0.004192562967849274,0.01758581989755233,0.050644416556072734,0.010572031295547882,0.030668194095293682,0.010360782189915577,0.005616461702932914,0.0033521909499540925,0.004170977413499107,0.004474212493126591,0.00020974328314575055,0.0009330509734960893,0.001988433514876912,0.0005642016282460341,0.0032671798641482988,0.026541860308498144,0.00043677484306196374,0.01374091332157453,0.000660533686944594,0.0007637998496647924,0.010841762802253166,0.012762929468105236,0.5402134557565054,0.30436087648073834,0.43358760078748065,0.2620515326658885
song_e850a0ebd5865cbcde0d7358f03fb5b1793e1d046b07f23d6f6f42c012be6355,four-model-production-v1,1550b4edd6c865de6f3a8277f6ad5dc3f8d936cb074ba5f76f7c9a424fe8f5b1,260,complete,success,276,1,5a8ecdb140ccc08a382256829534f193f4e47d6d522d14a021ea4b39fe97d4b9,71a40996c1021c62d12dc004cbafa3f1c5560162,d272696293bc75d5a82cca2e624800456f734f57382cd9472b5974993ef860cc,success,333,1,1550b4edd6c865de6f3a8277f6ad5dc3f8d936cb074ba5f76f7c9a424fe8f5b1,d5376446b6accee5dd2d346f2d3050f9d8a69af1,c7548aa09468726af4cfdd0959912467784de4a076786913ada9f0f21b68f60d,success,333,1,1550b4edd6c865de6f3a8277f6ad5dc3f8d936cb074ba5f76f7c9a424fe8f5b1,d75048347613a25d77de8cf6412eaae9fa7b26be,84d6d338b4cf63f0ed3c990a0ce748d32d1d2965c072f4645accaa71af3888c0,success,328,1,1550b4edd6c865de6f3a8277f6ad5dc3f8d936cb074ba5f76f7c9a424fe8f5b1,f2f1202b1bdeb07342385c3f807f9c07cd8f5cf8,93316a86051c359748c5d5453e7660c69a21a57cfb477892f95f539e3e171196,0.05893915891647339,0.38186323642730713,0.0026977628003805876,0.0009665466495789587,0.8070418834686279,0.001271967776119709,0.029100894927978516,0.5534355640411377,0.03319590166211128,0.005590940359979868,0.001449488801881671,0.013499990105628967,0.007889109663665295,0.028055734932422638,0.01466120220720768,0.017169691622257233,0.07191743701696396,0.026705197989940643,0.06293682754039764,0.153065487742424,0.040652357041835785,0.031145460903644562,0.007551006507128477,0.002576312515884638,0.010866264812648296,0.018371520563960075,0.007854235358536243,0.006813179235905409,0.021630609408020973,0.9718871712684631,0.012061414308845997,0.21879629790782928,0.001012910739518702,0.015244727022945881,0.0021369114983826876,0.027555834501981735,0.08530651032924652,0.012059931643307209,0.00962828565388918,0.20605289936065674,0.4453011155128479,0.34864601492881775
song_e860962415e52ac4be856ff3fa67796897ffd7bed74fc6959aa53ced2839c9e0,four-model-production-v1,1a9a4b93dfeb310e9537823ae838ff8d4f4e9305d9049fcd6029d7754748e231,245,complete,success,247,1,2165467a27f374346faf6daa528bc7469338b320291393d7c18d9677b804ad7b,71a40996c1021c62d12dc004cbafa3f1c5560162,d272696293bc75d5a82cca2e624800456f734f57382cd9472b5974993ef860cc,success,351,1,1a9a4b93dfeb310e9537823ae838ff8d4f4e9305d9049fcd6029d7754748e231,d5376446b6accee5dd2d346f2d3050f9d8a69af1,c7548aa09468726af4cfdd0959912467784de4a076786913ada9f0f21b68f60d,success,351,1,1a9a4b93dfeb310e9537823ae838ff8d4f4e9305d9049fcd6029d7754748e231,d75048347613a25d77de8cf6412eaae9fa7b26be,84d6d338b4cf63f0ed3c990a0ce748d32d1d2965c072f4645accaa71af3888c0,success,336,1,1a9a4b93dfeb310e9537823ae838ff8d4f4e9305d9049fcd6029d7754748e231,f2f1202b1bdeb07342385c3f807f9c07cd8f5cf8,93316a86051c359748c5d5453e7660c69a21a57cfb477892f95f539e3e171196,0.046019718050956726,0.010327884927392006,0.0007651577470824122,0.007610272616147995,0.0013459231704473495,5.9272683756717015e-06,0.00014377989282365888,4.010118937003426e-05,0.0002256668813060969,0.00016900626360438764,8.979315316537395e-05,0.0057385764084756374,0.004760987125337124,0.0028249192982912064,0.010046135634183884,0.03310645371675491,0.007958458736538887,0.0011257168371230364,0.0013004279462620616,0.014605743810534477,0.03319978341460228,0.0025299738626927137,0.001937728258781135,0.0036134973634034395,0.04232607036828995,0.013459953479468822,0.0009435751708224416,0.00948011502623558,0.1541021466255188,0.004210238810628653,0.019826112315058708,0.008198554627597332,0.010239280760288239,0.030465826392173767,0.021913299337029457,0.002404994796961546,0.11366009712219238,0.006543436087667942,0.5360283851623535,0.19516505300998688,0.4169003963470459,0.3879345655441284
song_e8d12bd574eb26390ca5a7305f06d31dfc884bedad4f378b2c5bb7a1072900a6,four-model-production-v1,6d53e98ec61a364b62d5be781fe9c79f8fa73450d89bb21bb72dcf809ab19e87,324,complete,success,358,1,de526074398be2ac7c6f4f6b7e28f1119a3a386925bbdf8e50f27147a24b60e8,71a40996c1021c62d12dc004cbafa3f1c5560162,d272696293bc75d5a82cca2e624800456f734f57382cd9472b5974993ef860cc,success,425,1,6d53e98ec61a364b62d5be781fe9c79f8fa73450d89bb21bb72dcf809ab19e87,d5376446b6accee5dd2d346f2d3050f9d8a69af1,c7548aa09468726af4cfdd0959912467784de4a076786913ada9f0f21b68f60d,success,425,1,6d53e98ec61a364b62d5be781fe9c79f8fa73450d89bb21bb72dcf809ab19e87,d75048347613a25d77de8cf6412eaae9fa7b26be,84d6d338b4cf63f0ed3c990a0ce748d32d1d2965c072f4645accaa71af3888c0,success,421,1,6d53e98ec61a364b62d5be781fe9c79f8fa73450d89bb21bb72dcf809ab19e87,f2f1202b1bdeb07342385c3f807f9c07cd8f5cf8,93316a86051c359748c5d5453e7660c69a21a57cfb477892f95f539e3e171196,0.947807788848877,0.0021036933176219463,0.0038864733651280403,0.003409632481634617,0.021185211837291718,2.5039240426849574e-05,0.0031257071532309055,0.00018502080638427287,0.002848059171810746,0.0003016786649823189,0.0027018673717975616,0.030103148892521858,0.001355744432657957,0.003321881638839841,0.00506085529923439,0.06612691283226013,0.006213685497641563,0.0061211539432406425,0.003632357344031334,0.011593721807003021,0.004043990280479193,0.004359847865998745,0.0015175468288362026,0.0005927141755819321,0.008033270947635174,0.0013968670973554254,0.000836360442917794,0.0005415292689576745,0.013120153918862343,0.93485027551651,0.001006266800686717,0.013547414913773537,0.0007773523102514446,0.015229787677526474,0.0006800052360631526,0.000944491766858846,0.002708577550947666,0.00372239644639194,0.06227361038327217,0.25521454215049744,0.40069085359573364,0.3440946340560913
song_e8f0cbf6b127bb0d2d327524f99a3faffc1aa86c24cd4d6f2f351910f8dba31c,four-model-production-v1,560c15b6492a2caa65bce128162ae1d84b3708a741c134d4fea58a02148804db,670,complete,success,800,1,d4a756f8e3b2a41146ffd51752ca5af3faa691c2af066edf90955e1fd2bf591a,71a40996c1021c62d12dc004cbafa3f1c5560162,d272696293bc75d5a82cca2e624800456f734f57382cd9472b5974993ef860cc,success,1189,3,560c15b6492a2caa65bce128162ae1d84b3708a741c134d4fea58a02148804db,d5376446b6accee5dd2d346f2d3050f9d8a69af1,c7548aa09468726af4cfdd0959912467784de4a076786913ada9f0f21b68f60d,success,1189,3,560c15b6492a2caa65bce128162ae1d84b3708a741c134d4fea58a02148804db,d75048347613a25d77de8cf6412eaae9fa7b26be,84d6d338b4cf63f0ed3c990a0ce748d32d1d2965c072f4645accaa71af3888c0,success,1299,3,560c15b6492a2caa65bce128162ae1d84b3708a741c134d4fea58a02148804db,f2f1202b1bdeb07342385c3f807f9c07cd8f5cf8,93316a86051c359748c5d5453e7660c69a21a57cfb477892f95f539e3e171196,0.004007620271295309,0.007841852493584156,0.4172559082508087,0.0029010551515966654,0.05403776411703397,5.929449142868019e-05,0.0052002838321650495,0.0057951970924909205,0.0024392205563470207,0.0016836703722063638,0.0004478053450647074,0.009668429030451682,0.00394240410272361,0.00298691547908127,0.015383482819048671,0.2002313822113084,0.23484323996521025,0.001564720695676976,0.002031454659069836,0.02254272860931538,0.030266657158343906,0.008413679917367243,0.0015529733747666854,0.0012018203642728438,0.008572992577144674,0.008437709192000487,0.0019455881942017747,0.0030475391495637626,0.03731590276623193,0.0033312894902689442,0.007708002249197212,0.34095838900006953,0.00557989463632295,0.02968529266555135,0.016399604902830666,0.0017376217132048875,0.05448945382213623,0.0013922063165396777,0.2893152203852635,0.33575517932573956,0.4458557665348053,0.21838911374409994
song_e974a41fe0c5464980062ef5bfe8c01e1fb90ce11c92a2aa9e4e4dc84512c6aa,four-model-production-v1,85414987ead8d9b4f61c926b55ccfdcb6a49f5ff1013df2668efe5d1d29f9ba2,724,complete,success,856,1,aafe836083fac20f08dadb527d5f1dd3e45c8d798700260d46594a828e4f43b0,71a40996c1021c62d12dc004cbafa3f1c5560162,d272696293bc75d5a82cca2e624800456f734f57382cd9472b5974993ef860cc,success,1140,3,85414987ead8d9b4f61c926b55ccfdcb6a49f5ff1013df2668efe5d1d29f9ba2,d5376446b6accee5dd2d346f2d3050f9d8a69af1,c7548aa09468726af4cfdd0959912467784de4a076786913ada9f0f21b68f60d,success,1140,3,85414987ead8d9b4f61c926b55ccfdcb6a49f5ff1013df2668efe5d1d29f9ba2,d75048347613a25d77de8cf6412eaae9fa7b26be,84d6d338b4cf63f0ed3c990a0ce748d32d1d2965c072f4645accaa71af3888c0,success,1168,3,85414987ead8d9b4f61c926b55ccfdcb6a49f5ff1013df2668efe5d1d29f9ba2,f2f1202b1bdeb07342385c3f807f9c07cd8f5cf8,93316a86051c359748c5d5453e7660c69a21a57cfb477892f95f539e3e171196,0.9970908164978027,0.2454696148633957,0.9982144832611084,0.9925145506858826,0.9774098793665568,0.09060745437939961,0.9402509133021036,0.0025614635087549686,0.6633805235226949,0.11971019891401131,0.13263341784477234,0.004599716902400057,0.0045306395428876085,0.29791367799043655,0.2077083388964335,0.06335270730778575,0.005680535299082597,0.013760637220305702,0.03267753772282352,0.005721288345133265,0.012801807994643847,0.01282988116145134,0.011765836427609125,0.002443473980141183,0.014466497193401059,0.003786561001713077,0.00025870751414913684,0.0008715856044242779,0.010864258122940859,0.1119749875118335,0.0018229612226908405,0.003905302146449685,0.0016107329138321802,0.009787830679366985,0.0010382712450033675,0.00048600812442600727,0.00596606801263988,0.004157205810770392,0.2548196067412694,0.24388957160129532,0.48627533334983536,0.2698350900605525
song_ed5fc8c4fed301a8e973065316ce27e8c6f68575411890467a66fd5ba26d8bed,four-model-production-v1,cb2d682fd0ce547a3a599429332f1582c36f4a21393ba5547824d8e16c3dca08,360,complete,success,409,1,4f2f148467914ea8f7c7f0eaa7063fcecbf02d238439b8323f175143021e4931,71a40996c1021c62d12dc004cbafa3f1c5560162,d272696293bc75d5a82cca2e624800456f734f57382cd9472b5974993ef860cc,success,502,1,cb2d682fd0ce547a3a599429332f1582c36f4a21393ba5547824d8e16c3dca08,d5376446b6accee5dd2d346f2d3050f9d8a69af1,c7548aa09468726af4cfdd0959912467784de4a076786913ada9f0f21b68f60d,success,502,1,cb2d682fd0ce547a3a599429332f1582c36f4a21393ba5547824d8e16c3dca08,d75048347613a25d77de8cf6412eaae9fa7b26be,84d6d338b4cf63f0ed3c990a0ce748d32d1d2965c072f4645accaa71af3888c0,success,529,2,cb2d682fd0ce547a3a599429332f1582c36f4a21393ba5547824d8e16c3dca08,f2f1202b1bdeb07342385c3f807f9c07cd8f5cf8,93316a86051c359748c5d5453e7660c69a21a57cfb477892f95f539e3e171196,0.9977186918258667,0.6498988270759583,0.9984399676322937,0.1128557100892067,0.37818557024002075,0.0014091689372435212,0.17416614294052124,0.0011776266619563103,0.014870576560497284,0.004056219477206469,0.2646927833557129,0.0016873584827408195,0.00099527882412076,0.012915085069835186,0.13952571153640747,0.07244560122489929,0.0063007003627717495,0.17001257836818695,0.015979330986738205,0.003203081665560603,0.4384767711162567,0.20680862665176392,0.003527755383402109,0.007160591892898083,0.0017722893971949816,0.00761989364400506,0.00018808020104188472,0.002433961722999811,0.0037591138388961554,0.005997281987220049,0.023530468344688416,0.011791925877332687,0.0006451673107221723,0.06843272596597672,0.0033119753934442997,0.004671066999435425,0.07655860483646393,0.004500472918152809,0.1535770297050476,0.47808334287713744,0.34866719705621324,0.1732493855890119
song_f0dabdf8d0646ea373fbd165249ce5d26b1ba2c6e4a65f1214d7cc750388072a,four-model-production-v1,2766765510614aa30650d66b8f2206fb8d191b69f8cda9ac00f6c4a80a938cbe,274,complete,success,289,1,7794379b7338e9d7f5cf00a1fb9bdc4ca061501e796bf45a2350eb904dff9838,71a40996c1021c62d12dc004cbafa3f1c5560162,d272696293bc75d5a82cca2e624800456f734f57382cd9472b5974993ef860cc,success,376,1,2766765510614aa30650d66b8f2206fb8d191b69f8cda9ac00f6c4a80a938cbe,d5376446b6accee5dd2d346f2d3050f9d8a69af1,c7548aa09468726af4cfdd0959912467784de4a076786913ada9f0f21b68f60d,success,376,1,2766765510614aa30650d66b8f2206fb8d191b69f8cda9ac00f6c4a80a938cbe,d75048347613a25d77de8cf6412eaae9fa7b26be,84d6d338b4cf63f0ed3c990a0ce748d32d1d2965c072f4645accaa71af3888c0,success,365,1,2766765510614aa30650d66b8f2206fb8d191b69f8cda9ac00f6c4a80a938cbe,f2f1202b1bdeb07342385c3f807f9c07cd8f5cf8,93316a86051c359748c5d5453e7660c69a21a57cfb477892f95f539e3e171196,0.0114834513515234,0.007194203324615955,0.004724674858152866,0.002213065279647708,0.010630637407302856,2.7649153707898222e-05,0.0009118688758462667,6.141559424577281e-05,0.0020359454210847616,0.0016294639790430665,0.00045484976726584136,0.004877488594502211,0.003006814979016781,0.01042467262595892,0.012977653183043003,0.01353880949318409,0.038172051310539246,0.0035939014051109552,0.0037416345439851284,0.3249017298221588,0.12960775196552277,0.011006488464772701,0.006316213868558407,0.0036199791356921196,0.0060266428627073765,0.008088158443570137,0.0014551494969055057,0.009526804089546204,0.01779101975262165,0.7567452788352966,0.010911509394645691,0.0966423973441124,0.0014909392921254039,0.017970804125070572,0.003397653577849269,0.04015558958053589,0.3212895691394806,0.005279169883579016,0.030480748042464256,0.2628936767578125,0.37610846757888794,0.36099785566329956
song_f0e2473fede1564596bf6745d8c08d49d8691d1b0400bea70977b13783733095,four-model-production-v1,b56a0c68c87b01003268cfc565f22a392a7e662b792a6235c5c8df3c270f83fa,350,complete,success,384,1,c3722ee1e037d0432ffc58c33bae84ec6e2173df140c40f99d8f03e906da50ac,71a40996c1021c62d12dc004cbafa3f1c5560162,d272696293bc75d5a82cca2e624800456f734f57382cd9472b5974993ef860cc,success,472,1,b56a0c68c87b01003268cfc565f22a392a7e662b792a6235c5c8df3c270f83fa,d5376446b6accee5dd2d346f2d3050f9d8a69af1,c7548aa09468726af4cfdd0959912467784de4a076786913ada9f0f21b68f60d,success,472,1,b56a0c68c87b01003268cfc565f22a392a7e662b792a6235c5c8df3c270f83fa,d75048347613a25d77de8cf6412eaae9fa7b26be,84d6d338b4cf63f0ed3c990a0ce748d32d1d2965c072f4645accaa71af3888c0,success,462,1,b56a0c68c87b01003268cfc565f22a392a7e662b792a6235c5c8df3c270f83fa,f2f1202b1bdeb07342385c3f807f9c07cd8f5cf8,93316a86051c359748c5d5453e7660c69a21a57cfb477892f95f539e3e171196,0.9966959953308105,0.9969182014465332,0.9278365969657898,0.9915217161178589,0.28284651041030884,0.0005009493324905634,0.08898069709539413,0.00042008093441836536,0.12152735888957977,0.008037124760448933,0.019025534391403198,0.000773792271502316,0.003019681666046381,0.0035391554702073336,0.019650932401418686,0.016992507502436638,0.004389113746583462,0.0014871590537950397,0.001544220489449799,0.012849199585616589,0.018070578575134277,0.0037833505775779486,0.00267594656907022,0.0016131134470924735,0.0022569119464606047,0.002367570763453841,0.0003353111387696117,0.002183422679081559,0.0054032038897275925,0.00320666772313416,0.0021449774503707886,0.006073019001632929,0.000596466357819736,0.022484762594103813,0.001841342425905168,0.0013834763085469604,0.04073364660143852,0.0019761042203754187,0.85442054271698,0.2898348569869995,0.4098609387874603,0.30030426383018494
song_f1bddb6c30e8373851eaf182907b098d1766fc67c2fc89c0c55665db81104c46,four-model-production-v1,9a3c0ba28629bc1c8ae1c0aa412bed2668ca9089038f855b481fe4053435d9dd,307,complete,success,330,1,a1aa27101dfd9c5f7c10bfead348b4b56f9dcdc959232cba3795349cf7abefdf,71a40996c1021c62d12dc004cbafa3f1c5560162,d272696293bc75d5a82cca2e624800456f734f57382cd9472b5974993ef860cc,success,421,1,9a3c0ba28629bc1c8ae1c0aa412bed2668ca9089038f855b481fe4053435d9dd,d5376446b6accee5dd2d346f2d3050f9d8a69af1,c7548aa09468726af4cfdd0959912467784de4a076786913ada9f0f21b68f60d,success,421,1,9a3c0ba28629bc1c8ae1c0aa412bed2668ca9089038f855b481fe4053435d9dd,d75048347613a25d77de8cf6412eaae9fa7b26be,84d6d338b4cf63f0ed3c990a0ce748d32d1d2965c072f4645accaa71af3888c0,success,414,1,9a3c0ba28629bc1c8ae1c0aa412bed2668ca9089038f855b481fe4053435d9dd,f2f1202b1bdeb07342385c3f807f9c07cd8f5cf8,93316a86051c359748c5d5453e7660c69a21a57cfb477892f95f539e3e171196,0.15987959504127502,0.010442720726132393,0.14955347776412964,0.999404788017273,0.012943730689585209,4.7682697186246514e-05,0.0016420385800302029,0.00027331901947036386,0.001646534656174481,0.0027434963267296553,0.0026424431707710028,0.0028694006614387035,0.0007960579823702574,0.034499391913414,0.07451954483985901,0.06472254544496536,0.039473045617341995,0.001674923929385841,0.0010024785296991467,0.08846939355134964,0.1619921326637268,0.030773373320698738,0.008976499550044537,0.003059307113289833,0.0010278288973495364,0.002683871192857623,0.0003441511944402009,0.0049103423953056335,0.003032173728570342,0.15622098743915558,0.00417123269289732,0.019824661314487457,0.001526272390037775,0.036806926131248474,0.0021479392889887094,0.015010200440883636,0.2339945137500763,0.0009538629092276096,0.189431831240654,0.32443884015083313,0.432491660118103,0.24306955933570862
song_f1d664029f6e73d8332f2a5ef74f4733ea56bbd946340d01b4c5169b617c7d8f,four-model-production-v1,707a7a4c8a8e2384fa24660f0cd87e8469667ce63eabf893bcbc4d64ce4d749e,223,complete,success,377,1,faf0e6e6920f753fcadf4b6e83187fabe2b2d0921ca6782ddd14672e800bb070,71a40996c1021c62d12dc004cbafa3f1c5560162,d272696293bc75d5a82cca2e624800456f734f57382cd9472b5974993ef860cc,success,465,1,707a7a4c8a8e2384fa24660f0cd87e8469667ce63eabf893bcbc4d64ce4d749e,d5376446b6accee5dd2d346f2d3050f9d8a69af1,c7548aa09468726af4cfdd0959912467784de4a076786913ada9f0f21b68f60d,success,465,1,707a7a4c8a8e2384fa24660f0cd87e8469667ce63eabf893bcbc4d64ce4d749e,d75048347613a25d77de8cf6412eaae9fa7b26be,84d6d338b4cf63f0ed3c990a0ce748d32d1d2965c072f4645accaa71af3888c0,success,334,1,707a7a4c8a8e2384fa24660f0cd87e8469667ce63eabf893bcbc4d64ce4d749e,f2f1202b1bdeb07342385c3f807f9c07cd8f5cf8,93316a86051c359748c5d5453e7660c69a21a57cfb477892f95f539e3e171196,0.27743494510650635,0.0006119293393567204,0.049673501402139664,0.8659783005714417,0.0162517037242651,7.621977420058101e-05,0.005326166749000549,0.0001217945828102529,0.0009620567434467375,0.0014782638754695654,0.0009963765041902661,0.0017535522347316146,0.002690288471058011,0.0021713224705308676,0.009089000523090363,0.022503597661852837,0.0011437301291152835,0.0022231540642678738,0.001458688173443079,0.0010630185715854168,0.0036789877340197563,0.0072624958120286465,0.00197879271581769,0.0007201129337772727,0.001669830409809947,0.0009312242036685348,0.0005281948251649737,0.00037550891283899546,0.0018243497470393777,0.0015047336928546429,0.0002992249792441726,0.0017247069627046585,0.0003150594129692763,0.008106648921966553,0.00041090339072979987,0.0003544711507856846,0.002286781556904316,0.0008334764279425144,0.9564173817634583,0.2879110872745514,0.38752472400665283,0.32456424832344055
song_f2d23f623a8d6f5bf76ea6360fcde2c59706ecf953032d31f7cc5c3d44aaeb35,four-model-production-v1,0ee1e4113bd3ca62b3ae6ce63c209326815e8ab2a3b6aedfd3130d64ebef9841,198,complete,success,219,1,51860fff7c71c84c15f3098c1602d8826aaff81594ab1ee1fa9c317d353d0d55,71a40996c1021c62d12dc004cbafa3f1c5560162,d272696293bc75d5a82cca2e624800456f734f57382cd9472b5974993ef860cc,success,324,1,0ee1e4113bd3ca62b3ae6ce63c209326815e8ab2a3b6aedfd3130d64ebef9841,d5376446b6accee5dd2d346f2d3050f9d8a69af1,c7548aa09468726af4cfdd0959912467784de4a076786913ada9f0f21b68f60d,success,324,1,0ee1e4113bd3ca62b3ae6ce63c209326815e8ab2a3b6aedfd3130d64ebef9841,d75048347613a25d77de8cf6412eaae9fa7b26be,84d6d338b4cf63f0ed3c990a0ce748d32d1d2965c072f4645accaa71af3888c0,success,308,1,0ee1e4113bd3ca62b3ae6ce63c209326815e8ab2a3b6aedfd3130d64ebef9841,f2f1202b1bdeb07342385c3f807f9c07cd8f5cf8,93316a86051c359748c5d5453e7660c69a21a57cfb477892f95f539e3e171196,0.9762745499610901,0.0023629306815564632,0.0031680972315371037,0.008023037575185299,0.008807266131043434,1.3625250176119152e-05,0.0009922949830070138,0.00017170689534395933,0.002017011633142829,0.0009755154023878276,0.0008757876348681748,0.0052345143631100655,0.0069906753487885,0.0017981610726565123,0.004462760407477617,0.02427506446838379,0.00184708833694458,0.0014557538088411093,0.0012844341108575463,0.002908084075897932,0.0025658621452748775,0.0015472288941964507,0.0014051260659471154,0.0010094518074765801,0.025472331792116165,0.002274189842864871,0.0006356920930556953,0.000690782384481281,0.026738544926047325,0.005294461734592915,0.0009283936815336347,0.0031469499226659536,0.0016032005660235882,0.011120062321424484,0.0014612587401643395,0.0005232365219853818,0.0021534468978643417,0.003226878587156534,0.9273255467414856,0.2149869054555893,0.4346601665019989,0.350352942943573
song_f4185aea5cd17f1abea03ccb1fa6b853bc8cc48352e792e4aa84bd5673669c5e,four-model-production-v1,dbea5d09d748938f278db5d33e8815a1576118865cde1b4ff2471938e85e6bab,383,complete,success,415,1,566d4efbb8787a6da0206d2dc0a74fc224b7b1e02a45c11339c507933fa1724b,71a40996c1021c62d12dc004cbafa3f1c5560162,d272696293bc75d5a82cca2e624800456f734f57382cd9472b5974993ef860cc,success,719,2,dbea5d09d748938f278db5d33e8815a1576118865cde1b4ff2471938e85e6bab,d5376446b6accee5dd2d346f2d3050f9d8a69af1,c7548aa09468726af4cfdd0959912467784de4a076786913ada9f0f21b68f60d,success,719,2,dbea5d09d748938f278db5d33e8815a1576118865cde1b4ff2471938e85e6bab,d75048347613a25d77de8cf6412eaae9fa7b26be,84d6d338b4cf63f0ed3c990a0ce748d32d1d2965c072f4645accaa71af3888c0,success,726,2,dbea5d09d748938f278db5d33e8815a1576118865cde1b4ff2471938e85e6bab,f2f1202b1bdeb07342385c3f807f9c07cd8f5cf8,93316a86051c359748c5d5453e7660c69a21a57cfb477892f95f539e3e171196,0.8129401206970215,0.0029211086221039295,0.008372856304049492,0.0010773357935249805,0.5963751983742057,0.0034233317891801595,0.4682881455759677,0.0009370800394303216,0.03017942639526306,0.002889344456407432,0.06572874780531884,0.0005642857493396191,0.003498227228002522,0.04451091547907228,0.19728828150058822,0.01059537307619634,0.01096412221614857,0.007389342482298902,0.01640565042359358,0.07940392921547897,0.07053798781669024,0.02234353224704138,0.012926011680468648,0.004033491368404226,0.005475676174875302,0.007825922193744004,0.00013894582165162932,0.0019751583541431287,0.003255661824065285,0.003886359842540761,0.012661307728920592,0.003587750788591543,0.0005517578283059301,0.013075578131393033,0.0013583010533417838,0.0021129232492577673,0.06354090036702587,0.0033139919399728115,0.4170174156011229,0.3017869293689728,0.4732484519481659,0.22496463358402252
song_f41a534741f51cde1d600b6ee480a6cec27c432d48b34b9d946bd8331f5d2a74,four-model-production-v1,c1d5fa184a8663f1edfa9d361b355a812c70ac740c15689f5910f25caa8150f3,195,complete,success,209,1,c3371f80805ecd0e326e774d0c6f208707ed89ac3f9a30e544d2bb4dc96c1b93,71a40996c1021c62d12dc004cbafa3f1c5560162,d272696293bc75d5a82cca2e624800456f734f57382cd9472b5974993ef860cc,success,302,1,c1d5fa184a8663f1edfa9d361b355a812c70ac740c15689f5910f25caa8150f3,d5376446b6accee5dd2d346f2d3050f9d8a69af1,c7548aa09468726af4cfdd0959912467784de4a076786913ada9f0f21b68f60d,success,302,1,c1d5fa184a8663f1edfa9d361b355a812c70ac740c15689f5910f25caa8150f3,d75048347613a25d77de8cf6412eaae9fa7b26be,84d6d338b4cf63f0ed3c990a0ce748d32d1d2965c072f4645accaa71af3888c0,success,297,1,c1d5fa184a8663f1edfa9d361b355a812c70ac740c15689f5910f25caa8150f3,f2f1202b1bdeb07342385c3f807f9c07cd8f5cf8,93316a86051c359748c5d5453e7660c69a21a57cfb477892f95f539e3e171196,0.01926778443157673,0.003369405400007963,0.001957823522388935,0.010502759367227554,0.0007654669461771846,2.1819241737830453e-06,6.33265299256891e-05,1.7734693756210618e-05,0.00021149277745280415,0.00015192419232334942,3.421392466407269e-05,0.0065283081494271755,0.0013492536963894963,0.001272107707336545,0.009733001701533794,0.023008964955806732,0.00151717325206846,0.2451479583978653,0.434540718793869,0.005038876552134752,0.030779574066400528,0.018172286450862885,0.0013375665294006467,0.0013732421211898327,0.010768108069896698,0.003321299096569419,0.00018995851860381663,0.0006065561901777983,0.0026515345089137554,0.002694572787731886,0.0023956228978931904,0.021385496482253075,0.00022475491277873516,0.019982434809207916,0.000642821192741394,0.0006156141171231866,0.0040994989685714245,0.029068609699606895,0.34305861592292786,0.28604745864868164,0.40964871644973755,0.30430373549461365
song_f808ae4b4563a70d26400ffefa5cf76248b7c2025e1b427ec117cf0e0aee87de,four-model-production-v1,162aa0fd04e69ac9b264d945c4b5fc067d17769fdb2a487bffc7cde87c75765b,357,complete,success,397,1,73c30319256f04e30eb646536286ba2ebe6edc59aec0d52a1b18529f11343ba4,71a40996c1021c62d12dc004cbafa3f1c5560162,d272696293bc75d5a82cca2e624800456f734f57382cd9472b5974993ef860cc,success,483,1,162aa0fd04e69ac9b264d945c4b5fc067d17769fdb2a487bffc7cde87c75765b,d5376446b6accee5dd2d346f2d3050f9d8a69af1,c7548aa09468726af4cfdd0959912467784de4a076786913ada9f0f21b68f60d,success,483,1,162aa0fd04e69ac9b264d945c4b5fc067d17769fdb2a487bffc7cde87c75765b,d75048347613a25d77de8cf6412eaae9fa7b26be,84d6d338b4cf63f0ed3c990a0ce748d32d1d2965c072f4645accaa71af3888c0,success,474,1,162aa0fd04e69ac9b264d945c4b5fc067d17769fdb2a487bffc7cde87c75765b,f2f1202b1bdeb07342385c3f807f9c07cd8f5cf8,93316a86051c359748c5d5453e7660c69a21a57cfb477892f95f539e3e171196,0.996245801448822,0.004742637742310762,0.012238612398505211,0.00888052023947239,0.005640450399369001,1.4288597412814852e-05,0.0007648541359230876,8.294149301946163e-05,0.0005921648116782308,0.00039185251807793975,0.0007213681819848716,0.003558763302862644,0.0007585244020447135,0.0009248172864317894,0.006111680995672941,0.06470896303653717,0.004431646317243576,0.005459968466311693,0.0173301063477993,0.020685676485300064,0.0027185226790606976,0.002292706398293376,0.0005237482255324721,0.00017833249876275659,0.006132462993264198,0.000682286627124995,0.00019386403437238187,0.0002515064843464643,0.0034356198739260435,0.0014447778230533004,0.0005508586182259023,0.021370887756347656,0.0004147410800214857,0.007433109916746616,0.0007482004584744573,0.00021894695237278938,0.0012974716955795884,0.001102680922485888,0.8404248356819153,0.2500578761100769,0.4086242616176605,0.3413178324699402
song_f90b9bd84fe6f81a6e4f326cb0b6f4451a734bc2b6c6aad81544fd16972b8863,four-model-production-v1,db0c5dce942a1b6ef7f0dcfc6d4cd24542fe1774f48165840f14784f26c51ff1,203,complete,success,235,1,e7ee083936234cfed0ceaf5f80fe45e919615c08916ff725b846c052ae5cd803,71a40996c1021c62d12dc004cbafa3f1c5560162,d272696293bc75d5a82cca2e624800456f734f57382cd9472b5974993ef860cc,success,339,1,db0c5dce942a1b6ef7f0dcfc6d4cd24542fe1774f48165840f14784f26c51ff1,d5376446b6accee5dd2d346f2d3050f9d8a69af1,c7548aa09468726af4cfdd0959912467784de4a076786913ada9f0f21b68f60d,success,339,1,db0c5dce942a1b6ef7f0dcfc6d4cd24542fe1774f48165840f14784f26c51ff1,d75048347613a25d77de8cf6412eaae9fa7b26be,84d6d338b4cf63f0ed3c990a0ce748d32d1d2965c072f4645accaa71af3888c0,success,324,1,db0c5dce942a1b6ef7f0dcfc6d4cd24542fe1774f48165840f14784f26c51ff1,f2f1202b1bdeb07342385c3f807f9c07cd8f5cf8,93316a86051c359748c5d5453e7660c69a21a57cfb477892f95f539e3e171196,0.061092641204595566,0.006064862012863159,0.02076861634850502,0.0006378769176080823,0.01079817395657301,1.0955421203107107e-05,0.0013849560637027025,6.962819315958768e-05,0.0032458121422678232,0.0002641633036546409,0.00035798054886981845,0.013132594525814056,0.0011451254831627011,0.017932327464222908,0.02541496232151985,0.24101974070072174,0.6540184020996094,0.0023809184785932302,0.004423925653100014,0.009734757244586945,0.007280511781573296,0.01863560453057289,0.002260991372168064,0.0009312272886745632,0.0048093851655721664,0.004445840138942003,0.0008906360599212348,0.002526882104575634,0.00892696250230074,0.4853224456310272,0.004809558857232332,0.033747218549251556,0.0018360007088631392,0.012984598986804485,0.004942638333886862,0.002833464415743947,0.014665370807051659,0.000942499260418117,0.13686203956604004,0.22412510216236115,0.4106141924858093,0.3652607202529907
song_fcece81d4ce48c45670077783d519702d20ce3c27d5489f2eeba0f033d95faaa,four-model-production-v1,8e792ed3bce275dbab493c3f5a3a8a9bc8417189c688fe977f1ac13ad64ec811,355,complete,success,415,1,341d14cbd3cd52005fd5eee91b093ed9fb0e29d4b1692e720ceef3ea7896d66b,71a40996c1021c62d12dc004cbafa3f1c5560162,d272696293bc75d5a82cca2e624800456f734f57382cd9472b5974993ef860cc,success,473,1,8e792ed3bce275dbab493c3f5a3a8a9bc8417189c688fe977f1ac13ad64ec811,d5376446b6accee5dd2d346f2d3050f9d8a69af1,c7548aa09468726af4cfdd0959912467784de4a076786913ada9f0f21b68f60d,success,473,1,8e792ed3bce275dbab493c3f5a3a8a9bc8417189c688fe977f1ac13ad64ec811,d75048347613a25d77de8cf6412eaae9fa7b26be,84d6d338b4cf63f0ed3c990a0ce748d32d1d2965c072f4645accaa71af3888c0,success,494,1,8e792ed3bce275dbab493c3f5a3a8a9bc8417189c688fe977f1ac13ad64ec811,f2f1202b1bdeb07342385c3f807f9c07cd8f5cf8,93316a86051c359748c5d5453e7660c69a21a57cfb477892f95f539e3e171196,0.6913816332817078,0.0031369926873594522,0.057397957891225815,0.9985557198524475,0.2509694993495941,0.0007987086428329349,0.04069019854068756,0.005314024630934,0.01537422463297844,0.01042861770838499,0.031123105436563492,0.003871615743264556,0.003632414387539029,0.017182063311338425,0.04830801114439964,0.013126692734658718,0.015592523850500584,0.003287104656919837,0.008478193543851376,0.7445790767669678,0.0912235826253891,0.01533777266740799,0.023470759391784668,0.002440192736685276,0.004227020777761936,0.0041046650148928165,0.0007733315578661859,0.005304407794028521,0.004751777742058039,0.0409049391746521,0.006375857163220644,0.01252678781747818,0.0010169142624363303,0.009389551356434822,0.0015483327442780137,0.006499347276985645,0.1903097927570343,0.001756981248036027,0.07122447341680527,0.37800413370132446,0.42184334993362427,0.20015250146389008
song_fcee43b920ec51e027d82e5ebc7bf690e03815c44a91d5aaaa74f62fb232fd79,four-model-production-v1,fd30e27cd6b03f3ecc6612c75779cb3d2557980893c704cac146fd2198390a4a,544,complete,success,1025,2,ca479506fcf2d5a720770c8ad9d1336a7348b8e1ddcf0ebdd3ec9d1fe4138250,71a40996c1021c62d12dc004cbafa3f1c5560162,d272696293bc75d5a82cca2e624800456f734f57382cd9472b5974993ef860cc,success,1268,3,fd30e27cd6b03f3ecc6612c75779cb3d2557980893c704cac146fd2198390a4a,d5376446b6accee5dd2d346f2d3050f9d8a69af1,c7548aa09468726af4cfdd0959912467784de4a076786913ada9f0f21b68f60d,success,1268,3,fd30e27cd6b03f3ecc6612c75779cb3d2557980893c704cac146fd2198390a4a,d75048347613a25d77de8cf6412eaae9fa7b26be,84d6d338b4cf63f0ed3c990a0ce748d32d1d2965c072f4645accaa71af3888c0,success,759,2,fd30e27cd6b03f3ecc6612c75779cb3d2557980893c704cac146fd2198390a4a,f2f1202b1bdeb07342385c3f807f9c07cd8f5cf8,93316a86051c359748c5d5453e7660c69a21a57cfb477892f95f539e3e171196,0.18762112219159197,0.0027763314690531756,0.10808496169927644,0.07700800655091682,0.1356978552145678,0.00042339015150215397,0.04029588978913868,0.0004688447369738153,0.00608031832035014,0.007758128001392828,0.007406611876725293,0.003412374545201624,0.007492138388675376,0.003461047043371652,0.008245352276656718,0.014184032056380757,0.001955376950563416,0.0010680979411910973,0.0014462538975384969,0.001844566891888709,0.0029831935292806136,0.001908898041513822,0.0029747710474737413,0.0013518788477579243,0.008305538623822906,0.0017867198641586767,0.0009297917478377064,0.0006736479641771244,0.008069103891441264,0.0033823239285798528,0.0005400237231258279,0.001729974418431256,0.0009266639140997176,0.005640861249237971,0.0007901856415829406,0.0005805662918354058,0.0027572231077844693,0.001810229075569454,0.9558621792575163,0.15956341362360751,0.350163053264731,0.49027354797355743
song_fd806b3821bf03e97e417fa26b068546358a5dc336dc9669759f406326f62c9d,four-model-production-v1,fba71acd733a8fd1e5ec7eb31135061041a5b1dc0cc783b5168b1fed34287994,212,complete,success,213,1,3e5774eb96f5577f1de8e097c64053fc1cb5bb90cd1554130d1a2632302d96c1,71a40996c1021c62d12dc004cbafa3f1c5560162,d272696293bc75d5a82cca2e624800456f734f57382cd9472b5974993ef860cc,success,324,1,fba71acd733a8fd1e5ec7eb31135061041a5b1dc0cc783b5168b1fed34287994,d5376446b6accee5dd2d346f2d3050f9d8a69af1,c7548aa09468726af4cfdd0959912467784de4a076786913ada9f0f21b68f60d,success,324,1,fba71acd733a8fd1e5ec7eb31135061041a5b1dc0cc783b5168b1fed34287994,d75048347613a25d77de8cf6412eaae9fa7b26be,84d6d338b4cf63f0ed3c990a0ce748d32d1d2965c072f4645accaa71af3888c0,success,314,1,fba71acd733a8fd1e5ec7eb31135061041a5b1dc0cc783b5168b1fed34287994,f2f1202b1bdeb07342385c3f807f9c07cd8f5cf8,93316a86051c359748c5d5453e7660c69a21a57cfb477892f95f539e3e171196,0.8991605043411255,0.023256488144397736,0.048880718648433685,0.09891118109226227,0.006395664997398853,3.097002991125919e-05,0.00037643470568582416,0.0001782779290806502,0.0017879486549645662,0.003559006843715906,0.0004982397076673806,0.0015116315335035324,0.0016707717441022396,0.0011985296150669456,0.00985015369951725,0.03607558459043503,0.0006256176275201142,0.00310070370323956,0.0012724027037620544,0.0006901943706907332,0.004328262060880661,0.01118490006774664,0.0008345874375663698,0.0005976437241770327,0.002440954325720668,0.0007593039772473276,0.00044345087371766567,0.00025885648210532963,0.0024472801014781,0.0006216753972694278,0.0004006160597782582,0.0021172845736145973,0.0003327295708004385,0.01959468238055706,0.000646066851913929,0.00017320772167295218,0.0013519665226340294,0.0016083944356068969,0.9306123852729797,0.31458479166030884,0.4190571904182434,0.26635807752609253
song_fed7c74ad967767c8732088a2935e6279881ee63bf2cc773490807c416c8707a,four-model-production-v1,6e22ecd5fe7ffbf1c9c0b96f62ffafff3147325f976ec3c7d0af8cde8f6b321a,128,complete,success,204,1,3ea471e4c331ca2da8505a14ea188f5ddad7aeb70c9de5cba59cd721a2ec5e0a,71a40996c1021c62d12dc004cbafa3f1c5560162,d272696293bc75d5a82cca2e624800456f734f57382cd9472b5974993ef860cc,success,268,1,6e22ecd5fe7ffbf1c9c0b96f62ffafff3147325f976ec3c7d0af8cde8f6b321a,d5376446b6accee5dd2d346f2d3050f9d8a69af1,c7548aa09468726af4cfdd0959912467784de4a076786913ada9f0f21b68f60d,success,268,1,6e22ecd5fe7ffbf1c9c0b96f62ffafff3147325f976ec3c7d0af8cde8f6b321a,d75048347613a25d77de8cf6412eaae9fa7b26be,84d6d338b4cf63f0ed3c990a0ce748d32d1d2965c072f4645accaa71af3888c0,success,183,1,6e22ecd5fe7ffbf1c9c0b96f62ffafff3147325f976ec3c7d0af8cde8f6b321a,f2f1202b1bdeb07342385c3f807f9c07cd8f5cf8,93316a86051c359748c5d5453e7660c69a21a57cfb477892f95f539e3e171196,0.03600286319851875,0.0018909977516159415,0.14854557812213898,0.021917138248682022,0.014345807023346424,3.2980409741867334e-05,0.0044417246244847775,0.00014001539966557175,0.0012991181574761868,0.0013040470657870173,0.0003740497922990471,0.0018844285514205694,0.002386074047535658,0.003258974989876151,0.008740900084376335,0.013452932238578796,0.0009755437495186925,0.002984695602208376,0.0013653211062774062,0.000987622537650168,0.003934511914849281,0.008406214416027069,0.002522337017580867,0.0008719259058125317,0.0015727885765954852,0.0013993304455652833,0.0007798504666425288,0.0004592842306010425,0.0015239946078509092,0.001193989417515695,0.0003290877502877265,0.0017877494683489203,0.0003005031612701714,0.007212942466139793,0.0003345543809700757,0.0003904190380126238,0.002460821997374296,0.0010070052230730653,0.9657362103462219,0.22499988973140717,0.4734640121459961,0.30153605341911316
