artist,observation_count,unique_songs,observation_pct,unique_song_pct,small_group_lt_30_songs
Taylor Swift,409,158,0.5000183381,0.5634606469,False
Morgan Wallen,265,72,0.3239727618,0.2567668771,False
Drake,263,109,0.3215276844,0.3887165222,False
Elton John,204,58,0.2493978997,0.2068399843,False
Madonna,193,50,0.2359499737,0.1783103313,False
Kenny Chesney,183,48,0.2237245865,0.171177918,False
Tim McGraw,174,47,0.212721738,0.1676117114,False
Keith Urban,159,37,0.1943836571,0.1319496452,False
Rod Stewart,155,46,0.1894935022,0.1640455048,False
Jason Aldean,154,40,0.1882709635,0.142648265,False
Mariah Carey,154,29,0.1882709635,0.1034199922,True
Stevie Wonder,152,53,0.185825886,0.1890089512,False
Luke Combs,150,30,0.1833808086,0.1069861988,False
Michael Jackson,144,41,0.1760455762,0.1462144717,False
Chicago,143,45,0.1748230375,0.1604792982,False
The Beatles,139,62,0.1699328826,0.2211048108,False
Rihanna,138,27,0.1687103439,0.0962875789,True
Aretha Franklin,137,61,0.1674878052,0.2175386042,False
Beyonce,137,34,0.1674878052,0.1212510253,False
Rascal Flatts,136,33,0.1662652665,0.1176848187,False
Billy Joel,134,41,0.163820189,0.1462144717,False
Ed Sheeran,134,28,0.163820189,0.09985378553,True
Luke Bryan,134,36,0.163820189,0.1283834385,False
Carrie Underwood,133,32,0.1625976503,0.114118612,False
Daryl Hall John Oates,132,34,0.1613751116,0.1212510253,False
The Rolling Stones,132,55,0.1613751116,0.1961413644,False
Whitney Houston,132,31,0.1613751116,0.1105524054,False
Brad Paisley,129,32,0.1577074954,0.114118612,False
George Strait,128,35,0.1564849567,0.1248172319,False
P!nk,128,25,0.1564849567,0.08915516565,True
Neil Diamond,127,52,0.1552624179,0.1854427446,False
Kelly Clarkson,126,22,0.1540398792,0.07845654577,True
The Weeknd,126,31,0.1540398792,0.1105524054,False
The Beach Boys,124,53,0.1515948018,0.1890089512,False
Blake Shelton,123,32,0.150372263,0.114118612,False
Toby Keith,123,34,0.150372263,0.1212510253,False
Bee Gees,122,41,0.1491497243,0.1462144717,False
Elvis Presley,121,48,0.1479271856,0.171177918,False
Chris Brown,119,29,0.1454821081,0.1034199922,True
Justin Bieber,119,40,0.1454821081,0.142648265,False
Ariana Grande,118,40,0.1442595694,0.142648265,False
Maroon 5,115,19,0.1405919533,0.06775792589,True
Connie Francis,114,49,0.1393694145,0.1747441247,False
Brenda Lee,113,45,0.1381468758,0.1604792982,False
The Temptations,113,48,0.1381468758,0.171177918,False
Bad Bunny,112,44,0.1369243371,0.1569130915,False
Billie Eilish,111,26,0.1357017984,0.09272137228,True
Olivia Rodrigo,110,37,0.1344792596,0.1319496452,False
Kool & The Gang,108,31,0.1320341822,0.1105524054,False
Mary J. Blige,107,25,0.1308116435,0.08915516565,True
Elvis Presley With The Jordanaires,106,53,0.1295891047,0.1890089512,False
Dierks Bentley,105,25,0.128366566,0.08915516565,True
Imagine Dragons,104,13,0.1271440273,0.04636068614,True
Usher,104,21,0.1271440273,0.07489033915,True
Bruno Mars,101,15,0.1234764111,0.05349309939,True
Dionne Warwick,101,47,0.1234764111,0.1676117114,False
R. Kelly,100,21,0.1222538724,0.07489033915,True
Janet Jackson,98,24,0.1198087949,0.08558895902,True
Britney Spears,96,26,0.1173637175,0.09272137228,True
Heart,96,29,0.1173637175,0.1034199922,True
Nickelback,96,16,0.1173637175,0.05705930602,True
Aerosmith,95,28,0.1161411788,0.09985378553,True
Gladys Knight And The Pips,95,36,0.1161411788,0.1283834385,False
Lady Gaga,94,23,0.11491864,0.0820227524,True
Olivia Newton-John,94,30,0.11491864,0.1069861988,False
Paul Anka,94,42,0.11491864,0.1497806783,False
Bon Jovi,93,25,0.1136961013,0.08915516565,True
Phil Collins,93,24,0.1136961013,0.08558895902,True
Thomas Rhett,93,20,0.1136961013,0.07132413252,True
Donna Summer,92,30,0.1124735626,0.1069861988,False
Katy Perry,92,20,0.1124735626,0.07132413252,True
Lil Baby,92,35,0.1124735626,0.1248172319,False
Sabrina Carpenter,92,23,0.1124735626,0.0820227524,True
Cher,91,31,0.1112510239,0.1105524054,False
Diana Ross,91,33,0.1112510239,0.1176848187,False
Marvin Gaye,91,37,0.1112510239,0.1319496452,False
The Pointer Sisters,90,26,0.1100284852,0.09272137228,True
Eminem,89,32,0.1088059464,0.114118612,False
Miley Cyrus,89,23,0.1088059464,0.0820227524,True
SZA,89,24,0.1088059464,0.08558895902,True
Barry Manilow,88,27,0.1075834077,0.0962875789,True
Alan Jackson,87,23,0.106360869,0.0820227524,True
Bobby Vinton,87,40,0.106360869,0.142648265,False
Lady Antebellum,87,18,0.106360869,0.06419171927,True
"Earth, Wind & Fire",86,30,0.1051383303,0.1069861988,False
The Black Eyed Peas,86,15,0.1051383303,0.05349309939,True
Four Tops,85,40,0.1039157915,0.142648265,False
Jackie Wilson,85,41,0.1039157915,0.1462144717,False
James Brown,85,46,0.1039157915,0.1640455048,False
Post Malone,85,27,0.1039157915,0.0962875789,True
Barbra Streisand,84,32,0.1026932528,0.114118612,False
Brook Benton,84,39,0.1026932528,0.1390820584,False
Commodores,83,25,0.1014707141,0.08915516565,True
Journey,83,24,0.1014707141,0.08558895902,True
Bryan Adams,82,20,0.1002481754,0.07132413252,True
Dua Lipa,82,11,0.1002481754,0.03922827289,True
Prince,82,25,0.1002481754,0.08915516565,True
Ray Charles,82,44,0.1002481754,0.1569130915,False
Rod Wave,82,52,0.1002481754,0.1854427446,False
U2,82,25,0.1002481754,0.08915516565,True
Andy Williams,80,34,0.09780309791,0.1212510253,False
Fleetwood Mac,80,23,0.09780309791,0.0820227524,True
Kendrick Lamar,80,30,0.09780309791,0.1069861988,False
Eric Church,79,23,0.09658055919,0.0820227524,True
Faith Hill,79,15,0.09658055919,0.05349309939,True
Justin Timberlake,79,15,0.09658055919,0.05349309939,True
Harry Styles,78,25,0.09535802047,0.08915516565,True
Nicki Minaj,78,22,0.09535802047,0.07845654577,True
Bruce Springsteen,77,23,0.09413548174,0.0820227524,True
Lionel Richie,77,19,0.09413548174,0.06775792589,True
Sam Cooke,77,33,0.09413548174,0.1176848187,False
Adele,76,13,0.09291294302,0.04636068614,True
Genesis,76,22,0.09291294302,0.07845654577,True
John Denver,76,30,0.09291294302,0.1069861988,False
Kanye West,76,25,0.09291294302,0.08915516565,True
Linkin Park,76,17,0.09291294302,0.06062551264,True
The Isley Brothers,76,36,0.09291294302,0.1283834385,False
Bobby Darin,75,34,0.09169040429,0.1212510253,False
Boyz II Men,75,16,0.09169040429,0.05705930602,True
Fats Domino,75,35,0.09169040429,0.1248172319,False
Foreigner,75,22,0.09169040429,0.07845654577,True
Huey Lewis & The News,75,21,0.09169040429,0.07489033915,True
Montgomery Gentry,75,18,0.09169040429,0.06419171927,True
Brooks & Dunn,74,22,0.09046786557,0.07845654577,True
Carpenters,74,27,0.09046786557,0.0962875789,True
Electric Light Orchestra,74,23,0.09046786557,0.0820227524,True
Miranda Lambert,74,19,0.09046786557,0.06775792589,True
Neil Sedaka,74,28,0.09046786557,0.09985378553,True
OneRepublic,74,12,0.09046786557,0.04279447951,True
Alicia Keys,73,15,0.08924532685,0.05349309939,True
Celine Dion,73,17,0.08924532685,0.06062551264,True
JAY-Z,73,27,0.08924532685,0.0962875789,True
TLC,73,15,0.08924532685,0.05349309939,True
Future,72,42,0.08802278812,0.1497806783,False
Destiny's Child,71,12,0.0868002494,0.04279447951,True
Eagles,71,21,0.0868002494,0.07489033915,True
Michael Bolton,71,18,0.0868002494,0.06419171927,True
Queen,71,22,0.0868002494,0.07845654577,True
Train,71,12,0.0868002494,0.04279447951,True
Zac Brown Band,71,19,0.0868002494,0.06775792589,True
Backstreet Boys,70,16,0.08557771067,0.05705930602,True
Chubby Checker,70,27,0.08557771067,0.0962875789,True
Coldplay,70,18,0.08557771067,0.06419171927,True
Doja Cat,70,11,0.08557771067,0.03922827289,True
Richard Marx,70,16,0.08557771067,0.05705930602,True
Styx,70,22,0.08557771067,0.07845654577,True
The Everly Brothers,70,30,0.08557771067,0.1069861988,False
Duran Duran,69,21,0.08435517195,0.07489033915,True
Kenny Loggins,69,19,0.08435517195,0.06775792589,True
Kenny Rogers,69,24,0.08435517195,0.08558895902,True
Van Halen,69,23,0.08435517195,0.0820227524,True
Glen Campbell,68,31,0.08313263323,0.1105524054,False
Toni Braxton,68,10,0.08313263323,0.03566206626,True
Def Leppard,67,19,0.0819100945,0.06775792589,True
James Brown And The Famous Flames,67,34,0.0819100945,0.1212510253,False
Linda Ronstadt,67,25,0.0819100945,0.08915516565,True
The 5th Dimension,67,29,0.0819100945,0.1034199922,True
The Spinners,67,26,0.0819100945,0.09272137228,True
Anne Murray,66,26,0.08068755578,0.09272137228,True
Billy Currington,66,15,0.08068755578,0.05349309939,True
Fall Out Boy,66,15,0.08068755578,0.05349309939,True
Gloria Estefan,66,18,0.08068755578,0.06419171927,True
Juice WRLD,66,35,0.08068755578,0.1248172319,False
Shania Twain,66,16,0.08068755578,0.05705930602,True
The Supremes,66,27,0.08068755578,0.0962875789,True
Wilson Pickett,66,36,0.08068755578,0.1283834385,False
Dixie Chicks,65,16,0.07946501705,0.05705930602,True
Eddie Money,65,22,0.07946501705,0.07845654577,True
J. Cole,65,37,0.07946501705,0.1319496452,False
LeAnn Rimes,65,11,0.07946501705,0.03922827289,True
Lil Uzi Vert,65,26,0.07946501705,0.09272137228,True
Luther Vandross,65,21,0.07946501705,0.07489033915,True
REO Speedwagon,65,18,0.07946501705,0.06419171927,True
Roy Orbison,65,28,0.07946501705,0.09985378553,True
Avril Lavigne,64,15,0.07824247833,0.05349309939,True
Dan + Shay,64,14,0.07824247833,0.04992689276,True
John Mellencamp,64,18,0.07824247833,0.06419171927,True
Sheena Easton,64,18,0.07824247833,0.06419171927,True
The Impressions,64,32,0.07824247833,0.114118612,False
Tom Jones,64,27,0.07824247833,0.0962875789,True
Jason Derulo,63,14,0.07701993961,0.04992689276,True
Lonestar,63,16,0.07701993961,0.05705930602,True
Monica,63,13,0.07701993961,0.04636068614,True
Three Dog Night,63,21,0.07701993961,0.07489033915,True
Travis Scott,63,22,0.07701993961,0.07845654577,True
Aaliyah,62,13,0.07579740088,0.04636068614,True
David Bowie,62,24,0.07579740088,0.08558895902,True
Frank Sinatra,62,37,0.07579740088,0.1319496452,False
Johnny Rivers,62,28,0.07579740088,0.09985378553,True
One Direction,62,17,0.07579740088,0.06062551264,True
Rick Springfield,62,19,0.07579740088,0.06775792589,True
The Doobie Brothers,62,27,0.07579740088,0.0962875789,True
3 Doors Down,61,8,0.07457486216,0.02852965301,True
Florida Georgia Line,61,14,0.07457486216,0.04992689276,True
Sheryl Crow,61,15,0.07457486216,0.05349309939,True
The Drifters,61,28,0.07457486216,0.09985378553,True
Al Martino,60,33,0.07335232343,0.1176848187,False
Jake Owen,60,18,0.07335232343,0.06419171927,True
Natalie Cole,60,18,0.07335232343,0.06419171927,True
Pat Boone,60,30,0.07335232343,0.1069861988,False
R.E.M.,60,20,0.07335232343,0.07132413252,True
Red Hot Chili Peppers,60,13,0.07335232343,0.04636068614,True
Helen Reddy,59,20,0.07212978471,0.07132413252,True
LL Cool J,59,17,0.07212978471,0.06062551264,True
Martina McBride,59,18,0.07212978471,0.06419171927,True
Ne-Yo,59,12,0.07212978471,0.04279447951,True
T.I.,59,16,0.07212978471,0.05705930602,True
YoungBoy Never Broke Again,59,37,0.07212978471,0.1319496452,False
Christina Aguilera,58,15,0.07090724599,0.05349309939,True
Demi Lovato,58,15,0.07090724599,0.05349309939,True
Glee Cast,58,57,0.07090724599,0.2032737777,False
Pat Benatar,58,17,0.07090724599,0.06062551264,True
Smokey Robinson,58,20,0.07090724599,0.07132413252,True
Eric Clapton,57,17,0.06968470726,0.06062551264,True
Sam Hunt,57,12,0.06968470726,0.04279447951,True
The Cars,57,18,0.06968470726,0.06419171927,True
ABBA,56,19,0.06846216854,0.06775792589,True
Dean Martin,56,29,0.06846216854,0.1034199922,True
Jerry Butler,56,28,0.06846216854,0.09985378553,True
Tate McRae,56,11,0.06846216854,0.03922827289,True
The 4 Seasons,56,21,0.06846216854,0.07489033915,True
The Miracles,56,24,0.06846216854,0.08558895902,True
The O'Jays,56,26,0.06846216854,0.09272137228,True
Tina Turner,56,16,0.06846216854,0.05705930602,True
matchbox twenty,56,8,0.06846216854,0.02852965301,True
Brandy,55,13,0.06723962982,0.04636068614,True
Carly Simon,55,21,0.06723962982,0.07489033915,True
Chris Young,55,14,0.06723962982,0.04992689276,True
Darius Rucker,55,13,0.06723962982,0.04636068614,True
Jonas Brothers,55,16,0.06723962982,0.05705930602,True
KISS,55,22,0.06723962982,0.07845654577,True
Little River Band,55,16,0.06723962982,0.05705930602,True
Survivor,55,18,0.06723962982,0.06419171927,True
Goo Goo Dolls,54,12,0.06601709109,0.04279447951,True
INXS,54,17,0.06601709109,0.06062551264,True
Johnny Mathis,54,26,0.06601709109,0.09272137228,True
Kane Brown,54,15,0.06601709109,0.05349309939,True
The Who,54,25,0.06601709109,0.08915516565,True
Alice Cooper,53,21,0.06479455237,0.07489033915,True
Don Henley,53,13,0.06479455237,0.04636068614,True
Selena Gomez,53,16,0.06479455237,0.05705930602,True
The Kinks,53,21,0.06479455237,0.07489033915,True
Trey Songz,53,15,0.06479455237,0.05349309939,True
Air Supply,52,13,0.06357201364,0.04636068614,True
Bobby Rydell,52,24,0.06357201364,0.08558895902,True
Daughtry,52,10,0.06357201364,0.03566206626,True
Gene Pitney,52,21,0.06357201364,0.07489033915,True
Shawn Mendes,52,8,0.06357201364,0.02852965301,True
Trace Adkins,52,16,0.06357201364,0.05705930602,True
Bob Seger,51,19,0.06234947492,0.06775792589,True
Bobby Vee,51,26,0.06234947492,0.09272137228,True
Chappell Roan,51,9,0.06234947492,0.03209585963,True
En Vogue,51,12,0.06234947492,0.04279447951,True
George Michael,51,15,0.06234947492,0.05349309939,True
Jackson 5,51,18,0.06234947492,0.06419171927,True
John Mayer,51,11,0.06234947492,0.03922827289,True
New Edition,51,16,0.06234947492,0.05705930602,True
Steve Winwood,51,14,0.06234947492,0.04992689276,True
Toto,51,14,0.06234947492,0.04992689276,True
Bette Midler,50,17,0.0611269362,0.06062551264,True
Billy Ocean,50,12,0.0611269362,0.04279447951,True
Bobby Goldsboro,50,26,0.0611269362,0.09272137228,True
Cardi B,50,17,0.0611269362,0.06062551264,True
Cole Swindell,50,11,0.0611269362,0.03922827289,True
Dr. Hook,50,15,0.0611269362,0.05349309939,True
Expose,50,12,0.0611269362,0.04279447951,True
Johnny Tillotson,50,23,0.0611269362,0.0820227524,True
Lee Brice,50,12,0.0611269362,0.04279447951,True
Chris Stapleton,49,12,0.05990439747,0.04279447951,True
Ella Langley,49,15,0.05990439747,0.05349309939,True
Joe Simon,49,29,0.05990439747,0.1034199922,True
Paula Abdul,49,13,0.05990439747,0.04636068614,True
Sugarland,49,13,0.05990439747,0.04636068614,True
B.J. Thomas,48,21,0.05868185875,0.07489033915,True
Babyface,48,11,0.05868185875,0.03922827289,True
Lenny Kravitz,48,13,0.05868185875,0.04636068614,True
Lifehouse,48,8,0.05868185875,0.02852965301,True
Nat King Cole,48,22,0.05868185875,0.07845654577,True
The Fray,48,9,0.05868185875,0.03209585963,True
The Grass Roots,48,20,0.05868185875,0.07132413252,True
The Guess Who,48,19,0.05868185875,0.06775792589,True
The Hollies,48,20,0.05868185875,0.07132413252,True
The Marvelettes,48,22,0.05868185875,0.07845654577,True
Wings,48,17,0.05868185875,0.06062551264,True
Bobby Brown,47,11,0.05745932002,0.03922827289,True
Frankie Avalon,47,19,0.05745932002,0.06775792589,True
Jodeci,47,11,0.05745932002,0.03922827289,True
Joe Tex,47,26,0.05745932002,0.09272137228,True
Johnny Cash,47,26,0.05745932002,0.09272137228,True
Paul Davis,47,13,0.05745932002,0.04636068614,True
SWV,47,11,0.05745932002,0.03922827289,True
Sting,47,14,0.05745932002,0.04992689276,True
The Shirelles,47,22,0.05745932002,0.07845654577,True
Tom Petty And The Heartbreakers,47,17,0.05745932002,0.06062551264,True
Al Green,46,18,0.0562367813,0.06419171927,True
America,46,17,0.0562367813,0.06062551264,True
Bobby Bland,46,28,0.0562367813,0.09985378553,True
Cheap Trick,46,16,0.0562367813,0.05705930602,True
Jermaine Jackson,46,16,0.0562367813,0.05705930602,True
Jr. Walker & The All Stars,46,21,0.0562367813,0.07489033915,True
Old Dominion,46,10,0.0562367813,0.03566206626,True
Ray Stevens,46,24,0.0562367813,0.08558895902,True
Sam Smith,46,10,0.0562367813,0.03566206626,True
The Righteous Brothers,46,19,0.0562367813,0.06775792589,True
Zach Bryan,46,17,0.0562367813,0.06062551264,True
Color Me Badd,45,10,0.05501424258,0.03566206626,True
Cyndi Lauper,45,14,0.05501424258,0.04992689276,True
Jon Secada,45,8,0.05501424258,0.02852965301,True
Justin Moore,45,14,0.05501424258,0.04992689276,True
Metallica,45,15,0.05501424258,0.05349309939,True
OutKast,45,11,0.05501424258,0.03922827289,True
Salt-N-Pepa,45,9,0.05501424258,0.03209585963,True
The Moody Blues,45,19,0.05501424258,0.06775792589,True
50 Cent,44,13,0.05379170385,0.04636068614,True
Ace Of Base,44,8,0.05379170385,0.02852965301,True
B.B. King,44,24,0.05379170385,0.08558895902,True
Billy Idol,44,12,0.05379170385,0.04279447951,True
Colbie Caillat,44,10,0.05379170385,0.03566206626,True
Creed,44,5,0.05379170385,0.01783103313,True
Ginuwine,44,10,0.05379170385,0.03566206626,True
Guns N' Roses,44,13,0.05379170385,0.04636068614,True
Halsey,44,8,0.05379170385,0.02852965301,True
Marty Robbins,44,18,0.05379170385,0.06419171927,True
New Kids On The Block,44,11,0.05379170385,0.03922827289,True
Noah Kahan,44,12,0.05379170385,0.04279447951,True
Poison,44,12,0.05379170385,0.04279447951,True
Sara Evans,44,11,0.05379170385,0.03922827289,True
Taylor Dayne,44,10,0.05379170385,0.03566206626,True
The Dave Clark Five,44,24,0.05379170385,0.08558895902,True
Tommy Roe,44,18,0.05379170385,0.06419171927,True
Vanessa Williams,44,12,0.05379170385,0.04279447951,True
Anita Baker,43,11,0.05256916513,0.03922827289,True
Depeche Mode,43,15,0.05256916513,0.05349309939,True
Donny Osmond,43,15,0.05256916513,0.05349309939,True
Gary Allan,43,12,0.05256916513,0.04279447951,True
Herman's Hermits,43,19,0.05256916513,0.06775792589,True
Jay & The Americans,43,18,0.05256916513,0.06419171927,True
Jordan Davis,43,10,0.05256916513,0.03566206626,True
Khalid,43,7,0.05256916513,0.02496344638,True
Laura Branigan,43,13,0.05256916513,0.04636068614,True
Petula Clark,43,21,0.05256916513,0.07489033915,True
Rick Nelson,43,22,0.05256916513,0.07845654577,True
Ricky Nelson,43,16,0.05256916513,0.05705930602,True
Roxette,43,12,0.05256916513,0.04279447951,True
Teddy Swims,43,4,0.05256916513,0.0142648265,True
The Band Perry,43,8,0.05256916513,0.02852965301,True
Tommy James And The Shondells,43,19,0.05256916513,0.06775792589,True
Eurythmics,42,14,0.0513466264,0.04992689276,True
KC And The Sunshine Band,42,14,0.0513466264,0.04992689276,True
Keith Sweat,42,11,0.0513466264,0.03922827289,True
Robert Palmer,42,15,0.0513466264,0.05349309939,True
Sarah McLachlan,42,9,0.0513466264,0.03209585963,True
Tevin Campbell,42,12,0.0513466264,0.04279447951,True
The Alan Parsons Project,42,16,0.0513466264,0.05705930602,True
The Dells,42,20,0.0513466264,0.07132413252,True
The Stylistics,42,16,0.0513466264,0.05705930602,True
XXXTENTACION,42,12,0.0513466264,0.04279447951,True
Barry White,41,15,0.05012408768,0.05349309939,True
Benson Boone,41,6,0.05012408768,0.02139723976,True
Carole King,41,15,0.05012408768,0.05349309939,True
Chuck Berry,41,19,0.05012408768,0.06775792589,True
Cody Johnson,41,8,0.05012408768,0.02852965301,True
Dan Fogelberg,41,13,0.05012408768,0.04636068614,True
Jackson Browne,41,15,0.05012408768,0.05349309939,True
Jan & Dean,41,22,0.05012408768,0.07845654577,True
Jefferson Starship,41,17,0.05012408768,0.06062551264,True
Jon Pardi,41,10,0.05012408768,0.03566206626,True
Loverboy,41,13,0.05012408768,0.04636068614,True
Meghan Trainor,41,8,0.05012408768,0.02852965301,True
Santana,41,17,0.05012408768,0.06062551264,True
Savage Garden,41,6,0.05012408768,0.02139723976,True
Smokey Robinson & The Miracles,41,18,0.05012408768,0.06419171927,True
The Police,41,12,0.05012408768,0.04279447951,True
The Steve Miller Band,41,15,0.05012408768,0.05349309939,True
ZZ Top,41,15,0.05012408768,0.05349309939,True
Charlie Rich,40,13,0.04890154896,0.04636068614,True
Dion,40,19,0.04890154896,0.06775792589,True
Dolly Parton,40,15,0.04890154896,0.05349309939,True
Don Toliver,40,15,0.04890154896,0.05349309939,True
Ellie Goulding,40,6,0.04890154896,0.02139723976,True
Engelbert Humperdinck,40,20,0.04890154896,0.07132413252,True
Hootie & The Blowfish,40,6,0.04890154896,0.02139723976,True
Joe Nichols,40,11,0.04890154896,0.03922827289,True
Ke$ha,40,8,0.04890154896,0.02852965301,True
Mary Wells,40,18,0.04890154896,0.06419171927,True
Stevie B,40,11,0.04890154896,0.03922827289,True
'N Sync,39,8,0.04767901023,0.02852965301,True
Bad Company,39,16,0.04767901023,0.05705930602,True
Bob Dylan,39,22,0.04767901023,0.07845654577,True
Boz Scaggs,39,13,0.04767901023,0.04636068614,True
Captain & Tennille,39,13,0.04767901023,0.04636068614,True
Cliff Richard,39,15,0.04767901023,0.05349309939,True
DaBaby,39,11,0.04767901023,0.03922827289,True
Debbie Gibson,39,11,0.04767901023,0.03922827289,True
Dustin Lynch,39,10,0.04767901023,0.03566206626,True
Eddie Rabbitt,39,12,0.04767901023,0.04279447951,True
Etta James,39,22,0.04767901023,0.07845654577,True
George Benson,39,13,0.04767901023,0.04636068614,True
George Harrison,39,14,0.04767901023,0.04992689276,True
Glenn Frey,39,12,0.04767901023,0.04279447951,True
Jody Watley,39,11,0.04767901023,0.03922827289,True
Little Big Town,39,9,0.04767901023,0.03209585963,True
Nelly,39,14,0.04767901023,0.04992689276,True
Paul Simon,39,15,0.04767901023,0.05349309939,True
Scotty McCreery,39,10,0.04767901023,0.03566206626,True
Steely Dan,39,14,0.04767901023,0.04992689276,True
The Lettermen,39,19,0.04767901023,0.06775792589,True
The Platters,39,17,0.04767901023,0.06062551264,True
UB40,39,7,0.04767901023,0.02496344638,True
Bailey Zimmerman,38,7,0.04645647151,0.02496344638,True
Conway Twitty,38,15,0.04645647151,0.05349309939,True
Dru Hill,38,9,0.04645647151,0.03209585963,True
James Taylor,38,16,0.04645647151,0.05705930602,True
Jewel,38,8,0.04645647151,0.02852965301,True
Jimmie Rodgers,38,19,0.04645647151,0.06775792589,True
Josh Turner,38,8,0.04645647151,0.02852965301,True
Ohio Players,38,14,0.04645647151,0.04992689276,True
Otis Redding,38,23,0.04645647151,0.0820227524,True
Peaches & Herb,38,16,0.04645647151,0.05705930602,True
Rob Thomas,38,8,0.04645647151,0.02852965301,True
Tavares,38,13,0.04645647151,0.04636068614,True
The J. Geils Band,38,15,0.04645647151,0.05349309939,True
War,38,13,0.04645647151,0.04636068614,True
twenty one pilots,38,8,0.04645647151,0.02852965301,True
Amy Grant,37,9,0.04523393278,0.03209585963,True
Andy Gibb,37,8,0.04523393278,0.02852965301,True
Green Day,37,8,0.04523393278,0.02852965301,True
Jelly Roll,37,7,0.04523393278,0.02496344638,True
Johnnie Taylor,37,17,0.04523393278,0.06062551264,True
K-Ci & JoJo,37,7,0.04523393278,0.02496344638,True
Lou Rawls,37,17,0.04523393278,0.06062551264,True
M.C. Hammer,37,10,0.04523393278,0.03566206626,True
Melissa Etheridge,37,7,0.04523393278,0.02496344638,True
Perry Como,37,18,0.04523393278,0.06419171927,True
Sean Paul,37,6,0.04523393278,0.02139723976,True
Simon & Garfunkel,37,17,0.04523393278,0.06062551264,True
Sly & The Family Stone,37,15,0.04523393278,0.05349309939,True
Thompson Twins,37,11,0.04523393278,0.03922827289,True
Ashanti,36,7,0.04401139406,0.02496344638,True
Bread,36,13,0.04401139406,0.04636068614,True
Brett Young,36,8,0.04401139406,0.02852965301,True
Culture Club,36,10,0.04401139406,0.03566206626,True
Flo Rida,36,6,0.04401139406,0.02139723976,True
Foo Fighters,36,10,0.04401139406,0.03566206626,True
Howard Jones,36,11,0.04401139406,0.03922827289,True
Jo Dee Messina,36,9,0.04401139406,0.03209585963,True
Joe,36,8,0.04401139406,0.02852965301,True
Lesley Gore,36,17,0.04401139406,0.06062551264,True
Maren Morris,36,7,0.04401139406,0.02496344638,True
Paul McCartney,36,13,0.04401139406,0.04636068614,True
"Peter, Paul & Mary",36,17,0.04401139406,0.06062551264,True
Ronnie Milsap,36,13,0.04401139406,0.04636068614,True
Seal,36,8,0.04401139406,0.02852965301,True
The Cover Girls,36,10,0.04401139406,0.03566206626,True
The Monkees,36,18,0.04401139406,0.06419171927,True
Tony Bennett,36,19,0.04401139406,0.06775792589,True
Wham!,36,7,0.04401139406,0.02496344638,True
After 7,35,8,0.04278885534,0.02852965301,True
Blondie,35,9,0.04278885534,0.03209585963,True
Brian Hyland,35,18,0.04278885534,0.06419171927,True
Cat Stevens,35,14,0.04278885534,0.04992689276,True
Christopher Cross,35,10,0.04278885534,0.03566206626,True
Creedence Clearwater Revival,35,13,0.04278885534,0.04636068614,True
Eric Carmen,35,11,0.04278885534,0.03922827289,True
Irene Cara,35,8,0.04278885534,0.02852965301,True
Jack Scott,35,17,0.04278885534,0.06062551264,True
Juice Newton,35,9,0.04278885534,0.03209585963,True
Kim Carnes,35,14,0.04278885534,0.04992689276,True
Olivia Dean,35,5,0.04278885534,0.01783103313,True
Pearl Jam,35,13,0.04278885534,0.04636068614,True
Rodney Atkins,35,8,0.04278885534,0.02852965301,True
Ronnie Dove,35,20,0.04278885534,0.07132413252,True
Solomon Burke,35,20,0.04278885534,0.07132413252,True
Starship,35,11,0.04278885534,0.03922827289,True
"The 4 Seasons Featuring the ""Sound of Frankie Valli""",35,17,0.04278885534,0.06062551264,True
The All-American Rejects,35,5,0.04278885534,0.01783103313,True
Ben E. King,34,16,0.04156631661,0.05705930602,True
Booker T. & The MG's,34,16,0.04156631661,0.05705930602,True
Corey Hart,34,10,0.04156631661,0.03566206626,True
Eddie Kendricks,34,14,0.04156631661,0.04992689276,True
Faith Evans,34,8,0.04156631661,0.02852965301,True
Gwen Stefani,34,10,0.04156631661,0.03566206626,True
Herb Alpert,34,13,0.04156631661,0.04636068614,True
Jason Mraz,34,4,0.04156631661,0.0142648265,True
Jennifer Lopez,34,11,0.04156631661,0.03922827289,True
Kansas,34,14,0.04156631661,0.04992689276,True
Mac Davis,34,15,0.04156631661,0.05349309939,True
Martha & The Vandellas,34,15,0.04156631661,0.05349309939,True
Megan Thee Stallion,34,12,0.04156631661,0.04279447951,True
Melissa Manchester,34,13,0.04156631661,0.04636068614,True
Motley Crue,34,11,0.04156631661,0.03922827289,True
Paramore,34,9,0.04156631661,0.03209585963,True
Peter Gabriel,34,8,0.04156631661,0.02852965301,True
Phil Vassar,34,10,0.04156631661,0.03566206626,True
The Bangles,34,8,0.04156631661,0.02852965301,True
Tony Toni Tone,34,10,0.04156631661,0.03566206626,True
Brett Eldredge,33,8,0.04034377789,0.02852965301,True
Collective Soul,33,7,0.04034377789,0.02496344638,True
Craig Morgan,33,12,0.04034377789,0.04279447951,True
Del Shannon,33,16,0.04034377789,0.05705930602,True
Donovan,33,16,0.04034377789,0.05705930602,True
Dusty Springfield,33,16,0.04034377789,0.05705930602,True
Frankie Valli,33,13,0.04034377789,0.04636068614,True
Gene Chandler,33,18,0.04034377789,0.06419171927,True
Herb Alpert & The Tijuana Brass,33,20,0.04034377789,0.07132413252,True
Jeffrey Osborne,33,10,0.04034377789,0.03566206626,True
John Michael Montgomery,33,10,0.04034377789,0.03566206626,True
Leo Sayer,33,10,0.04034377789,0.03566206626,True
Lil Nas X,33,6,0.04034377789,0.02139723976,True
Panic! At The Disco,33,8,0.04034377789,0.02852965301,True
Pretenders,33,10,0.04034377789,0.03566206626,True
Sonny & Cher,33,18,0.04034377789,0.06419171927,True
Spice Girls,33,8,0.04034377789,0.02852965301,True
Staind,33,6,0.04034377789,0.02139723976,True
The Chi-lites,33,19,0.04034377789,0.06775792589,True
The Jacksons,33,13,0.04034377789,0.04636068614,True
The Jets,33,10,0.04034377789,0.03566206626,True
The Kingston Trio,33,15,0.04034377789,0.05349309939,True
The Manhattans,33,14,0.04034377789,0.04992689276,True
Third Eye Blind,33,5,0.04034377789,0.01783103313,True
sombr,33,5,0.04034377789,0.01783103313,True
2Pac,32,9,0.03912123917,0.03209585963,True
Atlanta Rhythm Section,32,14,0.03912123917,0.04992689276,True
Atlantic Starr,32,10,0.03912123917,0.03566206626,True
Billy Preston,32,13,0.03912123917,0.04636068614,True
Bob Seger & The Silver Bullet Band,32,9,0.03912123917,0.03209585963,True
Fergie,32,6,0.03912123917,0.02139723976,True
Joe Cocker,32,13,0.03912123917,0.04636068614,True
Lee Ann Womack,32,8,0.03912123917,0.02852965301,True
Lizzo,32,6,0.03912123917,0.02139723976,True
Puddle Of Mudd,32,6,0.03912123917,0.02139723976,True
Sade,32,9,0.03912123917,0.03209585963,True
Sammy Hagar,32,12,0.03912123917,0.04279447951,True
Bill Black's Combo,31,16,0.03789870044,0.05705930602,True
Clay Walker,31,10,0.03789870044,0.03566206626,True
Firefall,31,11,0.03789870044,0.03922827289,True
Gary Lewis And The Playboys,31,15,0.03789870044,0.05349309939,True
Jack Jones,31,17,0.03789870044,0.06062551264,True
Jagged Edge,31,7,0.03789870044,0.02496344638,True
Janet,31,5,0.03789870044,0.01783103313,True
Kelsea Ballerini,31,8,0.03789870044,0.02852965301,True
Lil Wayne,31,11,0.03789870044,0.03922827289,True
Little Anthony And The Imperials,31,17,0.03789870044,0.06062551264,True
Lobo,31,13,0.03789870044,0.04636068614,True
Megan Moroney,31,7,0.03789870044,0.02496344638,True
Michael Buble,31,8,0.03789870044,0.02852965301,True
Montell Jordan,31,6,0.03789870044,0.02139723976,True
Patti Page,31,17,0.03789870044,0.06062551264,True
Rick Astley,31,9,0.03789870044,0.03209585963,True
Shaboozey,31,3,0.03789870044,0.01069861988,True
Shakira,31,11,0.03789870044,0.03922827289,True
Three Days Grace,31,7,0.03789870044,0.02496344638,True
Tyrese,31,7,0.03789870044,0.02496344638,True
Belinda Carlisle,30,9,0.03667616172,0.03209585963,True
Bonnie Raitt,30,10,0.03667616172,0.03566206626,True
Chaka Khan,30,10,0.03667616172,0.03566206626,True
Chic,30,9,0.03667616172,0.03209585963,True
Clarence Carter,30,15,0.03667616172,0.05349309939,True
Enrique Iglesias,30,7,0.03667616172,0.02496344638,True
Gordon Lightfoot,30,10,0.03667616172,0.03566206626,True
Ike & Tina Turner,30,14,0.03667616172,0.04992689276,True
Ludacris,30,8,0.03667616172,0.02852965301,True
Night Ranger,30,10,0.03667616172,0.03566206626,True
Prince And The Revolution,30,9,0.03667616172,0.03209585963,True
Ricky Martin,30,7,0.03667616172,0.02496344638,True
Stevie Nicks,30,11,0.03667616172,0.03922827289,True
Tears For Fears,30,9,0.03667616172,0.03209585963,True
The Killers,30,6,0.03667616172,0.02139723976,True
The Staple Singers,30,13,0.03667616172,0.04636068614,True
Xscape,30,7,0.03667616172,0.02496344638,True
98 Degrees,29,6,0.03545362299,0.02139723976,True
Alessia Cara,29,5,0.03545362299,0.01783103313,True
Boston,29,10,0.03545362299,0.03566206626,True
Jessica Simpson,29,8,0.03545362299,0.02852965301,True
Jim Croce,29,10,0.03545362299,0.03566206626,True
John Cougar,29,7,0.03545362299,0.02496344638,True
John Legend,29,7,0.03545362299,0.02496344638,True
Karyn White,29,7,0.03545362299,0.02496344638,True
Lewis Capaldi,29,3,0.03545362299,0.01069861988,True
Meat Loaf,29,9,0.03545362299,0.03209585963,True
Pet Shop Boys,29,11,0.03545362299,0.03922827289,True
Real McCoy,29,5,0.03545362299,0.01783103313,True
Seals & Crofts,29,10,0.03545362299,0.03566206626,True
Shai,29,7,0.03545362299,0.02496344638,True
The Association,29,12,0.03545362299,0.04279447951,True
The Doors,29,15,0.03545362299,0.05349309939,True
The Mamas & The Papas,29,15,0.03545362299,0.05349309939,True
The Turtles,29,16,0.03545362299,0.05705930602,True
Wilson Phillips,29,7,0.03545362299,0.02496344638,True
5 Seconds Of Summer,28,7,0.03423108427,0.02496344638,True
Billy Vaughn And His Orchestra,28,16,0.03423108427,0.05705930602,True
Brantley Gilbert,28,6,0.03423108427,0.02139723976,True
Brian McKnight,28,6,0.03423108427,0.02139723976,True
Chris Cagle,28,9,0.03423108427,0.03209585963,True
Dino,28,8,0.03423108427,0.02852965301,True
Fetty Wap,28,5,0.03423108427,0.01783103313,True
Gino Vannelli,28,9,0.03423108427,0.03209585963,True
Isaac Hayes,28,13,0.03423108427,0.04636068614,True
Jade,28,6,0.03423108427,0.02139723976,True
Lainey Wilson,28,7,0.03423108427,0.02496344638,True
Lorde,28,6,0.03423108427,0.02139723976,True
Mario,28,7,0.03423108427,0.02496344638,True
Miguel,28,4,0.03423108427,0.0142648265,True
Nas,28,9,0.03423108427,0.03209585963,True
Naughty By Nature,28,8,0.03423108427,0.02852965301,True
P.M. Dawn,28,8,0.03423108427,0.02852965301,True
Paul Young,28,9,0.03423108427,0.03209585963,True
Rae Sremmurd,28,7,0.03423108427,0.02496344638,True
Ray Charles and his Orchestra,28,16,0.03423108427,0.05705930602,True
Reba,28,8,0.03423108427,0.02852965301,True
Rita Coolidge,28,10,0.03423108427,0.03566206626,True
Roger Miller,28,15,0.03423108427,0.05349309939,True
Shalamar,28,9,0.03423108427,0.03209585963,True
Simply Red,28,7,0.03423108427,0.02496344638,True
Steve Lawrence,28,13,0.03423108427,0.04636068614,True
The Fixx,28,9,0.03423108427,0.03209585963,True
The Osmonds,28,11,0.03423108427,0.03922827289,True
The Ventures,28,14,0.03423108427,0.04992689276,True
Tyrone Davis,28,14,0.03423108427,0.04992689276,True
21 Savage,27,13,0.03300854555,0.04636068614,True
Akon,27,7,0.03300854555,0.02496344638,True
Alex Warren,27,4,0.03300854555,0.0142648265,True
All-4-One,27,5,0.03300854555,0.01783103313,True
Bill Withers,27,11,0.03300854555,0.03922827289,True
Billy Squier,27,11,0.03300854555,0.03922827289,True
Bone Thugs-N-Harmony,27,6,0.03300854555,0.02139723976,True
CeCe Peniston,27,7,0.03300854555,0.02496344638,True
Dinah Washington,27,13,0.03300854555,0.04636068614,True
Easton Corbin,27,6,0.03300854555,0.02139723976,True
Eli Young Band,27,6,0.03300854555,0.02139723976,True
Gunna,27,16,0.03300854555,0.05705930602,True
Hi-Five,27,7,0.03300854555,0.02496344638,True
Joan Jett & The Blackhearts,27,8,0.03300854555,0.02852965301,True
John Lennon,27,8,0.03300854555,0.02852965301,True
Kenny G,27,9,0.03300854555,0.03209585963,True
Marc Anthony,27,5,0.03300854555,0.01783103313,True
Maxwell,27,7,0.03300854555,0.02496344638,True
Mumford & Sons,27,8,0.03300854555,0.02852965301,True
Pablo Cruise,27,9,0.03300854555,0.03209585963,True
Paul Revere & The Raiders Featuring Mark Lindsay,27,13,0.03300854555,0.04636068614,True
Peter And Gordon,27,14,0.03300854555,0.04992689276,True
Peter Frampton,27,8,0.03300854555,0.02852965301,True
Poco,27,12,0.03300854555,0.04279447951,True
Polo G,27,16,0.03300854555,0.05705930602,True
Ray Parker Jr.,27,8,0.03300854555,0.02852965301,True
Ringo Starr,27,12,0.03300854555,0.04279447951,True
Russell Dickerson,27,6,0.03300854555,0.02139723976,True
The Coasters,27,12,0.03300854555,0.04279447951,True
The Cure,27,13,0.03300854555,0.04636068614,True
The Delfonics,27,14,0.03300854555,0.04992689276,True
Tommy Edwards,27,11,0.03300854555,0.03922827289,True
Vic Dana,27,14,0.03300854555,0.04992689276,True
Warrant,27,9,0.03300854555,0.03209585963,True
Wayne Newton,27,13,0.03300854555,0.04636068614,True
Yes,27,10,0.03300854555,0.03566206626,True
112,26,5,0.03178600682,0.01783103313,True
Avant,26,7,0.03178600682,0.02496344638,True
BTS,26,13,0.03178600682,0.04636068614,True
Blessid Union Of Souls,26,6,0.03178600682,0.02139723976,True
Carla Thomas,26,13,0.03178600682,0.04636068614,True
Cinderella,26,8,0.03178600682,0.02852965301,True
Crystal Gayle,26,10,0.03178600682,0.03566206626,True
Debarge,26,6,0.03178600682,0.02139723976,True
England Dan & John Ford Coley,26,9,0.03178600682,0.03209585963,True
Firehouse,26,7,0.03178600682,0.02496344638,True
Freddy Cannon,26,17,0.03178600682,0.06062551264,True
Gavin DeGraw,26,5,0.03178600682,0.01783103313,True
"HUNTR/X: EJAE, Audrey Nuna & REI AMI",26,4,0.03178600682,0.0142648265,True
Henry Mancini And His Orchestra,26,11,0.03178600682,0.03922827289,True
Jim Reeves,26,16,0.03178600682,0.05705930602,True
John Waite,26,10,0.03178600682,0.03566206626,True
Natasha Bedingfield,26,6,0.03178600682,0.02139723976,True
Nelly Furtado,26,6,0.03178600682,0.02139723976,True
Next,26,4,0.03178600682,0.0142648265,True
Rick James,26,10,0.03178600682,0.03566206626,True
Roberta Flack,26,9,0.03178600682,0.03209585963,True
Sia,26,4,0.03178600682,0.0142648265,True
Silk,26,7,0.03178600682,0.02496344638,True
The Human League,26,8,0.03178600682,0.02852965301,True
The Lovin' Spoonful,26,12,0.03178600682,0.04279447951,True
The Outfield,26,8,0.03178600682,0.02852965301,True
The Script,26,5,0.03178600682,0.01783103313,True
The Whispers,26,12,0.03178600682,0.04279447951,True
Weezer,26,7,0.03178600682,0.02496344638,True
Bachman-Turner Overdrive,25,10,0.0305634681,0.03566206626,True
Bananarama,25,10,0.0305634681,0.03566206626,True
Bell Biv DeVoe,25,6,0.0305634681,0.02139723976,True
Bruce Hornsby & The Range,25,6,0.0305634681,0.02139723976,True
Burl Ives,25,9,0.0305634681,0.03209585963,True
Charlie Puth,25,5,0.0305634681,0.01783103313,True
Clyde McPhatter,25,12,0.0305634681,0.04279447951,True
Don McLean,25,8,0.0305634681,0.02852965301,True
Duane Eddy His Twangy Guitar And The Rebels,25,12,0.0305634681,0.04279447951,True
Gin Blossoms,25,4,0.0305634681,0.0142648265,True
Go-Go's,25,7,0.0305634681,0.02496344638,True
Harold Melvin And The Blue Notes,25,10,0.0305634681,0.03566206626,True
Kylie Minogue,25,7,0.0305634681,0.02496344638,True
Led Zeppelin,25,10,0.0305634681,0.03566206626,True
Michelle Branch,25,5,0.0305634681,0.01783103313,True
Migos,25,8,0.0305634681,0.02852965301,True
Nancy Sinatra,25,15,0.0305634681,0.05349309939,True
Papa Roach,25,5,0.0305634681,0.01783103313,True
Playboi Carti,25,20,0.0305634681,0.07132413252,True
Randy Houser,25,7,0.0305634681,0.02496344638,True
Sara Bareilles,25,4,0.0305634681,0.0142648265,True
Supertramp,25,8,0.0305634681,0.02852965301,True
Sweet Sensation,25,7,0.0305634681,0.02496344638,True
The Intruders,25,14,0.0305634681,0.04992689276,True
The Notorious B.I.G.,25,5,0.0305634681,0.01783103313,True
The Smashing Pumpkins,25,6,0.0305634681,0.02139723976,True
Thirty Eight Special,25,8,0.0305634681,0.02852965301,True
Alabama,24,9,0.02934092937,0.03209585963,True
Amber,24,4,0.02934092937,0.0142648265,True
Audioslave,24,6,0.02934092937,0.02139723976,True
Busta Rhymes,24,6,0.02934092937,0.02139723976,True
Darryl Worley,24,7,0.02934092937,0.02496344638,True
Deborah Cox,24,7,0.02934092937,0.02496344638,True
Drake & 21 Savage,24,10,0.02934092937,0.03566206626,True
Ferrante & Teicher,24,8,0.02934092937,0.02852965301,True
Grand Funk Railroad,24,13,0.02934092937,0.04636068614,True
Hank Ballard And The Midnighters,24,10,0.02934092937,0.03566206626,True
Hunter Hayes,24,5,0.02934092937,0.01783103313,True
Jack Harlow,24,6,0.02934092937,0.02139723976,True
Jackie DeShannon,24,15,0.02934092937,0.05349309939,True
Johnny Nash,24,10,0.02934092937,0.03566206626,True
Kodak Black,24,7,0.02934092937,0.02496344638,True
Mike + The Mechanics,24,7,0.02934092937,0.02496344638,True
Milli Vanilli,24,5,0.02934092937,0.01783103313,True
Mint Condition,24,6,0.02934092937,0.02139723976,True
Musiq,24,5,0.02934092937,0.01783103313,True
Nilsson,24,10,0.02934092937,0.03566206626,True
Selena Gomez & The Scene,24,7,0.02934092937,0.02496344638,True
Steppenwolf,24,13,0.02934092937,0.04636068614,True
Sugar Ray,24,4,0.02934092937,0.0142648265,True
The Fleetwoods,24,10,0.02934092937,0.03566206626,True
The Searchers,24,13,0.02934092937,0.04636068614,True
The Vogues,24,13,0.02934092937,0.04636068614,True
Tiffany,24,6,0.02934092937,0.02139723976,True
Tracie Spencer,24,7,0.02934092937,0.02496344638,True
Wang Chung,24,8,0.02934092937,0.02852965301,True
Yvonne Elliman,24,7,0.02934092937,0.02496344638,True
"""Weird Al"" Yankovic",23,10,0.02811839065,0.03566206626,True
ABC,23,6,0.02811839065,0.02139723976,True
Andy Kim,23,10,0.02811839065,0.03566206626,True
Bay City Rollers,23,8,0.02811839065,0.02852965301,True
Bryson Tiller,23,4,0.02811839065,0.0142648265,True
Candi Staton,23,10,0.02811839065,0.03566206626,True
Chuck Jackson,23,14,0.02811839065,0.04992689276,True
"Crosby, Stills & Nash",23,8,0.02811839065,0.02852965301,True
Curtis Mayfield,23,9,0.02811839065,0.03209585963,True
Dee Clark,23,10,0.02811839065,0.03566206626,True
Eddy Arnold,23,13,0.02811839065,0.04636068614,True
Fantasia,23,6,0.02811839065,0.02139723976,True
Gary U.S. Bonds,23,9,0.02811839065,0.03209585963,True
Go West,23,7,0.02811839065,0.02496344638,True
Gracie Abrams,23,5,0.02811839065,0.01783103313,True
John Cafferty & The Beaver Brown Band,23,7,0.02811839065,0.02496344638,True
Joni Mitchell,23,8,0.02811839065,0.02852965301,True
Lou Christie,23,11,0.02811839065,0.03922827289,True
Moneybagg Yo,23,8,0.02811839065,0.02852965301,True
No Doubt,23,6,0.02811839065,0.02139723976,True
Paul McCartney And Wings,23,6,0.02811839065,0.02139723976,True
Pitbull,23,6,0.02811839065,0.02139723976,True
Pop Smoke,23,7,0.02811839065,0.02496344638,True
Riley Green,23,6,0.02811839065,0.02139723976,True
Robbie Nevil,23,7,0.02811839065,0.02496344638,True
Rufus Featuring Chaka Khan,23,8,0.02811839065,0.02852965301,True
Sean Kingston,23,6,0.02811839065,0.02139723976,True
Seether,23,6,0.02811839065,0.02139723976,True
The Byrds,23,15,0.02811839065,0.05349309939,True
The Kid LAROI,23,6,0.02811839065,0.02139723976,True
The Lumineers,23,3,0.02811839065,0.01069861988,True
The Main Ingredient,23,10,0.02811839065,0.03566206626,True
Total,23,5,0.02811839065,0.01783103313,True
Wiz Khalifa,23,6,0.02811839065,0.02139723976,True
Zhane,23,5,0.02811839065,0.01783103313,True
702,22,4,0.02689585193,0.0142648265,True
Alanis Morissette,22,6,0.02689585193,0.02139723976,True
Andy Griggs,22,6,0.02689585193,0.02139723976,True
Avicii,22,4,0.02689585193,0.0142648265,True
Bad English,22,6,0.02689585193,0.02139723976,True
Barbara Lewis,22,10,0.02689585193,0.03566206626,True
Barenaked Ladies,22,7,0.02689585193,0.02496344638,True
D.J. Jazzy Jeff & The Fresh Prince,22,6,0.02689585193,0.02139723976,True
Dave Matthews Band,22,7,0.02689585193,0.02496344638,True
Dion & The Belmonts,22,8,0.02689585193,0.02852965301,True
Donell Jones,22,6,0.02689585193,0.02139723976,True
Fabian,22,10,0.02689585193,0.03566206626,True
Freddie Jackson,22,7,0.02689585193,0.02496344638,True
H-Town,22,5,0.02689585193,0.01783103313,True
Heavy D & The Boyz,22,5,0.02689585193,0.01783103313,True
Hozier,22,2,0.02689585193,0.007132413252,True
Jerry Wallace,22,9,0.02689585193,0.03209585963,True
Jim Stafford,22,8,0.02689585193,0.02852965301,True
Jimmy Buffett,22,10,0.02689585193,0.03566206626,True
Johnny Horton,22,8,0.02689585193,0.02852965301,True
Judy Collins,22,10,0.02689585193,0.03566206626,True
Linda Scott,22,11,0.02689585193,0.03922827289,True
Lisa Stansfield,22,6,0.02689585193,0.02139723976,True
Men At Work,22,6,0.02689585193,0.02139723976,True
Patti LaBelle,22,8,0.02689585193,0.02852965301,True
Rare Earth,22,9,0.02689585193,0.03209585963,True
Robert John,22,9,0.02689585193,0.03209585963,True
Samantha Fox,22,6,0.02689585193,0.02139723976,True
Shanice,22,5,0.02689585193,0.01783103313,True
Talking Heads,22,8,0.02689585193,0.02852965301,True
The Box Tops,22,10,0.02689585193,0.03566206626,True
The Dramatics,22,10,0.02689585193,0.03566206626,True
The Tokens,22,11,0.02689585193,0.03922827289,True
Tom Petty,22,7,0.02689585193,0.02496344638,True
Whitesnake,22,6,0.02689585193,0.02139723976,True
Will Smith,22,5,0.02689585193,0.01783103313,True
Willie Nelson,22,7,0.02689585193,0.02496344638,True
"10,000 Maniacs",21,7,0.0256733132,0.02496344638,True
Andy Grammer,21,5,0.0256733132,0.01783103313,True
Bobby Sherman,21,10,0.0256733132,0.03566206626,True
Camila Cabello,21,7,0.0256733132,0.02496344638,True
Childish Gambino,21,4,0.0256733132,0.0142648265,True
Da Brat,21,5,0.0256733132,0.01783103313,True
Donny & Marie Osmond,21,7,0.0256733132,0.02496344638,True
Dr. Dre,21,4,0.0256733132,0.0142648265,True
Hot Chocolate,21,8,0.0256733132,0.02852965301,True
Jimmy Clanton,21,11,0.0256733132,0.03922827289,True
Keyshia Cole,21,5,0.0256733132,0.01783103313,True
La Bouche,21,3,0.0256733132,0.01069861988,True
Leif Garrett,21,10,0.0256733132,0.03566206626,True
Lloyd Price and His Orchestra,21,8,0.0256733132,0.02852965301,True
Lulu,21,7,0.0256733132,0.02496344638,True
Marvin Gaye & Tammi Terrell,21,10,0.0256733132,0.03566206626,True
Mya,21,5,0.0256733132,0.01783103313,True
Neon Trees,21,3,0.0256733132,0.01069861988,True
Parker McCollum,21,5,0.0256733132,0.01783103313,True
Roger Williams,21,10,0.0256733132,0.03566206626,True
Sam & Dave,21,11,0.0256733132,0.03922827289,True
Simple Minds,21,6,0.0256733132,0.02139723976,True
Snoop Dogg,21,7,0.0256733132,0.02496344638,True
Sweet,21,6,0.0256733132,0.02139723976,True
The B-52s,21,7,0.0256733132,0.02496344638,True
The Crests,21,6,0.0256733132,0.02139723976,True
The Emotions,21,10,0.0256733132,0.03566206626,True
The Sylvers,21,7,0.0256733132,0.02496344638,True
The Yardbirds,21,9,0.0256733132,0.03209585963,True
The Young Rascals,21,9,0.0256733132,0.03209585963,True
Winger,21,6,0.0256733132,0.02139723976,True
10cc,20,8,0.02445077448,0.02852965301,True
38 Special,20,7,0.02445077448,0.02496344638,True
Anita Bryant,20,10,0.02445077448,0.03566206626,True
Annie Lennox,20,6,0.02445077448,0.02139723976,True
Arrested Development,20,5,0.02445077448,0.01783103313,True
Bert Kaempfert And His Orchestra,20,10,0.02445077448,0.03566206626,True
Blink-182,20,7,0.02445077448,0.02496344638,True
Blues Traveler,20,2,0.02445077448,0.007132413252,True
Breathe,20,4,0.02445077448,0.0142648265,True
Cathy Dennis,20,6,0.02445077448,0.02139723976,True
DMX,20,7,0.02445077448,0.02496344638,True
Dan Hartman,20,7,0.02445077448,0.02496344638,True
David Lee Roth,20,7,0.02445077448,0.02496344638,True
Diana Ross & The Supremes,20,10,0.02445077448,0.03566206626,True
Dire Straits,20,7,0.02445077448,0.02496344638,True
Donna Fargo,20,8,0.02445077448,0.02852965301,True
Edwin Starr,20,11,0.02445077448,0.03922827289,True
Ella Mai,20,5,0.02445077448,0.01783103313,True
Erasure,20,6,0.02445077448,0.02139723976,True
Foghat,20,8,0.02445077448,0.02852965301,True
Fuerza Regida,20,7,0.02445077448,0.02496344638,True
Future Featuring Drake,20,4,0.02445077448,0.0142648265,True
Garth Brooks,20,7,0.02445077448,0.02496344638,True
Glass Animals,20,1,0.02445077448,0.003566206626,True
Gloria Estefan & Miami Sound Machine,20,5,0.02445077448,0.01783103313,True
Great White,20,6,0.02445077448,0.02139723976,True
Immature,20,6,0.02445077448,0.02139723976,True
Incubus,20,4,0.02445077448,0.0142648265,True
Jaheim,20,5,0.02445077448,0.01783103313,True
Jerrod Niemann,20,5,0.02445077448,0.01783103313,True
Joe Jackson,20,6,0.02445077448,0.02139723976,True
Jose Feliciano,20,8,0.02445077448,0.02852965301,True
Karol G,20,8,0.02445077448,0.02852965301,True
Kris Kross,20,6,0.02445077448,0.02139723976,True
Lil Tecca,20,7,0.02445077448,0.02496344638,True
Major Lance,20,11,0.02445077448,0.03922827289,True
Mark Wills,20,6,0.02445077448,0.02139723976,True
"Missy ""Misdemeanor"" Elliott",20,5,0.02445077448,0.01783103313,True
My Chemical Romance,20,6,0.02445077448,0.02139723976,True
NF,20,7,0.02445077448,0.02496344638,True
Natalie Merchant,20,3,0.02445077448,0.01069861988,True
O.C. Smith,20,10,0.02445077448,0.03566206626,True
Patsy Cline,20,9,0.02445077448,0.03209585963,True
Percy Sledge,20,12,0.02445077448,0.04279447951,True
Peter Cetera,20,6,0.02445077448,0.02139723976,True
Ray Peterson,20,7,0.02445077448,0.02496344638,True
Shinedown,20,5,0.02445077448,0.01783103313,True
Silk Sonic (Bruno Mars & Anderson .Paak),20,6,0.02445077448,0.02139723976,True
Simple Plan,20,5,0.02445077448,0.01783103313,True
Sophie B. Hawkins,20,4,0.02445077448,0.0142648265,True
Steve Perry,20,6,0.02445077448,0.02139723976,True
Surface,20,6,0.02445077448,0.02139723976,True
System Of A Down,20,5,0.02445077448,0.01783103313,True
Tamia,20,5,0.02445077448,0.01783103313,True
The Dovells,20,7,0.02445077448,0.02496344638,True
The Escape Club,20,5,0.02445077448,0.01783103313,True
The Motels,20,7,0.02445077448,0.02496344638,True
The Ronettes,20,6,0.02445077448,0.02139723976,True
The Weeknd & Ariana Grande,20,2,0.02445077448,0.007132413252,True
Tommy James,20,12,0.02445077448,0.04279447951,True
Tracy Byrd,20,9,0.02445077448,0.03209585963,True
Travis Tritt,20,5,0.02445077448,0.01783103313,True
Trini Lopez,20,11,0.02445077448,0.03922827289,True
Van Morrison,20,10,0.02445077448,0.03566206626,True
Walker Hayes,20,3,0.02445077448,0.01069861988,True
1910 Fruitgum Co.,19,7,0.02322823575,0.02496344638,True
Adam Wade,19,10,0.02322823575,0.03566206626,True
Al Wilson,19,8,0.02322823575,0.02852965301,True
Ambrosia,19,7,0.02322823575,0.02496344638,True
Beck,19,6,0.02322823575,0.02139723976,True
Big & Rich,19,8,0.02322823575,0.02852965301,True
Billy Ray Cyrus,19,6,0.02322823575,0.02139723976,True
Billy Stewart,19,10,0.02322823575,0.03566206626,True
"Blood, Sweat & Tears",19,10,0.02322823575,0.03566206626,True
Bonnie Tyler,19,6,0.02322823575,0.02139723976,True
Chad & Jeremy,19,10,0.02322823575,0.03566206626,True
Changing Faces,19,4,0.02322823575,0.0142648265,True
Ciara,19,6,0.02322823575,0.02139723976,True
Crystal Waters,19,4,0.02322823575,0.0142648265,True
David Gates,19,7,0.02322823575,0.02496344638,True
Diamond Rio,19,4,0.02322823575,0.0142648265,True
Dido,19,2,0.02322823575,0.007132413252,True
Drake Featuring Lil Wayne,19,4,0.02322823575,0.0142648265,True
Finger Eleven,19,2,0.02322823575,0.007132413252,True
Five For Fighting,19,4,0.02322823575,0.0142648265,True
Freddy Fender,19,7,0.02322823575,0.02496344638,True
Gilbert O'Sullivan,19,6,0.02322823575,0.02139723976,True
Good Charlotte,19,6,0.02322823575,0.02139723976,True
Grand Funk,19,6,0.02322823575,0.02139723976,True
Harry Chapin,19,7,0.02322823575,0.02496344638,True
Jennifer Warnes,19,6,0.02322823575,0.02139723976,True
Joe Diffie,19,8,0.02322823575,0.02852965301,True
Johnny And The Hurricanes,19,8,0.02322823575,0.02852965301,True
Johnny Gill,19,6,0.02322823575,0.02139723976,True
Jon B,19,4,0.02322823575,0.0142648265,True
Jordin Sparks,19,5,0.02322823575,0.01783103313,True
LaVern Baker,19,8,0.02322823575,0.02852965301,True
Marv Johnson,19,9,0.02322823575,0.03209585963,True
Michael Murphey,19,6,0.02322823575,0.02139723976,True
Mike Posner,19,3,0.02322823575,0.01069861988,True
Mr. Mister,19,5,0.02322823575,0.01783103313,True
Myles Smith,19,2,0.02322823575,0.007132413252,True
Nate Smith,19,4,0.02322823575,0.0142648265,True
Orchestral Manoeuvres In The Dark,19,5,0.02322823575,0.01783103313,True
Plain White T's,19,4,0.02322823575,0.0142648265,True
Prince And The N.P.G.,19,6,0.02322823575,0.02139723976,True
Quarterflash,19,7,0.02322823575,0.02496344638,True
Robert Plant,19,8,0.02322823575,0.02852965301,True
Rufus Thomas,19,8,0.02322823575,0.02852965301,True
Seduction,19,5,0.02322823575,0.01783103313,True
Stephen Bishop,19,6,0.02322823575,0.02139723976,True
Terri Clark,19,7,0.02322823575,0.02496344638,True
The Animals,19,11,0.02322823575,0.03922827289,True
The Charlie Daniels Band,19,7,0.02322823575,0.02496344638,True
The Crystals,19,6,0.02322823575,0.02139723976,True
The Olympics,19,11,0.02322823575,0.03922827289,True
Toad The Wet Sprocket,19,4,0.02322823575,0.0142648265,True
Tony Orlando & Dawn,19,8,0.02322823575,0.02852965301,True
Tucker Wetmore,19,4,0.02322823575,0.0142648265,True
Uncle Kracker,19,3,0.02322823575,0.01069861988,True
Zara Larsson,19,4,0.02322823575,0.0142648265,True
Al B. Sure!,18,5,0.02200569703,0.01783103313,True
Archie Bell & The Drells,18,9,0.02200569703,0.03209585963,True
Beyonce Featuring Jay Z,18,4,0.02200569703,0.0142648265,True
Big Sean,18,6,0.02200569703,0.02139723976,True
Bobby Helms,18,3,0.02200569703,0.01069861988,True
Christina Perri,18,3,0.02200569703,0.01069861988,True
Daddy Yankee,18,4,0.02200569703,0.0142648265,True
Damn Yankees,18,5,0.02200569703,0.01783103313,True
Drake & Future,18,8,0.02200569703,0.02852965301,True
Floyd Cramer,18,8,0.02200569703,0.02852965301,True
Garbage,18,6,0.02200569703,0.02139723976,True
Gerry Rafferty,18,6,0.02200569703,0.02139723976,True
Gloria Gaynor,18,7,0.02200569703,0.02496344638,True
Hooters,18,7,0.02200569703,0.02496344638,True
Jack Johnson,18,7,0.02200569703,0.02496344638,True
Jimmy Dean,18,10,0.02200569703,0.03566206626,True
Kehlani,18,4,0.02200569703,0.0142648265,True
Kid Cudi,18,12,0.02200569703,0.04279447951,True
Kings Of Leon,18,3,0.02200569703,0.01069861988,True
Klymaxx,18,5,0.02200569703,0.01783103313,True
LMFAO,18,4,0.02200569703,0.0142648265,True
Los Del Rio,18,3,0.02200569703,0.01069861988,True
Melanie,18,8,0.02200569703,0.02852965301,True
Miami Sound Machine,18,4,0.02200569703,0.0142648265,True
Nelson,18,4,0.02200569703,0.0142648265,True
Niall Horan,18,5,0.02200569703,0.01783103313,True
No Mercy,18,4,0.02200569703,0.0142648265,True
Pebbles,18,4,0.02200569703,0.0142648265,True
Player,18,6,0.02200569703,0.02139723976,True
R. Kelly & Public Announcement,18,4,0.02200569703,0.0142648265,True
Rose Royce,18,6,0.02200569703,0.02139723976,True
SHeDAISY,18,8,0.02200569703,0.02852965301,True
Shaun Cassidy,18,4,0.02200569703,0.0142648265,True
Sister Sledge,18,7,0.02200569703,0.02496344638,True
Smash Mouth,18,3,0.02200569703,0.01069861988,True
Stray Cats,18,5,0.02200569703,0.01783103313,True
Teddy Pendergrass,18,8,0.02200569703,0.02852965301,True
The Manhattan Transfer,18,6,0.02200569703,0.02139723976,True
The Offspring,18,6,0.02200569703,0.02139723976,True
The Orlons,18,9,0.02200569703,0.03209585963,True
The Partridge Family Starring Shirley Jones Featuring David Cassidy,18,8,0.02200569703,0.02852965301,True
The Shangri-Las,18,10,0.02200569703,0.03566206626,True
The-Dream,18,4,0.02200569703,0.0142648265,True
Thompson Square,18,5,0.02200569703,0.01783103313,True
Tracy Lawrence,18,5,0.02200569703,0.01783103313,True
Trisha Yearwood,18,8,0.02200569703,0.02852965301,True
Vertical Horizon,18,3,0.02200569703,0.01069861988,True
Village People,18,5,0.02200569703,0.01783103313,True
White Lion,18,5,0.02200569703,0.01783103313,True
Will To Power,18,5,0.02200569703,0.01783103313,True
fun.,18,2,0.02200569703,0.007132413252,True
69 Boyz,17,3,0.02078315831,0.01069861988,True
A Boogie Wit da Hoodie,17,10,0.02078315831,0.03566206626,True
AC/DC,17,7,0.02078315831,0.02496344638,True
AWOLNATION,17,1,0.02078315831,0.003566206626,True
Adam Ant,17,5,0.02078315831,0.01783103313,True
Asia,17,6,0.02078315831,0.02139723976,True
Ava Max,17,3,0.02078315831,0.01069861988,True
Boys Like Girls,17,4,0.02078315831,0.0142648265,True
Brenda & The Tabulations,17,9,0.02078315831,0.03209585963,True
Brownstone,17,4,0.02078315831,0.0142648265,True
Bush,17,4,0.02078315831,0.0142648265,True
Carly Rae Jepsen,17,3,0.02078315831,0.01069861988,True
Cascada,17,3,0.02078315831,0.01069861988,True
Coolio,17,4,0.02078315831,0.0142648265,True
D'Angelo,17,5,0.02078315831,0.01783103313,True
Dawn Featuring Tony Orlando,17,7,0.02078315831,0.02496344638,True
Dee Dee Sharp,17,8,0.02078315831,0.02852965301,True
Deniece Williams,17,7,0.02078315831,0.02496344638,True
Dick and DeeDee,17,7,0.02078315831,0.02496344638,True
Donnie Iris,17,7,0.02078315831,0.02496344638,True
Eddie Floyd,17,8,0.02078315831,0.02852965301,True
Europe,17,5,0.02078315831,0.01783103313,True
Foster The People,17,3,0.02078315831,0.01069861988,True
Gerry And The Pacemakers,17,9,0.02078315831,0.03209585963,True
Hoobastank,17,3,0.02078315831,0.01069861988,True
Information Society,17,5,0.02078315831,0.01783103313,True
Jazmine Sullivan,17,5,0.02078315831,0.01783103313,True
Julian Lennon,17,6,0.02078315831,0.02139723976,True
KATSEYE,17,6,0.02078315831,0.02139723976,True
Kendrick Lamar & SZA,17,3,0.02078315831,0.01069861988,True
Kenny Rogers & The First Edition,17,7,0.02078315831,0.02496344638,True
Kip Moore,17,5,0.02078315831,0.01783103313,True
Lee Dorsey,17,8,0.02078315831,0.02852965301,True
Leona Lewis,17,4,0.02078315831,0.0142648265,True
Lil Durk,17,14,0.02078315831,0.04992689276,True
Limp Bizkit,17,5,0.02078315831,0.01783103313,True
Little Willie John,17,9,0.02078315831,0.03209585963,True
Maxine Brown,17,9,0.02078315831,0.03209585963,True
Michael Damian,17,5,0.02078315831,0.01783103313,True
Millie Jackson,17,8,0.02078315831,0.02852965301,True
Monifah,17,4,0.02078315831,0.0142648265,True
Mr. Big,17,5,0.02078315831,0.01783103313,True
Musiq Soulchild,17,4,0.02078315831,0.0142648265,True
Nick Jonas,17,4,0.02078315831,0.0142648265,True
Nine Inch Nails,17,7,0.02078315831,0.02496344638,True
Orleans,17,5,0.02078315831,0.01783103313,True
Paula Cole,17,2,0.02078315831,0.007132413252,True
Phillip Phillips,17,3,0.02078315831,0.01069861988,True
Ray Price,17,8,0.02078315831,0.02852965301,True
Reba McEntire,17,6,0.02078315831,0.02139723976,True
Run-D.M.C.,17,5,0.02078315831,0.01783103313,True
Sam The Sham and the Pharaohs,17,9,0.02078315831,0.03209585963,True
Sammy Davis Jr.,17,6,0.02078315831,0.02139723976,True
Scandal Featuring Patty Smyth,17,5,0.02078315831,0.01783103313,True
Scorpions,17,6,0.02078315831,0.02139723976,True
Sergio Mendes & Brasil '66,17,9,0.02078315831,0.03209585963,True
Sheila E.,17,4,0.02078315831,0.0142648265,True
Spin Doctors,17,5,0.02078315831,0.01783103313,True
Stacy Lattisaw,17,5,0.02078315831,0.01783103313,True
Sue Thompson,17,7,0.02078315831,0.02496344638,True
Terence Trent D'Arby,17,5,0.02078315831,0.01783103313,True
Tesla,17,5,0.02078315831,0.01783103313,True
The Brothers Johnson,17,6,0.02078315831,0.02139723976,True
The Buckinghams,17,7,0.02078315831,0.02496344638,True
The Contours,17,8,0.02078315831,0.02852965301,True
The Rascals,17,9,0.02078315831,0.03209585963,True
The S.O.S. Band,17,5,0.02078315831,0.01783103313,True
The Tony Rich Project,17,3,0.02078315831,0.01069861988,True
The Tymes,17,9,0.02078315831,0.03209585963,True
Tove Lo,17,3,0.02078315831,0.01069861988,True
Tower Of Power,17,8,0.02078315831,0.02852965301,True
AJR,16,4,0.01956061958,0.0142648265,True
Aaron Neville,16,6,0.01956061958,0.02139723976,True
Al Stewart,16,5,0.01956061958,0.01783103313,True
Albert Hammond,16,8,0.01956061958,0.02852965301,True
Animotion,16,6,0.01956061958,0.02139723976,True
Ashlee Simpson,16,6,0.01956061958,0.02139723976,True
BLACKstreet,16,4,0.01956061958,0.0142648265,True
Barbara Mason,16,8,0.01956061958,0.02852965301,True
Beastie Boys,16,6,0.01956061958,0.02139723976,True
Berlin,16,7,0.01956061958,0.02496344638,True
Bloodstone,16,5,0.01956061958,0.01783103313,True
Breaking Benjamin,16,5,0.01956061958,0.01783103313,True
Brownsville Station,16,7,0.01956061958,0.02496344638,True
C+C Music Factory,16,4,0.01956061958,0.0142648265,True
Chase Rice,16,5,0.01956061958,0.01783103313,True
Chilliwack,16,6,0.01956061958,0.02139723976,True
Diana King,16,4,0.01956061958,0.0142648265,True
Dickie Goodman,16,11,0.01956061958,0.03922827289,True
Dobie Gray,16,7,0.01956061958,0.02496344638,True
Don Gibson,16,8,0.01956061958,0.02852965301,True
Dylan Scott,16,6,0.01956061958,0.02139723976,True
Eric Burdon & The Animals,16,8,0.01956061958,0.02852965301,True
Eve,16,4,0.01956061958,0.0142648265,True
Fine Young Cannibals,16,6,0.01956061958,0.02139723976,True
Fuel,16,4,0.01956061958,0.0142648265,True
Gary Wright,16,6,0.01956061958,0.02139723976,True
Gene McDaniels,16,7,0.01956061958,0.02496344638,True
Gretchen Wilson,16,5,0.01956061958,0.01783103313,True
HARDY,16,3,0.01956061958,0.01069861988,True
Hinder,16,3,0.01956061958,0.01069861988,True
Jerry Reed,16,8,0.01956061958,0.02852965301,True
Jesse McCartney,16,6,0.01956061958,0.02139723976,True
Joe Walsh,16,6,0.01956061958,0.02139723976,True
Johnny Preston,16,5,0.01956061958,0.01783103313,True
Kris Kristofferson,16,5,0.01956061958,0.01783103313,True
Lenny Welch,16,7,0.01956061958,0.02496344638,True
Lost Boyz,16,6,0.01956061958,0.02139723976,True
Lou Gramm,16,4,0.01956061958,0.0142648265,True
Lynyrd Skynyrd,16,6,0.01956061958,0.02139723976,True
Maxi Priest,16,4,0.01956061958,0.0142648265,True
Meco,16,7,0.01956061958,0.02496344638,True
Michel'le,16,3,0.01956061958,0.01069861988,True
Naked Eyes,16,4,0.01956061958,0.0142648265,True
Nancy Wilson,16,8,0.01956061958,0.02852965301,True
Nirvana,16,5,0.01956061958,0.01783103313,True
Parmalee,16,6,0.01956061958,0.02139723976,True
Paul Carrack,16,6,0.01956061958,0.02139723976,True
Peabo Bryson,16,5,0.01956061958,0.01783103313,True
Post Malone Featuring Morgan Wallen,16,1,0.01956061958,0.003566206626,True
Rush,16,7,0.01956061958,0.02496344638,True
Sandy Nelson,16,9,0.01956061958,0.03209585963,True
Snap!,16,3,0.01956061958,0.01069861988,True
Soulja Boy Tell'em,16,3,0.01956061958,0.01069861988,True
The Black Crowes,16,5,0.01956061958,0.01783103313,True
The Chiffons,16,8,0.01956061958,0.02852965301,True
The Happenings,16,9,0.01956061958,0.03209585963,True
The Pussycat Dolls,16,3,0.01956061958,0.01069861988,True
Todd Rundgren,16,8,0.01956061958,0.02852965301,True
Tori Amos,16,5,0.01956061958,0.01783103313,True
Tracy Chapman,16,4,0.01956061958,0.0142648265,True
Wet Willie,16,8,0.01956061958,0.02852965301,True
blackbear,16,2,0.01956061958,0.007132413252,True
Annette With The Afterbeats,15,7,0.01833808086,0.02496344638,True
B.T. Express,15,5,0.01833808086,0.01783103313,True
Badfinger,15,6,0.01833808086,0.02139723976,True
Betty Everett,15,8,0.01833808086,0.02852965301,True
Big Mountain,15,4,0.01833808086,0.0142648265,True
Billy Joe Royal,15,8,0.01833808086,0.02852965301,True
Bobby Womack,15,6,0.01833808086,0.02139723976,True
Chairman Of The Board,15,6,0.01833808086,0.02139723976,True
Chris Janson,15,5,0.01833808086,0.01783103313,True
Chris Montez,15,7,0.01833808086,0.02496344638,True
Climax Blues Band,15,4,0.01833808086,0.0142648265,True
Craig David,15,3,0.01833808086,0.01069861988,True
Crowded House,15,5,0.01833808086,0.01783103313,True
Cypress Hill,15,6,0.01833808086,0.02139723976,True
David Seville And The Chipmunks,15,6,0.01833808086,0.02139723976,True
Dead Or Alive,15,5,0.01833808086,0.01783103313,True
Deep Purple,15,8,0.01833808086,0.02852965301,True
Del Amitri,15,3,0.01833808086,0.01069861988,True
Edwin McCain,15,3,0.01833808086,0.01069861988,True
Emerson Drive,15,4,0.01833808086,0.0142648265,True
Erykah Badu,15,5,0.01833808086,0.01783103313,True
Eydie Gorme,15,8,0.01833808086,0.02852965301,True
Giveon,15,4,0.01833808086,0.0142648265,True
"Hamilton, Joe Frank & Reynolds",15,6,0.01833808086,0.02139723976,True
Icehouse,15,6,0.01833808086,0.02139723976,True
James Darren,15,7,0.01833808086,0.02496344638,True
Jeremih,15,3,0.01833808086,0.01069861988,True
Jet,15,3,0.01833808086,0.01069861988,True
Kim Wilde,15,5,0.01833808086,0.01783103313,True
LMFAO Featuring Lauren Bennett & GoonRock,15,1,0.01833808086,0.003566206626,True
Lawrence Welk And His Orchestra,15,8,0.01833808086,0.02852965301,True
Lil Wayne Featuring Drake,15,4,0.01833808086,0.0142648265,True
Lisa Lisa And Cult Jam,15,4,0.01833808086,0.0142648265,True
Manfred Mann's Earth Band,15,5,0.01833808086,0.01783103313,True
Martika,15,4,0.01833808086,0.0142648265,True
Meek Mill Featuring Drake,15,3,0.01833808086,0.01069861988,True
Mel Carter,15,7,0.01833808086,0.02496344638,True
Midnight Star,15,7,0.01833808086,0.02496344638,True
Mitch Ryder And The Detroit Wheels,15,7,0.01833808086,0.02496344638,True
NLE Choppa,15,6,0.01833808086,0.02139723976,True
New Order,15,6,0.01833808086,0.02139723976,True
Ozark Mountain Daredevils,15,5,0.01833808086,0.01783103313,True
Pink Floyd,15,5,0.01833808086,0.01783103313,True
Pure Prairie League,15,7,0.01833808086,0.02496344638,True
Quad City DJ's,15,2,0.01833808086,0.007132413252,True
Raspberries,15,5,0.01833808086,0.01783103313,True
Ritchie Valens,15,4,0.01833808086,0.0142648265,True
Robin Thicke,15,3,0.01833808086,0.01069861988,True
Roddy Ricch,15,3,0.01833808086,0.01069861988,True
Ruby And The Romantics,15,8,0.01833808086,0.02852965301,True
SaFire,15,5,0.01833808086,0.01783103313,True
Sienna Spiro,15,4,0.01833808086,0.0142648265,True
Skeeter Davis,15,7,0.01833808086,0.02496344638,True
Sonny James,15,13,0.01833808086,0.04636068614,True
Tank,15,3,0.01833808086,0.01069861988,True
The Archies,15,6,0.01833808086,0.02139723976,True
The Babys,15,7,0.01833808086,0.02496344638,True
The Band,15,8,0.01833808086,0.02852965301,True
The Cowsills,15,8,0.01833808086,0.02852965301,True
The Cranberries,15,3,0.01833808086,0.01069861988,True
The Fireballs,15,7,0.01833808086,0.02496344638,True
The Four Preps,15,8,0.01833808086,0.02852965301,True
The Friends Of Distinction,15,6,0.01833808086,0.02139723976,True
The Honey Cone,15,7,0.01833808086,0.02496344638,True
The Kid LAROI & Justin Bieber,15,1,0.01833808086,0.003566206626,True
The Kingsmen,15,7,0.01833808086,0.02496344638,True
The Marshall Tucker Band,15,7,0.01833808086,0.02496344638,True
The Time,15,4,0.01833808086,0.0142648265,True
WALK THE MOON,15,2,0.01833808086,0.007132413252,True
X Ambassadors,15,2,0.01833808086,0.007132413252,True
Young M.C.,15,4,0.01833808086,0.0142648265,True
A Flock Of Seagulls,14,4,0.01711554213,0.0142648265,True
A Taste Of Honey,14,4,0.01711554213,0.0142648265,True
Aaron Tippin,14,3,0.01711554213,0.01069861988,True
Adam Lambert,14,4,0.01711554213,0.0142648265,True
Ashford & Simpson,14,6,0.01711554213,0.02139723976,True
Bastille,14,2,0.01711554213,0.007132413252,True
Billy J. Kramer With The Dakotas,14,6,0.01711554213,0.02139723976,True
Bob Welch,14,5,0.01711554213,0.01783103313,True
Calvin Harris,14,3,0.01711554213,0.01069861988,True
Cameo,14,5,0.01711554213,0.01783103313,True
Cheech & Chong,14,7,0.01711554213,0.02496344638,True
Chris Lane,14,4,0.01711554213,0.0142648265,True
Chris de Burgh,14,4,0.01711554213,0.0142648265,True
Collin Raye,14,4,0.01711554213,0.0142648265,True
Dan Hill,14,5,0.01711554213,0.01783103313,True
Darlene Love,14,5,0.01711554213,0.01783103313,True
Detroit Emeralds,14,6,0.01711554213,0.02139723976,True
Dickey Lee,14,6,0.01711554213,0.02139723976,True
Drake Featuring Rihanna,14,2,0.01711554213,0.007132413252,True
Earl Grant,14,6,0.01711554213,0.02139723976,True
Eric Clapton And His Band,14,5,0.01711554213,0.01783103313,True
Evanescence,14,4,0.01711554213,0.0142648265,True
Everything But The Girl,14,2,0.01711554213,0.007132413252,True
Freda Payne,14,5,0.01711554213,0.01783103313,True
Gabby Barrett Featuring Charlie Puth,14,1,0.01711554213,0.003566206626,True
Gerald Levert,14,6,0.01711554213,0.02139723976,True
Glass Tiger,14,4,0.01711554213,0.0142648265,True
Golden Earring,14,5,0.01711554213,0.01783103313,True
Gorillaz,14,2,0.01711554213,0.007132413252,True
Gotye Featuring Kimbra,14,1,0.01711554213,0.003566206626,True
Greg Kihn Band,14,4,0.01711554213,0.0142648265,True
Heatwave,14,3,0.01711554213,0.01069861988,True
Ice Cube,14,5,0.01711554213,0.01783103313,True
James & Bobby Purify,14,8,0.01711554213,0.02852965301,True
Jamie O'Neal,14,4,0.01711554213,0.0142648265,True
Jefferson Airplane,14,8,0.01711554213,0.02852965301,True
Jennifer Lopez Featuring Ja Rule,14,2,0.01711554213,0.007132413252,True
John Fogerty,14,6,0.01711554213,0.02139723976,True
Johnny Crawford,14,8,0.01711554213,0.02852965301,True
Joni James,14,6,0.01711554213,0.02139723976,True
Josh Gracin,14,4,0.01711554213,0.0142648265,True
Jude Cole,14,5,0.01711554213,0.01783103313,True
KT Tunstall,14,2,0.01711554213,0.007132413252,True
LFO,14,5,0.01711554213,0.01783103313,True
Lady Gaga & Bruno Mars,14,1,0.01711554213,0.003566206626,True
Latto,14,4,0.01711554213,0.0142648265,True
Lauryn Hill,14,3,0.01711554213,0.01069861988,True
Love Unlimited Orchestra,14,5,0.01711554213,0.01783103313,True
Maddie & Tae,14,3,0.01711554213,0.01069861988,True
Marilyn McCoo & Billy Davis Jr.,14,4,0.01711554213,0.0142648265,True
Maxine Nightingale,14,4,0.01711554213,0.0142648265,True
Michael McDonald,14,4,0.01711554213,0.0142648265,True
Michael Ray,14,4,0.01711554213,0.0142648265,True
Michael W. Smith,14,5,0.01711554213,0.01783103313,True
Nu Shooz,14,3,0.01711554213,0.01069861988,True
Peggy Lee,14,9,0.01711554213,0.03209585963,True
Peter Wolf,14,6,0.01711554213,0.02139723976,True
Petey Pablo,14,2,0.01711554213,0.007132413252,True
Pharrell Williams,14,2,0.01711554213,0.007132413252,True
Rihanna Featuring Jay-Z,14,2,0.01711554213,0.007132413252,True
Roger Daltrey,14,7,0.01711554213,0.02496344638,True
Rupert Holmes,14,6,0.01711554213,0.02139723976,True
Santana Featuring Rob Thomas,14,1,0.01711554213,0.003566206626,True
Shirley Ellis,14,6,0.01711554213,0.02139723976,True
Sister Hazel,14,2,0.01711554213,0.007132413252,True
Sixpence None The Richer,14,3,0.01711554213,0.01069861988,True
Steve Lacy,14,4,0.01711554213,0.0142648265,True
Teena Marie,14,5,0.01711554213,0.01783103313,True
The Allman Brothers Band,14,7,0.01711554213,0.02496344638,True
The Ames Brothers,14,5,0.01711554213,0.01783103313,True
The Angels,14,5,0.01711554213,0.01783103313,True
The Bachelors,14,8,0.01711554213,0.02852965301,True
The Knack,14,6,0.01711554213,0.02139723976,True
The Originals,14,5,0.01711554213,0.01783103313,True
The Raiders,14,7,0.01711554213,0.02496344638,True
The Rembrandts,14,4,0.01711554213,0.0142648265,True
The Trammps,14,4,0.01711554213,0.0142648265,True
The Wanted,14,4,0.01711554213,0.0142648265,True
Timi Yuro,14,9,0.01711554213,0.03209585963,True
Tory Lanez,14,5,0.01711554213,0.01783103313,True
Trapt,14,2,0.01711554213,0.007132413252,True
Tyler Farr,14,3,0.01711554213,0.01069861988,True
Tyler Hubbard,14,3,0.01711554213,0.01069861988,True
Unk,14,2,0.01711554213,0.007132413252,True
Vanessa Carlton,14,3,0.01711554213,0.01069861988,True
Various Artists,14,3,0.01711554213,0.01069861988,True
Ying Yang Twins,14,4,0.01711554213,0.0142648265,True
6ix9ine,13,6,0.01589300341,0.02139723976,True
Aaron Hall,13,3,0.01589300341,0.01069861988,True
Al Jarreau,13,5,0.01589300341,0.01783103313,True
Angie Stone,13,3,0.01589300341,0.01069861988,True
April Wine,13,7,0.01589300341,0.02496344638,True
BBMak,13,3,0.01589300341,0.01069861988,True
Better Than Ezra,13,4,0.01589300341,0.0142648265,True
Bobby Bare,13,6,0.01589300341,0.02139723976,True
Bobby Freeman,13,7,0.01589300341,0.02496344638,True
"Carl Dobkins, Jr.",13,4,0.01589300341,0.0142648265,True
Carl Thomas,13,3,0.01589300341,0.01069861988,True
Charley Pride,13,8,0.01589300341,0.02852965301,True
Clipse,13,5,0.01589300341,0.01783103313,True
Cornelius Brothers & Sister Rose,13,5,0.01589300341,0.01783103313,True
DJ Khaled Featuring Drake,13,4,0.01589300341,0.0142648265,True
David Cook,13,3,0.01589300341,0.01069861988,True
Desiigner,13,2,0.01589300341,0.007132413252,True
Disturbed,13,3,0.01589300341,0.01069861988,True
Dominic Fike,13,3,0.01589300341,0.01069861988,True
Donna Lewis,13,2,0.01589300341,0.007132413252,True
Duncan Sheik,13,1,0.01589300341,0.003566206626,True
Elton John & Dua Lipa,13,1,0.01589300341,0.003566206626,True
Eminem Featuring Rihanna,13,2,0.01589300341,0.007132413252,True
Enya,13,3,0.01589300341,0.01069861988,True
Fabolous,13,3,0.01589300341,0.01069861988,True
Florida Georgia Line Featuring Nelly,13,1,0.01589300341,0.003566206626,True
Frankie Ballard,13,3,0.01589300341,0.01069861988,True
Frankie J,13,3,0.01589300341,0.01069861988,True
Frankie Laine,13,8,0.01589300341,0.02852965301,True
Fun Factory,13,3,0.01589300341,0.01069861988,True
Future & Lil Uzi Vert,13,9,0.01589300341,0.03209585963,True
Gallery,13,3,0.01589300341,0.01069861988,True
GloRilla,13,4,0.01589300341,0.0142648265,True
Groove Theory,13,3,0.01589300341,0.01069861988,True
Henry Lee Summer,13,5,0.01589300341,0.01783103313,True
Herbie Mann,13,5,0.01589300341,0.01783103313,True
Jay Z Kanye West,13,3,0.01589300341,0.01069861988,True
Jennifer Hudson,13,4,0.01589300341,0.0142648265,True
Jennifer Lopez Featuring Pitbull,13,3,0.01589300341,0.01069861988,True
Jermaine Stewart,13,4,0.01589300341,0.0142648265,True
Jimmy Reed,13,8,0.01589300341,0.02852965301,True
Jimmy Ruffin,13,6,0.01589300341,0.02139723976,True
Jimmy Wayne,13,3,0.01589300341,0.01069861988,True
Joan Baez,13,7,0.01589300341,0.02496344638,True
Joey Dee & the Starliters,13,5,0.01589300341,0.01783103313,True
Johnny Burnette,13,5,0.01589300341,0.01783103313,True
Juvenile,13,5,0.01589300341,0.01783103313,True
K7,13,3,0.01589300341,0.01069861988,True
Kacey Musgraves,13,5,0.01589300341,0.01783103313,True
Katrina And The Waves,13,5,0.01589300341,0.01783103313,True
Katy Perry Featuring Juicy J,13,1,0.01589300341,0.003566206626,True
Kevin Gates,13,3,0.01589300341,0.01069861988,True
Lighter Shade Of Brown,13,3,0.01589300341,0.01069861988,True
Lisa Loeb & Nine Stories,13,3,0.01589300341,0.01069861988,True
Lloyd Price,13,5,0.01589300341,0.01783103313,True
Mark Ronson Featuring Bruno Mars,13,1,0.01589300341,0.003566206626,True
Mary Macgregor,13,6,0.01589300341,0.02139723976,True
Maureen McGovern,13,6,0.01589300341,0.02139723976,True
Michael Stanley Band,13,7,0.01589300341,0.02496344638,True
Mims,13,3,0.01589300341,0.01069861988,True
Morgan Wallen Featuring ERNEST,13,2,0.01589300341,0.007132413252,True
Neil Young,13,6,0.01589300341,0.02139723976,True
Neneh Cherry,13,4,0.01589300341,0.0142648265,True
Ohio Express,13,6,0.01589300341,0.02139723976,True
Omarion,13,4,0.01589300341,0.0142648265,True
Parliament,13,5,0.01589300341,0.01783103313,True
Patty Smyth,13,4,0.01589300341,0.0142648265,True
Pitbull Featuring Lil Jon,13,3,0.01589300341,0.01069861988,True
Pretty Ricky,13,3,0.01589300341,0.01069861988,True
Quincy Jones,13,6,0.01589300341,0.02139723976,True
Ral Donner,13,5,0.01589300341,0.01783103313,True
Ramsey Lewis,13,10,0.01589300341,0.03566206626,True
Ready For The World,13,3,0.01589300341,0.01069861988,True
Redbone,13,3,0.01589300341,0.01069861988,True
Rema & Selena Gomez,13,1,0.01589300341,0.003566206626,True
Richard Chamberlain,13,7,0.01589300341,0.02496344638,True
Rihanna Featuring Drake,13,2,0.01589300341,0.007132413252,True
Robyn,13,2,0.01589300341,0.007132413252,True
Ronnie Dyson,13,6,0.01589300341,0.02139723976,True
Santo & Johnny,13,6,0.01589300341,0.02139723976,True
Sergio Mendes,13,4,0.01589300341,0.0142648265,True
Shannon,13,4,0.01589300341,0.0142648265,True
Sisqo,13,2,0.01589300341,0.007132413252,True
Slaughter,13,4,0.01589300341,0.0142648265,True
Spanky And Our Gang,13,7,0.01589300341,0.02496344638,True
Stacey Q,13,4,0.01589300341,0.0142648265,True
Steve Miller,13,4,0.01589300341,0.0142648265,True
Summer Walker,13,5,0.01589300341,0.01783103313,True
Swing Out Sister,13,4,0.01589300341,0.0142648265,True
Tammy Wynette,13,9,0.01589300341,0.03209585963,True
The 2 Live Crew,13,3,0.01589300341,0.01069861988,True
The Chainsmokers Featuring Daya,13,1,0.01589300341,0.003566206626,True
The Clash,13,3,0.01589300341,0.01069861988,True
The Marias,13,2,0.01589300341,0.007132413252,True
The Newbeats,13,7,0.01589300341,0.02496344638,True
The Romantics,13,4,0.01589300341,0.0142648265,True
The Weeknd Featuring Daft Punk,13,2,0.01589300341,0.007132413252,True
Ty Herndon,13,6,0.01589300341,0.02139723976,True
Tyla,13,3,0.01589300341,0.01069861988,True
Vikki Carr,13,7,0.01589300341,0.02496344638,True
Warren G,13,3,0.01589300341,0.01069861988,True
a-ha,13,3,0.01589300341,0.01069861988,True
¥$: Kanye West & Ty Dolla $ign,13,13,0.01589300341,0.04636068614,True
'Til Tuesday,12,5,0.01467046469,0.01783103313,True
2 Unlimited,12,2,0.01467046469,0.007132413252,True
24kGoldn Featuring iann dior,12,1,0.01467046469,0.003566206626,True
AWB,12,5,0.01467046469,0.01783103313,True
Amerie,12,3,0.01467046469,0.01069861988,True
Andrea True Connection,12,4,0.01467046469,0.0142648265,True
Angelina,12,4,0.01467046469,0.0142648265,True
B2K,12,3,0.01467046469,0.01069861988,True
Barbara Lynn,12,7,0.01467046469,0.02496344638,True
Bebe Rexha & Florida Georgia Line,12,1,0.01467046469,0.003566206626,True
Betty Wright,12,6,0.01467046469,0.02139723976,True
Blaque,12,2,0.01467046469,0.007132413252,True
Blue October,12,2,0.01467046469,0.007132413252,True
BossMan Dlow,12,4,0.01467046469,0.0142648265,True
Bowling For Soup,12,4,0.01467046469,0.0142648265,True
Boy Meets Girl,12,3,0.01467046469,0.01069861988,True
Brent Faiyaz,12,7,0.01467046469,0.02496344638,True
"Cardi B, Bad Bunny & J Balvin",12,1,0.01467046469,0.003566206626,True
Charli xcx,12,4,0.01467046469,0.0142648265,True
Chevelle,12,3,0.01467046469,0.01069861988,True
Chingy,12,2,0.01467046469,0.007132413252,True
Chris Brown & Young Thug,12,1,0.01467046469,0.003566206626,True
Christina Milian,12,2,0.01467046469,0.007132413252,True
Chuck Mangione,12,4,0.01467046469,0.0142648265,True
DNCE,12,2,0.01467046469,0.007132413252,True
Dave Mason,12,6,0.01467046469,0.02139723976,True
David Cassidy,12,5,0.01467046469,0.01783103313,True
David Ruffin,12,6,0.01467046469,0.02139723976,True
Dawn,12,4,0.01467046469,0.0142648265,True
Daya,12,2,0.01467046469,0.007132413252,True
Della Reese,12,7,0.01467046469,0.02496344638,True
Des'ree,12,2,0.01467046469,0.007132413252,True
Extreme,12,4,0.01467046469,0.0142648265,True
Five Man Electrical Band,12,5,0.01467046469,0.01783103313,True
Gary Puckett And The Union Gap,12,5,0.01467046469,0.01783103313,True
Gene Autry,12,2,0.01467046469,0.007132413252,True
Gene Cotton,12,6,0.01467046469,0.02139723976,True
George LaMond,12,4,0.01467046469,0.0142648265,True
Glenn Medeiros,12,4,0.01467046469,0.0142648265,True
Hanson,12,3,0.01467046469,0.01069861988,True
Hilary Duff,12,4,0.01467046469,0.0142648265,True
House Of Pain,12,4,0.01467046469,0.0142648265,True
Inner Circle,12,5,0.01467046469,0.01783103313,True
Iyaz,12,2,0.01467046469,0.007132413252,True
"Jack Harlow Featuring DaBaby, Tory Lanez & Lil Wayne",12,1,0.01467046469,0.003566206626,True
Jack Wagner,12,4,0.01467046469,0.0142648265,True
James Arthur,12,1,0.01467046469,0.003566206626,True
JoJo,12,3,0.01467046469,0.01069861988,True
Jocelyn Enriquez,12,3,0.01467046469,0.01069861988,True
John Parr,12,4,0.01467046469,0.0142648265,True
Joji,12,5,0.01467046469,0.01783103313,True
Joshua Kadison,12,3,0.01467046469,0.01069861988,True
Keith Anderson,12,3,0.01467046469,0.01069861988,True
Kellie Pickler,12,4,0.01467046469,0.0142648265,True
Kelly Price,12,3,0.01467046469,0.01069861988,True
Kenny Nolan,12,4,0.01467046469,0.0142648265,True
Kid Ink Featuring Chris Brown,12,2,0.01467046469,0.007132413252,True
Kid Rock,12,3,0.01467046469,0.01069861988,True
L.T.D.,12,5,0.01467046469,0.01783103313,True
Leon Haywood,12,6,0.01467046469,0.02139723976,True
Leon Thomas,12,1,0.01467046469,0.003566206626,True
Level 42,12,4,0.01467046469,0.0142648265,True
Lisette Melendez,12,3,0.01467046469,0.01069861988,True
Lords Of The Underground,12,4,0.01467046469,0.0142648265,True
Ludacris Featuring Shawnna,12,2,0.01467046469,0.007132413252,True
Lukas Graham,12,3,0.01467046469,0.01069861988,True
Lynn Anderson,12,5,0.01467046469,0.01783103313,True
Manfred Mann,12,6,0.01467046469,0.02139723976,True
Mark Lindsay,12,7,0.01467046469,0.02496344638,True
Maroon 5 Featuring Cardi B,12,1,0.01467046469,0.003566206626,True
Marshmello & Kane Brown,12,2,0.01467046469,0.007132413252,True
Matthew Wilder,12,3,0.01467046469,0.01069861988,True
Men Without Hats,12,3,0.01467046469,0.01069861988,True
Michael Johnson,12,4,0.01467046469,0.0142648265,True
Mick Jagger,12,6,0.01467046469,0.02139723976,True
Nino Tempo & April Stevens,12,7,0.01467046469,0.02496344638,True
Paul Petersen,12,6,0.01467046469,0.02139723976,True
Post Malone & Swae Lee,12,1,0.01467046469,0.003566206626,True
Post Malone Featuring Quavo,12,1,0.01467046469,0.003566206626,True
Rachel Platten,12,2,0.01467046469,0.007132413252,True
Randy Travis,12,5,0.01467046469,0.01783103313,True
Ray Parker Jr. & Raydio,12,3,0.01467046469,0.01069861988,True
Robin S.,12,3,0.01467046469,0.01069861988,True
Ryan Cabrera,12,3,0.01467046469,0.01069861988,True
Shawn Mendes & Camila Cabello,12,2,0.01467046469,0.007132413252,True
Sia Featuring Sean Paul,12,1,0.01467046469,0.003566206626,True
Silento,12,1,0.01467046469,0.003566206626,True
Soul For Real,12,2,0.01467046469,0.007132413252,True
Spandau Ballet,12,4,0.01467046469,0.0142648265,True
Stephen Stills,12,7,0.01467046469,0.02496344638,True
The Brothers Four,12,6,0.01467046469,0.02139723976,True
The Chainsmokers Featuring Halsey,12,1,0.01467046469,0.003566206626,True
The Flaming Ember,12,4,0.01467046469,0.0142648265,True
The Flamingos,12,8,0.01467046469,0.02852965301,True
The Fortunes,12,6,0.01467046469,0.02139723976,True
The Game Featuring 50 Cent,12,2,0.01467046469,0.007132413252,True
The Gap Band,12,5,0.01467046469,0.01783103313,True
The Highwaymen,12,4,0.01467046469,0.0142648265,True
The Hues Corporation,12,5,0.01467046469,0.01783103313,True
The McCoys,12,8,0.01467046469,0.02852965301,True
The Skyliners,12,5,0.01467046469,0.01783103313,True
The Surfaris,12,3,0.01467046469,0.01069861988,True
The Three Degrees,12,5,0.01467046469,0.01783103313,True
Thelma Houston,12,4,0.01467046469,0.0142648265,True
Timmy T.,12,4,0.01467046469,0.0142648265,True
Tony Terry,12,4,0.01467046469,0.0142648265,True
Vanilla Ice,12,4,0.01467046469,0.0142648265,True
Vixen,12,4,0.01467046469,0.0142648265,True
Wiz Khalifa Featuring Charlie Puth,12,1,0.01467046469,0.003566206626,True
Zach Bryan Featuring Kacey Musgraves,12,1,0.01467046469,0.003566206626,True
"benny blanco, Halsey & Khalid",12,1,0.01467046469,0.003566206626,True
Addrisi Brothers,11,6,0.01344792596,0.02139723976,True
Adina Howard,11,3,0.01344792596,0.01069861988,True
Andrew Gold,11,4,0.01344792596,0.0142648265,True
Art Garfunkel,11,4,0.01344792596,0.0142648265,True
Bad Bunny & Jhay Cortez,11,2,0.01344792596,0.007132413252,True
Black Box,11,3,0.01344792596,0.01069861988,True
Blues Brothers,11,4,0.01344792596,0.0142648265,True
Bobbie Gentry,11,6,0.01344792596,0.02139723976,True
Bobby Lewis,11,4,0.01344792596,0.0142648265,True
Bonnie Pointer,11,3,0.01344792596,0.01069861988,True
Buckcherry,11,2,0.01344792596,0.007132413252,True
Camila Cabello Featuring Young Thug,11,1,0.01344792596,0.003566206626,True
CeeLo Green,11,1,0.01344792596,0.003566206626,True
Chad Brock,11,3,0.01344792596,0.01069861988,True
Chris Brown Featuring Drake,11,1,0.01344792596,0.003566206626,True
Chris Rea,11,6,0.01344792596,0.02139723976,True
Connie Stevens,11,5,0.01344792596,0.01783103313,True
Corina,11,3,0.01344792596,0.01069861988,True
Craig Mack,11,2,0.01344792596,0.007132413252,True
Cream,11,5,0.01344792596,0.01783103313,True
"Crosby, Stills, Nash & Young",11,5,0.01344792596,0.01783103313,True
Cutting Crew,11,4,0.01344792596,0.0142648265,True
"Dave ""Baby"" Cortez",11,6,0.01344792596,0.02139723976,True
David Guetta & Bebe Rexha,11,1,0.01344792596,0.003566206626,True
Dishwalla,11,1,0.01344792596,0.003566206626,True
Dorothy Moore,11,3,0.01344792596,0.01069861988,True
Dr. Hook And The Medicine Show,11,5,0.01344792596,0.01783103313,True
Drake Featuring 21 Savage,11,4,0.01344792596,0.0142648265,True
Dream,11,2,0.01344792596,0.007132413252,True
Echosmith,11,2,0.01344792596,0.007132413252,True
Ed Ames,11,7,0.01344792596,0.02496344638,True
Eddy Grant,11,3,0.01344792596,0.01069861988,True
Enigma,11,3,0.01344792596,0.01069861988,True
"Evelyn ""Champagne"" King",11,5,0.01344792596,0.01783103313,True
Everclear,11,3,0.01344792596,0.01069861988,True
Florence + The Machine,11,3,0.01344792596,0.01069861988,True
Frankie Goes To Hollywood,11,3,0.01344792596,0.01069861988,True
Guy,11,4,0.01344792596,0.0142648265,True
Hannah Montana,11,9,0.01344792596,0.03209585963,True
Heather Headley,11,3,0.01344792596,0.01069861988,True
J. Holiday,11,2,0.01344792596,0.007132413252,True
Ja Rule Featuring Ashanti,11,2,0.01344792596,0.007132413252,True
James Blunt,11,3,0.01344792596,0.01069861988,True
Jay And The Techniques,11,4,0.01344792596,0.0142648265,True
Jesus Jones,11,2,0.01344792596,0.007132413252,True
Jethro Tull,11,6,0.01344792596,0.02139723976,True
Jhene Aiko,11,3,0.01344792596,0.01069861988,True
Jimmy Eat World,11,2,0.01344792596,0.007132413252,True
Jimmy Jones,11,4,0.01344792596,0.0142648265,True
Kate Bush,11,3,0.01344792596,0.01069861988,True
Khalid & Normani,11,1,0.01344792596,0.003566206626,True
Lady Gaga Featuring Colby O'Donis,11,1,0.01344792596,0.003566206626,True
Laura Lee,11,6,0.01344792596,0.02139723976,True
Lauren Daigle,11,2,0.01344792596,0.007132413252,True
Len Barry,11,6,0.01344792596,0.02139723976,True
Levert,11,3,0.01344792596,0.01069861988,True
Lil Mosey,11,2,0.01344792596,0.007132413252,True
Lil Suzy,11,4,0.01344792596,0.0142648265,True
Lil' Mo Featuring Fabolous,11,2,0.01344792596,0.007132413252,True
Linear,11,3,0.01344792596,0.01069861988,True
Live,11,3,0.01344792596,0.01069861988,True
Luis Fonsi & Daddy Yankee Featuring Justin Bieber,11,1,0.01344792596,0.003566206626,True
MC Lyte,11,3,0.01344792596,0.01069861988,True
Machine Gun Kelly X blackbear,11,1,0.01344792596,0.003566206626,True
Macklemore & Ryan Lewis Featuring Wanz,11,1,0.01344792596,0.003566206626,True
Major Lazer & DJ Snake Featuring MO,11,1,0.01344792596,0.003566206626,True
Mark Morrison,11,2,0.01344792596,0.007132413252,True
Maroon 5 Featuring Christina Aguilera,11,1,0.01344792596,0.003566206626,True
Marshmello & Bastille,11,1,0.01344792596,0.003566206626,True
Martha Reeves & The Vandellas,11,7,0.01344792596,0.02496344638,True
Mary Hopkin,11,6,0.01344792596,0.02139723976,True
"Metro Boomin, The Weeknd & 21 Savage",11,1,0.01344792596,0.003566206626,True
Mickey Gilley,11,4,0.01344792596,0.0142648265,True
Mobb Deep,11,3,0.01344792596,0.01069861988,True
Muse,11,2,0.01344792596,0.007132413252,True
Of Monsters And Men,11,1,0.01344792596,0.003566206626,True
Ozzy Osbourne,11,4,0.01344792596,0.0142648265,True
PSY,11,2,0.01344792596,0.007132413252,True
Queen Latifah,11,4,0.01344792596,0.0142648265,True
Randy Meisner,11,3,0.01344792596,0.01069861988,True
Ray J,11,3,0.01344792596,0.01069861988,True
Real Life,11,3,0.01344792596,0.01069861988,True
Robbie Dupree,11,3,0.01344792596,0.01069861988,True
Robin Thicke Featuring T.I. + Pharrell,11,1,0.01344792596,0.003566206626,True
Sam Smith & Normani,11,1,0.01344792596,0.003566206626,True
Sandy Posey,11,5,0.01344792596,0.01783103313,True
Shaboozey & Jelly Roll,11,1,0.01344792596,0.003566206626,True
Shaggy,11,2,0.01344792596,0.007132413252,True
Shaquille O'Neal,11,3,0.01344792596,0.01069861988,True
Shirley Bassey,11,4,0.01344792596,0.0142648265,True
Slade,11,6,0.01344792596,0.02139723976,True
Snow Patrol,11,2,0.01344792596,0.007132413252,True
Solo,11,3,0.01344792596,0.01069861988,True
Soul II Soul,11,3,0.01344792596,0.01069861988,True
Starbuck,11,5,0.01344792596,0.01783103313,True
Starpoint,11,3,0.01344792596,0.01069861988,True
Stephanie Mills,11,5,0.01344792596,0.01783103313,True
Suzi Quatro,11,6,0.01344792596,0.02139723976,True
TKA,11,5,0.01344792596,0.01783103313,True
Tag Team,11,1,0.01344792596,0.003566206626,True
Taio Cruz,11,1,0.01344792596,0.003566206626,True
Terror Squad,11,2,0.01344792596,0.007132413252,True
The Belmonts,11,6,0.01344792596,0.02139723976,True
The Chainsmokers,11,6,0.01344792596,0.02139723976,True
The Diamonds,11,5,0.01344792596,0.01783103313,True
The Dixie Cups,11,5,0.01344792596,0.01783103313,True
The Marketts,11,5,0.01344792596,0.01783103313,True
The Moments,11,6,0.01344792596,0.02139723976,True
The New Colony Six,11,6,0.01344792596,0.02139723976,True
The Outsiders,11,4,0.01344792596,0.0142648265,True
The Party,11,4,0.01344792596,0.0142648265,True
The Playmates,11,6,0.01344792596,0.02139723976,True
The Sandpipers,11,4,0.01344792596,0.0142648265,True
The Seekers,11,4,0.01344792596,0.0142648265,True
The Tams,11,6,0.01344792596,0.02139723976,True
Timbaland Featuring OneRepublic,11,1,0.01344792596,0.003566206626,True
Tommy Page,11,3,0.01344792596,0.01069861988,True
Tone-Loc,11,3,0.01344792596,0.01069861988,True
Toya,11,2,0.01344792596,0.007132413252,True
Trey Songz Featuring Nicki Minaj,11,2,0.01344792596,0.007132413252,True
Usher Featuring Lil Jon & Ludacris,11,1,0.01344792596,0.003566206626,True
Voices Of Theory,11,2,0.01344792596,0.007132413252,True
Wanda Jackson,11,5,0.01344792596,0.01783103313,True
Wild Cherry,11,4,0.01344792596,0.0142648265,True
Willie Mitchell,11,7,0.01344792596,0.02496344638,True
A Tribe Called Quest,10,4,0.01222538724,0.0142648265,True
Alex Clare,10,1,0.01222538724,0.003566206626,True
Alias,10,3,0.01222538724,0.01069861988,True
All Saints,10,2,0.01222538724,0.007132413252,True
Anna Kendrick,10,1,0.01222538724,0.003566206626,True
Anthony Hamilton,10,2,0.01222538724,0.007132413252,True
Arthur Conley,10,6,0.01222538724,0.02139723976,True
Baltimora,10,2,0.01222538724,0.007132413252,True
Beverly Bremers,10,3,0.01222538724,0.01069861988,True
Bing Crosby,10,2,0.01222538724,0.007132413252,True
Birdman Featuring Lil Wayne,10,3,0.01222538724,0.01069861988,True
Blue Oyster Cult,10,4,0.01222538724,0.0142648265,True
Bo Diddley,10,5,0.01222538724,0.01783103313,True
Bobbi Martin,10,4,0.01222538724,0.0142648265,True
Bobby Womack & Peace,10,4,0.01222538724,0.0142648265,True
Brick,10,3,0.01222538724,0.01069861988,True
Burton Cummings,10,5,0.01222538724,0.01783103313,True
Calvin Harris Featuring Ellie Goulding,10,2,0.01222538724,0.007132413252,True
Candlebox,10,2,0.01222538724,0.007132413252,True
Capital Cities,10,1,0.01222538724,0.003566206626,True
Carl Carlton,10,3,0.01222538724,0.01069861988,True
Charli XCX,10,4,0.01222538724,0.0142648265,True
Ciara Featuring Ludacris,10,2,0.01222538724,0.007132413252,True
Clarence Henry,10,5,0.01222538724,0.01783103313,True
Clay Aiken,10,3,0.01222538724,0.01069861988,True
Corona,10,2,0.01222538724,0.007132413252,True
Crime Mob Featuring Lil Scrappy,10,2,0.01222538724,0.007132413252,True
Crown Heights Affair,10,4,0.01222538724,0.0142648265,True
D12,10,3,0.01222538724,0.01069861988,True
Das EFX,10,3,0.01222538724,0.01069861988,True
Dave Edmunds,10,5,0.01222538724,0.01783103313,True
Debelah Morgan,10,2,0.01222538724,0.007132413252,True
Dennis Yost And The Classics IV,10,5,0.01222538724,0.01783103313,True
Devo,10,3,0.01222538724,0.01069861988,True
Digital Underground,10,2,0.01222538724,0.007132413252,True
Disclosure Featuring Sam Smith,10,2,0.01222538724,0.007132413252,True
Doechii,10,3,0.01222538724,0.01069861988,True
Doja Cat & The Weeknd,10,1,0.01222538724,0.003566206626,True
Doja Cat Featuring SZA,10,1,0.01222538724,0.003566206626,True
Domino,10,3,0.01222538724,0.01069861988,True
Donny Hathaway,10,5,0.01222538724,0.01783103313,True
Drake Featuring Lil Baby,10,2,0.01222538724,0.007132413252,True
Eddie Hodges,10,4,0.01222538724,0.0142648265,True
Edgar Winter Group,10,4,0.01222538724,0.0142648265,True
El DeBarge,10,3,0.01222538724,0.01069861988,True
Elisa Fiorillo,10,4,0.01222538724,0.0142648265,True
Evelyn King,10,3,0.01222538724,0.01069861988,True
Fatboy Slim,10,2,0.01222538724,0.007132413252,True
Fifth Harmony,10,3,0.01222538724,0.01069861988,True
Five Star,10,4,0.01222538724,0.0142648265,True
Frank Mills,10,3,0.01222538724,0.01069861988,True
Franke & The Knockouts,10,3,0.01222538724,0.01069861988,True
French Montana Featuring Swae Lee,10,1,0.01222538724,0.003566206626,True
Gabby Barrett,10,2,0.01222538724,0.007132413252,True
Gabrielle,10,2,0.01222538724,0.007132413252,True
Gwen Stefani Featuring Akon,10,1,0.01222538724,0.003566206626,True
Haddaway,10,2,0.01222538724,0.007132413252,True
Harpers Bizarre,10,5,0.01222538724,0.01783103313,True
Hudson Westbrook,10,2,0.01222538724,0.007132413252,True
India.Arie,10,2,0.01222538724,0.007132413252,True
J'Son,10,3,0.01222538724,0.01069861988,True
Jana Kramer,10,3,0.01222538724,0.01069861988,True
Jason Michael Carroll,10,3,0.01222538724,0.01069861988,True
Jay Sean Featuring Lil Wayne,10,2,0.01222538724,0.007132413252,True
Jerry Lee Lewis,10,6,0.01222538724,0.02139723976,True
Jody Miller,10,6,0.01222538724,0.02139723976,True
John Mellencamp With Me'Shell Ndegeocello,10,1,0.01222538724,0.003566206626,True
John Stewart,10,3,0.01222538724,0.01069861988,True
John Travolta,10,4,0.01222538724,0.0142648265,True
Kane Brown With Katelyn Brown,10,1,0.01222538724,0.003566206626,True
King Floyd,10,3,0.01222538724,0.01069861988,True
Lady Gaga & Bradley Cooper,10,1,0.01222538724,0.003566206626,True
Lauv,10,1,0.01222538724,0.003566206626,True
Le Click,10,2,0.01222538724,0.007132413252,True
Lil Baby & Gunna,10,2,0.01222538724,0.007132413252,True
Lil Jon & The East Side Boyz Featuring Ying Yang Twins,10,1,0.01222538724,0.003566206626,True
Lil Nas X Featuring Billy Ray Cyrus,10,1,0.01222538724,0.003566206626,True
Lil Pump,10,3,0.01222538724,0.01069861988,True
Linda Ronstadt (Featuring Aaron Neville),10,3,0.01222538724,0.01069861988,True
Lindsey Buckingham,10,3,0.01222538724,0.01069861988,True
Lisa Lisa And Cult Jam With Full Force,10,2,0.01222538724,0.007132413252,True
Little Texas,10,3,0.01222538724,0.01069861988,True
Lloyd,10,2,0.01222538724,0.007132413252,True
Loggins & Messina,10,6,0.01222538724,0.02139723976,True
Logic Featuring Alessia Cara & Khalid,10,1,0.01222538724,0.003566206626,True
Love Unlimited,10,4,0.01222538724,0.0142648265,True
Lupe Fiasco,10,2,0.01222538724,0.007132413252,True
Maria Muldaur,10,2,0.01222538724,0.007132413252,True
Martin Page,10,2,0.01222538724,0.007132413252,True
Marty Balin,10,3,0.01222538724,0.01069861988,True
Masta Ace Incorporated,10,3,0.01222538724,0.01069861988,True
Max-A-Million,10,3,0.01222538724,0.01069861988,True
Meredith Brooks,10,2,0.01222538724,0.007132413252,True
Michael Morales,10,4,0.01222538724,0.0142648265,True
Mike Post,10,3,0.01222538724,0.01069861988,True
Morgan Wallen Featuring Post Malone,10,1,0.01222538724,0.003566206626,True
Moving Pictures,10,1,0.01222538724,0.003566206626,True
Mustard & Roddy Ricch,10,1,0.01222538724,0.003566206626,True
Nick Gilder,10,3,0.01222538724,0.01069861988,True
Nicolette Larson,10,3,0.01222538724,0.01069861988,True
Nitty Gritty Dirt Band,10,3,0.01222538724,0.01069861988,True
Oasis,10,3,0.01222538724,0.01069861988,True
Passenger,10,1,0.01222538724,0.003566206626,True
Paul Anka with Odia Coates,10,3,0.01222538724,0.01069861988,True
Pete Townshend,10,4,0.01222538724,0.0142648265,True
Pitbull Featuring Chris Brown,10,2,0.01222538724,0.007132413252,True
"Pitbull Featuring Ne-Yo, Afrojack & Nayer",10,1,0.01222538724,0.003566206626,True
Pop Smoke Featuring Lil Baby & DaBaby,10,1,0.01222538724,0.003566206626,True
Portugal. The Man,10,1,0.01222538724,0.003566206626,True
Prince And The New Power Generation,10,3,0.01222538724,0.01069861988,True
Quincy Jones Featuring James Ingram,10,2,0.01222538724,0.007132413252,True
ROSE & Bruno Mars,10,1,0.01222538724,0.003566206626,True
Radiohead,10,3,0.01222538724,0.01069861988,True
Ralph Tresvant,10,3,0.01222538724,0.01069861988,True
Ramsey Lewis Trio,10,5,0.01222538724,0.01783103313,True
Raydio,10,2,0.01222538724,0.007132413252,True
Regina Belle,10,4,0.01222538724,0.0142648265,True
Rhythm Heritage,10,3,0.01222538724,0.01069861988,True
Rich Homie Quan,10,2,0.01222538724,0.007132413252,True
Rihanna Featuring Calvin Harris,10,1,0.01222538724,0.003566206626,True
Roberta Flack With Donny Hathaway,10,3,0.01222538724,0.01069861988,True
Rome,10,2,0.01222538724,0.007132413252,True
"Saja Boys: Andrew Choi, Neckwav, Danny Chung, Kevin Woo & samUIL Lee",10,2,0.01222538724,0.007132413252,True
Sammy Turner,10,4,0.01222538724,0.0142648265,True
Sarah Vaughan,10,5,0.01222538724,0.01783103313,True
Shep And The Limelites,10,5,0.01222538724,0.01783103313,True
Silver Convention,10,3,0.01222538724,0.01069861988,True
Skrillex & Diplo With Justin Bieber,10,1,0.01222538724,0.003566206626,True
Snow,10,2,0.01222538724,0.007132413252,True
Soft Cell,10,1,0.01222538724,0.003566206626,True
Soul Asylum,10,3,0.01222538724,0.01069861988,True
Stereo MC's,10,3,0.01222538724,0.01069861988,True
Stone Sour,10,2,0.01222538724,0.007132413252,True
Strawberry Alarm Clock,10,5,0.01222538724,0.01783103313,True
Switchfoot,10,2,0.01222538724,0.007132413252,True
Tanya Tucker,10,7,0.01222538724,0.02496344638,True
Tara Kemp,10,3,0.01222538724,0.01069861988,True
Tems,10,2,0.01222538724,0.007132413252,True
Teresa Brewer,10,6,0.01222538724,0.02139723976,True
The Alarm,10,4,0.01222538724,0.0142648265,True
The Beau Brummels,10,5,0.01222538724,0.01783103313,True
The Blackbyrds,10,5,0.01222538724,0.01783103313,True
The Calling,10,1,0.01222538724,0.003566206626,True
The Cookies,10,4,0.01222538724,0.0142648265,True
The Five Americans,10,6,0.01222538724,0.02139723976,True
The Gentrys,10,6,0.01222538724,0.02139723976,True
The Georgia Satellites,10,3,0.01222538724,0.01069861988,True
The McGuire Sisters,10,5,0.01222538724,0.01783103313,True
The Meters,10,6,0.01222538724,0.02139723976,True
The New Birth,10,6,0.01222538724,0.02139723976,True
The Oak Ridge Boys,10,4,0.01222538724,0.0142648265,True
The Ritchie Family,10,3,0.01222538724,0.01069861988,True
The Royal Guardsmen,10,5,0.01222538724,0.01783103313,True
The Salsoul Orchestra,10,5,0.01222538724,0.01783103313,True
The Tremeloes,10,4,0.01222538724,0.0142648265,True
The Troggs,10,4,0.01222538724,0.0142648265,True
The Tubes,10,4,0.01222538724,0.0142648265,True
The Undisputed Truth,10,5,0.01222538724,0.01783103313,True
The Verve Pipe,10,1,0.01222538724,0.003566206626,True
The White Stripes,10,3,0.01222538724,0.01069861988,True
The Zombies,10,5,0.01222538724,0.01783103313,True
Tommy Richman,10,2,0.01222538724,0.007132413252,True
Too $hort,10,5,0.01222538724,0.01783103313,True
Triumph,10,4,0.01222538724,0.0142648265,True
Vance Joy,10,1,0.01222538724,0.003566206626,True
Velvet Revolver,10,2,0.01222538724,0.007132413252,True
Vince Gill,10,4,0.01222538724,0.0142648265,True
Walter Egan,10,4,0.01222538724,0.0142648265,True
Wild Orchid,10,3,0.01222538724,0.01069861988,True
Xavi,10,3,0.01222538724,0.01069861988,True
Yo Gotti Featuring Nicki Minaj,10,2,0.01222538724,0.007132413252,True
Young Thug,10,5,0.01222538724,0.01783103313,True
Zach Top,10,2,0.01222538724,0.007132413252,True
fun. Featuring Janelle Monae,10,1,0.01222538724,0.003566206626,True
95 South,9,2,0.01100284852,0.007132413252,True
A$AP Rocky,9,9,0.01100284852,0.03209585963,True
Addison Rae,9,2,0.01100284852,0.007132413252,True
Al (He's the King) Hirt,9,5,0.01100284852,0.01783103313,True
Alexander O'Neal,9,3,0.01100284852,0.01069861988,True
American Authors,9,1,0.01100284852,0.003566206626,True
Another Bad Creation,9,2,0.01100284852,0.007132413252,True
Arthur Alexander,9,4,0.01100284852,0.0142648265,True
Barbra Streisand & Barry Gibb,9,2,0.01100284852,0.007132413252,True
Basia,9,3,0.01100284852,0.01069861988,True
Bellamy Brothers,9,3,0.01100284852,0.01069861988,True
Benny Mardones,9,1,0.01100284852,0.003566206626,True
Bertie Higgins,9,2,0.01100284852,0.007132413252,True
Bettye Swann,9,5,0.01100284852,0.01783103313,True
BigXthaPlug,9,4,0.01100284852,0.0142648265,True
Bill Deal & The Rhondels,9,5,0.01100284852,0.01783103313,True
Billy Grammer,9,3,0.01100284852,0.01069861988,True
Billy Paul,9,4,0.01100284852,0.0142648265,True
Blackfoot,9,3,0.01100284852,0.01069861988,True
Blue Swede,9,4,0.01100284852,0.0142648265,True
Bo Donaldson And The Heywoods,9,3,0.01100284852,0.01069861988,True
"Bobby ""Boris"" Pickett And The Crypt-Kickers",9,2,0.01100284852,0.007132413252,True
Bobby Vee And The Strangers,9,4,0.01100284852,0.0142648265,True
Brenda Holloway,9,6,0.01100284852,0.02139723976,True
Brenda K. Starr,9,2,0.01100284852,0.007132413252,True
Bruce Channel,9,5,0.01100284852,0.01783103313,True
Buddy Jewell,9,2,0.01100284852,0.007132413252,True
Buffalo Springfield,9,4,0.01100284852,0.0142648265,True
CROW,9,3,0.01100284852,0.01069861988,True
Candyman,9,3,0.01100284852,0.01069861988,True
Case,9,2,0.01100284852,0.007132413252,True
Cause And Effect,9,3,0.01100284852,0.01069861988,True
Champaign,9,2,0.01100284852,0.007132413252,True
Chante Moore,9,3,0.01100284852,0.01069861988,True
Cheryl Lynn,9,4,0.01100284852,0.0142648265,True
Chris Isaak,9,2,0.01100284852,0.007132413252,True
Ciara Featuring Missy Elliott,9,1,0.01100284852,0.003566206626,True
Ciara Featuring Petey Pablo,9,1,0.01100284852,0.003566206626,True
Classics IV Featuring Dennis Yost,9,3,0.01100284852,0.01069861988,True
ConFunkShun,9,4,0.01100284852,0.0142648265,True
Coolio Featuring L.V.,9,1,0.01100284852,0.003566206626,True
Corey Kent,9,2,0.01100284852,0.007132413252,True
Counting Crows,9,2,0.01100284852,0.007132413252,True
Cozy Cole,9,3,0.01100284852,0.01069861988,True
Crash Test Dummies,9,3,0.01100284852,0.01069861988,True
"DJ Khaled Featuring Drake, Rick Ross & Lil Wayne",9,2,0.01100284852,0.007132413252,True
DaBaby Featuring Roddy Ricch,9,1,0.01100284852,0.003566206626,True
Daft Punk,9,2,0.01100284852,0.007132413252,True
Daniel Bedingfield,9,2,0.01100284852,0.007132413252,True
Danity Kane,9,2,0.01100284852,0.007132413252,True
Dasha,9,2,0.01100284852,0.007132413252,True
Dave Hollister,9,3,0.01100284852,0.01069861988,True
David Nail,9,3,0.01100284852,0.01069861988,True
David Soul,9,3,0.01100284852,0.01069861988,True
Dazz Band,9,3,0.01100284852,0.01069861988,True
Dee Dee Warwick,9,5,0.01100284852,0.01783103313,True
Denise LaSalle,9,4,0.01100284852,0.0142648265,True
Dennis DeYoung,9,4,0.01100284852,0.0142648265,True
Dionne Farris,9,1,0.01100284852,0.003566206626,True
Dodie Stevens,9,5,0.01100284852,0.01783103313,True
Doja Cat Featuring Nicki Minaj,9,1,0.01100284852,0.003566206626,True
Don Costa And His Orchestra And Chorus,9,3,0.01100284852,0.01069861988,True
Dr. Dre Featuring Snoop Dogg,9,2,0.01100284852,0.007132413252,True
Dr. John,9,4,0.01100284852,0.0142648265,True
Duane Eddy,9,6,0.01100284852,0.02139723976,True
Duane Eddy And The Rebels,9,3,0.01100284852,0.01069861988,True
Duice,9,1,0.01100284852,0.003566206626,True
Dyke And The Blazers,9,4,0.01100284852,0.0142648265,True
EMF,9,2,0.01100284852,0.007132413252,True
Ed Sheeran & Justin Bieber,9,1,0.01100284852,0.003566206626,True
Eddie Cochran,9,3,0.01100284852,0.01069861988,True
Eddie Holman,9,4,0.01100284852,0.0142648265,True
Elle King,9,1,0.01100284852,0.003566206626,True
"Emerson, Lake & Palmer",9,3,0.01100284852,0.01069861988,True
Enrique Iglesias Featuring Pitbull,9,1,0.01100284852,0.003566206626,True
Eric Paslay,9,3,0.01100284852,0.01069861988,True
Exile,9,3,0.01100284852,0.01069861988,True
Fetty Wap Featuring Remy Boyz,9,1,0.01100284852,0.003566206626,True
First Choice,9,4,0.01100284852,0.0142648265,True
Five,9,3,0.01100284852,0.01069861988,True
Flo Rida Featuring T-Pain,9,1,0.01100284852,0.003566206626,True
Foxy,9,2,0.01100284852,0.007132413252,True
Freddie And The Dreamers,9,5,0.01100284852,0.01783103313,True
Funkadelic,9,6,0.01100284852,0.02139723976,True
Future & Metro Boomin,9,9,0.01100284852,0.03209585963,True
Future Featuring Drake & Tems,9,1,0.01100284852,0.003566206626,True
Future Featuring The Weeknd,9,2,0.01100284852,0.007132413252,True
G-Eazy x Bebe Rexha,9,1,0.01100284852,0.003566206626,True
Garnet Mimms & The Enchanters,9,4,0.01100284852,0.0142648265,True
Gigi Perez,9,1,0.01100284852,0.003566206626,True
Gina G,9,2,0.01100284852,0.007132413252,True
Gloriana,9,3,0.01100284852,0.01069861988,True
Goodie Mob,9,3,0.01100284852,0.01069861988,True
Gorilla Zoe,9,3,0.01100284852,0.01069861988,True
Guy Mitchell,9,3,0.01100284852,0.01069861988,True
Henry Gross,9,4,0.01100284852,0.0142648265,True
Honeymoon Suite,9,4,0.01100284852,0.0142648265,True
Hot,9,3,0.01100284852,0.01069861988,True
Iggy Azalea Featuring Charli XCX,9,1,0.01100284852,0.003566206626,True
Ingrid Michaelson,9,2,0.01100284852,0.007132413252,True
Ini Kamoze,9,2,0.01100284852,0.007132413252,True
J.J. Cale,9,4,0.01100284852,0.0142648265,True
Jane Morgan,9,3,0.01100284852,0.01069861988,True
Janis Ian,9,3,0.01100284852,0.01069861988,True
Jann Arden,9,1,0.01100284852,0.003566206626,True
Jelly Roll With Lainey Wilson,9,1,0.01100284852,0.003566206626,True
Jennifer Holliday,9,4,0.01100284852,0.0142648265,True
Jeremy Jordan,9,2,0.01100284852,0.007132413252,True
Jessie J,9,3,0.01100284852,0.01069861988,True
Jessie Murph & Jelly Roll,9,1,0.01100284852,0.003566206626,True
Jigsaw,9,4,0.01100284852,0.0142648265,True
Jimmie Allen,9,3,0.01100284852,0.01069861988,True
Joe Public,9,3,0.01100284852,0.01069861988,True
Joey Scarbury,9,3,0.01100284852,0.01069861988,True
John Paul Young,9,3,0.01100284852,0.01069861988,True
John Schneider,9,4,0.01100284852,0.0142648265,True
Johnny Bristol,9,3,0.01100284852,0.01069861988,True
Johnny Cash And The Tennessee Two,9,5,0.01100284852,0.01783103313,True
Johnny Kemp,9,2,0.01100284852,0.007132413252,True
Jon Bon Jovi,9,2,0.01100284852,0.007132413252,True
Jordan Davis Featuring Luke Bryan,9,1,0.01100284852,0.003566206626,True
Juelz Santana,9,2,0.01100284852,0.007132413252,True
Kanye West Featuring Jamie Foxx,9,1,0.01100284852,0.003566206626,True
Karmin,9,3,0.01100284852,0.01069861988,True
Kelly Rowland,9,3,0.01100284852,0.01069861988,True
Kevin Paige,9,2,0.01100284852,0.007132413252,True
Koe Wetzel & Jessie Murph,9,1,0.01100284852,0.003566206626,True
LOCASH,9,3,0.01100284852,0.01069861988,True
Leon Russell,9,4,0.01100284852,0.0142648265,True
Lil Nas X & Jack Harlow,9,1,0.01100284852,0.003566206626,True
Little Eva,9,4,0.01100284852,0.0142648265,True
Little Richard,9,6,0.01100284852,0.02139723976,True
Livin' Joy,9,2,0.01100284852,0.007132413252,True
Lloyd Featuring Lil Wayne,9,2,0.01100284852,0.007132413252,True
Los Lobos,9,3,0.01100284852,0.01069861988,True
Luther Ingram,9,5,0.01100284852,0.01783103313,True
Lyfe Jennings,9,2,0.01100284852,0.007132413252,True
MAGIC!,9,1,0.01100284852,0.003566206626,True
Macklemore & Ryan Lewis Featuring Ray Dalton,9,1,0.01100284852,0.003566206626,True
Malcolm Todd,9,3,0.01100284852,0.01069861988,True
Marc Cohn,9,3,0.01100284852,0.01069861988,True
Marianne Faithfull,9,5,0.01100284852,0.01783103313,True
Mark Dinning,9,4,0.01100284852,0.0142648265,True
Marky Mark & The Funky Bunch,9,3,0.01100284852,0.01069861988,True
Mary Jane Girls,9,3,0.01100284852,0.01069861988,True
Megan Thee Stallion Featuring DaBaby,9,2,0.01100284852,0.007132413252,True
Meghan Trainor Featuring John Legend,9,1,0.01100284852,0.003566206626,True
Merril Bainbridge,9,2,0.01100284852,0.007132413252,True
Metro Station,9,2,0.01100284852,0.007132413252,True
Midnight Oil,9,3,0.01100284852,0.01069861988,True
Muni Long,9,2,0.01100284852,0.007132413252,True
Mystikal,9,2,0.01100284852,0.007132413252,True
Nia Peeples,9,4,0.01100284852,0.0142648265,True
Nico & Vinz,9,2,0.01100284852,0.007132413252,True
Nigel Olsson,9,3,0.01100284852,0.01069861988,True
Norah Jones,9,2,0.01100284852,0.007132413252,True
Nu Flavor,9,3,0.01100284852,0.01069861988,True
Oliver,9,4,0.01100284852,0.0142648265,True
Omarion Featuring Chris Brown & Jhene Aiko,9,1,0.01100284852,0.003566206626,True
OutKast Featuring Sleepy Brown,9,1,0.01100284852,0.003566206626,True
Paul Revere & The Raiders,9,4,0.01100284852,0.0142648265,True
Paul and Paula,9,5,0.01100284852,0.01783103313,True
Peso Pluma,9,3,0.01100284852,0.01069861988,True
Phoebe Snow,9,4,0.01100284852,0.0142648265,True
Pitbull Featuring Ke$ha,9,1,0.01100284852,0.003566206626,True
Post Malone Featuring 21 Savage,9,1,0.01100284852,0.003566206626,True
Post Malone Featuring Ty Dolla $ign,9,1,0.01100284852,0.003566206626,True
Prism,9,5,0.01100284852,0.01783103313,True
Psychedelic Furs,9,4,0.01100284852,0.0142648265,True
Quiet Riot,9,3,0.01100284852,0.01069861988,True
Ratt,9,4,0.01100284852,0.0142648265,True
Restless Heart,9,2,0.01100284852,0.007132413252,True
Rhythm Syndicate,9,4,0.01100284852,0.0142648265,True
Ruff Endz,9,2,0.01100284852,0.007132413252,True
SHAED,9,1,0.01100284852,0.003566206626,True
Sam Neely,9,5,0.01100284852,0.01783103313,True
Samantha Mumba,9,2,0.01100284852,0.007132413252,True
Saweetie,9,2,0.01100284852,0.007132413252,True
Sir Douglas Quintet,9,3,0.01100284852,0.01069861988,True
Sir Mix-A-Lot,9,3,0.01100284852,0.01069861988,True
Skid Row,9,2,0.01100284852,0.007132413252,True
Squeeze,9,3,0.01100284852,0.01069861988,True
Stealers Wheel,9,3,0.01100284852,0.01069861988,True
Stephen Sanchez,9,1,0.01100284852,0.003566206626,True
Steve Holy,9,3,0.01100284852,0.01069861988,True
Stories,9,3,0.01100284852,0.01069861988,True
Sybil,9,3,0.01100284852,0.01069861988,True
The Bar-Kays,9,4,0.01100284852,0.0142648265,True
The Black Keys,9,4,0.01100284852,0.0142648265,True
The Chainsmokers & Coldplay,9,1,0.01100284852,0.003566206626,True
The Crusaders,9,4,0.01100284852,0.0142648265,True
The Fabulous Thunderbirds,9,4,0.01100284852,0.0142648265,True
The Neighbourhood,9,1,0.01100284852,0.003566206626,True
The New Christy Minstrels,9,4,0.01100284852,0.0142648265,True
The Persuaders,9,4,0.01100284852,0.0142648265,True
The Power Station,9,3,0.01100284852,0.01069861988,True
The Pussycat Dolls Featuring Busta Rhymes,9,1,0.01100284852,0.003566206626,True
The Red Jumpsuit Apparatus,9,1,0.01100284852,0.003566206626,True
The Spencer Davis Group,9,4,0.01100284852,0.0142648265,True
The Standells,9,4,0.01100284852,0.0142648265,True
The Viscounts,9,3,0.01100284852,0.01069861988,True
The Weeknd & Playboi Carti,9,1,0.01100284852,0.003566206626,True
Theory Of A Deadman,9,2,0.01100284852,0.007132413252,True
Tierra,9,3,0.01100284852,0.01069861988,True
Timbaland Featuring Keri Hilson,9,1,0.01100284852,0.003566206626,True
Tito Double P,9,4,0.01100284852,0.0142648265,True
Toni Basil,9,3,0.01100284852,0.01069861988,True
Tony Carey,9,4,0.01100284852,0.0142648265,True
Trevor Daniel,9,1,0.01100284852,0.003566206626,True
Twisted Sister,9,3,0.01100284852,0.01069861988,True
Ugly Kid Joe,9,2,0.01100284852,0.007132413252,True
Vanity Fare,9,3,0.01100284852,0.01069861988,True
Vicki Sue Robinson,9,3,0.01100284852,0.01069861988,True
Westside Connection,9,2,0.01100284852,0.007132413252,True
William Bell,9,4,0.01100284852,0.0142648265,True
Wreckx-N-Effect,9,2,0.01100284852,0.007132413252,True
"Zedd, Maren Morris & Grey",9,1,0.01100284852,0.003566206626,True
d4vd,9,3,0.01100284852,0.01069861988,True
gnash Featuring Olivia O'Brien,9,1,0.01100284852,0.003566206626,True
21 Savage & Metro Boomin,8,4,0.009780309791,0.0142648265,True
3OH!3,8,1,0.009780309791,0.003566206626,True
Ace Cannon,8,3,0.009780309791,0.01069861988,True
Alannah Myles,8,2,0.009780309791,0.007132413252,True
Alphaville,8,2,0.009780309791,0.007132413252,True
Aly & AJ,8,4,0.009780309791,0.0142648265,True
Amanda Perez,8,2,0.009780309791,0.007132413252,True
Amazing Rhythm Aces,8,3,0.009780309791,0.01069861988,True
Anna Nalick,8,1,0.009780309791,0.003566206626,True
Artie The 1 Man Party,8,2,0.009780309791,0.007132413252,True
Austin Roberts,8,3,0.009780309791,0.01069861988,True
Az Yet Featuring Peter Cetera,8,1,0.009780309791,0.003566206626,True
B.W. Stevenson,8,4,0.009780309791,0.0142648265,True
Baby Bash Featuring Frankie J,8,1,0.009780309791,0.003566206626,True
Baby Washington,8,4,0.009780309791,0.0142648265,True
Bar-Kays,8,4,0.009780309791,0.0142648265,True
Bazzi,8,2,0.009780309791,0.007132413252,True
Bebe Rexha,8,2,0.009780309791,0.007132413252,True
Bill Anderson,8,5,0.009780309791,0.01783103313,True
"Billy ""Crash"" Craddock",8,3,0.009780309791,0.01069861988,True
Billy Preston & Syreeta,8,2,0.009780309791,0.007132413252,True
Blue Magic,8,3,0.009780309791,0.01069861988,True
Bob Beckham,8,2,0.009780309791,0.007132413252,True
Bobby Caldwell,8,3,0.009780309791,0.01069861988,True
Bobby Day,8,3,0.009780309791,0.01069861988,True
Bobby Valentino,8,2,0.009780309791,0.007132413252,True
Brenton Wood,8,3,0.009780309791,0.01069861988,True
Bucky Covington,8,3,0.009780309791,0.01069861988,True
C.W. McCall,8,4,0.009780309791,0.0142648265,True
Canned Heat,8,5,0.009780309791,0.01783103313,True
Carly Pearce,8,3,0.009780309791,0.01069861988,True
Carolyn Dawn Johnson,8,4,0.009780309791,0.0142648265,True
Chantay Savage,8,2,0.009780309791,0.007132413252,True
Charles Wright And The Watts 103rd Street Rhythm Band,8,3,0.009780309791,0.01069861988,True
Chris Brown Featuring Bryson Tiller,8,1,0.009780309791,0.003566206626,True
Chris Brown Featuring Lil Wayne & French Montana Or Too $hort Or Tyga,8,1,0.009780309791,0.003566206626,True
Christopher Williams,8,3,0.009780309791,0.01069861988,True
Claude King,8,4,0.009780309791,0.0142648265,True
Clint Black,8,2,0.009780309791,0.007132413252,True
D.R.A.M. Featuring Lil Yachty,8,1,0.009780309791,0.003566206626,True
D4L,8,2,0.009780309791,0.007132413252,True
DJ Snake & Lil Jon,8,1,0.009780309791,0.003566206626,True
DJ Snake Featuring Justin Bieber,8,1,0.009780309791,0.003566206626,True
Damita Jo,8,4,0.009780309791,0.0142648265,True
Daniel Powter,8,1,0.009780309791,0.003566206626,True
Daryl Hall,8,3,0.009780309791,0.01069861988,True
David Guetta Featuring Akon,8,1,0.009780309791,0.003566206626,True
David Guetta Featuring Sia,8,1,0.009780309791,0.003566206626,True
David Kushner,8,1,0.009780309791,0.003566206626,True
Debby Boone,8,3,0.009780309791,0.01069861988,True
Deep Blue Something,8,1,0.009780309791,0.003566206626,True
Default,8,1,0.009780309791,0.003566206626,True
Dennis Coffey & The Detroit Guitar Band,8,3,0.009780309791,0.01069861988,True
Diana Ross & Marvin Gaye,8,3,0.009780309791,0.01069861988,True
Divine,8,2,0.009780309791,0.007132413252,True
Donnie Elbert,8,4,0.009780309791,0.0142648265,True
Drake Featuring Majid Jordan,8,1,0.009780309791,0.003566206626,True
Drake Featuring WizKid & Kyla,8,1,0.009780309791,0.003566206626,True
Eddie Murphy,8,2,0.009780309791,0.007132413252,True
Edward Bear,8,3,0.009780309791,0.01069861988,True
El Coco,8,3,0.009780309791,0.01069861988,True
Elvin Bishop,8,4,0.009780309791,0.0142648265,True
"Eminem, Dr. Dre & 50 Cent",8,2,0.009780309791,0.007132413252,True
Ernie K-Doe,8,5,0.009780309791,0.01783103313,True
Eve Featuring Gwen Stefani,8,1,0.009780309791,0.003566206626,True
Everlast,8,1,0.009780309791,0.003566206626,True
Evie Sands,8,3,0.009780309791,0.01069861988,True
Faith No More,8,3,0.009780309791,0.01069861988,True
Falco,8,2,0.009780309791,0.007132413252,True
Father M.C.,8,2,0.009780309791,0.007132413252,True
Fifth Harmony Featuring Kid Ink,8,1,0.009780309791,0.003566206626,True
Fifth Harmony Featuring Ty Dolla $ign,8,1,0.009780309791,0.003566206626,True
Fitz And The Tantrums,8,2,0.009780309791,0.007132413252,True
Flo Rida Featuring Sage The Gemini & Lookas,8,1,0.009780309791,0.003566206626,True
Fontella Bass,8,4,0.009780309791,0.0142648265,True
Frank Gari,8,3,0.009780309791,0.01069861988,True
Frank Ocean,8,2,0.009780309791,0.007132413252,True
Frankie Ford,8,4,0.009780309791,0.0142648265,True
Fugees,8,2,0.009780309791,0.007132413252,True
"Future, Metro Boomin & Kendrick Lamar",8,1,0.009780309791,0.003566206626,True
Garfunkel,8,3,0.009780309791,0.01069861988,True
General Public,8,2,0.009780309791,0.007132413252,True
George Baker Selection,8,3,0.009780309791,0.01069861988,True
Ghost Town DJ's,8,1,0.009780309791,0.003566206626,True
Giant,8,2,0.009780309791,0.007132413252,True
Giuffria,8,3,0.009780309791,0.01069861988,True
Grateful Dead,8,3,0.009780309791,0.01069861988,True
Gregory Abbott,8,2,0.009780309791,0.007132413252,True
Gym Class Heroes Featuring Adam Levine,8,1,0.009780309791,0.003566206626,True
HARDY Featuring Lainey Wilson,8,1,0.009780309791,0.003566206626,True
"HARDY, Eric Church, Morgan Wallen & Tim McGraw",8,1,0.009780309791,0.003566206626,True
Herb Alpert's Tijuana Brass,8,4,0.009780309791,0.0142648265,True
Hugh Masekela,8,4,0.009780309791,0.0142648265,True
Idina Menzel,8,1,0.009780309791,0.003566206626,True
Iggy Azalea,8,3,0.009780309791,0.01069861988,True
Imagine Dragons X JID,8,1,0.009780309791,0.003566206626,True
J.J. Fad,8,3,0.009780309791,0.01069861988,True
Jack Ingram,8,3,0.009780309791,0.01069861988,True
James Bay,8,1,0.009780309791,0.003566206626,True
James Carr,8,6,0.009780309791,0.02139723976,True
James Ingram,8,2,0.009780309791,0.007132413252,True
Janis Joplin,8,4,0.009780309791,0.0142648265,True
Jay Ferguson,8,2,0.009780309791,0.007132413252,True
Jay-Z Featuring Amil (Of Major Coinz) & Ja,8,1,0.009780309791,0.003566206626,True
Jean Knight,8,3,0.009780309791,0.01069861988,True
Jeremih Featuring 50 Cent,8,1,0.009780309791,0.003566206626,True
Jill Scott,8,2,0.009780309791,0.007132413252,True
Jim Capaldi,8,4,0.009780309791,0.0142648265,True
Jimin,8,2,0.009780309791,0.007132413252,True
Jimmy Cliff,8,3,0.009780309791,0.01069861988,True
Jimmy Gilmer And The Fireballs,8,3,0.009780309791,0.01069861988,True
Jimmy Harnen With Synch,8,1,0.009780309791,0.003566206626,True
Jimmy Smith,8,8,0.009780309791,0.02852965301,True
Jimmy Soul,8,2,0.009780309791,0.007132413252,True
Joe Dowell,8,3,0.009780309791,0.01069861988,True
John Miles,8,3,0.009780309791,0.01069861988,True
Jordin Sparks Duet With Chris Brown,8,1,0.009780309791,0.003566206626,True
Justin Bieber Featuring Big Sean,8,2,0.009780309791,0.007132413252,True
"Kanye West, Big Sean, Pusha T, 2 Chainz",8,1,0.009780309791,0.003566206626,True
Karla Bonoff,8,4,0.009780309791,0.0142648265,True
Kathy Young With The Innocents,8,3,0.009780309791,0.01069861988,True
Keith Sweat Featuring Athena Cage,8,1,0.009780309791,0.003566206626,True
Keith Urban Duet With P!nk,8,1,0.009780309791,0.003566206626,True
Kelly Rowland Featuring Lil Wayne,8,2,0.009780309791,0.007132413252,True
Kendrick Lamar Featuring Zacari,8,1,0.009780309791,0.003566206626,True
Kevin Rudolf Featuring Lil Wayne,8,1,0.009780309791,0.003566206626,True
Kid Rock Featuring Sheryl Crow Or Allison Moorer,8,1,0.009780309791,0.003566206626,True
Kirk Franklin,8,2,0.009780309791,0.007132413252,True
Korn,8,4,0.009780309791,0.0142648265,True
Lamont Dozier,8,3,0.009780309791,0.01069861988,True
Lana Del Rey,8,4,0.009780309791,0.0142648265,True
Lasgo,8,2,0.009780309791,0.007132413252,True
LeBlanc & Carr,8,3,0.009780309791,0.01069861988,True
Lighthouse,8,5,0.009780309791,0.01783103313,True
Lil Baby & 42 Dugg,8,2,0.009780309791,0.007132413252,True
Lil Skies Featuring Landon Cube,8,2,0.009780309791,0.007132413252,True
Linda Clifford,8,4,0.009780309791,0.0142648265,True
Linda Jones,8,4,0.009780309791,0.0142648265,True
Lita Ford,8,2,0.009780309791,0.007132413252,True
Little Peggy March,8,4,0.009780309791,0.0142648265,True
Little Stevie Wonder,8,3,0.009780309791,0.01069861988,True
Liz Phair,8,2,0.009780309791,0.007132413252,True
Londonbeat,8,3,0.009780309791,0.01069861988,True
Lonnie Mack,8,4,0.009780309791,0.0142648265,True
Looking Glass,8,2,0.009780309791,0.007132413252,True
Mack 10,8,2,0.009780309791,0.007132413252,True
Madness,8,3,0.009780309791,0.01069861988,True
Mandy Moore,8,2,0.009780309791,0.007132413252,True
Matt Stell,8,2,0.009780309791,0.007132413252,True
Max McNown,8,1,0.009780309791,0.003566206626,True
Mel And Tim,8,3,0.009780309791,0.01069861988,True
Merry Clayton,8,5,0.009780309791,0.01783103313,True
Michael Sembello,8,2,0.009780309791,0.007132413252,True
Migos Featuring Lil Uzi Vert,8,1,0.009780309791,0.003566206626,True
Missing Persons,8,4,0.009780309791,0.0142648265,True
Missy Elliott,8,4,0.009780309791,0.0142648265,True
Morgan Wallen Featuring Eric Church,8,2,0.009780309791,0.007132413252,True
N2Deep,8,2,0.009780309791,0.007132413252,True
Natural Selection,8,2,0.009780309791,0.007132413252,True
New Colony Six,8,4,0.009780309791,0.0142648265,True
Nick Lachey,8,2,0.009780309791,0.007132413252,True
Nivea Featuring Brian & Brandon Casey,8,1,0.009780309791,0.003566206626,True
O-Town,8,3,0.009780309791,0.01069861988,True
OMI,8,1,0.009780309791,0.003566206626,True
Offset & Metro Boomin,8,2,0.009780309791,0.007132413252,True
Ol' Dirty Bastard,8,2,0.009780309791,0.007132413252,True
Owl City,8,2,0.009780309791,0.007132413252,True
P!nk Featuring Nate Ruess,8,1,0.009780309791,0.003566206626,True
P.O.D.,8,2,0.009780309791,0.007132413252,True
Perry Como And The Fontane Sisters With Mitchell Ayres And His Orchestra,8,1,0.009780309791,0.003566206626,True
Peter Brown With Betty Wright,8,2,0.009780309791,0.007132413252,True
Peter Schilling,8,2,0.009780309791,0.007132413252,True
Playa,8,2,0.009780309791,0.007132413252,True
Post Malone Featuring Doja Cat,8,1,0.009780309791,0.003566206626,True
Post Malone Featuring Luke Combs,8,2,0.009780309791,0.007132413252,True
Pozo Seco Singers,8,5,0.009780309791,0.01783103313,True
Pretty Poison,8,2,0.009780309791,0.007132413252,True
Procol Harum,8,3,0.009780309791,0.01069861988,True
RTZ,8,3,0.009780309791,0.01069861988,True
Ravyn Lenae,8,1,0.009780309791,0.003566206626,True
"Ray, Goodman & Brown",8,3,0.009780309791,0.01069861988,True
Ric Ocasek,8,3,0.009780309791,0.01069861988,True
Richard Harris,8,4,0.009780309791,0.0142648265,True
Rickie Lee Jones,8,4,0.009780309791,0.0142648265,True
Rihanna Featuring Mikky Ekko,8,1,0.009780309791,0.003566206626,True
Roberta Flack & Donny Hathaway,8,3,0.009780309791,0.01069861988,True
Rockell,8,2,0.009780309791,0.007132413252,True
Rockwell,8,2,0.009780309791,0.007132413252,True
Ronny And The Daytonas,8,5,0.009780309791,0.01783103313,True
Roy Clark,8,6,0.009780309791,0.02139723976,True
SZA With Kendrick Lamar,8,1,0.009780309791,0.003566206626,True
Sam Barber Featuring Avery Anna,8,1,0.009780309791,0.003566206626,True
Sam Smith & Kim Petras,8,1,0.009780309791,0.003566206626,True
Samantha Sang,8,3,0.009780309791,0.01069861988,True
Santana Featuring Alex Band Or Chad Kroeger,8,1,0.009780309791,0.003566206626,True
Santana Featuring Michelle Branch,8,1,0.009780309791,0.003566206626,True
Saving Abel,8,1,0.009780309791,0.003566206626,True
Secondhand Serenade,8,2,0.009780309791,0.007132413252,True
Sexyy Red,8,2,0.009780309791,0.007132413252,True
She Moves,8,2,0.009780309791,0.007132413252,True
Shelley Fabares,8,4,0.009780309791,0.0142648265,True
Shontelle,8,2,0.009780309791,0.007132413252,True
Skip And Flip,8,3,0.009780309791,0.01069861988,True
Sneaker Pimps,8,2,0.009780309791,0.007132413252,True
Snoop Dogg & Wiz Khalifa Featuring Bruno Mars,8,1,0.009780309791,0.003566206626,True
Stacie Orrico,8,2,0.009780309791,0.007132413252,True
Starland Vocal Band,8,4,0.009780309791,0.0142648265,True
Starz,8,6,0.009780309791,0.02139723976,True
Steel Breeze,8,2,0.009780309791,0.007132413252,True
Steelheart,8,2,0.009780309791,0.007132413252,True
Steve Alaimo,8,6,0.009780309791,0.02139723976,True
Stevie Woods,8,2,0.009780309791,0.007132413252,True
Stonewall Jackson,8,4,0.009780309791,0.0142648265,True
Sugarhill Gang,8,3,0.009780309791,0.01069861988,True
Switch,8,3,0.009780309791,0.01069861988,True
T-Pain Featuring Yung Joc,8,1,0.009780309791,0.003566206626,True
T.G. Sheppard,8,4,0.009780309791,0.0142648265,True
Tame Impala,8,2,0.009780309791,0.007132413252,True
Tanto Metro & Devonte,8,2,0.009780309791,0.007132413252,True
Ted Nugent,8,6,0.009780309791,0.02139723976,True
The American Breed,8,4,0.009780309791,0.0142648265,True
The Arbors,8,4,0.009780309791,0.0142648265,True
The Boys,8,2,0.009780309791,0.007132413252,True
The Carters,8,5,0.009780309791,0.01783103313,True
The Cascades,8,5,0.009780309791,0.01783103313,True
The Chimes,8,3,0.009780309791,0.01069861988,True
The Cyrkle,8,5,0.009780309791,0.01783103313,True
The Dirt Band,8,2,0.009780309791,0.007132413252,True
The Dream Academy,8,2,0.009780309791,0.007132413252,True
The Esquires,8,3,0.009780309791,0.01069861988,True
The Exciters,8,5,0.009780309791,0.01783103313,True
The Foundations,8,4,0.009780309791,0.0142648265,True
The Hudson Brothers,8,4,0.009780309791,0.0142648265,True
The Ides Of March,8,4,0.009780309791,0.0142648265,True
The Isley Brothers Featuring Ronald Isley,8,2,0.009780309791,0.007132413252,True
The Jimi Hendrix Experience,8,4,0.009780309791,0.0142648265,True
The Jimmy Castor Bunch,8,3,0.009780309791,0.01069861988,True
The KLF,8,2,0.009780309791,0.007132413252,True
The Marcels,8,4,0.009780309791,0.0142648265,True
The Mills Brothers,8,4,0.009780309791,0.0142648265,True
The New Seekers,8,5,0.009780309791,0.01783103313,True
The Paris Sisters,8,4,0.009780309791,0.0142648265,True
The Pharcyde,8,3,0.009780309791,0.01069861988,True
The Raindrops,8,4,0.009780309791,0.0142648265,True
The Ray Charles Singers,8,5,0.009780309791,0.01783103313,True
The Rip Chords,8,4,0.009780309791,0.0142648265,True
The Rivieras,8,5,0.009780309791,0.01783103313,True
The Rooftop Singers,8,3,0.009780309791,0.01069861988,True
The Smithereens,8,3,0.009780309791,0.01069861988,True
The String-A-Longs,8,3,0.009780309791,0.01069861988,True
The Sweet Inspirations,8,5,0.009780309791,0.01783103313,True
Thomas Dolby,8,3,0.009780309791,0.01069861988,True
Tim McGraw With Faith Hill,8,2,0.009780309791,0.007132413252,True
Tom T. Hall,8,4,0.009780309791,0.0142648265,True
Tommy Boyce & Bobby Hart,8,4,0.009780309791,0.0142648265,True
Tommy Shaw,8,4,0.009780309791,0.0142648265,True
Tommy Tutone,8,2,0.009780309791,0.007132413252,True
Tones And I,8,1,0.009780309791,0.003566206626,True
Travis Wammack,8,4,0.009780309791,0.0142648265,True
Trick Pony,8,2,0.009780309791,0.007132413252,True
Tweet,8,2,0.009780309791,0.007132413252,True
Tyler Collins,8,3,0.009780309791,0.01069861988,True
Uncle Kracker Featuring Dobie Gray,8,1,0.009780309791,0.003566206626,True
Usher Featuring Pitbull,8,1,0.009780309791,0.003566206626,True
Waka Flocka Flame Featuring Roscoe Dash & Wale,8,1,0.009780309791,0.003566206626,True
Wale Featuring Jeremih,8,2,0.009780309791,0.007132413252,True
Was (Not Was),8,3,0.009780309791,0.01069861988,True
Wizkid Featuring Justin Bieber & Tems,8,1,0.009780309791,0.003566206626,True
Zapp & Roger,8,2,0.009780309791,0.007132413252,True
100 Proof Aged in Soul,7,4,0.008557771067,0.0142648265,True
2 Chainz,7,2,0.008557771067,0.007132413252,True
2 In A Room,7,2,0.008557771067,0.007132413252,True
20 Fingers Featuring Gillette,7,1,0.008557771067,0.003566206626,True
3T,7,1,0.008557771067,0.003566206626,True
3rd Party,7,2,0.008557771067,0.007132413252,True
4PM,7,1,0.008557771067,0.003566206626,True
? (Question Mark) & The Mysterians,7,3,0.008557771067,0.01069861988,True
AB Logic,7,2,0.008557771067,0.007132413252,True
Akon Featuring Eminem,7,1,0.008557771067,0.003566206626,True
Akon Featuring Snoop Dogg,7,1,0.008557771067,0.003566206626,True
Alicia Bridges,7,1,0.008557771067,0.003566206626,True
Alicia Keys Featuring Nicki Minaj,7,1,0.008557771067,0.003566206626,True
Alicia Keys Featuring Tony! Toni! Tone!,7,1,0.008557771067,0.003566206626,True
Amii Stewart,7,2,0.008557771067,0.007132413252,True
Amine,7,1,0.008557771067,0.003566206626,True
Ann Peebles,7,3,0.008557771067,0.01069861988,True
Aqua,7,2,0.008557771067,0.007132413252,True
Ariana Grande Featuring Nicki Minaj,7,1,0.008557771067,0.003566206626,True
Az Yet,7,1,0.008557771067,0.003566206626,True
B.o.B Featuring 2 Chainz,7,1,0.008557771067,0.003566206626,True
BLACKstreet (Featuring Dr. Dre),7,1,0.008557771067,0.003566206626,True
Baby Bash Featuring T-Pain,7,1,0.008557771067,0.003566206626,True
Bad Bunny Featuring Drake,7,1,0.008557771067,0.003566206626,True
Balance,7,2,0.008557771067,0.007132413252,True
Bardeux,7,3,0.008557771067,0.01069861988,True
Beenie Man,7,2,0.008557771067,0.007132413252,True
Bent Fabric and His Piano,7,2,0.008557771067,0.007132413252,True
Beyonce Featuring Sean Paul,7,1,0.008557771067,0.003566206626,True
Beyonce Featuring Slim Thug,7,1,0.008557771067,0.003566206626,True
Big Bopper,7,3,0.008557771067,0.01069861988,True
Big Sean Featuring E-40,7,1,0.008557771067,0.003566206626,True
BigXthaPlug Featuring Ella Langley,7,1,0.008557771067,0.003566206626,True
Bill Conti,7,2,0.008557771067,0.007132413252,True
Bill Medley,7,5,0.008557771067,0.01783103313,True
Billie Myers,7,1,0.008557771067,0.003566206626,True
Billy Bland,7,3,0.008557771067,0.01069861988,True
Billy Gilman,7,2,0.008557771067,0.007132413252,True
Billy Swan,7,3,0.008557771067,0.01069861988,True
Black Eyed Peas X J Balvin,7,1,0.008557771067,0.003566206626,True
Black Sheep,7,2,0.008557771067,0.007132413252,True
Blu Cantrell,7,1,0.008557771067,0.003566206626,True
Bobby Bloom,7,4,0.008557771067,0.0142648265,True
Bobby Shmurda,7,2,0.008557771067,0.007132413252,True
Boy George,7,2,0.008557771067,0.007132413252,True
Boy Krazy,7,2,0.008557771067,0.007132413252,True
Brandy & Monica,7,1,0.008557771067,0.003566206626,True
Brothers Osborne,7,2,0.008557771067,0.007132413252,True
Buddy Holly,7,4,0.008557771067,0.0142648265,True
Bunny Sigler,7,3,0.008557771067,0.01069861988,True
C.J. & Company,7,1,0.008557771067,0.003566206626,True
Calboy,7,1,0.008557771067,0.003566206626,True
Calloway,7,2,0.008557771067,0.007132413252,True
Calvin Harris Featuring Rihanna,7,1,0.008557771067,0.003566206626,True
Cassie,7,1,0.008557771067,0.003566206626,True
Chamillionaire Featuring Krayzie Bone,7,1,0.008557771067,0.003566206626,True
Charlene,7,3,0.008557771067,0.01069861988,True
Chely Wright,7,2,0.008557771067,0.007132413252,True
Chico DeBarge,7,2,0.008557771067,0.007132413252,True
Christine McVie,7,2,0.008557771067,0.007132413252,True
Chumbawamba,7,1,0.008557771067,0.003566206626,True
City High,7,1,0.008557771067,0.003566206626,True
Clean Bandit Featuring Jess Glynne,7,1,0.008557771067,0.003566206626,True
Clean Bandit Featuring Sean Paul & Anne-Marie,7,1,0.008557771067,0.003566206626,True
Club Nouveau,7,2,0.008557771067,0.007132413252,True
Cobra Starship Featuring Leighton Meester,7,1,0.008557771067,0.003566206626,True
Cobra Starship Featuring Sabi,7,1,0.008557771067,0.003566206626,True
Coven,7,2,0.008557771067,0.007132413252,True
Craig Campbell,7,4,0.008557771067,0.0142648265,True
DJ Quik,7,3,0.008557771067,0.01069861988,True
Dan + Shay & Justin Bieber,7,1,0.008557771067,0.003566206626,True
Dave & Tems,7,1,0.008557771067,0.003566206626,True
David Ball,7,2,0.008557771067,0.007132413252,True
David Essex,7,2,0.008557771067,0.007132413252,True
David Guetta Featuring Nicki Minaj,7,1,0.008557771067,0.003566206626,True
David Guetta Featuring Usher,7,1,0.008557771067,0.003566206626,True
Deadeye Dick,7,1,0.008557771067,0.003566206626,True
Dean And Jean,7,3,0.008557771067,0.01069861988,True
Dean Lewis,7,1,0.008557771067,0.003566206626,True
Debbie Harry,7,4,0.008557771067,0.0142648265,True
Deee-Lite,7,2,0.008557771067,0.007132413252,True
Delaney & Bonnie & Friends,7,3,0.008557771067,0.01069861988,True
Deodato,7,4,0.008557771067,0.0142648265,True
Derek & The Dominos,7,2,0.008557771067,0.007132413252,True
Dexys Midnight Runners,7,2,0.008557771067,0.007132413252,True
Digable Planets,7,2,0.008557771067,0.007132413252,True
Dinah Washington & Brook Benton,7,2,0.008557771067,0.007132413252,True
"Dino, Desi & Billy",7,4,0.008557771067,0.0142648265,True
Disco Tex & The Sex-O-Lettes Featuring Sir Monti Rock III,7,3,0.008557771067,0.01069861988,True
Doechii Featuring Kodak Black,7,1,0.008557771067,0.003566206626,True
Don Johnson,7,2,0.008557771067,0.007132413252,True
Donnie Brooks,7,2,0.008557771067,0.007132413252,True
Dorsey Burnette,7,3,0.008557771067,0.01069861988,True
Dove Cameron,7,2,0.008557771067,0.007132413252,True
Drake Featuring 21 Savage & Project Pat,7,1,0.008557771067,0.003566206626,True
Drake Featuring Lil Durk,7,1,0.008557771067,0.003566206626,True
Drake Featuring Rick Ross,7,2,0.008557771067,0.007132413252,True
Eazy-E,7,2,0.008557771067,0.007132413252,True
Eddie Holland,7,4,0.008557771067,0.0142648265,True
Edie Brickell & New Bohemians,7,2,0.008557771067,0.007132413252,True
Edward Maya & Vika Jigulina,7,1,0.008557771067,0.003566206626,True
Elastica,7,2,0.008557771067,0.007132413252,True
Elephant Man,7,2,0.008557771067,0.007132413252,True
Elliott Yamin,7,1,0.008557771067,0.003566206626,True
Elton John & Kiki Dee,7,2,0.008557771067,0.007132413252,True
Em Beihold,7,1,0.008557771067,0.003566206626,True
Enchantment,7,3,0.008557771067,0.01069861988,True
Enrique Iglesias Featuring Descemer Bueno & Gente de Zona,7,1,0.008557771067,0.003566206626,True
Eric Burdon And War,7,2,0.008557771067,0.007132413252,True
Ernie Fields & Orch.,7,2,0.008557771067,0.007132413252,True
Esther Phillips,7,3,0.008557771067,0.01069861988,True
Evanescence Featuring Paul McCoy,7,1,0.008557771067,0.003566206626,True
Eve 6,7,2,0.008557771067,0.007132413252,True
"Faith, Hope And Charity",7,3,0.008557771067,0.01069861988,True
Fantastic Four,7,4,0.008557771067,0.0142648265,True
Fergie Featuring Ludacris,7,1,0.008557771067,0.003566206626,True
Filter,7,3,0.008557771067,0.01069861988,True
Flo Rida Featuring David Guetta,7,1,0.008557771067,0.003566206626,True
Flo Rida Featuring Sia,7,1,0.008557771067,0.003566206626,True
Frank Stallone,7,3,0.008557771067,0.01069861988,True
Freak Nasty,7,1,0.008557771067,0.003566206626,True
Freddie Cannon,7,3,0.008557771067,0.01069861988,True
Freddie Scott,7,5,0.008557771067,0.01783103313,True
G-Eazy Featuring A$AP Rocky & Cardi B,7,1,0.008557771067,0.003566206626,True
Gary Stites,7,4,0.008557771067,0.0142648265,True
Gavin Rossdale,7,1,0.008557771067,0.003566206626,True
George Maharis,7,5,0.008557771067,0.01783103313,True
George McCrae,7,4,0.008557771067,0.0142648265,True
Gerardo,7,3,0.008557771067,0.01069861988,True
Geto Boys,7,2,0.008557771067,0.007132413252,True
Giant Steps,7,2,0.008557771067,0.007132413252,True
GloRilla & Megan Thee Stallion,7,2,0.008557771067,0.007132413252,True
Gloria Lynne,7,5,0.008557771067,0.01783103313,True
Gnarls Barkley,7,1,0.008557771067,0.003566206626,True
Gucci Mane,7,2,0.008557771067,0.007132413252,True
Gwen Stefani Featuring Eve,7,1,0.008557771067,0.003566206626,True
Hailee Steinfeld,7,2,0.008557771067,0.007132413252,True
Hailee Steinfeld & Grey Featuring Zedd,7,1,0.008557771067,0.003566206626,True
High Inergy,7,3,0.008557771067,0.01069861988,True
Hot Chelle Rae,7,1,0.008557771067,0.003566206626,True
Howie Day,7,1,0.008557771067,0.003566206626,True
"Hugo Montenegro, His Orchestra And Chorus",7,2,0.008557771067,0.007132413252,True
Ice Spice,7,3,0.008557771067,0.01069861988,True
Icona Pop Featuring Charli XCX,7,1,0.008557771067,0.003566206626,True
Iggy Azalea Featuring Rita Ora,7,1,0.008557771067,0.003566206626,True
Internet Money & Gunna Featuring Don Toliver & NAV,7,1,0.008557771067,0.003566206626,True
Iron Butterfly,7,3,0.008557771067,0.01069861988,True
J Balvin & Willy William Featuring Beyonce,7,1,0.008557771067,0.003566206626,True
J-Kwon,7,1,0.008557771067,0.003566206626,True
JVKE,7,1,0.008557771067,0.003566206626,True
Ja Rule,7,2,0.008557771067,0.007132413252,True
Jamie Foxx Featuring T-Pain,7,1,0.008557771067,0.003566206626,True
Jamie Walters,7,1,0.008557771067,0.003566206626,True
Jane Child,7,2,0.008557771067,0.007132413252,True
Jane Wiedlin,7,3,0.008557771067,0.01069861988,True
Jasmine Guy,7,2,0.008557771067,0.007132413252,True
Jason Aldean With Kelly Clarkson,7,1,0.008557771067,0.003566206626,True
Jason Derulo Featuring 2 Chainz,7,1,0.008557771067,0.003566206626,True
Jawsh 685 x Jason Derulo,7,1,0.008557771067,0.003566206626,True
Jay Z Featuring Justin Timberlake,7,1,0.008557771067,0.003566206626,True
Jay-Z + Alicia Keys,7,1,0.008557771067,0.003566206626,True
Jeannie C. Riley,7,5,0.008557771067,0.01783103313,True
Jeremih Featuring YG,7,1,0.008557771067,0.003566206626,True
Jesse Powell,7,2,0.008557771067,0.007132413252,True
"Jessie J, Ariana Grande & Nicki Minaj",7,1,0.008557771067,0.003566206626,True
Joe South,7,4,0.008557771067,0.0142648265,True
Joey Lawrence,7,2,0.008557771067,0.007132413252,True
John Cougar Mellencamp,7,2,0.008557771067,0.007132413252,True
John Fred And The Playboys,7,3,0.008557771067,0.01069861988,True
Johnny Hates Jazz,7,2,0.008557771067,0.007132413252,True
Johnny Lee,7,2,0.008557771067,0.007132413252,True
Jon B. Featuring Babyface,7,1,0.008557771067,0.003566206626,True
Josh Ross,7,2,0.008557771067,0.007132413252,True
Julia Michaels,7,1,0.008557771067,0.003566206626,True
June Valli,7,3,0.008557771067,0.01069861988,True
Justin Bieber Featuring Chance The Rapper,7,2,0.008557771067,0.007132413252,True
Justin Bieber Featuring Ludacris,7,2,0.008557771067,0.007132413252,True
Justin Bieber Featuring Quavo,7,1,0.008557771067,0.003566206626,True
Justin Timberlake Featuring T.I.,7,1,0.008557771067,0.003566206626,True
Juvenile Featuring Mannie Fresh & Lil' Wayne,7,1,0.008557771067,0.003566206626,True
KYLE Featuring Lil Yachty,7,1,0.008557771067,0.003566206626,True
Kali Uchis,7,2,0.008557771067,0.007132413252,True
Katy Perry Featuring Snoop Dogg,7,1,0.008557771067,0.003566206626,True
Keith,7,4,0.008557771067,0.0142648265,True
Kelis,7,2,0.008557771067,0.007132413252,True
Kendrick Lamar Featuring AzChike,7,1,0.008557771067,0.003566206626,True
Kendrick Lamar Featuring Lefty Gunplay,7,1,0.008557771067,0.003566206626,True
Keri Hilson,7,2,0.008557771067,0.007132413252,True
Keri Hilson Featuring Kanye West & Ne-Yo,7,1,0.008557771067,0.003566206626,True
King Curtis,7,4,0.008557771067,0.0142648265,True
Kris Allen,7,1,0.008557771067,0.003566206626,True
L.A. Guns,7,2,0.008557771067,0.007132413252,True
Lady Gaga Featuring Beyonce,7,1,0.008557771067,0.003566206626,True
Larry Graham,7,3,0.008557771067,0.01069861988,True
Lauren Spencer-Smith,7,3,0.008557771067,0.01069861988,True
Lee Greenwood,7,2,0.008557771067,0.007132413252,True
Lil Baby & Drake,7,1,0.008557771067,0.003566206626,True
Lil Bow Wow,7,3,0.008557771067,0.01069861988,True
Lil Durk Featuring Morgan Wallen,7,2,0.008557771067,0.007132413252,True
Lil Wayne Featuring Static Major,7,1,0.008557771067,0.003566206626,True
Lily Allen,7,3,0.008557771067,0.01069861988,True
Limahl,7,2,0.008557771067,0.007132413252,True
Lina Santiago,7,2,0.008557771067,0.007132413252,True
"Lipps, Inc.",7,2,0.008557771067,0.007132413252,True
Little Milton,7,5,0.008557771067,0.01783103313,True
Living Colour,7,3,0.008557771067,0.01069861988,True
Livingston Taylor,7,3,0.008557771067,0.01069861988,True
Lola Young,7,1,0.008557771067,0.003566206626,True
Los Lonely Boys,7,1,0.008557771067,0.003566206626,True
Los Umbrellos,7,1,0.008557771067,0.003566206626,True
Louis Armstrong And The All Stars,7,2,0.008557771067,0.007132413252,True
Love,7,3,0.008557771067,0.01069861988,True
Luke,7,2,0.008557771067,0.007132413252,True
M2M,7,2,0.008557771067,0.007132413252,True
MAX Featuring gnash,7,1,0.008557771067,0.003566206626,True
Mac Miller,7,6,0.008557771067,0.02139723976,True
Macklemore & Ryan Lewis Featuring Mary Lambert,7,1,0.008557771067,0.003566206626,True
Major Harris,7,3,0.008557771067,0.01069861988,True
Marie Osmond,7,3,0.008557771067,0.01069861988,True
Mario Winans Featuring Enya & P. Diddy,7,1,0.008557771067,0.003566206626,True
Mark Chesnutt,7,2,0.008557771067,0.007132413252,True
Maroon 5 Featuring Kendrick Lamar,7,1,0.008557771067,0.003566206626,True
Maroon 5 Featuring Wiz Khalifa,7,1,0.008557771067,0.003566206626,True
Marshmello & Anne-Marie,7,1,0.008557771067,0.003566206626,True
Martin Garrix,7,1,0.008557771067,0.003566206626,True
Mary Chapin Carpenter,7,3,0.008557771067,0.01069861988,True
Masked Wolf,7,1,0.008557771067,0.003566206626,True
"Master P Feat. Fiend, Silkk The Shocker, Mia X & Mystikal",7,1,0.008557771067,0.003566206626,True
Matt Monro,7,3,0.008557771067,0.01069861988,True
Matt Nathanson,7,2,0.008557771067,0.007132413252,True
Merle Haggard And The Strangers,7,5,0.008557771067,0.01783103313,True
Method Man,7,2,0.008557771067,0.007132413252,True
Midland,7,2,0.008557771067,0.007132413252,True
Mike Jones,7,3,0.008557771067,0.01069861988,True
Missy Elliott Featuring Ciara & Fat Man Scoop,7,1,0.008557771067,0.003566206626,True
Mitchell Tenpenny,7,2,0.008557771067,0.007132413252,True
Moby Featuring Gwen Stefani,7,1,0.008557771067,0.003566206626,True
Modest Mouse,7,2,0.008557771067,0.007132413252,True
Moments,7,4,0.008557771067,0.0142648265,True
Morgan Wallen Featuring Tate McRae,7,1,0.008557771067,0.003566206626,True
Morris Albert,7,1,0.008557771067,0.003566206626,True
Mr. Acker Bilk,7,3,0.008557771067,0.01069861988,True
Mr. Cheeks,7,1,0.008557771067,0.003566206626,True
Murray Head With The Trinidad Singers,7,1,0.008557771067,0.003566206626,True
Nazareth,7,2,0.008557771067,0.007132413252,True
Nelly Featuring City Spud,7,1,0.008557771067,0.003566206626,True
Nelly Featuring Kelly Rowland,7,1,0.008557771067,0.003566206626,True
"Nelly Featuring Paul Wall, Ali & Gipp",7,1,0.008557771067,0.003566206626,True
"Nelly, P. Diddy & Murphy Lee",7,1,0.008557771067,0.003566206626,True
New Boyz Featuring Ray J,7,1,0.008557771067,0.003566206626,True
Nicky Jam & Enrique Iglesias,7,1,0.008557771067,0.003566206626,True
Nicky Youre & dazy,7,1,0.008557771067,0.003566206626,True
Nina Simone,7,5,0.008557771067,0.01783103313,True
Nine Days,7,2,0.008557771067,0.007132413252,True
No Doubt Featuring Lady Saw,7,1,0.008557771067,0.003566206626,True
Noel,7,2,0.008557771067,0.007132413252,True
Onyx,7,3,0.008557771067,0.01069861988,True
Pajama Party,7,3,0.008557771067,0.01069861988,True
Paper Lace,7,3,0.008557771067,0.01069861988,True
Paperboy,7,1,0.008557771067,0.003566206626,True
Patrice Rushen,7,3,0.008557771067,0.01069861988,True
Patti Austin,7,3,0.008557771067,0.01069861988,True
Patti Austin A Duet With James Ingram,7,1,0.008557771067,0.003566206626,True
Patti LaBelle And The Blue Belles,7,5,0.008557771067,0.01783103313,True
Patty Duke,7,4,0.008557771067,0.0142648265,True
Patty Loveless,7,3,0.008557771067,0.01069861988,True
Paul Evans,7,3,0.008557771067,0.01069861988,True
Paul Hardcastle,7,2,0.008557771067,0.007132413252,True
Paul Nicholas,7,2,0.008557771067,0.007132413252,True
Percy Faith And His Orchestra,7,2,0.008557771067,0.007132413252,True
Pilot,7,3,0.008557771067,0.01069861988,True
PinkPantheress With Zara Larsson,7,1,0.008557771067,0.003566206626,True
Pitbull Featuring T-Pain,7,1,0.008557771067,0.003566206626,True
Pooh Shiesty,7,3,0.008557771067,0.01069861988,True
Public Announcement,7,2,0.008557771067,0.007132413252,True
Public Enemy,7,2,0.008557771067,0.007132413252,True
Puff Daddy & Faith Evans Featuring 112,7,1,0.008557771067,0.003566206626,True
Puff Daddy (Featuring Mase),7,1,0.008557771067,0.003566206626,True
R.B. Greaves,7,4,0.008557771067,0.0142648265,True
RAYE,7,1,0.008557771067,0.003566206626,True
Rainbow,7,3,0.008557771067,0.01069861988,True
Randy Newman,7,2,0.008557771067,0.007132413252,True
Randy VanWarmer,7,2,0.008557771067,0.007132413252,True
Rappin' 4-Tay,7,2,0.008557771067,0.007132413252,True
Rene & Angela,7,3,0.008557771067,0.01069861988,True
Rich The Kid,7,2,0.008557771067,0.007132413252,True
Richie Rich,7,2,0.008557771067,0.007132413252,True
Rick Dees & His Cast Of Idiots,7,2,0.008557771067,0.007132413252,True
Rick Ross,7,2,0.008557771067,0.007132413252,True
Right Said Fred,7,2,0.008557771067,0.007132413252,True
Rob Base & D.J. E-Z Rock,7,2,0.008557771067,0.007132413252,True
Ronnie Dunn,7,2,0.008557771067,0.007132413252,True
Roxy Music,7,3,0.008557771067,0.01069861988,True
Roy Hamilton,7,3,0.008557771067,0.01069861988,True
Rozalla,7,2,0.008557771067,0.007132413252,True
Ruben Studdard,7,2,0.008557771067,0.007132413252,True
Ruth Brown,7,4,0.008557771067,0.0142648265,True
SAINt JHN,7,1,0.008557771067,0.003566206626,True
Salt-N-Pepa Featuring En Vogue,7,1,0.008557771067,0.003566206626,True
Sam Salter,7,2,0.008557771067,0.007132413252,True
Sammy Johns,7,3,0.008557771067,0.01069861988,True
Saweetie Featuring Doja Cat,7,1,0.008557771067,0.003566206626,True
Scritti Politti,7,2,0.008557771067,0.007132413252,True
Shaggy Featuring Rayvon,7,1,0.008557771067,0.003566206626,True
Shakespear's Sister,7,2,0.008557771067,0.007132413252,True
Shakira Feat. Alejandro Sanz,7,1,0.008557771067,0.003566206626,True
Shakira Featuring Wyclef Jean,7,1,0.008557771067,0.003566206626,True
Shawn Colvin,7,1,0.008557771067,0.003566206626,True
Sheriff,7,1,0.008557771067,0.003566206626,True
Sinead O'Connor,7,2,0.008557771067,0.007132413252,True
Skee-Lo,7,1,0.008557771067,0.003566206626,True
Soul Survivors,7,3,0.008557771067,0.01069861988,True
Steve Wariner,7,2,0.008557771067,0.007132413252,True
Stryper,7,3,0.008557771067,0.01069861988,True
Sugarloaf,7,3,0.008557771067,0.01069861988,True
Swedish House Mafia Featuring John Martin,7,1,0.008557771067,0.003566206626,True
Syl Johnson,7,5,0.008557771067,0.01783103313,True
Sylvester,7,3,0.008557771067,0.01069861988,True
T.I. Featuring Justin Timberlake,7,1,0.008557771067,0.003566206626,True
Taio Cruz Featuring Ludacris,7,1,0.008557771067,0.003566206626,True
Take That,7,1,0.008557771067,0.003566206626,True
Tal Bachman,7,1,0.008557771067,0.003566206626,True
Talk Talk,7,4,0.008557771067,0.0142648265,True
Tamar Braxton,7,2,0.008557771067,0.007132413252,True
Taylor Swift Featuring Ed Sheeran,7,3,0.008557771067,0.01069861988,True
Technotronic Featuring Ya Kid K,7,2,0.008557771067,0.007132413252,True
Teri DeSario With K.C.,7,2,0.008557771067,0.007132413252,True
The 8th Day,7,3,0.008557771067,0.01069861988,True
The Adventures Of Stevie V,7,2,0.008557771067,0.007132413252,True
The Applejacks,7,3,0.008557771067,0.01069861988,True
The Browns,7,2,0.008557771067,0.007132413252,True
The Browns Featuring Jim Edward Brown,7,3,0.008557771067,0.01069861988,True
The Castells,7,3,0.008557771067,0.01069861988,True
The Chainsmokers Featuring Rozes,7,1,0.008557771067,0.003566206626,True
The Champs,7,3,0.008557771067,0.01069861988,True
The Chordettes,7,4,0.008557771067,0.0142648265,True
The Corrs,7,2,0.008557771067,0.007132413252,True
The Critters,7,4,0.008557771067,0.0142648265,True
The DeFranco Family featuring Tony DeFranco,7,2,0.008557771067,0.007132413252,True
The Deele,7,2,0.008557771067,0.007132413252,True
The Duprees,7,4,0.008557771067,0.0142648265,True
The Exotic Sounds of Martin Denny,7,3,0.008557771067,0.01069861988,True
The Fantastic Johnny C,7,3,0.008557771067,0.01069861988,True
The Five Stairsteps,7,5,0.008557771067,0.01783103313,True
The Harry Simeone Chorale,7,1,0.008557771067,0.003566206626,True
The Honeydrippers,7,2,0.008557771067,0.007132413252,True
The Independents,7,4,0.008557771067,0.0142648265,True
The Poppy Family (Featuring Susan Jacks),7,2,0.008557771067,0.007132413252,True
The Prodigy,7,2,0.008557771067,0.007132413252,True
The Pussycat Dolls Featuring Snoop Dogg,7,1,0.008557771067,0.003566206626,True
The Strangeloves,7,3,0.008557771067,0.01069861988,True
The Sweet,7,2,0.008557771067,0.007132413252,True
The System,7,3,0.008557771067,0.01069861988,True
The U-Krew,7,2,0.008557771067,0.007132413252,True
The Union Gap Featuring Gary Puckett,7,2,0.008557771067,0.007132413252,True
The Vibrations,7,4,0.008557771067,0.0142648265,True
The Wilkinsons,7,2,0.008557771067,0.007132413252,True
The Youngbloods,7,2,0.008557771067,0.007132413252,True
Them,7,3,0.008557771067,0.01069861988,True
Tom Cochrane,7,2,0.008557771067,0.007132413252,True
Travis Scott Featuring Playboi Carti,7,1,0.008557771067,0.003566206626,True
Trey Songz Featuring Drake,7,2,0.008557771067,0.007132413252,True
Trey Songz Featuring Fabolous,7,1,0.008557771067,0.003566206626,True
Troop,7,3,0.008557771067,0.01069861988,True
Troye Sivan,7,3,0.008557771067,0.01069861988,True
"Tyler, The Creator",7,5,0.008557771067,0.01783103313,True
U.N.V.,7,2,0.008557771067,0.007132413252,True
U.S. Bonds,7,2,0.008557771067,0.007132413252,True
US3,7,1,0.008557771067,0.003566206626,True
Usher Featuring will.i.am,7,1,0.008557771067,0.003566206626,True
Van Stephenson,7,3,0.008557771067,0.01069861988,True
Vanessa Williams/Brian McKnight,7,1,0.008557771067,0.003566206626,True
Vicki Lawrence,7,3,0.008557771067,0.01069861988,True
Vince Guaraldi Trio,7,3,0.008557771067,0.01069861988,True
Walter Murphy & The Big Apple Band,7,1,0.008557771067,0.003566206626,True
Waylon & Willie,7,3,0.008557771067,0.01069861988,True
Wayne Wonder,7,1,0.008557771067,0.003566206626,True
Whitney Houston Feat. Faith Evans & Kelly Price,7,1,0.008557771067,0.003566206626,True
Wilbert Harrison,7,2,0.008557771067,0.007132413252,True
Wu-Tang Clan,7,2,0.008557771067,0.007132413252,True
"Wyclef Jean Featuring Akon, Lil Wayne & Niia",7,1,0.008557771067,0.003566206626,True
Xzibit,7,3,0.008557771067,0.01069861988,True
YG Featuring Jeezy & Rich Homie Quan,7,1,0.008557771067,0.003566206626,True
Yankee Grey,7,2,0.008557771067,0.007132413252,True
Yarbrough & Peoples,7,3,0.008557771067,0.01069861988,True
Yellowcard,7,2,0.008557771067,0.007132413252,True
Young Buck,7,2,0.008557771067,0.007132413252,True
Young Money,7,2,0.008557771067,0.007132413252,True
Young Thug Featuring Gunna,7,2,0.008557771067,0.007132413252,True
YoungBloodZ Featuring Lil Jon,7,1,0.008557771067,0.003566206626,True
Yvette Michele,7,3,0.008557771067,0.01069861988,True
Zayn,7,2,0.008557771067,0.007132413252,True
Zedd & Alessia Cara,7,1,0.008557771067,0.003566206626,True
Zedd Featuring Foxes,7,1,0.008557771067,0.003566206626,True
matchbox 20,7,1,0.008557771067,0.003566206626,True
112 Featuring Lil'z,6,1,0.007335232343,0.003566206626,True
112 Featuring The Notorious B.I.G.,6,1,0.007335232343,0.003566206626,True
2 Chainz Featuring Drake,6,1,0.007335232343,0.003566206626,True
30 Seconds To Mars,6,2,0.007335232343,0.007132413252,True
3LW,6,2,0.007335232343,0.007132413252,True
4 Non Blondes,6,1,0.007335232343,0.003566206626,True
A Great Big World & Christina Aguilera,6,1,0.007335232343,0.003566206626,True
"A$AP Rocky Featuring Drake, 2 Chainz & Kendrick Lamar",6,1,0.007335232343,0.003566206626,True
A'me Lorain,6,2,0.007335232343,0.007132413252,True
AFI,6,2,0.007335232343,0.007132413252,True
After The Fire,6,2,0.007335232343,0.007132413252,True
Akon Featuring Styles P.,6,1,0.007335232343,0.003566206626,True
Alan O'Day,6,2,0.007335232343,0.007132413252,True
Ali Thomson,6,2,0.007335232343,0.007132413252,True
Alisha,6,2,0.007335232343,0.007132413252,True
Allan Sherman,6,3,0.007335232343,0.01069861988,True
Allure Featuring 112,6,1,0.007335232343,0.003566206626,True
Amy Winehouse,6,2,0.007335232343,0.007132413252,True
Andy Taylor,6,2,0.007335232343,0.007132413252,True
Angie Martinez Featuring Lil' Mo & Sacario,6,1,0.007335232343,0.003566206626,True
Anita Ward,6,2,0.007335232343,0.007132413252,True
Annette,6,3,0.007335232343,0.01069861988,True
Arcadia,6,2,0.007335232343,0.007132413252,True
Ariana Grande Feat. Doja Cat & Megan Thee Stallion,6,1,0.007335232343,0.003566206626,True
Ariana Grande Featuring Iggy Azalea,6,1,0.007335232343,0.003566206626,True
Ariana Grande Featuring Mac Miller,6,1,0.007335232343,0.003566206626,True
Arizona Zervas,6,1,0.007335232343,0.003566206626,True
Augustana,6,1,0.007335232343,0.003566206626,True
B*Witched,6,2,0.007335232343,0.007132413252,True
B.J. Thomas And The Triumphs,6,2,0.007335232343,0.007132413252,True
B.o.B Featuring Bruno Mars,6,1,0.007335232343,0.003566206626,True
B.o.B Featuring Hayley Williams,6,1,0.007335232343,0.003566206626,True
B2K & P. Diddy,6,1,0.007335232343,0.003566206626,True
BLACKPINK,6,4,0.007335232343,0.0142648265,True
BRS Kash,6,1,0.007335232343,0.003566206626,True
Baby Bash Featuring Akon,6,1,0.007335232343,0.003566206626,True
Baby Boy Da Prince Featuring Lil Boosie,6,1,0.007335232343,0.003566206626,True
Baby Keem & Kendrick Lamar,6,3,0.007335232343,0.01069861988,True
Bad Bunny & Chencho Corleone,6,1,0.007335232343,0.003566206626,True
Barbara Acklin,6,3,0.007335232343,0.01069861988,True
Barbara Fairchild,6,2,0.007335232343,0.007132413252,True
Barbara George,6,2,0.007335232343,0.007132413252,True
Barbara Mandrell,6,3,0.007335232343,0.01069861988,True
Barry DeVorzon And Perry Botikin Jr.,6,2,0.007335232343,0.007132413252,True
Barry McGuire,6,3,0.007335232343,0.01069861988,True
Bazzi Featuring Camila Cabello,6,1,0.007335232343,0.003566206626,True
Beenie Man Featuring Ms. Thing,6,1,0.007335232343,0.003566206626,True
Bella Kay,6,1,0.007335232343,0.003566206626,True
Big Audio,6,2,0.007335232343,0.007132413252,True
Big Brother And The Holding Company,6,3,0.007335232343,0.01069861988,True
Big Sean Featuring Nicki Minaj,6,1,0.007335232343,0.003566206626,True
BigXthaPlug Featuring Bailey Zimmerman,6,1,0.007335232343,0.003566206626,True
Bizarre Inc,6,1,0.007335232343,0.003566206626,True
Blake Shelton Duet With Gwen Stefani,6,1,0.007335232343,0.003566206626,True
BlocBoy JB Featuring Drake,6,1,0.007335232343,0.003566206626,True
Bob B. Soxx And The Blue Jeans,6,3,0.007335232343,0.01069861988,True
Bobby Hebb,6,3,0.007335232343,0.01069861988,True
Bobby McFerrin,6,1,0.007335232343,0.003566206626,True
Boney M.,6,4,0.007335232343,0.0142648265,True
Bourgeois Tagg,6,2,0.007335232343,0.007132413252,True
Bow Wow Featuring Omarion,6,1,0.007335232343,0.003566206626,True
Boys Like Girls Featuring Taylor Swift,6,1,0.007335232343,0.003566206626,True
Brass Construction,6,2,0.007335232343,0.007132413252,True
Brenda Russell Featuring Joe Esposito,6,1,0.007335232343,0.003566206626,True
Britney Spears Featuring Nicki Minaj & Ke$ha,6,1,0.007335232343,0.003566206626,True
Bruce Willis,6,3,0.007335232343,0.01069861988,True
CKay,6,1,0.007335232343,0.003566206626,True
Ca$h Out,6,2,0.007335232343,0.007132413252,True
Calvin Harris Featuring Florence Welch,6,1,0.007335232343,0.003566206626,True
Camila Cabello Featuring DaBaby,6,1,0.007335232343,0.003566206626,True
Cannonball Adderley,6,4,0.007335232343,0.0142648265,True
Capleton,6,2,0.007335232343,0.007132413252,True
Cardi B Featuring Kehlani,6,2,0.007335232343,0.007132413252,True
Cardi B Featuring Megan Thee Stallion,6,1,0.007335232343,0.003566206626,True
Carl Douglas,6,2,0.007335232343,0.007132413252,True
Carly Pearce & Lee Brice,6,1,0.007335232343,0.003566206626,True
Cassadee Pope,6,2,0.007335232343,0.007132413252,True
Cassidy Featuring R. Kelly,6,1,0.007335232343,0.003566206626,True
Chance The Rapper Featuring Lil Wayne & 2 Chainz,6,1,0.007335232343,0.003566206626,True
Change,6,3,0.007335232343,0.01069861988,True
Charles & Eddie,6,1,0.007335232343,0.003566206626,True
Charlie,6,4,0.007335232343,0.0142648265,True
Chloe,6,2,0.007335232343,0.007132413252,True
Chris Brown Featuring Lil Wayne & Busta Rhymes,6,1,0.007335232343,0.003566206626,True
Chris Brown Featuring Nicki Minaj,6,1,0.007335232343,0.003566206626,True
Chris Brown Featuring T-Pain,6,1,0.007335232343,0.003566206626,True
Chris Brown Featuring Tyga & Kevin McCall,6,1,0.007335232343,0.003566206626,True
Chris Kenner,6,2,0.007335232343,0.007132413252,True
Christie,6,2,0.007335232343,0.007132413252,True
Chuckii Booker,6,2,0.007335232343,0.007132413252,True
City Girls,6,2,0.007335232343,0.007132413252,True
Cleopatra,6,2,0.007335232343,0.007132413252,True
Clint Holmes,6,1,0.007335232343,0.003566206626,True
Cody Johnson & Carrie Underwood,6,1,0.007335232343,0.003566206626,True
Coi Leray,6,1,0.007335232343,0.003566206626,True
Colby O'Donis Featuring Akon,6,1,0.007335232343,0.003566206626,True
Crispian St. Peters,6,3,0.007335232343,0.01069861988,True
D.H.T.,6,1,0.007335232343,0.003566206626,True
DJ Sammy & Yanou Featuring Do,6,1,0.007335232343,0.003566206626,True
"DJ Snake Featuring Selena Gomez, Ozuna & Cardi B",6,1,0.007335232343,0.003566206626,True
Daddy Yankee & Katy Perry Featuring Snow,6,1,0.007335232343,0.003566206626,True
Daft Punk Featuring Pharrell Williams,6,1,0.007335232343,0.003566206626,True
Dale & Grace,6,3,0.007335232343,0.01069861988,True
Daniel Boone,6,3,0.007335232343,0.01069861988,True
Danielle Bradbery,6,4,0.007335232343,0.0142648265,True
Danny & The Juniors,6,4,0.007335232343,0.0142648265,True
David & David,6,2,0.007335232343,0.007132413252,True
David Archuleta,6,1,0.007335232343,0.003566206626,True
David Foster,6,2,0.007335232343,0.007132413252,True
David Naughton,6,1,0.007335232343,0.003566206626,True
Davina,6,2,0.007335232343,0.007132413252,True
Death Cab For Cutie,6,2,0.007335232343,0.007132413252,True
Delbert McClinton,6,2,0.007335232343,0.007132413252,True
"Dem Franchize Boyz Featuring Jermaine Dupri, Da Brat & Bow Wow",6,1,0.007335232343,0.003566206626,True
Dem Franchize Boyz Featuring Lil Peanut & Charlay,6,1,0.007335232343,0.003566206626,True
Deon Jackson,6,3,0.007335232343,0.01069861988,True
Derek,6,2,0.007335232343,0.007132413252,True
Dexter And The Moonrocks,6,1,0.007335232343,0.003566206626,True
Diana Ross & Lionel Richie,6,1,0.007335232343,0.003566206626,True
Diplo Presents Thomas Wesley Featuring Morgan Wallen,6,1,0.007335232343,0.003566206626,True
Divinyls,6,2,0.007335232343,0.007132413252,True
Djo,6,1,0.007335232343,0.003566206626,True
Dokken,6,3,0.007335232343,0.01069861988,True
Don Covay,6,4,0.007335232343,0.0142648265,True
Don Gardner And Dee Dee Ford,6,3,0.007335232343,0.01069861988,True
Donald Fagen,6,3,0.007335232343,0.01069861988,True
Doris Day,6,3,0.007335232343,0.01069861988,True
Dru Down,6,2,0.007335232343,0.007132413252,True
Dustin Lynch Featuring Lauren Alaina Or MacKenzie Porter,6,1,0.007335232343,0.003566206626,True
E-40 Featuring T-Pain & Kandi Girl,6,1,0.007335232343,0.003566206626,True
ERNEST Featuring Morgan Wallen,6,1,0.007335232343,0.003566206626,True
Eagle-Eye Cherry,6,1,0.007335232343,0.003566206626,True
Eddie Harris,6,3,0.007335232343,0.01069861988,True
Eddie Rabbitt With Crystal Gayle,6,1,0.007335232343,0.003566206626,True
El Chicano,6,3,0.007335232343,0.01069861988,True
Elle King & Miranda Lambert,6,1,0.007335232343,0.003566206626,True
Emmylou Harris,6,3,0.007335232343,0.01069861988,True
Enrique Iglesias Featuring Ludacris & DJ Frank E,6,1,0.007335232343,0.003566206626,True
Erykah Badu Featuring Common,6,1,0.007335232343,0.003566206626,True
Estelle Featuring Kanye West,6,1,0.007335232343,0.003566206626,True
Every Mothers' Son,6,3,0.007335232343,0.01069861988,True
Fabolous Featuring Tamia Or Ashanti,6,1,0.007335232343,0.003566206626,True
Fancy,6,2,0.007335232343,0.007132413252,True
Fanny,6,4,0.007335232343,0.0142648265,True
Far*East Movement Featuring Cataracs & Dev,6,1,0.007335232343,0.003566206626,True
Faron Young,6,4,0.007335232343,0.0142648265,True
Fat Joe Featuring Ashanti,6,1,0.007335232343,0.003566206626,True
Fat Joe Featuring Lil Wayne,6,1,0.007335232343,0.003566206626,True
Flash Cadillac And The Continental Kids,6,3,0.007335232343,0.01069861988,True
Flipp Dinero,6,1,0.007335232343,0.003566206626,True
Florida Georgia Line Ft. Jason Derulo & Luke Bryan,6,1,0.007335232343,0.003566206626,True
FloyyMenor X Cris Mj,6,1,0.007335232343,0.003566206626,True
Flume Featuring Kai,6,1,0.007335232343,0.003566206626,True
Focus,6,2,0.007335232343,0.007132413252,True
Force M.D.'s,6,2,0.007335232343,0.007132413252,True
Frank Ifield,6,4,0.007335232343,0.0142648265,True
Frank Zappa,6,3,0.007335232343,0.01069861988,True
Free,6,2,0.007335232343,0.007132413252,True
French Montana Featuring Drake,6,2,0.007335232343,0.007132413252,True
Frida,6,1,0.007335232343,0.003566206626,True
Frijid Pink,6,3,0.007335232343,0.01069861988,True
Frost,6,2,0.007335232343,0.007132413252,True
Gale Garnett,6,2,0.007335232343,0.007132413252,True
Garnet Mimms,6,4,0.007335232343,0.0142648265,True
Gary Numan,6,1,0.007335232343,0.003566206626,True
Gene And Debbe,6,3,0.007335232343,0.01069861988,True
George Hamilton IV,6,4,0.007335232343,0.0142648265,True
Georgio,6,3,0.007335232343,0.01069861988,True
Grace Featuring G-Eazy,6,1,0.007335232343,0.003566206626,True
Graham Central Station,6,4,0.007335232343,0.0142648265,True
"Grover Washington, Jr. With Bill Withers",6,1,0.007335232343,0.003566206626,True
Gucci Mane Featuring Migos,6,1,0.007335232343,0.003566206626,True
Gucci Mane X Bruno Mars X Kodak Black,6,1,0.007335232343,0.003566206626,True
Gunna Featuring Burna Boy,6,1,0.007335232343,0.003566206626,True
Gym Class Heroes Featuring Neon Hitch,6,1,0.007335232343,0.003566206626,True
Gym Class Heroes Featuring Patrick Stump,6,1,0.007335232343,0.003566206626,True
HARDY Featuring Lauren Alaina & Devin Dawson,6,1,0.007335232343,0.003566206626,True
Hailee Steinfeld & Alesso Featuring Florida Georgia Line & Watt,6,1,0.007335232343,0.003566206626,True
Hole,6,3,0.007335232343,0.01069861988,True
Hotel,6,4,0.007335232343,0.0142648265,True
Howard Tate,6,3,0.007335232343,0.01069861988,True
Humble Pie,6,3,0.007335232343,0.01069861988,True
Ian Matthews,6,3,0.007335232343,0.01069861988,True
Ike & Tina Turner & The Ikettes,6,2,0.007335232343,0.007132413252,True
Irma Thomas,6,3,0.007335232343,0.01069861988,True
J. Cole Featuring Miguel,6,1,0.007335232343,0.003566206626,True
J.J. Jackson,6,2,0.007335232343,0.007132413252,True
JP Saxe Featuring Julia Michaels,6,1,0.007335232343,0.003566206626,True
Ja Rule Featuring Lil' Mo & Vita,6,1,0.007335232343,0.003566206626,True
Jacquees,6,2,0.007335232343,0.007132413252,True
Jagged Edge With Nelly,6,1,0.007335232343,0.003566206626,True
James Ray,6,2,0.007335232343,0.007132413252,True
Jarreau,6,3,0.007335232343,0.01069861988,True
Jason Mraz & Colbie Caillat,6,1,0.007335232343,0.003566206626,True
Jax,6,1,0.007335232343,0.003566206626,True
Jay-Z Featuring Beyonce Knowles,6,1,0.007335232343,0.003566206626,True
Jaya,6,1,0.007335232343,0.003566206626,True
Jennifer Lopez Featuring Nas,6,1,0.007335232343,0.003566206626,True
Jessi Colter,6,3,0.007335232343,0.01069861988,True
Jim Jones,6,1,0.007335232343,0.003566206626,True
Jim Weatherly,6,2,0.007335232343,0.007132413252,True
Jimmy Hughes,6,4,0.007335232343,0.0142648265,True
Jive Bunny & The Mastermixers,6,2,0.007335232343,0.007132413252,True
Joanie Sommers,6,2,0.007335232343,0.007132413252,True
Joe Featuring Mystikal,6,1,0.007335232343,0.003566206626,True
Joey Heatherton,6,2,0.007335232343,0.007132413252,True
John Legend Featuring Andre 3000,6,1,0.007335232343,0.003566206626,True
John Sebastian,6,3,0.007335232343,0.01069861988,True
Johnny Wakelin & The Kinshasa Band,6,1,0.007335232343,0.003566206626,True
Jon Bellion,6,1,0.007335232343,0.003566206626,True
Jorgen Ingmann & His Guitar,6,2,0.007335232343,0.007132413252,True
Juanes,6,2,0.007335232343,0.007132413252,True
Jud Strunk,6,3,0.007335232343,0.01069861988,True
Justin Bieber Featuring Daniel Caesar & Giveon,6,1,0.007335232343,0.003566206626,True
Justin Bieber Featuring Nicki Minaj,6,1,0.007335232343,0.003566206626,True
Justin Timberlake Duet With Beyonce,6,1,0.007335232343,0.003566206626,True
Justin Timberlake Featuring JAY Z,6,1,0.007335232343,0.003566206626,True
Juvenile Featuring Soulja Slim,6,1,0.007335232343,0.003566206626,True
K.W.S.,6,1,0.007335232343,0.003566206626,True
KRS-One,6,3,0.007335232343,0.01069861988,True
Kajagoogoo,6,2,0.007335232343,0.007132413252,True
Kalin Twins,6,2,0.007335232343,0.007132413252,True
Kardinal Offishall Featuring Akon,6,1,0.007335232343,0.003566206626,True
Kathy Troccoli,6,2,0.007335232343,0.007132413252,True
Katy Perry Featuring Kanye West,6,1,0.007335232343,0.003566206626,True
Keith Hampshire,6,3,0.007335232343,0.01069861988,True
Keith Murray,6,2,0.007335232343,0.007132413252,True
Keith Washington,6,2,0.007335232343,0.007132413252,True
Kendrick Lamar Featuring Rihanna,6,1,0.007335232343,0.003566206626,True
Kenny Lattimore,6,2,0.007335232343,0.007132413252,True
Kenny Rogers Duet With Dolly Parton,6,1,0.007335232343,0.003566206626,True
Ketty Lester,6,2,0.007335232343,0.007132413252,True
Kevin Lyttle Featuring Spragga Benz,6,1,0.007335232343,0.003566206626,True
Kiiara,6,1,0.007335232343,0.003566206626,True
King Harvest,6,2,0.007335232343,0.007132413252,True
Kitty Kallen,6,3,0.007335232343,0.01069861988,True
Kodak Black Featuring Travis Scott & Offset,6,1,0.007335232343,0.003566206626,True
Kodak Black Featuring XXXTENTACION,6,1,0.007335232343,0.003566206626,True
Kygo x Selena Gomez,6,1,0.007335232343,0.003566206626,True
Kym Sims,6,2,0.007335232343,0.007132413252,True
Kyper,6,1,0.007335232343,0.003566206626,True
La Roux,6,1,0.007335232343,0.003566206626,True
Lana Del Rey vs. Cedric Gervais,6,1,0.007335232343,0.003566206626,True
LeRoux,6,3,0.007335232343,0.01069861988,True
Lee Michaels,6,2,0.007335232343,0.007132413252,True
Len,6,1,0.007335232343,0.003566206626,True
Liam Payne Featuring Quavo,6,1,0.007335232343,0.003566206626,True
Lil Baby Featuring Fridayy,6,1,0.007335232343,0.003566206626,True
Lil Durk Featuring J. Cole,6,1,0.007335232343,0.003566206626,True
Lil Jon Featuring E-40 & Sean Paul Of The YoungBloodZ,6,1,0.007335232343,0.003566206626,True
Lil Rob,6,2,0.007335232343,0.007132413252,True
Lil Uzi Vert Featuring Nicki Minaj,6,2,0.007335232343,0.007132413252,True
Lil Wayne Featuring T-Pain,6,1,0.007335232343,0.003566206626,True
Lil Yachty,6,3,0.007335232343,0.01069861988,True
Lil' Kim Featuring 50 Cent,6,1,0.007335232343,0.003566206626,True
Lisa Keith,6,2,0.007335232343,0.007132413252,True
Lisa Lisa And Cult Jam With Full Force Featuring Paul Anthony & Bow Legged Lou,6,1,0.007335232343,0.003566206626,True
Lisa Loeb,6,2,0.007335232343,0.007132413252,True
Little Sister,6,2,0.007335232343,0.007132413252,True
Lo-Key?,6,2,0.007335232343,0.007132413252,True
Lord Tariq & Peter Gunz,6,1,0.007335232343,0.003566206626,True
Lou Bega,6,2,0.007335232343,0.007132413252,True
Lou Johnson,6,3,0.007335232343,0.01069861988,True
Louie Louie,6,2,0.007335232343,0.007132413252,True
Love And Rockets,6,2,0.007335232343,0.007132413252,True
Love And Theft,6,2,0.007335232343,0.007132413252,True
Ludacris Featuring Pharrell,6,1,0.007335232343,0.003566206626,True
Luniz,6,1,0.007335232343,0.003566206626,True
Lupe Fiasco Featuring Matthew Santos,6,2,0.007335232343,0.007132413252,True
Luscious Jackson,6,1,0.007335232343,0.003566206626,True
M.C. Brains,6,2,0.007335232343,0.007132413252,True
M/A/R/R/S,6,1,0.007335232343,0.003566206626,True
MKTO,6,1,0.007335232343,0.003566206626,True
"MOLIY, Silent Addy, Skillibeng & Shenseea",6,1,0.007335232343,0.003566206626,True
Macy Gray,6,1,0.007335232343,0.003566206626,True
Major Lazer Featuring Justin Bieber & MO,6,1,0.007335232343,0.003566206626,True
Mama Cass,6,3,0.007335232343,0.01069861988,True
Marcy Playground,6,1,0.007335232343,0.003566206626,True
Mariah Carey & Boyz II Men,6,1,0.007335232343,0.003566206626,True
Maroon 5 Featuring Megan Thee Stallion,6,1,0.007335232343,0.003566206626,True
Marques Houston,6,3,0.007335232343,0.01069861988,True
Mary Mary,6,2,0.007335232343,0.007132413252,True
Mase,6,2,0.007335232343,0.007132413252,True
Mase Featuring Total,6,1,0.007335232343,0.003566206626,True
Mat Kearney,6,2,0.007335232343,0.007132413252,True
Maze Featuring Frankie Beverly,6,4,0.007335232343,0.0142648265,True
Megan Thee Stallion & Dua Lipa,6,1,0.007335232343,0.003566206626,True
Melanie Fiona,6,2,0.007335232343,0.007132413252,True
"Metro Boomin, Future & Chris Brown",6,1,0.007335232343,0.003566206626,True
Migos Featuring Drake,6,2,0.007335232343,0.007132413252,True
Miguel Featuring Travis Scott,6,1,0.007335232343,0.003566206626,True
"Mike WiLL Made-It Featuring Miley Cyrus, Wiz Khalifa & Juicy J",6,1,0.007335232343,0.003566206626,True
Morris Day,6,2,0.007335232343,0.007132413252,True
Mouth & MacNeal,6,2,0.007335232343,0.007132413252,True
Musical Youth,6,2,0.007335232343,0.007132413252,True
Mustard & Migos,6,1,0.007335232343,0.003566206626,True
N.O.R.E.,6,1,0.007335232343,0.003566206626,True
Nancy Sinatra & Lee Hazlewood,6,3,0.007335232343,0.01069861988,True
Natalie La Rose Featuring Jeremih,6,1,0.007335232343,0.003566206626,True
Nelly & Florida Georgia Line,6,1,0.007335232343,0.003566206626,True
Nelly Featuring Tim McGraw,6,1,0.007335232343,0.003566206626,True
Nelly Furtado Featuring Timbaland,6,1,0.007335232343,0.003566206626,True
New York City,6,3,0.007335232343,0.01069861988,True
Nicki French,6,1,0.007335232343,0.003566206626,True
Nicki Minaj Featuring Drake,6,2,0.007335232343,0.007132413252,True
"Nicki Minaj Featuring Drake, Lil Wayne & Chris Brown",6,1,0.007335232343,0.003566206626,True
Nicki Minaj Featuring Lil Wayne,6,3,0.007335232343,0.01069861988,True
Nicky Jam,6,2,0.007335232343,0.007132413252,True
"Nicole Featuring Missy ""Misdemeanor"" Elliott & Mocha",6,1,0.007335232343,0.003566206626,True
Niko Moon,6,1,0.007335232343,0.003566206626,True
Norman Greenbaum,6,3,0.007335232343,0.01069861988,True
O.A.R.,6,1,0.007335232343,0.003566206626,True
Ocean,6,4,0.007335232343,0.0142648265,True
Oliver Anthony Music,6,2,0.007335232343,0.007132413252,True
Outlaws,6,2,0.007335232343,0.007132413252,True
"P. Diddy & Ginuwine Featuring Loon, Mario Winans & Tammy Ruggeri",6,1,0.007335232343,0.003566206626,True
PARTYNEXTDOOR Featuring Drake,6,1,0.007335232343,0.003566206626,True
PC Quest,6,2,0.007335232343,0.007132413252,True
Patra,6,2,0.007335232343,0.007132413252,True
Peabo Bryson/Roberta Flack,6,1,0.007335232343,0.003566206626,True
Perez Prado And His Orchestra,6,3,0.007335232343,0.01069861988,True
Peter Brown,6,3,0.007335232343,0.01069861988,True
Philip Bailey With Phil Collins,6,1,0.007335232343,0.003566206626,True
Pitbull & Ne-Yo,6,1,0.007335232343,0.003566206626,True
Planet Soul,6,1,0.007335232343,0.003566206626,True
Playboi Carti & The Weeknd,6,1,0.007335232343,0.003566206626,True
Pleasure P,6,2,0.007335232343,0.007132413252,True
Plies Featuring T-Pain,6,1,0.007335232343,0.003566206626,True
Polo G Featuring Lil Tjay,6,1,0.007335232343,0.003566206626,True
Portrait,6,2,0.007335232343,0.007132413252,True
Post Malone & The Weeknd,6,1,0.007335232343,0.003566206626,True
Powfu Featuring beabadoobee,6,1,0.007335232343,0.003566206626,True
Q-Tip,6,2,0.007335232343,0.007132413252,True
Quavo,6,3,0.007335232343,0.01069861988,True
Queens Of The Stone Age,6,2,0.007335232343,0.007132413252,True
R. City Featuring Adam Levine,6,1,0.007335232343,0.003566206626,True
R. Dean Taylor,6,4,0.007335232343,0.0142648265,True
Rae Sremmurd Featuring Gucci Mane,6,1,0.007335232343,0.003566206626,True
Rauw Alejandro,6,3,0.007335232343,0.01069861988,True
Ray J & Yung Berg,6,1,0.007335232343,0.003566206626,True
Re-flex,6,2,0.007335232343,0.007132413252,True
Real Boston Richey,6,1,0.007335232343,0.003566206626,True
Rick Derringer,6,3,0.007335232343,0.01069861988,True
Rick Nelson And The Stone Canyon Band,6,2,0.007335232343,0.007132413252,True
Rihanna Featuring Ne-Yo,6,1,0.007335232343,0.003566206626,True
Rob $tone Featuring J. Davi$ & Spooks,6,1,0.007335232343,0.003566206626,True
Robbie Patton,6,2,0.007335232343,0.007132413252,True
Robbie Williams,6,2,0.007335232343,0.007132413252,True
Robert Mitchum,6,1,0.007335232343,0.003566206626,True
Rockets,6,3,0.007335232343,0.01069861988,True
Roddy Ricch Featuring Mustard,6,1,0.007335232343,0.003566206626,True
Roger,6,2,0.007335232343,0.007132413252,True
RuPaul,6,2,0.007335232343,0.007132413252,True
Russ,6,2,0.007335232343,0.007132413252,True
Russell Dickerson & Jake Scott,6,1,0.007335232343,0.003566206626,True
Ryan Hurd With Maren Morris,6,1,0.007335232343,0.003566206626,True
SZA Featuring Travis Scott,6,2,0.007335232343,0.007132413252,True
Saga,6,3,0.007335232343,0.01069861988,True
Sage The Gemini Featuring IamSu!,6,1,0.007335232343,0.003566206626,True
Saliva,6,2,0.007335232343,0.007132413252,True
Sam Fender & Olivia Dean,6,1,0.007335232343,0.003566206626,True
Sami Jo,6,2,0.007335232343,0.007132413252,True
Sammi Smith,6,2,0.007335232343,0.007132413252,True
"Sammy Davis, Jr. with The Mike Curb Congregation",6,2,0.007335232343,0.007132413252,True
Santana Featuring The Product G&B,6,1,0.007335232343,0.003566206626,True
Seals & Crofts (Featuring Carolyn Willis),6,1,0.007335232343,0.003566206626,True
Selena Gomez Featuring A$AP Rocky,6,1,0.007335232343,0.003566206626,True
Shabba Ranks,6,2,0.007335232343,0.007132413252,True
Shana,6,2,0.007335232343,0.007132413252,True
Sheck Wes,6,1,0.007335232343,0.003566206626,True
Sia Featuring Kendrick Lamar,6,1,0.007335232343,0.003566206626,True
Siouxsie & The Banshees,6,2,0.007335232343,0.007132413252,True
Skyy,6,2,0.007335232343,0.007132413252,True
Slave,6,3,0.007335232343,0.01069861988,True
Sly Fox,6,1,0.007335232343,0.003566206626,True
Smith,6,3,0.007335232343,0.01069861988,True
Smooth,6,2,0.007335232343,0.007132413252,True
Sneaker,6,2,0.007335232343,0.007132413252,True
Snoop Dogg Featuring Pharrell,6,1,0.007335232343,0.003566206626,True
Somethin' For The People Featuring Trina & Tamara,6,1,0.007335232343,0.003566206626,True
Son By Four,6,1,0.007335232343,0.003566206626,True
Sonique,6,1,0.007335232343,0.003566206626,True
Soulja Boy Tell 'em Featuring Sammie,6,1,0.007335232343,0.003566206626,True
Spider,6,2,0.007335232343,0.007132413252,True
Spirit,6,3,0.007335232343,0.01069861988,True
SpotemGottem Featuring Pooh Shiesty Or DaBaby,6,1,0.007335232343,0.003566206626,True
Spyro Gyra,6,4,0.007335232343,0.0142648265,True
Stacy Earl,6,2,0.007335232343,0.007132413252,True
Stampeders,6,3,0.007335232343,0.01069861988,True
Stars On 45,6,2,0.007335232343,0.007132413252,True
Steam,6,2,0.007335232343,0.007132413252,True
Stella Lefty,6,1,0.007335232343,0.003566206626,True
Sting Featuring Cheb Mami,6,1,0.007335232343,0.003566206626,True
Sugarloaf/Jerry Corbetta,6,2,0.007335232343,0.007132413252,True
Surf Mesa Featuring Emilee,6,1,0.007335232343,0.003566206626,True
Sylvia (r&b),6,2,0.007335232343,0.007132413252,True
Syndicate Of Sound,6,3,0.007335232343,0.01069861988,True
T'Pau,6,1,0.007335232343,0.003566206626,True
T-Pain,6,1,0.007335232343,0.003566206626,True
T-Pain Featuring Chris Brown,6,2,0.007335232343,0.007132413252,True
T-Pain Featuring Lil Wayne,6,2,0.007335232343,0.007132413252,True
T.I. Featuring Rihanna,6,1,0.007335232343,0.003566206626,True
THE ANXIETY: WILLOW & Tyler Cole,6,1,0.007335232343,0.003566206626,True
Tab Hunter,6,3,0.007335232343,0.01069861988,True
Tame Impala & JENNIE,6,1,0.007335232343,0.003566206626,True
Taylor Swift Featuring Kendrick Lamar,6,1,0.007335232343,0.003566206626,True
Technotronic,6,2,0.007335232343,0.007132413252,True
Terri Gibbs,6,2,0.007335232343,0.007132413252,True
Terry Jacks,6,2,0.007335232343,0.007132413252,True
Terry Stafford,6,2,0.007335232343,0.007132413252,True
The 5 Stairsteps,6,2,0.007335232343,0.007132413252,True
The Bell Notes,6,3,0.007335232343,0.01069861988,True
The Blue Ridge Rangers,6,2,0.007335232343,0.007132413252,True
The Breakfast Club,6,2,0.007335232343,0.007132413252,True
The Brotherhood Of Man,6,2,0.007335232343,0.007132413252,True
The Capitols,6,3,0.007335232343,0.01069861988,True
The Clique,6,3,0.007335232343,0.01069861988,True
The Communards,6,2,0.007335232343,0.007132413252,True
"The Corsairs Featuring Jay ""Bird"" Uzzell",6,2,0.007335232343,0.007132413252,True
The Cryan' Shames,6,4,0.007335232343,0.0142648265,True
The Cuff Links,6,3,0.007335232343,0.01069861988,True
The Duprees featuring Joey Vann,6,4,0.007335232343,0.0142648265,True
The Elgins,6,4,0.007335232343,0.0142648265,True
The Firm,6,3,0.007335232343,0.01069861988,True
The Four Lads,6,4,0.007335232343,0.0142648265,True
The Free Movement,6,1,0.007335232343,0.003566206626,True
The Fuzz,6,2,0.007335232343,0.007132413252,True
The Hondells,6,3,0.007335232343,0.01069861988,True
The Ikettes,6,3,0.007335232343,0.01069861988,True
The Irish Rovers,6,3,0.007335232343,0.01069861988,True
The John Hall Band,6,2,0.007335232343,0.007132413252,True
The Kane Gang,6,2,0.007335232343,0.007132413252,True
The Left Banke,6,3,0.007335232343,0.01069861988,True
The Lemonheads,6,2,0.007335232343,0.007132413252,True
The Notorious B.I.G. Featuring Puff Daddy & Mase,6,1,0.007335232343,0.003566206626,True
The Nylons,6,2,0.007335232343,0.007132413252,True
The Pixies Three,6,4,0.007335232343,0.0142648265,True
The Robert Cray Band,6,3,0.007335232343,0.01069861988,True
The Routers,6,2,0.007335232343,0.007132413252,True
The Script Featuring will.i.am,6,1,0.007335232343,0.003566206626,True
The Seeds,6,3,0.007335232343,0.01069861988,True
The Serendipity Singers,6,2,0.007335232343,0.007132413252,True
The Soul Children,6,3,0.007335232343,0.01069861988,True
The Soup Dragons,6,3,0.007335232343,0.01069861988,True
The Teddy Bears,6,1,0.007335232343,0.003566206626,True
The Ting Tings,6,2,0.007335232343,0.007132413252,True
The Toys,6,3,0.007335232343,0.01069861988,True
The Wailers,6,2,0.007335232343,0.007132413252,True
The Walker Bros.,6,3,0.007335232343,0.01069861988,True
The Watts 103rd Street Rhythm Band,6,3,0.007335232343,0.01069861988,True
Thin Lizzy,6,2,0.007335232343,0.007132413252,True
Three 6 Mafia Featuring Young Buck & Eightball & MJG,6,1,0.007335232343,0.003566206626,True
Tiesto,6,2,0.007335232343,0.007132413252,True
Tim McGraw With Taylor Swift,6,1,0.007335232343,0.003566206626,True
Timbaland Featuring Justin Timberlake,6,1,0.007335232343,0.003566206626,True
Timbaland Featuring Nelly Furtado & Justin Timberlake,6,1,0.007335232343,0.003566206626,True
Tinashe Featuring ScHoolboy Q,6,1,0.007335232343,0.003566206626,True
Toby Beau,6,3,0.007335232343,0.01069861988,True
Tony Bellus,6,1,0.007335232343,0.003566206626,True
Tony Joe White,6,3,0.007335232343,0.01069861988,True
Tony Orlando,6,4,0.007335232343,0.0142648265,True
Toosii,6,1,0.007335232343,0.003566206626,True
Tori Kelly,6,3,0.007335232343,0.01069861988,True
Traveling Wilburys,6,2,0.007335232343,0.007132413252,True
Travie McCoy Featuring Bruno Mars,6,1,0.007335232343,0.003566206626,True
"Trick Daddy Featuring Ludacris, Lil' Kim & Cee-Lo",6,1,0.007335232343,0.003566206626,True
Trillville Featuring Cutty,6,1,0.007335232343,0.003566206626,True
Trixter,6,3,0.007335232343,0.01069861988,True
Twista,6,2,0.007335232343,0.007132413252,True
Tyga,6,1,0.007335232343,0.003566206626,True
Tyga Featuring Offset,6,1,0.007335232343,0.003566206626,True
"Tyler, The Creator Featuring Lola Young",6,1,0.007335232343,0.003566206626,True
Uncle Sam,6,1,0.007335232343,0.003566206626,True
Uriah Heep,6,3,0.007335232343,0.01069861988,True
Usher And Alicia Keys,6,1,0.007335232343,0.003566206626,True
"Usher, Summer Walker & 21 Savage",6,1,0.007335232343,0.003566206626,True
Vanessa Hudgens,6,2,0.007335232343,0.007132413252,True
Vangelis,6,1,0.007335232343,0.003566206626,True
Vengaboys,6,2,0.007335232343,0.007132413252,True
Wale Featuring Tiara Thomas Or Rihanna,6,1,0.007335232343,0.003566206626,True
Warren Zeiders,6,1,0.007335232343,0.003566206626,True
Waterfront,6,2,0.007335232343,0.007132413252,True
Waylon,6,2,0.007335232343,0.007132413252,True
Waylon Jennings,6,3,0.007335232343,0.01069861988,True
Wayne Newton And The Newton Brothers,6,3,0.007335232343,0.01069861988,True
We Five,6,2,0.007335232343,0.007132413252,True
Webb Pierce,6,3,0.007335232343,0.01069861988,True
Wet Wet Wet,6,2,0.007335232343,0.007132413252,True
When In Rome,6,2,0.007335232343,0.007132413252,True
Whistle,6,2,0.007335232343,0.007132413252,True
William DeVaughn,6,2,0.007335232343,0.007132413252,True
Ying Yang Twins Featuring Lil Jon & The East Side Boyz,6,1,0.007335232343,0.003566206626,True
Young Jeezy,6,2,0.007335232343,0.007132413252,True
Young Money Featuring Lloyd,6,1,0.007335232343,0.003566206626,True
Yung Joc,6,1,0.007335232343,0.003566206626,True
Zayn / Taylor Swift,6,1,0.007335232343,0.003566206626,True
Zedd Featuring Hayley Williams,6,1,0.007335232343,0.003566206626,True
will.i.am & Britney Spears,6,1,0.007335232343,0.003566206626,True
12 Gauge,5,1,0.00611269362,0.003566206626,True
2Pac Featuring K-Ci And JoJo,5,1,0.00611269362,0.003566206626,True
310babii,5,2,0.00611269362,0.007132413252,True
4.0,5,1,0.00611269362,0.003566206626,True
50 Cent Feat. Mobb Deep,5,1,0.00611269362,0.003566206626,True
50 Cent Featuring Justin Timberlake & Timbaland,5,1,0.00611269362,0.003566206626,True
50 Cent Featuring Nate Dogg,5,1,0.00611269362,0.003566206626,True
50 Cent Featuring Olivia,5,1,0.00611269362,0.003566206626,True
7 Mile,5,1,0.00611269362,0.003566206626,True
A Boogie Wit da Hoodie Featuring Kodak Black,5,1,0.00611269362,0.003566206626,True
A Perfect Circle,5,2,0.00611269362,0.007132413252,True
A Thousand Horses,5,1,0.00611269362,0.003566206626,True
A$AP Ferg Featuring Nicki Minaj,5,1,0.00611269362,0.003566206626,True
AZ,5,1,0.00611269362,0.003566206626,True
Aaron Carter,5,2,0.00611269362,0.007132413252,True
Aaron Lewis Of Staind With Fred Durst,5,1,0.00611269362,0.003566206626,True
Ace Frehley,5,1,0.00611269362,0.003566206626,True
Ahmad,5,1,0.00611269362,0.003566206626,True
Akon Featuring Colby O'Donis & Kardinal Offishall,5,1,0.00611269362,0.003566206626,True
Akon Featuring Lil Wayne & Young Jeezy,5,1,0.00611269362,0.003566206626,True
Alabama Featuring 'N Sync,5,1,0.00611269362,0.003566206626,True
Alan Jackson & Jimmy Buffett,5,1,0.00611269362,0.003566206626,True
Aldo Nova,5,2,0.00611269362,0.007132413252,True
Alesso Featuring Tove Lo,5,1,0.00611269362,0.003566206626,True
Alex Warren With Jelly Roll,5,1,0.00611269362,0.003566206626,True
Alexandra Stan,5,1,0.00611269362,0.003566206626,True
Alien Ant Farm,5,1,0.00611269362,0.003566206626,True
Alison Moyet,5,2,0.00611269362,0.007132413252,True
Aloe Blacc,5,1,0.00611269362,0.003566206626,True
Alvin Cash & The Registers,5,2,0.00611269362,0.007132413252,True
Amanda Marshall,5,1,0.00611269362,0.003566206626,True
American Hi-Fi,5,1,0.00611269362,0.003566206626,True
Amy Grant With Vince Gill,5,1,0.00611269362,0.003566206626,True
Angelica,5,1,0.00611269362,0.003566206626,True
Ann Wilson & Robin Zander,5,1,0.00611269362,0.003566206626,True
Ann-Margret,5,3,0.00611269362,0.01069861988,True
Anuel AA & Romeo Santos,5,1,0.00611269362,0.003566206626,True
Arctic Monkeys,5,1,0.00611269362,0.003566206626,True
Ariana Grande & The Weeknd,5,1,0.00611269362,0.003566206626,True
Ariana Grande Featuring Zedd,5,1,0.00611269362,0.003566206626,True
Arthur Lyman Group,5,2,0.00611269362,0.007132413252,True
Arthur Prysock,5,3,0.00611269362,0.01069861988,True
August Alsina Featuring Trinidad James,5,1,0.00611269362,0.003566206626,True
Auli'i Cravalho,5,1,0.00611269362,0.003566206626,True
Autograph,5,1,0.00611269362,0.003566206626,True
Ayo & Teo,5,1,0.00611269362,0.003566206626,True
B. Bumble & The Stingers,5,2,0.00611269362,0.007132413252,True
B.o.B,5,2,0.00611269362,0.007132413252,True
B.o.B Featuring Lil Wayne,5,1,0.00611269362,0.003566206626,True
B.o.B Featuring T.I. & Juicy J,5,1,0.00611269362,0.003566206626,True
BENEE Featuring Gus Dapperton,5,1,0.00611269362,0.003566206626,True
Baby Featuring P. Diddy,5,1,0.00611269362,0.003566206626,True
"Babyface Featuring LL Cool J, Howard Hewett, Jody Watley & Jeffrey Daniels",5,1,0.00611269362,0.003566206626,True
Bad Bunny & Bomba Estereo,5,1,0.00611269362,0.003566206626,True
Bad Bunny & Feid,5,1,0.00611269362,0.003566206626,True
Bad Bunny & Rauw Alejandro,5,1,0.00611269362,0.003566206626,True
Bad Bunny & Tainy,5,1,0.00611269362,0.003566206626,True
Bad Meets Evil Featuring Bruno Mars,5,1,0.00611269362,0.003566206626,True
Bad Wolves,5,1,0.00611269362,0.003566206626,True
Baha Men,5,1,0.00611269362,0.003566206626,True
Bailey Zimmerman & Luke Combs,5,1,0.00611269362,0.003566206626,True
Barbra Streisand & Bryan Adams,5,1,0.00611269362,0.003566206626,True
Beanie Sigel & Freeway,5,1,0.00611269362,0.003566206626,True
Becky G,5,1,0.00611269362,0.003566206626,True
Becky G X Karol G,5,1,0.00611269362,0.003566206626,True
Bernadette Peters,5,2,0.00611269362,0.007132413252,True
Betty Harris,5,3,0.00611269362,0.01069861988,True
Beyonce & Shakira,5,1,0.00611269362,0.003566206626,True
Big Country,5,2,0.00611269362,0.007132413252,True
Big Punisher Featuring Joe,5,1,0.00611269362,0.003566206626,True
Big Sean Featuring Chris Brown,5,1,0.00611269362,0.003566206626,True
Big Sean Featuring Drake,5,1,0.00611269362,0.003566206626,True
Big Tymers,5,1,0.00611269362,0.003566206626,True
"Big Tymers Featuring Tateeze, Boo & Gotti",5,1,0.00611269362,0.003566206626,True
Bill Cosby,5,3,0.00611269362,0.01069861988,True
Bill Engvall With Special Guest Travis Tritt,5,1,0.00611269362,0.003566206626,True
Bill Haley And His Comets,5,2,0.00611269362,0.007132413252,True
Bill Medley & Jennifer Warnes,5,1,0.00611269362,0.003566206626,True
Billie Eilish & Khalid,5,1,0.00611269362,0.003566206626,True
Billie Ray Martin,5,1,0.00611269362,0.003566206626,True
Billy Ray Cyrus With Miley Cyrus,5,1,0.00611269362,0.003566206626,True
Billy Vera & The Beaters,5,1,0.00611269362,0.003566206626,True
Birdman & Lil Wayne,5,1,0.00611269362,0.003566206626,True
Birdman Featuring Lil Wayne & Drake,5,1,0.00611269362,0.003566206626,True
Biz Markie,5,1,0.00611269362,0.003566206626,True
Black Moon,5,2,0.00611269362,0.007132413252,True
Black Sabbath,5,2,0.00611269362,0.007132413252,True
Blake Shelton Featuring Gwen Stefani,5,2,0.00611269362,0.007132413252,True
Blake Shelton Featuring Pistol Annies & Friends,5,1,0.00611269362,0.003566206626,True
Blake Shelton Featuring Trace Adkins,5,2,0.00611269362,0.007132413252,True
Blanco Brown,5,1,0.00611269362,0.003566206626,True
Blind Melon,5,1,0.00611269362,0.003566206626,True
Blueface,5,1,0.00611269362,0.003566206626,True
Blues Magoos,5,3,0.00611269362,0.01069861988,True
Blur,5,2,0.00611269362,0.007132413252,True
Blxst & Tyga Featuring Ty Dolla $ign,5,1,0.00611269362,0.003566206626,True
Bo Bice,5,2,0.00611269362,0.007132413252,True
Bob Kuban And The In-Men,5,3,0.00611269362,0.01069861988,True
Bob Lind,5,3,0.00611269362,0.01069861988,True
Bobby Edwards,5,2,0.00611269362,0.007132413252,True
Bobby Russell,5,2,0.00611269362,0.007132413252,True
Bow Wow Featuring Chris Brown & Johnta Austin,5,1,0.00611269362,0.003566206626,True
Bow Wow Featuring J-Kwon & Jermaine Dupri,5,1,0.00611269362,0.003566206626,True
Bow Wow Featuring T-Pain & Johnta Austin,5,1,0.00611269362,0.003566206626,True
Boys Club,5,1,0.00611269362,0.003566206626,True
Brad Paisley Duet With Carrie Underwood,5,1,0.00611269362,0.003566206626,True
Brad Paisley Featuring Alabama,5,1,0.00611269362,0.003566206626,True
Brand Nubian,5,3,0.00611269362,0.01069861988,True
"Brandy, Tamia, Gladys Knight & Chaka Khan",5,1,0.00611269362,0.003566206626,True
Brantley Gilbert Featuring Justin Moore & Thomas Rhett,5,1,0.00611269362,0.003566206626,True
Breathe Carolina,5,1,0.00611269362,0.003566206626,True
Brewer And Shipley,5,2,0.00611269362,0.007132413252,True
Brooklyn Bridge,5,2,0.00611269362,0.007132413252,True
Brooks & Dunn Featuring Reba McEntire,5,1,0.00611269362,0.003566206626,True
Bruce Cockburn,5,2,0.00611269362,0.007132413252,True
Bruno Mars & Cardi B,5,1,0.00611269362,0.003566206626,True
Bryan Adams/Rod Stewart/Sting,5,1,0.00611269362,0.003566206626,True
Bryan Martin,5,1,0.00611269362,0.003566206626,True
Bubba Sparxxx Featuring Ying Yang Twins & Mr. ColliPark,5,1,0.00611269362,0.003566206626,True
Buck Owens,5,3,0.00611269362,0.01069861988,True
Buddy Knox,5,4,0.00611269362,0.0142648265,True
Buddy Miles,5,4,0.00611269362,0.0142648265,True
Burna Boy,5,1,0.00611269362,0.003566206626,True
Busta Rhymes & Mariah Carey Featuring The Flipmode Squad,5,1,0.00611269362,0.003566206626,True
CJ,5,1,0.00611269362,0.003566206626,True
Calvin Harris & Dua Lipa,5,1,0.00611269362,0.003566206626,True
Calvin Harris Featuring Frank Ocean & Migos,5,1,0.00611269362,0.003566206626,True
Calvin Harris Featuring John Newman,5,1,0.00611269362,0.003566206626,True
Cam,5,1,0.00611269362,0.003566206626,True
Cam'Ron Featuring Juelz Santana,5,1,0.00611269362,0.003566206626,True
"Cam'Ron Featuring Juelz Santana, Freekey Zekey & Toya",5,1,0.00611269362,0.003566206626,True
Camila Cabello Featuring Ed Sheeran,5,1,0.00611269362,0.003566206626,True
Carl Mann,5,2,0.00611269362,0.007132413252,True
Carly Pearce & Ashley McBryde,5,1,0.00611269362,0.003566206626,True
Carly Simon & James Taylor,5,2,0.00611269362,0.007132413252,True
Carole Bayer Sager,5,2,0.00611269362,0.007132413252,True
Carrie Underwood Featuring Randy Travis,5,1,0.00611269362,0.003566206626,True
Case & Joe,5,1,0.00611269362,0.003566206626,True
Cashman & West,5,2,0.00611269362,0.007132413252,True
Cassidy Featuring Swizz Beatz,5,1,0.00611269362,0.003566206626,True
Cate Bros.,5,2,0.00611269362,0.007132413252,True
Celine Dion And Clive Griffin,5,1,0.00611269362,0.003566206626,True
Celine Dion And Peabo Bryson,5,1,0.00611269362,0.003566206626,True
Chad Kroeger Featuring Josey Scott,5,1,0.00611269362,0.003566206626,True
Charlie Puth Featuring Selena Gomez,5,1,0.00611269362,0.003566206626,True
Charlie Ryan and the Timberline Riders,5,2,0.00611269362,0.007132413252,True
Charlie Sexton,5,1,0.00611269362,0.003566206626,True
Chase,5,3,0.00611269362,0.01069861988,True
Chase Bryant,5,2,0.00611269362,0.007132413252,True
Chayce Beckham,5,1,0.00611269362,0.003566206626,True
Cheat Codes Featuring Demi Lovato,5,1,0.00611269362,0.003566206626,True
Cher Lloyd,5,1,0.00611269362,0.003566206626,True
Cherish Featuring Sean Paul Of The YoungBloodZ,5,1,0.00611269362,0.003566206626,True
Chingy Featuring J. Weav,5,1,0.00611269362,0.003566206626,True
Chingy Featuring Ludacris & Snoop Dogg,5,1,0.00611269362,0.003566206626,True
Chris Brown & Tyga,5,1,0.00611269362,0.003566206626,True
Chris Brown Featuring Gunna,5,1,0.00611269362,0.003566206626,True
Chris Brown Featuring Jay Biz,5,1,0.00611269362,0.003566206626,True
Chris Brown Featuring Lil Wayne,5,1,0.00611269362,0.003566206626,True
Chris Brown Featuring Lil Wayne & Swizz Beatz,5,1,0.00611269362,0.003566206626,True
Chris Brown Featuring Usher & Rick Ross,5,1,0.00611269362,0.003566206626,True
"Chris Brown Featuring Yo Gotti, A Boogie Wit da Hoodie & Kodak Black",5,1,0.00611269362,0.003566206626,True
Chris Thompson & Night,5,1,0.00611269362,0.003566206626,True
Chris Young + Kane Brown,5,1,0.00611269362,0.003566206626,True
Christina Aguilera Featuring Redman,5,1,0.00611269362,0.003566206626,True
"Christina Aguilera, Lil' Kim, Mya & P!nk",5,1,0.00611269362,0.003566206626,True
Christion,5,2,0.00611269362,0.007132413252,True
Chuck Jackson & Maxine Brown,5,3,0.00611269362,0.01069861988,True
Chuck Wicks,5,2,0.00611269362,0.007132413252,True
Citizen King,5,1,0.00611269362,0.003566206626,True
City High Featuring Eve,5,1,0.00611269362,0.003566206626,True
Clarence Clemons & Jackson Browne,5,1,0.00611269362,0.003566206626,True
Claudja Barry,5,2,0.00611269362,0.007132413252,True
Clay Davidson,5,1,0.00611269362,0.003566206626,True
Cledus Maggard And The Citizen's Band,5,2,0.00611269362,0.007132413252,True
Cliff Nobles & Co.,5,3,0.00611269362,0.01069861988,True
Clint Black With Steve Wariner,5,1,0.00611269362,0.003566206626,True
Coco Jones,5,1,0.00611269362,0.003566206626,True
Coi Leray Featuring Lil Durk,5,1,0.00611269362,0.003566206626,True
Cold,5,1,0.00611269362,0.003566206626,True
Cole Swindell / Lainey Wilson,5,1,0.00611269362,0.003566206626,True
Collage,5,1,0.00611269362,0.003566206626,True
Commander Cody,5,3,0.00611269362,0.01069861988,True
Common,5,2,0.00611269362,0.007132413252,True
Concrete Blonde,5,1,0.00611269362,0.003566206626,True
Cookie And His Cupcakes,5,2,0.00611269362,0.007132413252,True
Counting Crows Featuring Vanessa Carlton,5,1,0.00611269362,0.003566206626,True
Crazy Town,5,1,0.00611269362,0.003566206626,True
Crossfade,5,1,0.00611269362,0.003566206626,True
Crush,5,1,0.00611269362,0.003566206626,True
D-Mob Introducing Cathy Dennis,5,1,0.00611269362,0.003566206626,True
"DJ Khaled Featuring Chris Brown, August Alsina, Future & Jeremih",5,1,0.00611269362,0.003566206626,True
"DJ Khaled Featuring Chris Brown, Rick Ross, Nicki Minaj & Lil Wayne",5,1,0.00611269362,0.003566206626,True
"DJ Khaled Featuring Justin Bieber, Quavo, Chance The Rapper & Lil Wayne",5,1,0.00611269362,0.003566206626,True
DJ Khaled Featuring Lil Baby & Lil Durk,5,1,0.00611269362,0.003566206626,True
"DJ Khaled Featuring Nicki Minaj, Chris Brown, August Alsina, Jeremih, Future & Rick Ross",5,1,0.00611269362,0.003566206626,True
DJ Khaled Featuring Rihanna & Bryson Tiller,5,1,0.00611269362,0.003566206626,True
"DJ Khaled Featuring T-Pain, Ludacris, Snoop Dogg & Rick Ross",5,1,0.00611269362,0.003566206626,True
"DJ Khaled Featuring T-Pain, Trick Daddy, Rick Ross & Plies",5,1,0.00611269362,0.003566206626,True
DJ Miko,5,1,0.00611269362,0.003566206626,True
DJ Snake & AlunaGeorge,5,1,0.00611269362,0.003566206626,True
DJ Snake Featuring Bipolar Sunshine,5,1,0.00611269362,0.003566206626,True
DMX Featuring Sheek Of The Lox,5,1,0.00611269362,0.003566206626,True
DNA Featuring Suzanne Vega,5,1,0.00611269362,0.003566206626,True
DRS,5,1,0.00611269362,0.003566206626,True
DaBaby Featuring Offset,5,1,0.00611269362,0.003566206626,True
Dan Hill (Duet With Vonda Shepard),5,1,0.00611269362,0.003566206626,True
Darrell Banks,5,2,0.00611269362,0.007132413252,True
Dave Loggins,5,2,0.00611269362,0.007132413252,True
David Banner,5,1,0.00611269362,0.003566206626,True
David Banner Featuring Chris Brown,5,1,0.00611269362,0.003566206626,True
David Banner Featuring Lil' Flip,5,1,0.00611269362,0.003566206626,True
David Dundas,5,1,0.00611269362,0.003566206626,True
David Geddes,5,2,0.00611269362,0.007132413252,True
David Guetta & Chris Willis Featuring Fergie & LMFAO,5,1,0.00611269362,0.003566206626,True
David Guetta Featuring Flo Rida & Nicki Minaj,5,1,0.00611269362,0.003566206626,True
"David Guetta Featuring Nicki Minaj, Bebe Rexha & Afrojack",5,1,0.00611269362,0.003566206626,True
David Hallyday,5,2,0.00611269362,0.007132413252,True
Davie Allan And The Arrows,5,2,0.00611269362,0.007132413252,True
Dean Friedman,5,1,0.00611269362,0.003566206626,True
Deana Carter,5,3,0.00611269362,0.01069861988,True
Debbie Reynolds,5,2,0.00611269362,0.007132413252,True
Deborah Allen,5,1,0.00611269362,0.003566206626,True
Delaney & Bonnie,5,3,0.00611269362,0.01069861988,True
Delinquent Habits,5,1,0.00611269362,0.003566206626,True
Denise Lopez,5,2,0.00611269362,0.007132413252,True
Destiny's Child Featuring T.I. & Lil Wayne,5,1,0.00611269362,0.003566206626,True
Dev,5,1,0.00611269362,0.003566206626,True
Device,5,2,0.00611269362,0.007132413252,True
Diddy - Dirty Money Featuring Skylar Grey,5,1,0.00611269362,0.003566206626,True
Diddy - Dirty Money Featuring T.I.,5,1,0.00611269362,0.003566206626,True
Diddy Featuring Keyshia Cole,5,1,0.00611269362,0.003566206626,True
Diddy Featuring Nicole Scherzinger,5,1,0.00611269362,0.003566206626,True
"Dionne & Friends Featuring Elton John, Gladys Knight And Stevie Wonder",5,1,0.00611269362,0.003566206626,True
Dionne Warwicke & Spinners,5,1,0.00611269362,0.003566206626,True
Disco Lines & Tinashe,5,1,0.00611269362,0.003566206626,True
Doja Cat & Tyga,5,1,0.00611269362,0.003566206626,True
Don Ho and the Aliis,5,1,0.00611269362,0.003566206626,True
Don Williams,5,1,0.00611269362,0.003566206626,True
Dottie West,5,3,0.00611269362,0.01069861988,True
Dottie West with Kenny Rogers,5,1,0.00611269362,0.003566206626,True
Double,5,1,0.00611269362,0.003566206626,True
Down A.K.A. Kilo,5,1,0.00611269362,0.003566206626,True
Dr. Buzzard's Original Savannah Band,5,2,0.00611269362,0.007132413252,True
Dr. Dre Featuring Eminem,5,1,0.00611269362,0.003566206626,True
Dr. Dre Featuring Eminem & Skylar Grey,5,1,0.00611269362,0.003566206626,True
Drake Featuring 2 Chainz & Big Sean,5,1,0.00611269362,0.003566206626,True
Drake Featuring Future & Molly Santana,5,1,0.00611269362,0.003566206626,True
Drake Featuring Future & Young Thug,5,1,0.00611269362,0.003566206626,True
Drake Featuring J. Cole,5,1,0.00611269362,0.003566206626,True
Drake Featuring JAY-Z,5,3,0.00611269362,0.01069861988,True
"Drake Featuring Kanye West, Lil Wayne & Eminem",5,1,0.00611269362,0.003566206626,True
Drake Featuring Nicki Minaj,5,1,0.00611269362,0.003566206626,True
Drake Featuring PARTYNEXTDOOR,5,4,0.00611269362,0.0142648265,True
Drake Featuring Sexyy Red & SZA,5,1,0.00611269362,0.003566206626,True
Drake Featuring T.I. & Swizz Beatz,5,1,0.00611269362,0.003566206626,True
Drake Featuring The Throne,5,1,0.00611269362,0.003566206626,True
Drake Featuring Yeat,5,1,0.00611269362,0.003566206626,True
Duane Eddy and the Rebelettes,5,2,0.00611269362,0.007132413252,True
Duncan Laurence,5,1,0.00611269362,0.003566206626,True
Dusk,5,2,0.00611269362,0.007132413252,True
Dwight Twilley,5,2,0.00611269362,0.007132413252,True
EPMD,5,1,0.00611269362,0.003566206626,True
Eamon,5,1,0.00611269362,0.003566206626,True
Eartha Kitt With Henri Rene And His Orchestra,5,1,0.00611269362,0.003566206626,True
"Ecstasy, Passion & Pain",5,3,0.00611269362,0.01069861988,True
Ed Sheeran Featuring Khalid,5,1,0.00611269362,0.003566206626,True
Eighth Wonder,5,2,0.00611269362,0.007132413252,True
Ella Henderson,5,1,0.00611269362,0.003566206626,True
Ella Langley & Morgan Wallen,5,1,0.00611269362,0.003566206626,True
Ella Langley Featuring Riley Green,5,1,0.00611269362,0.003566206626,True
Ellie Goulding X Diplo Featuring Swae Lee,5,1,0.00611269362,0.003566206626,True
Eminem Featuring Lil Wayne,5,1,0.00611269362,0.003566206626,True
Eminem Featuring Nate Dogg,5,1,0.00611269362,0.003566206626,True
Enuff Z'Nuff,5,2,0.00611269362,0.007132413252,True
Eric Benet Featuring Tamia,5,1,0.00611269362,0.003566206626,True
Eric Heatherly,5,1,0.00611269362,0.003566206626,True
Eruption,5,1,0.00611269362,0.003566206626,True
Eslabon Armado X Peso Pluma,5,1,0.00611269362,0.003566206626,True
Eternal,5,1,0.00611269362,0.003566206626,True
Evan And Jaron,5,1,0.00611269362,0.003566206626,True
Eve Featuring Alicia Keys,5,1,0.00611269362,0.003566206626,True
Fabolous Featuring Jermaine Dupri,5,1,0.00611269362,0.003566206626,True
Fabolous Featuring Mike Shorey & Lil' Mo,5,1,0.00611269362,0.003566206626,True
Fabolous Featuring Nate Dogg,5,1,0.00611269362,0.003566206626,True
Fabolous Featuring Ne-Yo,5,1,0.00611269362,0.003566206626,True
Fabolous Featuring The-Dream,5,1,0.00611269362,0.003566206626,True
Faithless,5,1,0.00611269362,0.003566206626,True
Far*East Movement Featuring Ryan Tedder,5,1,0.00611269362,0.003566206626,True
Farruko,5,2,0.00611269362,0.007132413252,True
Fastball,5,2,0.00611269362,0.007132413252,True
Faster Pussycat,5,1,0.00611269362,0.003566206626,True
Fat Boys,5,2,0.00611269362,0.007132413252,True
Fat Joe Featuring R. Kelly,5,1,0.00611269362,0.003566206626,True
"Fat Joe, Remy Ma & Jay Z Featuring French Montana & Infared",5,1,0.00611269362,0.003566206626,True
Ferlin Husky,5,1,0.00611269362,0.003566206626,True
Fetty Wap Featuring Monty,5,2,0.00611269362,0.007132413252,True
Field Mob,5,1,0.00611269362,0.003566206626,True
Field Mob Featuring Ciara,5,1,0.00611269362,0.003566206626,True
Fifty Fifty,5,1,0.00611269362,0.003566206626,True
First Class,5,2,0.00611269362,0.007132413252,True
Five Stairsteps & Cubie,5,3,0.00611269362,0.01069861988,True
Flo Milli,5,1,0.00611269362,0.003566206626,True
Flobots,5,1,0.00611269362,0.003566206626,True
Floetry,5,1,0.00611269362,0.003566206626,True
Florida Georgia Line Featuring Tim McGraw,5,1,0.00611269362,0.003566206626,True
Flyleaf,5,1,0.00611269362,0.003566206626,True
Forrest Frank,5,1,0.00611269362,0.003566206626,True
Fort Minor Featuring Holly Brook,5,1,0.00611269362,0.003566206626,True
Foxy Brown Featuring Jay-Z,5,1,0.00611269362,0.003566206626,True
Frankie J Featuring Baby Bash,5,1,0.00611269362,0.003566206626,True
Franz Ferdinand,5,2,0.00611269362,0.007132413252,True
"French Montana Featuring Rick Ross, Drake, Lil Wayne",5,1,0.00611269362,0.003566206626,True
Fu-Schnickens,5,1,0.00611269362,0.003566206626,True
Fuerza Regida & Marshmello,5,1,0.00611269362,0.003566206626,True
"Future Featuring Pharrell, Pusha T & Casino",5,1,0.00611269362,0.003566206626,True
G-Eazy & Halsey,5,1,0.00611269362,0.003566206626,True
GAYLE,5,1,0.00611269362,0.003566206626,True
GTR,5,2,0.00611269362,0.007132413252,True
Gallagher And Lyle,5,2,0.00611269362,0.007132413252,True
Gang Starr,5,2,0.00611269362,0.007132413252,True
Gary Barlow,5,1,0.00611269362,0.003566206626,True
Gary Glitter,5,2,0.00611269362,0.007132413252,True
Gary Toms Empire,5,2,0.00611269362,0.007132413252,True
Gavin Adcock,5,1,0.00611269362,0.003566206626,True
George Ezra,5,1,0.00611269362,0.003566206626,True
Gerald Levert (Duet With Eddie Levert),5,1,0.00611269362,0.003566206626,True
Giggles,5,1,0.00611269362,0.003566206626,True
Ginuwine Featuring Baby,5,1,0.00611269362,0.003566206626,True
GloRilla & Cardi B,5,1,0.00611269362,0.003566206626,True
GloRilla & Sexyy Red,5,1,0.00611269362,0.003566206626,True
GoldLink Featuring Brent Faiyaz & Shy Glizzy,5,1,0.00611269362,0.003566206626,True
Grace Jones,5,3,0.00611269362,0.01069861988,True
Graham Nash,5,3,0.00611269362,0.01069861988,True
Grand Puba,5,2,0.00611269362,0.007132413252,True
Granger Smith,5,2,0.00611269362,0.007132413252,True
Grayson Hugh,5,2,0.00611269362,0.007132413252,True
Green Jelly,5,1,0.00611269362,0.003566206626,True
Greg Kihn,5,2,0.00611269362,0.007132413252,True
Grupo Frontera X Bad Bunny,5,1,0.00611269362,0.003566206626,True
Gucci Mane Featuring Drake,5,1,0.00611269362,0.003566206626,True
Gunna & Future Featuring Young Thug,5,1,0.00611269362,0.003566206626,True
Gunna Featuring Young Thug,5,2,0.00611269362,0.007132413252,True
Hank Locklin,5,1,0.00611269362,0.003566206626,True
Harold Dorman,5,1,0.00611269362,0.003566206626,True
Harold Faltermeyer,5,1,0.00611269362,0.003566206626,True
"Harry Connick, Jr.",5,1,0.00611269362,0.003566206626,True
Havana Brown Featuring Pitbull,5,1,0.00611269362,0.003566206626,True
Head East,5,3,0.00611269362,0.01069861988,True
Heartland,5,1,0.00611269362,0.003566206626,True
Hellogoodbye,5,1,0.00611269362,0.003566206626,True
Herbie Hancock,5,2,0.00611269362,0.007132413252,True
Hot Chelle Rae Featuring New Boyz,5,1,0.00611269362,0.003566206626,True
"Houston Featuring Chingy, Nate Dogg & I-20",5,1,0.00611269362,0.003566206626,True
Huey,5,1,0.00611269362,0.003566206626,True
Hurricane Chris,5,1,0.00611269362,0.003566206626,True
Hurricane Smith,5,2,0.00611269362,0.007132413252,True
I LOVE MAKONNEN Featuring Drake,5,1,0.00611269362,0.003566206626,True
II D Extreme,5,1,0.00611269362,0.003566206626,True
Ice Cube Featuring Das EFX,5,1,0.00611269362,0.003566206626,True
Ice Cube Featuring George Clinton,5,1,0.00611269362,0.003566206626,True
Ice Cube Featuring Mr. Short Khop,5,1,0.00611269362,0.003566206626,True
Ice Spice & Nicki Minaj,5,1,0.00611269362,0.003566206626,True
Icy Blu,5,2,0.00611269362,0.007132413252,True
Ideal,5,1,0.00611269362,0.003566206626,True
Imajin Featuring Keith Murray,5,1,0.00611269362,0.003566206626,True
Ingrid Andress With Sam Hunt,5,1,0.00611269362,0.003566206626,True
Intro,5,2,0.00611269362,0.007132413252,True
"Irv Gotti Presents The Inc. Featuring Ja Rule, Ashanti, Charli Baltimore & Vita",5,1,0.00611269362,0.003566206626,True
"Isley, Jasper, Isley",5,2,0.00611269362,0.007132413252,True
Ivan Neville,5,2,0.00611269362,0.007132413252,True
J. Cole Featuring Trey Songz,5,1,0.00611269362,0.003566206626,True
J. Frank Wilson and The Cavaliers,5,2,0.00611269362,0.007132413252,True
J.D. Souther,5,1,0.00611269362,0.003566206626,True
JID Featuring 21 Savage & Baby Tate,5,1,0.00611269362,0.003566206626,True
JT Money Featuring Sole,5,1,0.00611269362,0.003566206626,True
Ja Rule Featuring Case,5,1,0.00611269362,0.003566206626,True
Ja Rule Featuring Christina Milian,5,1,0.00611269362,0.003566206626,True
Ja Rule Featuring R. Kelly & Ashanti,5,1,0.00611269362,0.003566206626,True
Jack Blanchard & Misty Morgan,5,2,0.00611269362,0.007132413252,True
Jackie Moore,5,2,0.00611269362,0.007132413252,True
Jadakiss Featuring Anthony Hamilton,5,1,0.00611269362,0.003566206626,True
Jaheim Featuring Next,5,1,0.00611269362,0.003566206626,True
Jaheim Featuring Tha Rayne,5,1,0.00611269362,0.003566206626,True
Jamie Foxx Featuring Ludacris,5,1,0.00611269362,0.003566206626,True
Jamie Foxx Featuring T.I.,5,1,0.00611269362,0.003566206626,True
Jan Hammer,5,1,0.00611269362,0.003566206626,True
Janet Featuring BLACKstreet,5,1,0.00611269362,0.003566206626,True
Jason Aldean & Carrie Underwood,5,1,0.00611269362,0.003566206626,True
Jason Aldean Featuring Miranda Lambert,5,1,0.00611269362,0.003566206626,True
Jason Aldean With Luke Bryan & Eric Church,5,1,0.00611269362,0.003566206626,True
Jason Derulo Featuring Snoop Dogg,5,1,0.00611269362,0.003566206626,True
"Jay Rock, Kendrick Lamar, Future & James Blake",5,1,0.00611269362,0.003566206626,True
Jay Sean Featuring Sean Paul & Lil Jon,5,1,0.00611269362,0.003566206626,True
Jay-Z & T.I. Featuring Kanye West & Lil Wayne,5,1,0.00611269362,0.003566206626,True
Jay-Z + Mr. Hudson,5,1,0.00611269362,0.003566206626,True
Jay-Z Featuring BLACKstreet,5,1,0.00611269362,0.003566206626,True
Jay-Z Featuring UGK,5,1,0.00611269362,0.003566206626,True
"Jay-Z, Rihanna & Kanye West",5,1,0.00611269362,0.003566206626,True
Jay-Z/Linkin Park,5,1,0.00611269362,0.003566206626,True
Jazzy Jeff & The Fresh Prince,5,2,0.00611269362,0.007132413252,True
Jeanne Black,5,3,0.00611269362,0.01069861988,True
Jefferson,5,2,0.00611269362,0.007132413252,True
Jennifer Lopez Featuring Big Pun & Fat Joe,5,1,0.00611269362,0.003566206626,True
Jennifer Lopez Featuring LL Cool J,5,1,0.00611269362,0.003566206626,True
Jennifer Lopez Featuring Styles & Jadakiss,5,1,0.00611269362,0.003566206626,True
Jennifer Paige,5,1,0.00611269362,0.003566206626,True
Jermaine Dupri & Ludacris,5,1,0.00611269362,0.003566206626,True
Jerry Vale,5,3,0.00611269362,0.01069861988,True
Jerry Wallace With The Jewels,5,1,0.00611269362,0.003566206626,True
Jesse Johnson's Revue,5,2,0.00611269362,0.007132413252,True
Jesse McCartney Featuring Ludacris,5,1,0.00611269362,0.003566206626,True
Jessica Andrews,5,1,0.00611269362,0.003566206626,True
Jessie Hill,5,2,0.00611269362,0.007132413252,True
Jessie J Featuring B.o.B,5,1,0.00611269362,0.003566206626,True
Jessie Murph,5,2,0.00611269362,0.007132413252,True
Jewel Akens,5,2,0.00611269362,0.007132413252,True
Jhene Aiko Featuring H.E.R.,5,1,0.00611269362,0.003566206626,True
Jibbs,5,1,0.00611269362,0.003566206626,True
Jidenna Featuring Roman GianArthur,5,1,0.00611269362,0.003566206626,True
Jim Gilstrap,5,3,0.00611269362,0.01069861988,True
Jimmie Allen & Brad Paisley,5,1,0.00611269362,0.003566206626,True
Jimmy McGriff,5,3,0.00611269362,0.01069861988,True
Jo Ann Campbell,5,3,0.00611269362,0.01069861988,True
Joan Osborne,5,1,0.00611269362,0.003566206626,True
Joe Barry,5,2,0.00611269362,0.007132413252,True
Joe Cocker And Jennifer Warnes,5,1,0.00611269362,0.003566206626,True
Joe Henderson,5,3,0.00611269362,0.01069861988,True
Joe South and The Believers,5,2,0.00611269362,0.007132413252,True
Joey McIntyre,5,2,0.00611269362,0.007132413252,True
John Travolta & Olivia Newton-John,5,1,0.00611269362,0.003566206626,True
Johnny Thunder,5,2,0.00611269362,0.007132413252,True
Jon Astley,5,2,0.00611269362,0.007132413252,True
Josh Groban,5,2,0.00611269362,0.007132413252,True
Juice WRLD & YoungBoy Never Broke Again,5,1,0.00611269362,0.003566206626,True
Juice WRLD x Marshmello,5,1,0.00611269362,0.003566206626,True
Juicy J Featuring Lil Wayne & 2 Chainz,5,1,0.00611269362,0.003566206626,True
Jung Kook,5,2,0.00611269362,0.007132413252,True
Junior M.A.F.I.A.,5,1,0.00611269362,0.003566206626,True
Justin Bieber & benny blanco,5,1,0.00611269362,0.003566206626,True
"Juvenile, Wacko & Skip",5,1,0.00611269362,0.003566206626,True
K.P. & Envyi,5,1,0.00611269362,0.003566206626,True
KAI,5,1,0.00611269362,0.003566206626,True
KC,5,1,0.00611269362,0.003566206626,True
KCamp Featuring 2 Chainz,5,1,0.00611269362,0.003566206626,True
KIX,5,1,0.00611269362,0.003566206626,True
KONGOS,5,1,0.00611269362,0.003566206626,True
Kandi,5,1,0.00611269362,0.003566206626,True
Kane Brown Featuring Lauren Alaina,5,1,0.00611269362,0.003566206626,True
Kane Brown With Swae Lee & Khalid,5,1,0.00611269362,0.003566206626,True
Kanye West Featuring T-Pain,5,1,0.00611269362,0.003566206626,True
"Kanye West, Jay-Z, Big Sean",5,1,0.00611269362,0.003566206626,True
Karol G & Nicki Minaj,5,1,0.00611269362,0.003566206626,True
Karol G & Peso Pluma,5,1,0.00611269362,0.003566206626,True
Kat DeLuna Featuring Elephant Man,5,1,0.00611269362,0.003566206626,True
Katharine McPhee,5,2,0.00611269362,0.007132413252,True
Ke$ha Featuring 3OH!3,5,1,0.00611269362,0.003566206626,True
Keith Urban And Miranda Lambert,5,1,0.00611269362,0.003566206626,True
Kelis Featuring Too $hort,5,1,0.00611269362,0.003566206626,True
Kelly Rowland Featuring Eve,5,1,0.00611269362,0.003566206626,True
Kendrick Lamar Featuring Drake,5,1,0.00611269362,0.003566206626,True
Kenny Chesney & Uncle Kracker,5,1,0.00611269362,0.003566206626,True
Kenny Chesney Featuring P!nk,5,1,0.00611269362,0.003566206626,True
Kenny Chesney With The Wailers,5,1,0.00611269362,0.003566206626,True
Kenny G With Peabo Bryson,5,1,0.00611269362,0.003566206626,True
Kenny G. (Vocal By Lenny Williams),5,1,0.00611269362,0.003566206626,True
Kenny Rogers And Sheena Easton,5,1,0.00611269362,0.003566206626,True
Kenny Rogers With Kim Carnes,5,1,0.00611269362,0.003566206626,True
Kent Jones,5,1,0.00611269362,0.003566206626,True
Kenya Grace,5,1,0.00611269362,0.003566206626,True
Keri Hilson Featuring Lil Wayne,5,1,0.00611269362,0.003566206626,True
Kesha,5,1,0.00611269362,0.003566206626,True
"Kevin Rudolf Featuring Birdman, Jay Sean, & Lil Wayne",5,1,0.00611269362,0.003566206626,True
Keyshia Cole Featuring Missy Elliott & Lil Kim,5,1,0.00611269362,0.003566206626,True
Keyshia Cole Introducing Amina,5,1,0.00611269362,0.003566206626,True
Kid Frost,5,2,0.00611269362,0.007132413252,True
Kimberley Locke,5,1,0.00611269362,0.003566206626,True
King Curtis & The Kingpins,5,4,0.00611269362,0.0142648265,True
King Curtis And The Noble Knights,5,2,0.00611269362,0.007132413252,True
Kirko Bangz,5,1,0.00611269362,0.003566206626,True
Koffee Brown,5,1,0.00611269362,0.003566206626,True
Kon Kan,5,2,0.00611269362,0.007132413252,True
Kris Kross Featuring Supercat,5,1,0.00611269362,0.003566206626,True
Kut Klose,5,1,0.00611269362,0.003566206626,True
Kyu Sakamoto,5,2,0.00611269362,0.007132413252,True
L.A. Style,5,1,0.00611269362,0.003566206626,True
L.A.D.,5,1,0.00611269362,0.003566206626,True
L.B.C. Crew Feat. Tray D & South Sentrell,5,1,0.00611269362,0.003566206626,True
LANCO,5,1,0.00611269362,0.003566206626,True
Labelle,5,2,0.00611269362,0.007132413252,True
Latimore,5,2,0.00611269362,0.007132413252,True
Le Click Featuring Kayo,5,1,0.00611269362,0.003566206626,True
Leah Andreone,5,1,0.00611269362,0.003566206626,True
Lee Ritenour,5,2,0.00611269362,0.007132413252,True
Leroy Van Dyke,5,2,0.00611269362,0.007132413252,True
Les Paul And Mary Ford,5,2,0.00611269362,0.007132413252,True
Lidell Townsell,5,1,0.00611269362,0.003566206626,True
Lightning Seeds,5,2,0.00611269362,0.007132413252,True
Lil Dicky Featuring Chris Brown,5,1,0.00611269362,0.003566206626,True
Lil Dicky Featuring Fetty Wap & Rich Homie Quan,5,1,0.00611269362,0.003566206626,True
Lil Durk Featuring Gunna,5,1,0.00611269362,0.003566206626,True
Lil Durk Featuring Lil Baby & Polo G,5,1,0.00611269362,0.003566206626,True
Lil Jon & The East Side Boyz Featuring Usher & Ludacris,5,1,0.00611269362,0.003566206626,True
Lil Scrappy,5,1,0.00611269362,0.003566206626,True
Lil Scrappy Featuring Young Buck,5,1,0.00611269362,0.003566206626,True
Lil Tjay,5,3,0.00611269362,0.01069861988,True
Lil Tjay Featuring 6LACK,5,1,0.00611269362,0.003566206626,True
Lil Wayne Featuring Bobby Valentino & Kidd Kidd,5,1,0.00611269362,0.003566206626,True
Lil Wayne Featuring Detail,5,1,0.00611269362,0.003566206626,True
Lil Wayne Featuring Drake & Future,5,1,0.00611269362,0.003566206626,True
Lil Wayne Featuring Eminem,5,1,0.00611269362,0.003566206626,True
"Lil Wayne, Wiz Khalifa & Imagine Dragons With Logic & Ty Dolla $ign Feat. X Ambassadors",5,1,0.00611269362,0.003566206626,True
Lil' Flip Featuring Lea,5,1,0.00611269362,0.003566206626,True
Lil' Kim,5,2,0.00611269362,0.007132413252,True
"Lil' Kim Feat. Da Brat, Left Eye, Missy Elliott & Angie Mar",5,1,0.00611269362,0.003566206626,True
Lillywood & Robin Schulz,5,1,0.00611269362,0.003566206626,True
Linda Ronstadt & James Ingram,5,1,0.00611269362,0.003566206626,True
Lindisfarne,5,2,0.00611269362,0.007132413252,True
Link Wray And The Wraymen,5,2,0.00611269362,0.007132413252,True
Lisa Fischer,5,2,0.00611269362,0.007132413252,True
Lit,5,1,0.00611269362,0.003566206626,True
Lita Ford (Duet With Ozzy Osbourne),5,1,0.00611269362,0.003566206626,True
Little Johnny Taylor,5,2,0.00611269362,0.007132413252,True
Living In A Box,5,2,0.00611269362,0.007132413252,True
Lloyd Banks,5,1,0.00611269362,0.003566206626,True
Lloyd Banks Featuring Avant,5,1,0.00611269362,0.003566206626,True
Lloyd Banks Featuring Juelz Santana,5,1,0.00611269362,0.003566206626,True
Lloyd Featuring Ashanti,5,1,0.00611269362,0.003566206626,True
Lone Justice,5,3,0.00611269362,0.01069861988,True
Los Bravos,5,2,0.00611269362,0.007132413252,True
Louis Armstrong,5,3,0.00611269362,0.01069861988,True
Louis Prima And Keely Smith,5,3,0.00611269362,0.01069861988,True
LoveRance Featuring IamSu & Skipper or 50 Cent,5,1,0.00611269362,0.003566206626,True
Ludacris Featuring Mystikal & Infamous 2.0,5,1,0.00611269362,0.003566206626,True
Ludacris Featuring Sleepy Brown,5,1,0.00611269362,0.003566206626,True
Luis R Conriquez x Neton Vega,5,1,0.00611269362,0.003566206626,True
Luke Combs Featuring Eric Church,5,1,0.00611269362,0.003566206626,True
Luke Featuring No Good But So Good,5,1,0.00611269362,0.003566206626,True
Lumidee,5,1,0.00611269362,0.003566206626,True
Lupe Fiasco & Guy Sebastian,5,1,0.00611269362,0.003566206626,True
Luther Vandross And Janet Jackson With BBD And Ralph Tresvant,5,1,0.00611269362,0.003566206626,True
M,5,1,0.00611269362,0.003566206626,True
M.C. Breed & D.F.C.,5,1,0.00611269362,0.003566206626,True
M83.,5,1,0.00611269362,0.003566206626,True
MC Lyte Featuring Xscape,5,1,0.00611269362,0.003566206626,True
MFSB Featuring The Three Degrees,5,2,0.00611269362,0.007132413252,True
Mac Miller Featuring Ty Dolla $ign,5,1,0.00611269362,0.003566206626,True
Machine Gun Kelly x Camila Cabello,5,1,0.00611269362,0.003566206626,True
Mack 10 & Tha Dogg Pound,5,1,0.00611269362,0.003566206626,True
Macklemore & Ryan Lewis Featuring ScHoolboy Q & Hollis,5,1,0.00611269362,0.003566206626,True
Macklemore Featuring Skylar Grey,5,1,0.00611269362,0.003566206626,True
Mad Lion,5,1,0.00611269362,0.003566206626,True
MadeinTYO,5,1,0.00611269362,0.003566206626,True
Magoo And Timbaland,5,1,0.00611269362,0.003566206626,True
Maino Featuring T-Pain,5,1,0.00611269362,0.003566206626,True
Maneskin,5,1,0.00611269362,0.003566206626,True
Mar-Keys,5,3,0.00611269362,0.01069861988,True
Marcie Blane,5,2,0.00611269362,0.007132413252,True
Mario Featuring Gucci Mane & Sean Garrett,5,1,0.00611269362,0.003566206626,True
Mario Vazquez,5,1,0.00611269362,0.003566206626,True
Marky Mark & The Funky Bunch Featuring Loleatta Holloway,5,1,0.00611269362,0.003566206626,True
Maroon 5 Featuring Rihanna,5,1,0.00611269362,0.003566206626,True
Maroon 5 Featuring SZA,5,1,0.00611269362,0.003566206626,True
Marshmello Featuring Khalid,5,1,0.00611269362,0.003566206626,True
Marshmello X Jonas Brothers,5,1,0.00611269362,0.003566206626,True
Martin Garrix & Bebe Rexha,5,1,0.00611269362,0.003566206626,True
Martin Solveig & Dragonette,5,1,0.00611269362,0.003566206626,True
Marvin Gaye & Kim Weston,5,2,0.00611269362,0.007132413252,True
Mary J. Blige Featuring Brook-Lyn,5,1,0.00611269362,0.003566206626,True
Mary J. Blige Featuring Ja Rule,5,1,0.00611269362,0.003566206626,True
"Mary Mary Featuring Kierra ""KiKi"" Sheard",5,1,0.00611269362,0.003566206626,True
Mase Featuring Puff Daddy,5,1,0.00611269362,0.003566206626,True
Matthew Sweet,5,1,0.00611269362,0.003566206626,True
Maurice Williams & The Zodiacs,5,2,0.00611269362,0.007132413252,True
Maxi Priest Featuring Shaggy,5,1,0.00611269362,0.003566206626,True
McFadden & Whitehead,5,1,0.00611269362,0.003566206626,True
Mellow Man Ace,5,1,0.00611269362,0.003566206626,True
Men At Large,5,1,0.00611269362,0.003566206626,True
Mercy,5,2,0.00611269362,0.007132413252,True
Merle Haggard,5,2,0.00611269362,0.007132413252,True
Merrilee Rush & The Turnabouts,5,2,0.00611269362,0.007132413252,True
Michael Jackson & Justin Timberlake,5,1,0.00611269362,0.003566206626,True
Michael Marcagi,5,1,0.00611269362,0.003566206626,True
Michael Nesmith & The First National Band,5,3,0.00611269362,0.01069861988,True
Michael Penn,5,2,0.00611269362,0.007132413252,True
Migos Featuring Gucci Mane,5,1,0.00611269362,0.003566206626,True
"Migos, Nicki Minaj & Cardi B",5,1,0.00611269362,0.003566206626,True
Mike Clifford,5,2,0.00611269362,0.007132413252,True
Mike Post featuring Larry Carlton,5,1,0.00611269362,0.003566206626,True
Milestone,5,1,0.00611269362,0.003566206626,True
Milky Chance,5,1,0.00611269362,0.003566206626,True
Minnie Riperton,5,2,0.00611269362,0.007132413252,True
Missjones,5,2,0.00611269362,0.007132413252,True
"Missy ""Misdemeanor"" Elliott Featuring Da Brat",5,1,0.00611269362,0.003566206626,True
"Missy ""Misdemeanor"" Elliott Featuring Ginuwine & Tweet",5,1,0.00611269362,0.003566206626,True
"Missy ""Misdemeanor"" Elliott Featuring Ludacris",5,1,0.00611269362,0.003566206626,True
"Missy ""Misdemeanor"" Elliott Featuring NAS, EVE & Q-Tip",5,1,0.00611269362,0.003566206626,True
Mista,5,1,0.00611269362,0.003566206626,True
Mista Grimm,5,1,0.00611269362,0.003566206626,True
Mitch Ryder,5,5,0.00611269362,0.01783103313,True
Mitchell Torok,5,2,0.00611269362,0.007132413252,True
Mitty Collier,5,3,0.00611269362,0.01069861988,True
Mo Thugs Family Featuring Bone Thugs-N-Harmony,5,1,0.00611269362,0.003566206626,True
MoKenStef,5,1,0.00611269362,0.003566206626,True
Moneybagg Yo Featuring Morgan Wallen,5,1,0.00611269362,0.003566206626,True
Montell Jordan Feat. Master P & Silkk The Shocker,5,1,0.00611269362,0.003566206626,True
Montell Jordan Featuring Slick Rick,5,1,0.00611269362,0.003566206626,True
Morray,5,1,0.00611269362,0.003566206626,True
Mountain,5,2,0.00611269362,0.007132413252,True
Mr. Probz,5,1,0.00611269362,0.003566206626,True
Murray Head,5,1,0.00611269362,0.003566206626,True
Mya & Sisqo,5,1,0.00611269362,0.003566206626,True
Myke Towers,5,1,0.00611269362,0.003566206626,True
Myron,5,2,0.00611269362,0.007132413252,True
Mystikal Featuring Nivea,5,1,0.00611269362,0.003566206626,True
N*E*R*D & Rihanna,5,1,0.00611269362,0.003566206626,True
"N.O.R.E. Featuring Daddy Yankee, Nina Sky, Gem Star & Big Mato",5,1,0.00611269362,0.003566206626,True
NEIKED X Mae Muller X Polo G,5,1,0.00611269362,0.003566206626,True
NKOTB,5,2,0.00611269362,0.007132413252,True
Nappy Roots,5,2,0.00611269362,0.007132413252,True
Nappy Roots Featuring Anthony Hamilton,5,1,0.00611269362,0.003566206626,True
"Nardo Wick Featuring G Herbo, Lil Durk & 21 Savage",5,1,0.00611269362,0.003566206626,True
Natalie,5,1,0.00611269362,0.003566206626,True
Naughty By Nature Featuring 3LW,5,1,0.00611269362,0.003566206626,True
Ne-Yo Featuring Jamie Foxx & Fabolous,5,1,0.00611269362,0.003566206626,True
Ne-Yo Featuring Juicy J,5,1,0.00611269362,0.003566206626,True
Ned Miller,5,2,0.00611269362,0.007132413252,True
Neil Sedaka & Dara Sedaka,5,1,0.00611269362,0.003566206626,True
Nelly Featuring Jaheim,5,1,0.00611269362,0.003566206626,True
Nelly Featuring Jeremih,5,1,0.00611269362,0.003566206626,True
Nena,5,1,0.00611269362,0.003566206626,True
NewJeans,5,3,0.00611269362,0.01069861988,True
Nice & Smooth,5,2,0.00611269362,0.007132413252,True
Nick Cannon Featuring R. Kelly,5,1,0.00611269362,0.003566206626,True
Nick Jonas Featuring Tove Lo,5,1,0.00611269362,0.003566206626,True
Nicki Minaj & Ice Spice With Aqua,5,1,0.00611269362,0.003566206626,True
Nicki Minaj Featuring 2 Chainz,5,1,0.00611269362,0.003566206626,True
Nicki Minaj Featuring Lil Uzi Vert,5,1,0.00611269362,0.003566206626,True
Nicky Jam x J Balvin,5,1,0.00611269362,0.003566206626,True
Nielsen/Pearson,5,2,0.00611269362,0.007132413252,True
Night,5,2,0.00611269362,0.007132413252,True
Nina Sky Featuring Jabba,5,1,0.00611269362,0.003566206626,True
Nivea Featuring Lil Jon & YoungBloodZ,5,1,0.00611269362,0.003566206626,True
Normani Featuring Cardi B,5,1,0.00611269362,0.003566206626,True
Nu Flavor Featuring Roger,5,1,0.00611269362,0.003566206626,True
Nuttin' Nyce,5,3,0.00611269362,0.01069861988,True
OK Go,5,1,0.00611269362,0.003566206626,True
Odyssey,5,2,0.00611269362,0.007132413252,True
Offset Featuring Cardi B,5,1,0.00611269362,0.003566206626,True
Ol' Dirty Bastard Featuring Kelis,5,1,0.00611269362,0.003566206626,True
Oleta Adams,5,1,0.00611269362,0.003566206626,True
Olive,5,1,0.00611269362,0.003566206626,True
Olivia Newton-John And Cliff Richard,5,1,0.00611269362,0.003566206626,True
Orgy,5,1,0.00611269362,0.003566206626,True
Orianthi,5,1,0.00611269362,0.003566206626,True
"Oscar Toney, Jr.",5,4,0.00611269362,0.0142648265,True
Otis & Carla,5,3,0.00611269362,0.01069861988,True
Our Lady Peace,5,1,0.00611269362,0.003566206626,True
OutKast Featuring Killer Mike,5,1,0.00611269362,0.003566206626,True
Owl City & Carly Rae Jepsen,5,1,0.00611269362,0.003566206626,True
P. Diddy Featuring Usher & Loon,5,1,0.00611269362,0.003566206626,True
Passion Pit,5,1,0.00611269362,0.003566206626,True
Pat Green,5,1,0.00611269362,0.003566206626,True
Patrick Hernandez,5,1,0.00611269362,0.003566206626,True
Patrick Swayze (Featuring Wendy Fraser),5,1,0.00611269362,0.003566206626,True
Patti LaBelle & Michael McDonald,5,1,0.00611269362,0.003566206626,True
Patti Smith Group,5,2,0.00611269362,0.007132413252,True
Paul Mauriat And His Orchestra,5,2,0.00611269362,0.007132413252,True
Paul McCartney And Michael Jackson,5,1,0.00611269362,0.003566206626,True
Paul Russell,5,1,0.00611269362,0.003566206626,True
Paula Abdul (Duet With The Wild Pair),5,1,0.00611269362,0.003566206626,True
Paula DeAnda Featuring The DEY,5,1,0.00611269362,0.003566206626,True
Paulina Rubio,5,3,0.00611269362,0.01069861988,True
Peabo Bryson & Regina Belle,5,1,0.00611269362,0.003566206626,True
Peggy Scott & Jo Jo Benson,5,3,0.00611269362,0.01069861988,True
Peso Pluma X Natanael Cano,5,1,0.00611269362,0.003566206626,True
Pete Rock & C.L. Smooth,5,2,0.00611269362,0.007132413252,True
Pete Wingfield,5,1,0.00611269362,0.003566206626,True
Peter Cetera With Amy Grant,5,1,0.00611269362,0.003566206626,True
Peter Mccann,5,1,0.00611269362,0.003566206626,True
Pharrell Featuring Jay-Z,5,1,0.00611269362,0.003566206626,True
Phil Collins and Marilyn Martin,5,1,0.00611269362,0.003566206626,True
Pia Zadora,5,2,0.00611269362,0.007132413252,True
PinkPantheress & Ice Spice,5,1,0.00611269362,0.003566206626,True
Pinkfong,5,1,0.00611269362,0.003566206626,True
Pitbull Featuring Christina Aguilera,5,1,0.00611269362,0.003566206626,True
Pitbull Featuring John Ryan,5,1,0.00611269362,0.003566206626,True
Plastic Ono Band,5,2,0.00611269362,0.007132413252,True
Plies Featuring Akon,5,1,0.00611269362,0.003566206626,True
Plies Featuring Ne-Yo,5,1,0.00611269362,0.003566206626,True
PnB Rock,5,1,0.00611269362,0.003566206626,True
Pooh Shiesty Featuring Lil Durk,5,1,0.00611269362,0.003566206626,True
Pop Smoke Featuring 50 Cent & Roddy Ricch,5,1,0.00611269362,0.003566206626,True
Pop Smoke Featuring Lil Tjay,5,1,0.00611269362,0.003566206626,True
Positive K,5,1,0.00611269362,0.003566206626,True
Post Malone Featuring Ozzy Osbourne & Travis Scott,5,1,0.00611269362,0.003566206626,True
Post Malone Featuring Young Thug,5,1,0.00611269362,0.003566206626,True
Pras Michel Feat. Ol' Dirty Bastard & Introducing Mya,5,1,0.00611269362,0.003566206626,True
Prelude,5,2,0.00611269362,0.007132413252,True
Profyle,5,1,0.00611269362,0.003566206626,True
Pseudo Echo,5,2,0.00611269362,0.007132413252,True
Puff Daddy & The Family (Feat. The Notorious B.I.G. & Mase),5,1,0.00611269362,0.003566206626,True
Puff Daddy & The Family Featuring The Notorious B.I.G. & Busta Rh,5,1,0.00611269362,0.003566206626,True
Puff Daddy Featuring Jimmy Page,5,1,0.00611269362,0.003566206626,True
Puff Daddy Featuring R. Kelly,5,1,0.00611269362,0.003566206626,True
Purple Ribbon All-Stars,5,1,0.00611269362,0.003566206626,True
Queen Naija,5,1,0.00611269362,0.003566206626,True
R. Kelly Duet With Usher,5,1,0.00611269362,0.003566206626,True
R. Kelly Featuring Jay-Z,5,1,0.00611269362,0.003566206626,True
RAYE Featuring 070 Shake,5,1,0.00611269362,0.003566206626,True
Rae Sremmurd Featuring Nicki Minaj & Young Thug,5,1,0.00611269362,0.003566206626,True
Rage Against The Machine,5,1,0.00611269362,0.003566206626,True
Raphael Saadiq,5,1,0.00611269362,0.003566206626,True
Rascal Flatts Featuring Natasha Bedingfield,5,1,0.00611269362,0.003566206626,True
Rauw Alejandro & Bad Bunny,5,1,0.00611269362,0.003566206626,True
Raymond Lefevre and His Orchestra,5,2,0.00611269362,0.007132413252,True
Redman,5,3,0.00611269362,0.01069861988,True
Regina,5,1,0.00611269362,0.003566206626,True
Rene & Rene,5,2,0.00611269362,0.007132413252,True
Republica,5,2,0.00611269362,0.007132413252,True
Rich Boy Featuring Polow Da Don,5,1,0.00611269362,0.003566206626,True
"Rich Gang Featuring Lil Wayne, Birdman, Future, Mack Maine, Nicki Minaj",5,1,0.00611269362,0.003566206626,True
Rich Gang Featuring Young Thug & Rich Homie Quan,5,1,0.00611269362,0.003566206626,True
Rick Ross Featuring Drake & Chrisette Michele,5,1,0.00611269362,0.003566206626,True
Ricky Martin Duet With Christina Aguilera,5,1,0.00611269362,0.003566206626,True
Rihanna & Sean Paul,5,1,0.00611269362,0.003566206626,True
Rihanna Featuring Britney Spears,5,1,0.00611269362,0.003566206626,True
Rihanna Featuring Future,5,1,0.00611269362,0.003566206626,True
Riley Green Featuring Ella Langley,5,1,0.00611269362,0.003566206626,True
Ritt Momney,5,1,0.00611269362,0.003566206626,True
Robert Goulet,5,2,0.00611269362,0.007132413252,True
Robert Knight,5,3,0.00611269362,0.01069861988,True
Robert Maxwell His Harp And Orchestra,5,2,0.00611269362,0.007132413252,True
Roberta Flack With Maxi Priest,5,1,0.00611269362,0.003566206626,True
Robin Gibb,5,2,0.00611269362,0.007132413252,True
Robin McNamara,5,2,0.00611269362,0.007132413252,True
Rocko Featuring Future & Rick Ross,5,1,0.00611269362,0.003566206626,True
Rod Bernard,5,2,0.00611269362,0.007132413252,True
Rolf Harris,5,3,0.00611269362,0.01069861988,True
Rosanne Cash,5,1,0.00611269362,0.003566206626,True
Royal Philharmonic Orchestra,5,1,0.00611269362,0.003566206626,True
Russ & BIA,5,1,0.00611269362,0.003566206626,True
Ruth B,5,1,0.00611269362,0.003566206626,True
SSgt Barry Sadler,5,2,0.00611269362,0.007132413252,True
SWV (Featuring Puff Daddy),5,1,0.00611269362,0.003566206626,True
Safaris with The Phantom's Band,5,2,0.00611269362,0.007132413252,True
Sage The Gemini,5,2,0.00611269362,0.007132413252,True
Saigon Kick,5,1,0.00611269362,0.003566206626,True
Sam Harris,5,2,0.00611269362,0.007132413252,True
Sammie,5,1,0.00611269362,0.003566206626,True
Sandie Shaw,5,3,0.00611269362,0.01069861988,True
Santana Featuring Chad Kroeger,5,1,0.00611269362,0.003566206626,True
Saraya,5,3,0.00611269362,0.01069861988,True
Sarina Paris,5,1,0.00611269362,0.003566206626,True
Savage Featuring Soulja Boy Tell'em,5,1,0.00611269362,0.003566206626,True
Saving Jane,5,1,0.00611269362,0.003566206626,True
ScHoolboy Q Featuring BJ The Chicago Kid,5,1,0.00611269362,0.003566206626,True
Scarface,5,2,0.00611269362,0.007132413252,True
Scarface Featuring 2Pac & Johnny P,5,1,0.00611269362,0.003566206626,True
Scarlett & Black,5,1,0.00611269362,0.003566206626,True
Scott McKenzie,5,2,0.00611269362,0.007132413252,True
Sean Kingston Featuring Nicki Minaj,5,1,0.00611269362,0.003566206626,True
Sean Paul Feat. Keyshia Cole,5,1,0.00611269362,0.003566206626,True
Sean Paul Featuring Sasha,5,1,0.00611269362,0.003566206626,True
"Sech, Darell, Nicky Jam, Ozuna & Anuel AA",5,1,0.00611269362,0.003566206626,True
Selena,5,1,0.00611269362,0.003566206626,True
Selena Gomez X Marshmello,5,1,0.00611269362,0.003566206626,True
Seven Mary Three,5,1,0.00611269362,0.003566206626,True
Sevyn Streeter Featuring Chris Brown,5,1,0.00611269362,0.003566206626,True
Shabba Ranks (Featuring Johnny Gill),5,1,0.00611269362,0.003566206626,True
Shadows Of Knight,5,2,0.00611269362,0.007132413252,True
"Shaggy Feat. Ricardo ""RikRok"" Ducent",5,1,0.00611269362,0.003566206626,True
Shelby Flint,5,2,0.00611269362,0.007132413252,True
Sheppard,5,1,0.00611269362,0.003566206626,True
Shooting Star,5,3,0.00611269362,0.01069861988,True
Shop Boyz,5,1,0.00611269362,0.003566206626,True
Silver,5,1,0.00611269362,0.003566206626,True
Sisqo Featuring Make It Hot,5,1,0.00611269362,0.003566206626,True
Skylark,5,1,0.00611269362,0.003566206626,True
Sleepy Hallow,5,2,0.00611269362,0.007132413252,True
Slim Harpo,5,2,0.00611269362,0.007132413252,True
Small Faces,5,2,0.00611269362,0.007132413252,True
Smokie,5,2,0.00611269362,0.007132413252,True
"Snoop Dogg Featuring Master P, Nate Dogg, Butch Cassidy & Tha Eastsidaz",5,1,0.00611269362,0.003566206626,True
Snoop Doggy Dogg,5,1,0.00611269362,0.003566206626,True
Soul II Soul Featuring Caron Wheeler,5,1,0.00611269362,0.003566206626,True
SoulDecision Featuring Thrust,5,1,0.00611269362,0.003566206626,True
Spiral Starecase,5,2,0.00611269362,0.007132413252,True
Stargard,5,2,0.00611269362,0.007132413252,True
"Stars On 54: Ultra Nate, Amber, Jocelyn Enriquez",5,1,0.00611269362,0.003566206626,True
Steve & Eydie,5,2,0.00611269362,0.007132413252,True
Steve Forbert,5,2,0.00611269362,0.007132413252,True
Stevie Nicks With Don Henley,5,1,0.00611269362,0.003566206626,True
Stevie Nicks With Tom Petty And The Heartbreakers,5,1,0.00611269362,0.003566206626,True
Styles,5,1,0.00611269362,0.003566206626,True
Summer Walker & SZA,5,1,0.00611269362,0.003566206626,True
Sunscreem,5,1,0.00611269362,0.003566206626,True
Surfaces,5,1,0.00611269362,0.003566206626,True
Susanna Hoffs,5,2,0.00611269362,0.007132413252,True
Suzanne Vega,5,2,0.00611269362,0.007132413252,True
Suzi Quatro & Chris Norman,5,1,0.00611269362,0.003566206626,True
Sylk-E. Fyne Featuring Chill,5,1,0.00611269362,0.003566206626,True
Sylvia,5,1,0.00611269362,0.003566206626,True
T-Connection,5,2,0.00611269362,0.007132413252,True
T-Pain Featuring Akon,5,1,0.00611269362,0.003566206626,True
T-Pain Featuring Mike Jones,5,1,0.00611269362,0.003566206626,True
T-Pain Featuring Wiz Khalifa & Lily Allen,5,1,0.00611269362,0.003566206626,True
T. Rex,5,3,0.00611269362,0.01069861988,True
T.I. Featuring Young Thug,5,1,0.00611269362,0.003566206626,True
Ta Mara & The Seen,5,1,0.00611269362,0.003566206626,True
Taco,5,1,0.00611269362,0.003566206626,True
Taylor Swift Featuring Post Malone,5,1,0.00611269362,0.003566206626,True
Technotronic Featuring Felly,5,1,0.00611269362,0.003566206626,True
Teddy Geiger,5,1,0.00611269362,0.003566206626,True
Tee Grizzley,5,1,0.00611269362,0.003566206626,True
Teena Marie Featuring Baby,5,1,0.00611269362,0.003566206626,True
Temper City,5,1,0.00611269362,0.003566206626,True
Ten Years After,5,3,0.00611269362,0.01069861988,True
Terror Fabulous Featuring Nadine Sutherland,5,1,0.00611269362,0.003566206626,True
The Belle Stars,5,2,0.00611269362,0.007132413252,True
The Bells,5,3,0.00611269362,0.01069861988,True
The Blackout Allstars,5,1,0.00611269362,0.003566206626,True
The Buoys,5,2,0.00611269362,0.007132413252,True
The Captain & Tennille,5,1,0.00611269362,0.003566206626,True
The Chad Mitchell Trio,5,2,0.00611269362,0.007132413252,True
The Chainsmokers Featuring Kelsea Ballerini,5,1,0.00611269362,0.003566206626,True
The Chambers Brothers,5,2,0.00611269362,0.007132413252,True
The Chantels,5,2,0.00611269362,0.007132413252,True
The Click Five,5,1,0.00611269362,0.003566206626,True
The Dave Brubeck Quartet,5,3,0.00611269362,0.01069861988,True
The Dixiebelles,5,2,0.00611269362,0.007132413252,True
The Elton John Band,5,1,0.00611269362,0.003566206626,True
The Falcons,5,1,0.00611269362,0.003566206626,True
The Fiestas,5,2,0.00611269362,0.007132413252,True
The First Edition,5,2,0.00611269362,0.007132413252,True
The Flaming Lips,5,1,0.00611269362,0.003566206626,True
The G-Clefs,5,2,0.00611269362,0.007132413252,True
The Game Featuring Lil Wayne,5,1,0.00611269362,0.003566206626,True
The Hesitations,5,3,0.00611269362,0.01069861988,True
The Honeycombs,5,2,0.00611269362,0.007132413252,True
The Illusion,5,3,0.00611269362,0.01069861988,True
The Impalas,5,2,0.00611269362,0.007132413252,True
The Innocents,5,2,0.00611269362,0.007132413252,True
The Isley Brothers Featuring Angela Winbush,5,1,0.00611269362,0.003566206626,True
The Jaggerz,5,2,0.00611269362,0.007132413252,True
The James Gang,5,2,0.00611269362,0.007132413252,True
The Jamies,5,1,0.00611269362,0.003566206626,True
The Jeff Healey Band,5,1,0.00611269362,0.003566206626,True
The Jelly Beans,5,2,0.00611269362,0.007132413252,True
The Jive Five With Joe Rene And Orchestra,5,2,0.00611269362,0.007132413252,True
The Kiki Dee Band,5,1,0.00611269362,0.003566206626,True
The Kings,5,1,0.00611269362,0.003566206626,True
The Knickerbockers,5,2,0.00611269362,0.007132413252,True
The Last Goodnight,5,1,0.00611269362,0.003566206626,True
The Lonely Island Featuring T-Pain,5,1,0.00611269362,0.003566206626,True
The Marmalade,5,2,0.00611269362,0.007132413252,True
The Mighty Dub Katz,5,1,0.00611269362,0.003566206626,True
The Mojo Men,5,3,0.00611269362,0.01069861988,True
The Music Explosion,5,2,0.00611269362,0.007132413252,True
The Music Machine,5,2,0.00611269362,0.007132413252,True
The Mystics,5,2,0.00611269362,0.007132413252,True
The New Vaudeville Band,5,2,0.00611269362,0.007132413252,True
The Nite-Liters,5,2,0.00611269362,0.007132413252,True
The O'Kaysions,5,2,0.00611269362,0.007132413252,True
The Other Ones,5,2,0.00611269362,0.007132413252,True
The Outhere Brothers,5,1,0.00611269362,0.003566206626,True
The Pentagons,5,2,0.00611269362,0.007132413252,True
The Presidents,5,2,0.00611269362,0.007132413252,True
The Raconteurs,5,1,0.00611269362,0.003566206626,True
The Ready Set,5,1,0.00611269362,0.003566206626,True
The Reddings,5,2,0.00611269362,0.007132413252,True
The Reflections,5,3,0.00611269362,0.01069861988,True
The Rivingtons,5,2,0.00611269362,0.007132413252,True
The Rocky Fellers,5,2,0.00611269362,0.007132413252,True
The Royaltones,5,2,0.00611269362,0.007132413252,True
The Shocking Blue,5,3,0.00611269362,0.01069861988,True
The Statler Brothers,5,2,0.00611269362,0.007132413252,True
The Status Quo,5,2,0.00611269362,0.007132413252,True
The Storm,5,1,0.00611269362,0.003566206626,True
The Sunshine Company,5,3,0.00611269362,0.01069861988,True
The Swon Brothers,5,3,0.00611269362,0.01069861988,True
The Vanilla Fudge,5,2,0.00611269362,0.007132413252,True
The Veronicas,5,1,0.00611269362,0.003566206626,True
The Verve,5,1,0.00611269362,0.003566206626,True
The Village Stompers,5,2,0.00611269362,0.007132413252,True
The Weeknd & Kendrick Lamar,5,1,0.00611269362,0.003566206626,True
The Wing And A Prayer Fife & Drum Corps.,5,1,0.00611269362,0.003566206626,True
The Winstons,5,2,0.00611269362,0.007132413252,True
The Wreckers,5,2,0.00611269362,0.007132413252,True
Theola Kilgore,5,2,0.00611269362,0.007132413252,True
Thomas Rhett Featuring Jon Pardi,5,1,0.00611269362,0.003566206626,True
Thomas Rhett Featuring Maren Morris,5,1,0.00611269362,0.003566206626,True
"Thomas Rhett Featuring Reba McEntire, Hillary Scott, Chris Tomlin & Keith Urban",5,1,0.00611269362,0.003566206626,True
Thomas Wayne With the Delons,5,1,0.00611269362,0.003566206626,True
"Three 6 Mafia Featuring Project Pat, Young D & Superpower",5,1,0.00611269362,0.003566206626,True
Tiesto & Dzeko Featuring Preme & Post Malone,5,1,0.00611269362,0.003566206626,True
Tim McGraw With Catherine Dunn,5,1,0.00611269362,0.003566206626,True
Timbaland Featuring Drake,5,1,0.00611269362,0.003566206626,True
Times Two,5,2,0.00611269362,0.007132413252,True
Timmy Thomas,5,2,0.00611269362,0.007132413252,True
Tito Double P & Peso Pluma,5,1,0.00611269362,0.003566206626,True
Tommy Conwell And The Young Rumblers,5,2,0.00611269362,0.007132413252,True
Tommy Sands And The Raiders,5,2,0.00611269362,0.007132413252,True
Tommy Shane Steiner,5,1,0.00611269362,0.003566206626,True
Too Short Featuring Lil Jon & The East Side Boyz,5,1,0.00611269362,0.003566206626,True
Tool,5,1,0.00611269362,0.003566206626,True
Tracey Ullman,5,2,0.00611269362,0.007132413252,True
Travis Scott & HVME,5,1,0.00611269362,0.003566206626,True
Trey Songz Featuring T.I.,5,1,0.00611269362,0.003566206626,True
Trick Daddy,5,1,0.00611269362,0.003566206626,True
Trick Daddy Featuring Lil Jon & Twista,5,1,0.00611269362,0.003566206626,True
Trinidad James,5,1,0.00611269362,0.003566206626,True
Troy Shondell,5,2,0.00611269362,0.007132413252,True
Truth Hurts Featuring Rakim,5,1,0.00611269362,0.003566206626,True
Tupac Featuring The Notorious B.I.G.,5,1,0.00611269362,0.003566206626,True
Twista Featuring Kanye West & Jamie Foxx,5,1,0.00611269362,0.003566206626,True
Ty Dolla $ign Featuring Wiz Khalifa & DJ Mustard,5,1,0.00611269362,0.003566206626,True
Tyga Featuring Lil Wayne,5,1,0.00611269362,0.003566206626,True
"Tyler, The Creator Featuring Kali Uchis",5,1,0.00611269362,0.003566206626,True
"Tyler, the Creator",5,2,0.00611269362,0.007132413252,True
Ultra Nate,5,1,0.00611269362,0.003566206626,True
Usher Featuring Juicy J,5,1,0.00611269362,0.003566206626,True
Usher Featuring Plies,5,1,0.00611269362,0.003566206626,True
Usher Featuring Rick Ross,5,1,0.00611269362,0.003566206626,True
Usher Featuring Young Jeezy,5,1,0.00611269362,0.003566206626,True
Usher Featuring Young Thug,5,1,0.00611269362,0.003566206626,True
Victoria Monet,5,1,0.00611269362,0.003566206626,True
Vitamin C,5,2,0.00611269362,0.007132413252,True
WC From Westside Connection,5,1,0.00611269362,0.003566206626,True
Walter Jackson,5,4,0.00611269362,0.0142648265,True
Warren G & Nate Dogg,5,1,0.00611269362,0.003566206626,True
Warren G Featuring Adina Howard,5,1,0.00611269362,0.003566206626,True
Wayne Fontana & The Mindbenders,5,2,0.00611269362,0.007132413252,True
Webbie Featuring Lil' Phat & Lil' Boosie,5,1,0.00611269362,0.003566206626,True
Wednesday,5,2,0.00611269362,0.007132413252,True
Wham! Featuring George Michael,5,1,0.00611269362,0.003566206626,True
White Plains,5,2,0.00611269362,0.007132413252,True
White Town,5,1,0.00611269362,0.003566206626,True
Whitney Houston & CeCe Winans,5,1,0.00611269362,0.003566206626,True
Whitney Houston & Enrique Iglesias,5,1,0.00611269362,0.003566206626,True
Wink Martindale,5,2,0.00611269362,0.007132413252,True
Wynonna,5,3,0.00611269362,0.01069861988,True
XXXTENTACION Featuring Trippie Redd,5,1,0.00611269362,0.003566206626,True
Y2K & bbno$,5,1,0.00611269362,0.003566206626,True
YFN Lucci Featuring PnB Rock,5,1,0.00611269362,0.003566206626,True
"YG Featuring 2 Chainz, Big Sean & Nicki Minaj",5,1,0.00611269362,0.003566206626,True
YG Featuring Drake,5,1,0.00611269362,0.003566206626,True
YK Osiris,5,1,0.00611269362,0.003566206626,True
YNW Melly & 9lokknine,5,1,0.00611269362,0.003566206626,True
YNW Melly & Juice WRLD,5,1,0.00611269362,0.003566206626,True
Yael Naim,5,1,0.00611269362,0.003566206626,True
Yandel & Feid,5,1,0.00611269362,0.003566206626,True
Yng Lvcas x Peso Pluma,5,1,0.00611269362,0.003566206626,True
Yolanda Adams,5,1,0.00611269362,0.003566206626,True
Young Dro Featuring T.I.,5,1,0.00611269362,0.003566206626,True
Young Jeezy Featuring Akon,5,1,0.00611269362,0.003566206626,True
Young Jeezy Featuring Kanye West,5,1,0.00611269362,0.003566206626,True
Young Jeezy Featuring Ne-Yo,5,1,0.00611269362,0.003566206626,True
Young M.A,5,1,0.00611269362,0.003566206626,True
Young Money Featuring Drake,5,1,0.00611269362,0.003566206626,True
Young Nudy Featuring 21 Savage,5,1,0.00611269362,0.003566206626,True
Yung Bleu Featuring Drake,5,1,0.00611269362,0.003566206626,True
Yung Joc Featuring Brandy 'Ms. B.' Hambrick,5,1,0.00611269362,0.003566206626,True
Zac Brown Band Featuring Alan Jackson,5,1,0.00611269362,0.003566206626,True
Zac Brown Band Featuring Jimmy Buffett,5,1,0.00611269362,0.003566206626,True
Zara Larsson & MNEK,5,1,0.00611269362,0.003566206626,True
Zay Hilfigerrr & Zayion McCall,5,1,0.00611269362,0.003566206626,True
Zendaya,5,1,0.00611269362,0.003566206626,True
lovelytheband,5,1,0.00611269362,0.003566206626,True
$uicideboy$,4,4,0.004890154896,0.0142648265,True
'N Sync & Gloria Estefan,4,1,0.004890154896,0.003566206626,True
'N Sync Featuring Nelly,4,1,0.004890154896,0.003566206626,True
112 Featuring Foxy Brown,4,1,0.004890154896,0.003566206626,True
112 Featuring Mase,4,1,0.004890154896,0.003566206626,True
2 Chainz Featuring Kanye West,4,1,0.004890154896,0.003566206626,True
"2 Chainz Featuring Ty Dolla $ign, Trey Songz & Jhene Aiko",4,1,0.004890154896,0.003566206626,True
2 Pistols Featuring T-Pain & Tay Dizm,4,1,0.004890154896,0.003566206626,True
21 Savage & Metro Boomin Featuring Drake,4,1,0.004890154896,0.003566206626,True
21 Savage & Metro Boomin Featuring Future,4,1,0.004890154896,0.003566206626,True
21 Savage & Summer Walker,4,1,0.004890154896,0.003566206626,True
2Pac Featuring Eric Williams,4,1,0.004890154896,0.003566206626,True
2Pac Featuring Trick Daddy,4,1,0.004890154896,0.003566206626,True
311,4,1,0.004890154896,0.003566206626,True
3OH!3 Featuring Ke$ha,4,1,0.004890154896,0.003566206626,True
504 Boyz,4,1,0.004890154896,0.003566206626,True
6ix9ine Featuring Nicki Minaj & Murda Beatz,4,1,0.004890154896,0.003566206626,True
A Boogie Wit da Hoodie Featuring 6ix9ine,4,1,0.004890154896,0.003566206626,True
A+,4,2,0.004890154896,0.007132413252,True
ATC,4,1,0.004890154896,0.003566206626,True
Aaliyah Featuring Timbaland,4,1,0.004890154896,0.003566206626,True
Aaron Lines,4,1,0.004890154896,0.003566206626,True
Ace,4,2,0.004890154896,0.007132413252,True
Ace Hood,4,1,0.004890154896,0.003566206626,True
Ace Hood Featuring Future & Rick Ross,4,1,0.004890154896,0.003566206626,True
Adam Clayton & Larry Mullen,4,1,0.004890154896,0.003566206626,True
Afrojack Featuring Eva Simons,4,1,0.004890154896,0.003566206626,True
Aftershock,4,1,0.004890154896,0.003566206626,True
Agnetha Faltskog,4,1,0.004890154896,0.003566206626,True
Al Caiola And His Orchestra,4,2,0.004890154896,0.007132413252,True
Al Hirt,4,2,0.004890154896,0.007132413252,True
Alana Davis,4,1,0.004890154896,0.003566206626,True
Alec Benjamin + Alessia Cara,4,1,0.004890154896,0.003566206626,True
Ali Gatie,4,1,0.004890154896,0.003566206626,True
Alice Deejay,4,1,0.004890154896,0.003566206626,True
Alison Krauss + Union Station,4,1,0.004890154896,0.003566206626,True
All Time Low Featuring Demi Lovato & blackbear ,4,1,0.004890154896,0.003566206626,True
Allan Clarke,4,2,0.004890154896,0.007132413252,True
Alvin Cash & The Crawlers,4,2,0.004890154896,0.007132413252,True
Andru Donalds,4,1,0.004890154896,0.003566206626,True
Angels & Airwaves,4,1,0.004890154896,0.003566206626,True
Annie Lennox & Al Green,4,1,0.004890154896,0.003566206626,True
Anthony Newley,4,3,0.004890154896,0.01069861988,True
Aretha Franklin & George Michael,4,1,0.004890154896,0.003566206626,True
Aretha Franklin with The Dixie Flyers,4,2,0.004890154896,0.007132413252,True
Ari Lennox,4,1,0.004890154896,0.003566206626,True
Ariana Grande & Justin Bieber,4,1,0.004890154896,0.003566206626,True
Arlo Guthrie,4,1,0.004890154896,0.003566206626,True
Artemas,4,1,0.004890154896,0.003566206626,True
Asher Roth,4,1,0.004890154896,0.003566206626,True
Ashley McBryde,4,1,0.004890154896,0.003566206626,True
Ashley Parker Angel,4,1,0.004890154896,0.003566206626,True
Ashley Tisdale,4,3,0.004890154896,0.01069861988,True
August Alsina,4,1,0.004890154896,0.003566206626,True
Avant Featuring KeKe Wyatt,4,1,0.004890154896,0.003566206626,True
Azul Azul,4,1,0.004890154896,0.003566206626,True
B-Rock & The Bizz,4,1,0.004890154896,0.003566206626,True
"B.G. Featuring Baby, Turk, Mannie Fresh, Juvenile & Lil' Wayne",4,1,0.004890154896,0.003566206626,True
B.M.U. (Black Men United),4,1,0.004890154896,0.003566206626,True
B.o.B Featuring Rivers Cuomo,4,1,0.004890154896,0.003566206626,True
B.o.B Featuring Taylor Swift,4,1,0.004890154896,0.003566206626,True
BIA Featuring Nicki Minaj,4,1,0.004890154896,0.003566206626,True
BLACKstreet & Mya Featuring Mase & Blinky Blink,4,1,0.004890154896,0.003566206626,True
Baauer,4,1,0.004890154896,0.003566206626,True
Babyface (Featuring Toni Braxton),4,1,0.004890154896,0.003566206626,True
Bad Bunny & Rosalia,4,1,0.004890154896,0.003566206626,True
Bad Bunny & Tony Dize,4,1,0.004890154896,0.003566206626,True
Barbra Streisand & Neil Diamond,4,1,0.004890154896,0.003566206626,True
Barbra Streisand/Donna Summer,4,1,0.004890154896,0.003566206626,True
Barry Mann,4,3,0.004890154896,0.01069861988,True
Beenie Man Featuring Mya,4,1,0.004890154896,0.003566206626,True
Bell & James,4,1,0.004890154896,0.003566206626,True
Belly Featuring The Weeknd,4,1,0.004890154896,0.003566206626,True
Ben Colder,4,3,0.004890154896,0.01069861988,True
Benjamin Orr,4,1,0.004890154896,0.003566206626,True
Benzino,4,1,0.004890154896,0.003566206626,True
Betty Everett & Jerry Butler,4,2,0.004890154896,0.007132413252,True
Beyonce Featuring Andre 3000,4,1,0.004890154896,0.003566206626,True
Beyonce Featuring Nicki Minaj Or Chimamanda Ngozi Adichie,4,1,0.004890154896,0.003566206626,True
"Big Daddy Kane Feat. Spinderella, L. Williams & K. Anderson",4,1,0.004890154896,0.003566206626,True
Big Jay McNeely And Band,4,1,0.004890154896,0.003566206626,True
Big Punisher,4,1,0.004890154896,0.003566206626,True
Big Punisher Featuring Donell Jones,4,1,0.004890154896,0.003566206626,True
Big Sean Featuring Kanye West & Roscoe Dash,4,1,0.004890154896,0.003566206626,True
Big Sean Featuring Lil Wayne & Jhene Aiko,4,1,0.004890154896,0.003566206626,True
Bilal,4,1,0.004890154896,0.003566206626,True
Bill Champlin,4,2,0.004890154896,0.007132413252,True
Bill Doggett,4,2,0.004890154896,0.007132413252,True
Bill Parsons,4,1,0.004890154896,0.003566206626,True
Billy & Lillie,4,2,0.004890154896,0.007132413252,True
Billy & The Beaters,4,2,0.004890154896,0.007132413252,True
Billy Lawrence Featuring MC Lyte,4,1,0.004890154896,0.003566206626,True
Billy Strange,4,2,0.004890154896,0.007132413252,True
Bizarrap & Shakira,4,1,0.004890154896,0.003566206626,True
Black Rob,4,1,0.004890154896,0.003566206626,True
Blackgirl,4,2,0.004890154896,0.007132413252,True
Blahzay Blahzay,4,1,0.004890154896,0.003566206626,True
Blake Shelton Featuring Ashley Monroe,4,1,0.004890154896,0.003566206626,True
Blake Shelton Featuring Gwen Sebastian,4,1,0.004890154896,0.003566206626,True
Blu Cantrell Featuring Sean Paul,4,1,0.004890154896,0.003566206626,True
Blue Cheer,4,2,0.004890154896,0.007132413252,True
Blues Image,4,2,0.004890154896,0.007132413252,True
BoDeans,4,1,0.004890154896,0.003566206626,True
Bob & Doug McKenzie,4,1,0.004890154896,0.003566206626,True
Bob And Earl,4,2,0.004890154896,0.007132413252,True
Bob Crewe Generation,4,2,0.004890154896,0.007132413252,True
Bobbie Gentry & Glen Campbell,4,2,0.004890154896,0.007132413252,True
"Bobby ""Blue"" Bland",4,2,0.004890154896,0.007132413252,True
Bobby Curtola,4,2,0.004890154896,0.007132413252,True
Bobby Fuller Four,4,2,0.004890154896,0.007132413252,True
Bobby Hendricks,4,2,0.004890154896,0.007132413252,True
Body Head Bangerz Featuring YoungBloodz,4,1,0.004890154896,0.003566206626,True
Bone Crusher Featuring Killer Mike & T.I.,4,1,0.004890154896,0.003566206626,True
Bone Thugs-N-Harmony Featuring Akon,4,1,0.004890154896,0.003566206626,True
Bone Thugs-N-Harmony Featuring Eazy-E,4,1,0.004890154896,0.003566206626,True
Bonham,4,1,0.004890154896,0.003566206626,True
Bow Wow & Omarion,4,1,0.004890154896,0.003566206626,True
Bow Wow Featuring Baby,4,1,0.004890154896,0.003566206626,True
Bow Wow Featuring Ciara,4,1,0.004890154896,0.003566206626,True
Boys Don't Cry,4,1,0.004890154896,0.003566206626,True
Brad Paisley Featuring Alison Krauss,4,1,0.004890154896,0.003566206626,True
Brad Paisley Featuring Dolly Parton,4,1,0.004890154896,0.003566206626,True
Brandon Lake X Jelly Roll,4,1,0.004890154896,0.003566206626,True
Brenda Russell,4,1,0.004890154896,0.003566206626,True
Brian McKnight Featuring Mase,4,1,0.004890154896,0.003566206626,True
Bronski Beat,4,1,0.004890154896,0.003566206626,True
Brook Benton With The Dixie Flyers,4,2,0.004890154896,0.007132413252,True
Brooke Hogan Featuring Paul Wall,4,1,0.004890154896,0.003566206626,True
Brooke Valentine Featuring Lil Jon & Big Boi,4,1,0.004890154896,0.003566206626,True
Brooklyn Dreams,4,3,0.004890154896,0.01069861988,True
Brother Beyond,4,1,0.004890154896,0.003566206626,True
Brotherhood Creed,4,1,0.004890154896,0.003566206626,True
Bruce Hornsby,4,2,0.004890154896,0.007132413252,True
Bryan Adams/Tina Turner,4,1,0.004890154896,0.003566206626,True
Bryan Ferry,4,2,0.004890154896,0.007132413252,True
Bryce Vine,4,1,0.004890154896,0.003566206626,True
Bubba Sparxxx,4,1,0.004890154896,0.003566206626,True
Buchanan Brothers,4,2,0.004890154896,0.007132413252,True
Buck Owens and The Buckaroos,4,2,0.004890154896,0.007132413252,True
Buckner & Garcia,4,1,0.004890154896,0.003566206626,True
BulletBoys,4,2,0.004890154896,0.007132413252,True
Busta Rhymes Featuring Janet,4,1,0.004890154896,0.003566206626,True
Busta Rhymes Featuring P. Diddy & Pharrell,4,1,0.004890154896,0.003566206626,True
Busta Rhymes Featuring Spliff Star,4,1,0.004890154896,0.003566206626,True
Buster Brown,4,2,0.004890154896,0.007132413252,True
C+C Music Factory/F. Williams,4,1,0.004890154896,0.003566206626,True
Cake,4,1,0.004890154896,0.003566206626,True
Cali Swag District,4,1,0.004890154896,0.003566206626,True
Calvin Harris & Disciples,4,1,0.004890154896,0.003566206626,True
Calvin Harris Featuring Ne-Yo,4,1,0.004890154896,0.003566206626,True
"Calvin Harris Featuring Pharrell Williams, Katy Perry & Big Sean",4,1,0.004890154896,0.003566206626,True
Cam'Ron Featuring Mase,4,1,0.004890154896,0.003566206626,True
Camp Lo,4,1,0.004890154896,0.003566206626,True
Canaan Smith,4,1,0.004890154896,0.003566206626,True
Cannibal And The Headhunters,4,1,0.004890154896,0.003566206626,True
Capella Grey,4,1,0.004890154896,0.003566206626,True
Captain Hollywood Project,4,1,0.004890154896,0.003566206626,True
Cardi B & Bruno Mars,4,1,0.004890154896,0.003566206626,True
Cardi B Featuring 21 Savage,4,1,0.004890154896,0.003566206626,True
Carin Leon X Grupo Frontera,4,1,0.004890154896,0.003566206626,True
Carl Anderson & Gloria Loring,4,1,0.004890154896,0.003566206626,True
Carly Pearce Featuring Chris Stapleton,4,1,0.004890154896,0.003566206626,True
Carol Douglas,4,1,0.004890154896,0.003566206626,True
"Carolina Gaitan, Mauro Castillo, Adassa, Rhenzy Feliz, Diane Guerrero, Stephanie Beatriz & Encanto Cast",4,1,0.004890154896,0.003566206626,True
Carolina Liar,4,1,0.004890154896,0.003566206626,True
Case Featuring Foxxy Brown,4,1,0.004890154896,0.003566206626,True
"Casper Magico, Nio Garcia, Darell, Nicky Jam, Ozuna & Bad Bunny",4,1,0.004890154896,0.003566206626,True
Cassidy,4,1,0.004890154896,0.003566206626,True
Cathy Carr,4,2,0.004890154896,0.007132413252,True
Central Cee & Lil Baby,4,1,0.004890154896,0.003566206626,True
Chaka Demus & Pliers,4,1,0.004890154896,0.003566206626,True
Chamillionaire Featuring Lil' Flip,4,1,0.004890154896,0.003566206626,True
Chanson,4,1,0.004890154896,0.003566206626,True
Charli xcx Featuring Billie Eilish,4,1,0.004890154896,0.003566206626,True
Charlie Dore,4,1,0.004890154896,0.003566206626,True
Charlie Puth Featuring Jung Kook,4,1,0.004890154896,0.003566206626,True
Charlie Puth Featuring Meghan Trainor,4,1,0.004890154896,0.003566206626,True
Chase Matthew,4,1,0.004890154896,0.003566206626,True
Chase Rice Featuring Florida Georgia Line,4,1,0.004890154896,0.003566206626,True
Cher & Peter Cetera,4,1,0.004890154896,0.003566206626,True
Cherish,4,1,0.004890154896,0.003566206626,True
Cherish Featuring Yung Joc,4,1,0.004890154896,0.003566206626,True
Cherrelle With Alexander O'Neal,4,1,0.004890154896,0.003566206626,True
Chesney Hawkes,4,1,0.004890154896,0.003566206626,True
Chet Atkins,4,3,0.004890154896,0.01069861988,True
Chief Keef,4,1,0.004890154896,0.003566206626,True
Chingy Featuring Tyrese,4,1,0.004890154896,0.003566206626,True
Chris Brown Featuring Kevin K-MAC McCall,4,1,0.004890154896,0.003566206626,True
Chris Brown Featuring Usher & Gucci Mane,4,1,0.004890154896,0.003566206626,True
Chris Walker,4,1,0.004890154896,0.003566206626,True
Chris Young Duet With Cassadee Pope,4,1,0.004890154896,0.003566206626,True
Christina Aguilera Featuring Lil' Kim,4,1,0.004890154896,0.003566206626,True
Ciara Featuring Chamillionaire,4,1,0.004890154896,0.003566206626,True
Classics IV,4,1,0.004890154896,0.003566206626,True
Claudine Clark,4,1,0.004890154896,0.003566206626,True
Climie Fisher,4,1,0.004890154896,0.003566206626,True
Clivilles & Cole,4,1,0.004890154896,0.003566206626,True
Cock Robin,4,1,0.004890154896,0.003566206626,True
Coldplay x BTS,4,1,0.004890154896,0.003566206626,True
Commander Cody & His Lost Planet Airmen,4,1,0.004890154896,0.003566206626,True
Common Featuring Mary J. Blige,4,1,0.004890154896,0.003566206626,True
Company B,4,1,0.004890154896,0.003566206626,True
Conan Gray,4,1,0.004890154896,0.003566206626,True
Coolio Featuring 40 Thevz,4,1,0.004890154896,0.003566206626,True
Corinne Bailey Rae,4,1,0.004890154896,0.003566206626,True
Crucial Conflict,4,1,0.004890154896,0.003566206626,True
Culture Beat,4,1,0.004890154896,0.003566206626,True
Curtis Lee,4,2,0.004890154896,0.007132413252,True
Curtis Stigers,4,1,0.004890154896,0.003566206626,True
Cyndi Thomson,4,1,0.004890154896,0.003566206626,True
Cynthia,4,2,0.004890154896,0.007132413252,True
DJ Company,4,1,0.004890154896,0.003566206626,True
DJ ESCO Featuring Future & Lil Uzi Vert,4,1,0.004890154896,0.003566206626,True
"DJ Felli Fel Featuring Diddy, Akon, Ludacris & Lil Jon",4,1,0.004890154896,0.003566206626,True
"DJ Khaled Featuring Akon, Plies, Young Jeezy, Rick Ross, Ace Hood, Trick Daddy & Lil' Boosie",4,1,0.004890154896,0.003566206626,True
"DJ Khaled Featuring Chris Brown, Lil Wayne & Big Sean",4,1,0.004890154896,0.003566206626,True
DJ Khaled Featuring Jay Z & Future,4,1,0.004890154896,0.003566206626,True
"DJ Khaled Featuring T.I., Akon, Rick Ross, Fat Joe, Lil' Wayne & Baby",4,1,0.004890154896,0.003566206626,True
DJ Kool,4,1,0.004890154896,0.003566206626,True
DJ Luke Nasty,4,2,0.004890154896,0.007132413252,True
DJ Taz Featuring Raheem The Dream,4,1,0.004890154896,0.003566206626,True
DLOW,4,1,0.004890154896,0.003566206626,True
DMX Featuring Faith Evans,4,2,0.004890154896,0.007132413252,True
DMX Featuring Sisqo,4,1,0.004890154896,0.003566206626,True
Da Brat Featuring Cherish,4,1,0.004890154896,0.003566206626,True
Da Brat Featuring T-Boz,4,1,0.004890154896,0.003566206626,True
Da Brat Featuring Tyrese,4,1,0.004890154896,0.003566206626,True
Dae Dae,4,1,0.004890154896,0.003566206626,True
Damian Dame,4,2,0.004890154896,0.007132413252,True
Dan Seals,4,1,0.004890154896,0.003566206626,True
Daniel Caesar,4,1,0.004890154896,0.003566206626,True
Daniel Caesar Featuring H.E.R.,4,1,0.004890154896,0.003566206626,True
Danny Williams,4,2,0.004890154896,0.007132413252,True
Danny Wilson,4,1,0.004890154896,0.003566206626,True
Dante and the Evergreens,4,2,0.004890154896,0.007132413252,True
David A. Stewart Introducing Candy Dulfer,4,1,0.004890154896,0.003566206626,True
David Bowie & Mick Jagger,4,1,0.004890154896,0.003566206626,True
David Crosby & Phil Collins,4,1,0.004890154896,0.003566206626,True
David Gray,4,1,0.004890154896,0.003566206626,True
David Guetta Featuring Kid Cudi,4,1,0.004890154896,0.003566206626,True
David Houston,4,2,0.004890154896,0.007132413252,True
David Kersh,4,1,0.004890154896,0.003566206626,True
David Lee Murphy,4,1,0.004890154896,0.003566206626,True
David Nail Featuring Sarah Buxton,4,1,0.004890154896,0.003566206626,True
David Rose and His Orchestra,4,1,0.004890154896,0.003566206626,True
De La Soul,4,2,0.004890154896,0.007132413252,True
DeJ Loaf,4,1,0.004890154896,0.003566206626,True
DeJ Loaf Featuring Big Sean,4,1,0.004890154896,0.003566206626,True
Deborah Cox With R.L.,4,1,0.004890154896,0.003566206626,True
Deja Vu,4,1,0.004890154896,0.003566206626,True
Dem Franchize Boyz,4,2,0.004890154896,0.007132413252,True
Demi Lovato Featuring Cher Lloyd,4,1,0.004890154896,0.003566206626,True
Deon Estus,4,1,0.004890154896,0.003566206626,True
Desmond Child,4,2,0.004890154896,0.007132413252,True
Devin Dawson,4,1,0.004890154896,0.003566206626,True
Diane Renay,4,2,0.004890154896,0.007132413252,True
Dick Dale and The Del-Tones,4,2,0.004890154896,0.007132413252,True
Dicky Doo And The Don'ts,4,2,0.004890154896,0.007132413252,True
Diddy Featuring Christina Aguilera,4,1,0.004890154896,0.003566206626,True
Dierks Bentley Featuring Brothers Osborne,4,1,0.004890154896,0.003566206626,True
Dierks Bentley Featuring Elle King,4,1,0.004890154896,0.003566206626,True
"Dierks Bentley, BRELAND & HARDY",4,1,0.004890154896,0.003566206626,True
Diesel,4,1,0.004890154896,0.003566206626,True
Dion Di Muci,4,2,0.004890154896,0.007132413252,True
Dirty Vegas,4,1,0.004890154896,0.003566206626,True
"Dis `N' Dat Feat. 95 South,69 Boyz & K-Nock",4,1,0.004890154896,0.003566206626,True
Do Or Die (Featuring Twista),4,1,0.004890154896,0.003566206626,True
Do Or Die Featuring Johnny P & Twista,4,1,0.004890154896,0.003566206626,True
Doc Box & B. Fresh,4,1,0.004890154896,0.003566206626,True
Doja Cat Featuring Gucci Mane,4,1,0.004890154896,0.003566206626,True
Don & Juan,4,2,0.004890154896,0.007132413252,True
Don Covay & The Goodtimers,4,2,0.004890154896,0.007132413252,True
Don Fardon,4,2,0.004890154896,0.007132413252,True
Don Felder,4,1,0.004890154896,0.003566206626,True
Don Ray,4,1,0.004890154896,0.003566206626,True
Donna Allen,4,1,0.004890154896,0.003566206626,True
Donna Summer With Brooklyn Dreams,4,1,0.004890154896,0.003566206626,True
Donny Osmond of The Osmonds,4,1,0.004890154896,0.003566206626,True
Dorrough,4,1,0.004890154896,0.003566206626,True
Dr. Dre Featuring Snoop Dogg & Akon,4,1,0.004890154896,0.003566206626,True
Drake & Central Cee,4,1,0.004890154896,0.003566206626,True
Drake Featuring The Weeknd,4,1,0.004890154896,0.003566206626,True
Drake Featuring Trey Songz & Lil Wayne,4,1,0.004890154896,0.003566206626,True
Dreezy Featuring Jeremih,4,1,0.004890154896,0.003566206626,True
Dru Hill Featuring Redman,4,1,0.004890154896,0.003566206626,True
Duffy,4,1,0.004890154896,0.003566206626,True
Dustin Lynch Featuring Jelly Roll,4,1,0.004890154896,0.003566206626,True
Dwight Twilley Band,4,1,0.004890154896,0.003566206626,True
Dwight Yoakam,4,2,0.004890154896,0.007132413252,True
E-40 (Featuring Leviti),4,1,0.004890154896,0.003566206626,True
EVE & Nokio,4,1,0.004890154896,0.003566206626,True
"Earth, Wind & Fire With The Emotions",4,1,0.004890154896,0.003566206626,True
Eddie Fisher,4,3,0.004890154896,0.01069861988,True
Eddie Schwartz,4,2,0.004890154896,0.007132413252,True
Eden's Crush,4,1,0.004890154896,0.003566206626,True
Edgar Winter's White Trash,4,2,0.004890154896,0.007132413252,True
Edison Lighthouse,4,2,0.004890154896,0.007132413252,True
Eiffel 65,4,1,0.004890154896,0.003566206626,True
Eileen Rodgers,4,1,0.004890154896,0.003566206626,True
El DeBarge With DeBarge,4,2,0.004890154896,0.007132413252,True
Ella Fitzgerald,4,2,0.004890154896,0.007132413252,True
Ellie Goulding & Juice WRLD,4,1,0.004890154896,0.003566206626,True
Elton John & Britney Spears,4,1,0.004890154896,0.003566206626,True
Elvie Shane,4,1,0.004890154896,0.003566206626,True
Emeli Sande,4,1,0.004890154896,0.003566206626,True
Eminem Featuring Juice WRLD,4,1,0.004890154896,0.003566206626,True
Enrique Iglesias Featuring Sammy Adams,4,1,0.004890154896,0.003566206626,True
Enur Featuring Natasja,4,1,0.004890154896,0.003566206626,True
Eric Church Featuring Rhiannon Giddens,4,1,0.004890154896,0.003566206626,True
Erick Sermon,4,2,0.004890154896,0.007132413252,True
Erick Sermon Featuring Marvin Gaye,4,1,0.004890154896,0.003566206626,True
Erick Sermon Featuring Redman,4,1,0.004890154896,0.003566206626,True
Ernie Maresca,4,1,0.004890154896,0.003566206626,True
EsDeeKid,4,1,0.004890154896,0.003566206626,True
Ester Dean Featuring Chris Brown,4,1,0.004890154896,0.003566206626,True
"Esther Phillips ""Little Esther""",4,1,0.004890154896,0.003566206626,True
Eugene Wilde,4,2,0.004890154896,0.007132413252,True
Eurythmics & Aretha Franklin,4,1,0.004890154896,0.003566206626,True
Eye To Eye,4,2,0.004890154896,0.007132413252,True
F3miii,4,1,0.004890154896,0.003566206626,True
FRENTE!,4,1,0.004890154896,0.003566206626,True
Fabolous Featuring P. Diddy & Jagged Edge,4,1,0.004890154896,0.003566206626,True
Faces,4,2,0.004890154896,0.007132413252,True
Faith Evans Featuring Carl Thomas,4,1,0.004890154896,0.003566206626,True
Faith Evans Featuring Puff Daddy,4,1,0.004890154896,0.003566206626,True
Famous Dex Featuring A$AP Rocky,4,1,0.004890154896,0.003566206626,True
Fat Boys & The Beach Boys,4,1,0.004890154896,0.003566206626,True
Fat Joe Featuring J. Holiday,4,1,0.004890154896,0.003566206626,True
Fat Joe Featuring Nelly,4,1,0.004890154896,0.003566206626,True
Feist,4,1,0.004890154896,0.003566206626,True
Fifth Harmony Featuring Fetty Wap,4,1,0.004890154896,0.003566206626,True
Fiona Apple,4,1,0.004890154896,0.003566206626,True
Five Flights Up,4,2,0.004890154896,0.007132413252,True
Flatt & Scruggs,4,2,0.004890154896,0.007132413252,True
Flo Rida Featuring Akon,4,1,0.004890154896,0.003566206626,True
Flo Rida Featuring Wynter,4,1,0.004890154896,0.003566206626,True
Flo Rida Featuring will.i.am,4,1,0.004890154896,0.003566206626,True
Florida Georgia Line Featuring Backstreet Boys,4,1,0.004890154896,0.003566206626,True
Floyd Robinson,4,1,0.004890154896,0.003566206626,True
Folk Implosion,4,1,0.004890154896,0.003566206626,True
Foster Sylvers,4,2,0.004890154896,0.007132413252,True
Fountains Of Wayne,4,1,0.004890154896,0.003566206626,True
Four Jacks And A Jill,4,1,0.004890154896,0.003566206626,True
"Frank Sinatra ""and a bunch of kids""",4,1,0.004890154896,0.003566206626,True
Frankie J Featuring Mannie Fresh & Chamillionaire,4,1,0.004890154896,0.003566206626,True
Frankie Smith,4,1,0.004890154896,0.003566206626,True
Fred Hughes,4,2,0.004890154896,0.007132413252,True
Fred Knoblock,4,1,0.004890154896,0.003566206626,True
Fred Knoblock & Susan Anton,4,1,0.004890154896,0.003566206626,True
Freddie Hart,4,1,0.004890154896,0.003566206626,True
Freddy King,4,3,0.004890154896,0.01069861988,True
Friend And Lover,4,2,0.004890154896,0.007132413252,True
Fuerza Regida & Grupo Frontera,4,1,0.004890154896,0.003566206626,True
Fuerza Regida X Grupo Frontera,4,1,0.004890154896,0.003566206626,True
"Future, Metro Boomin, Travis Scott & Playboi Carti",4,1,0.004890154896,0.003566206626,True
G Unit,4,1,0.004890154896,0.003566206626,True
G-Unit Featuring Joe,4,1,0.004890154896,0.003566206626,True
G.Q.,4,1,0.004890154896,0.003566206626,True
GQ,4,1,0.004890154896,0.003566206626,True
"Gabito Ballesteros, Peso Pluma & Natanael Cano",4,1,0.004890154896,0.003566206626,True
Gavin Christopher,4,1,0.004890154896,0.003566206626,True
Gayle McCormick,4,2,0.004890154896,0.007132413252,True
Gene & Eunice,4,1,0.004890154896,0.003566206626,True
George Michael/Elton John,4,1,0.004890154896,0.003566206626,True
Georgie Fame And The Blue Flames,4,2,0.004890154896,0.007132413252,True
Gillette,4,1,0.004890154896,0.003566206626,True
Gina Thompson,4,1,0.004890154896,0.003566206626,True
Glenn Jones,4,1,0.004890154896,0.003566206626,True
Glenn Lewis,4,1,0.004890154896,0.003566206626,True
Glenn Medeiros Featuring Bobby Brown,4,1,0.004890154896,0.003566206626,True
Glenn Yarbrough,4,2,0.004890154896,0.007132413252,True
Godley & Creme,4,1,0.004890154896,0.003566206626,True
Goodie Mob Featuring Outkast,4,1,0.004890154896,0.003566206626,True
Gravity Kills,4,1,0.004890154896,0.003566206626,True
Greg Guidry,4,1,0.004890154896,0.003566206626,True
Grouplove,4,1,0.004890154896,0.003566206626,True
Grupo Frontera,4,1,0.004890154896,0.003566206626,True
Gucci Mane Featuring Plies Or OJ Da Juiceman,4,1,0.004890154896,0.003566206626,True
Gucci Mane Featuring Usher,4,1,0.004890154896,0.003566206626,True
Gunhill Road,4,1,0.004890154896,0.003566206626,True
Gunna Featuring Drake,4,1,0.004890154896,0.003566206626,True
Guy Drake,4,1,0.004890154896,0.003566206626,True
H-Town/Al B. Sure!,4,1,0.004890154896,0.003566206626,True
H.E.R.,4,1,0.004890154896,0.003566206626,True
H.E.R. Featuring Chris Brown,4,1,0.004890154896,0.003566206626,True
H.E.R. Featuring YG,4,1,0.004890154896,0.003566206626,True
Haircut One Hundred,4,1,0.004890154896,0.003566206626,True
Hannah Jones,4,1,0.004890154896,0.003566206626,True
Harvey & The Moonglows,4,1,0.004890154896,0.003566206626,True
Heidi Newfield,4,1,0.004890154896,0.003566206626,True
Herb Alpert And Tijuana Brass,4,1,0.004890154896,0.003566206626,True
Hev-D,4,1,0.004890154896,0.003566206626,True
Hi-Town DJs,4,1,0.004890154896,0.003566206626,True
Hipsway,4,1,0.004890154896,0.003566206626,True
Hitkidd & GloRilla,4,1,0.004890154896,0.003566206626,True
Holland-Dozier,4,2,0.004890154896,0.007132413252,True
Hollywood Argyles,4,1,0.004890154896,0.003566206626,True
Hot Butter,4,1,0.004890154896,0.003566206626,True
Hudson and Landry,4,2,0.004890154896,0.007132413252,True
IMx,4,1,0.004890154896,0.003566206626,True
INOJ/LATHUN,4,1,0.004890154896,0.003566206626,True
IV Xample,4,1,0.004890154896,0.003566206626,True
Ian Thomas,4,1,0.004890154896,0.003566206626,True
Ideal Featuring Lil' Mo,4,1,0.004890154896,0.003566206626,True
Iggy Pop With Kate Pierson,4,1,0.004890154896,0.003566206626,True
Imani Coppola,4,1,0.004890154896,0.003566206626,True
Immature (Featuring Smooth),4,1,0.004890154896,0.003566206626,True
Inez Foxx with Charlie Foxx,4,1,0.004890154896,0.003566206626,True
Ingrid Andress,4,1,0.004890154896,0.003566206626,True
Inoj,4,1,0.004890154896,0.003566206626,True
Instant Funk,4,1,0.004890154896,0.003566206626,True
Ironhorse,4,2,0.004890154896,0.007132413252,True
Ivo Robic and The Song-Masters,4,1,0.004890154896,0.003566206626,True
J Balvin,4,1,0.004890154896,0.003566206626,True
J Balvin & Bad Bunny,4,2,0.004890154896,0.007132413252,True
J-Shin Featuring LaTocha Scott,4,1,0.004890154896,0.003566206626,True
J. Cole Featuring Missy Elliott,4,1,0.004890154896,0.003566206626,True
J. Cole Featuring TLC,4,1,0.004890154896,0.003566206626,True
"J. Cole, 21 Savage & Morray",4,1,0.004890154896,0.003566206626,True
JACKBOYS Featuring Young Thug,4,1,0.004890154896,0.003566206626,True
JC Chasez,4,1,0.004890154896,0.003566206626,True
JD Featuring Da Brat,4,1,0.004890154896,0.003566206626,True
JD Featuring Jay-Z,4,1,0.004890154896,0.003566206626,True
"JEONGYEON, JIHYO & CHAEYOUNG Of TWICE",4,1,0.004890154896,0.003566206626,True
JNR CHOI & Sam Tompkins,4,1,0.004890154896,0.003566206626,True
"Ja Rule Featuring Charli ""Chuck"" Baltimore",4,1,0.004890154896,0.003566206626,True
Jackie Lee,4,2,0.004890154896,0.007132413252,True
Jackie Wilson & Count Basie,4,2,0.004890154896,0.007132413252,True
James Gang,4,2,0.004890154896,0.007132413252,True
James Ingram And Patti Austin,4,1,0.004890154896,0.003566206626,True
James Ingram With Michael McDonald,4,1,0.004890154896,0.003566206626,True
James Newton Howard Featuring Jennifer Lawrence,4,1,0.004890154896,0.003566206626,True
James Otto,4,1,0.004890154896,0.003566206626,True
Jameson Rodgers,4,1,0.004890154896,0.003566206626,True
Jameson Rodgers Featuring Luke Combs,4,1,0.004890154896,0.003566206626,True
Jamey Johnson,4,1,0.004890154896,0.003566206626,True
Jamie Foxx Featuring Drake,4,1,0.004890154896,0.003566206626,True
Janet & Nelly,4,1,0.004890154896,0.003566206626,True
Janie Grant,4,2,0.004890154896,0.007132413252,True
Jaron And The Long Road To Love,4,1,0.004890154896,0.003566206626,True
Jars Of Clay,4,1,0.004890154896,0.003566206626,True
Jason Derulo Featuring Nicki Minaj & Ty Dolla $ign,4,1,0.004890154896,0.003566206626,True
Jay Z Featuring Beyonce,4,1,0.004890154896,0.003566206626,True
Jay Z Kanye West Featuring Otis Redding,4,1,0.004890154896,0.003566206626,True
Jay-Z + Swizz Beatz,4,1,0.004890154896,0.003566206626,True
Jay-Z Featuring Foxxy Brown,4,1,0.004890154896,0.003566206626,True
Jaye P. Morgan,4,3,0.004890154896,0.01069861988,True
Jellybean Featuring Catherine Buchanan,4,1,0.004890154896,0.003566206626,True
Jennifer Lopez Featuring Lil Wayne,4,1,0.004890154896,0.003566206626,True
Jeremih Featuring J. Cole,4,1,0.004890154896,0.003566206626,True
Jerry Butler & Brenda Lee Eager,4,1,0.004890154896,0.003566206626,True
Jesse Belvin,4,2,0.004890154896,0.007132413252,True
Jesse Johnson (Featuring Sly Stone),4,1,0.004890154896,0.003566206626,True
Jesse Winchester,4,2,0.004890154896,0.007132413252,True
Jessica Darrow,4,1,0.004890154896,0.003566206626,True
Jessie James,4,1,0.004890154896,0.003566206626,True
Jhene Aiko Featuring Swae Lee Or Rae Sremmurd,4,1,0.004890154896,0.003566206626,True
Jim Jones & Ron Browz Featuring Juelz Santana,4,1,0.004890154896,0.003566206626,True
Jim Photoglo,4,1,0.004890154896,0.003566206626,True
Jim Steinman,4,1,0.004890154896,0.003566206626,True
Jimi Hendrix,4,3,0.004890154896,0.01069861988,True
"Jimmy ""Bo"" Horne",4,1,0.004890154896,0.003566206626,True
Jimmy Charles and The Revelletts,4,1,0.004890154896,0.003566206626,True
Jimmy Darren,4,2,0.004890154896,0.007132413252,True
Jimmy Hall,4,1,0.004890154896,0.003566206626,True
Jimmy McCracklin,4,3,0.004890154896,0.01069861988,True
Jimmy Ray,4,1,0.004890154896,0.003566206626,True
Jo Dee Messina With Tim McGraw,4,1,0.004890154896,0.003566206626,True
JoJo Featuring Bow Wow,4,1,0.004890154896,0.003566206626,True
Jody Watley With Eric B. & Rakim,4,1,0.004890154896,0.003566206626,True
Joe Budden,4,1,0.004890154896,0.003566206626,True
Joe Cocker and The Chris Stainton Band,4,2,0.004890154896,0.007132413252,True
John D. Loudermilk,4,3,0.004890154896,0.01069861988,True
John Forte,4,1,0.004890154896,0.003566206626,True
John Lennon With The Plastic Ono Nuclear Band,4,1,0.004890154896,0.003566206626,True
John Newman,4,1,0.004890154896,0.003566206626,True
John Williams,4,1,0.004890154896,0.003566206626,True
Johnnie Taylor (The Soul Philosopher),4,2,0.004890154896,0.007132413252,True
Johnny Bond,4,2,0.004890154896,0.007132413252,True
Johnny Cash And The Tennessee Three,4,2,0.004890154896,0.007132413252,True
Johnny Cymbal,4,2,0.004890154896,0.007132413252,True
Johnny Ferguson,4,1,0.004890154896,0.003566206626,True
Johnny Gill Featuring Roger Troutman,4,1,0.004890154896,0.003566206626,True
Johnny Guitar Watson,4,2,0.004890154896,0.007132413252,True
Johnny Mathis/Deniece Williams,4,1,0.004890154896,0.003566206626,True
Johnny Rodriguez,4,3,0.004890154896,0.01069861988,True
Jomanda,4,2,0.004890154896,0.007132413252,True
Jonathan Butler,4,1,0.004890154896,0.003566206626,True
Jonathan Edwards,4,1,0.004890154896,0.003566206626,True
Jonell & Method Man,4,1,0.004890154896,0.003566206626,True
Jonn Hart Featuring IamSU!,4,1,0.004890154896,0.003566206626,True
Joose,4,1,0.004890154896,0.003566206626,True
Jordan Adetunji,4,1,0.004890154896,0.003566206626,True
Jordan Hill,4,2,0.004890154896,0.007132413252,True
Jordan Knight,4,1,0.004890154896,0.003566206626,True
Josh Kelley,4,1,0.004890154896,0.003566206626,True
Juicy J Featuring Wale & Trey Songz,4,1,0.004890154896,0.003566206626,True
Julia Wolf,4,1,0.004890154896,0.003566206626,True
Julie Rogers,4,2,0.004890154896,0.007132413252,True
Julio Iglesias And Willie Nelson,4,1,0.004890154896,0.003566206626,True
Jung Kook Featuring Latto,4,1,0.004890154896,0.003566206626,True
Junior H x Peso Pluma,4,1,0.004890154896,0.003566206626,True
Junior M.A.F.I.A. Featuring The Notorious B.I.G.,4,1,0.004890154896,0.003566206626,True
Justin Bieber Featuring Jaden Smith,4,1,0.004890154896,0.003566206626,True
Justin Bieber Featuring Usher,4,1,0.004890154896,0.003566206626,True
Justin Moore & Priscilla Block,4,1,0.004890154896,0.003566206626,True
Justin Timberlake Featuring Chris Stapleton,4,1,0.004890154896,0.003566206626,True
Juvenile Featuring Mannie Fresh,4,1,0.004890154896,0.003566206626,True
K Camp,4,1,0.004890154896,0.003566206626,True
K-Ci Hailey,4,1,0.004890154896,0.003566206626,True
K.M.C. KRU,4,1,0.004890154896,0.003566206626,True
Kane Brown X blackbear,4,1,0.004890154896,0.003566206626,True
Kanye West Featuring Adam Levine,4,1,0.004890154896,0.003566206626,True
Kanye West Featuring Dwele,4,1,0.004890154896,0.003566206626,True
Kanye West Featuring Syleena Johnson,4,1,0.004890154896,0.003566206626,True
"Kanye West Featuring Theophilus London, Allan Kingdom & Paul McCartney",4,1,0.004890154896,0.003566206626,True
Karol G x Shakira,4,1,0.004890154896,0.003566206626,True
Kathy Linden,4,2,0.004890154896,0.007132413252,True
Kay Starr,4,3,0.004890154896,0.01069861988,True
KeKe Wyatt Featuring Avant,4,1,0.004890154896,0.003566206626,True
Keane,4,2,0.004890154896,0.007132413252,True
Keedy,4,2,0.004890154896,0.007132413252,True
Keith Carradine,4,1,0.004890154896,0.003566206626,True
Keith Sweat (Featuring Kut Klose),4,1,0.004890154896,0.003566206626,True
Keith Sweat Featuring Snoop Dogg,4,1,0.004890154896,0.003566206626,True
Keith Urban Featuring Carrie Underwood,4,1,0.004890154896,0.003566206626,True
Kellie Coffey,4,1,0.004890154896,0.003566206626,True
Kem,4,1,0.004890154896,0.003566206626,True
Kenny Ball and his Jazzmen,4,2,0.004890154896,0.007132413252,True
Kenny Chesney Duet With George Strait,4,1,0.004890154896,0.003566206626,True
Kenny Chesney Featuring Grace Potter,4,1,0.004890154896,0.003566206626,True
Kenny Chesney With Grace Potter,4,1,0.004890154896,0.003566206626,True
Kenny Chesney With Mac McAnally,4,1,0.004890154896,0.003566206626,True
Kenny Loggins & Jim Messina,4,1,0.004890154896,0.003566206626,True
Kenny Rogers With Alison Krauss & Billy Dean,4,1,0.004890154896,0.003566206626,True
Kenny Rogers With Kim Carnes & James Ingram,4,1,0.004890154896,0.003566206626,True
Kermit (Jim Henson),4,1,0.004890154896,0.003566206626,True
Kevin Denney,4,1,0.004890154896,0.003566206626,True
Kevon Edmonds,4,1,0.004890154896,0.003566206626,True
"Khalid, Ty Dolla $ign & 6LACK",4,1,0.004890154896,0.003566206626,True
Khia Featuring DSD,4,1,0.004890154896,0.003566206626,True
Kid 'N Play,4,1,0.004890154896,0.003566206626,True
Kid Cudi Featuring Kanye West & Common,4,1,0.004890154896,0.003566206626,True
Kid Ink Featuring DeJ Loaf,4,1,0.004890154896,0.003566206626,True
Kid Ink Featuring Usher & Tinashe,4,1,0.004890154896,0.003566206626,True
Kim Weston,4,4,0.004890154896,0.0142648265,True
Kool Moe Dee,4,2,0.004890154896,0.007132413252,True
Krewella,4,1,0.004890154896,0.003566206626,True
Kristen Bell & Idina Menzel,4,1,0.004890154896,0.003566206626,True
"Kristen Bell, Agatha Lee Monn & Katie Lopez",4,1,0.004890154896,0.003566206626,True
L'Trimm,4,1,0.004890154896,0.003566206626,True
L.V.,4,1,0.004890154896,0.003566206626,True
LL Cool J Featuring 7 Aurelius,4,1,0.004890154896,0.003566206626,True
LMFAO Featuring Lil Jon,4,1,0.004890154896,0.003566206626,True
LSG,4,1,0.004890154896,0.003566206626,True
LTD,4,1,0.004890154896,0.003566206626,True
Labrinth Featuring Emeli Sande,4,1,0.004890154896,0.003566206626,True
Lady A,4,2,0.004890154896,0.007132413252,True
Lady Gaga & Ariana Grande,4,1,0.004890154896,0.003566206626,True
Lady Gaga Featuring R. Kelly,4,1,0.004890154896,0.003566206626,True
Laid Back,4,1,0.004890154896,0.003566206626,True
Lainey Wilson & John Mayer,4,1,0.004890154896,0.003566206626,True
Laissez Faire,4,1,0.004890154896,0.003566206626,True
Lara Fabian,4,1,0.004890154896,0.003566206626,True
Larry Finnegan,4,1,0.004890154896,0.003566206626,True
Larry Hall,4,1,0.004890154896,0.003566206626,True
Larry Verne,4,2,0.004890154896,0.007132413252,True
Latto Featuring Cardi B,4,1,0.004890154896,0.003566206626,True
Laura Enea,4,1,0.004890154896,0.003566206626,True
Lauren Wood,4,1,0.004890154896,0.003566206626,True
Laurnea,4,1,0.004890154896,0.003566206626,True
"Layton Greene, Lil Baby, City Girls & PnB Rock",4,1,0.004890154896,0.003566206626,True
Le Pamplemousse,4,1,0.004890154896,0.003566206626,True
LeToya,4,1,0.004890154896,0.003566206626,True
Les Cooper and the Soul Rockers,4,1,0.004890154896,0.003566206626,True
Leslie Pearl,4,1,0.004890154896,0.003566206626,True
Lil Baby & DaBaby,4,1,0.004890154896,0.003566206626,True
Lil Boosie Featuring Foxx & Webbie,4,1,0.004890154896,0.003566206626,True
Lil Bow Wow Featuring Xscape,4,1,0.004890154896,0.003566206626,True
Lil Jon & The East Side Boyz Featuring Lil Scrappy,4,1,0.004890154896,0.003566206626,True
Lil Wayne Featuring 2 Chainz,4,1,0.004890154896,0.003566206626,True
Lil Wayne Featuring Bruno Mars,4,1,0.004890154896,0.003566206626,True
Lil Wayne Featuring Cory Gunz,4,1,0.004890154896,0.003566206626,True
Lil Wayne Featuring Jay-Z,4,1,0.004890154896,0.003566206626,True
Lil Wayne Featuring Rick Ross,4,1,0.004890154896,0.003566206626,True
Lil Xan,4,1,0.004890154896,0.003566206626,True
Lil' Duval Featuring Snoop Dogg & Ball Greezy,4,1,0.004890154896,0.003566206626,True
Lil' Flip,4,1,0.004890154896,0.003566206626,True
Lil' Kim Featuring Mr. Cheeks,4,1,0.004890154896,0.003566206626,True
Lil' Kim Featuring Puff Daddy,4,1,0.004890154896,0.003566206626,True
Lila McCann,4,1,0.004890154896,0.003566206626,True
Linda Ronstadt & The Nelson Riddle Orchestra,4,1,0.004890154896,0.003566206626,True
Link,4,1,0.004890154896,0.003566206626,True
Linkin Park Featuring Kiiara,4,1,0.004890154896,0.003566206626,True
Little Mix,4,2,0.004890154896,0.007132413252,True
Lolita,4,1,0.004890154896,0.003566206626,True
London Symphony Orchestra,4,1,0.004890154896,0.003566206626,True
Loreena McKennitt,4,1,0.004890154896,0.003566206626,True
Lorne Greene,4,2,0.004890154896,0.007132413252,True
Los Del Mar,4,1,0.004890154896,0.003566206626,True
Lucas,4,1,0.004890154896,0.003566206626,True
Lucy Pearl,4,1,0.004890154896,0.003566206626,True
Ludacris Co-Starring T-Pain,4,1,0.004890154896,0.003566206626,True
Ludacris Featuring Bobby Valentino,4,1,0.004890154896,0.003566206626,True
Ludacris Featuring Mary J. Blige,4,1,0.004890154896,0.003566206626,True
Ludacris Featuring Nate Dogg,4,1,0.004890154896,0.003566206626,True
Ludacris Featuring Nicki Minaj,4,1,0.004890154896,0.003566206626,True
Luis Fonsi,4,2,0.004890154896,0.007132413252,True
Luis Fonsi & Demi Lovato,4,1,0.004890154896,0.003566206626,True
Luke Bryan Featuring Karen Fairchild,4,1,0.004890154896,0.003566206626,True
Luke Featuring The 2 Live Crew,4,1,0.004890154896,0.003566206626,True
"Lunay, Daddy Yankee & Bad Bunny",4,1,0.004890154896,0.003566206626,True
Lupe Fiasco Featuring Trey Songz,4,1,0.004890154896,0.003566206626,True
Luther Vandross & Mariah Carey,4,1,0.004890154896,0.003566206626,True
M.I.A.,4,1,0.004890154896,0.003566206626,True
MC Luscious,4,1,0.004890154896,0.003566206626,True
MFSB,4,2,0.004890154896,0.007132413252,True
Mac And Katie Kissoon,4,1,0.004890154896,0.003566206626,True
Mac McAnally,4,2,0.004890154896,0.007132413252,True
"Macklemore & Ryan Lewis Featuring Eric Nally, Melle Mel, Kool Moe Dee & Grandmaster Caz",4,1,0.004890154896,0.003566206626,True
Macklemore Featuring Kesha,4,1,0.004890154896,0.003566206626,True
Mad Cobra,4,1,0.004890154896,0.003566206626,True
Madison Avenue,4,1,0.004890154896,0.003566206626,True
Madonna Featuring Justin Timberlake & Timbaland,4,1,0.004890154896,0.003566206626,True
Major Lazer Featuring Nyla & Fuse ODG,4,1,0.004890154896,0.003566206626,True
Maluma,4,1,0.004890154896,0.003566206626,True
Maluma & The Weeknd,4,1,0.004890154896,0.003566206626,True
Mama Cass Elliot,4,2,0.004890154896,0.007132413252,True
Manuel Turizo,4,1,0.004890154896,0.003566206626,True
Marc E. Bassy Featuring G-Eazy,4,1,0.004890154896,0.003566206626,True
Mariah Carey Featuring Jay-Z,4,1,0.004890154896,0.003566206626,True
Mariah Carey Featuring Joe & 98 Degrees,4,1,0.004890154896,0.003566206626,True
Mariah Carey Featuring Miguel,4,1,0.004890154896,0.003566206626,True
Mariah Carey Featuring Snoop Dogg,4,2,0.004890154896,0.007132413252,True
Mariah the Scientist & Kali Uchis,4,1,0.004890154896,0.003566206626,True
Marian Hill,4,1,0.004890154896,0.003566206626,True
Marilyn Martin,4,1,0.004890154896,0.003566206626,True
Mark Ambor,4,1,0.004890154896,0.003566206626,True
Mark McGuinn,4,1,0.004890154896,0.003566206626,True
Maroon 5 Featuring Future,4,1,0.004890154896,0.003566206626,True
Marques Houston Featuring Joe Budden & Pied Piper,4,1,0.004890154896,0.003566206626,True
Marsha Ambrosius,4,1,0.004890154896,0.003566206626,True
Marshmello & Khalid,4,1,0.004890154896,0.003566206626,True
Marshmello Featuring CHVRCHES,4,1,0.004890154896,0.003566206626,True
Martin Briley,4,1,0.004890154896,0.003566206626,True
Martina McBride With Jim Brickman,4,1,0.004890154896,0.003566206626,True
Marvin Gaye & Mary Wells,4,2,0.004890154896,0.007132413252,True
"Marvin Hamlisch/""The Sting""",4,1,0.004890154896,0.003566206626,True
Mary J. Blige Featuring Drake,4,2,0.004890154896,0.007132413252,True
Mase Featuring P. Diddy,4,1,0.004890154896,0.003566206626,True
Mashmakhan,4,1,0.004890154896,0.003566206626,True
Mason Williams,4,2,0.004890154896,0.007132413252,True
Master P Featuring Pimp C And The Shocker,4,1,0.004890154896,0.003566206626,True
"Master P Featuring Silkk The Shocker, Sons Of Funk And Mo B. Dick",4,1,0.004890154896,0.003566206626,True
Master P Featuring Sons Of Funk,4,1,0.004890154896,0.003566206626,True
Matisyahu,4,2,0.004890154896,0.007132413252,True
Matthews' Southern Comfort,4,2,0.004890154896,0.007132413252,True
Maynard Ferguson,4,2,0.004890154896,0.007132413252,True
Mazzy Star,4,1,0.004890154896,0.003566206626,True
Meat Puppets,4,1,0.004890154896,0.003566206626,True
Meek Mill Featuring Chris Brown & Nicki Minaj,4,1,0.004890154896,0.003566206626,True
Meek Mill Featuring Ella Mai,4,1,0.004890154896,0.003566206626,True
Meek Mill Featuring Jeremih & PnB Rock,4,1,0.004890154896,0.003566206626,True
Megan Thee Stallion Featuring Yuki Chiba,4,1,0.004890154896,0.003566206626,True
"Megan Thee Stallion, Nicki Minaj & Ty Dolla $ign",4,1,0.004890154896,0.003566206626,True
Melanie With The Edwin Hawkins Singers,4,1,0.004890154896,0.003566206626,True
Meli'sa Morgan,4,1,0.004890154896,0.003566206626,True
MercyMe,4,1,0.004890154896,0.003566206626,True
Method Man Featuring Mary J. Blige,4,1,0.004890154896,0.003566206626,True
Metro Boomin Featuring Don Toliver & Future,4,1,0.004890154896,0.003566206626,True
"Metro Boomin, Travis Scott & Young Thug",4,1,0.004890154896,0.003566206626,True
Michael Franti & Spearhead Featuring Cherine Anderson,4,1,0.004890154896,0.003566206626,True
Michael Jackson & Janet Jackson,4,1,0.004890154896,0.003566206626,True
Michael Jackson And Paul McCartney,4,1,0.004890154896,0.003566206626,True
Michel Polnareff,4,2,0.004890154896,0.007132413252,True
Mickey & Sylvia,4,2,0.004890154896,0.007132413252,True
Mikaila,4,1,0.004890154896,0.003566206626,True
Mike Oldfield,4,1,0.004890154896,0.003566206626,True
Mike Posner Featuring Lil Wayne,4,1,0.004890154896,0.003566206626,True
Mike Reno And Ann Wilson,4,1,0.004890154896,0.003566206626,True
Militia,4,1,0.004890154896,0.003566206626,True
Millie Small,4,2,0.004890154896,0.007132413252,True
Miranda Cosgrove,4,2,0.004890154896,0.007132413252,True
Miranda Lambert Duet With Carrie Underwood,4,1,0.004890154896,0.003566206626,True
Mis-Teeq,4,1,0.004890154896,0.003566206626,True
Miss Toni Fisher,4,1,0.004890154896,0.003566206626,True
Missy Elliott Featuring Pharrell Williams,4,1,0.004890154896,0.003566206626,True
Mitch Malloy,4,2,0.004890154896,0.007132413252,True
Mitski,4,1,0.004890154896,0.003566206626,True
Mobb Deep Featuring 112,4,1,0.004890154896,0.003566206626,True
Mocedades,4,1,0.004890154896,0.003566206626,True
Modern English,4,1,0.004890154896,0.003566206626,True
Modjo,4,1,0.004890154896,0.003566206626,True
Money Man Featuring Lil Baby,4,1,0.004890154896,0.003566206626,True
Monica Featuring Dem Franchize Boyz,4,1,0.004890154896,0.003566206626,True
Monie Love Featuring True Image,4,1,0.004890154896,0.003566206626,True
Moon Martin,4,2,0.004890154896,0.007132413252,True
Mooski,4,1,0.004890154896,0.003566206626,True
Morgan Wallen Featuring Florida Georgia Line,4,1,0.004890154896,0.003566206626,True
Morrissey,4,1,0.004890154896,0.003566206626,True
Mott The Hoople,4,2,0.004890154896,0.007132413252,True
Mr. President,4,1,0.004890154896,0.003566206626,True
Mtume,4,2,0.004890154896,0.007132413252,True
Murphy Lee Featuring Jermaine Dupri,4,1,0.004890154896,0.003566206626,True
Mya Featuring Jadakiss,4,1,0.004890154896,0.003566206626,True
Mya Featuring Silkk The Shocker,4,1,0.004890154896,0.003566206626,True
N-Trance,4,1,0.004890154896,0.003566206626,True
N2U,4,1,0.004890154896,0.003566206626,True
NAS Featuring Ginuwine,4,1,0.004890154896,0.003566206626,True
NLE Choppa Featuring Roddy Ricch,4,1,0.004890154896,0.003566206626,True
Nancy Martinez,4,1,0.004890154896,0.003566206626,True
Narada Michael Walden,4,2,0.004890154896,0.007132413252,True
"Nardo Wick, Lil Baby & Future",4,1,0.004890154896,0.003566206626,True
Nastyboy Klick Featuring Roger Troutman,4,1,0.004890154896,0.003566206626,True
"Nat ""King"" Cole",4,1,0.004890154896,0.003566206626,True
Natasha Bedingfield Featuring Sean Kingston,4,1,0.004890154896,0.003566206626,True
Nate Dogg Featuring Snoop Doggy Dogg,4,1,0.004890154896,0.003566206626,True
Nate Dogg Featuring Warren G,4,1,0.004890154896,0.003566206626,True
Naughty Boy Featuring Sam Smith,4,1,0.004890154896,0.003566206626,True
Neal McCoy,4,3,0.004890154896,0.01069861988,True
Nelly Featuring Ashanti & Akon,4,1,0.004890154896,0.003566206626,True
"Nelly Featuring Kyjuan, Ali & Murphy Lee",4,1,0.004890154896,0.003566206626,True
Neton Vega,4,1,0.004890154896,0.003566206626,True
New Boyz,4,1,0.004890154896,0.003566206626,True
New Boyz Feat. Chris Brown,4,1,0.004890154896,0.003566206626,True
New Boyz Featuring The Cataracs & Dev,4,1,0.004890154896,0.003566206626,True
New Radicals,4,1,0.004890154896,0.003566206626,True
Nick Lowe,4,1,0.004890154896,0.003566206626,True
Nicki Minaj Featuring Beyonce,4,1,0.004890154896,0.003566206626,True
Nicki Minaj Featuring Chris Brown,4,1,0.004890154896,0.003566206626,True
Nicki Minaj Featuring Drake & Lil Wayne,4,1,0.004890154896,0.003566206626,True
Nicki Minaj Featuring Rihanna,4,1,0.004890154896,0.003566206626,True
Nicki Minaj X Lil Baby,4,2,0.004890154896,0.007132413252,True
Nikki,4,1,0.004890154896,0.003566206626,True
Nine,4,1,0.004890154896,0.003566206626,True
No Doubt Featuring Bounty Killer,4,1,0.004890154896,0.003566206626,True
Noah Cyrus & Leon Bridges,4,1,0.004890154896,0.003566206626,True
Noah Kahan With Post Malone,4,1,0.004890154896,0.003566206626,True
Nonchalant,4,1,0.004890154896,0.003566206626,True
Norman Connors,4,1,0.004890154896,0.003566206626,True
O.T. Genasis,4,1,0.004890154896,0.003566206626,True
O.T. Genasis Featuring Young Dolph,4,1,0.004890154896,0.003566206626,True
Oingo Boingo,4,2,0.004890154896,0.007132413252,True
Olivia Newton-John/Electric Light Orchestra,4,1,0.004890154896,0.003566206626,True
Olivia Rodrigo & Robert Smith,4,1,0.004890154896,0.003566206626,True
Ollie And Jerry,4,1,0.004890154896,0.003566206626,True
Olly Murs Featuring Flo Rida,4,1,0.004890154896,0.003566206626,True
Opus,4,1,0.004890154896,0.003566206626,True
Oran 'Juice' Jones,4,1,0.004890154896,0.003566206626,True
Oscar Maydon & Fuerza Regida,4,1,0.004890154896,0.003566206626,True
Outasight,4,1,0.004890154896,0.003566206626,True
Ozuna & Romeo Santos,4,1,0.004890154896,0.003566206626,True
P.J. Proby,4,2,0.004890154896,0.007132413252,True
PARTYNEXTDOOR & Drake,4,1,0.004890154896,0.003566206626,True
Pardison Fontaine Featuring Cardi B,4,1,0.004890154896,0.003566206626,True
Parmalee x Blanco Brown,4,1,0.004890154896,0.003566206626,True
Partners In Kryme,4,1,0.004890154896,0.003566206626,True
Patra Featuring Yo-Yo,4,1,0.004890154896,0.003566206626,True
Patrick Simmons,4,2,0.004890154896,0.007132413252,True
Patti Drew,4,2,0.004890154896,0.007132413252,True
Paul Evans and the Curls,4,1,0.004890154896,0.003566206626,True
Paul Humphrey & His Cool Aid Chemists,4,1,0.004890154896,0.003566206626,True
Paul Kelly,4,2,0.004890154896,0.007132413252,True
Paul McCartney And Stevie Wonder,4,1,0.004890154896,0.003566206626,True
Paul Stookey,4,1,0.004890154896,0.003566206626,True
Paul Wall,4,1,0.004890154896,0.003566206626,True
Paula DeAnda Featuring Baby Bash,4,1,0.004890154896,0.003566206626,True
Pedro Capo X Farruko,4,1,0.004890154896,0.003566206626,True
Pentatonix,4,3,0.004890154896,0.01069861988,True
People,4,1,0.004890154896,0.003566206626,True
People's Choice,4,1,0.004890154896,0.003566206626,True
Pepsi & Shirlie,4,2,0.004890154896,0.007132413252,True
Perfect Gentlemen,4,1,0.004890154896,0.003566206626,True
Perry Como With Mitchell Ayers And His Orchestra,4,1,0.004890154896,0.003566206626,True
Peso Pluma & Anitta,4,1,0.004890154896,0.003566206626,True
Peso Pluma & Neton Vega,4,1,0.004890154896,0.003566206626,True
"Peso Pluma, Gabito Ballesteros & Junior H",4,1,0.004890154896,0.003566206626,True
Pet Shop Boys & Dusty Springfield,4,1,0.004890154896,0.003566206626,True
Phil Phillips With The Twilights,4,1,0.004890154896,0.003566206626,True
Phil Seymour,4,1,0.004890154896,0.003566206626,True
Phoebe Bridgers,4,4,0.004890154896,0.0142648265,True
Photoglo,4,1,0.004890154896,0.003566206626,True
Pitbull Featuring G.R.L.,4,1,0.004890154896,0.003566206626,True
Pitbull Featuring Marc Anthony,4,1,0.004890154896,0.003566206626,True
Pitbull Featuring TJR,4,1,0.004890154896,0.003566206626,True
Playaz Circle Featuring Lil Wayne,4,1,0.004890154896,0.003566206626,True
Point Blank,4,1,0.004890154896,0.003566206626,True
Poni-Tails,4,2,0.004890154896,0.007132413252,True
Post Malone Featuring Blake Shelton,4,1,0.004890154896,0.003566206626,True
Post Malone Featuring DaBaby,4,1,0.004890154896,0.003566206626,True
Post Malone Featuring Roddy Ricch,4,1,0.004890154896,0.003566206626,True
Preston Epps,4,2,0.004890154896,0.007132413252,True
Pure Soul,4,2,0.004890154896,0.007132413252,True
QB Finest Featuring Nas & Bravehearts,4,1,0.004890154896,0.003566206626,True
Queen & David Bowie,4,1,0.004890154896,0.003566206626,True
Queensryche,4,1,0.004890154896,0.003566206626,True
Quincy Jones Featuring Ray Charles & Chaka Khan,4,1,0.004890154896,0.003566206626,True
R. Kelly & Celine Dion,4,1,0.004890154896,0.003566206626,True
R. Kelly & Jay-Z,4,2,0.004890154896,0.007132413252,True
R. Kelly Featuring Big Tigger,4,1,0.004890154896,0.003566206626,True
R. Kelly Featuring Ronald Isley,4,1,0.004890154896,0.003566206626,True
R. Kelly Or Bow Wow (Featuring T.I. & T-Pain),4,1,0.004890154896,0.003566206626,True
Rae Sremmurd & Juicy J,4,1,0.004890154896,0.003566206626,True
Raekwon,4,1,0.004890154896,0.003566206626,True
Ram Jam,4,1,0.004890154896,0.003566206626,True
Ramones,4,2,0.004890154896,0.007132413252,True
Rampage Featuring Billy Lawrence,4,1,0.004890154896,0.003566206626,True
"Ramsey Lewis And Earth, Wind & Fire",4,2,0.004890154896,0.007132413252,True
Randy & The Rainbows,4,1,0.004890154896,0.003566206626,True
Rappin' 4-Tay Featuring The Spinners,4,1,0.004890154896,0.003566206626,True
Rauw Alejandro & Romeo Santos,4,1,0.004890154896,0.003566206626,True
Ray Anthony and His Orchestra,4,1,0.004890154896,0.003566206626,True
Ray J Featuring Lil' Kim,4,1,0.004890154896,0.003566206626,True
Raybon Bros.,4,1,0.004890154896,0.003566206626,True
Rebbie Jackson,4,1,0.004890154896,0.003566206626,True
Redhead Kingpin & The F.B.I.,4,1,0.004890154896,0.003566206626,True
Redman/Method Man,4,1,0.004890154896,0.003566206626,True
Rednex,4,1,0.004890154896,0.003566206626,True
Rehab,4,1,0.004890154896,0.003566206626,True
Rex Smith,4,1,0.004890154896,0.003566206626,True
Rich The Kid Featuring Kendrick Lamar,4,1,0.004890154896,0.003566206626,True
Richard Marx & Donna Lewis,4,1,0.004890154896,0.003566206626,True
Rick Ross Featuring Nicki Minaj,4,1,0.004890154896,0.003566206626,True
Rick Ross Featuring Styles P,4,1,0.004890154896,0.003566206626,True
Rick Ross Featuring T-Pain,4,1,0.004890154896,0.003566206626,True
Rick Ross Featuring Wale & Drake,4,1,0.004890154896,0.003566206626,True
Riff,4,2,0.004890154896,0.007132413252,True
Rihanna & Kanye West & Paul McCartney,4,1,0.004890154896,0.003566206626,True
Rihanna Featuring Chris Brown,4,1,0.004890154896,0.003566206626,True
Rihanna Featuring Jeezy,4,1,0.004890154896,0.003566206626,True
Riley Green Featuring Luke Combs,4,1,0.004890154896,0.003566206626,True
Rixton,4,1,0.004890154896,0.003566206626,True
Robert Miles,4,1,0.004890154896,0.003566206626,True
Robert Miles Featuring Maria Nayler,4,1,0.004890154896,0.003566206626,True
Robert Parker,4,2,0.004890154896,0.007132413252,True
Robert Tepper,4,1,0.004890154896,0.003566206626,True
Robin Luke,4,1,0.004890154896,0.003566206626,True
Robin Schulz Featuring Francesco Yates,4,1,0.004890154896,0.003566206626,True
Rockell [Duet With Collage],4,1,0.004890154896,0.003566206626,True
Rocky Burnette,4,1,0.004890154896,0.003566206626,True
Rod Stewart With Ronald Isley,4,1,0.004890154896,0.003566206626,True
Rod Wave Featuring ATR Son Son,4,1,0.004890154896,0.003566206626,True
Roger Voudouris,4,1,0.004890154896,0.003566206626,True
Roman Holliday,4,3,0.004890154896,0.01069861988,True
Romeo Santos,4,2,0.004890154896,0.007132413252,True
Ron Holden with The Thunderbirds,4,1,0.004890154896,0.003566206626,True
Ronnie Hawkins,4,2,0.004890154896,0.007132413252,True
Ronnie Hawkins and The Hawks,4,1,0.004890154896,0.003566206626,True
Ronnie McDowell,4,2,0.004890154896,0.007132413252,True
Rose Colored Glass,4,2,0.004890154896,0.007132413252,True
Roula,4,1,0.004890154896,0.003566206626,True
Roy Head,4,3,0.004890154896,0.01069861988,True
Roy Head And The Traits,4,2,0.004890154896,0.007132413252,True
Roy Orbison And The Candy Men,4,1,0.004890154896,0.003566206626,True
Royal Teens,4,1,0.004890154896,0.003566206626,True
Rudimental Featuring Ed Sheeran,4,1,0.004890154896,0.003566206626,True
Rufus And Chaka Khan,4,1,0.004890154896,0.003566206626,True
"Rumi, JINU, EJAE & Andrew Choi",4,1,0.004890154896,0.003566206626,True
Runt,4,1,0.004890154896,0.003566206626,True
Rupee,4,1,0.004890154896,0.003566206626,True
Rusty Draper,4,2,0.004890154896,0.007132413252,True
Ryan Duarte,4,1,0.004890154896,0.003566206626,True
S Club 7,4,1,0.004890154896,0.003566206626,True
SZA Featuring Ty Dolla $ign,4,1,0.004890154896,0.003566206626,True
Santa Esmeralda Starring Leroy Gomez,4,1,0.004890154896,0.003566206626,True
Savoy Brown,4,3,0.004890154896,0.01069861988,True
Sawyer Brown,4,1,0.004890154896,0.003566206626,True
ScHoolboy Q Featuring Kanye West,4,1,0.004890154896,0.003566206626,True
Sean Kingston & Justin Bieber,4,1,0.004890154896,0.003566206626,True
Sean Kingston Featuring Chris Brown & Wiz Khalifa,4,1,0.004890154896,0.003566206626,True
Sebastian Yatra,4,1,0.004890154896,0.003566206626,True
Seether Featuring Amy Lee,4,1,0.004890154896,0.003566206626,True
Sexyy Red & Drake,4,1,0.004890154896,0.003566206626,True
Shabba Ranks (Featuring Maxi Priest),4,1,0.004890154896,0.003566206626,True
Shades,4,2,0.004890154896,0.007132413252,True
Shaggy Featuring Janet,4,1,0.004890154896,0.003566206626,True
Shakira Featuring Freshlyground,4,1,0.004890154896,0.003566206626,True
Shakira Featuring Maluma,4,1,0.004890154896,0.003566206626,True
Shakira Featuring Rihanna,4,1,0.004890154896,0.003566206626,True
Shakira X Burna Boy,4,1,0.004890154896,0.003566206626,True
Shareefa Featuring Ludacris,4,1,0.004890154896,0.003566206626,True
Sharon Bryant,4,2,0.004890154896,0.007132413252,True
Shawn Christopher,4,2,0.004890154896,0.007132413252,True
Shawn Mullins,4,1,0.004890154896,0.003566206626,True
Shawnna,4,1,0.004890154896,0.003566206626,True
Shawnna Featuring Ludacris,4,1,0.004890154896,0.003566206626,True
Shawty Lo,4,1,0.004890154896,0.003566206626,True
She & Him,4,1,0.004890154896,0.003566206626,True
Sheb Wooley,4,3,0.004890154896,0.01069861988,True
Shirley And Company,4,1,0.004890154896,0.003566206626,True
Shirley Murdock,4,1,0.004890154896,0.003566206626,True
Shorty Long,4,3,0.004890154896,0.01069861988,True
"Silkk The Shocker Featuring Master P, Destiny's Child, O'Dell, Mo",4,1,0.004890154896,0.003566206626,True
Silkk The Shocker Featuring Mystikal,4,1,0.004890154896,0.003566206626,True
Silvetti,4,1,0.004890154896,0.003566206626,True
Skrillex Featuring Sirah,4,2,0.004890154896,0.007132413252,True
SleazyWorld Go Featuring Lil Baby,4,1,0.004890154896,0.003566206626,True
Slum Village Featuring Kanye West & John Legend,4,1,0.004890154896,0.003566206626,True
Sniff 'n' the Tears,4,1,0.004890154896,0.003566206626,True
Snoop Dogg Featuring Pharrell & Uncle Charlie Wilson,4,1,0.004890154896,0.003566206626,True
Snoop Dogg Featuring The-Dream,4,1,0.004890154896,0.003566206626,True
SoMo,4,1,0.004890154896,0.003566206626,True
Soho,4,1,0.004890154896,0.003566206626,True
Sole Featuring JT Money & Kandi,4,1,0.004890154896,0.003566206626,True
Somethin' For The People,4,2,0.004890154896,0.007132413252,True
Soulja Boy Tell'em Featuring I-15,4,1,0.004890154896,0.003566206626,True
Sound Factory,4,1,0.004890154896,0.003566206626,True
Sounds Orchestral,4,2,0.004890154896,0.007132413252,True
South Shore Commission,4,3,0.004890154896,0.01069861988,True
Spacehog,4,1,0.004890154896,0.003566206626,True
Sponge,4,1,0.004890154896,0.003566206626,True
Sporty Thievz Featuring Mr. Woods,4,1,0.004890154896,0.003566206626,True
Spyder Turner,4,2,0.004890154896,0.007132413252,True
Stan Getz/Charlie Byrd,4,1,0.004890154896,0.003566206626,True
Stanley Clarke/George Duke,4,1,0.004890154896,0.003566206626,True
Starley,4,1,0.004890154896,0.003566206626,True
StaySolidRocky,4,1,0.004890154896,0.003566206626,True
Steel Magnolia,4,1,0.004890154896,0.003566206626,True
Stella Lefty Featuring Vincent Mason,4,1,0.004890154896,0.003566206626,True
"Stephanie Beatriz, Olga Merediz & Encanto Cast",4,1,0.004890154896,0.003566206626,True
Steve Azar,4,1,0.004890154896,0.003566206626,True
Steve Martin And The Toot Uncommons,4,1,0.004890154896,0.003566206626,True
Stillwater,4,1,0.004890154896,0.003566206626,True
Stone Poneys Featuring Linda Ronstadt,4,1,0.004890154896,0.003566206626,True
Stonebolt,4,2,0.004890154896,0.007132413252,True
Street People,4,2,0.004890154896,0.007132413252,True
Subway (Featuring 702),4,1,0.004890154896,0.003566206626,True
Sudden Change,4,1,0.004890154896,0.003566206626,True
Summer Walker & Usher,4,1,0.004890154896,0.003566206626,True
Summer Walker X Drake,4,1,0.004890154896,0.003566206626,True
Sunshine Anderson,4,1,0.004890154896,0.003566206626,True
Superstar Pride,4,1,0.004890154896,0.003566206626,True
Sutherland Brothers And Quiver,4,2,0.004890154896,0.007132413252,True
Sweet Sensation (With Romeo J.D.),4,1,0.004890154896,0.003566206626,True
T-Boz,4,1,0.004890154896,0.003566206626,True
T-Pain Featuring B.o.B,4,1,0.004890154896,0.003566206626,True
T-Pain Featuring Ludacris,4,1,0.004890154896,0.003566206626,True
T-Wayne,4,1,0.004890154896,0.003566206626,True
T.I. Featuring Iggy Azalea,4,1,0.004890154896,0.003566206626,True
T.I. Featuring Keri Hilson,4,1,0.004890154896,0.003566206626,True
T.I. Featuring Lil Wayne,4,1,0.004890154896,0.003566206626,True
T.I. Featuring Wyclef Jean,4,1,0.004890154896,0.003566206626,True
Tai Verdes,4,1,0.004890154896,0.003566206626,True
Taking Back Sunday,4,1,0.004890154896,0.003566206626,True
Tami Davis,4,2,0.004890154896,0.007132413252,True
Tami Show,4,2,0.004890154896,0.007132413252,True
Tammi Terrell,4,3,0.004890154896,0.01069861988,True
Tatyana Ali,4,1,0.004890154896,0.003566206626,True
Tay-K,4,1,0.004890154896,0.003566206626,True
Taylor Swift Featuring Brendon Urie,4,1,0.004890154896,0.003566206626,True
Taylor Swift Featuring Ice Spice,4,1,0.004890154896,0.003566206626,True
Teairra Mari,4,1,0.004890154896,0.003566206626,True
Teddy Pendergrass And Whitney Houston,4,1,0.004890154896,0.003566206626,True
Teddy Randazzo,4,2,0.004890154896,0.007132413252,True
Tenille Arts,4,1,0.004890154896,0.003566206626,True
Terry Ellis,4,1,0.004890154896,0.003566206626,True
Thalia Featuring Fat Joe,4,1,0.004890154896,0.003566206626,True
The Afternoon Delights,4,1,0.004890154896,0.003566206626,True
The Assembled Multitude,4,2,0.004890154896,0.007132413252,True
The Ataris,4,1,0.004890154896,0.003566206626,True
The Beatles With Billy Preston,4,2,0.004890154896,0.007132413252,True
The Blow Monkeys,4,1,0.004890154896,0.003566206626,True
The Bobbettes,4,3,0.004890154896,0.01069861988,True
The Braids,4,1,0.004890154896,0.003566206626,True
The Brand New Heavies,4,2,0.004890154896,0.007132413252,True
The Brat Pack,4,2,0.004890154896,0.007132413252,True
The Breeders,4,1,0.004890154896,0.003566206626,True
The Bucketheads,4,1,0.004890154896,0.003566206626,True
The Capris,4,2,0.004890154896,0.007132413252,True
The Caravelles,4,2,0.004890154896,0.007132413252,True
The Chainsmokers Featuring 5 Seconds Of Summer,4,1,0.004890154896,0.003566206626,True
The Chainsmokers Featuring Phoebe Ryan,4,1,0.004890154896,0.003566206626,True
The Chipmunks With David Seville,4,2,0.004890154896,0.007132413252,True
The Cleftones,4,3,0.004890154896,0.01069861988,True
The Clovers,4,1,0.004890154896,0.003566206626,True
The College Boyz,4,1,0.004890154896,0.003566206626,True
The Conscious Daughters,4,1,0.004890154896,0.003566206626,True
The Cult,4,2,0.004890154896,0.007132413252,True
The Dove Shack,4,1,0.004890154896,0.003566206626,True
The Dynamics,4,2,0.004890154896,0.007132413252,True
The Electric Prunes,4,2,0.004890154896,0.007132413252,True
The Elegants,4,1,0.004890154896,0.003566206626,True
The Eleventh Hour,4,1,0.004890154896,0.003566206626,True
The Essex Featuring Anita Humes,4,2,0.004890154896,0.007132413252,True
The Farm,4,1,0.004890154896,0.003566206626,True
The Fendermen,4,1,0.004890154896,0.003566206626,True
The Flying Machine,4,2,0.004890154896,0.007132413252,True
The Four Coins,4,3,0.004890154896,0.01069861988,True
The Four Esquires,4,1,0.004890154896,0.003566206626,True
The Game,4,2,0.004890154896,0.007132413252,True
The Glass House,4,2,0.004890154896,0.007132413252,True
The Goodmen,4,1,0.004890154896,0.003566206626,True
The Heights,4,1,0.004890154896,0.003566206626,True
The Hillside Singers,4,2,0.004890154896,0.007132413252,True
The Human Beinz,4,2,0.004890154896,0.007132413252,True
The Intrigues,4,2,0.004890154896,0.007132413252,True
The Johnny Otis Show,4,2,0.004890154896,0.007132413252,True
The KLF Featuring Tammy Wynette,4,1,0.004890154896,0.003566206626,True
The Kinleys,4,2,0.004890154896,0.007132413252,True
The Korgis,4,1,0.004890154896,0.003566206626,True
The Lemon Pipers,4,2,0.004890154896,0.007132413252,True
The Little Dippers,4,1,0.004890154896,0.003566206626,True
The Lox [Featuring DMX & Lil' Kim],4,1,0.004890154896,0.003566206626,True
The Majors,4,3,0.004890154896,0.01069861988,True
The Mike Curb Congregation,4,1,0.004890154896,0.003566206626,True
The Mindbenders,4,2,0.004890154896,0.007132413252,True
"The Miracles (featuring Bill ""Smokey"" Robinson)",4,1,0.004890154896,0.003566206626,True
The Movement,4,1,0.004890154896,0.003566206626,True
The New Seekers featuring Eve Graham,4,3,0.004890154896,0.01069861988,True
The Nitty Gritty Dirt Band,4,3,0.004890154896,0.01069861988,True
"The Notorious B.I.G. Featuring Diddy, Nelly, Jagged Edge & Avery Storm",4,1,0.004890154896,0.003566206626,True
The Nutty Squirrels,4,2,0.004890154896,0.007132413252,True
The Original,4,1,0.004890154896,0.003566206626,True
The Original Caste,4,1,0.004890154896,0.003566206626,True
The Ovations (Featuring Louis Williams),4,2,0.004890154896,0.007132413252,True
The Paradons,4,1,0.004890154896,0.003566206626,True
The Parliaments,4,2,0.004890154896,0.007132413252,True
The Poppy Family,4,2,0.004890154896,0.007132413252,True
The Proclaimers,4,1,0.004890154896,0.003566206626,True
The Pussycat Dolls Featuring Timbaland,4,1,0.004890154896,0.003566206626,True
The Pussycat Dolls Featuring will.i.am,4,1,0.004890154896,0.003566206626,True
The Rebels,4,1,0.004890154896,0.003566206626,True
The Rovers,4,1,0.004890154896,0.003566206626,True
The Royalettes,4,2,0.004890154896,0.007132413252,True
The Rude Boys,4,1,0.004890154896,0.003566206626,True
The S.O.U.L. S.Y.S.T.E.M.,4,1,0.004890154896,0.003566206626,True
The Sandpebbles,4,2,0.004890154896,0.007132413252,True
The Sanford/Townsend Band,4,1,0.004890154896,0.003566206626,True
The Sapphires,4,2,0.004890154896,0.007132413252,True
The Sensations,4,1,0.004890154896,0.003566206626,True
The Shamen,4,1,0.004890154896,0.003566206626,True
The Shields,4,1,0.004890154896,0.003566206626,True
The Starlets,4,1,0.004890154896,0.003566206626,True
The Style Council,4,2,0.004890154896,0.007132413252,True
"The Stylistics Featuring Russell Thompkins,Jr.",4,1,0.004890154896,0.003566206626,True
The Sunrays,4,2,0.004890154896,0.007132413252,True
The Supremes & Four Tops,4,2,0.004890154896,0.007132413252,True
The T-Bones,4,2,0.004890154896,0.007132413252,True
The Tarney/Spencer Band,4,2,0.004890154896,0.007132413252,True
The Tee Set,4,2,0.004890154896,0.007132413252,True
The Tempos,4,1,0.004890154896,0.003566206626,True
The Tommy Dorsey Orchestra,4,1,0.004890154896,0.003566206626,True
The Tornadoes,4,2,0.004890154896,0.007132413252,True
The Trade Winds,4,2,0.004890154896,0.007132413252,True
The Trashmen,4,2,0.004890154896,0.007132413252,True
The Triplets,4,1,0.004890154896,0.003566206626,True
The Unifics,4,2,0.004890154896,0.007132413252,True
The Vapors,4,1,0.004890154896,0.003566206626,True
The Velvelettes,4,2,0.004890154896,0.007132413252,True
"The Weeknd, Jennie & Lily Rose Depp",4,1,0.004890154896,0.003566206626,True
"The Weeknd, Playboi Carti & Madonna",4,1,0.004890154896,0.003566206626,True
The West Coast Rap All-Stars,4,1,0.004890154896,0.003566206626,True
The Williams Brothers,4,1,0.004890154896,0.003566206626,True
Think,4,1,0.004890154896,0.003566206626,True
Thomas Rhett Featuring Riley Green,4,1,0.004890154896,0.003566206626,True
Thurl Ravenscroft,4,1,0.004890154896,0.003566206626,True
Tiesto & Ava Max,4,1,0.004890154896,0.003566206626,True
Tim McGraw Featuring Faith Hill,4,1,0.004890154896,0.003566206626,True
Tim Moore,4,4,0.004890154896,0.0142648265,True
Timbaland Featuring Katy Perry,4,1,0.004890154896,0.003566206626,True
Timbuk 3,4,1,0.004890154896,0.003566206626,True
Timex Social Club,4,1,0.004890154896,0.003566206626,True
Timothy B. Schmit,4,2,0.004890154896,0.007132413252,True
Tin Tin,4,2,0.004890154896,0.007132413252,True
Tinashe,4,1,0.004890154896,0.003566206626,True
Tinie Tempah Featuring Eric Turner,4,1,0.004890154896,0.003566206626,True
Tiny Tim,4,3,0.004890154896,0.01069861988,True
Toby Keith Duet With Willie Nelson,4,1,0.004890154896,0.003566206626,True
Tom Tom Club,4,1,0.004890154896,0.003566206626,True
Tommy Hunt,4,3,0.004890154896,0.01069861988,True
Tony Camillo's Bazuka,4,1,0.004890154896,0.003566206626,True
Tony Thompson,4,1,0.004890154896,0.003566206626,True
Tony Yayo Featuring 50 Cent,4,1,0.004890154896,0.003566206626,True
Tory Lanez & Rich The Kid,4,1,0.004890154896,0.003566206626,True
Total Featuring Missy Elliott,4,1,0.004890154896,0.003566206626,True
Total Featuring The Notorious B.I.G.,4,1,0.004890154896,0.003566206626,True
Tracey Dey,4,3,0.004890154896,0.01069861988,True
Tracey Lee,4,1,0.004890154896,0.003566206626,True
Travis Porter,4,2,0.004890154896,0.007132413252,True
Travis Porter Featuring Tyga,4,1,0.004890154896,0.003566206626,True
Travis Scott Featuring Drake,4,1,0.004890154896,0.003566206626,True
Trey Lorenz,4,1,0.004890154896,0.003566206626,True
Trick Daddy Featuring Cee-Lo & Big Boi,4,1,0.004890154896,0.003566206626,True
Trick Daddy Featuring The SNS Express,4,1,0.004890154896,0.003566206626,True
Trick Daddy Featuring Trina,4,1,0.004890154896,0.003566206626,True
Trillville,4,1,0.004890154896,0.003566206626,True
Trina Featuring Kelly Rowland,4,1,0.004890154896,0.003566206626,True
Trippie Redd,4,4,0.004890154896,0.0142648265,True
Tuxedo Junction,4,1,0.004890154896,0.003566206626,True
Twista Featuring Chris Brown,4,1,0.004890154896,0.003566206626,True
Twista Featuring Erika Shevon,4,1,0.004890154896,0.003566206626,True
Twista Featuring R. Kelly,4,1,0.004890154896,0.003566206626,True
Twista Featuring Trey Songz,4,1,0.004890154896,0.003566206626,True
Ty Dolla $ign Featuring B.o.B,4,1,0.004890154896,0.003566206626,True
Ty Dolla $ign Featuring Future & Rae Sremmurd,4,1,0.004890154896,0.003566206626,True
Tyga X Doja Cat,4,1,0.004890154896,0.003566206626,True
"Tyler, The Creator Featuring GloRilla, Sexyy Red & Lil Wayne",4,1,0.004890154896,0.003566206626,True
USA For Africa,4,1,0.004890154896,0.003566206626,True
Underworld,4,2,0.004890154896,0.007132413252,True
Urban Dance Squad,4,1,0.004890154896,0.003566206626,True
Usher Featuring Jay-Z,4,1,0.004890154896,0.003566206626,True
Usher Featuring Nicki Minaj,4,1,0.004890154896,0.003566206626,True
Utopia,4,2,0.004890154896,0.007132413252,True
V.I.C.,4,1,0.004890154896,0.003566206626,True
Van McCoy & The Soul City Symphony,4,1,0.004890154896,0.003566206626,True
Van Mccoy,4,3,0.004890154896,0.01069861988,True
Violator Featuring Busta Rhymes,4,1,0.004890154896,0.003566206626,True
Vivian Green,4,1,0.004890154896,0.003566206626,True
Voices That Care,4,1,0.004890154896,0.003566206626,True
WE the Kings,4,2,0.004890154896,0.007132413252,True
Wa Wa Nee,4,2,0.004890154896,0.007132413252,True
Wadsworth Mansion,4,1,0.004890154896,0.003566206626,True
Wale Featuring Jeremih & Rick Ross,4,1,0.004890154896,0.003566206626,True
Wale Featuring Miguel,4,1,0.004890154896,0.003566206626,True
Wale Featuring Usher,4,1,0.004890154896,0.003566206626,True
Walter Brennan,4,2,0.004890154896,0.007132413252,True
Warren G Featuring Mack 10,4,1,0.004890154896,0.003566206626,True
Warren Zevon,4,2,0.004890154896,0.007132413252,True
Webbie Featuring Bun B,4,1,0.004890154896,0.003566206626,True
Wendy Moten,4,1,0.004890154896,0.003566206626,True
Westlife,4,1,0.004890154896,0.003566206626,True
Westside Connection Featuring Nate Dogg,4,1,0.004890154896,0.003566206626,True
Whitney Houston & Mariah Carey,4,1,0.004890154896,0.003566206626,True
Will Smith Featuring Dru Hill & Kool Mo Dee,4,1,0.004890154896,0.003566206626,True
Willa Ford,4,1,0.004890154896,0.003566206626,True
Willie Hutch,4,3,0.004890154896,0.01069861988,True
Wilton Place Street Band,4,1,0.004890154896,0.003566206626,True
Wisin Featuring Ozuna,4,1,0.004890154896,0.003566206626,True
Wyclef Jean,4,1,0.004890154896,0.003566206626,True
Wyclef Jean Featuring Claudette Ortiz,4,1,0.004890154896,0.003566206626,True
Wyclef Jean Featuring Mary J. Blige,4,1,0.004890154896,0.003566206626,True
XXXTENTACION x Lil Pump Featuring Maluma & Swae Lee,4,1,0.004890154896,0.003566206626,True
YC Featuring Future,4,1,0.004890154896,0.003566206626,True
"YG, Tyga & Jon Z",4,1,0.004890154896,0.003566206626,True
YNW Melly,4,1,0.004890154896,0.003566206626,True
YNW Melly Featuring Kanye West,4,1,0.004890154896,0.003566206626,True
Yella Beezy,4,1,0.004890154896,0.003566206626,True
Ying Yang Twins Featuring Mike Jones & Mr. ColliPark,4,1,0.004890154896,0.003566206626,True
Ying Yang Twins Featuring Pitbull,4,1,0.004890154896,0.003566206626,True
Ying Yang Twins Featuring Trick Daddy,4,1,0.004890154896,0.003566206626,True
Ylvis,4,1,0.004890154896,0.003566206626,True
Yo Gotti Featuring Lil Baby,4,1,0.004890154896,0.003566206626,True
Yolanda Be Cool & Dcup,4,1,0.004890154896,0.003566206626,True
Young Black Teenagers,4,1,0.004890154896,0.003566206626,True
Young Gunz,4,1,0.004890154896,0.003566206626,True
Young Gunz Featuring Rell,4,1,0.004890154896,0.003566206626,True
Young Jeezy Featuring 2 Chainz,4,1,0.004890154896,0.003566206626,True
Young Jeezy Featuring Plies,4,1,0.004890154896,0.003566206626,True
Young Jeezy Featuring R. Kelly,4,1,0.004890154896,0.003566206626,True
Young Money Featuring Gucci Mane,4,1,0.004890154896,0.003566206626,True
Young Thug And Travis Scott Featuring Quavo,4,1,0.004890154896,0.003566206626,True
Young Thug Featuring Future,4,2,0.004890154896,0.007132413252,True
"Young Thug, J. Cole & Travis Scott",4,1,0.004890154896,0.003566206626,True
Young-Holt Unlimited,4,1,0.004890154896,0.003566206626,True
Yung Berg Featuring Casha,4,1,0.004890154896,0.003566206626,True
Yung Berg Featuring Junior,4,1,0.004890154896,0.003566206626,True
"Yung Bleu, Chris Brown & 2 Chainz",4,1,0.004890154896,0.003566206626,True
Yung Gravy,4,1,0.004890154896,0.003566206626,True
Yung L.A. Featuring Young Dro & T.I.,4,1,0.004890154896,0.003566206626,True
Yung Miami,4,1,0.004890154896,0.003566206626,True
Zach Bryan Featuring Maggie Rogers,4,1,0.004890154896,0.003566206626,True
Zach Bryan Featuring The War And Treaty,4,1,0.004890154896,0.003566206626,True
Zayn Featuring Sia,4,1,0.004890154896,0.003566206626,True
Zedd Featuring Selena Gomez,4,1,0.004890154896,0.003566206626,True
Ziggy Marley And The Melody Makers,4,2,0.004890154896,0.007132413252,True
dc Talk,4,1,0.004890154896,0.003566206626,True
dog's eye view,4,1,0.004890154896,0.003566206626,True
iLoveMemphis,4,1,0.004890154896,0.003566206626,True
k.d. lang,4,1,0.004890154896,0.003566206626,True
mgk & Jelly Roll,4,1,0.004890154896,0.003566206626,True
t.A.T.u.,4,1,0.004890154896,0.003566206626,True
¥$: Ye & Ty Dolla $ign Featuring Rich The Kid & Playboi Carti,4,1,0.004890154896,0.003566206626,True
"""Groove"" Holmes",3,1,0.003667616172,0.003566206626,True
2 Chainz Featuring Pharrell,3,1,0.003667616172,0.003566206626,True
2 Chainz Featuring Travis Scott,3,1,0.003667616172,0.003566206626,True
2 Chainz x Gucci Mane x Quavo,3,1,0.003667616172,0.003566206626,True
"21 Savage, Travis Scott & Metro Boomin",3,1,0.003667616172,0.003566206626,True
"2Pac, Notorious B.I.G., Radio, Dramacydal & Stretch",3,1,0.003667616172,0.003566206626,True
2nd II None,3,1,0.003667616172,0.003566206626,True
2nu,3,1,0.003667616172,0.003566206626,True
3LW Featuring P. Diddy & Loon,3,1,0.003667616172,0.003566206626,True
3rd Bass,3,1,0.003667616172,0.003566206626,True
4Batz Featuring Drake,3,1,0.003667616172,0.003566206626,True
50 Cent & Olivia,3,1,0.003667616172,0.003566206626,True
50 Cent Featuring Ne-Yo,3,1,0.003667616172,0.003566206626,True
707,3,2,0.003667616172,0.007132413252,True
9.9,3,1,0.003667616172,0.003566206626,True
A Few Good Men,3,1,0.003667616172,0.003566206626,True
A R Rahman & The Pussycat Dolls Featuring Nicole Scherzinger,3,1,0.003667616172,0.003566206626,True
A$AP Rocky Featuring Skrillex,3,1,0.003667616172,0.003566206626,True
A.L.T. And The Lost Civilization,3,1,0.003667616172,0.003566206626,True
ADELA,3,2,0.003667616172,0.007132413252,True
Abra Moore,3,1,0.003667616172,0.003566206626,True
Afrika Bambaataa & The Soul Sonic Force,3,1,0.003667616172,0.003566206626,True
Al DeLory,3,1,0.003667616172,0.003566206626,True
Al Greene & The Soul Mate's,3,1,0.003667616172,0.003566206626,True
Alan Parsons,3,1,0.003667616172,0.003566206626,True
Alan Walker,3,1,0.003667616172,0.003566206626,True
Alexander O'Neal Featuring Cherrelle,3,1,0.003667616172,0.003566206626,True
Alive & Kicking,3,1,0.003667616172,0.003566206626,True
Allure Featuring NAS,3,1,0.003667616172,0.003566206626,True
Alyssa Grace,3,1,0.003667616172,0.003566206626,True
Amy Holland,3,1,0.003667616172,0.003566206626,True
Ana,3,2,0.003667616172,0.007132413252,True
Andre Previn With David Rose,3,1,0.003667616172,0.003566206626,True
Andy Gibb & Olivia Newton-John,3,1,0.003667616172,0.003566206626,True
Andy Pratt,3,1,0.003667616172,0.003566206626,True
Andy Williams with the St. Charles Borromeo Choir,3,1,0.003667616172,0.003566206626,True
Angel,3,2,0.003667616172,0.007132413252,True
Anita Cochran (Duet With Steve Wariner),3,1,0.003667616172,0.003566206626,True
Ann Wilson,3,1,0.003667616172,0.003566206626,True
"Anuel AA, Daddy Yankee, Karol G, Ozuna & J Balvin",3,1,0.003667616172,0.003566206626,True
Apache,3,1,0.003667616172,0.003566206626,True
Apocalyptica Featuring Adam Gontier,3,1,0.003667616172,0.003566206626,True
Apollo featuring Tom Parker,3,1,0.003667616172,0.003566206626,True
Aretha Franklin & Elton John,3,1,0.003667616172,0.003566206626,True
Aretha Franklin And George Benson,3,1,0.003667616172,0.003566206626,True
Argent,3,1,0.003667616172,0.003566206626,True
Ariana Grande & Social House,3,1,0.003667616172,0.003566206626,True
Ariana Grande Featuring Big Sean,3,2,0.003667616172,0.007132413252,True
Art Garfunkel With James Taylor & Paul Simon,3,1,0.003667616172,0.003566206626,True
Art N' Soul,3,1,0.003667616172,0.003566206626,True
Art Of Noise With Max Headroom,3,1,0.003667616172,0.003566206626,True
Artists United Against Apartheid,3,1,0.003667616172,0.003566206626,True
Athenaeum,3,1,0.003667616172,0.003566206626,True
Auburn Featuring Iyaz,3,1,0.003667616172,0.003566206626,True
Austin Mahone Featuring Pitbull,3,1,0.003667616172,0.003566206626,True
Avenged Sevenfold,3,1,0.003667616172,0.003566206626,True
Aventura x Bad Bunny,3,1,0.003667616172,0.003566206626,True
Average White Band,3,2,0.003667616172,0.007132413252,True
Axe,3,2,0.003667616172,0.007132413252,True
B.E. Taylor Group,3,2,0.003667616172,0.007132413252,True
Baby Bash Featuring Sean Kingston,3,1,0.003667616172,0.003566206626,True
Baby Cortez,3,1,0.003667616172,0.003566206626,True
Baby Featuring Clipse,3,1,0.003667616172,0.003566206626,True
BabyChiefDoit,3,1,0.003667616172,0.003566206626,True
"Bad Bunny, Omar Courtz & Dei V",3,1,0.003667616172,0.003566206626,True
Baja Marimba Band,3,2,0.003667616172,0.007132413252,True
Bakar Featuring Summer Walker,3,1,0.003667616172,0.003566206626,True
Barbra Streisand & Don Johnson,3,1,0.003667616172,0.003566206626,True
Barrett Strong,3,1,0.003667616172,0.003566206626,True
BeBe Winans,3,1,0.003667616172,0.003566206626,True
Beats International,3,2,0.003667616172,0.007132413252,True
Becky G & Peso Pluma,3,1,0.003667616172,0.003566206626,True
Becky G Featuring Bad Bunny,3,1,0.003667616172,0.003566206626,True
Bella Poarch,3,1,0.003667616172,0.003566206626,True
Bernie Lowe Orchestra,3,2,0.003667616172,0.007132413252,True
Beth Hart,3,1,0.003667616172,0.003566206626,True
Big Dee Irwin (with Little Eva),3,1,0.003667616172,0.003566206626,True
Big Sean Featuring Chris Brown & Ty Dolla $ign,3,1,0.003667616172,0.003566206626,True
Bill Pursell,3,1,0.003667616172,0.003566206626,True
Billy Crystal,3,1,0.003667616172,0.003566206626,True
Billy Dean,3,1,0.003667616172,0.003566206626,True
Billy Falcon,3,1,0.003667616172,0.003566206626,True
Billy Joe & The Checkmates,3,1,0.003667616172,0.003566206626,True
Billy Lawrence,3,2,0.003667616172,0.007132413252,True
Billy Storm,3,1,0.003667616172,0.003566206626,True
Billy Thorpe,3,1,0.003667616172,0.003566206626,True
Billy Vera & Judy Clay,3,2,0.003667616172,0.007132413252,True
Bimbo Jet,3,1,0.003667616172,0.003566206626,True
Bing Crosby With Ken Darby Singers & John Scott Trotter & His Orchestra,3,2,0.003667616172,0.007132413252,True
Bingo Boys Featuring Princessa,3,1,0.003667616172,0.003566206626,True
Black Eyed Peas X Shakira,3,1,0.003667616172,0.003566206626,True
"Black Eyed Peas, Ozuna + J.Rey Soul",3,1,0.003667616172,0.003566206626,True
Black Oak Arkansas,3,1,0.003667616172,0.003566206626,True
BlackHawk,3,1,0.003667616172,0.003566206626,True
Bloodhound Gang,3,1,0.003667616172,0.003566206626,True
Bloodrock,3,1,0.003667616172,0.003566206626,True
Blue Haze,3,1,0.003667616172,0.003566206626,True
Blue Train,3,1,0.003667616172,0.003566206626,True
Bob Luman,3,1,0.003667616172,0.003566206626,True
Bob Moore and His Orch.,3,1,0.003667616172,0.003566206626,True
Bob Seger System,3,1,0.003667616172,0.003566206626,True
Bobby Arvon,3,1,0.003667616172,0.003566206626,True
Bobby Byrd,3,3,0.003667616172,0.01069861988,True
Bobby Comstock,3,2,0.003667616172,0.007132413252,True
Bobby Gregg and His Friends,3,2,0.003667616172,0.007132413252,True
Bobby Moore & The Rhythm Aces,3,1,0.003667616172,0.003566206626,True
Bobby Taylor & The Vancouvers,3,2,0.003667616172,0.007132413252,True
Bobby V Featuring Yung Joc,3,1,0.003667616172,0.003566206626,True
Bobby Valentino Featuring Timbaland,3,1,0.003667616172,0.003566206626,True
Born Jamericans,3,2,0.003667616172,0.007132413252,True
Boss,3,1,0.003667616172,0.003566206626,True
BossMan DLow,3,2,0.003667616172,0.007132413252,True
Bow Wow Wow,3,2,0.003667616172,0.007132413252,True
Boyz N Da Hood,3,1,0.003667616172,0.003566206626,True
Brad Paisley Duet With Keith Urban,3,1,0.003667616172,0.003566206626,True
Brandon Lake,3,1,0.003667616172,0.003566206626,True
Brandy Featuring Chris Brown,3,1,0.003667616172,0.003566206626,True
Brandy Featuring Kanye West,3,1,0.003667616172,0.003566206626,True
Brantley Gilbert + Lindsay Ell,3,1,0.003667616172,0.003566206626,True
Breathe Featuring David Glasper,3,1,0.003667616172,0.003566206626,True
Brent Bourgeois,3,1,0.003667616172,0.003566206626,True
Bridgit Mendler,3,1,0.003667616172,0.003566206626,True
Brighter Side Of Darkness,3,1,0.003667616172,0.003566206626,True
Britney Spears Featuring Madonna,3,1,0.003667616172,0.003566206626,True
Buddy Greco,3,1,0.003667616172,0.003566206626,True
Buddy Knox with the Rhythm Orchids,3,1,0.003667616172,0.003566206626,True
Buffy Sainte-Marie,3,3,0.003667616172,0.01069861988,True
Bull & The Matadors,3,1,0.003667616172,0.003566206626,True
Bulldog,3,1,0.003667616172,0.003566206626,True
Bullet,3,1,0.003667616172,0.003566206626,True
Bunker Hill,3,1,0.003667616172,0.003566206626,True
Busta Rhymes Featuring Zhane,3,1,0.003667616172,0.003566206626,True
Busta Rhymes Featuring will.i.am & Kelis,3,1,0.003667616172,0.003566206626,True
Buster Poindexter & His Banshees Of Blue,3,1,0.003667616172,0.003566206626,True
Buzz Clifford,3,1,0.003667616172,0.003566206626,True
C+C Music Factory Presents Zelma Davis,3,1,0.003667616172,0.003566206626,True
Cage The Elephant,3,2,0.003667616172,0.007132413252,True
Calle 24 x Chino Pacas x Fuerza Regida,3,1,0.003667616172,0.003566206626,True
Cam'ron,3,2,0.003667616172,0.007132413252,True
Camouflage,3,1,0.003667616172,0.003566206626,True
Canibus,3,1,0.003667616172,0.003566206626,True
Cardi B & Megan Thee Stallion,3,1,0.003667616172,0.003566206626,True
"Cardi B, Ye & Lil Durk",3,1,0.003667616172,0.003566206626,True
Carl Graves,3,2,0.003667616172,0.007132413252,True
Caron Wheeler,3,1,0.003667616172,0.003566206626,True
Cash Cash Featuring Bebe Rexha,3,1,0.003667616172,0.003566206626,True
Cash Money Millionaires,3,1,0.003667616172,0.003566206626,True
Cast Of Rent,3,1,0.003667616172,0.003566206626,True
Cathy Jean and The Roommates,3,1,0.003667616172,0.003566206626,True
Celebration featuring Mike Love,3,1,0.003667616172,0.003566206626,True
Celi Bee & The Buzzy Bunch,3,1,0.003667616172,0.003566206626,True
Cerrone,3,2,0.003667616172,0.007132413252,True
Chantay's,3,1,0.003667616172,0.003566206626,True
Charlene & Stevie Wonder,3,1,0.003667616172,0.003566206626,True
Charlie Byrd,3,1,0.003667616172,0.003566206626,True
Charlie Daniels,3,1,0.003667616172,0.003566206626,True
Charlie Drake,3,1,0.003667616172,0.003566206626,True
Charlie Ross,3,2,0.003667616172,0.007132413252,True
Charlie Wilson,3,1,0.003667616172,0.003566206626,True
Chee-Chee & Peppy,3,1,0.003667616172,0.003566206626,True
Cheech & Chong Featuring Alice Bowie,3,1,0.003667616172,0.003566206626,True
Cheri,3,1,0.003667616172,0.003566206626,True
Cheryl Ladd,3,1,0.003667616172,0.003566206626,True
Cheryl Pepsii Riley,3,1,0.003667616172,0.003566206626,True
Chi Coltrane,3,1,0.003667616172,0.003566206626,True
Chino Pacas,3,1,0.003667616172,0.003566206626,True
Chloe X Halle,3,1,0.003667616172,0.003566206626,True
Chris Barber's Jazz Band,3,1,0.003667616172,0.003566206626,True
Chris Brown Feat. Ludacris,3,1,0.003667616172,0.003566206626,True
Chris Christian,3,1,0.003667616172,0.003566206626,True
Chris Young Featuring Vince Gill,3,1,0.003667616172,0.003566206626,True
Christina Milian Featuring Young Jeezy,3,1,0.003667616172,0.003566206626,True
Chubby Checker (with Dee Dee Sharp),3,1,0.003667616172,0.003566206626,True
Ciara Featuring 50 Cent,3,1,0.003667616172,0.003566206626,True
Ciara Featuring Justin Timberlake,3,1,0.003667616172,0.003566206626,True
Ciara Featuring Young Jeezy,3,1,0.003667616172,0.003566206626,True
Cilla Black,3,3,0.003667616172,0.01069861988,True
City Boy,3,1,0.003667616172,0.003566206626,True
City Girls Featuring Cardi B,3,1,0.003667616172,0.003566206626,True
Classic Example,3,1,0.003667616172,0.003566206626,True
Claudine Longet,3,2,0.003667616172,0.007132413252,True
Clean Bandit Featuring Demi Lovato,3,1,0.003667616172,0.003566206626,True
Cliff DeYoung,3,1,0.003667616172,0.003566206626,True
Cliff Richard and The Drifters,3,1,0.003667616172,0.003566206626,True
Climax,3,1,0.003667616172,0.003566206626,True
Coko,3,1,0.003667616172,0.003566206626,True
Consumer Rapport,3,1,0.003667616172,0.003566206626,True
"Cool Breeze Featuring OutKast, Goodie Mob & Witchdoctor",3,1,0.003667616172,0.003566206626,True
Cooper Brothers,3,1,0.003667616172,0.003566206626,True
Corey Featuring Lil' Romeo,3,1,0.003667616172,0.003566206626,True
Count Five,3,1,0.003667616172,0.003566206626,True
Cowboy Copas,3,1,0.003667616172,0.003566206626,True
Coyote Sisters,3,1,0.003667616172,0.003566206626,True
Crabby Appleton,3,1,0.003667616172,0.003566206626,True
Cracker,3,1,0.003667616172,0.003566206626,True
Cross Country,3,1,0.003667616172,0.003566206626,True
Cupid,3,1,0.003667616172,0.003566206626,True
Cymarron,3,1,0.003667616172,0.003566206626,True
Cynthia & Johnny O,3,1,0.003667616172,0.003566206626,True
Cyril Stapleton And His Orchestra,3,1,0.003667616172,0.003566206626,True
"DJ Drama Featuring Chris Brown, Skeme & Lyquin",3,1,0.003667616172,0.003566206626,True
DJ Khaled Featuring Beyonce & JAY Z,3,1,0.003667616172,0.003566206626,True
DJ Khaled Featuring Cardi B & 21 Savage,3,1,0.003667616172,0.003566206626,True
DJ Khaled Featuring Drake & Lil Baby,3,1,0.003667616172,0.003566206626,True
"DJ Khaled Featuring Justin Bieber, Chance The Rapper & Quavo",3,1,0.003667616172,0.003566206626,True
DaBaby Featuring Lil Baby & Moneybagg Yo,3,1,0.003667616172,0.003566206626,True
Daddy Dewdrop,3,1,0.003667616172,0.003566206626,True
Daisy Dee,3,1,0.003667616172,0.003566206626,True
Dakota Moon,3,1,0.003667616172,0.003566206626,True
Dale Hawkins,3,2,0.003667616172,0.007132413252,True
Dale Ward,3,1,0.003667616172,0.003566206626,True
"Damian ""Jr. Gong"" Marley",3,1,0.003667616172,0.003566206626,True
Dan Baird,3,1,0.003667616172,0.003566206626,True
Dan Fogelberg/Tim Weisberg,3,1,0.003667616172,0.003566206626,True
Dana,3,1,0.003667616172,0.003566206626,True
Danger Danger,3,1,0.003667616172,0.003566206626,True
DaniLeigh Featuring Chris Brown,3,1,0.003667616172,0.003566206626,True
Dann Rogers,3,1,0.003667616172,0.003566206626,True
Danny O'Keefe,3,1,0.003667616172,0.003566206626,True
Danzig,3,1,0.003667616172,0.003566206626,True
Dashboard Confessional,3,1,0.003667616172,0.003566206626,True
David Guetta Featuring Chris Brown & Lil Wayne,3,1,0.003667616172,0.003566206626,True
David Guetta Featuring Sam Martin,3,1,0.003667616172,0.003566206626,True
"David Guetta, Anne-Marie & Coi Leray",3,1,0.003667616172,0.003566206626,True
"David Guetta, Teddy Swims & Tones And I",3,1,0.003667616172,0.003566206626,True
David Hudson,3,1,0.003667616172,0.003566206626,True
David Lee Murphy & Kenny Chesney,3,1,0.003667616172,0.003566206626,True
David Sanborn,3,1,0.003667616172,0.003566206626,True
Dawin,3,1,0.003667616172,0.003566206626,True
Dawn Penn,3,1,0.003667616172,0.003566206626,True
Deane Hawley,3,1,0.003667616172,0.003566206626,True
Deja,3,1,0.003667616172,0.003566206626,True
Deliverance/Eric Weissberg & Steve Mandell,3,1,0.003667616172,0.003566206626,True
Denine With Collage's Adam Marano,3,1,0.003667616172,0.003566206626,True
Derez De'Shon,3,1,0.003667616172,0.003566206626,True
Desmond Child And Rouge,3,1,0.003667616172,0.003566206626,True
Dev Featuring The Cataracs,3,1,0.003667616172,0.003566206626,True
Diana Ross And The Supremes & The Temptations,3,1,0.003667616172,0.003566206626,True
Diane Guerrero & Stephanie Beatriz,3,1,0.003667616172,0.003566206626,True
Dionne Warwick & Jeffrey Osborne,3,1,0.003667616172,0.003566206626,True
Dionne Warwick & Johnny Mathis,3,1,0.003667616172,0.003566206626,True
Dionne Warwick & Luther Vandross,3,1,0.003667616172,0.003566206626,True
Disco Tex & The Sex-O-Lettes,3,1,0.003667616172,0.003566206626,True
Dolly Parton & Friends,3,1,0.003667616172,0.003566206626,True
Domenico Modugno,3,1,0.003667616172,0.003566206626,True
Don And The Goodtimes,3,2,0.003667616172,0.007132413252,True
Don Shirley Trio,3,1,0.003667616172,0.003566206626,True
Donnie Owens,3,1,0.003667616172,0.003566206626,True
Donnie and The Dreamers,3,2,0.003667616172,0.007132413252,True
Doris Duke,3,1,0.003667616172,0.003566206626,True
Doris Troy,3,1,0.003667616172,0.003566206626,True
Dorothy Collins,3,2,0.003667616172,0.007132413252,True
Dr. Alban,3,1,0.003667616172,0.003566206626,True
Drake Featuring Future,3,2,0.003667616172,0.007132413252,True
Drake Featuring Giveon,3,1,0.003667616172,0.003566206626,True
Drake Featuring Lil Wayne & Young Jeezy,3,1,0.003667616172,0.003566206626,True
Drake Featuring Quavo & Travis Scott,3,1,0.003667616172,0.003566206626,True
Drake Featuring SZA,3,1,0.003667616172,0.003566206626,True
Drake Featuring Travis Scott,3,1,0.003667616172,0.003566206626,True
Drama,3,1,0.003667616172,0.003566206626,True
Driicky Graham,3,1,0.003667616172,0.003566206626,True
Duke Jupiter,3,2,0.003667616172,0.007132413252,True
Dwayne Johnson,3,1,0.003667616172,0.003566206626,True
Dwele,3,1,0.003667616172,0.003566206626,True
Dylan Gossett,3,1,0.003667616172,0.003566206626,True
E-40 (Featuring Suga T),3,1,0.003667616172,0.003566206626,True
E-40 Featuring Bo-Rock,3,1,0.003667616172,0.003566206626,True
E-40 Featuring Keak Da Sneak,3,1,0.003667616172,0.003566206626,True
E.G. Daily,3,1,0.003667616172,0.003566206626,True
E.U.,3,1,0.003667616172,0.003566206626,True
Ed Sheeran & Elton John,3,1,0.003667616172,0.003566206626,True
Ed Sheeran Featuring Camila Cabello & Cardi B,3,1,0.003667616172,0.003566206626,True
Ed Sheeran Featuring Lil Baby,3,1,0.003667616172,0.003566206626,True
Edward Byrnes & Connie Stevens,3,1,0.003667616172,0.003566206626,True
Electronic,3,1,0.003667616172,0.003566206626,True
Elephant's Memory,3,1,0.003667616172,0.003566206626,True
Elvis Costello,3,1,0.003667616172,0.003566206626,True
Elvis Costello And The Attractions,3,1,0.003667616172,0.003566206626,True
Elvis Presley With The Mello Men,3,2,0.003667616172,0.007132413252,True
Emilio Pericoli,3,1,0.003667616172,0.003566206626,True
Eminem Featuring Dido,3,1,0.003667616172,0.003566206626,True
Eminem Featuring Joyner Lucas,3,1,0.003667616172,0.003566206626,True
Eminem Featuring Nate Ruess,3,1,0.003667616172,0.003566206626,True
Enrique Iglesias With Usher Featuring Lil Wayne,3,1,0.003667616172,0.003566206626,True
Eria Fachin,3,1,0.003667616172,0.003566206626,True
Eric Benet Featuring Faith Evans,3,1,0.003667616172,0.003566206626,True
Erica Banks,3,1,0.003667616172,0.003566206626,True
Etta & Harvey,3,2,0.003667616172,0.007132413252,True
Etta Jones,3,2,0.003667616172,0.007132413252,True
Eugene Church and The Fellows,3,1,0.003667616172,0.003566206626,True
Eve Featuring Faith Evans,3,1,0.003667616172,0.003566206626,True
F.L.Y. (Fast Life Yungstaz),3,1,0.003667616172,0.003566206626,True
Fabolous Featuring Chris Brown,3,1,0.003667616172,0.003566206626,True
Face To Face,3,1,0.003667616172,0.003566206626,True
Faith Band,3,2,0.003667616172,0.007132413252,True
"Faith Evans Featuring Missy ""Misdemeanor"" Elliott",3,1,0.003667616172,0.003566206626,True
Faith Hill With Tim McGraw,3,1,0.003667616172,0.003566206626,True
Famous Dex,3,1,0.003667616172,0.003566206626,True
Fat Joe,3,2,0.003667616172,0.007132413252,True
Felony,3,1,0.003667616172,0.003566206626,True
Fenix Flexin,3,1,0.003667616172,0.003566206626,True
Fiona (Duet With Kip Winger),3,1,0.003667616172,0.003566206626,True
Fireballs,3,1,0.003667616172,0.003566206626,True
Fireboy DML & Ed Sheeran,3,1,0.003667616172,0.003566206626,True
Fireflies,3,1,0.003667616172,0.003566206626,True
"Fivio Foreign, Kanye West & Alicia Keys",3,1,0.003667616172,0.003566206626,True
Flash,3,1,0.003667616172,0.003566206626,True
Flex,3,1,0.003667616172,0.003566206626,True
Flo Rida Featuring Ne-Yo,3,1,0.003667616172,0.003566206626,True
Flo Rida Featuring Robin Thicke & Verdine White,3,1,0.003667616172,0.003566206626,True
Fontella Bass & Bobby McClure,3,2,0.003667616172,0.007132413252,True
For Real,3,2,0.003667616172,0.007132413252,True
Fotomaker,3,2,0.003667616172,0.007132413252,True
Foxy Brown Featuring Dru Hill,3,1,0.003667616172,0.003566206626,True
Framing Hanley,3,1,0.003667616172,0.003566206626,True
France Joli,3,1,0.003667616172,0.003566206626,True
Francis Lai And His Orchestra,3,1,0.003667616172,0.003566206626,True
Franck Pourcel's French Fiddles,3,1,0.003667616172,0.003566206626,True
Frank Sinatra With The Orchestra & Chorus Of Gordon Jenkins,3,1,0.003667616172,0.003566206626,True
Frankie Miller,3,3,0.003667616172,0.01069861988,True
Freddie Mercury,3,2,0.003667616172,0.007132413252,True
Freddy Scott,3,1,0.003667616172,0.003566206626,True
Frederick Knight,3,1,0.003667616172,0.003566206626,True
Freedy Johnston,3,1,0.003667616172,0.003566206626,True
French Montana,3,1,0.003667616172,0.003566206626,True
French Montana Featuring Kodak Black,3,1,0.003667616172,0.003566206626,True
Fu-Schnickens W/ Shaquille O'Neal,3,1,0.003667616172,0.003566206626,True
Funkmaster Flex Presents Khadejia Featuring Product,3,1,0.003667616172,0.003566206626,True
Funky Green Dogs,3,1,0.003667616172,0.003566206626,True
Future & Juice WRLD,3,1,0.003667616172,0.003566206626,True
"Future, Metro Boomin & The Weeknd",3,3,0.003667616172,0.01069861988,True
G Herbo,3,1,0.003667616172,0.003566206626,True
GELO,3,1,0.003667616172,0.003566206626,True
GS Boyz,3,1,0.003667616172,0.003566206626,True
Garry Miles,3,1,0.003667616172,0.003566206626,True
Garry Mills,3,1,0.003667616172,0.003566206626,True
Gene Autry & The Pinafores,3,1,0.003667616172,0.003566206626,True
Gene Cotton With Kim Carnes,3,1,0.003667616172,0.003566206626,True
Gene Redding,3,1,0.003667616172,0.003566206626,True
Gene Thomas,3,2,0.003667616172,0.007132413252,True
Genius/GZA Featuring Method Man,3,1,0.003667616172,0.003566206626,True
George Duke,3,2,0.003667616172,0.007132413252,True
George LaMond (Duet With Brenda K. Starr),3,1,0.003667616172,0.003566206626,True
Georgie Fame,3,1,0.003667616172,0.003566206626,True
Gina Go-Go,3,1,0.003667616172,0.003566206626,True
Ginny Arnell,3,1,0.003667616172,0.003566206626,True
"Ginuwine, R.L., Tyrese, Case",3,1,0.003667616172,0.003566206626,True
Giorgio Moroder,3,1,0.003667616172,0.003566206626,True
Gladstone,3,1,0.003667616172,0.003566206626,True
Glee Cast Featuring Gwyneth Paltrow,3,3,0.003667616172,0.01069861988,True
Glee Cast Featuring Jonathan Groff,3,3,0.003667616172,0.01069861988,True
"Glenn Medeiros Featuring Ray Parker, Jr.",3,1,0.003667616172,0.003566206626,True
Godsmack,3,2,0.003667616172,0.007132413252,True
Godspell,3,1,0.003667616172,0.003566206626,True
Gogi Grant,3,2,0.003667616172,0.007132413252,True
Good 2 Go,3,1,0.003667616172,0.003566206626,True
Goose Creek Symphony,3,1,0.003667616172,0.003566206626,True
Gordon MacRae,3,1,0.003667616172,0.003566206626,True
Greg Bates,3,1,0.003667616172,0.003566206626,True
Greg Lake,3,2,0.003667616172,0.007132413252,True
Gregg Allman,3,1,0.003667616172,0.003566206626,True
"Grover Washington, Jr.",3,2,0.003667616172,0.007132413252,True
Grupo Frontera & Grupo Firme,3,1,0.003667616172,0.003566206626,True
Gucci Mane Featuring Lil Durk,3,1,0.003667616172,0.003566206626,True
Guerilla Black Featuring Mario Winans,3,1,0.003667616172,0.003566206626,True
Gunna & Future,3,1,0.003667616172,0.003566206626,True
Gwen Guthrie,3,1,0.003667616172,0.003566206626,True
Gwen McCrae,3,1,0.003667616172,0.003566206626,True
Gym Class Heroes Featuring Ryan Tedder,3,1,0.003667616172,0.003566206626,True
Gyptian,3,1,0.003667616172,0.003566206626,True
Hadouken!,3,1,0.003667616172,0.003566206626,True
Hagood Hardy,3,1,0.003667616172,0.003566206626,True
Halsey Featuring Big Sean & Stefflon Don,3,1,0.003667616172,0.003566206626,True
"Hamilton, Joe Frank & Dennison",3,2,0.003667616172,0.007132413252,True
Hank Snow,3,1,0.003667616172,0.003566206626,True
Hank Williams Jr.,3,2,0.003667616172,0.007132413252,True
Hanumankind X Kalmi,3,1,0.003667616172,0.003566206626,True
Harlow Wilcox and the Oakies,3,1,0.003667616172,0.003566206626,True
Harriet,3,1,0.003667616172,0.003566206626,True
Hayley Mills,3,1,0.003667616172,0.003566206626,True
Hayley Mills and Hayley Mills,3,1,0.003667616172,0.003566206626,True
Heaven Bound with Tony Scotti,3,2,0.003667616172,0.007132413252,True
Henry Mancini,3,1,0.003667616172,0.003566206626,True
Henson Cargill,3,1,0.003667616172,0.003566206626,True
Hi-C,3,1,0.003667616172,0.003566206626,True
Hillsong UNITED,3,1,0.003667616172,0.003566206626,True
Hoku,3,1,0.003667616172,0.003566206626,True
Horace Brown,3,1,0.003667616172,0.003566206626,True
Horst Jankowski,3,1,0.003667616172,0.003566206626,True
Hot Boys,3,1,0.003667616172,0.003566206626,True
Hot Stylz Featuring Yung Joc,3,1,0.003667616172,0.003566206626,True
Hot-Toddys featuring Bill Pennell,3,1,0.003667616172,0.003566206626,True
House Of Lords,3,2,0.003667616172,0.007132413252,True
Hugo & Luigi,3,2,0.003667616172,0.007132413252,True
INXS & Jimmy Barnes,3,1,0.003667616172,0.003566206626,True
Ian Whitcomb And Bluesville,3,1,0.003667616172,0.003566206626,True
Ice-T,3,2,0.003667616172,0.007132413252,True
Icicle Works,3,1,0.003667616172,0.003566206626,True
Idina Menzel & AURORA,3,1,0.003667616172,0.003566206626,True
Iggy Azalea Featuring M0,3,1,0.003667616172,0.003566206626,True
Ill Al Skratch Featuring Brian McKnight,3,1,0.003667616172,0.003566206626,True
Immature Featuring Smooth And Ed From Good Burger,3,1,0.003667616172,0.003566206626,True
Imogen Heap,3,1,0.003667616172,0.003566206626,True
Indecent Obsession,3,1,0.003667616172,0.003566206626,True
Inez Foxx,3,2,0.003667616172,0.007132413252,True
Inner City,3,2,0.003667616172,0.007132413252,True
"Israel ""Popper Stopper"" Tolbert",3,1,0.003667616172,0.003566206626,True
Isyss,3,1,0.003667616172,0.003566206626,True
"J Balvin, Dua Lipa, Bad Bunny & Tainy",3,1,0.003667616172,0.003566206626,True
J. Dash,3,1,0.003667616172,0.003566206626,True
J.J. Barnes,3,2,0.003667616172,0.007132413252,True
Ja Rule Featuring Bobby Brown,3,1,0.003667616172,0.003566206626,True
Ja Rule Featuring Fat Joe & Jadakiss,3,1,0.003667616172,0.003566206626,True
Ja Rule Featuring Lil' Mo,3,1,0.003667616172,0.003566206626,True
Jack Nitzsche,3,2,0.003667616172,0.007132413252,True
Jack Ross,3,2,0.003667616172,0.007132413252,True
Jackie Ross,3,2,0.003667616172,0.007132413252,True
Jackson Dean,3,1,0.003667616172,0.003566206626,True
Jacky Noguez And His Musette Orchestra,3,1,0.003667616172,0.003566206626,True
Jadakiss Featuring Mariah Carey,3,1,0.003667616172,0.003566206626,True
James,3,1,0.003667616172,0.003566206626,True
James Gilreath,3,1,0.003667616172,0.003566206626,True
James Last Band,3,1,0.003667616172,0.003566206626,True
James Taylor & J.D. Souther,3,1,0.003667616172,0.003566206626,True
Jamie Foxx Featuring Justin Timberlake & T .I.,3,1,0.003667616172,0.003566206626,True
Jamie Foxx Featuring Twista,3,1,0.003667616172,0.003566206626,True
Jan Bradley,3,1,0.003667616172,0.003566206626,True
Jane Birkin Serge Gainsbourg,3,1,0.003667616172,0.003566206626,True
Jane Olivor,3,2,0.003667616172,0.007132413252,True
"Janet Featuring Missy Elliott, P. Diddy & Carly Simon",3,1,0.003667616172,0.003566206626,True
Jay Sean Featuring Nicki Minaj,3,1,0.003667616172,0.003566206626,True
Jay-Z Featuring Memphis Bleek & Amil,3,1,0.003667616172,0.003566206626,True
"Jay-Z, Beanie Sigel And Memphis Bleek",3,1,0.003667616172,0.003566206626,True
Jeanette (Baby) Washington,3,1,0.003667616172,0.003566206626,True
Jeanne Pruett,3,1,0.003667616172,0.003566206626,True
Jeff Bates,3,1,0.003667616172,0.003566206626,True
Jeff Foxworthy With Alan Jackson,3,1,0.003667616172,0.003566206626,True
Jeff Lorber & Karyn White,3,1,0.003667616172,0.003566206626,True
Jellybean Featuring Elisa Fiorillo,3,1,0.003667616172,0.003566206626,True
Jennifer Rush,3,1,0.003667616172,0.003566206626,True
Jennifer Rush (Duet With Elton John),3,1,0.003667616172,0.003566206626,True
Jermaine Dupri,3,1,0.003667616172,0.003566206626,True
Jerry Fuller,3,3,0.003667616172,0.01069861988,True
Jerry Keller,3,1,0.003667616172,0.003566206626,True
Jesse McCartney Featuring T-Pain,3,1,0.003667616172,0.003566206626,True
Jewell,3,1,0.003667616172,0.003566206626,True
"Jhay Cortez, J Balvin & Bad Bunny",3,1,0.003667616172,0.003566206626,True
Jibbs Featuring Chamillionaire,3,1,0.003667616172,0.003566206626,True
Jill Sobule,3,1,0.003667616172,0.003566206626,True
"Jimmy Buffett With Clint Black, Kenny Chesney, Alan Jackson, Toby Keith & George Strait",3,1,0.003667616172,0.003566206626,True
Jimmy Castor,3,1,0.003667616172,0.003566206626,True
Jimmy Charles,3,1,0.003667616172,0.003566206626,True
Jimmy Clanton And His Rockets,3,1,0.003667616172,0.003566206626,True
Jimmy Cozier,3,1,0.003667616172,0.003566206626,True
Jimmy Elledge,3,1,0.003667616172,0.003566206626,True
Jimmy Smith And The Big Band,3,1,0.003667616172,0.003566206626,True
Jimmy Velvet,3,2,0.003667616172,0.007132413252,True
Jo Jo Gunne,3,1,0.003667616172,0.003566206626,True
Joan Jett,3,1,0.003667616172,0.003566206626,True
Joboxers,3,1,0.003667616172,0.003566206626,True
Joe Cocker with Leon Russell & The Shelter People,3,1,0.003667616172,0.003566206626,True
Joe Dolce,3,1,0.003667616172,0.003566206626,True
Joe Featuring G-Unit,3,1,0.003667616172,0.003566206626,True
Joe Harnell And His Orchestra,3,1,0.003667616172,0.003566206626,True
Joe Hinton,3,1,0.003667616172,0.003566206626,True
Joe Jones,3,1,0.003667616172,0.003566206626,True
Joe Simon featuring The Mainstreeters,3,1,0.003667616172,0.003566206626,True
Joe Stampley,3,1,0.003667616172,0.003566206626,True
Joey Powers,3,1,0.003667616172,0.003566206626,True
John & Yoko/The Plastic Ono Band With The Harlem Community Choir,3,1,0.003667616172,0.003566206626,True
John Anderson,3,1,0.003667616172,0.003566206626,True
John Handy,3,1,0.003667616172,0.003566206626,True
John Hunter,3,1,0.003667616172,0.003566206626,True
John Lee Hooker,3,1,0.003667616172,0.003566206626,True
John Lennon/Plastic Ono Band Yoko Ono/Plastic Ono Band,3,2,0.003667616172,0.007132413252,True
John O'Banion,3,1,0.003667616172,0.003566206626,True
John Ono Lennon,3,1,0.003667616172,0.003566206626,True
John Phillips,3,1,0.003667616172,0.003566206626,True
"John Travolta, Olivia Newton-John & Grease Cast",3,1,0.003667616172,0.003566206626,True
Johnny Adams,3,2,0.003667616172,0.007132413252,True
Johnny Maestro,3,1,0.003667616172,0.003566206626,True
Jon & Robin And The In Crowd,3,2,0.003667616172,0.007132413252,True
Jon & Vangelis,3,2,0.003667616172,0.007132413252,True
Jonathan King,3,1,0.003667616172,0.003566206626,True
Josie Cotton,3,2,0.003667616172,0.007132413252,True
Joyce Cobb,3,1,0.003667616172,0.003566206626,True
Joyce Kennedy & Jeffrey Osborne,3,1,0.003667616172,0.003566206626,True
Judson Spence,3,1,0.003667616172,0.003566206626,True
Juice WRLD & The Weeknd,3,1,0.003667616172,0.003566206626,True
Julie Roberts,3,1,0.003667616172,0.003566206626,True
Juliet Roberts,3,1,0.003667616172,0.003566206626,True
Julio Iglesias & Diana Ross,3,1,0.003667616172,0.003566206626,True
Jump 'n The Saddle,3,1,0.003667616172,0.003566206626,True
Junior,3,1,0.003667616172,0.003566206626,True
Justin Hayward,3,1,0.003667616172,0.003566206626,True
Justin Hayward & John Lodge,3,2,0.003667616172,0.007132413252,True
K. Michelle,3,2,0.003667616172,0.007132413252,True
Kai Winding & Orchestra,3,1,0.003667616172,0.003566206626,True
Kali Uchis & Peso Pluma,3,1,0.003667616172,0.003566206626,True
Kane Roberts,3,1,0.003667616172,0.003566206626,True
Kanye West & Lil Pump,3,1,0.003667616172,0.003566206626,True
Kanye West Featuring Pusha T,3,1,0.003667616172,0.003566206626,True
Karen Young,3,1,0.003667616172,0.003566206626,True
"Karl Hammel, Jr.",3,1,0.003667616172,0.003566206626,True
Katy Perry Featuring Skip Marley,3,1,0.003667616172,0.003566206626,True
Ke$ha Featuring will.i.am Or Juicy J,3,1,0.003667616172,0.003566206626,True
Keala Settle & The Greatest Showman Ensemble,3,1,0.003667616172,0.003566206626,True
Keith Martin,3,1,0.003667616172,0.003566206626,True
Keith Sweat (Duet With Jacci McGhee),3,1,0.003667616172,0.003566206626,True
Keith Urban Featuring Eric Church,3,1,0.003667616172,0.003566206626,True
Kelsea Ballerini Featuring Kenny Chesney,3,1,0.003667616172,0.003566206626,True
Kendrick Lamar & Kodak Black,3,1,0.003667616172,0.003566206626,True
Kendrick Lamar Featuring Dody6,3,1,0.003667616172,0.003566206626,True
Kenny Chesney With Dave Matthews,3,1,0.003667616172,0.003566206626,True
Kenny Loggins with Steve Perry,3,1,0.003667616172,0.003566206626,True
Kenny O'Dell,3,2,0.003667616172,0.007132413252,True
Key Glock,3,2,0.003667616172,0.007132413252,True
Keyshia Cole Duet With Monica,3,1,0.003667616172,0.003566206626,True
Keyshia Cole Featuring 2Pac,3,1,0.003667616172,0.003566206626,True
Keyshia Cole Featuring Shyne,3,1,0.003667616172,0.003566206626,True
Khalid & Kane Brown,3,1,0.003667616172,0.003566206626,True
Kid Ink Featuring Fetty Wap,3,1,0.003667616172,0.003566206626,True
Kiesza,3,1,0.003667616172,0.003566206626,True
Kiki Dee,3,3,0.003667616172,0.01069861988,True
Kimberly Scott,3,1,0.003667616172,0.003566206626,True
King,3,1,0.003667616172,0.003566206626,True
Kodak Black Featuring Lil Wayne,3,1,0.003667616172,0.003566206626,True
Kokomo,3,1,0.003667616172,0.003566206626,True
Kraftwerk,3,2,0.003667616172,0.007132413252,True
Kris Jensen,3,1,0.003667616172,0.003566206626,True
Kris Kristofferson & Rita Coolidge,3,2,0.003667616172,0.007132413252,True
Kristine W,3,1,0.003667616172,0.003566206626,True
Kristinia DeBarge,3,1,0.003667616172,0.003566206626,True
Kungs vs Cookin' On 3 Burners,3,1,0.003667616172,0.003566206626,True
Kygo Featuring Miguel,3,1,0.003667616172,0.003566206626,True
LL Cool J Featuring Amerie,3,1,0.003667616172,0.003566206626,True
LL Cool J Featuring Jennifer Lopez,3,1,0.003667616172,0.003566206626,True
"LL Cool J Featuring Method Man, Redman, DMX, Canibus And Master P",3,1,0.003667616172,0.003566206626,True
Lady Flash,3,1,0.003667616172,0.003566206626,True
Lalo Schifrin,3,1,0.003667616172,0.003566206626,True
Lanier & Co.,3,1,0.003667616172,0.003566206626,True
Lari White,3,1,0.003667616172,0.003566206626,True
Larry Groce,3,1,0.003667616172,0.003566206626,True
Larsen-Feiten Band,3,1,0.003667616172,0.003566206626,True
Lauren Alaina,3,1,0.003667616172,0.003566206626,True
"Le Sserafim, ILLIT & KATSEYE",3,1,0.003667616172,0.003566206626,True
Leapy Lee,3,1,0.003667616172,0.003566206626,True
Legacy Of Sound Featuring Meja,3,1,0.003667616172,0.003566206626,True
Leila K With Rob 'N' Raz,3,1,0.003667616172,0.003566206626,True
Lenny LeBlanc,3,2,0.003667616172,0.007132413252,True
Leon & Mary Russell,3,1,0.003667616172,0.003566206626,True
Les Crane,3,1,0.003667616172,0.003566206626,True
Letters To Cleo,3,1,0.003667616172,0.003566206626,True
Lighter Shade Of Brown Featuring Teardrop & Shiro,3,1,0.003667616172,0.003566206626,True
Lil Baby & Lil Durk,3,3,0.003667616172,0.01069861988,True
"Lil Baby, Lil Durk & Travis Scott",3,1,0.003667616172,0.003566206626,True
Lil Durk & King Von,3,1,0.003667616172,0.003566206626,True
Lil Louis,3,1,0.003667616172,0.003566206626,True
Lil Mama,3,1,0.003667616172,0.003566206626,True
Lil Peep & XXXTENTACION,3,1,0.003667616172,0.003566206626,True
Lil Wayne Featuring Big Sean,3,1,0.003667616172,0.003566206626,True
Lil Wayne Featuring Shanell AKA SNL,3,1,0.003667616172,0.003566206626,True
Lil' Boosie Featuring Yung Joc,3,1,0.003667616172,0.003566206626,True
Lil' Kim Featuring Sisqo,3,1,0.003667616172,0.003566206626,True
Lil' Romeo,3,1,0.003667616172,0.003566206626,True
"Lil' Troy Featuring Yungsta, Fat Pat, Lil' Will, Hawk, Big T",3,1,0.003667616172,0.003566206626,True
Lil' Zane Featuring 112,3,1,0.003667616172,0.003566206626,True
Liquid Gold,3,2,0.003667616172,0.007132413252,True
Little Caesar and The Romans,3,2,0.003667616172,0.007132413252,True
Little Carl Carlton,3,2,0.003667616172,0.007132413252,True
Little Jimmy Osmond With The Mike Curb Congregation,3,1,0.003667616172,0.003566206626,True
Liz Damon's Orient Express,3,1,0.003667616172,0.003566206626,True
Lizzo Featuring SZA,3,1,0.003667616172,0.003566206626,True
Lizzy McAlpine,3,1,0.003667616172,0.003566206626,True
Logic & Marshmello,3,1,0.003667616172,0.003566206626,True
Loleatta Holloway,3,2,0.003667616172,0.007132413252,True
Lonzo And World Class Wreckin Kru,3,1,0.003667616172,0.003566206626,True
Loretta Lynn,3,3,0.003667616172,0.01069861988,True
Los Indios Tabajaras,3,1,0.003667616172,0.003566206626,True
Lou Reed,3,1,0.003667616172,0.003566206626,True
Loudon Wainwright III,3,1,0.003667616172,0.003566206626,True
Louis Prima,3,1,0.003667616172,0.003566206626,True
Louise Tucker,3,1,0.003667616172,0.003566206626,True
Louisiana's LeRoux,3,1,0.003667616172,0.003566206626,True
Love And Kisses,3,1,0.003667616172,0.003566206626,True
Lowell Fulsom,3,2,0.003667616172,0.007132413252,True
Ludacris & Field Mob Featuring Jamie Foxx,3,1,0.003667616172,0.003566206626,True
Ludacris Co-Starring Chris Brown & Sean Garrett,3,1,0.003667616172,0.003566206626,True
Ludacris Featuring Usher & David Guetta,3,1,0.003667616172,0.003566206626,True
Lumidee Featuring Tony Sunshine,3,1,0.003667616172,0.003566206626,True
Luther Vandross with Gregory Hines,3,1,0.003667616172,0.003566206626,True
Lutricia McNeal,3,1,0.003667616172,0.003566206626,True
M People,3,1,0.003667616172,0.003566206626,True
MIKA,3,1,0.003667616172,0.003566206626,True
Machine Gun Kelly,3,3,0.003667616172,0.01069861988,True
Magic Lanterns,3,1,0.003667616172,0.003566206626,True
Maluma & Carin Leon,3,1,0.003667616172,0.003566206626,True
Mandrill,3,2,0.003667616172,0.007132413252,True
Mann,3,1,0.003667616172,0.003566206626,True
Mantovani & His Orch.,3,1,0.003667616172,0.003566206626,True
Marc Nelson,3,1,0.003667616172,0.003566206626,True
Maria Vidal,3,1,0.003667616172,0.003566206626,True
Mariah Carey Featuring Cameo,3,1,0.003667616172,0.003566206626,True
Mariah The Scientist,3,1,0.003667616172,0.003566206626,True
Mariah the Scientist,3,1,0.003667616172,0.003566206626,True
Marilyn Sellars,3,1,0.003667616172,0.003566206626,True
Mark Ronson Featuring Miley Cyrus,3,1,0.003667616172,0.003566206626,True
Marshmello & Halsey,3,1,0.003667616172,0.003566206626,True
Martin Denny and His Orchestra,3,1,0.003667616172,0.003566206626,True
Martin Garrix & Dua Lipa,3,1,0.003667616172,0.003566206626,True
Marvin Sapp,3,1,0.003667616172,0.003566206626,True
Mary J. Blige Featuring Method Man,3,1,0.003667616172,0.003566206626,True
Mary Kay Place As Loretta Haggers,3,1,0.003667616172,0.003566206626,True
Mary Travers,3,1,0.003667616172,0.003566206626,True
Mass Production,3,2,0.003667616172,0.007132413252,True
Master P,3,1,0.003667616172,0.003566206626,True
Master P Featuring Weebie,3,1,0.003667616172,0.003566206626,True
Maurice White,3,1,0.003667616172,0.003566206626,True
"McGuinn, Clark & Hillman",3,1,0.003667616172,0.003566206626,True
Meek Mill Featuring Chris Brown & Ty Dolla $ign,3,1,0.003667616172,0.003566206626,True
Meek Mill Featuring Lil Baby & Lil Durk,3,1,0.003667616172,0.003566206626,True
Megadeth,3,1,0.003667616172,0.003566206626,True
Melba Moore,3,2,0.003667616172,0.007132413252,True
Melissa Manchester & Peabo Bryson,3,1,0.003667616172,0.003566206626,True
Memphis Bleek Featuring Jay-Z & Missy Elliott,3,1,0.003667616172,0.003566206626,True
Meri Wilson,3,1,0.003667616172,0.003566206626,True
Method Man & Redman,3,1,0.003667616172,0.003566206626,True
"Metro Boomin, Quavo, Breskii & YKNIECE",3,1,0.003667616172,0.003566206626,True
Michael Jackson With Siedah Garrett,3,1,0.003667616172,0.003566206626,True
Michael Parks,3,1,0.003667616172,0.003566206626,True
Michel Telo,3,1,0.003667616172,0.003566206626,True
Mickey Newbury,3,2,0.003667616172,0.007132413252,True
Mighty Clouds Of Joy,3,1,0.003667616172,0.003566206626,True
Miguel Featuring J. Cole,3,1,0.003667616172,0.003566206626,True
Mike Jones Featuring Slim Thug & Paul Wall,3,1,0.003667616172,0.003566206626,True
Mindless Behavior Featuring Diggy,3,1,0.003667616172,0.003566206626,True
Mindy McCready,3,1,0.003667616172,0.003566206626,True
Miranda,3,1,0.003667616172,0.003566206626,True
Miriam Makeba,3,2,0.003667616172,0.007132413252,True
"Missy ""Misdemeanor"" Elliott Featuring Big Boi & Nicole",3,1,0.003667616172,0.003566206626,True
"Mitch Miller and his ""Sing Along With Mitch"" Chorus",3,1,0.003667616172,0.003566206626,True
Models,3,1,0.003667616172,0.003566206626,True
Molly Hatchet,3,2,0.003667616172,0.007132413252,True
Mona Lisa Featuring Lost Boyz,3,1,0.003667616172,0.003566206626,True
Mongo Santamaria,3,3,0.003667616172,0.01069861988,True
Mongo Santamaria Band,3,1,0.003667616172,0.003566206626,True
Mono,3,1,0.003667616172,0.003566206626,True
Monty Kelly And His Orchestra,3,1,0.003667616172,0.003566206626,True
Mos Def & Pharoahe Monch Featuring Nate Dogg,3,1,0.003667616172,0.003566206626,True
Motherlode,3,1,0.003667616172,0.003566206626,True
Mungo Jerry,3,1,0.003667616172,0.003566206626,True
Musiq Soulchild Featuring Mary J. Blige,3,1,0.003667616172,0.003566206626,True
Musique,3,1,0.003667616172,0.003566206626,True
NB Ridaz Featuring Gemini,3,1,0.003667616172,0.003566206626,True
Nancy Sinatra & Frank Sinatra,3,1,0.003667616172,0.003566206626,True
Narvel Felts,3,2,0.003667616172,0.007132413252,True
Nathaniel Mayer And The Fabulous Twilights,3,1,0.003667616172,0.003566206626,True
Natural Four,3,2,0.003667616172,0.007132413252,True
Naughty By Nature Featuring Zhane,3,1,0.003667616172,0.003566206626,True
Nazz,3,1,0.003667616172,0.003566206626,True
Neil Young & Crazy Horse,3,2,0.003667616172,0.007132413252,True
New Birth,3,2,0.003667616172,0.007132413252,True
New Boyz Featuring Iyaz,3,1,0.003667616172,0.003566206626,True
New England,3,2,0.003667616172,0.007132413252,True
Newcleus,3,1,0.003667616172,0.003566206626,True
Nick Lowe And His Cowboy Outfit,3,1,0.003667616172,0.003566206626,True
Nicki Minaj Featuring Ariana Grande,3,1,0.003667616172,0.003566206626,True
Nightcrawlers,3,1,0.003667616172,0.003566206626,True
Nik Kershaw,3,1,0.003667616172,0.003566206626,True
Nio Garcia x Anuel AA x Myke Towers x Brray x Juanka,3,1,0.003667616172,0.003566206626,True
Nipsey Hussle Featuring Roddy Ricch & Hit-Boy,3,1,0.003667616172,0.003566206626,True
Niteflyte,3,1,0.003667616172,0.003566206626,True
Nivea,3,2,0.003667616172,0.007132413252,True
Noah Cyrus Featuring Labrinth,3,1,0.003667616172,0.003566206626,True
Noah Kahan With Hozier,3,1,0.003667616172,0.003566206626,True
Noel Harrison,3,2,0.003667616172,0.007132413252,True
Nolan Thomas,3,1,0.003667616172,0.003566206626,True
Noreaga,3,1,0.003667616172,0.003566206626,True
Normani,3,1,0.003667616172,0.003566206626,True
Nutta Butta Featuring Teddy Riley And Anonymous,3,1,0.003667616172,0.003566206626,True
O.V. Wright,3,2,0.003667616172,0.007132413252,True
Oak,3,2,0.003667616172,0.007132413252,True
Ol Skool [Featuring Keith Sweat & Xscape],3,1,0.003667616172,0.003566206626,True
Olivia,3,1,0.003667616172,0.003566206626,True
One 2 Many,3,1,0.003667616172,0.003566206626,True
One Way,3,1,0.003667616172,0.003566206626,True
Orpheus,3,2,0.003667616172,0.007132413252,True
Ovis,3,1,0.003667616172,0.003566206626,True
Oxo,3,1,0.003667616172,0.003566206626,True
Ozuna x Cardi B,3,1,0.003667616172,0.003566206626,True
Ozuna x Karol G x Myke Towers,3,1,0.003667616172,0.003566206626,True
P!nk Featuring Lily Allen,3,1,0.003667616172,0.003566206626,True
"P. Diddy, Black Rob & Mark Curry",3,1,0.003667616172,0.003566206626,True
PARTYNEXTDOOR & Rihanna,3,1,0.003667616172,0.003566206626,True
PLUTO & YKNIECE,3,1,0.003667616172,0.003566206626,True
Pacific Gas And Electric,3,1,0.003667616172,0.003566206626,True
Panjabi MC Featuring Jay-Z,3,1,0.003667616172,0.003566206626,True
Partland Brothers,3,1,0.003667616172,0.003566206626,True
Patty & The Emblems,3,1,0.003667616172,0.003566206626,True
Paul & Linda McCartney,3,1,0.003667616172,0.003566206626,True
Paul Anka/Odia Coates,3,1,0.003667616172,0.003566206626,True
Paul Dino,3,1,0.003667616172,0.003566206626,True
Paul Lekakis,3,1,0.003667616172,0.003566206626,True
Paul Simon (with The Dixie Hummingbirds),3,1,0.003667616172,0.003566206626,True
Peach Union,3,1,0.003667616172,0.003566206626,True
Peso Pluma & Grupo Frontera,3,1,0.003667616172,0.003566206626,True
Peter Nero,3,1,0.003667616172,0.003566206626,True
Phoenix,3,1,0.003667616172,0.003566206626,True
Pia Mia Featuring Chris Brown & Tyga,3,1,0.003667616172,0.003566206626,True
Pickettywitch,3,1,0.003667616172,0.003566206626,True
Pilar Montenegro,3,1,0.003667616172,0.003566206626,True
Pips,3,1,0.003667616172,0.003566206626,True
Pitbull Featuring Akon,3,1,0.003667616172,0.003566206626,True
Pitbull Featuring Enrique Iglesias,3,1,0.003667616172,0.003566206626,True
Plastic Bertrand,3,1,0.003667616172,0.003566206626,True
Playboi Carti & Travis Scott,3,3,0.003667616172,0.01069861988,True
Playboi Carti Featuring Lil Uzi Vert,3,2,0.003667616172,0.007132413252,True
Plies Featuring Chris J,3,1,0.003667616172,0.003566206626,True
Plies Featuring Jamie Foxx & The-Dream,3,1,0.003667616172,0.003566206626,True
Polly Brown,3,1,0.003667616172,0.003566206626,True
Polo G Featuring NLE Choppa & Stunna 4 Vegas,3,1,0.003667616172,0.003566206626,True
Post Malone Featuring Nicki Minaj,3,1,0.003667616172,0.003566206626,True
Pratt & McClain with Brother Love,3,1,0.003667616172,0.003566206626,True
Pressha,3,1,0.003667616172,0.003566206626,True
Prince And The Revolution Duet With Apollonia,3,1,0.003667616172,0.003566206626,True
Prince Markie Dee And The Soul Convention,3,1,0.003667616172,0.003566206626,True
Prince Royce,3,1,0.003667616172,0.003566206626,True
Prince With Sheena Easton,3,1,0.003667616172,0.003566206626,True
Puff Johnson,3,1,0.003667616172,0.003566206626,True
Python Lee Jackson,3,1,0.003667616172,0.003566206626,True
Q,3,1,0.003667616172,0.003566206626,True
Quavo & Takeoff,3,1,0.003667616172,0.003566206626,True
Queen Pen Featuring Eric Williams,3,1,0.003667616172,0.003566206626,True
R. Kelly Featuring Keith Murray,3,1,0.003667616172,0.003566206626,True
"R.L., Snoop Dogg & Lil' Kim",3,1,0.003667616172,0.003566206626,True
RAab,3,1,0.003667616172,0.003566206626,True
RZA Feat. Method Man & Cappadonna,3,1,0.003667616172,0.003566206626,True
Radiants,3,2,0.003667616172,0.007132413252,True
RaeLynn,3,1,0.003667616172,0.003566206626,True
Raheem DeVaughn,3,2,0.003667616172,0.007132413252,True
Ray Charles And His Orchestra With The Raelettes,3,1,0.003667616172,0.003566206626,True
Ray Conniff And The Singers,3,1,0.003667616172,0.003566206626,True
Ray Sharpe,3,1,0.003667616172,0.003566206626,True
Ray Smith,3,1,0.003667616172,0.003566206626,True
Reality,3,1,0.003667616172,0.003566206626,True
Reba McEntire Duet With Kelly Clarkson,3,1,0.003667616172,0.003566206626,True
Redeye,3,1,0.003667616172,0.003566206626,True
Refugee Camp All Stars Featuring Pras (With Ky-mani),3,1,0.003667616172,0.003566206626,True
Reg Owen & His Orchestra,3,1,0.003667616172,0.003566206626,True
Regard,3,1,0.003667616172,0.003566206626,True
Regard x Troye Sivan x Tate McRae,3,1,0.003667616172,0.003566206626,True
Regina Spektor,3,1,0.003667616172,0.003566206626,True
Relient K,3,2,0.003667616172,0.007132413252,True
Restless Heart Featuring Warren Hill,3,1,0.003667616172,0.003566206626,True
Reunion,3,1,0.003667616172,0.003566206626,True
Rex Smith/Rachel Sweet,3,1,0.003667616172,0.003566206626,True
Rhinoceros,3,1,0.003667616172,0.003566206626,True
Richie Furay,3,1,0.003667616172,0.003566206626,True
Richie Havens,3,1,0.003667616172,0.003566206626,True
Rick Pinette & Oak,3,1,0.003667616172,0.003566206626,True
Rick Ross Featuring John Legend,3,1,0.003667616172,0.003566206626,True
Rick Ross Featuring Nelly & Avery Storm,3,1,0.003667616172,0.003566206626,True
Rita Ora,3,2,0.003667616172,0.007132413252,True
Roachford,3,1,0.003667616172,0.003566206626,True
Robert Ellis Orral With Carlene Carter,3,1,0.003667616172,0.003566206626,True
Rochell And The Candles With Johnny Wyatt,3,1,0.003667616172,0.003566206626,True
Rock And Hyde,3,1,0.003667616172,0.003566206626,True
Rocko,3,1,0.003667616172,0.003566206626,True
Rockpile,3,1,0.003667616172,0.003566206626,True
Rod Wave Featuring 21 Savage,3,1,0.003667616172,0.003566206626,True
Rodney O & Joe Cooley,3,2,0.003667616172,0.007132413252,True
Roger Hodgson,3,1,0.003667616172,0.003566206626,True
Roger Whittaker,3,1,0.003667616172,0.003566206626,True
Romeo Santos Featuring Drake,3,1,0.003667616172,0.003566206626,True
Romeo Void,3,1,0.003667616172,0.003566206626,True
Ron Banks And The Dramatics,3,2,0.003667616172,0.007132413252,True
Ronnie and The Hi-Lites,3,1,0.003667616172,0.003566206626,True
Rosa Linn,3,1,0.003667616172,0.003566206626,True
Rosalia,3,1,0.003667616172,0.003566206626,True
Rosalia & Rauw Alejandro,3,1,0.003667616172,0.003566206626,True
Roscoe Dash Featuring Soulja Boy Tell'em,3,1,0.003667616172,0.003566206626,True
Rosie And The Originals,3,1,0.003667616172,0.003566206626,True
Roy Drusky,3,1,0.003667616172,0.003566206626,True
Rubicon,3,1,0.003667616172,0.003566206626,True
Russ Irwin,3,1,0.003667616172,0.003566206626,True
S.O.A.P.,3,1,0.003667616172,0.003566206626,True
SZA Featuring Phoebe Bridgers,3,1,0.003667616172,0.003566206626,True
Sad Cafe,3,2,0.003667616172,0.007132413252,True
Sagat,3,1,0.003667616172,0.003566206626,True
Sailcat,3,1,0.003667616172,0.003566206626,True
Sandy Stewart,3,1,0.003667616172,0.003566206626,True
ScHoolboy Q,3,2,0.003667616172,0.007132413252,True
Scatman John,3,1,0.003667616172,0.003566206626,True
Scotty McCreery & Hootie & The Blowfish,3,1,0.003667616172,0.003566206626,True
Scritti Politti Featuring Roger,3,1,0.003667616172,0.003566206626,True
Sea Level,3,1,0.003667616172,0.003566206626,True
"Sech, Daddy Yankee & J Balvin Featuring Rosalia & Farruko",3,1,0.003667616172,0.003566206626,True
Seiko & Donnie Wahlberg,3,1,0.003667616172,0.003566206626,True
Selena Gomez Featuring Gucci Mane,3,1,0.003667616172,0.003566206626,True
September,3,1,0.003667616172,0.003566206626,True
Shaggy (Featuring Marsha),3,1,0.003667616172,0.003566206626,True
Shakira Featuring El Cata or Dizzee Rascal,3,1,0.003667616172,0.003566206626,True
Shakira Featuring Lil Wayne,3,1,0.003667616172,0.003566206626,True
Shania Twain With Billy Currington Or Mark McGrath,3,1,0.003667616172,0.003566206626,True
Shanice Wilson,3,1,0.003667616172,0.003566206626,True
Sharissa,3,1,0.003667616172,0.003566206626,True
Shawn Mendes & Justin Bieber,3,1,0.003667616172,0.003566206626,True
Shawn Mendes X Zedd,3,1,0.003667616172,0.003566206626,True
Shawn Stockman,3,1,0.003667616172,0.003566206626,True
Sherrie Austin,3,1,0.003667616172,0.003566206626,True
Shirley Brown,3,1,0.003667616172,0.003566206626,True
Shyne Featuring Barrington Levy,3,1,0.003667616172,0.003566206626,True
Sick Puppies,3,1,0.003667616172,0.003566206626,True
Silk City x Dua Lipa,3,1,0.003667616172,0.003566206626,True
Silver Condor,3,1,0.003667616172,0.003566206626,True
Sister Janet Mead,3,1,0.003667616172,0.003566206626,True
Skrillex,3,1,0.003667616172,0.003566206626,True
Sleepy Brown Featuring OutKast,3,1,0.003667616172,0.003566206626,True
Slim Featuring Yung Joc,3,1,0.003667616172,0.003566206626,True
Slum Village Featuring Dwele,3,1,0.003667616172,0.003566206626,True
Smart E's,3,1,0.003667616172,0.003566206626,True
Smilez & Southstar,3,1,0.003667616172,0.003566206626,True
Snoop Dogg Featuring Charlie Wilson & Justin Timberlake,3,1,0.003667616172,0.003566206626,True
Snoop Dogg Featuring Mystikal And Fiend,3,1,0.003667616172,0.003566206626,True
Snoop Dogg Featuring R. Kelly,3,1,0.003667616172,0.003566206626,True
Snoop Dogg Presents Tha Eastsidaz,3,1,0.003667616172,0.003566206626,True
So,3,1,0.003667616172,0.003566206626,True
Soluna,3,1,0.003667616172,0.003566206626,True
Sonny,3,2,0.003667616172,0.007132413252,True
Sonny Charles,3,1,0.003667616172,0.003566206626,True
"Sonny Charles And The Checkmates, Ltd.",3,1,0.003667616172,0.003566206626,True
Sophie Ellis-Bextor,3,1,0.003667616172,0.003566206626,True
Soul Sisters,3,1,0.003667616172,0.003566206626,True
Soulja Boy Tell'em Featuring Arab,3,1,0.003667616172,0.003566206626,True
Soulsister,3,1,0.003667616172,0.003566206626,True
Sounds Of Sunshine,3,1,0.003667616172,0.003566206626,True
Sparks & Jane Wiedlin,3,1,0.003667616172,0.003566206626,True
Spencer Ross,3,1,0.003667616172,0.003566206626,True
Splender,3,1,0.003667616172,0.003566206626,True
Split Enz,3,1,0.003667616172,0.003566206626,True
Stacy Earl (Featuring The Wild Pair),3,1,0.003667616172,0.003566206626,True
Stage Dolls,3,1,0.003667616172,0.003566206626,True
Stars On,3,1,0.003667616172,0.003566206626,True
Stephanie Beatriz,3,1,0.003667616172,0.003566206626,True
Stephanie Mills Featuring Teddy Pendergrass,3,1,0.003667616172,0.003566206626,True
Stephen Stills-Manassas,3,2,0.003667616172,0.007132413252,True
Sting & The Police,3,1,0.003667616172,0.003566206626,True
Stone Temple Pilots,3,1,0.003667616172,0.003566206626,True
Suave,3,1,0.003667616172,0.003566206626,True
Suga Free,3,1,0.003667616172,0.003566206626,True
Sugar Bears,3,1,0.003667616172,0.003566206626,True
Sunny & The Sunliners,3,2,0.003667616172,0.007132413252,True
Sunny Sweeney,3,1,0.003667616172,0.003566206626,True
Supertramp Featuring Rick Davies,3,1,0.003667616172,0.003566206626,True
Supertramp Featuring Roger Hodgson,3,1,0.003667616172,0.003566206626,True
Supremes & Temptations,3,2,0.003667616172,0.007132413252,True
Swingin' Medallions,3,1,0.003667616172,0.003566206626,True
Swirl 360,3,1,0.003667616172,0.003566206626,True
Sydney Youngblood,3,1,0.003667616172,0.003566206626,True
T.O.K.,3,2,0.003667616172,0.007132413252,True
T.W.D.Y. Featuring Too Short & Mac Mall,3,1,0.003667616172,0.003566206626,True
"THE SCOTTS, Travis Scott & Kid Cudi",3,1,0.003667616172,0.003566206626,True
TQ,3,1,0.003667616172,0.003566206626,True
Taio Cruz Featuring Travie McCoy,3,1,0.003667616172,0.003566206626,True
Talib Kweli,3,1,0.003667616172,0.003566206626,True
Tasmin Archer,3,1,0.003667616172,0.003566206626,True
Taylor Swift Featuring Ed Sheeran & Future,3,1,0.003667616172,0.003566206626,True
Taylor Swift Featuring The Civil Wars,3,1,0.003667616172,0.003566206626,True
Teddy Swims & GIVEON,3,1,0.003667616172,0.003566206626,True
Teegarden & Van Winkle,3,2,0.003667616172,0.007132413252,True
Telepopmusik,3,1,0.003667616172,0.003566206626,True
Tex Ritter,3,2,0.003667616172,0.007132413252,True
Tha Dogg Pound Featuring Michel'le,3,1,0.003667616172,0.003566206626,True
"That Mexican OT, Paul Wall & DRODi",3,1,0.003667616172,0.003566206626,True
The Accents,3,1,0.003667616172,0.003566206626,True
The Amboy Dukes,3,1,0.003667616172,0.003566206626,True
The Art Of Noise Featuring Duane Eddy,3,1,0.003667616172,0.003566206626,True
The Artistics,3,2,0.003667616172,0.007132413252,True
The Avant-Garde,3,1,0.003667616172,0.003566206626,True
The Band Of The Black Watch,3,1,0.003667616172,0.003566206626,True
The Barbarians,3,2,0.003667616172,0.007132413252,True
The Barbusters (Joan Jett And The Blackhearts),3,1,0.003667616172,0.003566206626,True
The Beatnuts Featuring Yellaklaw,3,1,0.003667616172,0.003566206626,True
The Beau-Marks,3,1,0.003667616172,0.003566206626,True
The Beginning Of The End,3,1,0.003667616172,0.003566206626,True
The Blue-Belles,3,1,0.003667616172,0.003566206626,True
The Brass Ring featuring Phil Bodner,3,2,0.003667616172,0.007132413252,True
The Brooklyn Bridge Featuring Johnny Maestro,3,2,0.003667616172,0.007132413252,True
The Bubble Puppy,3,1,0.003667616172,0.003566206626,True
The C.O.D.'s,3,1,0.003667616172,0.003566206626,True
The Call,3,2,0.003667616172,0.007132413252,True
The Casinos,3,1,0.003667616172,0.003566206626,True
The Castaways,3,1,0.003667616172,0.003566206626,True
The Chainsmokers & Bebe Rexha,3,1,0.003667616172,0.003566206626,True
The Chakachas,3,1,0.003667616172,0.003566206626,True
The Church,3,1,0.003667616172,0.003566206626,True
The Clark Family Experience,3,1,0.003667616172,0.003566206626,True
The Click,3,1,0.003667616172,0.003566206626,True
The Crazy World Of Arthur Brown,3,1,0.003667616172,0.003566206626,True
The Crescents Featuring Chiyo,3,1,0.003667616172,0.003566206626,True
The Crooklyn Dodgers,3,1,0.003667616172,0.003566206626,True
The De Franco Family,3,1,0.003667616172,0.003566206626,True
The Demensions,3,1,0.003667616172,0.003566206626,True
The Dreamlovers,3,1,0.003667616172,0.003566206626,True
The Dukays,3,1,0.003667616172,0.003566206626,True
The Easybeats,3,1,0.003667616172,0.003566206626,True
The Echoes,3,2,0.003667616172,0.007132413252,True
The Edwin Hawkins' Singers Featuring Dorothy Combs Morrison,3,1,0.003667616172,0.003566206626,True
The English Congregation,3,1,0.003667616172,0.003566206626,True
The Essex,3,1,0.003667616172,0.003566206626,True
The Falcons & Band (Ohio Untouchables),3,1,0.003667616172,0.003566206626,True
The FiNATTiCZ,3,1,0.003667616172,0.003566206626,True
The Five Du-Tones,3,1,0.003667616172,0.003566206626,True
The Flares,3,1,0.003667616172,0.003566206626,True
The Flirtations,3,1,0.003667616172,0.003566206626,True
The Floaters,3,1,0.003667616172,0.003566206626,True
The Game Featuring Drake,3,1,0.003667616172,0.003566206626,True
The Game Featuring Junior Reid,3,1,0.003667616172,0.003566206626,True
The Gants,3,1,0.003667616172,0.003566206626,True
The Glass Bottle,3,1,0.003667616172,0.003566206626,True
The Goodees,3,1,0.003667616172,0.003566206626,True
The Halos,3,1,0.003667616172,0.003566206626,True
The Hives,3,1,0.003667616172,0.003566206626,True
The Hombres,3,1,0.003667616172,0.003566206626,True
The Hullaballoos,3,2,0.003667616172,0.007132413252,True
The Islanders,3,1,0.003667616172,0.003566206626,True
The JB's,3,2,0.003667616172,0.007132413252,True
The Jarmels,3,1,0.003667616172,0.003566206626,True
The Jaynetts,3,1,0.003667616172,0.003566206626,True
The Joe Cuba Sextet,3,2,0.003667616172,0.007132413252,True
The Jones Girls,3,1,0.003667616172,0.003566206626,True
The Joneses,3,1,0.003667616172,0.003566206626,True
The Knockouts,3,1,0.003667616172,0.003566206626,True
The Larks,3,1,0.003667616172,0.003566206626,True
The Lost Generation,3,1,0.003667616172,0.003566206626,True
The Lost Trailers,3,1,0.003667616172,0.003566206626,True
The Lox,3,1,0.003667616172,0.003566206626,True
The Mad Lads,3,2,0.003667616172,0.007132413252,True
The Marathons,3,1,0.003667616172,0.003566206626,True
The Mark IV,3,1,0.003667616172,0.003566206626,True
The Michael Zager Band,3,1,0.003667616172,0.003566206626,True
The Monarchs,3,1,0.003667616172,0.003566206626,True
The Mormon Tabernacle Choir,3,1,0.003667616172,0.003566206626,True
The Murmaids,3,1,0.003667616172,0.003566206626,True
The Mystic Moods,3,2,0.003667616172,0.007132413252,True
The Neighborhood,3,1,0.003667616172,0.003566206626,True
The Nu Tornados,3,1,0.003667616172,0.003566206626,True
The Pasadenas,3,1,0.003667616172,0.003566206626,True
The Pastel Six,3,1,0.003667616172,0.003566206626,True
The People's Choice,3,1,0.003667616172,0.003566206626,True
The Peppermint Rainbow,3,1,0.003667616172,0.003566206626,True
The Pipkins,3,1,0.003667616172,0.003566206626,True
The Presidents Of The United States Of America,3,1,0.003667616172,0.003566206626,True
The Puppies,3,1,0.003667616172,0.003566206626,True
The Pussycat Dolls Featuring Nicole Scherzinger,3,1,0.003667616172,0.003566206626,True
The Quin-Tones,3,1,0.003667616172,0.003566206626,True
The Raeletts,3,1,0.003667616172,0.003566206626,True
The Rag Dolls,3,2,0.003667616172,0.007132413252,True
The Ramones,3,1,0.003667616172,0.003566206626,True
The Ran-Dells,3,1,0.003667616172,0.003566206626,True
The Ray Charles Orchestra,3,1,0.003667616172,0.003566206626,True
The Rays,3,2,0.003667616172,0.007132413252,True
The Red Clay Strays,3,1,0.003667616172,0.003566206626,True
The Regents,3,2,0.003667616172,0.007132413252,True
The Road Apples,3,1,0.003667616172,0.003566206626,True
The Rock Heroes,3,1,0.003667616172,0.003566206626,True
The Ronettes Featuring Veronica,3,3,0.003667616172,0.01069861988,True
The Roots,3,1,0.003667616172,0.003566206626,True
The Roots Featuring Erykah Badu,3,1,0.003667616172,0.003566206626,True
The Rose Garden,3,1,0.003667616172,0.003566206626,True
The Rugbys,3,1,0.003667616172,0.003566206626,True
The Showmen,3,1,0.003667616172,0.003566206626,True
The Singing Nun (Soeur Sourire),3,1,0.003667616172,0.003566206626,True
The Slades,3,1,0.003667616172,0.003566206626,True
"The Sopwith ""Camel""",3,1,0.003667616172,0.003566206626,True
"The Souther, Hillman, Furay Band",3,1,0.003667616172,0.003566206626,True
The Spacemen,3,1,0.003667616172,0.003566206626,True
The Springfields,3,2,0.003667616172,0.007132413252,True
The Swinging Blue Jeans,3,2,0.003667616172,0.007132413252,True
The Timelords,3,1,0.003667616172,0.003566206626,True
The Tune Rockers,3,1,0.003667616172,0.003566206626,True
The Valentinos,3,2,0.003667616172,0.007132413252,True
The Village Soul Choir,3,1,0.003667616172,0.003566206626,True
The Virtues,3,1,0.003667616172,0.003566206626,True
The Volume's,3,1,0.003667616172,0.003566206626,True
The Waikikis,3,2,0.003667616172,0.007132413252,True
The Walters,3,1,0.003667616172,0.003566206626,True
The Weather Girls,3,1,0.003667616172,0.003566206626,True
The Wonder Who?,3,2,0.003667616172,0.007132413252,True
The Wonders,3,1,0.003667616172,0.003566206626,True
Thirty Seconds To Mars,3,2,0.003667616172,0.007132413252,True
Thomas Rhett Featuring Jordan Davis,3,1,0.003667616172,0.003566206626,True
Thomas Rhett Featuring Morgan Wallen,3,1,0.003667616172,0.003566206626,True
Three 6 Mafia,3,1,0.003667616172,0.003566206626,True
Three 6 Mafia Featuring Chamillionaire,3,1,0.003667616172,0.003566206626,True
Thriving Ivory,3,1,0.003667616172,0.003566206626,True
Tiana,3,1,0.003667616172,0.003566206626,True
Tiesto Featuring Matthew Koma,3,1,0.003667616172,0.003566206626,True
Tim Rushlow,3,1,0.003667616172,0.003566206626,True
Timbaland & Magoo,3,1,0.003667616172,0.003566206626,True
Tina Arena,3,1,0.003667616172,0.003566206626,True
Titus Turner,3,2,0.003667616172,0.007132413252,True
Tom Johnston,3,1,0.003667616172,0.003566206626,True
Tommy Dee with Carol Kay and the Teen-Aires,3,1,0.003667616172,0.003566206626,True
Tommy Facenda,3,1,0.003667616172,0.003566206626,True
Tommy McLain,3,1,0.003667616172,0.003566206626,True
Tommy Sands,3,2,0.003667616172,0.007132413252,True
Toni Braxton Featuring Loon,3,1,0.003667616172,0.003566206626,True
Toni Fisher,3,1,0.003667616172,0.003566206626,True
Too Short Featuring Parliament Funkadelic,3,1,0.003667616172,0.003566206626,True
Topic & A7S,3,1,0.003667616172,0.003566206626,True
Touch,3,2,0.003667616172,0.007132413252,True
Toussaint McCall,3,1,0.003667616172,0.003566206626,True
Trans-X,3,1,0.003667616172,0.003566206626,True
Travis & Bob,3,1,0.003667616172,0.003566206626,True
Travis Denning,3,1,0.003667616172,0.003566206626,True
"Trick Daddy Featuring Duece Poppito, Trina, Co",3,1,0.003667616172,0.003566206626,True
Trina Featuring Ludacris,3,1,0.003667616172,0.003566206626,True
Tru Featuring Ice Cream Man (Master P),3,1,0.003667616172,0.003566206626,True
Twice,3,1,0.003667616172,0.003566206626,True
Ty Myers,3,2,0.003667616172,0.007132413252,True
Tycoon,3,1,0.003667616172,0.003566206626,True
Tyga Featuring Young Thug,3,1,0.003667616172,0.003566206626,True
Undisputed Truth,3,1,0.003667616172,0.003566206626,True
Uptown,3,1,0.003667616172,0.003566206626,True
Urge Overkill,3,1,0.003667616172,0.003566206626,True
Usher Featuring Beyonce & Lil Wayne,3,1,0.003667616172,0.003566206626,True
VEDO,3,1,0.003667616172,0.003566206626,True
Valjean on Piano,3,2,0.003667616172,0.007132413252,True
Van Zant,3,1,0.003667616172,0.003566206626,True
Vandenberg,3,1,0.003667616172,0.003566206626,True
Vanilla Fudge,3,3,0.003667616172,0.01069861988,True
Vanity,3,2,0.003667616172,0.007132413252,True
Verdelle Smith,3,2,0.003667616172,0.007132413252,True
Veronica (Featuring Craig Mack),3,1,0.003667616172,0.003566206626,True
Vicious,3,1,0.003667616172,0.003566206626,True
Victorious Cast Featuring Victoria Justice,3,3,0.003667616172,0.01069861988,True
Vitamin C Featuring Lady Saw,3,1,0.003667616172,0.003566206626,True
Voyce,3,1,0.003667616172,0.003566206626,True
WC & The Maad Circle,3,1,0.003667616172,0.003566206626,True
WC Featuring Nate Dogg,3,1,0.003667616172,0.003566206626,True
WILLOW,3,1,0.003667616172,0.003566206626,True
Waka Flocka Flame,3,1,0.003667616172,0.003566206626,True
Waka Flocka Flame Featuring Drake,3,1,0.003667616172,0.003566206626,True
Wale,3,1,0.003667616172,0.003566206626,True
"Wale Featuring Rick Ross, Meek Mill & T-Pain",3,1,0.003667616172,0.003566206626,True
Walter Brennan With Billy Vaughn and his Orchestra,3,1,0.003667616172,0.003566206626,True
Walter Murphy,3,1,0.003667616172,0.003566206626,True
Warren G Featuring Ronald Isley,3,1,0.003667616172,0.003566206626,True
Wax,3,1,0.003667616172,0.003566206626,True
Webstar & Young B Featuring The Voice Of Harlem,3,1,0.003667616172,0.003566206626,True
Wes Montgomery,3,1,0.003667616172,0.003566206626,True
Whitehead Bros.,3,1,0.003667616172,0.003566206626,True
Will Smith Featuring K-Ci,3,1,0.003667616172,0.003566206626,True
Willi One Blood,3,1,0.003667616172,0.003566206626,True
Wiz Khalifa Featuring The Weeknd,3,1,0.003667616172,0.003566206626,True
World Party,3,1,0.003667616172,0.003566206626,True
Wyclef Jean Featuring Refugee Allstars,3,1,0.003667616172,0.003566206626,True
Xscape Featuring MC Lyte,3,1,0.003667616172,0.003566206626,True
YBN Nahmir,3,1,0.003667616172,0.003566206626,True
YG Featuring Drake & Kamaiyah,3,1,0.003667616172,0.003566206626,True
YG Marley,3,1,0.003667616172,0.003566206626,True
Yahritza y Su Esencia x Grupo Frontera,3,1,0.003667616172,0.003566206626,True
Yeah Yeah Yeahs,3,1,0.003667616172,0.003566206626,True
Yeat,3,3,0.003667616172,0.01069861988,True
Yo Gotti,3,3,0.003667616172,0.01069861988,True
Yo Gotti Featuring E-40,3,1,0.003667616172,0.003566206626,True
Yo-Yo,3,1,0.003667616172,0.003566206626,True
Yo-Yo Featuring Ice Cube,3,1,0.003667616172,0.003566206626,True
Young And Restless,3,1,0.003667616172,0.003566206626,True
Young Greatness,3,1,0.003667616172,0.003566206626,True
Young Jeezy Featuring Jay-Z & Andre 3000,3,1,0.003667616172,0.003566206626,True
Young Jeezy Featuring Mannie Fresh,3,1,0.003667616172,0.003566206626,True
Young Thug & Gunna,3,1,0.003667616172,0.003566206626,True
Young Thug Featuring Drake,3,1,0.003667616172,0.003566206626,True
Young Thug Featuring Lil Baby,3,1,0.003667616172,0.003566206626,True
Young Thug With Drake & Travis Scott,3,1,0.003667616172,0.003566206626,True
YoungBloodZ,3,1,0.003667616172,0.003566206626,True
"Yung Wun Featuring DMX, Lil' Flip & David Banner",3,1,0.003667616172,0.003566206626,True
Z.Z. Hill,3,2,0.003667616172,0.007132413252,True
"Zac Efron, Andrew Seeley & Vanessa Anne Hudgens",3,2,0.003667616172,0.007132413252,True
Zager & Evans,3,1,0.003667616172,0.003566206626,True
Zedd Featuring Jon Bellion,3,1,0.003667616172,0.003566206626,True
Zwol,3,2,0.003667616172,0.007132413252,True
iio,3,1,0.003667616172,0.003566206626,True
pupsies,3,1,0.003667616172,0.003566206626,True
will.i.am & Nicki Minaj,3,1,0.003667616172,0.003566206626,True
will.i.am Featuring Justin Bieber,3,1,0.003667616172,0.003566206626,True
"""Little"" Jimmy Dickens",2,1,0.002445077448,0.003566206626,True
(The Preacher) Bobby Womack,2,1,0.002445077448,0.003566206626,True
112 Featuring Ludacris,2,1,0.002445077448,0.003566206626,True
"21 Savage, Offset & Metro Boomin Featuring Travis Scott",2,1,0.002445077448,0.003566206626,True
2Pac + Outlawz,2,1,0.002445077448,0.003566206626,True
3OH!3 Featuring Katy Perry,2,1,0.002445077448,0.003566206626,True
42 Dugg & Roddy Ricch,2,1,0.002445077448,0.003566206626,True
49-ers,2,1,0.002445077448,0.003566206626,True
4Batz,2,1,0.002445077448,0.003566206626,True
5000 Volts,2,1,0.002445077448,0.003566206626,True
6LACK,2,1,0.002445077448,0.003566206626,True
6ix9ine Featuring Bobby Shmurda,2,1,0.002445077448,0.003566206626,True
"6ix9ine, Fetty Wap & A Boogie Wit da Hoodie",2,1,0.002445077448,0.003566206626,True
A Boogie Wit da Hoodie Featuring Offset & Tyga,2,1,0.002445077448,0.003566206626,True
A$AP Rocky Featuring Brent Faiyaz,2,1,0.002445077448,0.003566206626,True
A$AP Rocky Featuring Skepta,2,1,0.002445077448,0.003566206626,True
ATEEZ,2,2,0.002445077448,0.007132413252,True
Abstrac',2,1,0.002445077448,0.003566206626,True
Ace Hood Featuring Chris Brown,2,1,0.002445077448,0.003566206626,True
Ace Spectrum,2,1,0.002445077448,0.003566206626,True
Acraze Featuring Cherish,2,1,0.002445077448,0.003566206626,True
Adam Faith With The Roulettes,2,1,0.002445077448,0.003566206626,True
Afrique,2,1,0.002445077448,0.003566206626,True
Afroman,2,1,0.002445077448,0.003566206626,True
Aimee Mann,2,1,0.002445077448,0.003566206626,True
Al Brown's Tunetoppers Featuring Cookie Brown,2,1,0.002445077448,0.003566206626,True
Al Casey,2,1,0.002445077448,0.003566206626,True
Al Casey Combo,2,1,0.002445077448,0.003566206626,True
Al Kent,2,1,0.002445077448,0.003566206626,True
Albert King,2,2,0.002445077448,0.007132413252,True
Alfonzo Hunter,2,2,0.002445077448,0.007132413252,True
Alice Wonder Land,2,1,0.002445077448,0.003566206626,True
All Star Tribute,2,1,0.002445077448,0.003566206626,True
Alpha Team,2,1,0.002445077448,0.003566206626,True
Alton McClain & Destiny,2,1,0.002445077448,0.003566206626,True
Alvin Robinson,2,1,0.002445077448,0.003566206626,True
American Idol Finalists,2,1,0.002445077448,0.003566206626,True
Amii Stewart & Johnny Bristol,2,1,0.002445077448,0.003566206626,True
Andrea Carroll,2,1,0.002445077448,0.003566206626,True
Andrea Martin,2,1,0.002445077448,0.003566206626,True
Andy Gibb & Victoria Principal,2,1,0.002445077448,0.003566206626,True
Andy Stewart,2,2,0.002445077448,0.007132413252,True
Angie Martinez Featuring Kelis,2,1,0.002445077448,0.003566206626,True
Ant Saunders,2,1,0.002445077448,0.003566206626,True
Anuel AA & Karol G,2,1,0.002445077448,0.003566206626,True
Anything Box,2,1,0.002445077448,0.003566206626,True
Apollonia 6,2,1,0.002445077448,0.003566206626,True
Arcangel & Bad Bunny,2,1,0.002445077448,0.003566206626,True
"Ariana Grande, Miley Cyrus & Lana Del Rey",2,1,0.002445077448,0.003566206626,True
Arlan Day,2,1,0.002445077448,0.003566206626,True
Armani White,2,1,0.002445077448,0.003566206626,True
Artists For Haiti,2,1,0.002445077448,0.003566206626,True
"Ashton, Gardner & Dyke",2,1,0.002445077448,0.003566206626,True
Audrey Hobert,2,1,0.002445077448,0.003566206626,True
Aurra,2,1,0.002445077448,0.003566206626,True
Austin Mahone,2,1,0.002445077448,0.003566206626,True
Autry Inman,2,1,0.002445077448,0.003566206626,True
Avicii Featuring Aloe Blacc,2,1,0.002445077448,0.003566206626,True
B Angie B,2,1,0.002445077448,0.003566206626,True
B.G. The Prince Of Rap,2,1,0.002445077448,0.003566206626,True
B.o.B Featuring Trey Songz,2,1,0.002445077448,0.003566206626,True
B2K Featuring Fabolous,2,1,0.002445077448,0.003566206626,True
BLACKPINK X Selena Gomez,2,1,0.002445077448,0.003566206626,True
BLACKstreet With Janet,2,1,0.002445077448,0.003566206626,True
BLACKstreet With Special Guests Ol' Dirty Bastard & Slash,2,1,0.002445077448,0.003566206626,True
BTO,2,1,0.002445077448,0.003566206626,True
BTS Featuring Desiigner,2,1,0.002445077448,0.003566206626,True
BTS Featuring Halsey,2,1,0.002445077448,0.003566206626,True
Baby Talk,2,1,0.002445077448,0.003566206626,True
Bad Boy's Da Band,2,1,0.002445077448,0.003566206626,True
Bad Boys Blue,2,1,0.002445077448,0.003566206626,True
Bad Bunny & Chuwi,2,1,0.002445077448,0.003566206626,True
Bad Bunny & Los Pleneros de La Cresta,2,1,0.002445077448,0.003566206626,True
Band Aid,2,1,0.002445077448,0.003566206626,True
Band Of Gold,2,1,0.002445077448,0.003566206626,True
Bandit Gang Marco Featuring Dro,2,1,0.002445077448,0.003566206626,True
Bang,2,1,0.002445077448,0.003566206626,True
Barbara Greene,2,1,0.002445077448,0.003566206626,True
Barbra Streisand With Kim Carnes,2,1,0.002445077448,0.003566206626,True
Baron Stewart,2,1,0.002445077448,0.003566206626,True
Barry & The Tamerlanes,2,1,0.002445077448,0.003566206626,True
Barry Gibb,2,1,0.002445077448,0.003566206626,True
Barry Young,2,1,0.002445077448,0.003566206626,True
Batdorf & Rodney,2,2,0.002445077448,0.007132413252,True
Baz Luhrmann,2,1,0.002445077448,0.003566206626,True
Beau Coup,2,1,0.002445077448,0.003566206626,True
Beckmeier Brothers,2,1,0.002445077448,0.003566206626,True
Becky G + Natti Natasha,2,1,0.002445077448,0.003566206626,True
Beenie Man Featuring Janet,2,1,0.002445077448,0.003566206626,True
Before Dark,2,1,0.002445077448,0.003566206626,True
Belouis Some,2,2,0.002445077448,0.007132413252,True
Benny Bell,2,1,0.002445077448,0.003566206626,True
Bernadette Carroll,2,1,0.002445077448,0.003566206626,True
Bert Sommer,2,1,0.002445077448,0.003566206626,True
Bertha Tillman,2,1,0.002445077448,0.003566206626,True
Betty Madigan,2,1,0.002445077448,0.003566206626,True
Bhad Bhabie,2,2,0.002445077448,0.007132413252,True
Biddu Orchestra,2,2,0.002445077448,0.007132413252,True
Big Pig,2,1,0.002445077448,0.003566206626,True
Big Sean & Metro Boomin Featuring 21 Savage,2,1,0.002445077448,0.003566206626,True
Big Sean Featuring Kanye West & John Legend,2,1,0.002445077448,0.003566206626,True
Big Time Rush,2,1,0.002445077448,0.003566206626,True
Big Trouble,2,1,0.002445077448,0.003566206626,True
Big Tymers Featuring R. Kelly,2,1,0.002445077448,0.003566206626,True
Bill Amesbury,2,1,0.002445077448,0.003566206626,True
Bill Brandon,2,1,0.002445077448,0.003566206626,True
Bill LaBounty,2,1,0.002445077448,0.003566206626,True
Billie Jo Spears,2,2,0.002445077448,0.007132413252,True
Billy Abbott And The Jewels,2,1,0.002445077448,0.003566206626,True
Billy Graves,2,1,0.002445077448,0.003566206626,True
Billy Rankin,2,1,0.002445077448,0.003566206626,True
Billy Satellite,2,2,0.002445077448,0.007132413252,True
Billy Vera,2,1,0.002445077448,0.003566206626,True
Billy Williams,2,1,0.002445077448,0.003566206626,True
Bingo Boys,2,1,0.002445077448,0.003566206626,True
Bizarrap & Peso Pluma,2,1,0.002445077448,0.003566206626,True
Bjork,2,2,0.002445077448,0.007132413252,True
Blackjack,2,1,0.002445077448,0.003566206626,True
Blaine Larsen,2,1,0.002445077448,0.003566206626,True
Blake Whiten,2,1,0.002445077448,0.003566206626,True
Blue Mink,2,1,0.002445077448,0.003566206626,True
Blue Zone U.K.,2,1,0.002445077448,0.003566206626,True
Bob Braun,2,1,0.002445077448,0.003566206626,True
Bob McFadden And Dor,2,1,0.002445077448,0.003566206626,True
Bobby Brackins Featuring Ray J,2,1,0.002445077448,0.003566206626,True
Bobby Marchan,2,1,0.002445077448,0.003566206626,True
Bobby Peterson Quintet,2,1,0.002445077448,0.003566206626,True
Bobby Powell,2,2,0.002445077448,0.007132413252,True
Bobby Vee With The Eligibles,2,1,0.002445077448,0.003566206626,True
Bonnie & The Treasures,2,1,0.002445077448,0.003566206626,True
Bonnie Boyer,2,1,0.002445077448,0.003566206626,True
Boots Brown And His Blockbusters,2,1,0.002445077448,0.003566206626,True
Boots Randolph,2,2,0.002445077448,0.007132413252,True
Boots Randolph and his Combo,2,1,0.002445077448,0.003566206626,True
Bow Wow Featuring Jagged Edge,2,1,0.002445077448,0.003566206626,True
Bow Wow Featuring Johnta Austin,2,1,0.002445077448,0.003566206626,True
Bram Tchaikovsky,2,1,0.002445077448,0.003566206626,True
Brandon,2,1,0.002445077448,0.003566206626,True
Brian McComas,2,1,0.002445077448,0.003566206626,True
Brian McKnight Featuring Tone & Kobe Bryant,2,1,0.002445077448,0.003566206626,True
Brian Protheroe,2,1,0.002445077448,0.003566206626,True
Brian Wilson,2,1,0.002445077448,0.003566206626,True
Britney Spears & Iggy Azalea,2,1,0.002445077448,0.003566206626,True
Britney Spears Featuring G-Eazy,2,1,0.002445077448,0.003566206626,True
BrockHampton,2,1,0.002445077448,0.003566206626,True
Brooks & Dunn With Sheryl Crow & Vince Gill,2,1,0.002445077448,0.003566206626,True
Brooks O'Dell,2,1,0.002445077448,0.003566206626,True
Brotherhood Of Man,2,1,0.002445077448,0.003566206626,True
Bryce Vine Featuring YG,2,1,0.002445077448,0.003566206626,True
Bud & Travis,2,1,0.002445077448,0.003566206626,True
Bud Shank,2,1,0.002445077448,0.003566206626,True
Buddy Miles & The Freedom Express,2,1,0.002445077448,0.003566206626,True
Buffy,2,1,0.002445077448,0.003566206626,True
Byron MacGregor,2,1,0.002445077448,0.003566206626,True
C-Side Featuring Keyshia Cole,2,1,0.002445077448,0.003566206626,True
CHRYSTAL,2,1,0.002445077448,0.003566206626,True
Caesars,2,1,0.002445077448,0.003566206626,True
Cal Smith,2,1,0.002445077448,0.003566206626,True
Calvin Arnold,2,1,0.002445077448,0.003566206626,True
Calvin Harris & Sam Smith,2,1,0.002445077448,0.003566206626,True
Candi,2,1,0.002445077448,0.003566206626,True
Candy & The Kisses,2,1,0.002445077448,0.003566206626,True
Cardi B Featuring Migos,2,1,0.002445077448,0.003566206626,True
Carl Smith,2,1,0.002445077448,0.003566206626,True
Carlo Savina,2,1,0.002445077448,0.003566206626,True
Carol Lynn Townes,2,1,0.002445077448,0.003566206626,True
Carrie,2,1,0.002445077448,0.003566206626,True
Carroll O'Connor And Jean Stapleton (As The Bunkers),2,1,0.002445077448,0.003566206626,True
Cartouche,2,1,0.002445077448,0.003566206626,True
Casey James,2,1,0.002445077448,0.003566206626,True
Casey Kelly,2,1,0.002445077448,0.003566206626,True
Cassidy Featuring Mashonda,2,1,0.002445077448,0.003566206626,True
Cat Mother & the All Night News Boys,2,1,0.002445077448,0.003566206626,True
Cee Farrow,2,1,0.002445077448,0.003566206626,True
Chambers Brothers,2,2,0.002445077448,0.007132413252,True
Chance The Rapper Featuring MadeinTYO & DaBaby,2,1,0.002445077448,0.003566206626,True
Changing Faces (Featuring Jay-Z),2,1,0.002445077448,0.003566206626,True
Channel Live,2,1,0.002445077448,0.003566206626,True
Charles Wolcott,2,1,0.002445077448,0.003566206626,True
Charlie Blackwell,2,1,0.002445077448,0.003566206626,True
Charlie Kulis,2,1,0.002445077448,0.003566206626,True
Charlie Puth Featuring Kehlani,2,1,0.002445077448,0.003566206626,True
Charlie Russo,2,1,0.002445077448,0.003566206626,True
Chef Raekwon,2,1,0.002445077448,0.003566206626,True
Cherelle,2,1,0.002445077448,0.003566206626,True
Cheryl Barnes/Hair Soundtrack,2,1,0.002445077448,0.003566206626,True
Chingy Featuring Jermaine Dupri,2,1,0.002445077448,0.003566206626,True
Chris Bartley,2,1,0.002445077448,0.003566206626,True
Chris Crosby,2,1,0.002445077448,0.003566206626,True
Chris Cuevas,2,1,0.002445077448,0.003566206626,True
Chris Lane Featuring Tori Kelly,2,1,0.002445077448,0.003566206626,True
Chris Young With Mitchell Tenpenny,2,1,0.002445077448,0.003566206626,True
Chuck Brown & The Soul Searchers,2,1,0.002445077448,0.003566206626,True
Chuck Willis,2,2,0.002445077448,0.007132413252,True
Chucklebutt,2,1,0.002445077448,0.003566206626,True
Cindy Bullens,2,2,0.002445077448,0.007132413252,True
Clarence Reid,2,1,0.002445077448,0.003566206626,True
Clean Living,2,1,0.002445077448,0.003566206626,True
Clefs Of Lavender Hill,2,1,0.002445077448,0.003566206626,True
Climax featuring Sonny Geraci,2,1,0.002445077448,0.003566206626,True
Clint Black With Wynonna,2,1,0.002445077448,0.003566206626,True
Clocks,2,1,0.002445077448,0.003566206626,True
Clubland,2,1,0.002445077448,0.003566206626,True
Cobra Starship,2,1,0.002445077448,0.003566206626,True
Cold Blood,2,1,0.002445077448,0.003566206626,True
Coldplay Featuring Rihanna,2,1,0.002445077448,0.003566206626,True
Coldplay With Jay-Z,2,1,0.002445077448,0.003566206626,True
Colourhaus,2,1,0.002445077448,0.003566206626,True
Conductor,2,1,0.002445077448,0.003566206626,True
Conway Twitty & Loretta Lynn,2,1,0.002445077448,0.003566206626,True
Conway Twitty with Joni Lee,2,1,0.002445077448,0.003566206626,True
Coo Coo Cal,2,1,0.002445077448,0.003566206626,True
Corey Kent & Koe Wetzel,2,1,0.002445077448,0.003566206626,True
Coro,2,1,0.002445077448,0.003566206626,True
"Cotton, Lloyd & Christian",2,1,0.002445077448,0.003566206626,True
Count Basie,2,1,0.002445077448,0.003566206626,True
Country Joe McDonald,2,1,0.002445077448,0.003566206626,True
Cozy Powell,2,1,0.002445077448,0.003566206626,True
Crawler,2,1,0.002445077448,0.003566206626,True
Crazy Elephant,2,1,0.002445077448,0.003566206626,True
Crazy Frog,2,1,0.002445077448,0.003566206626,True
Creedence Clearwater Revival Featuring John Fogerty,2,1,0.002445077448,0.003566206626,True
Curiosity Killed The Cat,2,1,0.002445077448,0.003566206626,True
Cymande,2,1,0.002445077448,0.003566206626,True
Cyndi Grecco,2,1,0.002445077448,0.003566206626,True
Cynthia Erivo Featuring Ariana Grande,2,1,0.002445077448,0.003566206626,True
D'zyre,2,1,0.002445077448,0.003566206626,True
D-Mob With Cathy Dennis,2,1,0.002445077448,0.003566206626,True
DDG,2,1,0.002445077448,0.003566206626,True
"DJ Drama Featuring 2 Chainz, Meek Mill & Jeremih",2,1,0.002445077448,0.003566206626,True
"DJ Khaled Featuring JAY Z, Future & B",2,1,0.002445077448,0.003566206626,True
DJ Khaled Featuring SZA,2,1,0.002445077448,0.003566206626,True
Da Youngsta's,2,1,0.002445077448,0.003566206626,True
DaBaby Featuring Young Thug,2,1,0.002445077448,0.003566206626,True
Daddy Yankee Featuring Fergie,2,1,0.002445077448,0.003566206626,True
Dan Reed Network,2,1,0.002445077448,0.003566206626,True
Dana Valery,2,2,0.002445077448,0.007132413252,True
Danny Holien,2,1,0.002445077448,0.003566206626,True
Danny Zella and his Zell Rocks,2,1,0.002445077448,0.003566206626,True
Danyel Gerard,2,1,0.002445077448,0.003566206626,True
Dareyes de La Sierra,2,1,0.002445077448,0.003566206626,True
Darude,2,1,0.002445077448,0.003566206626,True
Daryl Braithwaite,2,1,0.002445077448,0.003566206626,True
Daryle Singletary,2,1,0.002445077448,0.003566206626,True
Dave & Ansil Collins,2,1,0.002445077448,0.003566206626,True
Dave Dudley,2,1,0.002445077448,0.003566206626,True
Dave Stewart and Barbara Gaskin,2,1,0.002445077448,0.003566206626,True
David & Jimmy Ruffin,2,1,0.002445077448,0.003566206626,True
David & Jonathan,2,1,0.002445077448,0.003566206626,True
David Bellamy,2,1,0.002445077448,0.003566206626,True
David Bowie/Pat Metheny Group,2,1,0.002445077448,0.003566206626,True
David Carroll And His Orchestra,2,1,0.002445077448,0.003566206626,True
David Castle,2,1,0.002445077448,0.003566206626,True
David Foster And Olivia Newton-John,2,1,0.002445077448,0.003566206626,True
David Guetta Featuring Justin Bieber,2,1,0.002445077448,0.003566206626,True
David Guetta Featuring Ne-Yo & Akon,2,1,0.002445077448,0.003566206626,True
David Guetta Featuring Rihanna,2,1,0.002445077448,0.003566206626,True
David Guetta Featuring Sia & Fetty Wap,2,1,0.002445077448,0.003566206626,True
"David Guetta, Alphaville & Ava Max",2,1,0.002445077448,0.003566206626,True
David Hill,2,2,0.002445077448,0.007132413252,True
David Lasley,2,1,0.002445077448,0.003566206626,True
Davy Jones,2,1,0.002445077448,0.003566206626,True
Dayton,2,1,0.002445077448,0.003566206626,True
Debbie Taylor,2,1,0.002445077448,0.003566206626,True
Dee Jay And The Runaways,2,1,0.002445077448,0.003566206626,True
Deep Forest,2,1,0.002445077448,0.003566206626,True
Delegation,2,1,0.002445077448,0.003566206626,True
Deliverance,2,1,0.002445077448,0.003566206626,True
Demis Roussos,2,1,0.002445077448,0.003566206626,True
Dennis Edwards,2,1,0.002445077448,0.003566206626,True
Derek Martin,2,1,0.002445077448,0.003566206626,True
Desmond Dekker And The Aces,2,1,0.002445077448,0.003566206626,True
Devone,2,1,0.002445077448,0.003566206626,True
Diana Ross & Michael Jackson,2,1,0.002445077448,0.003566206626,True
"Diana Ross, Marvin Gaye, Smokey Robinson & Stevie Wonder",2,1,0.002445077448,0.003566206626,True
Diane Ray,2,1,0.002445077448,0.003566206626,True
Dick Flood,2,1,0.002445077448,0.003566206626,True
Dick Hyman & His Electric Eclectics,2,1,0.002445077448,0.003566206626,True
Diddy & Bryson Tiller,2,1,0.002445077448,0.003566206626,True
Diggy Featuring Jeremih,2,1,0.002445077448,0.003566206626,True
Dilated Peoples Featuring Kanye West,2,1,0.002445077448,0.003566206626,True
Dillon Francis & DJ Snake,2,1,0.002445077448,0.003566206626,True
Dion (Di Muci),2,1,0.002445077448,0.003566206626,True
Dionne & Kashif,2,1,0.002445077448,0.003566206626,True
Dionne Warwicke,2,2,0.002445077448,0.007132413252,True
Disney's Friends For Change,2,1,0.002445077448,0.003566206626,True
Doctor And The Medics,2,1,0.002445077448,0.003566206626,True
Doctor Dre & Ed Lover,2,1,0.002445077448,0.003566206626,True
Dollar,2,1,0.002445077448,0.003566206626,True
Don Goodwin,2,1,0.002445077448,0.003566206626,True
Don Toliver Featuring Justin Bieber & Future,2,1,0.002445077448,0.003566206626,True
Don Toliver Featuring Rema,2,1,0.002445077448,0.003566206626,True
Don Toliver Featuring Travis Scott,2,2,0.002445077448,0.007132413252,True
Donald Byrd,2,1,0.002445077448,0.003566206626,True
Donald Jenkins & The Delighters,2,1,0.002445077448,0.003566206626,True
Donny Gerrard,2,1,0.002445077448,0.003566206626,True
Donny Hathaway And June Conquest,2,1,0.002445077448,0.003566206626,True
Double Exposure,2,1,0.002445077448,0.003566206626,True
Doucette,2,1,0.002445077448,0.003566206626,True
Doug Stone,2,1,0.002445077448,0.003566206626,True
"Dove Cameron, Cameron Boyce, Booboo Stewart & Sofia Carson",2,1,0.002445077448,0.003566206626,True
Dr. Feelgood And The Interns,2,1,0.002445077448,0.003566206626,True
Dr. West's Medicine Show and Junk Band,2,1,0.002445077448,0.003566206626,True
Drake Featuring Lil Durk & Giveon,2,1,0.002445077448,0.003566206626,True
Drake Featuring Loe Shimmy,2,1,0.002445077448,0.003566206626,True
Dreamlovers,2,1,0.002445077448,0.003566206626,True
Duals,2,1,0.002445077448,0.003566206626,True
Dukays,2,1,0.002445077448,0.003566206626,True
Duke Baxter,2,1,0.002445077448,0.003566206626,True
E.C. Beatty,2,1,0.002445077448,0.003566206626,True
Earl-Jean,2,1,0.002445077448,0.003566206626,True
East Coast Family,2,1,0.002445077448,0.003566206626,True
Ed Sheeran Featuring Chance The Rapper & PnB Rock,2,1,0.002445077448,0.003566206626,True
Ed Townsend,2,1,0.002445077448,0.003566206626,True
Edd Byrnes and Friend,2,1,0.002445077448,0.003566206626,True
Eddie Bo,2,1,0.002445077448,0.003566206626,True
Eddie Rambeau,2,1,0.002445077448,0.003566206626,True
Eddie and Betty,2,1,0.002445077448,0.003566206626,True
Edens Edge,2,1,0.002445077448,0.003566206626,True
Edgar Winter,2,1,0.002445077448,0.003566206626,True
Edie Brickell,2,1,0.002445077448,0.003566206626,True
Edwyn Collins,2,1,0.002445077448,0.003566206626,True
Eight Seconds,2,1,0.002445077448,0.003566206626,True
Eloise Laws,2,2,0.002445077448,0.007132413252,True
Elton Anderson With Sid Lawrence Combo,2,1,0.002445077448,0.003566206626,True
Elton John & LeAnn Rimes,2,1,0.002445077448,0.003566206626,True
Elusion,2,1,0.002445077448,0.003566206626,True
Elvin Bishop Featuring Mickey Thomas,2,1,0.002445077448,0.003566206626,True
Elvis Costello & The Atrractions,2,1,0.002445077448,0.003566206626,True
Elvis Presley With The Jordanaires and The Imperials Quartet,2,1,0.002445077448,0.003566206626,True
"Elvis Presley With The Jordanaires, Jubilee Four & Carol Lombard Trio",2,1,0.002445077448,0.003566206626,True
Elvis Presley With The Jubilee Four And Carole Lombard Quartet,2,1,0.002445077448,0.003566206626,True
Elvis Presley vs JXL,2,1,0.002445077448,0.003566206626,True
"Emerson, Lake & Powell",2,1,0.002445077448,0.003566206626,True
Eminem & JID,2,1,0.002445077448,0.003566206626,True
Eminem & White Gold,2,2,0.002445077448,0.007132413252,True
Eminem Featuring Ed Sheeran,2,1,0.002445077448,0.003566206626,True
"Eminem, 50 Cent, Lloyd Banks & Ca$his",2,1,0.002445077448,0.003566206626,True
Emitt Rhodes,2,1,0.002445077448,0.003566206626,True
En Vogue Featuring FMOB,2,1,0.002445077448,0.003566206626,True
Enrique Iglesias Feat. Wisin or Tinashe & Javada,2,1,0.002445077448,0.003566206626,True
"Enrique Iglesias Featuring Descemer Bueno, Zion & Lennox Or Sean Paul",2,1,0.002445077448,0.003566206626,True
Entouch Featuring Keith Sweat,2,1,0.002445077448,0.003566206626,True
Ephraim Lewis,2,1,0.002445077448,0.003566206626,True
Erin Cruise,2,1,0.002445077448,0.003566206626,True
Ernie (Jim Henson),2,1,0.002445077448,0.003566206626,True
Ernie Fields,2,1,0.002445077448,0.003566206626,True
Ernie Freeman,2,1,0.002445077448,0.003566206626,True
Errol Sober,2,1,0.002445077448,0.003566206626,True
Erykah Badu Featuring Rahzel,2,1,0.002445077448,0.003566206626,True
Esther & Abi Ofarim,2,1,0.002445077448,0.003566206626,True
Euclid Beach Band,2,1,0.002445077448,0.003566206626,True
Evelyn Thomas,2,1,0.002445077448,0.003566206626,True
Ex-Girlfriend,2,1,0.002445077448,0.003566206626,True
F.R. David,2,1,0.002445077448,0.003566206626,True
FLETCHER,2,1,0.002445077448,0.003566206626,True
Fabolous Featuring Mike Shorey,2,1,0.002445077448,0.003566206626,True
Facts Of Life,2,1,0.002445077448,0.003566206626,True
Fantasy,2,1,0.002445077448,0.003566206626,True
Fat Joe Featuring Chris Brown,2,1,0.002445077448,0.003566206626,True
Fat Joe Featuring Ginuwine,2,1,0.002445077448,0.003566206626,True
Fat Joe Featuring Tony Sunshine & Armageddon,2,1,0.002445077448,0.003566206626,True
Feather,2,1,0.002445077448,0.003566206626,True
Felix Cavaliere,2,1,0.002445077448,0.003566206626,True
Felix Slatkin Orchestra and Chorus,2,1,0.002445077448,0.003566206626,True
Fern Kinney,2,1,0.002445077448,0.003566206626,True
Ferras,2,1,0.002445077448,0.003566206626,True
Festival,2,1,0.002445077448,0.003566206626,True
Fifth Harmony Featuring Gucci Mane,2,1,0.002445077448,0.003566206626,True
Fiona,2,1,0.002445077448,0.003566206626,True
Firefly,2,1,0.002445077448,0.003566206626,True
Five Special,2,1,0.002445077448,0.003566206626,True
Flo Rida & 99 Percent,2,1,0.002445077448,0.003566206626,True
Flo Rida Featuring Timbaland,2,1,0.002445077448,0.003566206626,True
Florraine Darlin,2,1,0.002445077448,0.003566206626,True
Fools Gold,2,1,0.002445077448,0.003566206626,True
Fort Minor Featuring Styles Of Beyond,2,1,0.002445077448,0.003566206626,True
Fortune,2,1,0.002445077448,0.003566206626,True
Fox,2,1,0.002445077448,0.003566206626,True
Foxy Brown,2,1,0.002445077448,0.003566206626,True
Frank Chacksfield And His Orch.,2,1,0.002445077448,0.003566206626,True
Frank Gallop,2,1,0.002445077448,0.003566206626,True
Frank Slay And His Orchestra,2,1,0.002445077448,0.003566206626,True
Frankee,2,1,0.002445077448,0.003566206626,True
Fred Darian,2,2,0.002445077448,0.007132413252,True
Fred Parris & The Five Satins,2,1,0.002445077448,0.003566206626,True
Fred Wesley & The J.B.'s,2,1,0.002445077448,0.003566206626,True
Freddie North,2,1,0.002445077448,0.003566206626,True
Freddy Robinson,2,1,0.002445077448,0.003566206626,True
Free Movement,2,1,0.002445077448,0.003566206626,True
Frenship & Emily Warren,2,1,0.002445077448,0.003566206626,True
Frozen Ghost,2,1,0.002445077448,0.003566206626,True
Fruit De La Passion,2,1,0.002445077448,0.003566206626,True
Fuerza Regida & Peso Pluma,2,1,0.002445077448,0.003566206626,True
Fuerza Regida X Natanael Cano,2,1,0.002445077448,0.003566206626,True
Funky Communication Committee,2,1,0.002445077448,0.003566206626,True
Funky Kings,2,1,0.002445077448,0.003566206626,True
Future Featuring Lil Wayne,2,1,0.002445077448,0.003566206626,True
Future Featuring Rihanna,2,1,0.002445077448,0.003566206626,True
Future Featuring T.I.,2,1,0.002445077448,0.003566206626,True
"Future, Metro Boomin & Travis Scott",2,1,0.002445077448,0.003566206626,True
G-Eazy Featuring Yo Gotti & YBN Nahmir,2,1,0.002445077448,0.003566206626,True
G-Wiz,2,1,0.002445077448,0.003566206626,True
Gabriel And The Angels,2,1,0.002445077448,0.003566206626,True
Galantis,2,1,0.002445077448,0.003566206626,True
"Game Featuring Chris Brown, Tyga, Wiz Khalifa & Lil Wayne",2,1,0.002445077448,0.003566206626,True
Gamma,2,2,0.002445077448,0.007132413252,True
Garland Green,2,1,0.002445077448,0.003566206626,True
Garland Jeffreys,2,1,0.002445077448,0.003566206626,True
Garth Brooks as Chris Gaines,2,1,0.002445077448,0.003566206626,True
Gary Burbank With Band McNally,2,1,0.002445077448,0.003566206626,True
Gary Puckett,2,2,0.002445077448,0.007132413252,True
Gary Tanner,2,1,0.002445077448,0.003566206626,True
Gary's Gang,2,1,0.002445077448,0.003566206626,True
Gene Chandler & Barbara Acklin,2,1,0.002445077448,0.003566206626,True
Gene Loves Jezebel,2,1,0.002445077448,0.003566206626,True
Genius/GZA,2,1,0.002445077448,0.003566206626,True
Geoffrey Williams,2,1,0.002445077448,0.003566206626,True
George Birge,2,2,0.002445077448,0.007132413252,True
George Burns,2,1,0.002445077448,0.003566206626,True
George Jones,2,2,0.002445077448,0.007132413252,True
George Martin And His Orch.,2,1,0.002445077448,0.003566206626,True
George Michael & Queen,2,1,0.002445077448,0.003566206626,True
George Thorogood & The Destroyers,2,1,0.002445077448,0.003566206626,True
Georgie Young,2,1,0.002445077448,0.003566206626,True
"Gerald Levert & Eddie Levert, Sr.",2,1,0.002445077448,0.003566206626,True
Gesaffelstein & The Weeknd,2,1,0.002445077448,0.003566206626,True
Get Wet,2,1,0.002445077448,0.003566206626,True
Ghostface Killah Featuring Ne-Yo,2,1,0.002445077448,0.003566206626,True
Gigi D'Agostino,2,1,0.002445077448,0.003566206626,True
Glass Moon,2,1,0.002445077448,0.003566206626,True
Glee Cast Featuring Ricky Martin,2,2,0.002445077448,0.007132413252,True
Glen Burtnick,2,1,0.002445077448,0.003566206626,True
Glen Campbell & Bobbie Gentry,2,1,0.002445077448,0.003566206626,True
Glen Campbell & Rita Coolidge,2,1,0.002445077448,0.003566206626,True
Glenn Shorrock,2,1,0.002445077448,0.003566206626,True
GloRilla & T-Pain,2,1,0.002445077448,0.003566206626,True
Gloria Taylor,2,1,0.002445077448,0.003566206626,True
Glorilla,2,1,0.002445077448,0.003566206626,True
Goddess,2,1,0.002445077448,0.003566206626,True
Gonzalez,2,1,0.002445077448,0.003566206626,True
Good Charlotte Featuring M. Shadows And Synyster Gates,2,1,0.002445077448,0.003566206626,True
Good Neighbours,2,1,0.002445077448,0.003566206626,True
Goodfellaz,2,1,0.002445077448,0.003566206626,True
Gordon Sinclair,2,1,0.002445077448,0.003566206626,True
Gorky Park,2,1,0.002445077448,0.003566206626,True
Graham Nash & David Crosby,2,1,0.002445077448,0.003566206626,True
Graham Parker & The Shot,2,1,0.002445077448,0.003566206626,True
Graham Parker And The Rumour,2,1,0.002445077448,0.003566206626,True
Grandmaster Flash,2,1,0.002445077448,0.003566206626,True
Grandmaster Slice,2,1,0.002445077448,0.003566206626,True
Grayson Hugh & Betty Wright,2,1,0.002445077448,0.003566206626,True
Gunna Featuring Offset,2,1,0.002445077448,0.003566206626,True
Guys Next Door,2,1,0.002445077448,0.003566206626,True
Happy Mondays,2,1,0.002445077448,0.003566206626,True
Harold Betters,2,1,0.002445077448,0.003566206626,True
Hawks,2,1,0.002445077448,0.003566206626,True
Hedgehoppers Anonymous,2,1,0.002445077448,0.003566206626,True
Hello People,2,1,0.002445077448,0.003566206626,True
Henry Paul Band,2,1,0.002445077448,0.003566206626,True
Herman Brood,2,1,0.002445077448,0.003566206626,True
Hi Tek 3 Featuring Ya Kid K,2,1,0.002445077448,0.003566206626,True
High Valley,2,1,0.002445077448,0.003566206626,True
Hit Masters,2,1,0.002445077448,0.003566206626,True
Holly Knight,2,1,0.002445077448,0.003566206626,True
Homer And Jethro,2,1,0.002445077448,0.003566206626,True
Hotel Ugly,2,1,0.002445077448,0.003566206626,True
Hotlegs,2,1,0.002445077448,0.003566206626,True
Howard Hewett,2,1,0.002445077448,0.003566206626,True
Huey Smith,2,1,0.002445077448,0.003566206626,True
Hunter Hayes Featuring Jason Mraz,2,1,0.002445077448,0.003566206626,True
Hurricane Chris Featuring SupaSTAAR,2,1,0.002445077448,0.003566206626,True
I To I,2,1,0.002445077448,0.003566206626,True
Ian Gomm,2,1,0.002445077448,0.003566206626,True
Ian Lloyd,2,1,0.002445077448,0.003566206626,True
Ian Lloyd & Stories,2,1,0.002445077448,0.003566206626,True
Ian Van Dahl Featuring Marsha,2,1,0.002445077448,0.003566206626,True
Ice Cube Featuring Mack 10 & Ms. Toi,2,1,0.002445077448,0.003566206626,True
Indigo Girls,2,1,0.002445077448,0.003566206626,True
Industry,2,1,0.002445077448,0.003566206626,True
Ivan Cornejo,2,2,0.002445077448,0.007132413252,True
Iyaz Featuring Travie McCoy,2,1,0.002445077448,0.003566206626,True
J-Kwon Featuring Sadiyyah,2,1,0.002445077448,0.003566206626,True
J. Cole & Bas,2,2,0.002445077448,0.007132413252,True
J. Cole & Lil Baby,2,1,0.002445077448,0.003566206626,True
J. Cole Featuring Amber Coffman & The Cults,2,1,0.002445077448,0.003566206626,True
J.D. Drews,2,1,0.002445077448,0.003566206626,True
JC Chasez Featuring Dirt McGirt,2,1,0.002445077448,0.003566206626,True
Jack Greene,2,1,0.002445077448,0.003566206626,True
Jack Laforge His Piano and Orchestra,2,1,0.002445077448,0.003566206626,True
Jackie Wilson & Linda Hopkins,2,1,0.002445077448,0.003566206626,True
Jacky Noguez And His Orchestra,2,2,0.002445077448,0.007132413252,True
Jacquees X DeJ Loaf,2,1,0.002445077448,0.003566206626,True
Jadakiss Featuring Nate Dogg,2,1,0.002445077448,0.003566206626,True
Jagged Edge Featuring Da Brat & JD,2,1,0.002445077448,0.003566206626,True
Jake Holmes,2,1,0.002445077448,0.003566206626,True
James Booker,2,1,0.002445077448,0.003566206626,True
James Brown And His Orchestra,2,1,0.002445077448,0.003566206626,True
James Brown At The Organ,2,1,0.002445077448,0.003566206626,True
James Brown-Lyn Collins,2,1,0.002445077448,0.003566206626,True
James Walsh Gypsy Band,2,1,0.002445077448,0.003566206626,True
Jamiroquai,2,1,0.002445077448,0.003566206626,True
Jane's Addiction,2,1,0.002445077448,0.003566206626,True
Janice Harper,2,2,0.002445077448,0.007132413252,True
Jay Z Featuring Rick Ross,2,1,0.002445077448,0.003566206626,True
Jay-Z Featuring Beanie Sigel & Amil,2,1,0.002445077448,0.003566206626,True
Jay-Z Featuring Chrisette Michele,2,1,0.002445077448,0.003566206626,True
Jay-Z Featuring R. Kelly,2,1,0.002445077448,0.003566206626,True
Jean Beauvoir,2,1,0.002445077448,0.003566206626,True
Jeannie Seely,2,1,0.002445077448,0.003566206626,True
Jeff Beck & Rod Stewart,2,1,0.002445077448,0.003566206626,True
Jeff Foxworthy,2,1,0.002445077448,0.003566206626,True
Jellyfish,2,1,0.002445077448,0.003566206626,True
Jennell Hawkins,2,1,0.002445077448,0.003566206626,True
Jennifer Hanson,2,1,0.002445077448,0.003566206626,True
Jennifer Lopez Featuring Fat Joe,2,1,0.002445077448,0.003566206626,True
Jennifer Love Hewitt,2,1,0.002445077448,0.003566206626,True
Jenny Burton,2,1,0.002445077448,0.003566206626,True
Jermaine Dupri Featuring Nate Dogg,2,1,0.002445077448,0.003566206626,True
Jermaine Jackson & Pia Zadora,2,1,0.002445077448,0.003566206626,True
Jerry Byrd,2,1,0.002445077448,0.003566206626,True
Jerry Jaye,2,1,0.002445077448,0.003566206626,True
Jerry Jeff Walker,2,2,0.002445077448,0.007132413252,True
Jerry Lee Lewis And His Pumping Piano,2,2,0.002445077448,0.007132413252,True
Jerry Murad's Harmonicats,2,1,0.002445077448,0.003566206626,True
Jerry Reed And The Hully Girlies,2,1,0.002445077448,0.003566206626,True
Jerryo,2,1,0.002445077448,0.003566206626,True
Jess Glynne,2,1,0.002445077448,0.003566206626,True
Jesse Johnson,2,1,0.002445077448,0.003566206626,True
Jesse Lee Turner,2,1,0.002445077448,0.003566206626,True
Jim Ed Brown,2,1,0.002445077448,0.003566206626,True
Jimmy Barnes,2,1,0.002445077448,0.003566206626,True
Jimmy Durante,2,1,0.002445077448,0.003566206626,True
Jimmy Holiday,2,1,0.002445077448,0.003566206626,True
Jimmy James & The Vagabonds,2,2,0.002445077448,0.007132413252,True
Jimmy Norman,2,1,0.002445077448,0.003566206626,True
Jimmy Ryser,2,1,0.002445077448,0.003566206626,True
Joan Armatrading,2,1,0.002445077448,0.003566206626,True
Jocelyn Brown,2,1,0.002445077448,0.003566206626,True
Jody Reynolds,2,2,0.002445077448,0.007132413252,True
Joe Damiano,2,1,0.002445077448,0.003566206626,True
Joe Perkins,2,1,0.002445077448,0.003566206626,True
Joe Sun,2,1,0.002445077448,0.003566206626,True
Joe Turner,2,1,0.002445077448,0.003566206626,True
Joey B. Ellis & Tynetta Hare,2,1,0.002445077448,0.003566206626,True
Joey Dee,2,2,0.002445077448,0.007132413252,True
Joey Kid,2,1,0.002445077448,0.003566206626,True
John & Ernest,2,1,0.002445077448,0.003566206626,True
John Baldry,2,1,0.002445077448,0.003566206626,True
John Dawson Read,2,1,0.002445077448,0.003566206626,True
John Eddie,2,1,0.002445077448,0.003566206626,True
John Farnham,2,1,0.002445077448,0.003566206626,True
John Kay,2,1,0.002445077448,0.003566206626,True
John Legend Featuring Ludacris,2,1,0.002445077448,0.003566206626,True
John Lennon/Plastic Ono Band,2,1,0.002445077448,0.003566206626,True
John Morgan,2,1,0.002445077448,0.003566206626,True
John Rich,2,1,0.002445077448,0.003566206626,True
John Taylor,2,1,0.002445077448,0.003566206626,True
John Valenti,2,1,0.002445077448,0.003566206626,True
"John Wesley Ryles, I",2,1,0.002445077448,0.003566206626,True
"John Williams/""Jaws"" Soundtrack",2,1,0.002445077448,0.003566206626,True
Johnnie Morisette,2,1,0.002445077448,0.003566206626,True
Johnny Cash & June Carter,2,1,0.002445077448,0.003566206626,True
Johnny Maestro The Voice Of The Crests,2,1,0.002445077448,0.003566206626,True
Johnny Mathis & Deniece Williams,2,1,0.002445077448,0.003566206626,True
Johnny O,2,1,0.002445077448,0.003566206626,True
"Joiner, Arkansas Junior High School Band",2,1,0.002445077448,0.003566206626,True
Jon Thomas and Orchestra,2,1,0.002445077448,0.003566206626,True
Jonas Brothers Featuring Karol G,2,1,0.002445077448,0.003566206626,True
Jonathan Cain,2,1,0.002445077448,0.003566206626,True
Jordan Pruitt,2,2,0.002445077448,0.007132413252,True
Jordan Smith,2,2,0.002445077448,0.007132413252,True
Jordy,2,1,0.002445077448,0.003566206626,True
Jose Jimenez,2,1,0.002445077448,0.003566206626,True
Josh Thompson,2,1,0.002445077448,0.003566206626,True
Joy Of Cooking,2,1,0.002445077448,0.003566206626,True
"Joyce ""Fenderella"" Irby",2,1,0.002445077448,0.003566206626,True
Judy Clay & William Bell,2,1,0.002445077448,0.003566206626,True
Juice WRLD & Marshmello Featuring Polo G & The Kid LAROI,2,1,0.002445077448,0.003566206626,True
Juice WRLD & Young Thug,2,1,0.002445077448,0.003566206626,True
Juice WRLD Featuring Lil Uzi Vert,2,1,0.002445077448,0.003566206626,True
Juicy J Featuring Big Sean & Young Jeezy,2,1,0.002445077448,0.003566206626,True
Juliana Hatfield,2,1,0.002445077448,0.003566206626,True
Julianne Hough,2,1,0.002445077448,0.003566206626,True
Jumpin' Gene Simmons,2,1,0.002445077448,0.003566206626,True
Jung Kook & Jack Harlow,2,1,0.002445077448,0.003566206626,True
Just Us,2,1,0.002445077448,0.003566206626,True
Justin Bieber + BloodPop,2,1,0.002445077448,0.003566206626,True
K'Naan,2,1,0.002445077448,0.003566206626,True
KALEO,2,1,0.002445077448,0.003566206626,True
Kali,2,1,0.002445077448,0.003566206626,True
Kaliii,2,1,0.002445077448,0.003566206626,True
Kameron Marlowe,2,1,0.002445077448,0.003566206626,True
Kane Brown With Jelly Roll,2,1,0.002445077448,0.003566206626,True
"Kanye West Featuring Jay-Z, Rick Ross, Bon Iver & Nicki Minaj",2,1,0.002445077448,0.003566206626,True
Kanye West Featuring Lupe Fiasco,2,1,0.002445077448,0.003566206626,True
Kanye West Featuring Paul McCartney,2,1,0.002445077448,0.003566206626,True
Kanye West Jay Z,2,1,0.002445077448,0.003566206626,True
Kaoma,2,1,0.002445077448,0.003566206626,True
Karol G With Bruno Mars,2,1,0.002445077448,0.003566206626,True
Karol G With Drake,2,1,0.002445077448,0.003566206626,True
Karol G With Judeline & rusowsky,2,1,0.002445077448,0.003566206626,True
Karol G x Maldy,2,1,0.002445077448,0.003566206626,True
Karol G x Romeo Santos,2,1,0.002445077448,0.003566206626,True
Kasenetz-Katz Singing Orchestral Circus,2,1,0.002445077448,0.003566206626,True
Katalina,2,1,0.002445077448,0.003566206626,True
Katfish,2,1,0.002445077448,0.003566206626,True
Katy Perry Featuring Nicki Minaj,2,1,0.002445077448,0.003566206626,True
Kehlani Featuring Ty Dolla $ign,2,1,0.002445077448,0.003566206626,True
Keith Barbour,2,1,0.002445077448,0.003566206626,True
Keith Colley,2,1,0.002445077448,0.003566206626,True
Keith Sweat (Featuring Ronald Isley),2,1,0.002445077448,0.003566206626,True
Kellee Patterson,2,1,0.002445077448,0.003566206626,True
Kelly Clarkson & Ariana Grande,2,1,0.002445077448,0.003566206626,True
Kelly Clarkson Featuring Vince Gill,2,1,0.002445077448,0.003566206626,True
"Kendrick Lamar Featuring Wallie the Sensei, Siete7x & Roddy Ricch",2,1,0.002445077448,0.003566206626,True
"Kendrick Lamar, Blxst & Amanda Reifer",2,1,0.002445077448,0.003566206626,True
Kenny Chesney & Tim McGraw,2,1,0.002445077448,0.003566206626,True
Kenny Dino,2,1,0.002445077448,0.003566206626,True
Kevin Gates Featuring August Alsina,2,1,0.002445077448,0.003566206626,True
Kevin Raleigh,2,1,0.002445077448,0.003566206626,True
Kevin Rudolf Featuring Rick Ross,2,1,0.002445077448,0.003566206626,True
Keyshia Cole Featuring Lil Wayne,2,1,0.002445077448,0.003566206626,True
Khalid Featuring A Boogie Wit da Hoodie,2,1,0.002445077448,0.003566206626,True
Khalid x Disclosure,2,1,0.002445077448,0.003566206626,True
Kiara (Duet With Shanice Wilson),2,1,0.002445077448,0.003566206626,True
Killer Mike Featuring Big Boi,2,1,0.002445077448,0.003566206626,True
Kim Mitchell,2,1,0.002445077448,0.003566206626,True
Kim Sanders,2,1,0.002445077448,0.003566206626,True
Kinsu,2,1,0.002445077448,0.003566206626,True
Kirby St. Romain,2,1,0.002445077448,0.003566206626,True
Klique,2,1,0.002445077448,0.003566206626,True
Ko Ko Taylor,2,1,0.002445077448,0.003566206626,True
Koe Wetzel,2,1,0.002445077448,0.003566206626,True
Koe Wetzel & Ella Langley,2,1,0.002445077448,0.003566206626,True
Kool G Rap,2,1,0.002445077448,0.003566206626,True
Korona,2,1,0.002445077448,0.003566206626,True
Kreayshawn,2,1,0.002445077448,0.003566206626,True
Kristy And Jimmy McNichol,2,1,0.002445077448,0.003566206626,True
Krokus,2,2,0.002445077448,0.007132413252,True
Kumbia Kings Featuring A.B. Quintanilla,2,1,0.002445077448,0.003566206626,True
Kurtis Blow,2,2,0.002445077448,0.007132413252,True
LL Cool J Featuring The-Dream,2,1,0.002445077448,0.003566206626,True
LaTanya Featuring Twista,2,1,0.002445077448,0.003566206626,True
LaTour,2,1,0.002445077448,0.003566206626,True
"Labrinth, Sia & Diplo Present... LSD",2,1,0.002445077448,0.003566206626,True
Lady Sovereign,2,1,0.002445077448,0.003566206626,True
Lakeside,2,1,0.002445077448,0.003566206626,True
Larry Carlton,2,1,0.002445077448,0.003566206626,True
Larry Elgart And His Manhattan Swing Orchestra,2,1,0.002445077448,0.003566206626,True
Larry Santos,2,1,0.002445077448,0.003566206626,True
Larry Williams & Johnny Watson,2,1,0.002445077448,0.003566206626,True
Las Ketchup,2,1,0.002445077448,0.003566206626,True
Latin Alliance Featuring War,2,1,0.002445077448,0.003566206626,True
Lauv & Troye Sivan,2,1,0.002445077448,0.003566206626,True
Lawrence Reynolds,2,1,0.002445077448,0.003566206626,True
Lay Bankz,2,1,0.002445077448,0.003566206626,True
LeToya Featuring Ludacris,2,1,0.002445077448,0.003566206626,True
Lee Garrett,2,1,0.002445077448,0.003566206626,True
Lee Oskar,2,1,0.002445077448,0.003566206626,True
Lefty Frizzell,2,1,0.002445077448,0.003566206626,True
Lenore O'malley,2,1,0.002445077448,0.003566206626,True
Leroy Pullins,2,1,0.002445077448,0.003566206626,True
Les Compagnons De La Chanson,2,1,0.002445077448,0.003566206626,True
Les Emmerson,2,1,0.002445077448,0.003566206626,True
Libianca,2,1,0.002445077448,0.003566206626,True
Lidell Townsell & M.T.F.,2,1,0.002445077448,0.003566206626,True
Lil Baby & Gunna Featuring Drake,2,1,0.002445077448,0.003566206626,True
Lil Baby Featuring EST Gee,2,1,0.002445077448,0.003566206626,True
Lil Bow Wow Featuring Jagged Edge,2,1,0.002445077448,0.003566206626,True
Lil Durk Featuring Lil Baby,2,1,0.002445077448,0.003566206626,True
Lil Mama Featuring Chris Brown & T-Pain,2,1,0.002445077448,0.003566206626,True
Lil Peep & iLoveMakonnen Featuring Fall Out Boy,2,1,0.002445077448,0.003566206626,True
Lil Skies,2,2,0.002445077448,0.007132413252,True
Lil Wayne Featuring Kendrick Lamar,2,1,0.002445077448,0.003566206626,True
Lil Yachty Featuring Migos,2,1,0.002445077448,0.003566206626,True
"Lil Yachty, Drake & DaBaby",2,1,0.002445077448,0.003566206626,True
Lil' Wayne Featuring Juvenile & B.G.,2,1,0.002445077448,0.003566206626,True
Limited Warranty,2,1,0.002445077448,0.003566206626,True
Limmie & Family Cookin',2,1,0.002445077448,0.003566206626,True
Limp Bizkit Featuring Method Man,2,1,0.002445077448,0.003566206626,True
Linda Laurie,2,1,0.002445077448,0.003566206626,True
Lindsay Lohan,2,1,0.002445077448,0.003566206626,True
Lisa Lisa And Cult Jam Featuring Full Force,2,1,0.002445077448,0.003566206626,True
Little Bill and The Bluenotes,2,1,0.002445077448,0.003566206626,True
Little Caesar,2,2,0.002445077448,0.007132413252,True
Little Caesar And The Consuls,2,1,0.002445077448,0.003566206626,True
Little Joey And The Flips,2,1,0.002445077448,0.003566206626,True
Little Junior Parker,2,1,0.002445077448,0.003566206626,True
Little Steven,2,1,0.002445077448,0.003566206626,True
Lizzo Featuring Cardi B,2,1,0.002445077448,0.003566206626,True
Logic,2,2,0.002445077448,0.007132413252,True
Lois Fletcher,2,1,0.002445077448,0.003566206626,True
Lonnie Donegan And His Skiffle Group,2,1,0.002445077448,0.003566206626,True
Lonnie Gordon,2,1,0.002445077448,0.003566206626,True
Lonnie Russ,2,1,0.002445077448,0.003566206626,True
Loose Ends,2,1,0.002445077448,0.003566206626,True
Lorraine Ellison,2,1,0.002445077448,0.003566206626,True
Los Dos de Tamaulipas,2,1,0.002445077448,0.003566206626,True
"Los Legendarios, Wisin & Jhay Cortez",2,1,0.002445077448,0.003566206626,True
Lou Courtney,2,1,0.002445077448,0.003566206626,True
Lou Monte,2,1,0.002445077448,0.003566206626,True
Loud Luxury Featuring Brando,2,1,0.002445077448,0.003566206626,True
Louis Tomlinson Featuring Bebe Rexha & Digital Farm Animals,2,1,0.002445077448,0.003566206626,True
Louise Goffin,2,1,0.002445077448,0.003566206626,True
Love And Money,2,1,0.002445077448,0.003566206626,True
Love Spit Love,2,1,0.002445077448,0.003566206626,True
Love Tribe,2,1,0.002445077448,0.003566206626,True
Lucille Starr,2,1,0.002445077448,0.003566206626,True
Ludacris Featuring Trey Songz,2,1,0.002445077448,0.003566206626,True
"Ludacris, LL Cool J & Keith Murray",2,1,0.002445077448,0.003566206626,True
Lulu with The Dixie Flyers,2,1,0.002445077448,0.003566206626,True
Lunar Funk,2,1,0.002445077448,0.003566206626,True
LunchMoney Lewis,2,1,0.002445077448,0.003566206626,True
Lysette,2,1,0.002445077448,0.003566206626,True
M + M,2,1,0.002445077448,0.003566206626,True
M.V.P. (Most Valuable Playas) Featuring Stagga Lee,2,1,0.002445077448,0.003566206626,True
MC Eiht,2,1,0.002445077448,0.003566206626,True
MC Nas-D & DJ Fred,2,2,0.002445077448,0.007132413252,True
MC Serch,2,1,0.002445077448,0.003566206626,True
MGMT,2,1,0.002445077448,0.003566206626,True
Mabel,2,1,0.002445077448,0.003566206626,True
Machine,2,1,0.002445077448,0.003566206626,True
Machine Gun Kelly Featuring Hailee Steinfeld,2,1,0.002445077448,0.003566206626,True
Mack Geiger,2,1,0.002445077448,0.003566206626,True
Madcon,2,1,0.002445077448,0.003566206626,True
Madeline Bell,2,1,0.002445077448,0.003566206626,True
Mag 7,2,1,0.002445077448,0.003566206626,True
Magazine 60,2,1,0.002445077448,0.003566206626,True
Mai Tai,2,1,0.002445077448,0.003566206626,True
"Major Lazer Featuring Bruno Mars, Tyga & Mystic",2,1,0.002445077448,0.003566206626,True
Malo,2,1,0.002445077448,0.003566206626,True
Mama Cass With The Mamas & The Papas,2,1,0.002445077448,0.003566206626,True
Mannie Fresh,2,1,0.002445077448,0.003566206626,True
Manu Dibango,2,1,0.002445077448,0.003566206626,True
Marc Almond,2,1,0.002445077448,0.003566206626,True
Marcia Griffiths,2,1,0.002445077448,0.003566206626,True
Marcos Hernandez,2,1,0.002445077448,0.003566206626,True
Marcy Levy & Robin Gibb,2,1,0.002445077448,0.003566206626,True
Margaret Whiting,2,1,0.002445077448,0.003566206626,True
Margie Joseph,2,2,0.002445077448,0.007132413252,True
Mariah The Scientist & Kali Uchis,2,1,0.002445077448,0.003566206626,True
Marilyn Scott,2,1,0.002445077448,0.003566206626,True
Marion Worth,2,1,0.002445077448,0.003566206626,True
Mark Valentino,2,1,0.002445077448,0.003566206626,True
Marmalade,2,1,0.002445077448,0.003566206626,True
"Marques Houston Featuring Jermaine ""JD"" Dupri",2,1,0.002445077448,0.003566206626,True
Marques Houston Featuring Young Rome,2,1,0.002445077448,0.003566206626,True
Marshall Crenshaw,2,1,0.002445077448,0.003566206626,True
Marshall Hain,2,1,0.002445077448,0.003566206626,True
Marshmello,2,1,0.002445077448,0.003566206626,True
Marshmello & Demi Lovato,2,1,0.002445077448,0.003566206626,True
Marshmello & Kelsea Ballerini,2,1,0.002445077448,0.003566206626,True
Martha Davis,2,1,0.002445077448,0.003566206626,True
Martha Reeves,2,1,0.002445077448,0.003566206626,True
Martin Garrix Featuring Khalid,2,1,0.002445077448,0.003566206626,True
Marty Wilde,2,1,0.002445077448,0.003566206626,True
Marvin Rainwater,2,1,0.002445077448,0.003566206626,True
Mary J. Blige Featuring Eve,2,1,0.002445077448,0.003566206626,True
Mary J. Blige Featuring The Game & 50 Cent,2,1,0.002445077448,0.003566206626,True
Mary Lambert,2,1,0.002445077448,0.003566206626,True
Matt And Kim,2,1,0.002445077448,0.003566206626,True
Matt Lucas,2,1,0.002445077448,0.003566206626,True
Max B & French Montana,2,1,0.002445077448,0.003566206626,True
Max Frost And The Troopers,2,1,0.002445077448,0.003566206626,True
McAuley Schenker Group,2,1,0.002445077448,0.003566206626,True
McGuffey Lane,2,1,0.002445077448,0.003566206626,True
McGuinness Flint,2,1,0.002445077448,0.003566206626,True
Meek Mill,2,2,0.002445077448,0.007132413252,True
Meek Mill Featuring Kirko Bangz,2,1,0.002445077448,0.003566206626,True
Megan Thee Stallion Featuring Young Thug,2,1,0.002445077448,0.003566206626,True
Mel & Kim,2,1,0.002445077448,0.003566206626,True
Mel Gadson,2,1,0.002445077448,0.003566206626,True
Mel Torme,2,1,0.002445077448,0.003566206626,True
Melba Montgomery,2,1,0.002445077448,0.003566206626,True
Memphis Bleek (& Jay-Z),2,1,0.002445077448,0.003566206626,True
Men Of Vizion,2,1,0.002445077448,0.003566206626,True
Menudo,2,1,0.002445077448,0.003566206626,True
Merrilee Rush,2,2,0.002445077448,0.007132413252,True
Mesa,2,1,0.002445077448,0.003566206626,True
Messengers,2,1,0.002445077448,0.003566206626,True
Metro Boomin Featuring 21 Savage,2,2,0.002445077448,0.007132413252,True
Metro Boomin Featuring Gunna,2,1,0.002445077448,0.003566206626,True
"Metro Boomin, Swae Lee & NAV Featuring A Boogie Wit da Hoodie",2,1,0.002445077448,0.003566206626,True
"Metro Boomin, Travis Scott & 21 Savage",2,1,0.002445077448,0.003566206626,True
Mia X Featuring Charlie Wilson,2,1,0.002445077448,0.003566206626,True
Mic Geronimo Featuring DMX & Black Rob,2,1,0.002445077448,0.003566206626,True
Michael Cooper,2,1,0.002445077448,0.003566206626,True
Michael Franks,2,1,0.002445077448,0.003566206626,True
Michael Holm,2,1,0.002445077448,0.003566206626,True
Michael Jackson Duet With Akon,2,1,0.002445077448,0.003566206626,True
Michel Legrand,2,1,0.002445077448,0.003566206626,True
Michele Lee,2,1,0.002445077448,0.003566206626,True
Michelle Shocked,2,1,0.002445077448,0.003566206626,True
Mickey Lee Lane,2,1,0.002445077448,0.003566206626,True
Mickey Murray,2,1,0.002445077448,0.003566206626,True
Migos Featuring YoungBoy Never Broke Again,2,1,0.002445077448,0.003566206626,True
Miguel Rios,2,1,0.002445077448,0.003566206626,True
Mike Douglas,2,1,0.002445077448,0.003566206626,True
Mike Pinera,2,1,0.002445077448,0.003566206626,True
Mike Sharpe,2,1,0.002445077448,0.003566206626,True
Miley Cyrus Featuring Dua Lipa,2,1,0.002445077448,0.003566206626,True
Mistress,2,1,0.002445077448,0.003566206626,True
Moms Mabley,2,1,0.002445077448,0.003566206626,True
Monchy & Alexandra,2,1,0.002445077448,0.003566206626,True
Mondo Rock,2,1,0.002445077448,0.003566206626,True
Moneybagg Yo X Megan Thee Stallion,2,1,0.002445077448,0.003566206626,True
More Stars On 45,2,1,0.002445077448,0.003566206626,True
Morgan Evans,2,1,0.002445077448,0.003566206626,True
Morgan Wallen Featuring HARDY,2,2,0.002445077448,0.007132413252,True
Mos Def & Kweli Are Black Star,2,1,0.002445077448,0.003566206626,True
Mr. C The Slide Man,2,1,0.002445077448,0.003566206626,True
Ms. Adventures,2,1,0.002445077448,0.003566206626,True
Murry Kellum,2,1,0.002445077448,0.003566206626,True
Musiq Soulchild Featuring Ayana,2,1,0.002445077448,0.003566206626,True
My Darkest Days Featuring Zakk Wylde,2,1,0.002445077448,0.003566206626,True
Myke Towers & Juhn,2,1,0.002445077448,0.003566206626,True
NAV Featuring Meek Mill,2,1,0.002445077448,0.003566206626,True
"NAV, Gunna & Travis Scott",2,1,0.002445077448,0.003566206626,True
NB Ridaz Featuring Angelina,2,2,0.002445077448,0.007132413252,True
NERO,2,1,0.002445077448,0.003566206626,True
Nancy Ames,2,2,0.002445077448,0.007132413252,True
Nancy Sinatra with Lee Hazlewood,2,1,0.002445077448,0.003566206626,True
Napoleon XIV,2,1,0.002445077448,0.003566206626,True
Nardo Wick,2,1,0.002445077448,0.003566206626,True
Nas Featuring Puff Daddy,2,1,0.002445077448,0.003566206626,True
Nastyboy Klick,2,1,0.002445077448,0.003566206626,True
Natalie Featuring Baby Bash,2,1,0.002445077448,0.003566206626,True
Ne-Yo & Jeremih,2,1,0.002445077448,0.003566206626,True
Neal Hefti,2,1,0.002445077448,0.003566206626,True
Neil Scott,2,1,0.002445077448,0.003566206626,True
Nelly & Christina Aguilera,2,1,0.002445077448,0.003566206626,True
Nelly Featuring Fergie,2,1,0.002445077448,0.003566206626,True
Nelly Featuring Jung Tru & King Jacob,2,1,0.002445077448,0.003566206626,True
Nelson Riddle,2,1,0.002445077448,0.003566206626,True
Nengo Flow & Bad Bunny,2,1,0.002445077448,0.003566206626,True
New Hollow,2,2,0.002445077448,0.007132413252,True
Newcity Rockers,2,2,0.002445077448,0.007132413252,True
"Nicki Minaj, Drake & Lil Wayne",2,2,0.002445077448,0.007132413252,True
Nicky Jam X Ozuna,2,1,0.002445077448,0.003566206626,True
Nicole Scherzinger Featuring 50 Cent,2,1,0.002445077448,0.003566206626,True
Nicolette Larson & Michael McDonald,2,1,0.002445077448,0.003566206626,True
Nino Tempo And 5th Ave. Sax,2,1,0.002445077448,0.003566206626,True
Nio Garcia X J Balvin X Bad Bunny,2,1,0.002445077448,0.003566206626,True
Nitty,2,1,0.002445077448,0.003566206626,True
Nocera,2,1,0.002445077448,0.003566206626,True
Nolan,2,1,0.002445077448,0.003566206626,True
Nona Hendryx,2,1,0.002445077448,0.003566206626,True
Norma Tanega,2,1,0.002445077448,0.003566206626,True
O'Bryan,2,1,0.002445077448,0.003566206626,True
Oakenfold Featuring Shifty Shellshock,2,1,0.002445077448,0.003566206626,True
Obie Trice,2,1,0.002445077448,0.003566206626,True
Odia Coates,2,2,0.002445077448,0.007132413252,True
Off Broadway USA,2,1,0.002445077448,0.003566206626,True
Oliver Tree & Robin Schulz,2,1,0.002445077448,0.003566206626,True
Ollie & The Nightingales,2,1,0.002445077448,0.003566206626,True
Omarion Featuring Gucci Mane,2,1,0.002445077448,0.003566206626,True
Or-N-More (Featuring Father M.C.),2,1,0.002445077448,0.003566206626,True
Orsa Lia,2,1,0.002445077448,0.003566206626,True
Otis Leavill,2,1,0.002445077448,0.003566206626,True
Otis Leaville,2,1,0.002445077448,0.003566206626,True
Ozuna x Daddy Yankee x J Balvin x Farruko x Anuel AA,2,1,0.002445077448,0.003566206626,True
P!nk Featuring William Orbit,2,1,0.002445077448,0.003566206626,True
P$C Featuring T.I. & Lil Scrappy,2,1,0.002445077448,0.003566206626,True
P. Diddy Featuring The Neptunes,2,1,0.002445077448,0.003566206626,True
PARTYNEXTDOOR,2,2,0.002445077448,0.007132413252,True
"PARTYNEXTDOOR, Drake & Yebba",2,1,0.002445077448,0.003566206626,True
PIKOTARO,2,1,0.002445077448,0.003566206626,True
PRINCE BE & Ky-Mani,2,1,0.002445077448,0.003566206626,True
Painter,2,1,0.002445077448,0.003566206626,True
Parachute,2,1,0.002445077448,0.003566206626,True
Paris Hilton,2,1,0.002445077448,0.003566206626,True
Parker McGee,2,1,0.002445077448,0.003566206626,True
Pat & Mick,2,1,0.002445077448,0.003566206626,True
Pat Travers Band,2,1,0.002445077448,0.003566206626,True
Patra Duet With Aaron Hall,2,1,0.002445077448,0.003566206626,True
Patti LaBelle Featuring Ron Isley,2,1,0.002445077448,0.003566206626,True
Paul Davis Feat. Susan Collins,2,1,0.002445077448,0.003566206626,True
Paul Gayten,2,1,0.002445077448,0.003566206626,True
Paul Mauriat,2,1,0.002445077448,0.003566206626,True
Paul Peek,2,2,0.002445077448,0.007132413252,True
Paul Shaffer,2,1,0.002445077448,0.003566206626,True
Paul Simon/Phoebe Snow,2,1,0.002445077448,0.003566206626,True
Paul Stanley,2,1,0.002445077448,0.003566206626,True
Paul Williams,2,1,0.002445077448,0.003566206626,True
Paula DeAnda Featuring Bow Wow,2,1,0.002445077448,0.003566206626,True
Peabo Bryson & Roberta Flack,2,1,0.002445077448,0.003566206626,True
Pebbles (With Salt-N-Pepa),2,1,0.002445077448,0.003566206626,True
Pendulum,2,1,0.002445077448,0.003566206626,True
Penny Mclean,2,1,0.002445077448,0.003566206626,True
Peppermint Rainbow,2,1,0.002445077448,0.003566206626,True
Perfect Stranger,2,1,0.002445077448,0.003566206626,True
Peso Pluma & Jasiel Nunez,2,1,0.002445077448,0.003566206626,True
Peso Pluma & Tito Double P,2,1,0.002445077448,0.003566206626,True
Pete Drake And His Talking Steel Guitar,2,1,0.002445077448,0.003566206626,True
Pete Fountain,2,1,0.002445077448,0.003566206626,True
Pete Seeger,2,1,0.002445077448,0.003566206626,True
Peter Allen,2,1,0.002445077448,0.003566206626,True
Peter Cetera & Crystal Bernard,2,1,0.002445077448,0.003566206626,True
Peter Cetera (Duet With Chaka Khan),2,1,0.002445077448,0.003566206626,True
Peter Cetera Featuring Az Yet,2,1,0.002445077448,0.003566206626,True
Peter Murphy,2,1,0.002445077448,0.003566206626,True
Peter Shelley,2,1,0.002445077448,0.003566206626,True
Peter Skellern,2,1,0.002445077448,0.003566206626,True
"Pharrell Williams Featuring 21 Savage & Tyler, The Creator",2,1,0.002445077448,0.003566206626,True
Phil McLean,2,1,0.002445077448,0.003566206626,True
Phil Wickham,2,1,0.002445077448,0.003566206626,True
Philip Bailey,2,1,0.002445077448,0.003566206626,True
Philip Upchurch Combo,2,1,0.002445077448,0.003566206626,True
Philly Cream,2,1,0.002445077448,0.003566206626,True
Phyllis Nelson,2,1,0.002445077448,0.003566206626,True
Pieces Of Eight,2,1,0.002445077448,0.003566206626,True
Piero Soffici,2,1,0.002445077448,0.003566206626,True
Pigmeat Markham,2,1,0.002445077448,0.003566206626,True
Pink Lady,2,1,0.002445077448,0.003566206626,True
Pitbull Featuring Jennifer Lopez & Claudia Leitte,2,1,0.002445077448,0.003566206626,True
Pitbull x El Chombo x Karol G Featuring Cutty Ranks,2,1,0.002445077448,0.003566206626,True
Placido Domingo & John Denver,2,1,0.002445077448,0.003566206626,True
Planet P,2,1,0.002445077448,0.003566206626,True
Planet Soul Featuring Brenda Dee,2,1,0.002445077448,0.003566206626,True
Play-N-Skillz Featuring Krayzie Bone & Adina Howard,2,1,0.002445077448,0.003566206626,True
Playboi Carti & Lil Uzi Vert,2,2,0.002445077448,0.007132413252,True
Pleasure,2,1,0.002445077448,0.003566206626,True
Pockets,2,1,0.002445077448,0.003566206626,True
Polo G Featuring Juice WRLD,2,1,0.002445077448,0.003566206626,True
Ponderosa Twins + One,2,1,0.002445077448,0.003566206626,True
Pooh Shiesty Featuring BIG30,2,1,0.002445077448,0.003566206626,True
Pop Smoke Featuring A Boogie Wit da Hoodie,2,1,0.002445077448,0.003566206626,True
Pop Smoke Featuring Chris Brown,2,1,0.002445077448,0.003566206626,True
Pop-Tops,2,1,0.002445077448,0.003566206626,True
Porno For Pyros,2,1,0.002445077448,0.003566206626,True
Portishead,2,1,0.002445077448,0.003566206626,True
Post Malone Featuring Jelly Roll,2,1,0.002445077448,0.003566206626,True
Potliquor,2,1,0.002445077448,0.003566206626,True
Powersource (Solo...Sharon),2,1,0.002445077448,0.003566206626,True
Prince Royce Featuring Snoop Dogg,2,1,0.002445077448,0.003566206626,True
Project Pat,2,1,0.002445077448,0.003566206626,True
Pure Sugar,2,1,0.002445077448,0.003566206626,True
Purple Reign,2,1,0.002445077448,0.003566206626,True
Q-feel,2,1,0.002445077448,0.003566206626,True
Quaker City Boys,2,1,0.002445077448,0.003566206626,True
Queen Latifah Featuring Apache,2,1,0.002445077448,0.003566206626,True
Queen Pen Featuring Teddy Riley,2,1,0.002445077448,0.003566206626,True
Quicksilver Messenger Service,2,1,0.002445077448,0.003566206626,True
Quincy Jones (feat. The Brothers Johnson),2,1,0.002445077448,0.003566206626,True
Quincy Jones Feat. Babyface & Tamia With Portrai,2,1,0.002445077448,0.003566206626,True
R. Kelly Featuring Keri Hilson,2,1,0.002445077448,0.003566206626,True
R. Kelly Featuring The Game,2,1,0.002445077448,0.003566206626,True
RKM & Ken-Y,2,1,0.002445077448,0.003566206626,True
Rag'n'Bone Man,2,1,0.002445077448,0.003566206626,True
Ralph MacDonald With Bill Withers,2,1,0.002445077448,0.003566206626,True
Ramrods,2,1,0.002445077448,0.003566206626,True
Randy Newman & Paul Simon,2,1,0.002445077448,0.003566206626,True
Rauw Alejandro & Chencho Corleone,2,1,0.002445077448,0.003566206626,True
Raven-Symone,2,1,0.002445077448,0.003566206626,True
Ray Anthony,2,1,0.002445077448,0.003566206626,True
Ray Barretto,2,1,0.002445077448,0.003566206626,True
Ray Bryant Combo,2,1,0.002445077448,0.003566206626,True
Razzy,2,1,0.002445077448,0.003566206626,True
Rebekah,2,1,0.002445077448,0.003566206626,True
Red Eye,2,1,0.002445077448,0.003566206626,True
Red Rider,2,2,0.002445077448,0.007132413252,True
Red River Dave,2,1,0.002445077448,0.003566206626,True
Red Rockers,2,1,0.002445077448,0.003566206626,True
Red Sovine,2,1,0.002445077448,0.003566206626,True
Remedy,2,1,0.002445077448,0.003566206626,True
Remy Shand,2,1,0.002445077448,0.003566206626,True
Reparata And The Delrons,2,1,0.002445077448,0.003566206626,True
Rex Allen,2,1,0.002445077448,0.003566206626,True
Rich Amiri,2,1,0.002445077448,0.003566206626,True
"Richard ""Dimples"" Fields",2,1,0.002445077448,0.003566206626,True
Richard Burton,2,1,0.002445077448,0.003566206626,True
Richie Sambora,2,1,0.002445077448,0.003566206626,True
Rick Cunha,2,1,0.002445077448,0.003566206626,True
Rick James And Smokey Robinson,2,1,0.002445077448,0.003566206626,True
Rick Springfield With Randy Crawford,2,1,0.002445077448,0.003566206626,True
Rihanna Featuring David Guetta,2,1,0.002445077448,0.003566206626,True
Rihanna Featuring Slash,2,1,0.002445077448,0.003566206626,True
Rita Pavone,2,1,0.002445077448,0.003566206626,True
Robbin Thompson Band,2,1,0.002445077448,0.003566206626,True
Robert Hazard,2,1,0.002445077448,0.003566206626,True
Robin Thicke Featuring Kendrick Lamar,2,1,0.002445077448,0.003566206626,True
Robin Ward,2,1,0.002445077448,0.003566206626,True
Rocco Granata and the International Quintet,2,1,0.002445077448,0.003566206626,True
Rock-A-Teens,2,1,0.002445077448,0.003566206626,True
Rod Hart,2,1,0.002445077448,0.003566206626,True
Rod Lauren,2,1,0.002445077448,0.003566206626,True
Rod Stewart With Faces,2,1,0.002445077448,0.003566206626,True
Roddie Joy,2,1,0.002445077448,0.003566206626,True
Roddy Ricch & Gunna,2,1,0.002445077448,0.003566206626,True
Roddy Ricch Featuring A Boogie Wit da Hoodie,2,1,0.002445077448,0.003566206626,True
Roddy Ricch Featuring Meek Mill,2,1,0.002445077448,0.003566206626,True
Rodney Crowell,2,1,0.002445077448,0.003566206626,True
Roger Smith,2,1,0.002445077448,0.003566206626,True
Romeo Santos Featuring Usher,2,1,0.002445077448,0.003566206626,True
Romeo's Daughter,2,1,0.002445077448,0.003566206626,True
Ronnie Height,2,1,0.002445077448,0.003566206626,True
Ronnie Laws,2,1,0.002445077448,0.003566206626,True
Rosco Gordon,2,1,0.002445077448,0.003566206626,True
Rosco Martinez,2,1,0.002445077448,0.003566206626,True
Rosco Robinson,2,1,0.002445077448,0.003566206626,True
Roscoe Dash,2,1,0.002445077448,0.003566206626,True
Rossington Collins Band,2,1,0.002445077448,0.003566206626,True
Rough Trade,2,1,0.002445077448,0.003566206626,True
Round Robin,2,1,0.002445077448,0.003566206626,True
Roy Orbison & Emmylou Harris,2,1,0.002445077448,0.003566206626,True
Roy Rogers,2,1,0.002445077448,0.003566206626,True
Ruby Andrews,2,1,0.002445077448,0.003566206626,True
Ruby Winters,2,2,0.002445077448,0.007132413252,True
Ruffneck Featuring Yavahn,2,1,0.002445077448,0.003566206626,True
Rufus/Chaka Khan,2,1,0.002445077448,0.003566206626,True
Russ Ballard,2,1,0.002445077448,0.003566206626,True
Russ Featuring Ktlyn,2,1,0.002445077448,0.003566206626,True
SZA Featuring Don Toliver,2,1,0.002445077448,0.003566206626,True
SZA X Justin Timberlake,2,1,0.002445077448,0.003566206626,True
Saint Tropez,2,1,0.002445077448,0.003566206626,True
Salvage,2,1,0.002445077448,0.003566206626,True
Sam & Bill,2,2,0.002445077448,0.007132413252,True
Sam Brown,2,1,0.002445077448,0.003566206626,True
Sam Smith Featuring Logic,2,1,0.002445077448,0.003566206626,True
Samantha Cole,2,1,0.002445077448,0.003566206626,True
Sammy Kershaw,2,1,0.002445077448,0.003566206626,True
San Remo Golden Strings,2,1,0.002445077448,0.003566206626,True
Sandee,2,1,0.002445077448,0.003566206626,True
Sarah Connor,2,1,0.002445077448,0.003566206626,True
Sarah Jeffery,2,1,0.002445077448,0.003566206626,True
Saverio Saridis,2,1,0.002445077448,0.003566206626,True
Saweetie Featuring H.E.R.,2,1,0.002445077448,0.003566206626,True
Saweetie Featuring Jhene Aiko,2,1,0.002445077448,0.003566206626,True
Scarface Featuring Jay-Z & Beanie Sigel,2,1,0.002445077448,0.003566206626,True
Scotty Emerick With Toby Keith,2,1,0.002445077448,0.003566206626,True
Sean Kingston Featuring Elan & Juelz Santana,2,1,0.002445077448,0.003566206626,True
Seatrain,2,1,0.002445077448,0.003566206626,True
Senator Everett McKinley Dirksen,2,1,0.002445077448,0.003566206626,True
Sexyy Red & Tay Keith & Nicki Minaj,2,1,0.002445077448,0.003566206626,True
Sha Na Na,2,1,0.002445077448,0.003566206626,True
Shades Of Blue,2,1,0.002445077448,0.003566206626,True
Shae Jones,2,1,0.002445077448,0.003566206626,True
"Shaggy Featuring Mohombi, Faydee, Costi",2,1,0.002445077448,0.003566206626,True
Shakin' Stevens,2,1,0.002445077448,0.003566206626,True
Shakira & Rauw Alejandro,2,1,0.002445077448,0.003566206626,True
Shane Minor,2,1,0.002445077448,0.003566206626,True
"Shaquille O'Neal, Ice Cube, B Real, Peter Gunz & KRS-One",2,1,0.002445077448,0.003566206626,True
Sharon Paige and Harold Melvin And The Blue Notes,2,1,0.002445077448,0.003566206626,True
Shawn Phillips,2,2,0.002445077448,0.007132413252,True
Sheila,2,1,0.002445077448,0.003566206626,True
Sherbet,2,1,0.002445077448,0.003566206626,True
Sheryl Crow & Sting,2,1,0.002445077448,0.003566206626,True
Shirley & Lee,2,2,0.002445077448,0.007132413252,True
Shirley & Squirrely,2,1,0.002445077448,0.003566206626,True
Shirley Lewis,2,1,0.002445077448,0.003566206626,True
Shirley and Lee,2,1,0.002445077448,0.003566206626,True
Shwayze,2,1,0.002445077448,0.003566206626,True
Si Zentner And His Orchestra,2,1,0.002445077448,0.003566206626,True
Sil Austin,2,1,0.002445077448,0.003566206626,True
Sims Twins,2,1,0.002445077448,0.003566206626,True
Sister 7,2,1,0.002445077448,0.003566206626,True
Ski Mask The Slump God,2,1,0.002445077448,0.003566206626,True
Ski Mask The Slump God Featuring Juice WRLD,2,1,0.002445077448,0.003566206626,True
Skin Deep Featuring Li'l Kim Of Junior M.A.F.I.A.,2,1,0.002445077448,0.003566206626,True
Skrillex & Rick Ross,2,1,0.002445077448,0.003566206626,True
Sleep Token,2,2,0.002445077448,0.007132413252,True
Sly Stone,2,1,0.002445077448,0.003566206626,True
Smif-N-Wessun,2,1,0.002445077448,0.003566206626,True
Smokey Robinson & Barbara Mitchell,2,1,0.002445077448,0.003566206626,True
Snoop Dogg Featuring Xzibit & Nate Dogg,2,1,0.002445077448,0.003566206626,True
Snow Patrol Featuring Martha Wainwright,2,1,0.002445077448,0.003566206626,True
Sons Of Champlin,2,1,0.002445077448,0.003566206626,True
Soul Train Gang,2,2,0.002445077448,0.007132413252,True
Souls Of Mischief,2,1,0.002445077448,0.003566206626,True
Soupy Sales,2,1,0.002445077448,0.003566206626,True
Space,2,1,0.002445077448,0.003566206626,True
Sparks,2,1,0.002445077448,0.003566206626,True
Special Delivery Featuring Terry Huff,2,1,0.002445077448,0.003566206626,True
Splinter,2,1,0.002445077448,0.003566206626,True
Spose,2,1,0.002445077448,0.003566206626,True
Springwell,2,1,0.002445077448,0.003566206626,True
St. Lunatics,2,1,0.002445077448,0.003566206626,True
St. Paul,2,1,0.002445077448,0.003566206626,True
Stacy Lattisaw & Johnny Gill,2,1,0.002445077448,0.003566206626,True
Stallion,2,1,0.002445077448,0.003566206626,True
Stan Freberg,2,2,0.002445077448,0.007132413252,True
Stan Getz/Astrud Gilberto,2,1,0.002445077448,0.003566206626,True
Stan Kenton,2,1,0.002445077448,0.003566206626,True
Stardust,2,1,0.002445077448,0.003566206626,True
Stark & McBrien,2,1,0.002445077448,0.003566206626,True
"Stephanie Beatriz, Olga Merediz, John Leguizamo, Adassa, Maluma & Encanto Cast",2,1,0.002445077448,0.003566206626,True
Steve & Eydie Featuring The Osmonds,2,1,0.002445077448,0.003566206626,True
Steve Allen,2,1,0.002445077448,0.003566206626,True
Steve Aoki & Louis Tomlinson,2,1,0.002445077448,0.003566206626,True
Steve Carlisle,2,1,0.002445077448,0.003566206626,True
Steve Dahl And Teenage Radiation,2,1,0.002445077448,0.003566206626,True
Steven Tyler,2,2,0.002445077448,0.007132413252,True
Stoney & Meatloaf,2,1,0.002445077448,0.003566206626,True
Sublime,2,1,0.002445077448,0.003566206626,True
Sum 41,2,1,0.002445077448,0.003566206626,True
Summer Walker & JT,2,1,0.002445077448,0.003566206626,True
Sun,2,1,0.002445077448,0.003566206626,True
Sundance Head,2,2,0.002445077448,0.007132413252,True
Sunny & The Sunglows,2,1,0.002445077448,0.003566206626,True
Susan Christie,2,1,0.002445077448,0.003566206626,True
Susan Raye,2,1,0.002445077448,0.003566206626,True
Sweathog,2,1,0.002445077448,0.003566206626,True
Sweet Dreams,2,1,0.002445077448,0.003566206626,True
Sweetbox,2,1,0.002445077448,0.003566206626,True
Swizz Beatz,2,2,0.002445077448,0.007132413252,True
T-Pain Featuring Joey Galaxy,2,1,0.002445077448,0.003566206626,True
T.S. Monk,2,1,0.002445077448,0.003566206626,True
Taja Sevelle,2,1,0.002445077448,0.003566206626,True
Tamiko Jones,2,1,0.002445077448,0.003566206626,True
Tammy Cochran,2,1,0.002445077448,0.003566206626,True
Tane Cain,2,1,0.002445077448,0.003566206626,True
Tasha Thomas,2,1,0.002445077448,0.003566206626,True
Taylor Swift Featuring Bon Iver,2,2,0.002445077448,0.007132413252,True
Taylor Swift Featuring Sabrina Carpenter,2,1,0.002445077448,0.003566206626,True
Tech N9Ne Featuring 2 Chainz & B.o.B,2,1,0.002445077448,0.003566206626,True
Teddy & The Twilights,2,1,0.002445077448,0.003566206626,True
Teddy Riley Featuring Guy,2,1,0.002445077448,0.003566206626,True
TeeFLii Featuring 2 Chainz,2,1,0.002445077448,0.003566206626,True
Tela Featuring Eightball & MJG,2,1,0.002445077448,0.003566206626,True
Ten Wheel Drive With Genya Ravan,2,1,0.002445077448,0.003566206626,True
Teri DeSario,2,1,0.002445077448,0.003566206626,True
Terry Black & Laurel Ward,2,1,0.002445077448,0.003566206626,True
Terry Knight and The Pack,2,1,0.002445077448,0.003566206626,True
Tha Alkaholiks Featuring Ol' Dirty Bastard,2,1,0.002445077448,0.003566206626,True
"The ""You Know Who"" Group!",2,1,0.002445077448,0.003566206626,True
The 1975,2,2,0.002445077448,0.007132413252,True
The Ad Libs,2,1,0.002445077448,0.003566206626,True
The Afters,2,1,0.002445077448,0.003566206626,True
The Alley Cats,2,1,0.002445077448,0.003566206626,True
The Appalachians,2,1,0.002445077448,0.003566206626,True
The Arrows Featuring Davie Allan,2,1,0.002445077448,0.003566206626,True
The Art Of Noise Featuring Tom Jones,2,1,0.002445077448,0.003566206626,True
The Astors,2,1,0.002445077448,0.003566206626,True
The B.C. 52's,2,1,0.002445077448,0.003566206626,True
The Badlees,2,1,0.002445077448,0.003566206626,True
The Baja Marimba Band,2,1,0.002445077448,0.003566206626,True
The Ballads,2,1,0.002445077448,0.003566206626,True
The Balloon Farm,2,1,0.002445077448,0.003566206626,True
The Bermudas,2,1,0.002445077448,0.003566206626,True
The Black Eyed Peas Featuring Macy Gray,2,1,0.002445077448,0.003566206626,True
The Blendells,2,1,0.002445077448,0.003566206626,True
The Blenders,2,1,0.002445077448,0.003566206626,True
The Blue Diamonds,2,1,0.002445077448,0.003566206626,True
The Blue Jays,2,1,0.002445077448,0.003566206626,True
The Bluenotes,2,1,0.002445077448,0.003566206626,True
The Boys Band,2,1,0.002445077448,0.003566206626,True
The Boys In The Band,2,1,0.002445077448,0.003566206626,True
The Brand New Heavies Featuring N'Dea Davenport,2,1,0.002445077448,0.003566206626,True
The Brecker Brothers,2,1,0.002445077448,0.003566206626,True
The Buggles,2,1,0.002445077448,0.003566206626,True
The Busters,2,1,0.002445077448,0.003566206626,True
The Butanes,2,1,0.002445077448,0.003566206626,True
The Cadillacs,2,1,0.002445077448,0.003566206626,True
The Chanters,2,1,0.002445077448,0.003566206626,True
The Charles Randolph Grean Sounde,2,1,0.002445077448,0.003566206626,True
The Chartbusters,2,1,0.002445077448,0.003566206626,True
The Chemical Brothers,2,1,0.002445077448,0.003566206626,True
The Cherry People,2,1,0.002445077448,0.003566206626,True
The Chicago Bears Shufflin' Crew,2,1,0.002445077448,0.003566206626,True
The Classics,2,1,0.002445077448,0.003566206626,True
The Crests featuring Johnny Mastro,2,2,0.002445077448,0.007132413252,True
The Dartells,2,1,0.002445077448,0.003566206626,True
The David Rockingham Trio,2,1,0.002445077448,0.003566206626,True
The Delegates,2,1,0.002445077448,0.003566206626,True
The Detergents,2,2,0.002445077448,0.007132413252,True
The Devotions,2,1,0.002445077448,0.003566206626,True
The Dillman Band,2,1,0.002445077448,0.003566206626,True
The Dirty Heads Featuring Rome,2,1,0.002445077448,0.003566206626,True
The Dolphins,2,1,0.002445077448,0.003566206626,True
The Don Harrison Band,2,1,0.002445077448,0.003566206626,True
The Dubs,2,1,0.002445077448,0.003566206626,True
The Earls,2,1,0.002445077448,0.003566206626,True
The Ebonys,2,2,0.002445077448,0.007132413252,True
The Edsels,2,1,0.002445077448,0.003566206626,True
The Electric Indian,2,1,0.002445077448,0.003566206626,True
The Emperor's,2,1,0.002445077448,0.003566206626,True
The Epic Splendor,2,1,0.002445077448,0.003566206626,True
The Equals,2,1,0.002445077448,0.003566206626,True
The Excellents,2,1,0.002445077448,0.003566206626,True
The Family,2,1,0.002445077448,0.003566206626,True
The Fantastic Four,2,1,0.002445077448,0.003566206626,True
The Faragher Bros.,2,1,0.002445077448,0.003566206626,True
The Fifth Estate,2,1,0.002445077448,0.003566206626,True
The Five Blobs,2,1,0.002445077448,0.003566206626,True
The Five Satins,2,2,0.002445077448,0.007132413252,True
The Flying Lizards,2,1,0.002445077448,0.003566206626,True
The Fools,2,2,0.002445077448,0.007132413252,True
The Forum,2,1,0.002445077448,0.003566206626,True
The Four Aces,2,2,0.002445077448,0.007132413252,True
The Frank Barber Orch.,2,1,0.002445077448,0.003566206626,True
The Frantics,2,2,0.002445077448,0.007132413252,True
The Game Featuring Kanye West,2,1,0.002445077448,0.003566206626,True
The Game Featuring Keyshia Cole,2,1,0.002445077448,0.003566206626,True
The Genies,2,1,0.002445077448,0.003566206626,True
The Gestures,2,1,0.002445077448,0.003566206626,True
The Girlfriends,2,1,0.002445077448,0.003566206626,True
The Glencoves,2,1,0.002445077448,0.003566206626,True
The Goodtimers,2,1,0.002445077448,0.003566206626,True
The Graces,2,1,0.002445077448,0.003566206626,True
The Grateful Dead,2,2,0.002445077448,0.007132413252,True
The Greenwoods,2,1,0.002445077448,0.003566206626,True
The Gregg Allman Band,2,1,0.002445077448,0.003566206626,True
The Gunter Kallmann Chorus,2,1,0.002445077448,0.003566206626,True
The Harden Trio,2,1,0.002445077448,0.003566206626,True
The Headpins,2,1,0.002445077448,0.003566206626,True
The Heart And Soul Orchestra,2,1,0.002445077448,0.003566206626,True
The Heywoods,2,1,0.002445077448,0.003566206626,True
The High Keyes,2,1,0.002445077448,0.003566206626,True
The Holidays,2,1,0.002445077448,0.003566206626,True
The Incredible Bongo Band,2,1,0.002445077448,0.003566206626,True
The Inmates,2,1,0.002445077448,0.003566206626,True
The Invisible Man's Band,2,1,0.002445077448,0.003566206626,True
The Ivy Three,2,1,0.002445077448,0.003566206626,True
The James Brown Soul Train,2,1,0.002445077448,0.003566206626,True
The JaneDear Girls,2,1,0.002445077448,0.003566206626,True
The Jewels,2,1,0.002445077448,0.003566206626,True
The Jive Five,2,1,0.002445077448,0.003566206626,True
The Joe Chemay Band,2,1,0.002445077448,0.003566206626,True
The Joe Jeffrey Group,2,1,0.002445077448,0.003566206626,True
The Johnny Average Band Featuring Nikki Wills,2,1,0.002445077448,0.003566206626,True
The Kalin Twins,2,1,0.002445077448,0.003566206626,True
The Kenny Wayne Shepherd Band,2,1,0.002445077448,0.003566206626,True
The Kingbees,2,1,0.002445077448,0.003566206626,True
The Kingpins,2,1,0.002445077448,0.003566206626,True
The Knightsbridge Strings,2,1,0.002445077448,0.003566206626,True
The La's,2,1,0.002445077448,0.003566206626,True
The Lady Of Rage,2,1,0.002445077448,0.003566206626,True
The Leaves,2,1,0.002445077448,0.003566206626,True
The Lennon Sisters,2,1,0.002445077448,0.003566206626,True
The London Quireboys,2,1,0.002445077448,0.003566206626,True
The Lonely Island Featuring Akon,2,1,0.002445077448,0.003566206626,True
The Love Generation,2,1,0.002445077448,0.003566206626,True
The Lovelites,2,1,0.002445077448,0.003566206626,True
The Lox Featuring Timbaland And EVE,2,1,0.002445077448,0.003566206626,True
The Ly - Dells,2,1,0.002445077448,0.003566206626,True
The Mark II,2,1,0.002445077448,0.003566206626,True
The Marvelows,2,1,0.002445077448,0.003566206626,True
The Masqueraders,2,1,0.002445077448,0.003566206626,True
The Matys Bros.,2,1,0.002445077448,0.003566206626,True
The McCrarys,2,1,0.002445077448,0.003566206626,True
The Megatons,2,1,0.002445077448,0.003566206626,True
The Megatrons,2,1,0.002445077448,0.003566206626,True
The Mickey Mozart Quintet,2,1,0.002445077448,0.003566206626,True
The Mirettes,2,1,0.002445077448,0.003566206626,True
The Mixtures,2,1,0.002445077448,0.003566206626,True
The Mob,2,2,0.002445077448,0.007132413252,True
The Monroes,2,1,0.002445077448,0.003566206626,True
The Morgan Brothers,2,1,0.002445077448,0.003566206626,True
The Move,2,1,0.002445077448,0.003566206626,True
The Murmurs,2,1,0.002445077448,0.003566206626,True
The Music Makers,2,1,0.002445077448,0.003566206626,True
The Nashville Teens,2,1,0.002445077448,0.003566206626,True
The Neon Philharmonic,2,1,0.002445077448,0.003566206626,True
The New Hope,2,1,0.002445077448,0.003566206626,True
The Outlaws,2,1,0.002445077448,0.003566206626,True
The Overlanders,2,1,0.002445077448,0.003566206626,True
The Packers,2,1,0.002445077448,0.003566206626,True
The Parade,2,1,0.002445077448,0.003566206626,True
The Passions,2,1,0.002445077448,0.003566206626,True
The Peppermint Trolley Company,2,1,0.002445077448,0.003566206626,True
The Percells,2,1,0.002445077448,0.003566206626,True
The Pipes And Drums And The Military Band Of The Royal Scots Dragoon Guards,2,1,0.002445077448,0.003566206626,True
The Platters Featuring Tony Williams,2,2,0.002445077448,0.007132413252,True
The Poets,2,1,0.002445077448,0.003566206626,True
The Premiers,2,1,0.002445077448,0.003566206626,True
The Pyramids,2,1,0.002445077448,0.003566206626,True
The Radiants,2,1,0.002445077448,0.003566206626,True
The Raes,2,1,0.002445077448,0.003566206626,True
The Ramblers,2,2,0.002445077448,0.007132413252,True
The Rattles,2,1,0.002445077448,0.003566206626,True
The Ray Conniff Singers,2,1,0.002445077448,0.003566206626,True
The Razor's Edge,2,1,0.002445077448,0.003566206626,True
The Real Thing,2,1,0.002445077448,0.003566206626,True
The Rebel Pebbles,2,1,0.002445077448,0.003566206626,True
The Records,2,1,0.002445077448,0.003566206626,True
The Replacements,2,1,0.002445077448,0.003566206626,True
The Revels,2,1,0.002445077448,0.003566206626,True
The Revivalists,2,1,0.002445077448,0.003566206626,True
The Rinky-Dinks,2,1,0.002445077448,0.003566206626,True
The Roc Project Featuring Tina Arena,2,1,0.002445077448,0.003566206626,True
The Rockin R's,2,1,0.002445077448,0.003566206626,True
The Roommates,2,1,0.002445077448,0.003566206626,True
The Rubettes,2,1,0.002445077448,0.003566206626,True
The Rubinoos,2,1,0.002445077448,0.003566206626,True
The Satisfactions,2,2,0.002445077448,0.007132413252,True
The Secrets,2,1,0.002445077448,0.003566206626,True
The Sensations Featuring Yvonne,2,1,0.002445077448,0.003566206626,True
The Shades Of Blue,2,1,0.002445077448,0.003566206626,True
The Sheep,2,1,0.002445077448,0.003566206626,True
The Shells,2,1,0.002445077448,0.003566206626,True
The Sherrys,2,1,0.002445077448,0.003566206626,True
The Sidekicks,2,1,0.002445077448,0.003566206626,True
The Silencers,2,2,0.002445077448,0.007132413252,True
The Silkie,2,1,0.002445077448,0.003566206626,True
The Simon Sisters,2,1,0.002445077448,0.003566206626,True
The Smothers Brothers,2,1,0.002445077448,0.003566206626,True
The South Side Movement,2,1,0.002445077448,0.003566206626,True
The Spokesmen,2,1,0.002445077448,0.003566206626,True
The Sports,2,1,0.002445077448,0.003566206626,True
The Stereos,2,1,0.002445077448,0.003566206626,True
The Strangers,2,1,0.002445077448,0.003566206626,True
The T.S.U. Toronadoes,2,1,0.002445077448,0.003566206626,True
The Temptations Featuring Rick James,2,1,0.002445077448,0.003566206626,True
The Third Rail,2,1,0.002445077448,0.003566206626,True
The Thirteenth Floor Elevators,2,1,0.002445077448,0.003566206626,True
The Trumpeteers,2,1,0.002445077448,0.003566206626,True
The Truth,2,1,0.002445077448,0.003566206626,True
The Tuesdays,2,1,0.002445077448,0.003566206626,True
The Uniques Featuring Joe Stampley,2,1,0.002445077448,0.003566206626,True
The Velaires,2,1,0.002445077448,0.003566206626,True
The Vels,2,1,0.002445077448,0.003566206626,True
The Velvets featuring Virgil Johnson,2,1,0.002445077448,0.003566206626,True
The Venetians,2,1,0.002445077448,0.003566206626,True
The Wallflowers,2,1,0.002445077448,0.003566206626,True
The Walter Murphy Band,2,1,0.002445077448,0.003566206626,True
The White Tie Affair,2,1,0.002445077448,0.003566206626,True
The Wild-Cats,2,1,0.002445077448,0.003566206626,True
The Wiseguys,2,1,0.002445077448,0.003566206626,True
The Yellow Balloon,2,1,0.002445077448,0.003566206626,True
The Young Holt Trio,2,1,0.002445077448,0.003566206626,True
The-Dream Featuring Kanye West,2,1,0.002445077448,0.003566206626,True
The-Dream Featuring Mariah Carey,2,1,0.002445077448,0.003566206626,True
Thee Prophets,2,1,0.002445077448,0.003566206626,True
Third World,2,1,0.002445077448,0.003566206626,True
"Three The... G. Dep, P. Diddy & Black Rob",2,1,0.002445077448,0.003566206626,True
Thunder,2,1,0.002445077448,0.003566206626,True
Thunderclap Newman,2,1,0.002445077448,0.003566206626,True
Tiesto Featuring Tate McRae,2,1,0.002445077448,0.003566206626,True
Tim McGraw & Tyler Hubbard,2,1,0.002445077448,0.003566206626,True
Timmy Shaw,2,1,0.002445077448,0.003566206626,True
Titiyo,2,1,0.002445077448,0.003566206626,True
To Be Continued...,2,1,0.002445077448,0.003566206626,True
Tobin Mathews & Co.,2,1,0.002445077448,0.003566206626,True
Tom Clay,2,1,0.002445077448,0.003566206626,True
Tom Glazer And The Do-Re-Mi Children's Chorus,2,1,0.002445077448,0.003566206626,True
Tom Kimmel,2,1,0.002445077448,0.003566206626,True
Tom MacDonald,2,2,0.002445077448,0.007132413252,True
Tom Petty & The Heartbreakers With Stevie Nicks,2,1,0.002445077448,0.003566206626,True
Tommy Leonetti,2,1,0.002445077448,0.003566206626,True
Tommy Tucker,2,1,0.002445077448,0.003566206626,True
Toni Childs,2,1,0.002445077448,0.003566206626,True
Tony Clarke,2,1,0.002445077448,0.003566206626,True
Toronto,2,1,0.002445077448,0.003566206626,True
"Torrey Carter Featuring Missy ""Misdemeanor"" Elliott",2,1,0.002445077448,0.003566206626,True
Tory Lanez & T-Pain,2,1,0.002445077448,0.003566206626,True
Trade Martin,2,1,0.002445077448,0.003566206626,True
"Traffic, Etc.",2,1,0.002445077448,0.003566206626,True
Train Featuring Ashley Monroe,2,1,0.002445077448,0.003566206626,True
"Trapp Featuring 2pac, Notorious B.I.G.",2,1,0.002445077448,0.003566206626,True
Travis Scott Featuring SZA & Future,2,1,0.002445077448,0.003566206626,True
Travis Scott Featuring Young Thug & M.I.A.,2,1,0.002445077448,0.003566206626,True
Tre,2,1,0.002445077448,0.003566206626,True
Trevor Daniel x Selena Gomez,2,1,0.002445077448,0.003566206626,True
Trey Songz Featuring Gucci Mane & Soulja Boy Tell'em,2,1,0.002445077448,0.003566206626,True
Trey Songz Featuring Twista,2,1,0.002445077448,0.003566206626,True
Tricia Leigh Fisher,2,1,0.002445077448,0.003566206626,True
Trick Daddy Featuring LaTocha Scott,2,1,0.002445077448,0.003566206626,True
Trilogy,2,1,0.002445077448,0.003566206626,True
Trina & Tamara,2,1,0.002445077448,0.003566206626,True
Trippie Redd & Playboi Carti,2,1,0.002445077448,0.003566206626,True
Trippie Redd Featuring DaBaby,2,1,0.002445077448,0.003566206626,True
Trippie Redd Featuring Travis Scott,2,1,0.002445077448,0.003566206626,True
Tucker Beathard,2,1,0.002445077448,0.003566206626,True
Tufano & Giammarese,2,1,0.002445077448,0.003566206626,True
Turley Richards,2,1,0.002445077448,0.003566206626,True
Twilight 22,2,1,0.002445077448,0.003566206626,True
Twinz,2,1,0.002445077448,0.003566206626,True
Twista Featuring Pitbull,2,1,0.002445077448,0.003566206626,True
Ty Dolla $ign Featuring E-40,2,1,0.002445077448,0.003566206626,True
"Tyga Featuring Cedric Gervais, Wiz Khalifa & Mally Mall",2,1,0.002445077448,0.003566206626,True
Tyga Featuring Rick Ross,2,1,0.002445077448,0.003566206626,True
Tyler Childers,2,1,0.002445077448,0.003566206626,True
"Tyler, The Creator Featuring Daniel Caesar",2,1,0.002445077448,0.003566206626,True
"Tyler, The Creator Featuring YoungBoy Never Broke Again & Ty Dolla $ign",2,1,0.002445077448,0.003566206626,True
Tyrannosaurus Rex,2,1,0.002445077448,0.003566206626,True
UGK Featuring OutKast,2,1,0.002445077448,0.003566206626,True
Underground Sunshine,2,1,0.002445077448,0.003566206626,True
Unipop,2,1,0.002445077448,0.003566206626,True
Unit Four plus Two,2,1,0.002445077448,0.003566206626,True
V,2,2,0.002445077448,0.007132413252,True
Valerie Simpson,2,1,0.002445077448,0.003566206626,True
Vaughan Brothers,2,1,0.002445077448,0.003566206626,True
Vesta,2,1,0.002445077448,0.003566206626,True
Vic Damone,2,1,0.002445077448,0.003566206626,True
Vigrass & Osborne,2,1,0.002445077448,0.003566206626,True
Vik Venus Alias: Your Main Moon Man,2,1,0.002445077448,0.003566206626,True
Vincent Bell,2,1,0.002445077448,0.003566206626,True
Vincent Mason,2,1,0.002445077448,0.003566206626,True
Vitamin Z,2,1,0.002445077448,0.003566206626,True
Vito & The Salutations,2,1,0.002445077448,0.003566206626,True
Voice Of The Beehive,2,2,0.002445077448,0.007132413252,True
Voices Of America,2,1,0.002445077448,0.003566206626,True
Voyage,2,1,0.002445077448,0.003566206626,True
WC Featuring Jon B.,2,1,0.002445077448,0.003566206626,True
Waka Flocka Flame Featuring Kebo Gotti,2,1,0.002445077448,0.003566206626,True
Waldo De Los Rios,2,1,0.002445077448,0.003566206626,True
Wale Featuring Sam Dew,2,1,0.002445077448,0.003566206626,True
Wall Of Voodoo,2,1,0.002445077448,0.003566206626,True
Walter Wanderley,2,1,0.002445077448,0.003566206626,True
Wendy And Lisa,2,1,0.002445077448,0.003566206626,True
West Street Mob,2,2,0.002445077448,0.007132413252,True
Wham! U.K.,2,1,0.002445077448,0.003566206626,True
Whatnauts,2,1,0.002445077448,0.003566206626,True
Whistling Jack Smith,2,1,0.002445077448,0.003566206626,True
Whitney Houston & Deborah Cox,2,1,0.002445077448,0.003566206626,True
Wildfire,2,1,0.002445077448,0.003566206626,True
William Michael Morgan,2,1,0.002445077448,0.003566206626,True
Willie Max Featuring Raphael Saadiq,2,1,0.002445077448,0.003566206626,True
Willow Featuring Travis Barker,2,1,0.002445077448,0.003566206626,True
Willy Alberti,2,1,0.002445077448,0.003566206626,True
Wind,2,1,0.002445077448,0.003566206626,True
Wisin & Yandel,2,2,0.002445077448,0.007132413252,True
Witch Queen,2,1,0.002445077448,0.003566206626,True
Wiz Khalifa Featuring Snoop Dogg & Ty Dolla $ign,2,1,0.002445077448,0.003566206626,True
Wiz Khalifa Featuring Swae Lee,2,1,0.002445077448,0.003566206626,True
Wiz Khalifa Featuring Too $hort,2,1,0.002445077448,0.003566206626,True
Wolf,2,1,0.002445077448,0.003566206626,True
Wyclef Jean Featuring Missy Elliott,2,1,0.002445077448,0.003566206626,True
Wyclef Jean Featuring Queen Pen & The Product,2,1,0.002445077448,0.003566206626,True
X-Ecutioners,2,1,0.002445077448,0.003566206626,True
XTC,2,1,0.002445077448,0.003566206626,True
Y&T,2,1,0.002445077448,0.003566206626,True
YBN Nahmir Featuring 21 Savage,2,1,0.002445077448,0.003566206626,True
YFN Lucci Featuring Migos & Trouble,2,1,0.002445077448,0.003566206626,True
YG,2,1,0.002445077448,0.003566206626,True
Yaki-Da,2,1,0.002445077448,0.003566206626,True
Yaz,2,1,0.002445077448,0.003566206626,True
Yazoo,2,1,0.002445077448,0.003566206626,True
Yello,2,1,0.002445077448,0.003566206626,True
Yellow Magic Orchestra,2,1,0.002445077448,0.003566206626,True
Yo Gotti Featuring Lil Wayne,2,1,0.002445077448,0.003566206626,True
Yoko Ono,2,1,0.002445077448,0.003566206626,True
Young T & Bugsey Featuring Headie One,2,1,0.002445077448,0.003566206626,True
Youngstown,2,1,0.002445077448,0.003566206626,True
Yung Bleu & Kehlani,2,1,0.002445077448,0.003566206626,True
Yung Joc Featuring Marques Houston & Trey Songz,2,1,0.002445077448,0.003566206626,True
Yvonne,2,1,0.002445077448,0.003566206626,True
Yvonne Baker and the Sensations,2,1,0.002445077448,0.003566206626,True
Zac Efron & Zendaya,2,1,0.002445077448,0.003566206626,True
Zebra,2,1,0.002445077448,0.003566206626,True
will.i.am,2,1,0.002445077448,0.003566206626,True
"""Pookie"" Hudson",1,1,0.001222538724,0.003566206626,True
*NSYNC,1,1,0.001222538724,0.003566206626,True
1 Of The Girls,1,1,0.001222538724,0.003566206626,True
100 Strings and Jono (Choir of 40 Voices),1,1,0.001222538724,0.003566206626,True
112 Featuring Super Cat,1,1,0.001222538724,0.003566206626,True
1927,1,1,0.001222538724,0.003566206626,True
2 Chainz & Wiz Khalifa,1,1,0.001222538724,0.003566206626,True
2 Chainz Featuring Ariana Grande,1,1,0.001222538724,0.003566206626,True
2 Chainz Featuring Drake & Lil Wayne,1,1,0.001222538724,0.003566206626,True
2 Chainz Featuring Lil Wayne,1,1,0.001222538724,0.003566206626,True
"2 Chainz, Drake & Quavo",1,1,0.001222538724,0.003566206626,True
2 Hyped Brothers & A Dog,1,1,0.001222538724,0.003566206626,True
2 Of Clubs,1,1,0.001222538724,0.003566206626,True
21 Savage & Brent Faiyaz,1,1,0.001222538724,0.003566206626,True
21 Savage & Doja Cat,1,1,0.001222538724,0.003566206626,True
21 Savage & Drake,1,1,0.001222538724,0.003566206626,True
21 Savage & GloRilla,1,1,0.001222538724,0.003566206626,True
21 Savage & Mariah The Scientist,1,1,0.001222538724,0.003566206626,True
21 Savage & Young Nudy,1,1,0.001222538724,0.003566206626,True
"21 Savage, Burna Boy & Metro Boomin",1,1,0.001222538724,0.003566206626,True
"21 Savage, Lil Durk & Metro Boomin",1,1,0.001222538724,0.003566206626,True
"21 Savage, Offset & Metro Boomin",1,1,0.001222538724,0.003566206626,True
"21 Savage, Offset & Metro Boomin Featuring Quavo",1,1,0.001222538724,0.003566206626,True
"21 Savage, Tommy Newport & Mikky Ekko",1,1,0.001222538724,0.003566206626,True
"21 Savage, Young Thug & Metro Boomin",1,1,0.001222538724,0.003566206626,True
4 By Four,1,1,0.001222538724,0.003566206626,True
4 The Cause,1,1,0.001222538724,0.003566206626,True
4*TOWN (From Disney And Pixar's Turning Red),1,1,0.001222538724,0.003566206626,True
42 Dugg Featuring Future,1,1,0.001222538724,0.003566206626,True
5 Satins,1,1,0.001222538724,0.003566206626,True
5 Stairsteps and Cubie,1,1,0.001222538724,0.003566206626,True
50 Cent Featuring Eminem & Adam Levine,1,1,0.001222538724,0.003566206626,True
69 Boyz Featuring Quad City DJ's,1,1,0.001222538724,0.003566206626,True
6LACK Featuring J. Cole,1,1,0.001222538724,0.003566206626,True
6ix9ine & Nicki Minaj,1,1,0.001222538724,0.003566206626,True
6ix9ine Featuring Anuel AA,1,1,0.001222538724,0.003566206626,True
6ix9ine Featuring DJ SPINKING,1,1,0.001222538724,0.003566206626,True
6ix9ine Featuring Nicki Minaj & Kanye West,1,1,0.001222538724,0.003566206626,True
6ix9ine Featuring Tory Lanez,1,1,0.001222538724,0.003566206626,True
A Boogie Wit da Hoodie Featuring DJ SPINKING,1,1,0.001222538724,0.003566206626,True
A Boogie Wit da Hoodie Featuring DaBaby,1,1,0.001222538724,0.003566206626,True
A Boogie Wit da Hoodie Featuring Lil Uzi Vert,1,1,0.001222538724,0.003566206626,True
"A Boogie Wit da Hoodie Featuring Roddy Ricch, Gunna & London On Da Track",1,1,0.001222538724,0.003566206626,True
A Boogie Wit da Hoodie Featuring Young Thug,1,1,0.001222538724,0.003566206626,True
A Boogie wit da Hoodie,1,1,0.001222538724,0.003566206626,True
A$AP Ferg Featuring Future,1,1,0.001222538724,0.003566206626,True
A$AP Rocky Featuring Bossman Dlow & Sauce Walka,1,1,0.001222538724,0.003566206626,True
A$AP Rocky Featuring Gorillaz & Westside Gunn,1,1,0.001222538724,0.003566206626,True
A$AP Rocky Featuring Rod Stewart x Miguel x Mark Ronson,1,1,0.001222538724,0.003566206626,True
A*Teens,1,1,0.001222538724,0.003566206626,True
Aaron Lewis,1,1,0.001222538724,0.003566206626,True
Abaco Dream,1,1,0.001222538724,0.003566206626,True
Adam Faith,1,1,0.001222538724,0.003566206626,True
Adam Levine & Tony Lucca,1,1,0.001222538724,0.003566206626,True
Adrian Belew,1,1,0.001222538724,0.003566206626,True
Adrian Kimberly,1,1,0.001222538724,0.003566206626,True
Agnetha Faltskog/Peter Cetera,1,1,0.001222538724,0.003566206626,True
Airwaves,1,1,0.001222538724,0.003566206626,True
Akon Featuring Sweet Rush,1,1,0.001222538724,0.003566206626,True
Al Corley,1,1,0.001222538724,0.003566206626,True
Al Downing,1,1,0.001222538724,0.003566206626,True
Alan Price Set,1,1,0.001222538724,0.003566206626,True
Alejandro Sanz,1,1,0.001222538724,0.003566206626,True
Aleman X Neton Vega,1,1,0.001222538724,0.003566206626,True
Alex Brown,1,1,0.001222538724,0.003566206626,True
Alive 'N Kickin',1,1,0.001222538724,0.003566206626,True
All City,1,1,0.001222538724,0.003566206626,True
All Sports Band,1,1,0.001222538724,0.003566206626,True
Alvin And The Chipmunks Featuring Chris Classic,1,1,0.001222538724,0.003566206626,True
Alvin Cash,1,1,0.001222538724,0.003566206626,True
Amaarae & Moliy Featuring Kali Uchis,1,1,0.001222538724,0.003566206626,True
Amanda,1,1,0.001222538724,0.003566206626,True
Amazulu,1,1,0.001222538724,0.003566206626,True
Amber Carrington,1,1,0.001222538724,0.003566206626,True
Ambjaay,1,1,0.001222538724,0.003566206626,True
American Flyer,1,1,0.001222538724,0.003566206626,True
American Idol Finalists Season 4,1,1,0.001222538724,0.003566206626,True
American Idol Top 8,1,1,0.001222538724,0.003566206626,True
Anacostia,1,1,0.001222538724,0.003566206626,True
Anais,1,1,0.001222538724,0.003566206626,True
Andre Williams,1,1,0.001222538724,0.003566206626,True
Andre Williams & His Orch.,1,1,0.001222538724,0.003566206626,True
Andrew Jannakos,1,1,0.001222538724,0.003566206626,True
Andrew Ridgeley,1,1,0.001222538724,0.003566206626,True
Andrew Seeley,1,1,0.001222538724,0.003566206626,True
Andy & David Williams,1,1,0.001222538724,0.003566206626,True
Andy Fairweather Low,1,1,0.001222538724,0.003566206626,True
Andy Fraser,1,1,0.001222538724,0.003566206626,True
Andy Rose,1,1,0.001222538724,0.003566206626,True
Angel City Featuring Lara McAllen,1,1,0.001222538724,0.003566206626,True
Anita & Th' So-And-So's,1,1,0.001222538724,0.003566206626,True
Anitta,1,1,0.001222538724,0.003566206626,True
Ann Cole,1,1,0.001222538724,0.003566206626,True
Anna King,1,1,0.001222538724,0.003566206626,True
Anna King-Bobby Byrd,1,1,0.001222538724,0.003566206626,True
Anne Hathaway,1,1,0.001222538724,0.003566206626,True
Ant Clemons Featuring Justin Timberlake,1,1,0.001222538724,0.003566206626,True
Antoine Dodson & The Gregory Brothers Featuring Kelly Dodson,1,1,0.001222538724,0.003566206626,True
Anya Marina,1,1,0.001222538724,0.003566206626,True
Apollo 100,1,1,0.001222538724,0.003566206626,True
April,1,1,0.001222538724,0.003566206626,True
April Stevens,1,1,0.001222538724,0.003566206626,True
April Stevens & Nino Tempo,1,1,0.001222538724,0.003566206626,True
Arcade Fire,1,1,0.001222538724,0.003566206626,True
Arcangel x Sech,1,1,0.001222538724,0.003566206626,True
Aretha Franklin With James Cleveland & The Southern California Community Choir,1,1,0.001222538724,0.003566206626,True
Aretha Franklin With The Ray Bryant Combo,1,1,0.001222538724,0.003566206626,True
Aretha Franklin/Whitney Houston,1,1,0.001222538724,0.003566206626,True
Ariana Grande & Cynthia Erivo,1,1,0.001222538724,0.003566206626,True
Ariana Grande & John Legend,1,1,0.001222538724,0.003566206626,True
Ariana Grande Featuring Future,1,1,0.001222538724,0.003566206626,True
Arkade,1,1,0.001222538724,0.003566206626,True
Around The Way,1,1,0.001222538724,0.003566206626,True
Arpeggio,1,1,0.001222538724,0.003566206626,True
Art Linkletter,1,1,0.001222538724,0.003566206626,True
Art Lund,1,1,0.001222538724,0.003566206626,True
Arthur Baker Featuring Nikeeta,1,1,0.001222538724,0.003566206626,True
Arthur Lyman,1,1,0.001222538724,0.003566206626,True
"Artists Of Then, Now & Forever",1,1,0.001222538724,0.003566206626,True
Artists Stand Up To Cancer,1,1,0.001222538724,0.003566206626,True
Ashe,1,1,0.001222538724,0.003566206626,True
Ashley Cooke,1,1,0.001222538724,0.003566206626,True
Attitudes,1,1,0.001222538724,0.003566206626,True
Audience,1,1,0.001222538724,0.003566206626,True
Augie Rios,1,1,0.001222538724,0.003566206626,True
B Rich,1,1,0.001222538724,0.003566206626,True
B.B. King And His Orchestra,1,1,0.001222538724,0.003566206626,True
B.C.G. (B.C. Generation),1,1,0.001222538724,0.003566206626,True
B.o.B Featuring Priscilla,1,1,0.001222538724,0.003566206626,True
BRAVO All Stars,1,1,0.001222538724,0.003566206626,True
BT,1,1,0.001222538724,0.003566206626,True
BTS Featuring Lauv,1,1,0.001222538724,0.003566206626,True
Baby Jane & The Rockabyes,1,1,0.001222538724,0.003566206626,True
Baby Ray,1,1,0.001222538724,0.003566206626,True
Bad Bunny & Bryant Myers,1,1,0.001222538724,0.003566206626,True
Bad Bunny & Buscabulla,1,1,0.001222538724,0.003566206626,True
Bad Bunny & Eladio Carrion,1,1,0.001222538724,0.003566206626,True
Bad Bunny & Luar La L,1,1,0.001222538724,0.003566206626,True
Bad Bunny & Mora,1,1,0.001222538724,0.003566206626,True
Bad Bunny & RaiNao,1,1,0.001222538724,0.003566206626,True
Bad Bunny & Sech,1,1,0.001222538724,0.003566206626,True
Bad Bunny & The Marias,1,1,0.001222538724,0.003566206626,True
Bad Bunny & YOVNGCHIMI,1,1,0.001222538724,0.003566206626,True
Bad Bunny & Young Miko,1,1,0.001222538724,0.003566206626,True
"Bad Bunny, Arcangel, De La Ghetto & Nengo Flow",1,1,0.001222538724,0.003566206626,True
"Bad Bunny, Jowell & Randy & Nengo Flow",1,1,0.001222538724,0.003566206626,True
Bad Meets Evil,1,1,0.001222538724,0.003566206626,True
Baha Men With Imani Coppola,1,1,0.001222538724,0.003566206626,True
Ballin' Jack,1,1,0.001222538724,0.003566206626,True
Bama,1,1,0.001222538724,0.003566206626,True
Bandit,1,1,0.001222538724,0.003566206626,True
Barry Manilow with Kid Creole & The Coconuts,1,1,0.001222538724,0.003566206626,True
Barry Ryan,1,1,0.001222538724,0.003566206626,True
BeBe & CeCe Winans Featuring Mavis Staples,1,1,0.001222538724,0.003566206626,True
Beenie Man Featuring Chevelle Franklyn,1,1,0.001222538724,0.003566206626,True
Bella Thorne,1,1,0.001222538724,0.003566206626,True
Bella Thorne & Zendaya,1,1,0.001222538724,0.003566206626,True
Belle Epoque,1,1,0.001222538724,0.003566206626,True
Belly,1,1,0.001222538724,0.003566206626,True
Belly Gang Kushington & 21 Savage,1,1,0.001222538724,0.003566206626,True
Ben Folds,1,1,0.001222538724,0.003566206626,True
Ben Rector,1,1,0.001222538724,0.003566206626,True
Benny Spellman,1,1,0.001222538724,0.003566206626,True
Betty Boo,1,1,0.001222538724,0.003566206626,True
Betty Johnson,1,1,0.001222538724,0.003566206626,True
Beyonce & Miley Cyrus,1,1,0.001222538724,0.003566206626,True
Beyonce Featuring Kendrick Lamar,1,1,0.001222538724,0.003566206626,True
Beyonce Featuring Lady Gaga,1,1,0.001222538724,0.003566206626,True
Beyonce Featuring The Weeknd,1,1,0.001222538724,0.003566206626,True
Bhad Bhabie Featuring Lil Yachty,1,1,0.001222538724,0.003566206626,True
Big Bub Featuring Queen Latifah & Heavy D,1,1,0.001222538724,0.003566206626,True
Big Maybelle,1,1,0.001222538724,0.003566206626,True
Big Sambo and The House Wreckers,1,1,0.001222538724,0.003566206626,True
Big Sean & Metro Boomin Featuring Travis Scott,1,1,0.001222538724,0.003566206626,True
Big Sean Featuring Eminem,1,1,0.001222538724,0.003566206626,True
Big Sean Featuring Jeremih,1,1,0.001222538724,0.003566206626,True
Big Sean Featuring Migos,1,1,0.001222538724,0.003566206626,True
Bill Quateman,1,1,0.001222538724,0.003566206626,True
Bill Wray,1,1,0.001222538724,0.003566206626,True
Bill Wyman,1,1,0.001222538724,0.003566206626,True
Billie Sans,1,1,0.001222538724,0.003566206626,True
Billy Burnette,1,1,0.001222538724,0.003566206626,True
Billy Butler & The Chanters,1,1,0.001222538724,0.003566206626,True
Billy Edd Wheeler,1,1,0.001222538724,0.003566206626,True
Billy Joel featuring Ray Charles,1,1,0.001222538724,0.003566206626,True
Billy Lemmons,1,1,0.001222538724,0.003566206626,True
Billy Thunderkloud & The Chieftones,1,1,0.001222538724,0.003566206626,True
Bing Crosby With John Scott Trotter And His Orchestra & Max Terr's Mixed Chorus,1,1,0.001222538724,0.003566206626,True
Bird York,1,1,0.001222538724,0.003566206626,True
Birdman Featuring Drake & Lil Wayne,1,1,0.001222538724,0.003566206626,True
Biscuit,1,1,0.001222538724,0.003566206626,True
Bizarrap & Quevedo,1,1,0.001222538724,0.003566206626,True
Blac Youngsta,1,1,0.001222538724,0.003566206626,True
Blackwell,1,1,0.001222538724,0.003566206626,True
Blair,1,1,0.001222538724,0.003566206626,True
Blake Lewis,1,1,0.001222538724,0.003566206626,True
Blake Roman,1,1,0.001222538724,0.003566206626,True
Blue,1,1,0.001222538724,0.003566206626,True
Blue County,1,1,0.001222538724,0.003566206626,True
Blue Mercedes,1,1,0.001222538724,0.003566206626,True
Blueface & Rich The Kid,1,1,0.001222538724,0.003566206626,True
Bob Dylan/The Band,1,1,0.001222538724,0.003566206626,True
Bob Geldof,1,1,0.001222538724,0.003566206626,True
Bob Kayli,1,1,0.001222538724,0.003566206626,True
Bob Marley And The Wailers,1,1,0.001222538724,0.003566206626,True
Bob Mcgilpin,1,1,0.001222538724,0.003566206626,True
Bob Weir,1,1,0.001222538724,0.003566206626,True
Bobby Comstock And The Counts,1,1,0.001222538724,0.003566206626,True
Bobby Hatfield,1,1,0.001222538724,0.003566206626,True
Bobby Parker,1,1,0.001222538724,0.003566206626,True
"Bobby Pedrick, Jr.",1,1,0.001222538724,0.003566206626,True
Bobby Peterson,1,1,0.001222538724,0.003566206626,True
Bobby Pickett,1,1,0.001222538724,0.003566206626,True
Bobby Pinson,1,1,0.001222538724,0.003566206626,True
Bobby Rydell/Chubby Checker,1,1,0.001222538724,0.003566206626,True
Bobby Vee and The Crickets,1,1,0.001222538724,0.003566206626,True
Bobby Vee and The Shadows,1,1,0.001222538724,0.003566206626,True
Bobby Womack & Patti LaBelle,1,1,0.001222538724,0.003566206626,True
Bobby Wood,1,1,0.001222538724,0.003566206626,True
Bonnie McKee,1,1,0.001222538724,0.003566206626,True
Bonnie Raitt With Bryan Adams,1,1,0.001222538724,0.003566206626,True
Book Of Love,1,1,0.001222538724,0.003566206626,True
Boomer Castleman,1,1,0.001222538724,0.003566206626,True
Boomkat,1,1,0.001222538724,0.003566206626,True
BossMan DLow & Lil Baby,1,1,0.001222538724,0.003566206626,True
Boston Pops Orchestra / Arthur Fiedler,1,1,0.001222538724,0.003566206626,True
Bounty Killa featuring the Fugees,1,1,0.001222538724,0.003566206626,True
Bounty Killer Featuring Mobb Deep & Rappin' Noyd,1,1,0.001222538724,0.003566206626,True
Bow Wow Featuring Soulja Boy Tell'em,1,1,0.001222538724,0.003566206626,True
Boyd Bennett,1,1,0.001222538724,0.003566206626,True
Boyz II Men Featuring Brian McKnight,1,1,0.001222538724,0.003566206626,True
Brad Paisley Featuring LL Cool J,1,1,0.001222538724,0.003566206626,True
Brady Seals,1,1,0.001222538724,0.003566206626,True
Brainstorm,1,1,0.001222538724,0.003566206626,True
Brandi Carlile,1,1,0.001222538724,0.003566206626,True
Breathless,1,1,0.001222538724,0.003566206626,True
Brian McKnight Featuring Jermaine Dupri,1,1,0.001222538724,0.003566206626,True
"Bridgit Mendler, Adam Hicks, Naomi Scott & Hayley Kiyoko",1,1,0.001222538724,0.003566206626,True
British Lions,1,1,0.001222538724,0.003566206626,True
Britt Nicole,1,1,0.001222538724,0.003566206626,True
Bro Smith,1,1,0.001222538724,0.003566206626,True
Broadway,1,1,0.001222538724,0.003566206626,True
Brooklyn Bounce,1,1,0.001222538724,0.003566206626,True
Brooks & Dunn Featuring Billy Gibbons,1,1,0.001222538724,0.003566206626,True
Brooks & Dunn With Morgan Wallen,1,1,0.001222538724,0.003566206626,True
Bros,1,1,0.001222538724,0.003566206626,True
Brother Jack McDuff,1,1,0.001222538724,0.003566206626,True
Brother To Brother,1,1,0.001222538724,0.003566206626,True
Brown Sugar,1,1,0.001222538724,0.003566206626,True
Bruce & Terry,1,1,0.001222538724,0.003566206626,True
Bruce Foster,1,1,0.001222538724,0.003566206626,True
Bruce Hornsby & The Range With Shawn Colvin,1,1,0.001222538724,0.003566206626,True
Buckeye,1,1,0.001222538724,0.003566206626,True
Buckwheat,1,1,0.001222538724,0.003566206626,True
Buddy Starcher,1,1,0.001222538724,0.003566206626,True
Bumble Bee Unlimited,1,1,0.001222538724,0.003566206626,True
Burt Bacharach,1,1,0.001222538724,0.003566206626,True
Burt Reynolds,1,1,0.001222538724,0.003566206626,True
Bus Boys,1,1,0.001222538724,0.003566206626,True
Busta Rhymes Featuring Ron Browz,1,1,0.001222538724,0.003566206626,True
C Company Featuring Terry Nelson,1,1,0.001222538724,0.003566206626,True
C.C. & Company,1,1,0.001222538724,0.003566206626,True
C.C.S.,1,1,0.001222538724,0.003566206626,True
CRU Featuring Slick Rick,1,1,0.001222538724,0.003566206626,True
CSS,1,1,0.001222538724,0.003566206626,True
Cab Calloway,1,1,0.001222538724,0.003566206626,True
Cal Tjader,1,1,0.001222538724,0.003566206626,True
Calvin Harris Featuring Ayah Marar,1,1,0.001222538724,0.003566206626,True
Calvin Harris Featuring Kehlani & Lil Yachty,1,1,0.001222538724,0.003566206626,True
Calvin Harris X The Weeknd,1,1,0.001222538724,0.003566206626,True
"Calvin Harris, Dua Lipa & Young Thug",1,1,0.001222538724,0.003566206626,True
Cameron Whitcomb,1,1,0.001222538724,0.003566206626,True
Camila Cabello Featuring Quavo,1,1,0.001222538724,0.003566206626,True
Cannonball Adderley Orchestra,1,1,0.001222538724,0.003566206626,True
Cardi B & YG,1,1,0.001222538724,0.003566206626,True
Cardi B Featuring Chance The Rapper,1,1,0.001222538724,0.003566206626,True
Cardi B Featuring SZA,1,1,0.001222538724,0.003566206626,True
Carl Wilson,1,1,0.001222538724,0.003566206626,True
Carlos Santana & Buddy Miles,1,1,0.001222538724,0.003566206626,True
Carlos Vives & Shakira,1,1,0.001222538724,0.003566206626,True
Carly Rae Jepsen Featuring Nicki Minaj,1,1,0.001222538724,0.003566206626,True
Carolyne Mas,1,1,0.001222538724,0.003566206626,True
Carrie Lucas,1,1,0.001222538724,0.003566206626,True
Carrie Underwood & John Legend,1,1,0.001222538724,0.003566206626,True
Carrie Underwood Featuring Ludacris,1,1,0.001222538724,0.003566206626,True
Cartel,1,1,0.001222538724,0.003566206626,True
Casinos,1,1,0.001222538724,0.003566206626,True
Cazz,1,1,0.001222538724,0.003566206626,True
Cee-Lo,1,1,0.001222538724,0.003566206626,True
Cellarful Of Noise,1,1,0.001222538724,0.003566206626,True
Central Line,1,1,0.001222538724,0.003566206626,True
Cham Featuring Alicia Keys,1,1,0.001222538724,0.003566206626,True
Chamillionaire,1,1,0.001222538724,0.003566206626,True
Champagne,1,1,0.001222538724,0.003566206626,True
Charice Featuring Iyaz,1,1,0.001222538724,0.003566206626,True
Charles Brown,1,1,0.001222538724,0.003566206626,True
Charles Fox,1,1,0.001222538724,0.003566206626,True
Charli xcx Featuring Ariana Grande,1,1,0.001222538724,0.003566206626,True
Charli xcx Featuring Troye Sivan,1,1,0.001222538724,0.003566206626,True
Charlie Mccoy,1,1,0.001222538724,0.003566206626,True
Charlie Worsham,1,1,0.001222538724,0.003566206626,True
Charm,1,1,0.001222538724,0.003566206626,True
Charm Farm,1,1,0.001222538724,0.003566206626,True
Cherie,1,1,0.001222538724,0.003566206626,True
Cherie & Marie Currie,1,1,0.001222538724,0.003566206626,True
Cheyenne Kimball,1,1,0.001222538724,0.003566206626,True
Chico Holiday,1,1,0.001222538724,0.003566206626,True
Chicory,1,1,0.001222538724,0.003566206626,True
Chiddy Bang,1,1,0.001222538724,0.003566206626,True
China Anne McClain,1,1,0.001222538724,0.003566206626,True
"China Anne McClain, Thomas Doherty & Dylan Playfair",1,1,0.001222538724,0.003566206626,True
Chocolate Milk,1,1,0.001222538724,0.003566206626,True
Choirboys,1,1,0.001222538724,0.003566206626,True
Choppa Featuring Master P,1,1,0.001222538724,0.003566206626,True
Chris Brown Featuring Benny Benassi,1,1,0.001222538724,0.003566206626,True
Chris Brown Featuring Davido & Lojay,1,1,0.001222538724,0.003566206626,True
Chris Brown Featuring Plies,1,1,0.001222538724,0.003566206626,True
Chris Christian (with Amy Holland),1,1,0.001222538724,0.003566206626,True
Chris Columbo Quintet,1,1,0.001222538724,0.003566206626,True
Chris Daughtry,1,1,0.001222538724,0.003566206626,True
Chris Hodge,1,1,0.001222538724,0.003566206626,True
Chris Jamison,1,1,0.001222538724,0.003566206626,True
Chrisette Michele,1,1,0.001222538724,0.003566206626,True
Christina Aguilera & Chris Mann,1,1,0.001222538724,0.003566206626,True
Christina Aguilera Featuring Missy Elliott,1,1,0.001222538724,0.003566206626,True
Christina Aguilera Featuring Nicki Minaj,1,1,0.001222538724,0.003566206626,True
Christine Quaite,1,1,0.001222538724,0.003566206626,True
Christopher Atkins,1,1,0.001222538724,0.003566206626,True
Christopher Max,1,1,0.001222538724,0.003566206626,True
Christopher Paul And Shawn,1,1,0.001222538724,0.003566206626,True
Chubb Rock,1,1,0.001222538724,0.003566206626,True
Chuck Mangione With The Hamilton Philharmonic Orchestra,1,1,0.001222538724,0.003566206626,True
Chunky A,1,1,0.001222538724,0.003566206626,True
Ciara Featuring Nicki Minaj,1,1,0.001222538724,0.003566206626,True
Circus,1,1,0.001222538724,0.003566206626,True
Cissy Houston,1,1,0.001222538724,0.003566206626,True
City Girls & Usher,1,1,0.001222538724,0.003566206626,True
Cleveland Crochet and Band,1,1,0.001222538724,0.003566206626,True
Clipse Featuring Faith Evans,1,1,0.001222538724,0.003566206626,True
Clipse Featuring John Legend & Voices Of Fire,1,1,0.001222538724,0.003566206626,True
Clipse Featuring Kendrick Lamar,1,1,0.001222538724,0.003566206626,True
"Clipse Featuring Tyler, The Creator",1,1,0.001222538724,0.003566206626,True
Clive Griffin,1,1,0.001222538724,0.003566206626,True
Clout,1,1,0.001222538724,0.003566206626,True
Club 69 Featuring Suzanne Palmer,1,1,0.001222538724,0.003566206626,True
Club House,1,1,0.001222538724,0.003566206626,True
Clubland Featuring Zemya Hamilton,1,1,0.001222538724,0.003566206626,True
Cochise,1,1,0.001222538724,0.003566206626,True
Cody Jameson,1,1,0.001222538724,0.003566206626,True
Coi Leray & Nicki Minaj,1,1,0.001222538724,0.003566206626,True
Coi Leray & Pooh Shiesty,1,1,0.001222538724,0.003566206626,True
Coldplay X Selena Gomez,1,1,0.001222538724,0.003566206626,True
Collay & the Satellites,1,1,0.001222538724,0.003566206626,True
Common & John Legend,1,1,0.001222538724,0.003566206626,True
Common Featuring Pharrell,1,1,0.001222538724,0.003566206626,True
Continental Miniatures,1,1,0.001222538724,0.003566206626,True
Cooker,1,1,0.001222538724,0.003566206626,True
Cool Heat,1,1,0.001222538724,0.003566206626,True
Cooper Brothers Band,1,1,0.001222538724,0.003566206626,True
Corbin Bleu,1,1,0.001222538724,0.003566206626,True
Cornbread & Biscuits,1,1,0.001222538724,0.003566206626,True
Cory Daye,1,1,0.001222538724,0.003566206626,True
Country Coalition,1,1,0.001222538724,0.003566206626,True
Craig Wayne Boyd,1,1,0.001222538724,0.003566206626,True
Creative Source,1,1,0.001222538724,0.003566206626,True
Crystal Mansion Featuring Johnny Caswell,1,1,0.001222538724,0.003566206626,True
Cugini,1,1,0.001222538724,0.003566206626,True
Current,1,1,0.001222538724,0.003566206626,True
Curtie & The Boom Box,1,1,0.001222538724,0.003566206626,True
Cut 'N' Move,1,1,0.001222538724,0.003566206626,True
Cyclones,1,1,0.001222538724,0.003566206626,True
D Train,1,1,0.001222538724,0.003566206626,True
D'Angelo Featuring Method Man And Redman,1,1,0.001222538724,0.003566206626,True
DAY26,1,1,0.001222538724,0.003566206626,True
DAY26 Featuring P. Diddy & Yung Joc,1,1,0.001222538724,0.003566206626,True
"DJ Drama Featuring Wale, Tyga & Roscoe Dash",1,1,0.001222538724,0.003566206626,True
"DJ Khaled Featuring Lil Wayne, Paul Wall, Fat Joe, Rick Ross & Pitbull",1,1,0.001222538724,0.003566206626,True
"DJ Khaled Featuring Rick Ross, Lil Wayne, JAY-Z, John Legend & Fridayy",1,1,0.001222538724,0.003566206626,True
"DJ Khaled Featuring Rick Ross, Plies, Lil Wayne & T-Pain",1,1,0.001222538724,0.003566206626,True
"DJ Khaled, Future & Lil Baby",1,1,0.001222538724,0.003566206626,True
"DJ Khaled, Lil Baby, Future & Lil Uzi Vert",1,1,0.001222538724,0.003566206626,True
DJ Laz Featuring Flo Rida & Casely,1,1,0.001222538724,0.003566206626,True
DaBaby X Lil Wayne,1,1,0.001222538724,0.003566206626,True
Daddy Yankee & Bad Bunny,1,1,0.001222538724,0.003566206626,True
Dale Wright And The Wright Guys With the Dons,1,1,0.001222538724,0.003566206626,True
Dallas Frazier,1,1,0.001222538724,0.003566206626,True
Damage,1,1,0.001222538724,0.003566206626,True
Damizza Presents Shade Sheist Featuring Nate Dogg & Kurupt,1,1,0.001222538724,0.003566206626,True
Dan Peek,1,1,0.001222538724,0.003566206626,True
Dana Rollin,1,1,0.001222538724,0.003566206626,True
"Dancer, Prancer And Nervous",1,1,0.001222538724,0.003566206626,True
Daniel Caesar Featuring Kali Uchis,1,1,0.001222538724,0.003566206626,True
Daniel Rodriguez,1,1,0.001222538724,0.003566206626,True
Danny & The Juniors with Freddy Cannon,1,1,0.001222538724,0.003566206626,True
Danny Hutton,1,1,0.001222538724,0.003566206626,True
Danny Peppermint and the Jumping Jacks,1,1,0.001222538724,0.003566206626,True
Danny White,1,1,0.001222538724,0.003566206626,True
Dante Thomas Featuring Pras,1,1,0.001222538724,0.003566206626,True
Darren Hayes,1,1,0.001222538724,0.003566206626,True
Darrow Fletcher,1,1,0.001222538724,0.003566206626,True
Das EFX (Featuring Mobb Deep),1,1,0.001222538724,0.003566206626,True
"Dave Dee, Dozy, Beaky, Mick And Tich",1,1,0.001222538724,0.003566206626,True
Dave York and The Beachcombers,1,1,0.001222538724,0.003566206626,True
David Blue,1,1,0.001222538724,0.003566206626,True
David Crosby/Graham Nash,1,1,0.001222538724,0.003566206626,True
David Gilmour,1,1,0.001222538724,0.003566206626,True
David Guetta Featuring Kelly Rowland,1,1,0.001222538724,0.003566206626,True
David Houston & Tammy Wynette,1,1,0.001222538724,0.003566206626,True
David Jones,1,1,0.001222538724,0.003566206626,True
David Laflamme,1,1,0.001222538724,0.003566206626,True
David Pack,1,1,0.001222538724,0.003566206626,True
David Seville,1,1,0.001222538724,0.003566206626,True
Daze,1,1,0.001222538724,0.003566206626,True
De La Soul Featuring Chaka Khan,1,1,0.001222538724,0.003566206626,True
DeJohn Sisters,1,1,0.001222538724,0.003566206626,True
Dean & Marc,1,1,0.001222538724,0.003566206626,True
Dean Christie,1,1,0.001222538724,0.003566206626,True
Dean Martin & Sammy Davis Jr.,1,1,0.001222538724,0.003566206626,True
Debbie Campbell,1,1,0.001222538724,0.003566206626,True
Debbie Dovale,1,1,0.001222538724,0.003566206626,True
Debbie Jacobs,1,1,0.001222538724,0.003566206626,True
Debra Laws,1,1,0.001222538724,0.003566206626,True
Del Reeves,1,1,0.001222538724,0.003566206626,True
Delaney & Bonnie & Friends/Eric Clapton,1,1,0.001222538724,0.003566206626,True
Della Humphrey,1,1,0.001222538724,0.003566206626,True
Demi Lovato & Joe Jonas,1,1,0.001222538724,0.003566206626,True
Demi Lovato Featuring Ariana Grande,1,1,0.001222538724,0.003566206626,True
Dennis Lloyd,1,1,0.001222538724,0.003566206626,True
Denny Reed,1,1,0.001222538724,0.003566206626,True
Derringer,1,1,0.001222538724,0.003566206626,True
Deryl Dodd,1,1,0.001222538724,0.003566206626,True
Descendants 2 Cast,1,1,0.001222538724,0.003566206626,True
Dia Frampton,1,1,0.001222538724,0.003566206626,True
Diamond Reo,1,1,0.001222538724,0.003566206626,True
Diana DeGarmo,1,1,0.001222538724,0.003566206626,True
Diana Williams,1,1,0.001222538724,0.003566206626,True
Diane Kolby,1,1,0.001222538724,0.003566206626,True
Dick Feller,1,1,0.001222538724,0.003566206626,True
Dick Roman,1,1,0.001222538724,0.003566206626,True
"Diddy, French Montana & The Weeknd Featuring 21 Savage",1,1,0.001222538724,0.003566206626,True
Die Beatles,1,1,0.001222538724,0.003566206626,True
Dina Carroll,1,1,0.001222538724,0.003566206626,True
Diplo Featuring Trippie Redd,1,1,0.001222538724,0.003566206626,True
"Diplo, French Montana & Lil Pump Featuring Zhavia Ward",1,1,0.001222538724,0.003566206626,True
"Diplo, Jessie Murph & Polo G",1,1,0.001222538724,0.003566206626,True
Diving For Pearls,1,1,0.001222538724,0.003566206626,True
Doechii & SZA,1,1,0.001222538724,0.003566206626,True
Dolla Featuring T-Pain & Tay Dizm,1,1,0.001222538724,0.003566206626,True
Don Brown,1,1,0.001222538724,0.003566206626,True
Don French,1,1,0.001222538724,0.003566206626,True
Don Omar,1,1,0.001222538724,0.003566206626,True
Don Omar & Lucenzo,1,1,0.001222538724,0.003566206626,True
Don Toliver Featuring Charlie Wilson & Cash Cobain,1,1,0.001222538724,0.003566206626,True
Don Toliver Featuring Kodak Black,1,1,0.001222538724,0.003566206626,True
Don Toliver Featuring Yeat,1,1,0.001222538724,0.003566206626,True
Donna Lynn,1,1,0.001222538724,0.003566206626,True
Donna McDaniel,1,1,0.001222538724,0.003566206626,True
Donovan/Jeff Beck Group,1,1,0.001222538724,0.003566206626,True
Dooley Silverspoon,1,1,0.001222538724,0.003566206626,True
Dorothy Morrison,1,1,0.001222538724,0.003566206626,True
Dorothy Norwood,1,1,0.001222538724,0.003566206626,True
Drafi,1,1,0.001222538724,0.003566206626,True
Dragon,1,1,0.001222538724,0.003566206626,True
DragonForce,1,1,0.001222538724,0.003566206626,True
Drake & 21 Savage Featuring Travis Scott,1,1,0.001222538724,0.003566206626,True
Drake & Iconic Savvy,1,1,0.001222538724,0.003566206626,True
Drake & Popcaan,1,1,0.001222538724,0.003566206626,True
Drake & Qendresa,1,1,0.001222538724,0.003566206626,True
Drake & Sexyy Red,1,1,0.001222538724,0.003566206626,True
Drake & Stunna Sandy,1,1,0.001222538724,0.003566206626,True
Drake & Yebba,1,1,0.001222538724,0.003566206626,True
Drake Featuring Bad Bunny,1,1,0.001222538724,0.003566206626,True
Drake Featuring Chief Keef,1,1,0.001222538724,0.003566206626,True
Drake Featuring Kid Cudi,1,1,0.001222538724,0.003566206626,True
Drake Featuring Lil Wayne & Rick Ross,1,1,0.001222538724,0.003566206626,True
Drake Featuring Lil Yachty,1,1,0.001222538724,0.003566206626,True
Drake Featuring Michael Jackson,1,1,0.001222538724,0.003566206626,True
Drake Featuring Playboi Carti,1,1,0.001222538724,0.003566206626,True
Drake Featuring Sexyy Red,1,1,0.001222538724,0.003566206626,True
Drake Featuring Static Major & Ty Dolla $ign,1,1,0.001222538724,0.003566206626,True
Drake Featuring Teezo Touchdown,1,1,0.001222538724,0.003566206626,True
Drake Featuring Tems,1,1,0.001222538724,0.003566206626,True
Drake Featuring Ty Dolla $ign,1,1,0.001222538724,0.003566206626,True
"Drake, Julia Wolf & Yeat",1,1,0.001222538724,0.003566206626,True
"Drake, Young Thug & 21 Savage",1,1,0.001222538724,0.003566206626,True
"Dreamville Featuring J. Cole, Lute & DaBaby",1,1,0.001222538724,0.003566206626,True
"Dreamville Featuring JID, Bas, J. Cole, EARTHGANG & Young Nudy",1,1,0.001222538724,0.003566206626,True
Drew Baldridge,1,1,0.001222538724,0.003566206626,True
Drupi,1,1,0.001222538724,0.003566206626,True
Duke & The Drivers,1,1,0.001222538724,0.003566206626,True
Dylan Marlowe & Dylan Scott,1,1,0.001222538724,0.003566206626,True
Dynamic Superiors,1,1,0.001222538724,0.003566206626,True
Dynasty,1,1,0.001222538724,0.003566206626,True
EOL,1,1,0.001222538724,0.003566206626,True
"EST Gee Featuring Lil Baby, 42 Dugg & Rylo Rodriguez",1,1,0.001222538724,0.003566206626,True
Earnest Jackson,1,1,0.001222538724,0.003566206626,True
Earth Opera,1,1,0.001222538724,0.003566206626,True
East L.A. Car Pool,1,1,0.001222538724,0.003566206626,True
Easy Street,1,1,0.001222538724,0.003566206626,True
Ed Sheeran & Travis Scott,1,1,0.001222538724,0.003566206626,True
Ed Sheeran Featuring Eminem & 50 Cent,1,1,0.001222538724,0.003566206626,True
Ed Sheeran Featuring Luke Combs,1,1,0.001222538724,0.003566206626,True
Ed Sheeran Featuring Taylor Swift,1,1,0.001222538724,0.003566206626,True
Ed Sheeran Featuring YEBBA,1,1,0.001222538724,0.003566206626,True
Ed Sheeran With Chris Stapleton & Bruno Mars,1,1,0.001222538724,0.003566206626,True
Eddie & Dutch,1,1,0.001222538724,0.003566206626,True
Eddie & The Tide,1,1,0.001222538724,0.003566206626,True
Eddie Fontaine,1,1,0.001222538724,0.003566206626,True
Eddie Lovette,1,1,0.001222538724,0.003566206626,True
Eddie Money (with Valerie Carter),1,1,0.001222538724,0.003566206626,True
Edmundo Ros and His Orchestra,1,1,0.001222538724,0.003566206626,True
Eivets Rednow,1,1,0.001222538724,0.003566206626,True
El Alfa x Peso Pluma,1,1,0.001222538724,0.003566206626,True
Electric Boys,1,1,0.001222538724,0.003566206626,True
Elevation Worship & Chandler Moore,1,1,0.001222538724,0.003566206626,True
Ella Langley & Miranda Lambert,1,1,0.001222538724,0.003566206626,True
Ella Washington,1,1,0.001222538724,0.003566206626,True
Ellen Foley,1,1,0.001222538724,0.003566206626,True
Ellie Greenwich,1,1,0.001222538724,0.003566206626,True
Ellison Chase,1,1,0.001222538724,0.003566206626,True
Elton John & RuPaul,1,1,0.001222538724,0.003566206626,True
Elvis Crespo,1,1,0.001222538724,0.003566206626,True
Emilia,1,1,0.001222538724,0.003566206626,True
Eminem & Ez Mil,1,1,0.001222538724,0.003566206626,True
Eminem & Jelly Roll,1,1,0.001222538724,0.003566206626,True
Eminem & Skylar Grey,1,1,0.001222538724,0.003566206626,True
Eminem & Sly Pyper,1,1,0.001222538724,0.003566206626,True
Eminem Featuring Dr. Dre,1,1,0.001222538724,0.003566206626,True
Eminem Featuring Royce Da 5'9,1,1,0.001222538724,0.003566206626,True
"Eminem, Big Sean & BabyTron",1,1,0.001222538724,0.003566206626,True
"Eminem, Dem Jointz & Sly Pyper",1,1,0.001222538724,0.003566206626,True
Emmanuel Cortes,1,1,0.001222538724,0.003566206626,True
Empire Cast Featuring Estelle & Jussie Smollett,1,1,0.001222538724,0.003566206626,True
Empire Cast Featuring Jussie Smollett,1,1,0.001222538724,0.003566206626,True
Empire Cast Featuring Jussie Smollett & Yazz,1,1,0.001222538724,0.003566206626,True
England Dan Seals,1,1,0.001222538724,0.003566206626,True
Enoch Light & The Light Brigade,1,1,0.001222538724,0.003566206626,True
Enrique Iglesias Featuring Bad Bunny,1,1,0.001222538724,0.003566206626,True
Enrique Iglesias Featuring Juan Luis Guerra,1,1,0.001222538724,0.003566206626,True
Enrique Iglesias Featuring Romeo Santos,1,1,0.001222538724,0.003566206626,True
Eric B. & Rakim,1,1,0.001222538724,0.003566206626,True
Eric Hine,1,1,0.001222538724,0.003566206626,True
Eric Martin,1,1,0.001222538724,0.003566206626,True
Eric Troyer,1,1,0.001222538724,0.003566206626,True
Erma Franklin,1,1,0.001222538724,0.003566206626,True
Ernestine Anderson,1,1,0.001222538724,0.003566206626,True
EsDeeKid & Rico Ace,1,1,0.001222538724,0.003566206626,True
Eslabon Armado Featuring DannyLux,1,1,0.001222538724,0.003566206626,True
Eternity's Children,1,1,0.001222538724,0.003566206626,True
Eugene Church,1,1,0.001222538724,0.003566206626,True
Eurogliders,1,1,0.001222538724,0.003566206626,True
Eve & Jadakiss,1,1,0.001222538724,0.003566206626,True
Every Father's Teenage Son,1,1,0.001222538724,0.003566206626,True
Everything,1,1,0.001222538724,0.003566206626,True
Everything Is Everything,1,1,0.001222538724,0.003566206626,True
Fabu,1,1,0.001222538724,0.003566206626,True
Fabulous Counts,1,1,0.001222538724,0.003566206626,True
Fabulous Poodles,1,1,0.001222538724,0.003566206626,True
Fairground Attraction,1,1,0.001222538724,0.003566206626,True
Fall Out Boy Featuring John Mayer,1,1,0.001222538724,0.003566206626,True
Fantasia Featuring Kelly Rowland & Missy Elliott,1,1,0.001222538724,0.003566206626,True
Far Corporation,1,1,0.001222538724,0.003566206626,True
"Farruko, Nicki Minaj, Bad Bunny, 21 Savage & Rvssian",1,1,0.001222538724,0.003566206626,True
Favorite Angel,1,1,0.001222538724,0.003566206626,True
Feargal Sharkey,1,1,0.001222538724,0.003566206626,True
Fefe Dobson,1,1,0.001222538724,0.003566206626,True
Felice Taylor,1,1,0.001222538724,0.003566206626,True
Fever Tree,1,1,0.001222538724,0.003566206626,True
Figures On A Beach,1,1,0.001222538724,0.003566206626,True
Finesse2Tymes,1,1,0.001222538724,0.003566206626,True
Fire And Rain,1,1,0.001222538724,0.003566206626,True
Fire Inc.,1,1,0.001222538724,0.003566206626,True
Five By Five,1,1,0.001222538724,0.003566206626,True
"Five Finger Death Punch Featuring Kenny Wayne Shepherd, Brantley Gilbert & Brian May",1,1,0.001222538724,0.003566206626,True
Flash And The Pan,1,1,0.001222538724,0.003566206626,True
Flip Cartridge,1,1,0.001222538724,0.003566206626,True
Flo Rida Featuring Nelly Furtado,1,1,0.001222538724,0.003566206626,True
Fragma,1,1,0.001222538724,0.003566206626,True
Frank DeVol And His Rainbow Strings,1,1,0.001222538724,0.003566206626,True
Frank Lucas,1,1,0.001222538724,0.003566206626,True
Frank Sinatra & Sammy Davis Jr.,1,1,0.001222538724,0.003566206626,True
Frankie Calen,1,1,0.001222538724,0.003566206626,True
Frankie Lymon,1,1,0.001222538724,0.003566206626,True
Frankie Valli & Chris Forde,1,1,0.001222538724,0.003566206626,True
Freak Nasty Featuring Crazy Mike,1,1,0.001222538724,0.003566206626,True
Fred Schneider,1,1,0.001222538724,0.003566206626,True
Freddie Hughes,1,1,0.001222538724,0.003566206626,True
Freddy Cannon & The Belmonts,1,1,0.001222538724,0.003566206626,True
Freedom Williams,1,1,0.001222538724,0.003566206626,True
French Montana & Max B,1,1,0.001222538724,0.003566206626,True
French Montana Featuring Nicki Minaj,1,1,0.001222538724,0.003566206626,True
"French Montana Featuring Post Malone, Cardi B & Rvssian",1,1,0.001222538724,0.003566206626,True
Funkdoobiest,1,1,0.001222538724,0.003566206626,True
Funkmaster Flex Featuring DMX,1,1,0.001222538724,0.003566206626,True
Future & Young Thug Featuring Offset,1,1,0.001222538724,0.003566206626,True
Future Featuring Kanye West,1,1,0.001222538724,0.003566206626,True
Future Featuring Lil Uzi Vert,1,1,0.001222538724,0.003566206626,True
Future Featuring Nicki Minaj,1,1,0.001222538724,0.003566206626,True
Future Featuring Travis Scott,1,1,0.001222538724,0.003566206626,True
Future Featuring Young Thug,1,1,0.001222538724,0.003566206626,True
Future Featuring YoungBoy Never Broke Again,1,1,0.001222538724,0.003566206626,True
"Future, Metro Boomin & A$AP Rocky",1,1,0.001222538724,0.003566206626,True
"Future, Metro Boomin & Brownstone",1,1,0.001222538724,0.003566206626,True
"Future, Metro Boomin & J. Cole",1,1,0.001222538724,0.003566206626,True
"Future, Metro Boomin & Lil Baby",1,1,0.001222538724,0.003566206626,True
"G Herbo Featuring Chance The Rapper, Juice WRLD & Lil Uzi Vert",1,1,0.001222538724,0.003566206626,True
G-Eazy,1,1,0.001222538724,0.003566206626,True
G-Eazy & Kehlani,1,1,0.001222538724,0.003566206626,True
G-Eazy Featuring Chris Brown & Tory Lanez,1,1,0.001222538724,0.003566206626,True
G-Eazy Featuring Marc E. Bassy,1,1,0.001222538724,0.003566206626,True
G-Eazy Featuring Remo,1,1,0.001222538724,0.003566206626,True
G-Eazy Featuring blackbear,1,1,0.001222538724,0.003566206626,True
G.L. Crockett,1,1,0.001222538724,0.003566206626,True
Gabriel,1,1,0.001222538724,0.003566206626,True
Gabriel Kaplan,1,1,0.001222538724,0.003566206626,True
Game Featuring Lil Wayne,1,1,0.001222538724,0.003566206626,True
Gardner Cole,1,1,0.001222538724,0.003566206626,True
Garrett Hedlund & Leighton Meester,1,1,0.001222538724,0.003566206626,True
Garth Brooks & Blake Shelton,1,1,0.001222538724,0.003566206626,True
Gary & Dave,1,1,0.001222538724,0.003566206626,True
Gary And The Hornets,1,1,0.001222538724,0.003566206626,True
Gary Moore,1,1,0.001222538724,0.003566206626,True
Gary O',1,1,0.001222538724,0.003566206626,True
Gary Portnoy,1,1,0.001222538724,0.003566206626,True
Gaylord & Holiday,1,1,0.001222538724,0.003566206626,True
Geils,1,1,0.001222538724,0.003566206626,True
Gene Simmons,1,1,0.001222538724,0.003566206626,True
General Larry Platt,1,1,0.001222538724,0.003566206626,True
Genius/GZA Featuring Inspektah Deck,1,1,0.001222538724,0.003566206626,True
Gentle Persuasion,1,1,0.001222538724,0.003566206626,True
Genya Ravan,1,1,0.001222538724,0.003566206626,True
George Fischoff,1,1,0.001222538724,0.003566206626,True
George McCurn,1,1,0.001222538724,0.003566206626,True
George Perkins & The Silver Stars,1,1,0.001222538724,0.003566206626,True
George Torrence & The Naturals,1,1,0.001222538724,0.003566206626,True
Georgia Gibbs,1,1,0.001222538724,0.003566206626,True
Geto Boys Featuring Flaj,1,1,0.001222538724,0.003566206626,True
Ghost,1,1,0.001222538724,0.003566206626,True
Gidea Park featuring Adrian Baker,1,1,0.001222538724,0.003566206626,True
Ginger Baker's Air Force,1,1,0.001222538724,0.003566206626,True
Gino Soccio,1,1,0.001222538724,0.003566206626,True
Giorgio,1,1,0.001222538724,0.003566206626,True
Giorgio Moroder (Featuring Paul Engeman),1,1,0.001222538724,0.003566206626,True
Glee Cast Featuring 2Cellos,1,1,0.001222538724,0.003566206626,True
Glen Campbell/Anne Murray,1,1,0.001222538724,0.003566206626,True
Glenn Medeiros (Featuring The Stylistics),1,1,0.001222538724,0.003566206626,True
Glenn Sutton,1,1,0.001222538724,0.003566206626,True
Gloria Walker,1,1,0.001222538724,0.003566206626,True
Gloria Walker/Chevelles,1,1,0.001222538724,0.003566206626,True
Goanna,1,1,0.001222538724,0.003566206626,True
Good Question,1,1,0.001222538724,0.003566206626,True
Goody Goody,1,1,0.001222538724,0.003566206626,True
Googie Rene Combo,1,1,0.001222538724,0.003566206626,True
Gorillaz Featuring Shaun Ryder,1,1,0.001222538724,0.003566206626,True
Grace Slick,1,1,0.001222538724,0.003566206626,True
Graham Parker,1,1,0.001222538724,0.003566206626,True
Grand Canyon,1,1,0.001222538724,0.003566206626,True
Gravediggaz,1,1,0.001222538724,0.003566206626,True
Grin,1,1,0.001222538724,0.003566206626,True
Group Home,1,1,0.001222538724,0.003566206626,True
Grupo Firme,1,1,0.001222538724,0.003566206626,True
Grupo Marca Registrada X Grupo Frontera,1,1,0.001222538724,0.003566206626,True
Gucci Mane & Kodak Black,1,1,0.001222538724,0.003566206626,True
Gucci Mane Featuring Offset,1,1,0.001222538724,0.003566206626,True
Gunna & 21 Savage,1,1,0.001222538724,0.003566206626,True
Gunna Featuring G Herbo,1,1,0.001222538724,0.003566206626,True
Gunna Featuring Kodak Black,1,1,0.001222538724,0.003566206626,True
Gunna Featuring Lil Baby,1,1,0.001222538724,0.003566206626,True
Gunna Featuring Wizkid,1,1,0.001222538724,0.003566206626,True
Guy Marks,1,1,0.001222538724,0.003566206626,True
Gwyneth Paltrow,1,1,0.001222538724,0.003566206626,True
Gym Class Heroes,1,1,0.001222538724,0.003566206626,True
Gym Class Heroes Featuring The-Dream,1,1,0.001222538724,0.003566206626,True
Gypsy,1,1,0.001222538724,0.003566206626,True
Gyrl,1,1,0.001222538724,0.003566206626,True
H.B. Barnum,1,1,0.001222538724,0.003566206626,True
H3adband,1,1,0.001222538724,0.003566206626,True
"Hagar, Schon, Aaronson, Shrieve",1,1,0.001222538724,0.003566206626,True
Hailey Whitters,1,1,0.001222538724,0.003566206626,True
Hamilton Camp,1,1,0.001222538724,0.003566206626,True
Hank Thompson,1,1,0.001222538724,0.003566206626,True
Hank Wilson,1,1,0.001222538724,0.003566206626,True
Hannah Montana Featuring David Archuleta,1,1,0.001222538724,0.003566206626,True
Harvey Scales,1,1,0.001222538724,0.003566206626,True
Haysi Fantayzee,1,1,0.001222538724,0.003566206626,True
Heartsfield,1,1,0.001222538724,0.003566206626,True
Heaven 17,1,1,0.001222538724,0.003566206626,True
Helena Ferguson,1,1,0.001222538724,0.003566206626,True
Heltah Skeltah And O.G.C. As The Fab 5,1,1,0.001222538724,0.003566206626,True
Heltah Skeltah Featuring Starang Wondah Of O.G.C. & Doc Holiday,1,1,0.001222538724,0.003566206626,True
Henhouse Five Plus Too,1,1,0.001222538724,0.003566206626,True
Herb Lance & The Classics,1,1,0.001222538724,0.003566206626,True
Hey Violet,1,1,0.001222538724,0.003566206626,True
High School Musical 2 Cast,1,1,0.001222538724,0.003566206626,True
High School Musical Cast,1,1,0.001222538724,0.003566206626,True
Hitman Sammy Sam,1,1,0.001222538724,0.003566206626,True
"Hodges, James And Smith",1,1,0.001222538724,0.003566206626,True
Hog Heaven,1,1,0.001222538724,0.003566206626,True
Holly Johnson,1,1,0.001222538724,0.003566206626,True
Home Team,1,1,0.001222538724,0.003566206626,True
Hoodie Allen Featuring Ed Sheeran,1,1,0.001222538724,0.003566206626,True
Hot Sauce,1,1,0.001222538724,0.003566206626,True
Houston Person,1,1,0.001222538724,0.003566206626,True
Hoyt Axton,1,1,0.001222538724,0.003566206626,True
Huelyn Duvall,1,1,0.001222538724,0.003566206626,True
"Huey ""piano"" Smith With His Clowns",1,1,0.001222538724,0.003566206626,True
"Hugh Jackman, Keala Settle, Zac Efron, Zendaya & The Greatest Showman Ensemble",1,1,0.001222538724,0.003566206626,True
Hugh Laurie,1,1,0.001222538724,0.003566206626,True
Hughes/Thrall,1,1,0.001222538724,0.003566206626,True
Hurricane Chris Featuring Big Poppa,1,1,0.001222538724,0.003566206626,True
Ian Hunter,1,1,0.001222538724,0.003566206626,True
Ian Whitcomb,1,1,0.001222538724,0.003566206626,True
Ice Spice & Central Cee,1,1,0.001222538724,0.003566206626,True
Iconz Featuring Tony Manshino,1,1,0.001222538724,0.003566206626,True
Iggy Azalea Featuring Jennifer Hudson,1,1,0.001222538724,0.003566206626,True
Ike & Tina Turner Featuring Tina,1,1,0.001222538724,0.003566206626,True
Ike Clanton,1,1,0.001222538724,0.003566206626,True
Illegal,1,1,0.001222538724,0.003566206626,True
Impact,1,1,0.001222538724,0.003566206626,True
Independents,1,1,0.001222538724,0.003566206626,True
Inez & Charlie Foxx,1,1,0.001222538724,0.003566206626,True
Insane Clown Posse,1,1,0.001222538724,0.003566206626,True
"Internet Money, Don Toliver & Lil Uzi Vert Featuring Gunna",1,1,0.001222538724,0.003566206626,True
Intonation Featuring Joee,1,1,0.001222538724,0.003566206626,True
Isaac Hayes & David Porter,1,1,0.001222538724,0.003566206626,True
Isle Of Man,1,1,0.001222538724,0.003566206626,True
Isyss Featuring Jadakiss,1,1,0.001222538724,0.003566206626,True
Ivan,1,1,0.001222538724,0.003566206626,True
Ivo Robic,1,1,0.001222538724,0.003566206626,True
Ivory,1,1,0.001222538724,0.003566206626,True
J Balvin & Skrillex,1,1,0.001222538724,0.003566206626,True
J. Blackfoot,1,1,0.001222538724,0.003566206626,True
J. Cole & Future,1,1,0.001222538724,0.003566206626,True
"J. Cole, Bas & 6LACK",1,1,0.001222538724,0.003566206626,True
"J. Cole, Tems & Future",1,1,0.001222538724,0.003566206626,True
J.I The Prince Of N.Y,1,1,0.001222538724,0.003566206626,True
JAY-Z Featuring Beyonce,1,1,0.001222538724,0.003566206626,True
"JAY-Z Featuring Damian ""Jr. Gong"" Marely",1,1,0.001222538724,0.003566206626,True
JAY-Z Featuring Frank Ocean,1,1,0.001222538724,0.003566206626,True
JAY-Z Featuring Gloria Carter,1,1,0.001222538724,0.003566206626,True
JENNIE,1,1,0.001222538724,0.003566206626,True
JIN,1,1,0.001222538724,0.003566206626,True
JISOO & ZAYN,1,1,0.001222538724,0.003566206626,True
Ja-Kki,1,1,0.001222538724,0.003566206626,True
Jack Black,1,1,0.001222538724,0.003566206626,True
Jack Eubanks,1,1,0.001222538724,0.003566206626,True
Jack Harlow & Pooh Shiesty,1,1,0.001222538724,0.003566206626,True
Jack Harlow Featuring Big Sean,1,1,0.001222538724,0.003566206626,True
Jack Harlow Featuring Drake,1,1,0.001222538724,0.003566206626,True
Jack White & Alicia Keys,1,1,0.001222538724,0.003566206626,True
Jack Wild,1,1,0.001222538724,0.003566206626,True
Jackie English,1,1,0.001222538724,0.003566206626,True
Jacquie Lee,1,1,0.001222538724,0.003566206626,True
Jade Anderson,1,1,0.001222538724,0.003566206626,True
Jake Paul Featuring Team 10,1,1,0.001222538724,0.003566206626,True
Jake Worthington,1,1,0.001222538724,0.003566206626,True
James Last,1,1,0.001222538724,0.003566206626,True
James Phelps,1,1,0.001222538724,0.003566206626,True
Jamestown Massacre,1,1,0.001222538724,0.003566206626,True
Jamie Foxx,1,1,0.001222538724,0.003566206626,True
Jamie Horton,1,1,0.001222538724,0.003566206626,True
Jamie N Commons & X Ambassadors,1,1,0.001222538724,0.003566206626,True
Jamo Thomas & His Party Brothers Orchestra,1,1,0.001222538724,0.003566206626,True
Jan And Kjeld,1,1,0.001222538724,0.003566206626,True
Janelle Monae & Jidenna,1,1,0.001222538724,0.003566206626,True
Janey Street,1,1,0.001222538724,0.003566206626,True
Jason Derulo Featuring Adam Levine,1,1,0.001222538724,0.003566206626,True
Javier,1,1,0.001222538724,0.003566206626,True
Jay Black,1,1,0.001222538724,0.003566206626,True
Jay Z Featuring Frank Ocean,1,1,0.001222538724,0.003566206626,True
Jay Z Kanye West Featuring Frank Ocean,1,1,0.001222538724,0.003566206626,True
Jay-Z Featuring Babyface And Foxy Brown,1,1,0.001222538724,0.003566206626,True
Jean & The Darlings,1,1,0.001222538724,0.003566206626,True
Jean Shepard,1,1,0.001222538724,0.003566206626,True
Jeannie Ortega Featuring Papoose,1,1,0.001222538724,0.003566206626,True
Jeezy Featuring Jay Z,1,1,0.001222538724,0.003566206626,True
Jeff Buckley,1,1,0.001222538724,0.003566206626,True
Jeff Lynne,1,1,0.001222538724,0.003566206626,True
Jellybean Featuring Niki Haris,1,1,0.001222538724,0.003566206626,True
Jellybean Featuring Steven Dante,1,1,0.001222538724,0.003566206626,True
Jennie,1,1,0.001222538724,0.003566206626,True
Jennifer Hudson & Ne-Yo Featuring Rick Ross,1,1,0.001222538724,0.003566206626,True
Jennifer Lopez & Lin-Manuel Miranda,1,1,0.001222538724,0.003566206626,True
Jennifer Lopez Featuring French Montana,1,1,0.001222538724,0.003566206626,True
Jennifer Lopez Featuring Iggy Azalea Or Pitbull,1,1,0.001222538724,0.003566206626,True
Jennifer Warnes/Chris Thompson,1,1,0.001222538724,0.003566206626,True
Jenny Burton & Patrick Jude,1,1,0.001222538724,0.003566206626,True
Jermaine Paul,1,1,0.001222538724,0.003566206626,True
Jerry Butler Featuring Brenda Lee Eager,1,1,0.001222538724,0.003566206626,True
Jerry Butler and The Impressions,1,1,0.001222538724,0.003566206626,True
Jerry Landis,1,1,0.001222538724,0.003566206626,True
Jerry Naylor,1,1,0.001222538724,0.003566206626,True
Jerry Smith and his Pianos,1,1,0.001222538724,0.003566206626,True
Jeru The Damaja,1,1,0.001222538724,0.003566206626,True
Jesse Anderson,1,1,0.001222538724,0.003566206626,True
Jesse Jaymes,1,1,0.001222538724,0.003566206626,True
Jessica Simpson Featuring Nick Lachey,1,1,0.001222538724,0.003566206626,True
Jessie J Featuring 2 Chainz,1,1,0.001222538724,0.003566206626,True
Jhene Aiko Featuring Big Sean,1,1,0.001222538724,0.003566206626,True
Jill Corey,1,1,0.001222538724,0.003566206626,True
Jim Campbell,1,1,0.001222538724,0.003566206626,True
Jim Hurt,1,1,0.001222538724,0.003566206626,True
Jim Kirk And The Tm Singers,1,1,0.001222538724,0.003566206626,True
Jim and Monica,1,1,0.001222538724,0.003566206626,True
Jimmie Beaumont,1,1,0.001222538724,0.003566206626,True
Jimmy Beck & His Orchestra,1,1,0.001222538724,0.003566206626,True
Jimmy Bowen with the Rhythm Orchids,1,1,0.001222538724,0.003566206626,True
Jimmy Cross,1,1,0.001222538724,0.003566206626,True
Jimmy Davis & Junction,1,1,0.001222538724,0.003566206626,True
Jimmy Delphs,1,1,0.001222538724,0.003566206626,True
Jimmy Fallon Featuring will.i.am,1,1,0.001222538724,0.003566206626,True
Jimmy Smith With Kenny Burrell And Grady Tate,1,1,0.001222538724,0.003566206626,True
Jimmy Somerville,1,1,0.001222538724,0.003566206626,True
Jin,1,1,0.001222538724,0.003566206626,True
Jivin' Gene And The Jokers,1,1,0.001222538724,0.003566206626,True
Jo Ann & Troy,1,1,0.001222538724,0.003566206626,True
Jodie Sands,1,1,0.001222538724,0.003566206626,True
"Joe ""Bean"" Esposito",1,1,0.001222538724,0.003566206626,True
Joe Fagin,1,1,0.001222538724,0.003566206626,True
Joe Reisman Orch. & Chorus,1,1,0.001222538724,0.003566206626,True
Joel Diamond,1,1,0.001222538724,0.003566206626,True
Joey Travolta,1,1,0.001222538724,0.003566206626,True
John & Anne Ryder,1,1,0.001222538724,0.003566206626,True
John Barry and His Orchestra,1,1,0.001222538724,0.003566206626,True
John Belushi,1,1,0.001222538724,0.003566206626,True
John Cafferty,1,1,0.001222538724,0.003566206626,True
John Davis And The Monster Orchestra,1,1,0.001222538724,0.003566206626,True
John Denver & Sylvie Vartan,1,1,0.001222538724,0.003566206626,True
John Gary,1,1,0.001222538724,0.003566206626,True
John Kongos,1,1,0.001222538724,0.003566206626,True
John Lennon & The Plastic Ono Band,1,1,0.001222538724,0.003566206626,True
John Lennon/Plastic Ono Band With Elephant's Memory,1,1,0.001222538724,0.003566206626,True
John Livigni,1,1,0.001222538724,0.003566206626,True
John Mayall,1,1,0.001222538724,0.003566206626,True
John Morgan Featuring Jason Aldean,1,1,0.001222538724,0.003566206626,True
John Rowles,1,1,0.001222538724,0.003566206626,True
Johnnie & Joe,1,1,0.001222538724,0.003566206626,True
Johnnie Ray,1,1,0.001222538724,0.003566206626,True
Johnny Beecher and his Buckingham Road Quintet,1,1,0.001222538724,0.003566206626,True
Johnny Gibson,1,1,0.001222538724,0.003566206626,True
Johnny Lytle,1,1,0.001222538724,0.003566206626,True
Johnny Maestro with The Coeds,1,1,0.001222538724,0.003566206626,True
Johnny Otis,1,1,0.001222538724,0.003566206626,True
Johnny Paycheck,1,1,0.001222538724,0.003566206626,True
Johnny Sea,1,1,0.001222538724,0.003566206626,True
Johnny T. Angel,1,1,0.001222538724,0.003566206626,True
Johnny Williams,1,1,0.001222538724,0.003566206626,True
Johnny and The Expressions,1,1,0.001222538724,0.003566206626,True
Jon & Robin,1,1,0.001222538724,0.003566206626,True
Jon Butcher Axis,1,1,0.001222538724,0.003566206626,True
Jonas Blue Featuring Dakota,1,1,0.001222538724,0.003566206626,True
Josh Turner Featuring Trisha Yearwood,1,1,0.001222538724,0.003566206626,True
Joshua Radin,1,1,0.001222538724,0.003566206626,True
Judas Priest,1,1,0.001222538724,0.003566206626,True
Judy Cheeks,1,1,0.001222538724,0.003566206626,True
Juice WRLD & Justin Bieber,1,1,0.001222538724,0.003566206626,True
Juice WRLD & Nicki Minaj,1,1,0.001222538724,0.003566206626,True
Juice WRLD & SUGA,1,1,0.001222538724,0.003566206626,True
Juice WRLD & Trippie Redd,1,1,0.001222538724,0.003566206626,True
Juice WRLD X Halsey,1,1,0.001222538724,0.003566206626,True
"Juice WRLD, Eminem & benny blanco",1,1,0.001222538724,0.003566206626,True
"Juice WRLD, Polo G & Trippie Redd",1,1,0.001222538724,0.003566206626,True
"Juicy J, Wiz Khalifa & Ty Dolla $ign Featuring Kill The Noise & Madsonik",1,1,0.001222538724,0.003566206626,True
Jules Shear,1,1,0.001222538724,0.003566206626,True
Julian Cope,1,1,0.001222538724,0.003566206626,True
Julie,1,1,0.001222538724,0.003566206626,True
Julie Andrews-Dick Van Dyke,1,1,0.001222538724,0.003566206626,True
Julie Monday,1,1,0.001222538724,0.003566206626,True
Juliet Simms,1,1,0.001222538724,0.003566206626,True
Julio Iglesias Featuring Stevie Wonder,1,1,0.001222538724,0.003566206626,True
Junior H,1,1,0.001222538724,0.003566206626,True
"Junior H, Gael Valenzuela & Peso Pluma",1,1,0.001222538724,0.003566206626,True
Junior Parker,1,1,0.001222538724,0.003566206626,True
Justin Bieber & Dijon,1,1,0.001222538724,0.003566206626,True
Justin Bieber & Gunna,1,1,0.001222538724,0.003566206626,True
Justin Bieber & Lil B,1,1,0.001222538724,0.003566206626,True
Justin Bieber & Sexyy Red,1,1,0.001222538724,0.003566206626,True
Justin Bieber Featuring Halsey,1,1,0.001222538724,0.003566206626,True
Justin Bieber Featuring Post Malone & Clever,1,1,0.001222538724,0.003566206626,True
"Justin Bieber, Cash Cobain & Eddie Benjamin",1,1,0.001222538724,0.003566206626,True
Justine Washington,1,1,0.001222538724,0.003566206626,True
K'Jon,1,1,0.001222538724,0.003566206626,True
K'Naan Featuring Nelly Furtado,1,1,0.001222538724,0.003566206626,True
K.T.P.,1,1,0.001222538724,0.003566206626,True
K5,1,1,0.001222538724,0.003566206626,True
KATO Featuring Jon,1,1,0.001222538724,0.003566206626,True
KBC Band,1,1,0.001222538724,0.003566206626,True
KIDS SEE GHOSTS,1,1,0.001222538724,0.003566206626,True
KSI Featuring Trippie Redd,1,1,0.001222538724,0.003566206626,True
Kacey Cisyk/Original Cast,1,1,0.001222538724,0.003566206626,True
Kano,1,1,0.001222538724,0.003566206626,True
Kanye West & XXXTENTACION,1,1,0.001222538724,0.003566206626,True
Kanye West Featuring Chris Martin,1,1,0.001222538724,0.003566206626,True
Kanye West Featuring Lil Wayne,1,1,0.001222538724,0.003566206626,True
Kanye West Featuring Young Jeezy,1,1,0.001222538724,0.003566206626,True
Karen Kamon,1,1,0.001222538724,0.003566206626,True
Karen Nelson And Billy T,1,1,0.001222538724,0.003566206626,True
"Karol G, Cris Mj & Ryan Castro",1,1,0.001222538724,0.003566206626,True
Kate Taylor,1,1,0.001222538724,0.003566206626,True
Kate Voegele,1,1,0.001222538724,0.003566206626,True
Kathy Dalton,1,1,0.001222538724,0.003566206626,True
Kathy Kirby,1,1,0.001222538724,0.003566206626,True
Katy Perry Featuring Migos,1,1,0.001222538724,0.003566206626,True
"Kay Flock, Cardi B, Dougie B & Bory300",1,1,0.001222538724,0.003566206626,True
Kayak,1,1,0.001222538724,0.003566206626,True
"Ke$ha Featuring Lil Wayne, Wiz Khalifa, T.I. & Andre 3000",1,1,0.001222538724,0.003566206626,True
Keith Herman,1,1,0.001222538724,0.003566206626,True
Keith Urban Featuring Julia Michaels,1,1,0.001222538724,0.003566206626,True
Kelly Price & Friends,1,1,0.001222538724,0.003566206626,True
Ken Carson,1,1,0.001222538724,0.003566206626,True
Kendrick Lamar & Tanna Leone,1,1,0.001222538724,0.003566206626,True
Kendrick Lamar & Taylour Paige,1,1,0.001222538724,0.003566206626,True
Kendrick Lamar & Travis Scott,1,1,0.001222538724,0.003566206626,True
Kendrick Lamar Featuring Beth Gibbons,1,1,0.001222538724,0.003566206626,True
Kendrick Lamar Featuring Sampha,1,1,0.001222538724,0.003566206626,True
"Kendrick Lamar, Baby Keem, & Sam Dew",1,1,0.001222538724,0.003566206626,True
"Kendrick Lamar, Summer Walker & Ghostface Killah",1,1,0.001222538724,0.003566206626,True
Kenny Chandler,1,1,0.001222538724,0.003566206626,True
Kenny Karen,1,1,0.001222538724,0.003566206626,True
Kenny Loggins With Jim Messina,1,1,0.001222538724,0.003566206626,True
Kenny Rogers & Dolly Parton,1,1,0.001222538724,0.003566206626,True
Kenny Starr,1,1,0.001222538724,0.003566206626,True
Kerry Chater,1,1,0.001222538724,0.003566206626,True
Kevin Gates Featuring Juicy J,1,1,0.001222538724,0.003566206626,True
Kevin Johnson,1,1,0.001222538724,0.003566206626,True
Kevin Lamb,1,1,0.001222538724,0.003566206626,True
Key Glock & Young Dolph,1,1,0.001222538724,0.003566206626,True
Khalid & Swae Lee,1,1,0.001222538724,0.003566206626,True
Kid Cudi & Eminem,1,1,0.001222538724,0.003566206626,True
Kid Cudi Featuring Cee-Lo,1,1,0.001222538724,0.003566206626,True
Kid Cudi Featuring Kanye West,1,1,0.001222538724,0.003566206626,True
Kid Cudi Featuring King Chip,1,1,0.001222538724,0.003566206626,True
"Kid Cudi, Skepta & Pop Smoke",1,1,0.001222538724,0.003566206626,True
"Kid Ink, Tyga, Wale, YG & Rich Homie Quan",1,1,0.001222538724,0.003566206626,True
Kid LAROI & Juice WRLD,1,1,0.001222538724,0.003566206626,True
King Crimson,1,1,0.001222538724,0.003566206626,True
King Just,1,1,0.001222538724,0.003566206626,True
King Von,1,1,0.001222538724,0.003566206626,True
King Von & 21 Savage,1,1,0.001222538724,0.003566206626,True
Kingdom Come,1,1,0.001222538724,0.003566206626,True
Kingofthehill,1,1,0.001222538724,0.003566206626,True
Kings Of The Sun,1,1,0.001222538724,0.003566206626,True
"Kirk Franklin Featuring Mary J. Blige, Bono, R. Kelly, Crystal Lewis & The Family",1,1,0.001222538724,0.003566206626,True
Kissing The Pink,1,1,0.001222538724,0.003566206626,True
Klaatu,1,1,0.001222538724,0.003566206626,True
Kodak Black Featuring Juice WRLD,1,1,0.001222538724,0.003566206626,True
Kodak Black Featuring Lil Pump,1,1,0.001222538724,0.003566206626,True
Kongas,1,1,0.001222538724,0.003566206626,True
Kristen Bell & Santino Fontana,1,1,0.001222538724,0.003566206626,True
Kygo & Imagine Dragons,1,1,0.001222538724,0.003566206626,True
Kygo X Whitney Houston,1,1,0.001222538724,0.003566206626,True
L.A. Jets,1,1,0.001222538724,0.003566206626,True
L.F.O. (Lyte Funky Ones) (Featuring Kayo),1,1,0.001222538724,0.003566206626,True
LISA,1,1,0.001222538724,0.003566206626,True
LISA Featuring Doja Cat & RAYE,1,1,0.001222538724,0.003566206626,True
LISA Featuring Rosalia,1,1,0.001222538724,0.003566206626,True
LaToya Jackson,1,1,0.001222538724,0.003566206626,True
LaVern Baker & Jimmy Ricks,1,1,0.001222538724,0.003566206626,True
Laban,1,1,0.001222538724,0.003566206626,True
Labrinth,1,1,0.001222538724,0.003566206626,True
Labrinth & Zendaya,1,1,0.001222538724,0.003566206626,True
Lady Gaga & Doechii,1,1,0.001222538724,0.003566206626,True
Lake,1,1,0.001222538724,0.003566206626,True
Lale Anderson,1,1,0.001222538724,0.003566206626,True
Lana Cantrell,1,1,0.001222538724,0.003566206626,True
Lani Hall,1,1,0.001222538724,0.003566206626,True
Larray,1,1,0.001222538724,0.003566206626,True
Larry Gatlin,1,1,0.001222538724,0.003566206626,True
Larry Lee,1,1,0.001222538724,0.003566206626,True
Laufey,1,1,0.001222538724,0.003566206626,True
Lauren Alaina Featuring Chase Matthew,1,1,0.001222538724,0.003566206626,True
Laverne & Shirley,1,1,0.001222538724,0.003566206626,True
Lawrence Welk His Orchestra And Chorus,1,1,0.001222538724,0.003566206626,True
Layng Martine,1,1,0.001222538724,0.003566206626,True
Lazy Racer,1,1,0.001222538724,0.003566206626,True
Lea Michele,1,1,0.001222538724,0.003566206626,True
Lea Roberts,1,1,0.001222538724,0.003566206626,True
Lee Allen And His Band,1,1,0.001222538724,0.003566206626,True
Lee Morgan,1,1,0.001222538724,0.003566206626,True
Lee and Paul,1,1,0.001222538724,0.003566206626,True
Lemon Pipers,1,1,0.001222538724,0.003566206626,True
Lena Horne,1,1,0.001222538724,0.003566206626,True
Lena Zavaroni,1,1,0.001222538724,0.003566206626,True
Lenny Kravitz Featuring Jay-Z,1,1,0.001222538724,0.003566206626,True
Lenny Miles,1,1,0.001222538724,0.003566206626,True
Lenny O'Henry,1,1,0.001222538724,0.003566206626,True
Leon Hayward,1,1,0.001222538724,0.003566206626,True
Leon Redbone,1,1,0.001222538724,0.003566206626,True
Les McCann & Eddie Harris,1,1,0.001222538724,0.003566206626,True
Leslie Carter,1,1,0.001222538724,0.003566206626,True
Liam Payne & Rita Ora,1,1,0.001222538724,0.003566206626,True
Lifehouse Featuring Natasha Bedingfield,1,1,0.001222538724,0.003566206626,True
Lil Baby & 21 Savage,1,1,0.001222538724,0.003566206626,True
Lil Baby & EST Gee,1,1,0.001222538724,0.003566206626,True
Lil Baby & Nardo Wick,1,1,0.001222538724,0.003566206626,True
Lil Baby & Rylo Rodriguez,1,1,0.001222538724,0.003566206626,True
Lil Baby & Rylo Rodriguez Featuring Rod Wave,1,1,0.001222538724,0.003566206626,True
Lil Baby & Young Thug,1,1,0.001222538724,0.003566206626,True
Lil Baby Featuring Future,1,1,0.001222538724,0.003566206626,True
Lil Baby Featuring Gunna & Lil Uzi Vert,1,1,0.001222538724,0.003566206626,True
Lil Baby Featuring Jeremih,1,1,0.001222538724,0.003566206626,True
Lil Baby Featuring Pooh Shiesty,1,1,0.001222538724,0.003566206626,True
Lil Baby Featuring Travis Scott,1,1,0.001222538724,0.003566206626,True
"Lil Baby, Lil Durk & Meek Mill",1,1,0.001222538724,0.003566206626,True
"Lil Baby, Young Thug & Future",1,1,0.001222538724,0.003566206626,True
Lil Bow Wow Featuring Jagged Edge & Fundisha,1,1,0.001222538724,0.003566206626,True
Lil Dicky,1,1,0.001222538724,0.003566206626,True
Lil Durk Featuring Future,1,1,0.001222538724,0.003566206626,True
Lil Durk Featuring Summer Walker,1,1,0.001222538724,0.003566206626,True
"Lil Jon & The East Side Boyz Featuring Ludacris, Too Short, Big Kap & Chyna Whyte",1,1,0.001222538724,0.003566206626,True
Lil Jon Featuring 3OH!3,1,1,0.001222538724,0.003566206626,True
Lil Jon Featuring Tyga,1,1,0.001222538724,0.003566206626,True
Lil Mabu,1,1,0.001222538724,0.003566206626,True
Lil Mosey x Gunna,1,1,0.001222538724,0.003566206626,True
Lil Nas X & Cardi B Or Nas,1,1,0.001222538724,0.003566206626,True
Lil Shordie Scott,1,1,0.001222538724,0.003566206626,True
Lil Skies Featuring Yung Pinch,1,1,0.001222538724,0.003566206626,True
Lil Tecca & Gunna,1,1,0.001222538724,0.003566206626,True
Lil Tjay Featuring Offset & Moneybagg Yo,1,1,0.001222538724,0.003566206626,True
"Lil Tjay, Polo G & Fivio Foreign",1,1,0.001222538724,0.003566206626,True
Lil Uzi Vert & 21 Savage,1,1,0.001222538724,0.003566206626,True
Lil Uzi Vert Featuring Chief Keef,1,1,0.001222538724,0.003566206626,True
Lil Uzi Vert Featuring Future,1,1,0.001222538724,0.003566206626,True
Lil Uzi Vert Featuring Lil Durk,1,1,0.001222538724,0.003566206626,True
Lil Uzi Vert Featuring NAV,1,1,0.001222538724,0.003566206626,True
Lil Uzi Vert Featuring Young Nudy,1,1,0.001222538724,0.003566206626,True
Lil Uzi Vert Featuring Young Thug,1,1,0.001222538724,0.003566206626,True
Lil Uzi Vert Featuring Young Thug & Gunna,1,1,0.001222538724,0.003566206626,True
Lil Wayne & BigXthaPlug Featuring Jay Jones,1,1,0.001222538724,0.003566206626,True
Lil Wayne & Charlie Puth,1,1,0.001222538724,0.003566206626,True
Lil Wayne Featuring Nicki Minaj,1,1,0.001222538724,0.003566206626,True
Lil Wayne Featuring XXXTENTACION,1,1,0.001222538724,0.003566206626,True
Lil Yachty Featuring NBA YoungBoy,1,1,0.001222538724,0.003566206626,True
Lil' Mo,1,1,0.001222538724,0.003566206626,True
"Lil' Wayne Featuring Baby, Mack 10 & Mickey",1,1,0.001222538724,0.003566206626,True
Lin-Manuel Miranda & Ben Platt,1,1,0.001222538724,0.003566206626,True
Lin-Manuel Miranda Featuring Artists For Puerto Rico,1,1,0.001222538724,0.003566206626,True
Linda Ronstadt & The Stone Poneys,1,1,0.001222538724,0.003566206626,True
Lindsey Pavao,1,1,0.001222538724,0.003566206626,True
Liquid Smoke,1,1,0.001222538724,0.003566206626,True
Lisa,1,1,0.001222538724,0.003566206626,True
Little Esther Phillips,1,1,0.001222538724,0.003566206626,True
Little Esther Phillips & Big Al Downing,1,1,0.001222538724,0.003566206626,True
Little Jimmy Osmond,1,1,0.001222538724,0.003566206626,True
Little Jo Ann,1,1,0.001222538724,0.003566206626,True
Lloyd Banks Featuring 50 Cent,1,1,0.001222538724,0.003566206626,True
Lloyd Featuring Andre 3000 & Lil Wayne,1,1,0.001222538724,0.003566206626,True
Loe Shimmy & Don Toliver,1,1,0.001222538724,0.003566206626,True
Logic Featuring Eminem,1,1,0.001222538724,0.003566206626,True
Lola Brooke X Latto X Yung Miami Or Featuring Billy B,1,1,0.001222538724,0.003566206626,True
Loleatta Holloway And Bunny Sigler,1,1,0.001222538724,0.003566206626,True
Long John Baldry & Kathi MacDonald,1,1,0.001222538724,0.003566206626,True
Loon Featuring Kelis,1,1,0.001222538724,0.003566206626,True
Lord Huron,1,1,0.001222538724,0.003566206626,True
Loren Allred,1,1,0.001222538724,0.003566206626,True
Lorenzo Lamas,1,1,0.001222538724,0.003566206626,True
Lorrie Morgan,1,1,0.001222538724,0.003566206626,True
Los Pop Tops,1,1,0.001222538724,0.003566206626,True
Lostprophets,1,1,0.001222538724,0.003566206626,True
Lou Donaldson,1,1,0.001222538724,0.003566206626,True
Louise Brown,1,1,0.001222538724,0.003566206626,True
Love Childs Afro Cuban Blues Band,1,1,0.001222538724,0.003566206626,True
Loz Netto,1,1,0.001222538724,0.003566206626,True
Loza Alexander,1,1,0.001222538724,0.003566206626,True
Lucas Grabeel & Ashley Tisdale,1,1,0.001222538724,0.003566206626,True
Lucky Daye,1,1,0.001222538724,0.003566206626,True
Lucy Hale,1,1,0.001222538724,0.003566206626,True
Ludacris Featuring Kelly Rowland,1,1,0.001222538724,0.003566206626,True
Ludacris Featuring Miguel,1,1,0.001222538724,0.003566206626,True
Luis Cardenas,1,1,0.001222538724,0.003566206626,True
Luke Combs & Brooks & Dunn,1,1,0.001222538724,0.003566206626,True
Lupe Fiasco Featuring Ed Sheeran,1,1,0.001222538724,0.003566206626,True
Lupe Fiasco Featuring MDMA,1,1,0.001222538724,0.003566206626,True
Lupe Fiasco Featuring Skylar Grey,1,1,0.001222538724,0.003566206626,True
Lustra,1,1,0.001222538724,0.003566206626,True
Lyme & Cybelle,1,1,0.001222538724,0.003566206626,True
Lyn Collins,1,1,0.001222538724,0.003566206626,True
M.C. Breed,1,1,0.001222538724,0.003566206626,True
M:G,1,1,0.001222538724,0.003566206626,True
MC Luscious Featuring Kinsui,1,1,0.001222538724,0.003566206626,True
MC Ren,1,1,0.001222538724,0.003566206626,True
MC Skat Kat & The Stray Mob,1,1,0.001222538724,0.003566206626,True
MC5,1,1,0.001222538724,0.003566206626,True
MGK,1,1,0.001222538724,0.003566206626,True
MGK Featuring Waka Flocka Flame,1,1,0.001222538724,0.003566206626,True
MIKA Featuring Ariana Grande,1,1,0.001222538724,0.003566206626,True
MO3 X OG Bobby Billions,1,1,0.001222538724,0.003566206626,True
Mac DeMarco,1,1,0.001222538724,0.003566206626,True
Maceo And The Macks,1,1,0.001222538724,0.003566206626,True
Machine Gun Kelly & CORPSE,1,1,0.001222538724,0.003566206626,True
Mack 10 Featuring Gerald Levert,1,1,0.001222538724,0.003566206626,True
Madison Beer,1,1,0.001222538724,0.003566206626,True
Madleen Kane,1,1,0.001222538724,0.003566206626,True
Madonna Featuring Nicki Minaj & M.I.A.,1,1,0.001222538724,0.003566206626,True
Maggie Bell,1,1,0.001222538724,0.003566206626,True
Mahalia Jackson,1,1,0.001222538724,0.003566206626,True
Major Lazer Featuring Ellie Goulding & Tarrus Riley,1,1,0.001222538724,0.003566206626,True
"Major Lazer Featuring Travis Scott, Camila Cabello & Quavo",1,1,0.001222538724,0.003566206626,True
Maluma X Nego do Borel,1,1,0.001222538724,0.003566206626,True
Manny Kellem - His Orchestra And Voices,1,1,0.001222538724,0.003566206626,True
Mantronix Featuring Wondress,1,1,0.001222538724,0.003566206626,True
Marcy Joe,1,1,0.001222538724,0.003566206626,True
Maren Morris Featuring Vince Gill,1,1,0.001222538724,0.003566206626,True
Maria Mena,1,1,0.001222538724,0.003566206626,True
Mariah Carey Featuring YG,1,1,0.001222538724,0.003566206626,True
Marillion,1,1,0.001222538724,0.003566206626,True
Mark-Almond,1,1,0.001222538724,0.003566206626,True
Marlena Shaw,1,1,0.001222538724,0.003566206626,True
Marlowe Morris Quintet,1,1,0.001222538724,0.003566206626,True
Marshmello & Juice WRLD,1,1,0.001222538724,0.003566206626,True
Marshmello Featuring A Day To Remember,1,1,0.001222538724,0.003566206626,True
Marshmello x Jelly Roll,1,1,0.001222538724,0.003566206626,True
Marva Whitney,1,1,0.001222538724,0.003566206626,True
Mary Ann Fisher,1,1,0.001222538724,0.003566206626,True
Master P Featuring D.I.G.,1,1,0.001222538724,0.003566206626,True
Matt McAndrew,1,1,0.001222538724,0.003566206626,True
Matt Nathanson Featuring Sugarland,1,1,0.001222538724,0.003566206626,True
Matthew Schuler,1,1,0.001222538724,0.003566206626,True
Maureen Steele,1,1,0.001222538724,0.003566206626,True
Mavis Staples,1,1,0.001222538724,0.003566206626,True
Max Werner,1,1,0.001222538724,0.003566206626,True
McKinley Travis,1,1,0.001222538724,0.003566206626,True
Me Phi Me,1,1,0.001222538724,0.003566206626,True
MeShell Ndegeocello,1,1,0.001222538724,0.003566206626,True
Meek Mill Featuring Fabolous & Anuel AA,1,1,0.001222538724,0.003566206626,True
Meek Mill Featuring Future,1,1,0.001222538724,0.003566206626,True
Meek Mill Featuring Nicki Minaj,1,1,0.001222538724,0.003566206626,True
"Meek Mill Featuring T.I., Birdman, Lil Wayne, DJ Khaled, Rick Ross & Swizz Beatz",1,1,0.001222538724,0.003566206626,True
Meek Mill Featuring Tory Lanez,1,1,0.001222538724,0.003566206626,True
Megan Thee Stallion & RM,1,1,0.001222538724,0.003566206626,True
Megan Thee Stallion Featuring Future,1,1,0.001222538724,0.003566206626,True
Megan Thee Stallion Featuring Key Glock,1,1,0.001222538724,0.003566206626,True
Megan Thee Stallion Featuring Latto,1,1,0.001222538724,0.003566206626,True
Mercedes Featuring Master P,1,1,0.001222538724,0.003566206626,True
Merv Griffin,1,1,0.001222538724,0.003566206626,True
Method Man Featuring D'Angelo,1,1,0.001222538724,0.003566206626,True
Metro Boomin & Coi Leray,1,1,0.001222538724,0.003566206626,True
Metro Boomin & James Blake,1,1,0.001222538724,0.003566206626,True
Metro Boomin Featuring Offset & Drake,1,1,0.001222538724,0.003566206626,True
"Metro Boomin, A$AP Rocky & Roisee",1,1,0.001222538724,0.003566206626,True
"Metro Boomin, Future & Lil Uzi Vert",1,1,0.001222538724,0.003566206626,True
"Metro Boomin, Quavo, Breskii & YK NIECE",1,1,0.001222538724,0.003566206626,True
"Metro Boomin, Swae Lee, Lil Wayne & Offset",1,1,0.001222538724,0.003566206626,True
Mica Paris,1,1,0.001222538724,0.003566206626,True
Michael Cera & Ellen Page,1,1,0.001222538724,0.003566206626,True
Michael Gore,1,1,0.001222538724,0.003566206626,True
Michael Henderson,1,1,0.001222538724,0.003566206626,True
Michael Jackson With Akon,1,1,0.001222538724,0.003566206626,True
Michael Peterson,1,1,0.001222538724,0.003566206626,True
Michael Redway,1,1,0.001222538724,0.003566206626,True
Michael Stipe,1,1,0.001222538724,0.003566206626,True
Michael Zager's Moon Band/Peabo Bryson,1,1,0.001222538724,0.003566206626,True
Mick Jackson,1,1,0.001222538724,0.003566206626,True
Mickey Shorr and The Cutups,1,1,0.001222538724,0.003566206626,True
Micky Dolenz,1,1,0.001222538724,0.003566206626,True
Midge Ure,1,1,0.001222538724,0.003566206626,True
Midi Maxi & Efti,1,1,0.001222538724,0.003566206626,True
Migos & Cardi B,1,1,0.001222538724,0.003566206626,True
Migos & Marshmello,1,1,0.001222538724,0.003566206626,True
Migos Featuring Polo G,1,1,0.001222538724,0.003566206626,True
Migos Featuring Post Malone,1,1,0.001222538724,0.003566206626,True
Migos Featuring Travis Scott,1,1,0.001222538724,0.003566206626,True
"Migos, Young Thug & Travis Scott",1,1,0.001222538724,0.003566206626,True
Mike Kennedy,1,1,0.001222538724,0.003566206626,True
Mike Reilly,1,1,0.001222538724,0.003566206626,True
Mike WiLL Made-It x Rihanna,1,1,0.001222538724,0.003566206626,True
Mike Williams,1,1,0.001222538724,0.003566206626,True
Miki Howard,1,1,0.001222538724,0.003566206626,True
Miley,1,1,0.001222538724,0.003566206626,True
Miley Cyrus & Billy Ray Cyrus,1,1,0.001222538724,0.003566206626,True
Miley Cyrus Featuring Brandi Carlile,1,1,0.001222538724,0.003566206626,True
Millions Like Us,1,1,0.001222538724,0.003566206626,True
Mink De Ville,1,1,0.001222538724,0.003566206626,True
Minor Detail,1,1,0.001222538724,0.003566206626,True
Misiing Persons,1,1,0.001222538724,0.003566206626,True
Mitch Miller,1,1,0.001222538724,0.003566206626,True
Mitch Miller With Orchestra And Chorus,1,1,0.001222538724,0.003566206626,True
Mitchel Musso,1,1,0.001222538724,0.003566206626,True
Mobb Deep Featuring Vita & Noyd,1,1,0.001222538724,0.003566206626,True
Mona Lisa,1,1,0.001222538724,0.003566206626,True
MoneyBagg Yo Featuring Lil Baby,1,1,0.001222538724,0.003566206626,True
Moneybagg Yo Featuring DaBaby,1,1,0.001222538724,0.003566206626,True
Moneybagg Yo x GloRilla,1,1,0.001222538724,0.003566206626,True
Monie Love,1,1,0.001222538724,0.003566206626,True
Morgan Wallen Featuring Lil Wayne & Rick Ross,1,1,0.001222538724,0.003566206626,True
Mother's Finest,1,1,0.001222538724,0.003566206626,True
Mr. Vegas,1,1,0.001222538724,0.003566206626,True
Mrs. Miller,1,1,0.001222538724,0.003566206626,True
Ms. Jade,1,1,0.001222538724,0.003566206626,True
Mudvayne,1,1,0.001222538724,0.003566206626,True
Mulatto,1,1,0.001222538724,0.003566206626,True
Mustard & Travis Scott,1,1,0.001222538724,0.003566206626,True
"Mustard featuring NAV, Playboi Carti & A Boogie Wit da Hoodie",1,1,0.001222538724,0.003566206626,True
N.F. Porter,1,1,0.001222538724,0.003566206626,True
NAV Featuring Lil Uzi Vert,1,1,0.001222538724,0.003566206626,True
"NAV, Travis Scott & Lil Baby",1,1,0.001222538724,0.003566206626,True
NEEDTOBREATHE Featuring Gavin DeGraw,1,1,0.001222538724,0.003566206626,True
NF & MGK,1,1,0.001222538724,0.003566206626,True
NF Featuring Hopsin,1,1,0.001222538724,0.003566206626,True
NF With James Arthur,1,1,0.001222538724,0.003566206626,True
NLE Choppa & 2Rare,1,1,0.001222538724,0.003566206626,True
NLE Choppa & 41,1,1,0.001222538724,0.003566206626,True
NRBQ,1,1,0.001222538724,0.003566206626,True
Nappy Brown,1,1,0.001222538724,0.003566206626,True
Nas Featuring Kanye West,1,1,0.001222538724,0.003566206626,True
Nas Featuring Olu Dara,1,1,0.001222538724,0.003566206626,True
Nas Featuring will.i.am,1,1,0.001222538724,0.003566206626,True
Nat Kendrick And The Swans,1,1,0.001222538724,0.003566206626,True
Nat King Cole-Stan Kenton,1,1,0.001222538724,0.003566206626,True
Natalie Imbruglia,1,1,0.001222538724,0.003566206626,True
Nate Ruess,1,1,0.001222538724,0.003566206626,True
Nathan Morris,1,1,0.001222538724,0.003566206626,True
National Lampoon,1,1,0.001222538724,0.003566206626,True
Natti Natasha x Ozuna,1,1,0.001222538724,0.003566206626,True
Nature's Divine,1,1,0.001222538724,0.003566206626,True
Neil Young & Graham Nash,1,1,0.001222538724,0.003566206626,True
Neil Young / Crazy Horse,1,1,0.001222538724,0.003566206626,True
Nektar,1,1,0.001222538724,0.003566206626,True
Nella Dodds,1,1,0.001222538724,0.003566206626,True
Nelly Featuring Ciara & JD,1,1,0.001222538724,0.003566206626,True
Nelly Featuring T-Pain & Akon,1,1,0.001222538724,0.003566206626,True
Neon Philharmonic,1,1,0.001222538724,0.003566206626,True
Neton Vega & Peso Pluma,1,1,0.001222538724,0.003566206626,True
New Born,1,1,0.001222538724,0.003566206626,True
New Found Glory,1,1,0.001222538724,0.003566206626,True
New Riders Of The Purple Sage,1,1,0.001222538724,0.003566206626,True
NewSong,1,1,0.001222538724,0.003566206626,True
Nick Cannon Featuring B2K,1,1,0.001222538724,0.003566206626,True
Nick Fradiani,1,1,0.001222538724,0.003566206626,True
Nick Jameson,1,1,0.001222538724,0.003566206626,True
Nicki Minaj & Skillibeng,1,1,0.001222538724,0.003566206626,True
Nicki Minaj Featuring Eminem & Labrinth,1,1,0.001222538724,0.003566206626,True
Nicki Minaj Featuring The Weeknd,1,1,0.001222538724,0.003566206626,True
Nicola Paone,1,1,0.001222538724,0.003566206626,True
Nicole Renee,1,1,0.001222538724,0.003566206626,True
Nino & The Ebb Tides,1,1,0.001222538724,0.003566206626,True
Nipsey Hussle & JAY-Z,1,1,0.001222538724,0.003566206626,True
Nipsey Hussle Featuring Belly & DOM KENNEDY,1,1,0.001222538724,0.003566206626,True
Nipsey Hussle Featuring YG,1,1,0.001222538724,0.003566206626,True
Noah Kahan With Kacey Musgraves,1,1,0.001222538724,0.003566206626,True
Nolan Porter,1,1,0.001222538724,0.003566206626,True
Nona Gaye,1,1,0.001222538724,0.003566206626,True
Northern Light,1,1,0.001222538724,0.003566206626,True
Notorious,1,1,0.001222538724,0.003566206626,True
Nyasia,1,1,0.001222538724,0.003566206626,True
O.C. Featuring Yvette Michele,1,1,0.001222538724,0.003566206626,True
OG Maco Featuring 2 Chainz,1,1,0.001222538724,0.003566206626,True
Oaktown's 3.5.7,1,1,0.001222538724,0.003566206626,True
Obie Trice Featuring Nate Dogg,1,1,0.001222538724,0.003566206626,True
Odds & Ends,1,1,0.001222538724,0.003566206626,True
Offset & Cardi B,1,1,0.001222538724,0.003566206626,True
Offset & Don Toliver,1,1,0.001222538724,0.003566206626,True
Offset Featuring Travis Scott,1,1,0.001222538724,0.003566206626,True
Ola & The Janglers,1,1,0.001222538724,0.003566206626,True
Olly Murs Featuring Chiddy Bang,1,1,0.001222538724,0.003566206626,True
Omar Apollo,1,1,0.001222538724,0.003566206626,True
One To One,1,1,0.001222538724,0.003566206626,True
Orion The Hunter,1,1,0.001222538724,0.003566206626,True
Oscar Black,1,1,0.001222538724,0.003566206626,True
Oscar Brown Jr.,1,1,0.001222538724,0.003566206626,True
Oscar McLollie and Jeanette Baker,1,1,0.001222538724,0.003566206626,True
Otis Clay,1,1,0.001222538724,0.003566206626,True
Ozo,1,1,0.001222538724,0.003566206626,True
Ozuna Featuring Feid,1,1,0.001222538724,0.003566206626,True
P-Nut Gallery,1,1,0.001222538724,0.003566206626,True
P.F. Sloan,1,1,0.001222538724,0.003566206626,True
"PARTYNEXTDOOR, Drake & Cash Cobain",1,1,0.001222538724,0.003566206626,True
PG&E,1,1,0.001222538724,0.003566206626,True
PMD,1,1,0.001222538724,0.003566206626,True
PSY Featuring Snoop Dogg,1,1,0.001222538724,0.003566206626,True
Paris Sisters,1,1,0.001222538724,0.003566206626,True
Pastor Troy Featuring Ms. Jade,1,1,0.001222538724,0.003566206626,True
Pat Lundi,1,1,0.001222538724,0.003566206626,True
Pat Travers,1,1,0.001222538724,0.003566206626,True
Pat and the Satellites,1,1,0.001222538724,0.003566206626,True
Paul Anka-Geo. Hamilton IV-Johnny Nash,1,1,0.001222538724,0.003566206626,True
Paul Chaplain and his Emeralds,1,1,0.001222538724,0.003566206626,True
Paul Hyde & Payolas,1,1,0.001222538724,0.003566206626,True
Paul Wall Featuring Big Pokey,1,1,0.001222538724,0.003566206626,True
Paul Wall Featuring Jermaine Dupri,1,1,0.001222538724,0.003566206626,True
Paula Abdul & Randy Jackson,1,1,0.001222538724,0.003566206626,True
Paula Webb,1,1,0.001222538724,0.003566206626,True
Peggy Scott-Adams,1,1,0.001222538724,0.003566206626,True
Pentatonix Featuring Meghan Trainor,1,1,0.001222538724,0.003566206626,True
Peso Pluma & Junior H,1,1,0.001222538724,0.003566206626,True
Peso Pluma x Jasiel Nunez x Junior H,1,1,0.001222538724,0.003566206626,True
"Peso Pluma, Junior H & Eslabon Armado",1,1,0.001222538724,0.003566206626,True
Peter Gabriel/Kate Bush,1,1,0.001222538724,0.003566206626,True
Peter McIan,1,1,0.001222538724,0.003566206626,True
Peter Sarstedt,1,1,0.001222538724,0.003566206626,True
Peter Tosh,1,1,0.001222538724,0.003566206626,True
Peter Tosh with Mick Jagger,1,1,0.001222538724,0.003566206626,True
Phajja,1,1,0.001222538724,0.003566206626,True
Pharoahe Monch,1,1,0.001222538724,0.003566206626,True
Pharrell Featuring Gwen Stefani,1,1,0.001222538724,0.003566206626,True
Philadelphia International All Stars,1,1,0.001222538724,0.003566206626,True
Philly's Most Wanted,1,1,0.001222538724,0.003566206626,True
Phoebe & Maggie,1,1,0.001222538724,0.003566206626,True
Pierce the Veil,1,1,0.001222538724,0.003566206626,True
Piero Umiliani,1,1,0.001222538724,0.003566206626,True
Pistol Annies,1,1,0.001222538724,0.003566206626,True
Pitbull Featuring Flo Rida & LunchMoney Lewis,1,1,0.001222538724,0.003566206626,True
Pitbull Featuring Shakira,1,1,0.001222538724,0.003566206626,True
Pitbull Featuring Trina & Young Bo$$,1,1,0.001222538724,0.003566206626,True
Pitbull X Lil Jon,1,1,0.001222538724,0.003566206626,True
Platinum Blonde,1,1,0.001222538724,0.003566206626,True
Playboi Carti & Future,1,1,0.001222538724,0.003566206626,True
Playboi Carti & Kendrick Lamar,1,1,0.001222538724,0.003566206626,True
Playboi Carti & Skepta,1,1,0.001222538724,0.003566206626,True
Playboi Carti Featuring Kendrick Lamar & Jhene Aiko,1,1,0.001222538724,0.003566206626,True
"Playboi Carti, Future & Travis Scott",1,1,0.001222538724,0.003566206626,True
"Playboi Carti, Young Thug & Ty Dolla $ign",1,1,0.001222538724,0.003566206626,True
Plies,1,1,0.001222538724,0.003566206626,True
Plies Featuring Ashanti,1,1,0.001222538724,0.003566206626,True
Polly Bergen,1,1,0.001222538724,0.003566206626,True
Polo G & Lil Wayne,1,1,0.001222538724,0.003566206626,True
Polo G Featuring DaBaby,1,1,0.001222538724,0.003566206626,True
Polo G Featuring G Herbo,1,1,0.001222538724,0.003566206626,True
Polo G Featuring Lil Baby,1,1,0.001222538724,0.003566206626,True
Polo G Featuring Pop Smoke & Fivio Foreign,1,1,0.001222538724,0.003566206626,True
Polo G Featuring Rod Wave,1,1,0.001222538724,0.003566206626,True
Polo G Featuring The Kid LAROI & Lil Durk,1,1,0.001222538724,0.003566206626,True
Pop Smoke Featuring 21 Savage & 42 Dugg,1,1,0.001222538724,0.003566206626,True
Pop Smoke Featuring Bizzy Banks,1,1,0.001222538724,0.003566206626,True
Pop Smoke Featuring Dua Lipa,1,1,0.001222538724,0.003566206626,True
Pop Smoke Featuring Future,1,1,0.001222538724,0.003566206626,True
Pop Smoke Featuring Kanye West & Pusha T,1,1,0.001222538724,0.003566206626,True
Pop Smoke Featuring Quavo,1,1,0.001222538724,0.003566206626,True
Pop Smoke Featuring Rick Ross & The-Dream,1,1,0.001222538724,0.003566206626,True
Pop Smoke Featuring Rowdy Rebel,1,1,0.001222538724,0.003566206626,True
Popp Hunna,1,1,0.001222538724,0.003566206626,True
Porter Wagoner,1,1,0.001222538724,0.003566206626,True
Post Malone Featuring Billy Strings,1,1,0.001222538724,0.003566206626,True
Post Malone Featuring Brad Paisley,1,1,0.001222538724,0.003566206626,True
Post Malone Featuring Chris Stapleton,1,1,0.001222538724,0.003566206626,True
Post Malone Featuring Dolly Parton,1,1,0.001222538724,0.003566206626,True
Post Malone Featuring ERNEST,1,1,0.001222538724,0.003566206626,True
Post Malone Featuring Future & Halsey,1,1,0.001222538724,0.003566206626,True
Post Malone Featuring G-Eazy & YG,1,1,0.001222538724,0.003566206626,True
Post Malone Featuring HARDY,1,1,0.001222538724,0.003566206626,True
Post Malone Featuring Hank Williams Jr.,1,1,0.001222538724,0.003566206626,True
Post Malone Featuring Justin Bieber,1,1,0.001222538724,0.003566206626,True
Post Malone Featuring Lainey Wilson,1,1,0.001222538724,0.003566206626,True
Post Malone Featuring Meek Mill & Lil Baby,1,1,0.001222538724,0.003566206626,True
Post Malone Featuring SZA,1,1,0.001222538724,0.003566206626,True
Post Malone Featuring Sierra Ferrell,1,1,0.001222538724,0.003566206626,True
Post Malone Featuring Swae Lee,1,1,0.001222538724,0.003566206626,True
Post Malone Featuring Tim McGraw,1,1,0.001222538724,0.003566206626,True
Pousette-Dart Band,1,1,0.001222538724,0.003566206626,True
Pratt & McClain,1,1,0.001222538724,0.003566206626,True
Pretty In Pink,1,1,0.001222538724,0.003566206626,True
Pretty Purdie,1,1,0.001222538724,0.003566206626,True
Prince Buster,1,1,0.001222538724,0.003566206626,True
Prince Royce Featuring Jennifer Lopez & Pitbull,1,1,0.001222538724,0.003566206626,True
Priscilla Block,1,1,0.001222538724,0.003566206626,True
Public Announcement Featuring LeLe,1,1,0.001222538724,0.003566206626,True
Puff Daddy Featuring Mario Winans & Hezekiah Walker & The Love Fe,1,1,0.001222538724,0.003566206626,True
QT,1,1,0.001222538724,0.003566206626,True
Qkumba Zoo,1,1,0.001222538724,0.003566206626,True
Quavo & Future,1,1,0.001222538724,0.003566206626,True
Quavo & Lana Del Rey,1,1,0.001222538724,0.003566206626,True
Quavo & Lil Yachty,1,1,0.001222538724,0.003566206626,True
Quavo Featuring 21 Savage,1,1,0.001222538724,0.003566206626,True
Quavo Featuring Drake,1,1,0.001222538724,0.003566206626,True
Quavo Featuring Lil Baby,1,1,0.001222538724,0.003566206626,True
Quavo Featuring Travis Scott,1,1,0.001222538724,0.003566206626,True
"Quavo, Takeoff & Offset",1,1,0.001222538724,0.003566206626,True
Queen Naija & Big Sean,1,1,0.001222538724,0.003566206626,True
"Queen Pen Featuring Teddy Riley, Nutta Butta, Markell & Jesse Wes",1,1,0.001222538724,0.003566206626,True
Quincy Jones Introducing Tamia,1,1,0.001222538724,0.003566206626,True
Quincy Jones With Tevin Campbell,1,1,0.001222538724,0.003566206626,True
R. Kelly Featuring 2 Chainz,1,1,0.001222538724,0.003566206626,True
RBD,1,1,0.001222538724,0.003566206626,True
ROSE,1,1,0.001222538724,0.003566206626,True
Rachel Sweet,1,1,0.001222538724,0.003566206626,True
Randy Brown,1,1,0.001222538724,0.003566206626,True
Randy Edelman,1,1,0.001222538724,0.003566206626,True
Raphael Saadiq & Q-Tip,1,1,0.001222538724,0.003566206626,True
Raphael Saadiq Featuring D'Angelo,1,1,0.001222538724,0.003566206626,True
Rapination & Kym Mazelle,1,1,0.001222538724,0.003566206626,True
Rauw Alejandro & Feid,1,1,0.001222538724,0.003566206626,True
Rauw Alejandro & Laura Pausini,1,1,0.001222538724,0.003566206626,True
Ray Bryant,1,1,0.001222538724,0.003566206626,True
Ray Charles & Jimmy Lewis,1,1,0.001222538724,0.003566206626,True
Ray Charles & The Raelets,1,1,0.001222538724,0.003566206626,True
Ray Conniff His Orchestra And Chorus,1,1,0.001222538724,0.003566206626,True
Ray Ellis,1,1,0.001222538724,0.003566206626,True
Ray Ellis And His Orchestra,1,1,0.001222538724,0.003566206626,True
Ray J Featuring Bobby Brackins,1,1,0.001222538724,0.003566206626,True
"Ray Parker,Jr. & Helen Terry",1,1,0.001222538724,0.003566206626,True
Rayvon,1,1,0.001222538724,0.003566206626,True
RealestK,1,1,0.001222538724,0.003566206626,True
Rebecca Black,1,1,0.001222538724,0.003566206626,True
Rebecca Black & Dave Days,1,1,0.001222538724,0.003566206626,True
Rebecca Lynn Howard,1,1,0.001222538724,0.003566206626,True
Red Skelton,1,1,0.001222538724,0.003566206626,True
Redman Featuring DJ Kool,1,1,0.001222538724,0.003566206626,True
Redman Featuring K-Solo,1,1,0.001222538724,0.003566206626,True
Reel 2 Real Featuring The Mad Stuntman,1,1,0.001222538724,0.003566206626,True
Reel Tight,1,1,0.001222538724,0.003566206626,True
Reik Featuring Ozuna & Wisin,1,1,0.001222538724,0.003566206626,True
Reina,1,1,0.001222538724,0.003566206626,True
Rejoice!,1,1,0.001222538724,0.003566206626,True
Remy Ma,1,1,0.001222538724,0.003566206626,True
Reparata,1,1,0.001222538724,0.003566206626,True
Reuben Howell,1,1,0.001222538724,0.003566206626,True
"Rev. Martin Luther King, Jr.",1,1,0.001222538724,0.003566206626,True
Revelation,1,1,0.001222538724,0.003566206626,True
Ric-A-Che Featuring Darija,1,1,0.001222538724,0.003566206626,True
Rich Homie Quan Featuring Problem,1,1,0.001222538724,0.003566206626,True
Richard And The Young Lions,1,1,0.001222538724,0.003566206626,True
Richard Barrett With The Chantels,1,1,0.001222538724,0.003566206626,True
Richard Cocciante,1,1,0.001222538724,0.003566206626,True
Richie Allen,1,1,0.001222538724,0.003566206626,True
Richy Mitch And The Coal Miners,1,1,0.001222538724,0.003566206626,True
Rick And The Keens,1,1,0.001222538724,0.003566206626,True
Rick Dees,1,1,0.001222538724,0.003566206626,True
Rick Ross Featuring Chris Brown,1,1,0.001222538724,0.003566206626,True
Rick Ross Featuring Lil Wayne Or T.I.,1,1,0.001222538724,0.003566206626,True
Ricky Martin Featuring Fat Joe & Amerie,1,1,0.001222538724,0.003566206626,True
Ricky Martin Featuring Meja,1,1,0.001222538724,0.003566206626,True
Rico Love,1,1,0.001222538724,0.003566206626,True
Ripple,1,1,0.001222538724,0.003566206626,True
Robert Gordon,1,1,0.001222538724,0.003566206626,True
Robin Lane & The Chartbusters,1,1,0.001222538724,0.003566206626,True
Robin Trower,1,1,0.001222538724,0.003566206626,True
Rock & Roll Double Bubble,1,1,0.001222538724,0.003566206626,True
Rockie Robbins,1,1,0.001222538724,0.003566206626,True
Rockin' Rebels,1,1,0.001222538724,0.003566206626,True
Rocky Olson,1,1,0.001222538724,0.003566206626,True
Rod McKuen,1,1,0.001222538724,0.003566206626,True
Rod Wave & Be Charlotte,1,1,0.001222538724,0.003566206626,True
Rod Wave & Sadie Jean,1,1,0.001222538724,0.003566206626,True
Rod Wave & Wet,1,1,0.001222538724,0.003566206626,True
Rod Wave Featuring Jack Harlow,1,1,0.001222538724,0.003566206626,True
Rod Wave Featuring Lil Yachty & Lil Baby,1,1,0.001222538724,0.003566206626,True
Rod Wave Featuring Polo G,1,1,0.001222538724,0.003566206626,True
Rodney Dangerfield,1,1,0.001222538724,0.003566206626,True
Rodway,1,1,0.001222538724,0.003566206626,True
Romeo & Juliet Soundtrack,1,1,0.001222538724,0.003566206626,True
Ron And The D.C. Crew,1,1,0.001222538724,0.003566206626,True
Ronnie Carroll,1,1,0.001222538724,0.003566206626,True
Ronnie Love And His Orchestra,1,1,0.001222538724,0.003566206626,True
Ronnie Spector,1,1,0.001222538724,0.003566206626,True
Ronny Douglas,1,1,0.001222538724,0.003566206626,True
Rosalia Featuring The Weeknd,1,1,0.001222538724,0.003566206626,True
Rosemary Clooney,1,1,0.001222538724,0.003566206626,True
Rosie,1,1,0.001222538724,0.003566206626,True
Roxanne,1,1,0.001222538724,0.003566206626,True
Rubber Rodeo,1,1,0.001222538724,0.003566206626,True
Rufus With Chaka Khan,1,1,0.001222538724,0.003566206626,True
Runaway June,1,1,0.001222538724,0.003566206626,True
Runt-Todd Rundgren,1,1,0.001222538724,0.003566206626,True
Russell Byrd,1,1,0.001222538724,0.003566206626,True
Rusted Root,1,1,0.001222538724,0.003566206626,True
Rusty Wier,1,1,0.001222538724,0.003566206626,True
Rusty York,1,1,0.001222538724,0.003566206626,True
Ryan Castro x Pe$o Pluma,1,1,0.001222538724,0.003566206626,True
Ryan Leslie,1,1,0.001222538724,0.003566206626,True
Rylo Rodriguez Featuring NoCap,1,1,0.001222538724,0.003566206626,True
S-Express,1,1,0.001222538724,0.003566206626,True
S.S.O.,1,1,0.001222538724,0.003566206626,True
SF Spanish Fly,1,1,0.001222538724,0.003566206626,True
SOB X RBE,1,1,0.001222538724,0.003566206626,True
Sada Baby Featuring Nicki Minaj,1,1,0.001222538724,0.003566206626,True
Sadat X,1,1,0.001222538724,0.003566206626,True
Sage The Gemini Featuring Nick Jonas,1,1,0.001222538724,0.003566206626,True
Sagittarius,1,1,0.001222538724,0.003566206626,True
Sally Field,1,1,0.001222538724,0.003566206626,True
Sam Adams,1,1,0.001222538724,0.003566206626,True
Sammy Kaye And His Orchestra,1,1,0.001222538724,0.003566206626,True
Sammy Kershaw & Lorrie Morgan,1,1,0.001222538724,0.003566206626,True
Sammy Masters,1,1,0.001222538724,0.003566206626,True
Santana Featuring Michelle Branch & The Wreckers,1,1,0.001222538724,0.003566206626,True
Sarah Dash,1,1,0.001222538724,0.003566206626,True
Sass Jordan,1,1,0.001222538724,0.003566206626,True
Sawyer Fredericks,1,1,0.001222538724,0.003566206626,True
ScHoolboy Q Featuring Kendrick Lamar,1,1,0.001222538724,0.003566206626,True
"ScHoolboy Q, 2 Chainz & Saudi",1,1,0.001222538724,0.003566206626,True
Scarface Feat. Ice Cube,1,1,0.001222538724,0.003566206626,True
Scott English,1,1,0.001222538724,0.003566206626,True
Scott Garrett,1,1,0.001222538724,0.003566206626,True
Scotty McCreery & Hootie & the Blowfish,1,1,0.001222538724,0.003566206626,True
Sean Paul Featuring Alexis Jordan,1,1,0.001222538724,0.003566206626,True
Secret Ties,1,1,0.001222538724,0.003566206626,True
Selena Gomez With Rauw Alejandro,1,1,0.001222538724,0.003566206626,True
"Selena Gomez, benny blanco & Gracie Abrams",1,1,0.001222538724,0.003566206626,True
"Selena Gomez, benny blanco & The Marias",1,1,0.001222538724,0.003566206626,True
Senator Bobby Featuring Bill Minkin,1,1,0.001222538724,0.003566206626,True
Sexyy Red & Bruno Mars,1,1,0.001222538724,0.003566206626,True
Shabba Ranks Featuring Patra And Terri & Monica,1,1,0.001222538724,0.003566206626,True
Shakira + Ozuna,1,1,0.001222538724,0.003566206626,True
Shango,1,1,0.001222538724,0.003566206626,True
Sharpees,1,1,0.001222538724,0.003566206626,True
Shawn Mendes & Tainy,1,1,0.001222538724,0.003566206626,True
Sherbs,1,1,0.001222538724,0.003566206626,True
Shirley Caesar,1,1,0.001222538724,0.003566206626,True
Shoes,1,1,0.001222538724,0.003566206626,True
Shot In The Dark,1,1,0.001222538724,0.003566206626,True
Shyheim,1,1,0.001222538724,0.003566206626,True
Silk Sonic (Bruno Mars & Anderson .Paak) With Thundercat & Bootsy Collins,1,1,0.001222538724,0.003566206626,True
Simon F,1,1,0.001222538724,0.003566206626,True
Simon Stokes/Nighthawks,1,1,0.001222538724,0.003566206626,True
Simple E,1,1,0.001222538724,0.003566206626,True
Single Bullet Theory,1,1,0.001222538724,0.003566206626,True
Sinitta,1,1,0.001222538724,0.003566206626,True
Sir Chauncey and his exciting strings,1,1,0.001222538724,0.003566206626,True
Siw Malmkvist-Umberto Marcato,1,1,0.001222538724,0.003566206626,True
Sleepy Hallow Featuring 347aidan,1,1,0.001222538724,0.003566206626,True
Sleepy King,1,1,0.001222538724,0.003566206626,True
Slick Rick,1,1,0.001222538724,0.003566206626,True
Smiley Featuring Drake,1,1,0.001222538724,0.003566206626,True
Smokey,1,1,0.001222538724,0.003566206626,True
Smokie Norful,1,1,0.001222538724,0.003566206626,True
Snail,1,1,0.001222538724,0.003566206626,True
Snoop Dogg Featuring T-Pain,1,1,0.001222538724,0.003566206626,True
Snoop Dogg Featuring Tyrese & Mr. Tan,1,1,0.001222538724,0.003566206626,True
Snootie Wild Featuring K Camp,1,1,0.001222538724,0.003566206626,True
Snuff,1,1,0.001222538724,0.003566206626,True
"Sofi Tukker Featuring NERVO, The Knocks & Alisa Ueno",1,1,0.001222538724,0.003566206626,True
"Sofia Carson, Cameron Boyce, Booboo Stewart & Mitchell Hope",1,1,0.001222538724,0.003566206626,True
Sofia Shinas,1,1,0.001222538724,0.003566206626,True
Soko,1,1,0.001222538724,0.003566206626,True
Solange,1,1,0.001222538724,0.003566206626,True
Sonny Knight,1,1,0.001222538724,0.003566206626,True
Sonny Spencer,1,1,0.001222538724,0.003566206626,True
Sons Of Funk,1,1,0.001222538724,0.003566206626,True
Soul Brothers Six,1,1,0.001222538724,0.003566206626,True
Southcote,1,1,0.001222538724,0.003566206626,True
Southside Johnny & The Asbury Jukes,1,1,0.001222538724,0.003566206626,True
Southside Johnny & The Jukes,1,1,0.001222538724,0.003566206626,True
Southsyde B.O.I.Z.,1,1,0.001222538724,0.003566206626,True
Southwest F.O.B.,1,1,0.001222538724,0.003566206626,True
Spacemonkeyz,1,1,0.001222538724,0.003566206626,True
Special Generation,1,1,0.001222538724,0.003566206626,True
Spellbound,1,1,0.001222538724,0.003566206626,True
Spencer & Spencer with the Sonia Pryor Choir,1,1,0.001222538724,0.003566206626,True
Spin,1,1,0.001222538724,0.003566206626,True
Spiral Starecase Featuring: Pat Upton,1,1,0.001222538724,0.003566206626,True
Spys,1,1,0.001222538724,0.003566206626,True
Squeak E. Clean Featuring Karen O,1,1,0.001222538724,0.003566206626,True
Stan Robinson,1,1,0.001222538724,0.003566206626,True
Steve Allen and His Orchestra with The Copacabana Trio,1,1,0.001222538724,0.003566206626,True
Steve Arrington,1,1,0.001222538724,0.003566206626,True
Steve Greenberg,1,1,0.001222538724,0.003566206626,True
Steve Harley And Cockney Rebel,1,1,0.001222538724,0.003566206626,True
Steve Martin,1,1,0.001222538724,0.003566206626,True
Steve Sperry,1,1,0.001222538724,0.003566206626,True
Stevie Wonder & Michael Jackson,1,1,0.001222538724,0.003566206626,True
Stray Kids,1,1,0.001222538724,0.003566206626,True
Stray Kids Featuring Charlie Puth,1,1,0.001222538724,0.003566206626,True
Streek,1,1,0.001222538724,0.003566206626,True
Streets,1,1,0.001222538724,0.003566206626,True
Subway,1,1,0.001222538724,0.003566206626,True
Sueco,1,1,0.001222538724,0.003566206626,True
Sugar Pie DeSanto,1,1,0.001222538724,0.003566206626,True
Sugarland Featuring Little Big Town & Jake Owen,1,1,0.001222538724,0.003566206626,True
Summer Walker & Anderson .Paak,1,1,0.001222538724,0.003566206626,True
Summer Walker & Chris Brown,1,1,0.001222538724,0.003566206626,True
Summer Walker & Mariah the Scientist,1,1,0.001222538724,0.003566206626,True
Summer Walker & PARTYNEXTDOOR,1,1,0.001222538724,0.003566206626,True
Summer Walker Featuring Jhene Aiko,1,1,0.001222538724,0.003566206626,True
"Summer Walker, Glorilla, Sexyy Red & Monaleo",1,1,0.001222538724,0.003566206626,True
"Summer Walker, Latto & Doja Cat",1,1,0.001222538724,0.003566206626,True
Sunday,1,1,0.001222538724,0.003566206626,True
Sundown Company,1,1,0.001222538724,0.003566206626,True
Susan Jacks,1,1,0.001222538724,0.003566206626,True
Suzy And The Red Stripes,1,1,0.001222538724,0.003566206626,True
Swae Lee Featuring Drake,1,1,0.001222538724,0.003566206626,True
Swae Lee Featuring Slim Jxmmi,1,1,0.001222538724,0.003566206626,True
Swedish House Mafia & The Weeknd,1,1,0.001222538724,0.003566206626,True
Sweeney Todd,1,1,0.001222538724,0.003566206626,True
Sweet Sable,1,1,0.001222538724,0.003566206626,True
Sylvia And The Moments,1,1,0.001222538724,0.003566206626,True
T-Pain & Kehlani,1,1,0.001222538724,0.003566206626,True
T.G. Sheppard With Clint Eastwood,1,1,0.001222538724,0.003566206626,True
T.I. Featuring B.o.B.,1,1,0.001222538724,0.003566206626,True
T.I. Featuring Eminem,1,1,0.001222538724,0.003566206626,True
T.I. Featuring Lil Baby,1,1,0.001222538724,0.003566206626,True
T.P.E.,1,1,0.001222538724,0.003566206626,True
TAEYANG Featuring Jimin,1,1,0.001222538724,0.003566206626,True
TK Kravitz Featuring Jacqueez,1,1,0.001222538724,0.003566206626,True
TKA Featuring Michelle Visage,1,1,0.001222538724,0.003566206626,True
TRUSTcompany,1,1,0.001222538724,0.003566206626,True
Tag,1,1,0.001222538724,0.003566206626,True
Tainy & Bad Bunny,1,1,0.001222538724,0.003566206626,True
"Tainy, Bad Bunny & Julieta Venegas",1,1,0.001222538724,0.003566206626,True
Taka Boom,1,1,0.001222538724,0.003566206626,True
Tangier,1,1,0.001222538724,0.003566206626,True
Tanya Blount,1,1,0.001222538724,0.003566206626,True
Tasha Holiday,1,1,0.001222538724,0.003566206626,True
Taylor Hicks,1,1,0.001222538724,0.003566206626,True
Taylor Swift Featuring Chris Stapleton,1,1,0.001222538724,0.003566206626,True
Taylor Swift Featuring Colbie Caillat,1,1,0.001222538724,0.003566206626,True
Taylor Swift Featuring Florence + The Machine,1,1,0.001222538724,0.003566206626,True
Taylor Swift Featuring Gary Lightbody Of Snow Patrol,1,1,0.001222538724,0.003566206626,True
Taylor Swift Featuring HAIM,1,1,0.001222538724,0.003566206626,True
Taylor Swift Featuring Lana Del Rey,1,1,0.001222538724,0.003566206626,True
Taylor Swift Featuring Maren Morris,1,1,0.001222538724,0.003566206626,True
Taylor Swift Featuring Phoebe Bridgers,1,1,0.001222538724,0.003566206626,True
Taylor Swift Featuring The National,1,1,0.001222538724,0.003566206626,True
Teddy Vann,1,1,0.001222538724,0.003566206626,True
Tene Williams,1,1,0.001222538724,0.003566206626,True
Tennessee Ernie Ford,1,1,0.001222538724,0.003566206626,True
Terry Bradshaw,1,1,0.001222538724,0.003566206626,True
Terry Cashman,1,1,0.001222538724,0.003566206626,True
Terry McDermott,1,1,0.001222538724,0.003566206626,True
Tessanne Chin,1,1,0.001222538724,0.003566206626,True
Texas,1,1,0.001222538724,0.003566206626,True
That Mexican OT,1,1,0.001222538724,0.003566206626,True
"The ""5"" Royales",1,1,0.001222538724,0.003566206626,True
The 21st Century,1,1,0.001222538724,0.003566206626,True
The 3 Friends,1,1,0.001222538724,0.003566206626,True
The 4 Of Us,1,1,0.001222538724,0.003566206626,True
The 4 Seasons Featuring Frankie Valli,1,1,0.001222538724,0.003566206626,True
The Abbey Tavern Singers,1,1,0.001222538724,0.003566206626,True
The Adventures,1,1,0.001222538724,0.003566206626,True
"The Alchemist Featuring Prodigy, Illa Ghee & Nina Sky",1,1,0.001222538724,0.003566206626,True
The American Comedy Network,1,1,0.001222538724,0.003566206626,True
The Astronauts,1,1,0.001222538724,0.003566206626,True
The Atlanta Disco Band,1,1,0.001222538724,0.003566206626,True
The Baltimore And Ohio Marching Band,1,1,0.001222538724,0.003566206626,True
The Barden Bellas,1,1,0.001222538724,0.003566206626,True
"The Barden Bellas, The Treblemakers & The BU Harmonics",1,1,0.001222538724,0.003566206626,True
The Barron Knights,1,1,0.001222538724,0.003566206626,True
The Beatles With Tony Sheridan,1,1,0.001222538724,0.003566206626,True
The Beatnuts Featuring Big Punisher & Cuban Link,1,1,0.001222538724,0.003566206626,True
The Big Sound Of Don Ralke,1,1,0.001222538724,0.003566206626,True
The Blades Of Grass,1,1,0.001222538724,0.003566206626,True
The Blend,1,1,0.001222538724,0.003566206626,True
The Blossoms,1,1,0.001222538724,0.003566206626,True
The Boomtown Rats,1,1,0.001222538724,0.003566206626,True
The Braxtons,1,1,0.001222538724,0.003566206626,True
The Brooklyn Bridge,1,1,0.001222538724,0.003566206626,True
The Butterflys,1,1,0.001222538724,0.003566206626,True
The California Raisins,1,1,0.001222538724,0.003566206626,True
The Cambridge Strings And Singers,1,1,0.001222538724,0.003566206626,True
The Candymen,1,1,0.001222538724,0.003566206626,True
The Cantina Band (featuring Lou Christie),1,1,0.001222538724,0.003566206626,True
The Carefrees,1,1,0.001222538724,0.003566206626,True
The Chainsmokers & ILLENIUM Featuring Lennon Stella,1,1,0.001222538724,0.003566206626,True
The Chainsmokers Featuring Emily Warren,1,1,0.001222538724,0.003566206626,True
The Chainsmokers Featuring XYLO,1,1,0.001222538724,0.003566206626,True
The Champs' Boys Orchestra,1,1,0.001222538724,0.003566206626,True
The Changin' Times,1,1,0.001222538724,0.003566206626,True
"The Checkmates, Ltd.",1,1,0.001222538724,0.003566206626,True
"The Checkmates, Ltd. Featuring Sonny Charles",1,1,0.001222538724,0.003566206626,True
The Chicago Loop,1,1,0.001222538724,0.003566206626,True
The Choice Four,1,1,0.001222538724,0.003566206626,True
The Choir,1,1,0.001222538724,0.003566206626,True
The Commitments,1,1,0.001222538724,0.003566206626,True
The Continental 4,1,1,0.001222538724,0.003566206626,True
The Courtship,1,1,0.001222538724,0.003566206626,True
The Cretones,1,1,0.001222538724,0.003566206626,True
The Crickets,1,1,0.001222538724,0.003566206626,True
The Crusaders With Joe Cocker,1,1,0.001222538724,0.003566206626,True
The Crystal Mansion,1,1,0.001222538724,0.003566206626,True
The Cupids,1,1,0.001222538724,0.003566206626,True
The Danleers,1,1,0.001222538724,0.003566206626,True
The DeCastro Sisters,1,1,0.001222538724,0.003566206626,True
The Deadly Nightshade,1,1,0.001222538724,0.003566206626,True
The Del Fuegos,1,1,0.001222538724,0.003566206626,True
The Delacardos,1,1,0.001222538724,0.003566206626,True
The Dillards,1,1,0.001222538724,0.003566206626,True
The Doolittle Band,1,1,0.001222538724,0.003566206626,True
The Duke Of Earl,1,1,0.001222538724,0.003566206626,True
The Dynatones,1,1,0.001222538724,0.003566206626,True
The Electric Express,1,1,0.001222538724,0.003566206626,True
The Eternals,1,1,0.001222538724,0.003566206626,True
The Fabulous Rhinestones,1,1,0.001222538724,0.003566206626,True
The Fantastics,1,1,0.001222538724,0.003566206626,True
The Fascinations,1,1,0.001222538724,0.003566206626,True
The Fireflies Featuring Ritchie Adams,1,1,0.001222538724,0.003566206626,True
The First Class,1,1,0.001222538724,0.003566206626,True
The Five Emprees,1,1,0.001222538724,0.003566206626,True
The Flavor Unit MC's,1,1,0.001222538724,0.003566206626,True
The Formations,1,1,0.001222538724,0.003566206626,True
The Four Knights,1,1,0.001222538724,0.003566206626,True
The Four Pennies,1,1,0.001222538724,0.003566206626,True
The Four Sportsmen,1,1,0.001222538724,0.003566206626,True
The Four-Evers,1,1,0.001222538724,0.003566206626,True
The Fratellis,1,1,0.001222538724,0.003566206626,True
The Frogmen,1,1,0.001222538724,0.003566206626,True
The Fun And Games,1,1,0.001222538724,0.003566206626,True
The Galens,1,1,0.001222538724,0.003566206626,True
The Game & Kanye West,1,1,0.001222538724,0.003566206626,True
The Game Featuring Jeremih,1,1,0.001222538724,0.003566206626,True
The Gibson Brothers,1,1,0.001222538724,0.003566206626,True
The Glitter Band,1,1,0.001222538724,0.003566206626,True
The Glories,1,1,0.001222538724,0.003566206626,True
The Greenwood County Singers,1,1,0.001222538724,0.003566206626,True
The Hardtimes,1,1,0.001222538724,0.003566206626,True
The Headboys,1,1,0.001222538724,0.003566206626,True
The Hearts,1,1,0.001222538724,0.003566206626,True
The Heyettes,1,1,0.001222538724,0.003566206626,True
The Hippies (Formerly The Tams),1,1,0.001222538724,0.003566206626,True
The Hollywood Stars,1,1,0.001222538724,0.003566206626,True
The Innocence,1,1,0.001222538724,0.003566206626,True
The Iveys,1,1,0.001222538724,0.003566206626,True
The Ivy League,1,1,0.001222538724,0.003566206626,True
The James Boys,1,1,0.001222538724,0.003566206626,True
The Jazz Crusaders,1,1,0.001222538724,0.003566206626,True
The Jive Five With Eugene Pitts,1,1,0.001222538724,0.003566206626,True
The Johnny Mann Singers,1,1,0.001222538724,0.003566206626,True
The Juliana Hatfield 3,1,1,0.001222538724,0.003566206626,True
The Keane Brothers,1,1,0.001222538724,0.003566206626,True
The Kendalls,1,1,0.001222538724,0.003566206626,True
The Kid LAROI & Juice WRLD,1,1,0.001222538724,0.003566206626,True
"The Kid LAROI, Jung Kook & Central Cee",1,1,0.001222538724,0.003566206626,True
The Kid Laroi,1,1,0.001222538724,0.003566206626,True
The Kids Next Door,1,1,0.001222538724,0.003566206626,True
The Knight Bros.,1,1,0.001222538724,0.003566206626,True
The Lafayettes,1,1,0.001222538724,0.003566206626,True
The Last Word,1,1,0.001222538724,0.003566206626,True
The Lewis & Clarke Expedition,1,1,0.001222538724,0.003566206626,True
The Limeliters,1,1,0.001222538724,0.003566206626,True
The London Symphony Orchestra/John Williams,1,1,0.001222538724,0.003566206626,True
The Lonely Island Featuring Michael Bolton,1,1,0.001222538724,0.003566206626,True
The Long Faces,1,1,0.001222538724,0.003566206626,True
The Magic Lantern,1,1,0.001222538724,0.003566206626,True
The Magic Lanterns,1,1,0.001222538724,0.003566206626,True
The Magistrates,1,1,0.001222538724,0.003566206626,True
The Marc Tanner Band,1,1,0.001222538724,0.003566206626,True
The Mars Volta,1,1,0.001222538724,0.003566206626,True
The Mary Kaye Trio,1,1,0.001222538724,0.003566206626,True
The Maskman & The Agents,1,1,0.001222538724,0.003566206626,True
The Mauds,1,1,0.001222538724,0.003566206626,True
The Melodeers,1,1,0.001222538724,0.003566206626,True
The Merry-Go-Round,1,1,0.001222538724,0.003566206626,True
The Metros,1,1,0.001222538724,0.003566206626,True
The Miniature Men,1,1,0.001222538724,0.003566206626,True
The Montanas,1,1,0.001222538724,0.003566206626,True
The Motors,1,1,0.001222538724,0.003566206626,True
The New Establishment,1,1,0.001222538724,0.003566206626,True
The New Seekers featuring Marty Kristian,1,1,0.001222538724,0.003566206626,True
The New Yorkers,1,1,0.001222538724,0.003566206626,True
The Newcomers,1,1,0.001222538724,0.003566206626,True
The Nightcrawlers,1,1,0.001222538724,0.003566206626,True
The Northern Pikes,1,1,0.001222538724,0.003566206626,True
The Notorious B.I.G. Featuring Puff Daddy & Lil' Kim,1,1,0.001222538724,0.003566206626,True
The Pack,1,1,0.001222538724,0.003566206626,True
The Paragons,1,1,0.001222538724,0.003566206626,True
The Peace Choir,1,1,0.001222538724,0.003566206626,True
The Peanut Butter Conspiracy,1,1,0.001222538724,0.003566206626,True
The Peels,1,1,0.001222538724,0.003566206626,True
The Peppers,1,1,0.001222538724,0.003566206626,True
The Piltdown Men,1,1,0.001222538724,0.003566206626,True
The Playboys,1,1,0.001222538724,0.003566206626,True
The Plimsouls,1,1,0.001222538724,0.003566206626,True
The Poppies,1,1,0.001222538724,0.003566206626,True
The Postal Service,1,1,0.001222538724,0.003566206626,True
The Precisions,1,1,0.001222538724,0.003566206626,True
The Preludes Five,1,1,0.001222538724,0.003566206626,True
The Producers,1,1,0.001222538724,0.003566206626,True
The Raelets/Ray Charles Orchestra,1,1,0.001222538724,0.003566206626,True
The Rainy Daze,1,1,0.001222538724,0.003566206626,True
The Rationals,1,1,0.001222538724,0.003566206626,True
The Ribbons,1,1,0.001222538724,0.003566206626,True
The Rings,1,1,0.001222538724,0.003566206626,True
The Rollers,1,1,0.001222538724,0.003566206626,True
The Romeos,1,1,0.001222538724,0.003566206626,True
The Rondels,1,1,0.001222538724,0.003566206626,True
The Rowans,1,1,0.001222538724,0.003566206626,True
The San Remo Golden Strings,1,1,0.001222538724,0.003566206626,True
The Scaffold,1,1,0.001222538724,0.003566206626,True
The Sevilles,1,1,0.001222538724,0.003566206626,True
The Shacklefords,1,1,0.001222538724,0.003566206626,True
The Shadows Of Knight,1,1,0.001222538724,0.003566206626,True
The Show Stoppers,1,1,0.001222538724,0.003566206626,True
The Simpsons Featuring Bart & Homer,1,1,0.001222538724,0.003566206626,True
The Singing Belles,1,1,0.001222538724,0.003566206626,True
The Smoke Ring,1,1,0.001222538724,0.003566206626,True
The Sons Of Champlin,1,1,0.001222538724,0.003566206626,True
The Soul Clan,1,1,0.001222538724,0.003566206626,True
The Soulful Strings,1,1,0.001222538724,0.003566206626,True
The Spats Featuring Dick Johnson,1,1,0.001222538724,0.003566206626,True
The Spellbinders,1,1,0.001222538724,0.003566206626,True
The Stairsteps,1,1,0.001222538724,0.003566206626,True
The Star Wars Intergalactic Droid Choir & Chorale,1,1,0.001222538724,0.003566206626,True
The Steelers,1,1,0.001222538724,0.003566206626,True
The Steve Gibbons Band,1,1,0.001222538724,0.003566206626,True
The Stompers,1,1,0.001222538724,0.003566206626,True
The Sunglows,1,1,0.001222538724,0.003566206626,True
The Superbs,1,1,0.001222538724,0.003566206626,True
The Swans,1,1,0.001222538724,0.003566206626,True
The Swell Season (Glen Hansard & Marketa Irglova),1,1,0.001222538724,0.003566206626,True
The Swingin' Medallions,1,1,0.001222538724,0.003566206626,True
The Tassels,1,1,0.001222538724,0.003566206626,True
The Texans,1,1,0.001222538724,0.003566206626,True
The Timetones,1,1,0.001222538724,0.003566206626,True
The Tourists,1,1,0.001222538724,0.003566206626,True
The Toy Dolls,1,1,0.001222538724,0.003566206626,True
The Tree Swingers,1,1,0.001222538724,0.003566206626,True
The Unknowns,1,1,0.001222538724,0.003566206626,True
The Upbeats,1,1,0.001222538724,0.003566206626,True
The Used And My Chemical Romance,1,1,0.001222538724,0.003566206626,True
The Vacels,1,1,0.001222538724,0.003566206626,True
The Valentinos (The Lovers),1,1,0.001222538724,0.003566206626,True
The Van Dykes,1,1,0.001222538724,0.003566206626,True
The Vejtables,1,1,0.001222538724,0.003566206626,True
The Videls,1,1,0.001222538724,0.003566206626,True
The Wackers,1,1,0.001222538724,0.003566206626,True
The Waitresses,1,1,0.001222538724,0.003566206626,True
The Wanderers,1,1,0.001222538724,0.003566206626,True
The Weeknd & Anitta,1,1,0.001222538724,0.003566206626,True
The Weeknd Featuring Ed Sheeran,1,1,0.001222538724,0.003566206626,True
The Weeknd Featuring Future,1,1,0.001222538724,0.003566206626,True
The Weeknd Featuring Kendrick Lamar,1,1,0.001222538724,0.003566206626,True
The Weeknd Featuring Lana Del Rey,1,1,0.001222538724,0.003566206626,True
"The Weeknd, JENNIE & Lily Rose Depp",1,1,0.001222538724,0.003566206626,True
The Whatnauts & The Whatnaut Band,1,1,0.001222538724,0.003566206626,True
The White Buffalo & The Forest Rangers,1,1,0.001222538724,0.003566206626,True
The Wildweeds,1,1,0.001222538724,0.003566206626,True
The Wombles,1,1,0.001222538724,0.003566206626,True
The Womenfolk,1,1,0.001222538724,0.003566206626,True
The Woolies,1,1,0.001222538724,0.003566206626,True
Thee Midniters,1,1,0.001222538724,0.003566206626,True
Thelma Carpenter,1,1,0.001222538724,0.003566206626,True
Thomas & Richard Frost,1,1,0.001222538724,0.003566206626,True
Thomas Rhett Featuring Teddy Swims,1,1,0.001222538724,0.003566206626,True
Three 6 Mafia Featuring Kalenna,1,1,0.001222538724,0.003566206626,True
Three 6 Mafia Vs. Tiesto With Sean Kingston & Flo Rida,1,1,0.001222538724,0.003566206626,True
Tiggi Clay,1,1,0.001222538724,0.003566206626,True
Tim Davis,1,1,0.001222538724,0.003566206626,True
Tim Hardin,1,1,0.001222538724,0.003566206626,True
Tim Tam And The Turn-Ons,1,1,0.001222538724,0.003566206626,True
Timbaland & Magoo Featuring Missy Elliott,1,1,0.001222538724,0.003566206626,True
"Timbaland Featuring Missy ""Misdemeanor"" Elliott & Magoo",1,1,0.001222538724,0.003566206626,True
Timbaland Featuring The Fray & Esthero,1,1,0.001222538724,0.003566206626,True
Tinie Tempah Featuring Wiz Khalifa,1,1,0.001222538724,0.003566206626,True
Toby Keith With Sting,1,1,0.001222538724,0.003566206626,True
Today's People,1,1,0.001222538724,0.003566206626,True
Together? (Soundtrack) Featuring Jackie DeShannon,1,1,0.001222538724,0.003566206626,True
Tom Powers,1,1,0.001222538724,0.003566206626,True
Tom and Jerrio,1,1,0.001222538724,0.003566206626,True
Tommy Cash,1,1,0.001222538724,0.003566206626,True
Tompall & The Glaser Brothers,1,1,0.001222538724,0.003566206626,True
Toni Arden,1,1,0.001222538724,0.003566206626,True
Tony And Joe,1,1,0.001222538724,0.003566206626,True
Tony Burrows,1,1,0.001222538724,0.003566206626,True
Tony Cole,1,1,0.001222538724,0.003566206626,True
Tony Dallara,1,1,0.001222538724,0.003566206626,True
Tony Lucca,1,1,0.001222538724,0.003566206626,True
Tora Tora,1,1,0.001222538724,0.003566206626,True
Tory Lanez Featuring Chris Brown,1,1,0.001222538724,0.003566206626,True
Tory Lanez Featuring Snoop Dogg,1,1,0.001222538724,0.003566206626,True
Total Coelo,1,1,0.001222538724,0.003566206626,True
Traffic,1,1,0.001222538724,0.003566206626,True
"Tragedy, Capone, Infinite",1,1,0.001222538724,0.003566206626,True
Travi$ Scott Featuring Future & 2 Chainz,1,1,0.001222538724,0.003566206626,True
Travie McCoy Featuring Jason Mraz,1,1,0.001222538724,0.003566206626,True
Travis Scott & Don Toliver,1,1,0.001222538724,0.003566206626,True
Travis Scott & GloRilla,1,1,0.001222538724,0.003566206626,True
Travis Scott Featuring Lil Uzi Vert & Kanye West,1,1,0.001222538724,0.003566206626,True
Travis Scott Featuring Rob49 & 21 Savage,1,1,0.001222538724,0.003566206626,True
"Travis Scott, Bad Bunny & The Weeknd",1,1,0.001222538724,0.003566206626,True
"Travis Scott, Playboi Carti & Future",1,1,0.001222538724,0.003566206626,True
"Travis Scott, Sheck Wes & Don Toliver",1,1,0.001222538724,0.003566206626,True
Trent Tomlinson,1,1,0.001222538724,0.003566206626,True
Trina,1,1,0.001222538724,0.003566206626,True
Trippie Redd Featuring Juice WRLD,1,1,0.001222538724,0.003566206626,True
Trippie Redd Featuring Juice WRLD & YNW Melly,1,1,0.001222538724,0.003566206626,True
Trippie Redd Featuring Kodie Shane,1,1,0.001222538724,0.003566206626,True
Trippie Redd Featuring Lil Baby & Lil Duke,1,1,0.001222538724,0.003566206626,True
Trippie Redd Featuring Lil Uzi Vert,1,1,0.001222538724,0.003566206626,True
Troop 41,1,1,0.001222538724,0.003566206626,True
Trooper,1,1,0.001222538724,0.003566206626,True
Troy Keyes,1,1,0.001222538724,0.003566206626,True
Troy Newman,1,1,0.001222538724,0.003566206626,True
Tupac With Eminem Featuring The Outlawz,1,1,0.001222538724,0.003566206626,True
Twennynine Featuring Lenny White,1,1,0.001222538724,0.003566206626,True
Twenty One Pilots,1,1,0.001222538724,0.003566206626,True
Twista Featuring Faith Evans,1,1,0.001222538724,0.003566206626,True
Ty Dolla $ign Featuring Quavo & Juicy J,1,1,0.001222538724,0.003566206626,True
Tyga & Nicki Minaj,1,1,0.001222538724,0.003566206626,True
Tyga Featuring Chris Richardson,1,1,0.001222538724,0.003566206626,True
Tyga Featuring Drake,1,1,0.001222538724,0.003566206626,True
Tyga Featuring Travis McCoy,1,1,0.001222538724,0.003566206626,True
Tyla Yaweh & Post Malone,1,1,0.001222538724,0.003566206626,True
"Tyler, The Creator Featuring Doechii",1,1,0.001222538724,0.003566206626,True
"Tyler, The Creator Featuring ScHoolboy Q & Santigold",1,1,0.001222538724,0.003566206626,True
"Tyler, The Creator Featuring Teezo Touchdown",1,1,0.001222538724,0.003566206626,True
U.S. 1,1,1,0.001222538724,0.003566206626,True
U2 & Green Day,1,1,0.001222538724,0.003566206626,True
U2 With B.B. King,1,1,0.001222538724,0.003566206626,True
UTFO,1,1,0.001222538724,0.003566206626,True
Ugly God,1,1,0.001222538724,0.003566206626,True
Ultimate,1,1,0.001222538724,0.003566206626,True
Ultravox,1,1,0.001222538724,0.003566206626,True
Uncle Dog,1,1,0.001222538724,0.003566206626,True
Universal Robot Band,1,1,0.001222538724,0.003566206626,True
Urgent,1,1,0.001222538724,0.003566206626,True
V V Brown,1,1,0.001222538724,0.003566206626,True
Valadiers,1,1,0.001222538724,0.003566206626,True
Vaughan Mason And Crew,1,1,0.001222538724,0.003566206626,True
Vaughn Monroe,1,1,0.001222538724,0.003566206626,True
Victor Lundberg,1,1,0.001222538724,0.003566206626,True
Vince Edwards,1,1,0.001222538724,0.003566206626,True
Voices,1,1,0.001222538724,0.003566206626,True
Vybe,1,1,0.001222538724,0.003566206626,True
WE the Kings Featuring Demi Lovato,1,1,0.001222538724,0.003566206626,True
Wade Flemons,1,1,0.001222538724,0.003566206626,True
Wade Flemons and the Newcomers,1,1,0.001222538724,0.003566206626,True
Wade Hayes,1,1,0.001222538724,0.003566206626,True
Wale & Leon Thomas,1,1,0.001222538724,0.003566206626,True
Wallace Brothers,1,1,0.001222538724,0.003566206626,True
Warren Storm,1,1,0.001222538724,0.003566206626,True
Wendy Waldman,1,1,0.001222538724,0.003566206626,True
What Is This,1,1,0.001222538724,0.003566206626,True
Whirlwind,1,1,0.001222538724,0.003566206626,True
Who Is Fancy,1,1,0.001222538724,0.003566206626,True
WhoHeem,1,1,0.001222538724,0.003566206626,True
Wild Blue,1,1,0.001222538724,0.003566206626,True
Will Smith Featuring Tra-Knox,1,1,0.001222538724,0.003566206626,True
Willie Henderson,1,1,0.001222538724,0.003566206626,True
Willie Henderson And The Soul Explosions,1,1,0.001222538724,0.003566206626,True
Willie Tee,1,1,0.001222538724,0.003566206626,True
"Willis ""The Guard"" & Vigorish",1,1,0.001222538724,0.003566206626,True
Wilmer And The Dukes,1,1,0.001222538724,0.003566206626,True
Wiz Khalifa & Iggy Azalea,1,1,0.001222538724,0.003566206626,True
Wiz Khalifa Featuring Lil Skies,1,1,0.001222538724,0.003566206626,True
Wiz Khalifa Featuring Rae Sremmurd,1,1,0.001222538724,0.003566206626,True
Wiz Khalifa Featuring Travi$ Scott,1,1,0.001222538724,0.003566206626,True
Wonder Girls,1,1,0.001222538724,0.003566206626,True
Wyatt (Earp) McPherson,1,1,0.001222538724,0.003566206626,True
XXXTENTACION Featuring Joey Bada$$,1,1,0.001222538724,0.003566206626,True
Xzibit Featuring Keri Hilson,1,1,0.001222538724,0.003566206626,True
"YG Featuring Tyga, Snoop Dogg & Nipsey Hussle",1,1,0.001222538724,0.003566206626,True
YNW Melly Featuring Lil Uzi Vert,1,1,0.001222538724,0.003566206626,True
Yahritza y Su Esencia,1,1,0.001222538724,0.003566206626,True
Yasmeen Featuring Ghostface Killah,1,1,0.001222538724,0.003566206626,True
Yasmin,1,1,0.001222538724,0.003566206626,True
Yazz And The Plastic Population,1,1,0.001222538724,0.003566206626,True
Ye & Andre Troutman,1,1,0.001222538724,0.003566206626,True
Ye & Travis Scott,1,1,0.001222538724,0.003566206626,True
Yeat Featuring Lil Uzi Vert,1,1,0.001222538724,0.003566206626,True
"Yella Beezy, Gucci Mane & Quavo",1,1,0.001222538724,0.003566206626,True
Yipes!!,1,1,0.001222538724,0.003566206626,True
Young Hearts,1,1,0.001222538724,0.003566206626,True
Young Jeezy Featuring Lil Wayne,1,1,0.001222538724,0.003566206626,True
Young Jeezy Featuring Nas,1,1,0.001222538724,0.003566206626,True
Young Thug & Gunna Featuring Drake,1,1,0.001222538724,0.003566206626,True
Young Thug Featuring Gunna & Lil Baby,1,1,0.001222538724,0.003566206626,True
Young Thug Featuring Lil Uzi Vert,1,1,0.001222538724,0.003566206626,True
Young Thug Featuring Machine Gun Kelly,1,1,0.001222538724,0.003566206626,True
Young Thug Featuring Nicki Minaj,1,1,0.001222538724,0.003566206626,True
Young Thug With Future & BSlime,1,1,0.001222538724,0.003566206626,True
Young Thug With J. Cole & T-Shyne,1,1,0.001222538724,0.003566206626,True
Young Thug With Juice WRLD,1,1,0.001222538724,0.003566206626,True
Young Thug With Post Malone & A$AP Rocky,1,1,0.001222538724,0.003566206626,True
YoungBoy Never Broke Again & Mellow Rackz,1,1,0.001222538724,0.003566206626,True
YoungBoy Never Broke Again & Rod Wave,1,1,0.001222538724,0.003566206626,True
YoungBoy Never Broke Again Featuring Lil Wayne,1,1,0.001222538724,0.003566206626,True
Youssou N'Dour & Neneh Cherry,1,1,0.001222538724,0.003566206626,True
Yutaka,1,1,0.001222538724,0.003566206626,True
Yvonne Fair,1,1,0.001222538724,0.003566206626,True
Zach Bryan Featuring Bruce Springsteen,1,1,0.001222538724,0.003566206626,True
Zach Bryan Featuring John Mayer,1,1,0.001222538724,0.003566206626,True
Zach Bryan Featuring The Lumineers,1,1,0.001222538724,0.003566206626,True
Zach John King,1,1,0.001222538724,0.003566206626,True
Zapp,1,1,0.001222538724,0.003566206626,True
Zayn Featuring PARTYNEXTDOOR,1,1,0.001222538724,0.003566206626,True
Zedd & Liam Payne,1,1,0.001222538724,0.003566206626,True
Zendaya Featuring Chris Brown,1,1,0.001222538724,0.003566206626,True
beabadoobee Featuring The Marias,1,1,0.001222538724,0.003566206626,True
benny blanco & Juice WRLD Featuring Brendon Urie,1,1,0.001222538724,0.003566206626,True
"benny blanco, BTS & Snoop Dogg",1,1,0.001222538724,0.003566206626,True
"benny blanco, Tainy, Selena Gomez & J Balvin",1,1,0.001222538724,0.003566206626,True
j-hope,1,1,0.001222538724,0.003566206626,True
j-hope & GloRilla,1,1,0.001222538724,0.003566206626,True
jessie murph,1,1,0.001222538724,0.003566206626,True
mgk,1,1,0.001222538724,0.003566206626,True
will.i.am Featuring Mick Jagger & Jennifer Lopez,1,1,0.001222538724,0.003566206626,True
"will.i.am Featuring Miley Cyrus, French Montana, Wiz Khalifa & DJ Mustard",1,1,0.001222538724,0.003566206626,True
¥$: Kanye West & Ty Dolla $ign Featuring Lil Durk & Bump J,1,1,0.001222538724,0.003566206626,True
¥$: Kanye West & Ty Dolla $ign Featuring North West,1,1,0.001222538724,0.003566206626,True
¥$: Kanye West & Ty Dolla $ign Featuring Rich The Kid & Playboi Carti,1,1,0.001222538724,0.003566206626,True
