group_dimension,group,measure,observation_count,unique_songs,available_observations,available_pct,unavailable_observations,available_unique_songs,available_unique_song_pct
decade,1950s,lyrics_available,1700,774,1111,65.35294118,589,470,60.72351421
decade,1950s,all_42_classifier_scores,1700,774,1111,65.35294118,589,470,60.72351421
decade,1950s,mb_duration_median_seconds,1700,774,967,56.88235294,733,408,52.71317829
decade,1950s,ll_sexual_content,1700,774,1111,65.35294118,589,470,60.72351421
decade,1950s,ll_violence,1700,774,1111,65.35294118,589,470,60.72351421
decade,1950s,ll_explicit_language,1700,774,1111,65.35294118,589,470,60.72351421
decade,1950s,ll_substance_use,1700,774,1111,65.35294118,589,470,60.72351421
decade,1950s,detox_toxicity,1700,774,1111,65.35294118,589,470,60.72351421
decade,1950s,detox_severe_toxicity,1700,774,1111,65.35294118,589,470,60.72351421
decade,1950s,detox_obscene,1700,774,1111,65.35294118,589,470,60.72351421
decade,1950s,detox_threat,1700,774,1111,65.35294118,589,470,60.72351421
decade,1950s,detox_insult,1700,774,1111,65.35294118,589,470,60.72351421
decade,1950s,detox_identity_attack,1700,774,1111,65.35294118,589,470,60.72351421
decade,1950s,detox_sexual_explicit,1700,774,1111,65.35294118,589,470,60.72351421
decade,1950s,emotion_admiration,1700,774,1111,65.35294118,589,470,60.72351421
decade,1950s,emotion_amusement,1700,774,1111,65.35294118,589,470,60.72351421
decade,1950s,emotion_anger,1700,774,1111,65.35294118,589,470,60.72351421
decade,1950s,emotion_annoyance,1700,774,1111,65.35294118,589,470,60.72351421
decade,1950s,emotion_approval,1700,774,1111,65.35294118,589,470,60.72351421
decade,1950s,emotion_caring,1700,774,1111,65.35294118,589,470,60.72351421
decade,1950s,emotion_confusion,1700,774,1111,65.35294118,589,470,60.72351421
decade,1950s,emotion_curiosity,1700,774,1111,65.35294118,589,470,60.72351421
decade,1950s,emotion_desire,1700,774,1111,65.35294118,589,470,60.72351421
decade,1950s,emotion_disappointment,1700,774,1111,65.35294118,589,470,60.72351421
decade,1950s,emotion_disapproval,1700,774,1111,65.35294118,589,470,60.72351421
decade,1950s,emotion_disgust,1700,774,1111,65.35294118,589,470,60.72351421
decade,1950s,emotion_embarrassment,1700,774,1111,65.35294118,589,470,60.72351421
decade,1950s,emotion_excitement,1700,774,1111,65.35294118,589,470,60.72351421
decade,1950s,emotion_fear,1700,774,1111,65.35294118,589,470,60.72351421
decade,1950s,emotion_gratitude,1700,774,1111,65.35294118,589,470,60.72351421
decade,1950s,emotion_grief,1700,774,1111,65.35294118,589,470,60.72351421
decade,1950s,emotion_joy,1700,774,1111,65.35294118,589,470,60.72351421
decade,1950s,emotion_love,1700,774,1111,65.35294118,589,470,60.72351421
decade,1950s,emotion_nervousness,1700,774,1111,65.35294118,589,470,60.72351421
decade,1950s,emotion_optimism,1700,774,1111,65.35294118,589,470,60.72351421
decade,1950s,emotion_pride,1700,774,1111,65.35294118,589,470,60.72351421
decade,1950s,emotion_realization,1700,774,1111,65.35294118,589,470,60.72351421
decade,1950s,emotion_relief,1700,774,1111,65.35294118,589,470,60.72351421
decade,1950s,emotion_remorse,1700,774,1111,65.35294118,589,470,60.72351421
decade,1950s,emotion_sadness,1700,774,1111,65.35294118,589,470,60.72351421
decade,1950s,emotion_surprise,1700,774,1111,65.35294118,589,470,60.72351421
decade,1950s,emotion_neutral,1700,774,1111,65.35294118,589,470,60.72351421
decade,1950s,sentiment_negative,1700,774,1111,65.35294118,589,470,60.72351421
decade,1950s,sentiment_neutral,1700,774,1111,65.35294118,589,470,60.72351421
decade,1950s,sentiment_positive,1700,774,1111,65.35294118,589,470,60.72351421
decade,1960s,lyrics_available,12000,6108,8668,72.23333333,3332,4220,69.0897184
decade,1960s,all_42_classifier_scores,12000,6108,8666,72.21666667,3334,4219,69.07334643
decade,1960s,mb_duration_median_seconds,12000,6108,8131,67.75833333,3869,3956,64.76751801
decade,1960s,ll_sexual_content,12000,6108,8666,72.21666667,3334,4219,69.07334643
decade,1960s,ll_violence,12000,6108,8666,72.21666667,3334,4219,69.07334643
decade,1960s,ll_explicit_language,12000,6108,8666,72.21666667,3334,4219,69.07334643
decade,1960s,ll_substance_use,12000,6108,8666,72.21666667,3334,4219,69.07334643
decade,1960s,detox_toxicity,12000,6108,8668,72.23333333,3332,4220,69.0897184
decade,1960s,detox_severe_toxicity,12000,6108,8668,72.23333333,3332,4220,69.0897184
decade,1960s,detox_obscene,12000,6108,8668,72.23333333,3332,4220,69.0897184
decade,1960s,detox_threat,12000,6108,8668,72.23333333,3332,4220,69.0897184
decade,1960s,detox_insult,12000,6108,8668,72.23333333,3332,4220,69.0897184
decade,1960s,detox_identity_attack,12000,6108,8668,72.23333333,3332,4220,69.0897184
decade,1960s,detox_sexual_explicit,12000,6108,8668,72.23333333,3332,4220,69.0897184
decade,1960s,emotion_admiration,12000,6108,8668,72.23333333,3332,4220,69.0897184
decade,1960s,emotion_amusement,12000,6108,8668,72.23333333,3332,4220,69.0897184
decade,1960s,emotion_anger,12000,6108,8668,72.23333333,3332,4220,69.0897184
decade,1960s,emotion_annoyance,12000,6108,8668,72.23333333,3332,4220,69.0897184
decade,1960s,emotion_approval,12000,6108,8668,72.23333333,3332,4220,69.0897184
decade,1960s,emotion_caring,12000,6108,8668,72.23333333,3332,4220,69.0897184
decade,1960s,emotion_confusion,12000,6108,8668,72.23333333,3332,4220,69.0897184
decade,1960s,emotion_curiosity,12000,6108,8668,72.23333333,3332,4220,69.0897184
decade,1960s,emotion_desire,12000,6108,8668,72.23333333,3332,4220,69.0897184
decade,1960s,emotion_disappointment,12000,6108,8668,72.23333333,3332,4220,69.0897184
decade,1960s,emotion_disapproval,12000,6108,8668,72.23333333,3332,4220,69.0897184
decade,1960s,emotion_disgust,12000,6108,8668,72.23333333,3332,4220,69.0897184
decade,1960s,emotion_embarrassment,12000,6108,8668,72.23333333,3332,4220,69.0897184
decade,1960s,emotion_excitement,12000,6108,8668,72.23333333,3332,4220,69.0897184
decade,1960s,emotion_fear,12000,6108,8668,72.23333333,3332,4220,69.0897184
decade,1960s,emotion_gratitude,12000,6108,8668,72.23333333,3332,4220,69.0897184
decade,1960s,emotion_grief,12000,6108,8668,72.23333333,3332,4220,69.0897184
decade,1960s,emotion_joy,12000,6108,8668,72.23333333,3332,4220,69.0897184
decade,1960s,emotion_love,12000,6108,8668,72.23333333,3332,4220,69.0897184
decade,1960s,emotion_nervousness,12000,6108,8668,72.23333333,3332,4220,69.0897184
decade,1960s,emotion_optimism,12000,6108,8668,72.23333333,3332,4220,69.0897184
decade,1960s,emotion_pride,12000,6108,8668,72.23333333,3332,4220,69.0897184
decade,1960s,emotion_realization,12000,6108,8668,72.23333333,3332,4220,69.0897184
decade,1960s,emotion_relief,12000,6108,8668,72.23333333,3332,4220,69.0897184
decade,1960s,emotion_remorse,12000,6108,8668,72.23333333,3332,4220,69.0897184
decade,1960s,emotion_sadness,12000,6108,8668,72.23333333,3332,4220,69.0897184
decade,1960s,emotion_surprise,12000,6108,8668,72.23333333,3332,4220,69.0897184
decade,1960s,emotion_neutral,12000,6108,8668,72.23333333,3332,4220,69.0897184
decade,1960s,sentiment_negative,12000,6108,8668,72.23333333,3332,4220,69.0897184
decade,1960s,sentiment_neutral,12000,6108,8668,72.23333333,3332,4220,69.0897184
decade,1960s,sentiment_positive,12000,6108,8668,72.23333333,3332,4220,69.0897184
decade,1970s,lyrics_available,11997,5072,9143,76.21071935,2854,3663,72.22003155
decade,1970s,all_42_classifier_scores,11997,5072,9143,76.21071935,2854,3663,72.22003155
decade,1970s,mb_duration_median_seconds,11997,5072,9508,79.25314662,2489,3969,78.25315457
decade,1970s,ll_sexual_content,11997,5072,9143,76.21071935,2854,3663,72.22003155
decade,1970s,ll_violence,11997,5072,9143,76.21071935,2854,3663,72.22003155
decade,1970s,ll_explicit_language,11997,5072,9143,76.21071935,2854,3663,72.22003155
decade,1970s,ll_substance_use,11997,5072,9143,76.21071935,2854,3663,72.22003155
decade,1970s,detox_toxicity,11997,5072,9143,76.21071935,2854,3663,72.22003155
decade,1970s,detox_severe_toxicity,11997,5072,9143,76.21071935,2854,3663,72.22003155
decade,1970s,detox_obscene,11997,5072,9143,76.21071935,2854,3663,72.22003155
decade,1970s,detox_threat,11997,5072,9143,76.21071935,2854,3663,72.22003155
decade,1970s,detox_insult,11997,5072,9143,76.21071935,2854,3663,72.22003155
decade,1970s,detox_identity_attack,11997,5072,9143,76.21071935,2854,3663,72.22003155
decade,1970s,detox_sexual_explicit,11997,5072,9143,76.21071935,2854,3663,72.22003155
decade,1970s,emotion_admiration,11997,5072,9143,76.21071935,2854,3663,72.22003155
decade,1970s,emotion_amusement,11997,5072,9143,76.21071935,2854,3663,72.22003155
decade,1970s,emotion_anger,11997,5072,9143,76.21071935,2854,3663,72.22003155
decade,1970s,emotion_annoyance,11997,5072,9143,76.21071935,2854,3663,72.22003155
decade,1970s,emotion_approval,11997,5072,9143,76.21071935,2854,3663,72.22003155
decade,1970s,emotion_caring,11997,5072,9143,76.21071935,2854,3663,72.22003155
decade,1970s,emotion_confusion,11997,5072,9143,76.21071935,2854,3663,72.22003155
decade,1970s,emotion_curiosity,11997,5072,9143,76.21071935,2854,3663,72.22003155
decade,1970s,emotion_desire,11997,5072,9143,76.21071935,2854,3663,72.22003155
decade,1970s,emotion_disappointment,11997,5072,9143,76.21071935,2854,3663,72.22003155
decade,1970s,emotion_disapproval,11997,5072,9143,76.21071935,2854,3663,72.22003155
decade,1970s,emotion_disgust,11997,5072,9143,76.21071935,2854,3663,72.22003155
decade,1970s,emotion_embarrassment,11997,5072,9143,76.21071935,2854,3663,72.22003155
decade,1970s,emotion_excitement,11997,5072,9143,76.21071935,2854,3663,72.22003155
decade,1970s,emotion_fear,11997,5072,9143,76.21071935,2854,3663,72.22003155
decade,1970s,emotion_gratitude,11997,5072,9143,76.21071935,2854,3663,72.22003155
decade,1970s,emotion_grief,11997,5072,9143,76.21071935,2854,3663,72.22003155
decade,1970s,emotion_joy,11997,5072,9143,76.21071935,2854,3663,72.22003155
decade,1970s,emotion_love,11997,5072,9143,76.21071935,2854,3663,72.22003155
decade,1970s,emotion_nervousness,11997,5072,9143,76.21071935,2854,3663,72.22003155
decade,1970s,emotion_optimism,11997,5072,9143,76.21071935,2854,3663,72.22003155
decade,1970s,emotion_pride,11997,5072,9143,76.21071935,2854,3663,72.22003155
decade,1970s,emotion_realization,11997,5072,9143,76.21071935,2854,3663,72.22003155
decade,1970s,emotion_relief,11997,5072,9143,76.21071935,2854,3663,72.22003155
decade,1970s,emotion_remorse,11997,5072,9143,76.21071935,2854,3663,72.22003155
decade,1970s,emotion_sadness,11997,5072,9143,76.21071935,2854,3663,72.22003155
decade,1970s,emotion_surprise,11997,5072,9143,76.21071935,2854,3663,72.22003155
decade,1970s,emotion_neutral,11997,5072,9143,76.21071935,2854,3663,72.22003155
decade,1970s,sentiment_negative,11997,5072,9143,76.21071935,2854,3663,72.22003155
decade,1970s,sentiment_neutral,11997,5072,9143,76.21071935,2854,3663,72.22003155
decade,1970s,sentiment_positive,11997,5072,9143,76.21071935,2854,3663,72.22003155
decade,1980s,lyrics_available,12000,4083,9847,82.05833333,2153,3244,79.45138379
decade,1980s,all_42_classifier_scores,12000,4083,9845,82.04166667,2155,3243,79.42689199
decade,1980s,mb_duration_median_seconds,12000,4083,10229,85.24166667,1771,3486,85.37839824
decade,1980s,ll_sexual_content,12000,4083,9845,82.04166667,2155,3243,79.42689199
decade,1980s,ll_violence,12000,4083,9845,82.04166667,2155,3243,79.42689199
decade,1980s,ll_explicit_language,12000,4083,9845,82.04166667,2155,3243,79.42689199
decade,1980s,ll_substance_use,12000,4083,9845,82.04166667,2155,3243,79.42689199
decade,1980s,detox_toxicity,12000,4083,9847,82.05833333,2153,3244,79.45138379
decade,1980s,detox_severe_toxicity,12000,4083,9847,82.05833333,2153,3244,79.45138379
decade,1980s,detox_obscene,12000,4083,9847,82.05833333,2153,3244,79.45138379
decade,1980s,detox_threat,12000,4083,9847,82.05833333,2153,3244,79.45138379
decade,1980s,detox_insult,12000,4083,9847,82.05833333,2153,3244,79.45138379
decade,1980s,detox_identity_attack,12000,4083,9847,82.05833333,2153,3244,79.45138379
decade,1980s,detox_sexual_explicit,12000,4083,9847,82.05833333,2153,3244,79.45138379
decade,1980s,emotion_admiration,12000,4083,9847,82.05833333,2153,3244,79.45138379
decade,1980s,emotion_amusement,12000,4083,9847,82.05833333,2153,3244,79.45138379
decade,1980s,emotion_anger,12000,4083,9847,82.05833333,2153,3244,79.45138379
decade,1980s,emotion_annoyance,12000,4083,9847,82.05833333,2153,3244,79.45138379
decade,1980s,emotion_approval,12000,4083,9847,82.05833333,2153,3244,79.45138379
decade,1980s,emotion_caring,12000,4083,9847,82.05833333,2153,3244,79.45138379
decade,1980s,emotion_confusion,12000,4083,9847,82.05833333,2153,3244,79.45138379
decade,1980s,emotion_curiosity,12000,4083,9847,82.05833333,2153,3244,79.45138379
decade,1980s,emotion_desire,12000,4083,9847,82.05833333,2153,3244,79.45138379
decade,1980s,emotion_disappointment,12000,4083,9847,82.05833333,2153,3244,79.45138379
decade,1980s,emotion_disapproval,12000,4083,9847,82.05833333,2153,3244,79.45138379
decade,1980s,emotion_disgust,12000,4083,9847,82.05833333,2153,3244,79.45138379
decade,1980s,emotion_embarrassment,12000,4083,9847,82.05833333,2153,3244,79.45138379
decade,1980s,emotion_excitement,12000,4083,9847,82.05833333,2153,3244,79.45138379
decade,1980s,emotion_fear,12000,4083,9847,82.05833333,2153,3244,79.45138379
decade,1980s,emotion_gratitude,12000,4083,9847,82.05833333,2153,3244,79.45138379
decade,1980s,emotion_grief,12000,4083,9847,82.05833333,2153,3244,79.45138379
decade,1980s,emotion_joy,12000,4083,9847,82.05833333,2153,3244,79.45138379
decade,1980s,emotion_love,12000,4083,9847,82.05833333,2153,3244,79.45138379
decade,1980s,emotion_nervousness,12000,4083,9847,82.05833333,2153,3244,79.45138379
decade,1980s,emotion_optimism,12000,4083,9847,82.05833333,2153,3244,79.45138379
decade,1980s,emotion_pride,12000,4083,9847,82.05833333,2153,3244,79.45138379
decade,1980s,emotion_realization,12000,4083,9847,82.05833333,2153,3244,79.45138379
decade,1980s,emotion_relief,12000,4083,9847,82.05833333,2153,3244,79.45138379
decade,1980s,emotion_remorse,12000,4083,9847,82.05833333,2153,3244,79.45138379
decade,1980s,emotion_sadness,12000,4083,9847,82.05833333,2153,3244,79.45138379
decade,1980s,emotion_surprise,12000,4083,9847,82.05833333,2153,3244,79.45138379
decade,1980s,emotion_neutral,12000,4083,9847,82.05833333,2153,3244,79.45138379
decade,1980s,sentiment_negative,12000,4083,9847,82.05833333,2153,3244,79.45138379
decade,1980s,sentiment_neutral,12000,4083,9847,82.05833333,2153,3244,79.45138379
decade,1980s,sentiment_positive,12000,4083,9847,82.05833333,2153,3244,79.45138379
decade,1990s,lyrics_available,12000,3409,8835,73.625,3165,2461,72.19125843
decade,1990s,all_42_classifier_scores,12000,3409,8835,73.625,3165,2461,72.19125843
decade,1990s,mb_duration_median_seconds,12000,3409,9748,81.23333333,2252,2757,80.87415664
decade,1990s,ll_sexual_content,12000,3409,8835,73.625,3165,2461,72.19125843
decade,1990s,ll_violence,12000,3409,8835,73.625,3165,2461,72.19125843
decade,1990s,ll_explicit_language,12000,3409,8835,73.625,3165,2461,72.19125843
decade,1990s,ll_substance_use,12000,3409,8835,73.625,3165,2461,72.19125843
decade,1990s,detox_toxicity,12000,3409,8835,73.625,3165,2461,72.19125843
decade,1990s,detox_severe_toxicity,12000,3409,8835,73.625,3165,2461,72.19125843
decade,1990s,detox_obscene,12000,3409,8835,73.625,3165,2461,72.19125843
decade,1990s,detox_threat,12000,3409,8835,73.625,3165,2461,72.19125843
decade,1990s,detox_insult,12000,3409,8835,73.625,3165,2461,72.19125843
decade,1990s,detox_identity_attack,12000,3409,8835,73.625,3165,2461,72.19125843
decade,1990s,detox_sexual_explicit,12000,3409,8835,73.625,3165,2461,72.19125843
decade,1990s,emotion_admiration,12000,3409,8835,73.625,3165,2461,72.19125843
decade,1990s,emotion_amusement,12000,3409,8835,73.625,3165,2461,72.19125843
decade,1990s,emotion_anger,12000,3409,8835,73.625,3165,2461,72.19125843
decade,1990s,emotion_annoyance,12000,3409,8835,73.625,3165,2461,72.19125843
decade,1990s,emotion_approval,12000,3409,8835,73.625,3165,2461,72.19125843
decade,1990s,emotion_caring,12000,3409,8835,73.625,3165,2461,72.19125843
decade,1990s,emotion_confusion,12000,3409,8835,73.625,3165,2461,72.19125843
decade,1990s,emotion_curiosity,12000,3409,8835,73.625,3165,2461,72.19125843
decade,1990s,emotion_desire,12000,3409,8835,73.625,3165,2461,72.19125843
decade,1990s,emotion_disappointment,12000,3409,8835,73.625,3165,2461,72.19125843
decade,1990s,emotion_disapproval,12000,3409,8835,73.625,3165,2461,72.19125843
decade,1990s,emotion_disgust,12000,3409,8835,73.625,3165,2461,72.19125843
decade,1990s,emotion_embarrassment,12000,3409,8835,73.625,3165,2461,72.19125843
decade,1990s,emotion_excitement,12000,3409,8835,73.625,3165,2461,72.19125843
decade,1990s,emotion_fear,12000,3409,8835,73.625,3165,2461,72.19125843
decade,1990s,emotion_gratitude,12000,3409,8835,73.625,3165,2461,72.19125843
decade,1990s,emotion_grief,12000,3409,8835,73.625,3165,2461,72.19125843
decade,1990s,emotion_joy,12000,3409,8835,73.625,3165,2461,72.19125843
decade,1990s,emotion_love,12000,3409,8835,73.625,3165,2461,72.19125843
decade,1990s,emotion_nervousness,12000,3409,8835,73.625,3165,2461,72.19125843
decade,1990s,emotion_optimism,12000,3409,8835,73.625,3165,2461,72.19125843
decade,1990s,emotion_pride,12000,3409,8835,73.625,3165,2461,72.19125843
decade,1990s,emotion_realization,12000,3409,8835,73.625,3165,2461,72.19125843
decade,1990s,emotion_relief,12000,3409,8835,73.625,3165,2461,72.19125843
decade,1990s,emotion_remorse,12000,3409,8835,73.625,3165,2461,72.19125843
decade,1990s,emotion_sadness,12000,3409,8835,73.625,3165,2461,72.19125843
decade,1990s,emotion_surprise,12000,3409,8835,73.625,3165,2461,72.19125843
decade,1990s,emotion_neutral,12000,3409,8835,73.625,3165,2461,72.19125843
decade,1990s,sentiment_negative,12000,3409,8835,73.625,3165,2461,72.19125843
decade,1990s,sentiment_neutral,12000,3409,8835,73.625,3165,2461,72.19125843
decade,1990s,sentiment_positive,12000,3409,8835,73.625,3165,2461,72.19125843
decade,2000s,lyrics_available,12000,3127,9768,81.4,2232,2471,79.02142629
decade,2000s,all_42_classifier_scores,12000,3127,9768,81.4,2232,2471,79.02142629
decade,2000s,mb_duration_median_seconds,12000,3127,10686,89.05,1314,2761,88.29549089
decade,2000s,ll_sexual_content,12000,3127,9768,81.4,2232,2471,79.02142629
decade,2000s,ll_violence,12000,3127,9768,81.4,2232,2471,79.02142629
decade,2000s,ll_explicit_language,12000,3127,9768,81.4,2232,2471,79.02142629
decade,2000s,ll_substance_use,12000,3127,9768,81.4,2232,2471,79.02142629
decade,2000s,detox_toxicity,12000,3127,9768,81.4,2232,2471,79.02142629
decade,2000s,detox_severe_toxicity,12000,3127,9768,81.4,2232,2471,79.02142629
decade,2000s,detox_obscene,12000,3127,9768,81.4,2232,2471,79.02142629
decade,2000s,detox_threat,12000,3127,9768,81.4,2232,2471,79.02142629
decade,2000s,detox_insult,12000,3127,9768,81.4,2232,2471,79.02142629
decade,2000s,detox_identity_attack,12000,3127,9768,81.4,2232,2471,79.02142629
decade,2000s,detox_sexual_explicit,12000,3127,9768,81.4,2232,2471,79.02142629
decade,2000s,emotion_admiration,12000,3127,9768,81.4,2232,2471,79.02142629
decade,2000s,emotion_amusement,12000,3127,9768,81.4,2232,2471,79.02142629
decade,2000s,emotion_anger,12000,3127,9768,81.4,2232,2471,79.02142629
decade,2000s,emotion_annoyance,12000,3127,9768,81.4,2232,2471,79.02142629
decade,2000s,emotion_approval,12000,3127,9768,81.4,2232,2471,79.02142629
decade,2000s,emotion_caring,12000,3127,9768,81.4,2232,2471,79.02142629
decade,2000s,emotion_confusion,12000,3127,9768,81.4,2232,2471,79.02142629
decade,2000s,emotion_curiosity,12000,3127,9768,81.4,2232,2471,79.02142629
decade,2000s,emotion_desire,12000,3127,9768,81.4,2232,2471,79.02142629
decade,2000s,emotion_disappointment,12000,3127,9768,81.4,2232,2471,79.02142629
decade,2000s,emotion_disapproval,12000,3127,9768,81.4,2232,2471,79.02142629
decade,2000s,emotion_disgust,12000,3127,9768,81.4,2232,2471,79.02142629
decade,2000s,emotion_embarrassment,12000,3127,9768,81.4,2232,2471,79.02142629
decade,2000s,emotion_excitement,12000,3127,9768,81.4,2232,2471,79.02142629
decade,2000s,emotion_fear,12000,3127,9768,81.4,2232,2471,79.02142629
decade,2000s,emotion_gratitude,12000,3127,9768,81.4,2232,2471,79.02142629
decade,2000s,emotion_grief,12000,3127,9768,81.4,2232,2471,79.02142629
decade,2000s,emotion_joy,12000,3127,9768,81.4,2232,2471,79.02142629
decade,2000s,emotion_love,12000,3127,9768,81.4,2232,2471,79.02142629
decade,2000s,emotion_nervousness,12000,3127,9768,81.4,2232,2471,79.02142629
decade,2000s,emotion_optimism,12000,3127,9768,81.4,2232,2471,79.02142629
decade,2000s,emotion_pride,12000,3127,9768,81.4,2232,2471,79.02142629
decade,2000s,emotion_realization,12000,3127,9768,81.4,2232,2471,79.02142629
decade,2000s,emotion_relief,12000,3127,9768,81.4,2232,2471,79.02142629
decade,2000s,emotion_remorse,12000,3127,9768,81.4,2232,2471,79.02142629
decade,2000s,emotion_sadness,12000,3127,9768,81.4,2232,2471,79.02142629
decade,2000s,emotion_surprise,12000,3127,9768,81.4,2232,2471,79.02142629
decade,2000s,emotion_neutral,12000,3127,9768,81.4,2232,2471,79.02142629
decade,2000s,sentiment_negative,12000,3127,9768,81.4,2232,2471,79.02142629
decade,2000s,sentiment_neutral,12000,3127,9768,81.4,2232,2471,79.02142629
decade,2000s,sentiment_positive,12000,3127,9768,81.4,2232,2471,79.02142629
decade,2010s,lyrics_available,12000,3268,10260,85.5,1740,2687,82.22154223
decade,2010s,all_42_classifier_scores,12000,3268,10260,85.5,1740,2687,82.22154223
decade,2010s,mb_duration_median_seconds,12000,3268,10855,90.45833333,1145,2932,89.71848225
decade,2010s,ll_sexual_content,12000,3268,10260,85.5,1740,2687,82.22154223
decade,2010s,ll_violence,12000,3268,10260,85.5,1740,2687,82.22154223
decade,2010s,ll_explicit_language,12000,3268,10260,85.5,1740,2687,82.22154223
decade,2010s,ll_substance_use,12000,3268,10260,85.5,1740,2687,82.22154223
decade,2010s,detox_toxicity,12000,3268,10260,85.5,1740,2687,82.22154223
decade,2010s,detox_severe_toxicity,12000,3268,10260,85.5,1740,2687,82.22154223
decade,2010s,detox_obscene,12000,3268,10260,85.5,1740,2687,82.22154223
decade,2010s,detox_threat,12000,3268,10260,85.5,1740,2687,82.22154223
decade,2010s,detox_insult,12000,3268,10260,85.5,1740,2687,82.22154223
decade,2010s,detox_identity_attack,12000,3268,10260,85.5,1740,2687,82.22154223
decade,2010s,detox_sexual_explicit,12000,3268,10260,85.5,1740,2687,82.22154223
decade,2010s,emotion_admiration,12000,3268,10260,85.5,1740,2687,82.22154223
decade,2010s,emotion_amusement,12000,3268,10260,85.5,1740,2687,82.22154223
decade,2010s,emotion_anger,12000,3268,10260,85.5,1740,2687,82.22154223
decade,2010s,emotion_annoyance,12000,3268,10260,85.5,1740,2687,82.22154223
decade,2010s,emotion_approval,12000,3268,10260,85.5,1740,2687,82.22154223
decade,2010s,emotion_caring,12000,3268,10260,85.5,1740,2687,82.22154223
decade,2010s,emotion_confusion,12000,3268,10260,85.5,1740,2687,82.22154223
decade,2010s,emotion_curiosity,12000,3268,10260,85.5,1740,2687,82.22154223
decade,2010s,emotion_desire,12000,3268,10260,85.5,1740,2687,82.22154223
decade,2010s,emotion_disappointment,12000,3268,10260,85.5,1740,2687,82.22154223
decade,2010s,emotion_disapproval,12000,3268,10260,85.5,1740,2687,82.22154223
decade,2010s,emotion_disgust,12000,3268,10260,85.5,1740,2687,82.22154223
decade,2010s,emotion_embarrassment,12000,3268,10260,85.5,1740,2687,82.22154223
decade,2010s,emotion_excitement,12000,3268,10260,85.5,1740,2687,82.22154223
decade,2010s,emotion_fear,12000,3268,10260,85.5,1740,2687,82.22154223
decade,2010s,emotion_gratitude,12000,3268,10260,85.5,1740,2687,82.22154223
decade,2010s,emotion_grief,12000,3268,10260,85.5,1740,2687,82.22154223
decade,2010s,emotion_joy,12000,3268,10260,85.5,1740,2687,82.22154223
decade,2010s,emotion_love,12000,3268,10260,85.5,1740,2687,82.22154223
decade,2010s,emotion_nervousness,12000,3268,10260,85.5,1740,2687,82.22154223
decade,2010s,emotion_optimism,12000,3268,10260,85.5,1740,2687,82.22154223
decade,2010s,emotion_pride,12000,3268,10260,85.5,1740,2687,82.22154223
decade,2010s,emotion_realization,12000,3268,10260,85.5,1740,2687,82.22154223
decade,2010s,emotion_relief,12000,3268,10260,85.5,1740,2687,82.22154223
decade,2010s,emotion_remorse,12000,3268,10260,85.5,1740,2687,82.22154223
decade,2010s,emotion_sadness,12000,3268,10260,85.5,1740,2687,82.22154223
decade,2010s,emotion_surprise,12000,3268,10260,85.5,1740,2687,82.22154223
decade,2010s,emotion_neutral,12000,3268,10260,85.5,1740,2687,82.22154223
decade,2010s,sentiment_negative,12000,3268,10260,85.5,1740,2687,82.22154223
decade,2010s,sentiment_neutral,12000,3268,10260,85.5,1740,2687,82.22154223
decade,2010s,sentiment_positive,12000,3268,10260,85.5,1740,2687,82.22154223
decade,2020s,lyrics_available,8100,2803,6794,83.87654321,1306,2270,80.98465929
decade,2020s,all_42_classifier_scores,8100,2803,6794,83.87654321,1306,2270,80.98465929
decade,2020s,mb_duration_median_seconds,8100,2803,7189,88.75308642,911,2439,87.01391366
decade,2020s,ll_sexual_content,8100,2803,6794,83.87654321,1306,2270,80.98465929
decade,2020s,ll_violence,8100,2803,6794,83.87654321,1306,2270,80.98465929
decade,2020s,ll_explicit_language,8100,2803,6794,83.87654321,1306,2270,80.98465929
decade,2020s,ll_substance_use,8100,2803,6794,83.87654321,1306,2270,80.98465929
decade,2020s,detox_toxicity,8100,2803,6794,83.87654321,1306,2270,80.98465929
decade,2020s,detox_severe_toxicity,8100,2803,6794,83.87654321,1306,2270,80.98465929
decade,2020s,detox_obscene,8100,2803,6794,83.87654321,1306,2270,80.98465929
decade,2020s,detox_threat,8100,2803,6794,83.87654321,1306,2270,80.98465929
decade,2020s,detox_insult,8100,2803,6794,83.87654321,1306,2270,80.98465929
decade,2020s,detox_identity_attack,8100,2803,6794,83.87654321,1306,2270,80.98465929
decade,2020s,detox_sexual_explicit,8100,2803,6794,83.87654321,1306,2270,80.98465929
decade,2020s,emotion_admiration,8100,2803,6794,83.87654321,1306,2270,80.98465929
decade,2020s,emotion_amusement,8100,2803,6794,83.87654321,1306,2270,80.98465929
decade,2020s,emotion_anger,8100,2803,6794,83.87654321,1306,2270,80.98465929
decade,2020s,emotion_annoyance,8100,2803,6794,83.87654321,1306,2270,80.98465929
decade,2020s,emotion_approval,8100,2803,6794,83.87654321,1306,2270,80.98465929
decade,2020s,emotion_caring,8100,2803,6794,83.87654321,1306,2270,80.98465929
decade,2020s,emotion_confusion,8100,2803,6794,83.87654321,1306,2270,80.98465929
decade,2020s,emotion_curiosity,8100,2803,6794,83.87654321,1306,2270,80.98465929
decade,2020s,emotion_desire,8100,2803,6794,83.87654321,1306,2270,80.98465929
decade,2020s,emotion_disappointment,8100,2803,6794,83.87654321,1306,2270,80.98465929
decade,2020s,emotion_disapproval,8100,2803,6794,83.87654321,1306,2270,80.98465929
decade,2020s,emotion_disgust,8100,2803,6794,83.87654321,1306,2270,80.98465929
decade,2020s,emotion_embarrassment,8100,2803,6794,83.87654321,1306,2270,80.98465929
decade,2020s,emotion_excitement,8100,2803,6794,83.87654321,1306,2270,80.98465929
decade,2020s,emotion_fear,8100,2803,6794,83.87654321,1306,2270,80.98465929
decade,2020s,emotion_gratitude,8100,2803,6794,83.87654321,1306,2270,80.98465929
decade,2020s,emotion_grief,8100,2803,6794,83.87654321,1306,2270,80.98465929
decade,2020s,emotion_joy,8100,2803,6794,83.87654321,1306,2270,80.98465929
decade,2020s,emotion_love,8100,2803,6794,83.87654321,1306,2270,80.98465929
decade,2020s,emotion_nervousness,8100,2803,6794,83.87654321,1306,2270,80.98465929
decade,2020s,emotion_optimism,8100,2803,6794,83.87654321,1306,2270,80.98465929
decade,2020s,emotion_pride,8100,2803,6794,83.87654321,1306,2270,80.98465929
decade,2020s,emotion_realization,8100,2803,6794,83.87654321,1306,2270,80.98465929
decade,2020s,emotion_relief,8100,2803,6794,83.87654321,1306,2270,80.98465929
decade,2020s,emotion_remorse,8100,2803,6794,83.87654321,1306,2270,80.98465929
decade,2020s,emotion_sadness,8100,2803,6794,83.87654321,1306,2270,80.98465929
decade,2020s,emotion_surprise,8100,2803,6794,83.87654321,1306,2270,80.98465929
decade,2020s,emotion_neutral,8100,2803,6794,83.87654321,1306,2270,80.98465929
decade,2020s,sentiment_negative,8100,2803,6794,83.87654321,1306,2270,80.98465929
decade,2020s,sentiment_neutral,8100,2803,6794,83.87654321,1306,2270,80.98465929
decade,2020s,sentiment_positive,8100,2803,6794,83.87654321,1306,2270,80.98465929
primary_genre,Afrobeats / African Pop,lyrics_available,52,13,39,75,13,12,92.30769231
primary_genre,Afrobeats / African Pop,all_42_classifier_scores,52,13,39,75,13,12,92.30769231
primary_genre,Afrobeats / African Pop,mb_duration_median_seconds,52,13,51,98.07692308,1,12,92.30769231
primary_genre,Afrobeats / African Pop,ll_sexual_content,52,13,39,75,13,12,92.30769231
primary_genre,Afrobeats / African Pop,ll_violence,52,13,39,75,13,12,92.30769231
primary_genre,Afrobeats / African Pop,ll_explicit_language,52,13,39,75,13,12,92.30769231
primary_genre,Afrobeats / African Pop,ll_substance_use,52,13,39,75,13,12,92.30769231
primary_genre,Afrobeats / African Pop,detox_toxicity,52,13,39,75,13,12,92.30769231
primary_genre,Afrobeats / African Pop,detox_severe_toxicity,52,13,39,75,13,12,92.30769231
primary_genre,Afrobeats / African Pop,detox_obscene,52,13,39,75,13,12,92.30769231
primary_genre,Afrobeats / African Pop,detox_threat,52,13,39,75,13,12,92.30769231
primary_genre,Afrobeats / African Pop,detox_insult,52,13,39,75,13,12,92.30769231
primary_genre,Afrobeats / African Pop,detox_identity_attack,52,13,39,75,13,12,92.30769231
primary_genre,Afrobeats / African Pop,detox_sexual_explicit,52,13,39,75,13,12,92.30769231
primary_genre,Afrobeats / African Pop,emotion_admiration,52,13,39,75,13,12,92.30769231
primary_genre,Afrobeats / African Pop,emotion_amusement,52,13,39,75,13,12,92.30769231
primary_genre,Afrobeats / African Pop,emotion_anger,52,13,39,75,13,12,92.30769231
primary_genre,Afrobeats / African Pop,emotion_annoyance,52,13,39,75,13,12,92.30769231
primary_genre,Afrobeats / African Pop,emotion_approval,52,13,39,75,13,12,92.30769231
primary_genre,Afrobeats / African Pop,emotion_caring,52,13,39,75,13,12,92.30769231
primary_genre,Afrobeats / African Pop,emotion_confusion,52,13,39,75,13,12,92.30769231
primary_genre,Afrobeats / African Pop,emotion_curiosity,52,13,39,75,13,12,92.30769231
primary_genre,Afrobeats / African Pop,emotion_desire,52,13,39,75,13,12,92.30769231
primary_genre,Afrobeats / African Pop,emotion_disappointment,52,13,39,75,13,12,92.30769231
primary_genre,Afrobeats / African Pop,emotion_disapproval,52,13,39,75,13,12,92.30769231
primary_genre,Afrobeats / African Pop,emotion_disgust,52,13,39,75,13,12,92.30769231
primary_genre,Afrobeats / African Pop,emotion_embarrassment,52,13,39,75,13,12,92.30769231
primary_genre,Afrobeats / African Pop,emotion_excitement,52,13,39,75,13,12,92.30769231
primary_genre,Afrobeats / African Pop,emotion_fear,52,13,39,75,13,12,92.30769231
primary_genre,Afrobeats / African Pop,emotion_gratitude,52,13,39,75,13,12,92.30769231
primary_genre,Afrobeats / African Pop,emotion_grief,52,13,39,75,13,12,92.30769231
primary_genre,Afrobeats / African Pop,emotion_joy,52,13,39,75,13,12,92.30769231
primary_genre,Afrobeats / African Pop,emotion_love,52,13,39,75,13,12,92.30769231
primary_genre,Afrobeats / African Pop,emotion_nervousness,52,13,39,75,13,12,92.30769231
primary_genre,Afrobeats / African Pop,emotion_optimism,52,13,39,75,13,12,92.30769231
primary_genre,Afrobeats / African Pop,emotion_pride,52,13,39,75,13,12,92.30769231
primary_genre,Afrobeats / African Pop,emotion_realization,52,13,39,75,13,12,92.30769231
primary_genre,Afrobeats / African Pop,emotion_relief,52,13,39,75,13,12,92.30769231
primary_genre,Afrobeats / African Pop,emotion_remorse,52,13,39,75,13,12,92.30769231
primary_genre,Afrobeats / African Pop,emotion_sadness,52,13,39,75,13,12,92.30769231
primary_genre,Afrobeats / African Pop,emotion_surprise,52,13,39,75,13,12,92.30769231
primary_genre,Afrobeats / African Pop,emotion_neutral,52,13,39,75,13,12,92.30769231
primary_genre,Afrobeats / African Pop,sentiment_negative,52,13,39,75,13,12,92.30769231
primary_genre,Afrobeats / African Pop,sentiment_neutral,52,13,39,75,13,12,92.30769231
primary_genre,Afrobeats / African Pop,sentiment_positive,52,13,39,75,13,12,92.30769231
primary_genre,Alternative / Indie,lyrics_available,2841,762,2523,88.80675818,318,657,86.22047244
primary_genre,Alternative / Indie,all_42_classifier_scores,2841,762,2523,88.80675818,318,657,86.22047244
primary_genre,Alternative / Indie,mb_duration_median_seconds,2841,762,2648,93.20661739,193,711,93.30708661
primary_genre,Alternative / Indie,ll_sexual_content,2841,762,2523,88.80675818,318,657,86.22047244
primary_genre,Alternative / Indie,ll_violence,2841,762,2523,88.80675818,318,657,86.22047244
primary_genre,Alternative / Indie,ll_explicit_language,2841,762,2523,88.80675818,318,657,86.22047244
primary_genre,Alternative / Indie,ll_substance_use,2841,762,2523,88.80675818,318,657,86.22047244
primary_genre,Alternative / Indie,detox_toxicity,2841,762,2523,88.80675818,318,657,86.22047244
primary_genre,Alternative / Indie,detox_severe_toxicity,2841,762,2523,88.80675818,318,657,86.22047244
primary_genre,Alternative / Indie,detox_obscene,2841,762,2523,88.80675818,318,657,86.22047244
primary_genre,Alternative / Indie,detox_threat,2841,762,2523,88.80675818,318,657,86.22047244
primary_genre,Alternative / Indie,detox_insult,2841,762,2523,88.80675818,318,657,86.22047244
primary_genre,Alternative / Indie,detox_identity_attack,2841,762,2523,88.80675818,318,657,86.22047244
primary_genre,Alternative / Indie,detox_sexual_explicit,2841,762,2523,88.80675818,318,657,86.22047244
primary_genre,Alternative / Indie,emotion_admiration,2841,762,2523,88.80675818,318,657,86.22047244
primary_genre,Alternative / Indie,emotion_amusement,2841,762,2523,88.80675818,318,657,86.22047244
primary_genre,Alternative / Indie,emotion_anger,2841,762,2523,88.80675818,318,657,86.22047244
primary_genre,Alternative / Indie,emotion_annoyance,2841,762,2523,88.80675818,318,657,86.22047244
primary_genre,Alternative / Indie,emotion_approval,2841,762,2523,88.80675818,318,657,86.22047244
primary_genre,Alternative / Indie,emotion_caring,2841,762,2523,88.80675818,318,657,86.22047244
primary_genre,Alternative / Indie,emotion_confusion,2841,762,2523,88.80675818,318,657,86.22047244
primary_genre,Alternative / Indie,emotion_curiosity,2841,762,2523,88.80675818,318,657,86.22047244
primary_genre,Alternative / Indie,emotion_desire,2841,762,2523,88.80675818,318,657,86.22047244
primary_genre,Alternative / Indie,emotion_disappointment,2841,762,2523,88.80675818,318,657,86.22047244
primary_genre,Alternative / Indie,emotion_disapproval,2841,762,2523,88.80675818,318,657,86.22047244
primary_genre,Alternative / Indie,emotion_disgust,2841,762,2523,88.80675818,318,657,86.22047244
primary_genre,Alternative / Indie,emotion_embarrassment,2841,762,2523,88.80675818,318,657,86.22047244
primary_genre,Alternative / Indie,emotion_excitement,2841,762,2523,88.80675818,318,657,86.22047244
primary_genre,Alternative / Indie,emotion_fear,2841,762,2523,88.80675818,318,657,86.22047244
primary_genre,Alternative / Indie,emotion_gratitude,2841,762,2523,88.80675818,318,657,86.22047244
primary_genre,Alternative / Indie,emotion_grief,2841,762,2523,88.80675818,318,657,86.22047244
primary_genre,Alternative / Indie,emotion_joy,2841,762,2523,88.80675818,318,657,86.22047244
primary_genre,Alternative / Indie,emotion_love,2841,762,2523,88.80675818,318,657,86.22047244
primary_genre,Alternative / Indie,emotion_nervousness,2841,762,2523,88.80675818,318,657,86.22047244
primary_genre,Alternative / Indie,emotion_optimism,2841,762,2523,88.80675818,318,657,86.22047244
primary_genre,Alternative / Indie,emotion_pride,2841,762,2523,88.80675818,318,657,86.22047244
primary_genre,Alternative / Indie,emotion_realization,2841,762,2523,88.80675818,318,657,86.22047244
primary_genre,Alternative / Indie,emotion_relief,2841,762,2523,88.80675818,318,657,86.22047244
primary_genre,Alternative / Indie,emotion_remorse,2841,762,2523,88.80675818,318,657,86.22047244
primary_genre,Alternative / Indie,emotion_sadness,2841,762,2523,88.80675818,318,657,86.22047244
primary_genre,Alternative / Indie,emotion_surprise,2841,762,2523,88.80675818,318,657,86.22047244
primary_genre,Alternative / Indie,emotion_neutral,2841,762,2523,88.80675818,318,657,86.22047244
primary_genre,Alternative / Indie,sentiment_negative,2841,762,2523,88.80675818,318,657,86.22047244
primary_genre,Alternative / Indie,sentiment_neutral,2841,762,2523,88.80675818,318,657,86.22047244
primary_genre,Alternative / Indie,sentiment_positive,2841,762,2523,88.80675818,318,657,86.22047244
primary_genre,Country,lyrics_available,9884,3032,8576,86.7664913,1308,2550,84.10290237
primary_genre,Country,all_42_classifier_scores,9884,3032,8576,86.7664913,1308,2550,84.10290237
primary_genre,Country,mb_duration_median_seconds,9884,3032,9081,91.8757588,803,2723,89.80870712
primary_genre,Country,ll_sexual_content,9884,3032,8576,86.7664913,1308,2550,84.10290237
primary_genre,Country,ll_violence,9884,3032,8576,86.7664913,1308,2550,84.10290237
primary_genre,Country,ll_explicit_language,9884,3032,8576,86.7664913,1308,2550,84.10290237
primary_genre,Country,ll_substance_use,9884,3032,8576,86.7664913,1308,2550,84.10290237
primary_genre,Country,detox_toxicity,9884,3032,8576,86.7664913,1308,2550,84.10290237
primary_genre,Country,detox_severe_toxicity,9884,3032,8576,86.7664913,1308,2550,84.10290237
primary_genre,Country,detox_obscene,9884,3032,8576,86.7664913,1308,2550,84.10290237
primary_genre,Country,detox_threat,9884,3032,8576,86.7664913,1308,2550,84.10290237
primary_genre,Country,detox_insult,9884,3032,8576,86.7664913,1308,2550,84.10290237
primary_genre,Country,detox_identity_attack,9884,3032,8576,86.7664913,1308,2550,84.10290237
primary_genre,Country,detox_sexual_explicit,9884,3032,8576,86.7664913,1308,2550,84.10290237
primary_genre,Country,emotion_admiration,9884,3032,8576,86.7664913,1308,2550,84.10290237
primary_genre,Country,emotion_amusement,9884,3032,8576,86.7664913,1308,2550,84.10290237
primary_genre,Country,emotion_anger,9884,3032,8576,86.7664913,1308,2550,84.10290237
primary_genre,Country,emotion_annoyance,9884,3032,8576,86.7664913,1308,2550,84.10290237
primary_genre,Country,emotion_approval,9884,3032,8576,86.7664913,1308,2550,84.10290237
primary_genre,Country,emotion_caring,9884,3032,8576,86.7664913,1308,2550,84.10290237
primary_genre,Country,emotion_confusion,9884,3032,8576,86.7664913,1308,2550,84.10290237
primary_genre,Country,emotion_curiosity,9884,3032,8576,86.7664913,1308,2550,84.10290237
primary_genre,Country,emotion_desire,9884,3032,8576,86.7664913,1308,2550,84.10290237
primary_genre,Country,emotion_disappointment,9884,3032,8576,86.7664913,1308,2550,84.10290237
primary_genre,Country,emotion_disapproval,9884,3032,8576,86.7664913,1308,2550,84.10290237
primary_genre,Country,emotion_disgust,9884,3032,8576,86.7664913,1308,2550,84.10290237
primary_genre,Country,emotion_embarrassment,9884,3032,8576,86.7664913,1308,2550,84.10290237
primary_genre,Country,emotion_excitement,9884,3032,8576,86.7664913,1308,2550,84.10290237
primary_genre,Country,emotion_fear,9884,3032,8576,86.7664913,1308,2550,84.10290237
primary_genre,Country,emotion_gratitude,9884,3032,8576,86.7664913,1308,2550,84.10290237
primary_genre,Country,emotion_grief,9884,3032,8576,86.7664913,1308,2550,84.10290237
primary_genre,Country,emotion_joy,9884,3032,8576,86.7664913,1308,2550,84.10290237
primary_genre,Country,emotion_love,9884,3032,8576,86.7664913,1308,2550,84.10290237
primary_genre,Country,emotion_nervousness,9884,3032,8576,86.7664913,1308,2550,84.10290237
primary_genre,Country,emotion_optimism,9884,3032,8576,86.7664913,1308,2550,84.10290237
primary_genre,Country,emotion_pride,9884,3032,8576,86.7664913,1308,2550,84.10290237
primary_genre,Country,emotion_realization,9884,3032,8576,86.7664913,1308,2550,84.10290237
primary_genre,Country,emotion_relief,9884,3032,8576,86.7664913,1308,2550,84.10290237
primary_genre,Country,emotion_remorse,9884,3032,8576,86.7664913,1308,2550,84.10290237
primary_genre,Country,emotion_sadness,9884,3032,8576,86.7664913,1308,2550,84.10290237
primary_genre,Country,emotion_surprise,9884,3032,8576,86.7664913,1308,2550,84.10290237
primary_genre,Country,emotion_neutral,9884,3032,8576,86.7664913,1308,2550,84.10290237
primary_genre,Country,sentiment_negative,9884,3032,8576,86.7664913,1308,2550,84.10290237
primary_genre,Country,sentiment_neutral,9884,3032,8576,86.7664913,1308,2550,84.10290237
primary_genre,Country,sentiment_positive,9884,3032,8576,86.7664913,1308,2550,84.10290237
primary_genre,Electronic / Dance,lyrics_available,3341,963,2681,80.2454355,660,730,75.80477674
primary_genre,Electronic / Dance,all_42_classifier_scores,3341,963,2681,80.2454355,660,730,75.80477674
primary_genre,Electronic / Dance,mb_duration_median_seconds,3341,963,2803,83.89703682,538,811,84.21599169
primary_genre,Electronic / Dance,ll_sexual_content,3341,963,2681,80.2454355,660,730,75.80477674
primary_genre,Electronic / Dance,ll_violence,3341,963,2681,80.2454355,660,730,75.80477674
primary_genre,Electronic / Dance,ll_explicit_language,3341,963,2681,80.2454355,660,730,75.80477674
primary_genre,Electronic / Dance,ll_substance_use,3341,963,2681,80.2454355,660,730,75.80477674
primary_genre,Electronic / Dance,detox_toxicity,3341,963,2681,80.2454355,660,730,75.80477674
primary_genre,Electronic / Dance,detox_severe_toxicity,3341,963,2681,80.2454355,660,730,75.80477674
primary_genre,Electronic / Dance,detox_obscene,3341,963,2681,80.2454355,660,730,75.80477674
primary_genre,Electronic / Dance,detox_threat,3341,963,2681,80.2454355,660,730,75.80477674
primary_genre,Electronic / Dance,detox_insult,3341,963,2681,80.2454355,660,730,75.80477674
primary_genre,Electronic / Dance,detox_identity_attack,3341,963,2681,80.2454355,660,730,75.80477674
primary_genre,Electronic / Dance,detox_sexual_explicit,3341,963,2681,80.2454355,660,730,75.80477674
primary_genre,Electronic / Dance,emotion_admiration,3341,963,2681,80.2454355,660,730,75.80477674
primary_genre,Electronic / Dance,emotion_amusement,3341,963,2681,80.2454355,660,730,75.80477674
primary_genre,Electronic / Dance,emotion_anger,3341,963,2681,80.2454355,660,730,75.80477674
primary_genre,Electronic / Dance,emotion_annoyance,3341,963,2681,80.2454355,660,730,75.80477674
primary_genre,Electronic / Dance,emotion_approval,3341,963,2681,80.2454355,660,730,75.80477674
primary_genre,Electronic / Dance,emotion_caring,3341,963,2681,80.2454355,660,730,75.80477674
primary_genre,Electronic / Dance,emotion_confusion,3341,963,2681,80.2454355,660,730,75.80477674
primary_genre,Electronic / Dance,emotion_curiosity,3341,963,2681,80.2454355,660,730,75.80477674
primary_genre,Electronic / Dance,emotion_desire,3341,963,2681,80.2454355,660,730,75.80477674
primary_genre,Electronic / Dance,emotion_disappointment,3341,963,2681,80.2454355,660,730,75.80477674
primary_genre,Electronic / Dance,emotion_disapproval,3341,963,2681,80.2454355,660,730,75.80477674
primary_genre,Electronic / Dance,emotion_disgust,3341,963,2681,80.2454355,660,730,75.80477674
primary_genre,Electronic / Dance,emotion_embarrassment,3341,963,2681,80.2454355,660,730,75.80477674
primary_genre,Electronic / Dance,emotion_excitement,3341,963,2681,80.2454355,660,730,75.80477674
primary_genre,Electronic / Dance,emotion_fear,3341,963,2681,80.2454355,660,730,75.80477674
primary_genre,Electronic / Dance,emotion_gratitude,3341,963,2681,80.2454355,660,730,75.80477674
primary_genre,Electronic / Dance,emotion_grief,3341,963,2681,80.2454355,660,730,75.80477674
primary_genre,Electronic / Dance,emotion_joy,3341,963,2681,80.2454355,660,730,75.80477674
primary_genre,Electronic / Dance,emotion_love,3341,963,2681,80.2454355,660,730,75.80477674
primary_genre,Electronic / Dance,emotion_nervousness,3341,963,2681,80.2454355,660,730,75.80477674
primary_genre,Electronic / Dance,emotion_optimism,3341,963,2681,80.2454355,660,730,75.80477674
primary_genre,Electronic / Dance,emotion_pride,3341,963,2681,80.2454355,660,730,75.80477674
primary_genre,Electronic / Dance,emotion_realization,3341,963,2681,80.2454355,660,730,75.80477674
primary_genre,Electronic / Dance,emotion_relief,3341,963,2681,80.2454355,660,730,75.80477674
primary_genre,Electronic / Dance,emotion_remorse,3341,963,2681,80.2454355,660,730,75.80477674
primary_genre,Electronic / Dance,emotion_sadness,3341,963,2681,80.2454355,660,730,75.80477674
primary_genre,Electronic / Dance,emotion_surprise,3341,963,2681,80.2454355,660,730,75.80477674
primary_genre,Electronic / Dance,emotion_neutral,3341,963,2681,80.2454355,660,730,75.80477674
primary_genre,Electronic / Dance,sentiment_negative,3341,963,2681,80.2454355,660,730,75.80477674
primary_genre,Electronic / Dance,sentiment_neutral,3341,963,2681,80.2454355,660,730,75.80477674
primary_genre,Electronic / Dance,sentiment_positive,3341,963,2681,80.2454355,660,730,75.80477674
primary_genre,Folk / Singer-Songwriter,lyrics_available,1203,477,1025,85.20365752,178,386,80.92243187
primary_genre,Folk / Singer-Songwriter,all_42_classifier_scores,1203,477,1025,85.20365752,178,386,80.92243187
primary_genre,Folk / Singer-Songwriter,mb_duration_median_seconds,1203,477,955,79.38487116,248,372,77.98742138
primary_genre,Folk / Singer-Songwriter,ll_sexual_content,1203,477,1025,85.20365752,178,386,80.92243187
primary_genre,Folk / Singer-Songwriter,ll_violence,1203,477,1025,85.20365752,178,386,80.92243187
primary_genre,Folk / Singer-Songwriter,ll_explicit_language,1203,477,1025,85.20365752,178,386,80.92243187
primary_genre,Folk / Singer-Songwriter,ll_substance_use,1203,477,1025,85.20365752,178,386,80.92243187
primary_genre,Folk / Singer-Songwriter,detox_toxicity,1203,477,1025,85.20365752,178,386,80.92243187
primary_genre,Folk / Singer-Songwriter,detox_severe_toxicity,1203,477,1025,85.20365752,178,386,80.92243187
primary_genre,Folk / Singer-Songwriter,detox_obscene,1203,477,1025,85.20365752,178,386,80.92243187
primary_genre,Folk / Singer-Songwriter,detox_threat,1203,477,1025,85.20365752,178,386,80.92243187
primary_genre,Folk / Singer-Songwriter,detox_insult,1203,477,1025,85.20365752,178,386,80.92243187
primary_genre,Folk / Singer-Songwriter,detox_identity_attack,1203,477,1025,85.20365752,178,386,80.92243187
primary_genre,Folk / Singer-Songwriter,detox_sexual_explicit,1203,477,1025,85.20365752,178,386,80.92243187
primary_genre,Folk / Singer-Songwriter,emotion_admiration,1203,477,1025,85.20365752,178,386,80.92243187
primary_genre,Folk / Singer-Songwriter,emotion_amusement,1203,477,1025,85.20365752,178,386,80.92243187
primary_genre,Folk / Singer-Songwriter,emotion_anger,1203,477,1025,85.20365752,178,386,80.92243187
primary_genre,Folk / Singer-Songwriter,emotion_annoyance,1203,477,1025,85.20365752,178,386,80.92243187
primary_genre,Folk / Singer-Songwriter,emotion_approval,1203,477,1025,85.20365752,178,386,80.92243187
primary_genre,Folk / Singer-Songwriter,emotion_caring,1203,477,1025,85.20365752,178,386,80.92243187
primary_genre,Folk / Singer-Songwriter,emotion_confusion,1203,477,1025,85.20365752,178,386,80.92243187
primary_genre,Folk / Singer-Songwriter,emotion_curiosity,1203,477,1025,85.20365752,178,386,80.92243187
primary_genre,Folk / Singer-Songwriter,emotion_desire,1203,477,1025,85.20365752,178,386,80.92243187
primary_genre,Folk / Singer-Songwriter,emotion_disappointment,1203,477,1025,85.20365752,178,386,80.92243187
primary_genre,Folk / Singer-Songwriter,emotion_disapproval,1203,477,1025,85.20365752,178,386,80.92243187
primary_genre,Folk / Singer-Songwriter,emotion_disgust,1203,477,1025,85.20365752,178,386,80.92243187
primary_genre,Folk / Singer-Songwriter,emotion_embarrassment,1203,477,1025,85.20365752,178,386,80.92243187
primary_genre,Folk / Singer-Songwriter,emotion_excitement,1203,477,1025,85.20365752,178,386,80.92243187
primary_genre,Folk / Singer-Songwriter,emotion_fear,1203,477,1025,85.20365752,178,386,80.92243187
primary_genre,Folk / Singer-Songwriter,emotion_gratitude,1203,477,1025,85.20365752,178,386,80.92243187
primary_genre,Folk / Singer-Songwriter,emotion_grief,1203,477,1025,85.20365752,178,386,80.92243187
primary_genre,Folk / Singer-Songwriter,emotion_joy,1203,477,1025,85.20365752,178,386,80.92243187
primary_genre,Folk / Singer-Songwriter,emotion_love,1203,477,1025,85.20365752,178,386,80.92243187
primary_genre,Folk / Singer-Songwriter,emotion_nervousness,1203,477,1025,85.20365752,178,386,80.92243187
primary_genre,Folk / Singer-Songwriter,emotion_optimism,1203,477,1025,85.20365752,178,386,80.92243187
primary_genre,Folk / Singer-Songwriter,emotion_pride,1203,477,1025,85.20365752,178,386,80.92243187
primary_genre,Folk / Singer-Songwriter,emotion_realization,1203,477,1025,85.20365752,178,386,80.92243187
primary_genre,Folk / Singer-Songwriter,emotion_relief,1203,477,1025,85.20365752,178,386,80.92243187
primary_genre,Folk / Singer-Songwriter,emotion_remorse,1203,477,1025,85.20365752,178,386,80.92243187
primary_genre,Folk / Singer-Songwriter,emotion_sadness,1203,477,1025,85.20365752,178,386,80.92243187
primary_genre,Folk / Singer-Songwriter,emotion_surprise,1203,477,1025,85.20365752,178,386,80.92243187
primary_genre,Folk / Singer-Songwriter,emotion_neutral,1203,477,1025,85.20365752,178,386,80.92243187
primary_genre,Folk / Singer-Songwriter,sentiment_negative,1203,477,1025,85.20365752,178,386,80.92243187
primary_genre,Folk / Singer-Songwriter,sentiment_neutral,1203,477,1025,85.20365752,178,386,80.92243187
primary_genre,Folk / Singer-Songwriter,sentiment_positive,1203,477,1025,85.20365752,178,386,80.92243187
primary_genre,Gospel / Christian,lyrics_available,180,64,141,78.33333333,39,44,68.75
primary_genre,Gospel / Christian,all_42_classifier_scores,180,64,141,78.33333333,39,44,68.75
primary_genre,Gospel / Christian,mb_duration_median_seconds,180,64,121,67.22222222,59,41,64.0625
primary_genre,Gospel / Christian,ll_sexual_content,180,64,141,78.33333333,39,44,68.75
primary_genre,Gospel / Christian,ll_violence,180,64,141,78.33333333,39,44,68.75
primary_genre,Gospel / Christian,ll_explicit_language,180,64,141,78.33333333,39,44,68.75
primary_genre,Gospel / Christian,ll_substance_use,180,64,141,78.33333333,39,44,68.75
primary_genre,Gospel / Christian,detox_toxicity,180,64,141,78.33333333,39,44,68.75
primary_genre,Gospel / Christian,detox_severe_toxicity,180,64,141,78.33333333,39,44,68.75
primary_genre,Gospel / Christian,detox_obscene,180,64,141,78.33333333,39,44,68.75
primary_genre,Gospel / Christian,detox_threat,180,64,141,78.33333333,39,44,68.75
primary_genre,Gospel / Christian,detox_insult,180,64,141,78.33333333,39,44,68.75
primary_genre,Gospel / Christian,detox_identity_attack,180,64,141,78.33333333,39,44,68.75
primary_genre,Gospel / Christian,detox_sexual_explicit,180,64,141,78.33333333,39,44,68.75
primary_genre,Gospel / Christian,emotion_admiration,180,64,141,78.33333333,39,44,68.75
primary_genre,Gospel / Christian,emotion_amusement,180,64,141,78.33333333,39,44,68.75
primary_genre,Gospel / Christian,emotion_anger,180,64,141,78.33333333,39,44,68.75
primary_genre,Gospel / Christian,emotion_annoyance,180,64,141,78.33333333,39,44,68.75
primary_genre,Gospel / Christian,emotion_approval,180,64,141,78.33333333,39,44,68.75
primary_genre,Gospel / Christian,emotion_caring,180,64,141,78.33333333,39,44,68.75
primary_genre,Gospel / Christian,emotion_confusion,180,64,141,78.33333333,39,44,68.75
primary_genre,Gospel / Christian,emotion_curiosity,180,64,141,78.33333333,39,44,68.75
primary_genre,Gospel / Christian,emotion_desire,180,64,141,78.33333333,39,44,68.75
primary_genre,Gospel / Christian,emotion_disappointment,180,64,141,78.33333333,39,44,68.75
primary_genre,Gospel / Christian,emotion_disapproval,180,64,141,78.33333333,39,44,68.75
primary_genre,Gospel / Christian,emotion_disgust,180,64,141,78.33333333,39,44,68.75
primary_genre,Gospel / Christian,emotion_embarrassment,180,64,141,78.33333333,39,44,68.75
primary_genre,Gospel / Christian,emotion_excitement,180,64,141,78.33333333,39,44,68.75
primary_genre,Gospel / Christian,emotion_fear,180,64,141,78.33333333,39,44,68.75
primary_genre,Gospel / Christian,emotion_gratitude,180,64,141,78.33333333,39,44,68.75
primary_genre,Gospel / Christian,emotion_grief,180,64,141,78.33333333,39,44,68.75
primary_genre,Gospel / Christian,emotion_joy,180,64,141,78.33333333,39,44,68.75
primary_genre,Gospel / Christian,emotion_love,180,64,141,78.33333333,39,44,68.75
primary_genre,Gospel / Christian,emotion_nervousness,180,64,141,78.33333333,39,44,68.75
primary_genre,Gospel / Christian,emotion_optimism,180,64,141,78.33333333,39,44,68.75
primary_genre,Gospel / Christian,emotion_pride,180,64,141,78.33333333,39,44,68.75
primary_genre,Gospel / Christian,emotion_realization,180,64,141,78.33333333,39,44,68.75
primary_genre,Gospel / Christian,emotion_relief,180,64,141,78.33333333,39,44,68.75
primary_genre,Gospel / Christian,emotion_remorse,180,64,141,78.33333333,39,44,68.75
primary_genre,Gospel / Christian,emotion_sadness,180,64,141,78.33333333,39,44,68.75
primary_genre,Gospel / Christian,emotion_surprise,180,64,141,78.33333333,39,44,68.75
primary_genre,Gospel / Christian,emotion_neutral,180,64,141,78.33333333,39,44,68.75
primary_genre,Gospel / Christian,sentiment_negative,180,64,141,78.33333333,39,44,68.75
primary_genre,Gospel / Christian,sentiment_neutral,180,64,141,78.33333333,39,44,68.75
primary_genre,Gospel / Christian,sentiment_positive,180,64,141,78.33333333,39,44,68.75
primary_genre,Hip-Hop / Rap,lyrics_available,10195,3401,7259,71.2015694,2936,2377,69.89120847
primary_genre,Hip-Hop / Rap,all_42_classifier_scores,10195,3401,7259,71.2015694,2936,2377,69.89120847
primary_genre,Hip-Hop / Rap,mb_duration_median_seconds,10195,3401,8405,82.44237371,1790,2791,82.06409879
primary_genre,Hip-Hop / Rap,ll_sexual_content,10195,3401,7259,71.2015694,2936,2377,69.89120847
primary_genre,Hip-Hop / Rap,ll_violence,10195,3401,7259,71.2015694,2936,2377,69.89120847
primary_genre,Hip-Hop / Rap,ll_explicit_language,10195,3401,7259,71.2015694,2936,2377,69.89120847
primary_genre,Hip-Hop / Rap,ll_substance_use,10195,3401,7259,71.2015694,2936,2377,69.89120847
primary_genre,Hip-Hop / Rap,detox_toxicity,10195,3401,7259,71.2015694,2936,2377,69.89120847
primary_genre,Hip-Hop / Rap,detox_severe_toxicity,10195,3401,7259,71.2015694,2936,2377,69.89120847
primary_genre,Hip-Hop / Rap,detox_obscene,10195,3401,7259,71.2015694,2936,2377,69.89120847
primary_genre,Hip-Hop / Rap,detox_threat,10195,3401,7259,71.2015694,2936,2377,69.89120847
primary_genre,Hip-Hop / Rap,detox_insult,10195,3401,7259,71.2015694,2936,2377,69.89120847
primary_genre,Hip-Hop / Rap,detox_identity_attack,10195,3401,7259,71.2015694,2936,2377,69.89120847
primary_genre,Hip-Hop / Rap,detox_sexual_explicit,10195,3401,7259,71.2015694,2936,2377,69.89120847
primary_genre,Hip-Hop / Rap,emotion_admiration,10195,3401,7259,71.2015694,2936,2377,69.89120847
primary_genre,Hip-Hop / Rap,emotion_amusement,10195,3401,7259,71.2015694,2936,2377,69.89120847
primary_genre,Hip-Hop / Rap,emotion_anger,10195,3401,7259,71.2015694,2936,2377,69.89120847
primary_genre,Hip-Hop / Rap,emotion_annoyance,10195,3401,7259,71.2015694,2936,2377,69.89120847
primary_genre,Hip-Hop / Rap,emotion_approval,10195,3401,7259,71.2015694,2936,2377,69.89120847
primary_genre,Hip-Hop / Rap,emotion_caring,10195,3401,7259,71.2015694,2936,2377,69.89120847
primary_genre,Hip-Hop / Rap,emotion_confusion,10195,3401,7259,71.2015694,2936,2377,69.89120847
primary_genre,Hip-Hop / Rap,emotion_curiosity,10195,3401,7259,71.2015694,2936,2377,69.89120847
primary_genre,Hip-Hop / Rap,emotion_desire,10195,3401,7259,71.2015694,2936,2377,69.89120847
primary_genre,Hip-Hop / Rap,emotion_disappointment,10195,3401,7259,71.2015694,2936,2377,69.89120847
primary_genre,Hip-Hop / Rap,emotion_disapproval,10195,3401,7259,71.2015694,2936,2377,69.89120847
primary_genre,Hip-Hop / Rap,emotion_disgust,10195,3401,7259,71.2015694,2936,2377,69.89120847
primary_genre,Hip-Hop / Rap,emotion_embarrassment,10195,3401,7259,71.2015694,2936,2377,69.89120847
primary_genre,Hip-Hop / Rap,emotion_excitement,10195,3401,7259,71.2015694,2936,2377,69.89120847
primary_genre,Hip-Hop / Rap,emotion_fear,10195,3401,7259,71.2015694,2936,2377,69.89120847
primary_genre,Hip-Hop / Rap,emotion_gratitude,10195,3401,7259,71.2015694,2936,2377,69.89120847
primary_genre,Hip-Hop / Rap,emotion_grief,10195,3401,7259,71.2015694,2936,2377,69.89120847
primary_genre,Hip-Hop / Rap,emotion_joy,10195,3401,7259,71.2015694,2936,2377,69.89120847
primary_genre,Hip-Hop / Rap,emotion_love,10195,3401,7259,71.2015694,2936,2377,69.89120847
primary_genre,Hip-Hop / Rap,emotion_nervousness,10195,3401,7259,71.2015694,2936,2377,69.89120847
primary_genre,Hip-Hop / Rap,emotion_optimism,10195,3401,7259,71.2015694,2936,2377,69.89120847
primary_genre,Hip-Hop / Rap,emotion_pride,10195,3401,7259,71.2015694,2936,2377,69.89120847
primary_genre,Hip-Hop / Rap,emotion_realization,10195,3401,7259,71.2015694,2936,2377,69.89120847
primary_genre,Hip-Hop / Rap,emotion_relief,10195,3401,7259,71.2015694,2936,2377,69.89120847
primary_genre,Hip-Hop / Rap,emotion_remorse,10195,3401,7259,71.2015694,2936,2377,69.89120847
primary_genre,Hip-Hop / Rap,emotion_sadness,10195,3401,7259,71.2015694,2936,2377,69.89120847
primary_genre,Hip-Hop / Rap,emotion_surprise,10195,3401,7259,71.2015694,2936,2377,69.89120847
primary_genre,Hip-Hop / Rap,emotion_neutral,10195,3401,7259,71.2015694,2936,2377,69.89120847
primary_genre,Hip-Hop / Rap,sentiment_negative,10195,3401,7259,71.2015694,2936,2377,69.89120847
primary_genre,Hip-Hop / Rap,sentiment_neutral,10195,3401,7259,71.2015694,2936,2377,69.89120847
primary_genre,Hip-Hop / Rap,sentiment_positive,10195,3401,7259,71.2015694,2936,2377,69.89120847
primary_genre,Jazz / Blues,lyrics_available,1415,698,716,50.60070671,699,352,50.42979943
primary_genre,Jazz / Blues,all_42_classifier_scores,1415,698,716,50.60070671,699,352,50.42979943
primary_genre,Jazz / Blues,mb_duration_median_seconds,1415,698,901,63.67491166,514,430,61.60458453
primary_genre,Jazz / Blues,ll_sexual_content,1415,698,716,50.60070671,699,352,50.42979943
primary_genre,Jazz / Blues,ll_violence,1415,698,716,50.60070671,699,352,50.42979943
primary_genre,Jazz / Blues,ll_explicit_language,1415,698,716,50.60070671,699,352,50.42979943
primary_genre,Jazz / Blues,ll_substance_use,1415,698,716,50.60070671,699,352,50.42979943
primary_genre,Jazz / Blues,detox_toxicity,1415,698,716,50.60070671,699,352,50.42979943
primary_genre,Jazz / Blues,detox_severe_toxicity,1415,698,716,50.60070671,699,352,50.42979943
primary_genre,Jazz / Blues,detox_obscene,1415,698,716,50.60070671,699,352,50.42979943
primary_genre,Jazz / Blues,detox_threat,1415,698,716,50.60070671,699,352,50.42979943
primary_genre,Jazz / Blues,detox_insult,1415,698,716,50.60070671,699,352,50.42979943
primary_genre,Jazz / Blues,detox_identity_attack,1415,698,716,50.60070671,699,352,50.42979943
primary_genre,Jazz / Blues,detox_sexual_explicit,1415,698,716,50.60070671,699,352,50.42979943
primary_genre,Jazz / Blues,emotion_admiration,1415,698,716,50.60070671,699,352,50.42979943
primary_genre,Jazz / Blues,emotion_amusement,1415,698,716,50.60070671,699,352,50.42979943
primary_genre,Jazz / Blues,emotion_anger,1415,698,716,50.60070671,699,352,50.42979943
primary_genre,Jazz / Blues,emotion_annoyance,1415,698,716,50.60070671,699,352,50.42979943
primary_genre,Jazz / Blues,emotion_approval,1415,698,716,50.60070671,699,352,50.42979943
primary_genre,Jazz / Blues,emotion_caring,1415,698,716,50.60070671,699,352,50.42979943
primary_genre,Jazz / Blues,emotion_confusion,1415,698,716,50.60070671,699,352,50.42979943
primary_genre,Jazz / Blues,emotion_curiosity,1415,698,716,50.60070671,699,352,50.42979943
primary_genre,Jazz / Blues,emotion_desire,1415,698,716,50.60070671,699,352,50.42979943
primary_genre,Jazz / Blues,emotion_disappointment,1415,698,716,50.60070671,699,352,50.42979943
primary_genre,Jazz / Blues,emotion_disapproval,1415,698,716,50.60070671,699,352,50.42979943
primary_genre,Jazz / Blues,emotion_disgust,1415,698,716,50.60070671,699,352,50.42979943
primary_genre,Jazz / Blues,emotion_embarrassment,1415,698,716,50.60070671,699,352,50.42979943
primary_genre,Jazz / Blues,emotion_excitement,1415,698,716,50.60070671,699,352,50.42979943
primary_genre,Jazz / Blues,emotion_fear,1415,698,716,50.60070671,699,352,50.42979943
primary_genre,Jazz / Blues,emotion_gratitude,1415,698,716,50.60070671,699,352,50.42979943
primary_genre,Jazz / Blues,emotion_grief,1415,698,716,50.60070671,699,352,50.42979943
primary_genre,Jazz / Blues,emotion_joy,1415,698,716,50.60070671,699,352,50.42979943
primary_genre,Jazz / Blues,emotion_love,1415,698,716,50.60070671,699,352,50.42979943
primary_genre,Jazz / Blues,emotion_nervousness,1415,698,716,50.60070671,699,352,50.42979943
primary_genre,Jazz / Blues,emotion_optimism,1415,698,716,50.60070671,699,352,50.42979943
primary_genre,Jazz / Blues,emotion_pride,1415,698,716,50.60070671,699,352,50.42979943
primary_genre,Jazz / Blues,emotion_realization,1415,698,716,50.60070671,699,352,50.42979943
primary_genre,Jazz / Blues,emotion_relief,1415,698,716,50.60070671,699,352,50.42979943
primary_genre,Jazz / Blues,emotion_remorse,1415,698,716,50.60070671,699,352,50.42979943
primary_genre,Jazz / Blues,emotion_sadness,1415,698,716,50.60070671,699,352,50.42979943
primary_genre,Jazz / Blues,emotion_surprise,1415,698,716,50.60070671,699,352,50.42979943
primary_genre,Jazz / Blues,emotion_neutral,1415,698,716,50.60070671,699,352,50.42979943
primary_genre,Jazz / Blues,sentiment_negative,1415,698,716,50.60070671,699,352,50.42979943
primary_genre,Jazz / Blues,sentiment_neutral,1415,698,716,50.60070671,699,352,50.42979943
primary_genre,Jazz / Blues,sentiment_positive,1415,698,716,50.60070671,699,352,50.42979943
primary_genre,K-Pop,lyrics_available,124,51,104,83.87096774,20,40,78.43137255
primary_genre,K-Pop,all_42_classifier_scores,124,51,104,83.87096774,20,40,78.43137255
primary_genre,K-Pop,mb_duration_median_seconds,124,51,64,51.61290323,60,33,64.70588235
primary_genre,K-Pop,ll_sexual_content,124,51,104,83.87096774,20,40,78.43137255
primary_genre,K-Pop,ll_violence,124,51,104,83.87096774,20,40,78.43137255
primary_genre,K-Pop,ll_explicit_language,124,51,104,83.87096774,20,40,78.43137255
primary_genre,K-Pop,ll_substance_use,124,51,104,83.87096774,20,40,78.43137255
primary_genre,K-Pop,detox_toxicity,124,51,104,83.87096774,20,40,78.43137255
primary_genre,K-Pop,detox_severe_toxicity,124,51,104,83.87096774,20,40,78.43137255
primary_genre,K-Pop,detox_obscene,124,51,104,83.87096774,20,40,78.43137255
primary_genre,K-Pop,detox_threat,124,51,104,83.87096774,20,40,78.43137255
primary_genre,K-Pop,detox_insult,124,51,104,83.87096774,20,40,78.43137255
primary_genre,K-Pop,detox_identity_attack,124,51,104,83.87096774,20,40,78.43137255
primary_genre,K-Pop,detox_sexual_explicit,124,51,104,83.87096774,20,40,78.43137255
primary_genre,K-Pop,emotion_admiration,124,51,104,83.87096774,20,40,78.43137255
primary_genre,K-Pop,emotion_amusement,124,51,104,83.87096774,20,40,78.43137255
primary_genre,K-Pop,emotion_anger,124,51,104,83.87096774,20,40,78.43137255
primary_genre,K-Pop,emotion_annoyance,124,51,104,83.87096774,20,40,78.43137255
primary_genre,K-Pop,emotion_approval,124,51,104,83.87096774,20,40,78.43137255
primary_genre,K-Pop,emotion_caring,124,51,104,83.87096774,20,40,78.43137255
primary_genre,K-Pop,emotion_confusion,124,51,104,83.87096774,20,40,78.43137255
primary_genre,K-Pop,emotion_curiosity,124,51,104,83.87096774,20,40,78.43137255
primary_genre,K-Pop,emotion_desire,124,51,104,83.87096774,20,40,78.43137255
primary_genre,K-Pop,emotion_disappointment,124,51,104,83.87096774,20,40,78.43137255
primary_genre,K-Pop,emotion_disapproval,124,51,104,83.87096774,20,40,78.43137255
primary_genre,K-Pop,emotion_disgust,124,51,104,83.87096774,20,40,78.43137255
primary_genre,K-Pop,emotion_embarrassment,124,51,104,83.87096774,20,40,78.43137255
primary_genre,K-Pop,emotion_excitement,124,51,104,83.87096774,20,40,78.43137255
primary_genre,K-Pop,emotion_fear,124,51,104,83.87096774,20,40,78.43137255
primary_genre,K-Pop,emotion_gratitude,124,51,104,83.87096774,20,40,78.43137255
primary_genre,K-Pop,emotion_grief,124,51,104,83.87096774,20,40,78.43137255
primary_genre,K-Pop,emotion_joy,124,51,104,83.87096774,20,40,78.43137255
primary_genre,K-Pop,emotion_love,124,51,104,83.87096774,20,40,78.43137255
primary_genre,K-Pop,emotion_nervousness,124,51,104,83.87096774,20,40,78.43137255
primary_genre,K-Pop,emotion_optimism,124,51,104,83.87096774,20,40,78.43137255
primary_genre,K-Pop,emotion_pride,124,51,104,83.87096774,20,40,78.43137255
primary_genre,K-Pop,emotion_realization,124,51,104,83.87096774,20,40,78.43137255
primary_genre,K-Pop,emotion_relief,124,51,104,83.87096774,20,40,78.43137255
primary_genre,K-Pop,emotion_remorse,124,51,104,83.87096774,20,40,78.43137255
primary_genre,K-Pop,emotion_sadness,124,51,104,83.87096774,20,40,78.43137255
primary_genre,K-Pop,emotion_surprise,124,51,104,83.87096774,20,40,78.43137255
primary_genre,K-Pop,emotion_neutral,124,51,104,83.87096774,20,40,78.43137255
primary_genre,K-Pop,sentiment_negative,124,51,104,83.87096774,20,40,78.43137255
primary_genre,K-Pop,sentiment_neutral,124,51,104,83.87096774,20,40,78.43137255
primary_genre,K-Pop,sentiment_positive,124,51,104,83.87096774,20,40,78.43137255
primary_genre,Latin,lyrics_available,1108,381,856,77.25631769,252,287,75.32808399
primary_genre,Latin,all_42_classifier_scores,1108,381,856,77.25631769,252,287,75.32808399
primary_genre,Latin,mb_duration_median_seconds,1108,381,695,62.72563177,413,233,61.15485564
primary_genre,Latin,ll_sexual_content,1108,381,856,77.25631769,252,287,75.32808399
primary_genre,Latin,ll_violence,1108,381,856,77.25631769,252,287,75.32808399
primary_genre,Latin,ll_explicit_language,1108,381,856,77.25631769,252,287,75.32808399
primary_genre,Latin,ll_substance_use,1108,381,856,77.25631769,252,287,75.32808399
primary_genre,Latin,detox_toxicity,1108,381,856,77.25631769,252,287,75.32808399
primary_genre,Latin,detox_severe_toxicity,1108,381,856,77.25631769,252,287,75.32808399
primary_genre,Latin,detox_obscene,1108,381,856,77.25631769,252,287,75.32808399
primary_genre,Latin,detox_threat,1108,381,856,77.25631769,252,287,75.32808399
primary_genre,Latin,detox_insult,1108,381,856,77.25631769,252,287,75.32808399
primary_genre,Latin,detox_identity_attack,1108,381,856,77.25631769,252,287,75.32808399
primary_genre,Latin,detox_sexual_explicit,1108,381,856,77.25631769,252,287,75.32808399
primary_genre,Latin,emotion_admiration,1108,381,856,77.25631769,252,287,75.32808399
primary_genre,Latin,emotion_amusement,1108,381,856,77.25631769,252,287,75.32808399
primary_genre,Latin,emotion_anger,1108,381,856,77.25631769,252,287,75.32808399
primary_genre,Latin,emotion_annoyance,1108,381,856,77.25631769,252,287,75.32808399
primary_genre,Latin,emotion_approval,1108,381,856,77.25631769,252,287,75.32808399
primary_genre,Latin,emotion_caring,1108,381,856,77.25631769,252,287,75.32808399
primary_genre,Latin,emotion_confusion,1108,381,856,77.25631769,252,287,75.32808399
primary_genre,Latin,emotion_curiosity,1108,381,856,77.25631769,252,287,75.32808399
primary_genre,Latin,emotion_desire,1108,381,856,77.25631769,252,287,75.32808399
primary_genre,Latin,emotion_disappointment,1108,381,856,77.25631769,252,287,75.32808399
primary_genre,Latin,emotion_disapproval,1108,381,856,77.25631769,252,287,75.32808399
primary_genre,Latin,emotion_disgust,1108,381,856,77.25631769,252,287,75.32808399
primary_genre,Latin,emotion_embarrassment,1108,381,856,77.25631769,252,287,75.32808399
primary_genre,Latin,emotion_excitement,1108,381,856,77.25631769,252,287,75.32808399
primary_genre,Latin,emotion_fear,1108,381,856,77.25631769,252,287,75.32808399
primary_genre,Latin,emotion_gratitude,1108,381,856,77.25631769,252,287,75.32808399
primary_genre,Latin,emotion_grief,1108,381,856,77.25631769,252,287,75.32808399
primary_genre,Latin,emotion_joy,1108,381,856,77.25631769,252,287,75.32808399
primary_genre,Latin,emotion_love,1108,381,856,77.25631769,252,287,75.32808399
primary_genre,Latin,emotion_nervousness,1108,381,856,77.25631769,252,287,75.32808399
primary_genre,Latin,emotion_optimism,1108,381,856,77.25631769,252,287,75.32808399
primary_genre,Latin,emotion_pride,1108,381,856,77.25631769,252,287,75.32808399
primary_genre,Latin,emotion_realization,1108,381,856,77.25631769,252,287,75.32808399
primary_genre,Latin,emotion_relief,1108,381,856,77.25631769,252,287,75.32808399
primary_genre,Latin,emotion_remorse,1108,381,856,77.25631769,252,287,75.32808399
primary_genre,Latin,emotion_sadness,1108,381,856,77.25631769,252,287,75.32808399
primary_genre,Latin,emotion_surprise,1108,381,856,77.25631769,252,287,75.32808399
primary_genre,Latin,emotion_neutral,1108,381,856,77.25631769,252,287,75.32808399
primary_genre,Latin,sentiment_negative,1108,381,856,77.25631769,252,287,75.32808399
primary_genre,Latin,sentiment_neutral,1108,381,856,77.25631769,252,287,75.32808399
primary_genre,Latin,sentiment_positive,1108,381,856,77.25631769,252,287,75.32808399
primary_genre,Metal,lyrics_available,454,144,409,90.08810573,45,127,88.19444444
primary_genre,Metal,all_42_classifier_scores,454,144,409,90.08810573,45,127,88.19444444
primary_genre,Metal,mb_duration_median_seconds,454,144,418,92.07048458,36,132,91.66666667
primary_genre,Metal,ll_sexual_content,454,144,409,90.08810573,45,127,88.19444444
primary_genre,Metal,ll_violence,454,144,409,90.08810573,45,127,88.19444444
primary_genre,Metal,ll_explicit_language,454,144,409,90.08810573,45,127,88.19444444
primary_genre,Metal,ll_substance_use,454,144,409,90.08810573,45,127,88.19444444
primary_genre,Metal,detox_toxicity,454,144,409,90.08810573,45,127,88.19444444
primary_genre,Metal,detox_severe_toxicity,454,144,409,90.08810573,45,127,88.19444444
primary_genre,Metal,detox_obscene,454,144,409,90.08810573,45,127,88.19444444
primary_genre,Metal,detox_threat,454,144,409,90.08810573,45,127,88.19444444
primary_genre,Metal,detox_insult,454,144,409,90.08810573,45,127,88.19444444
primary_genre,Metal,detox_identity_attack,454,144,409,90.08810573,45,127,88.19444444
primary_genre,Metal,detox_sexual_explicit,454,144,409,90.08810573,45,127,88.19444444
primary_genre,Metal,emotion_admiration,454,144,409,90.08810573,45,127,88.19444444
primary_genre,Metal,emotion_amusement,454,144,409,90.08810573,45,127,88.19444444
primary_genre,Metal,emotion_anger,454,144,409,90.08810573,45,127,88.19444444
primary_genre,Metal,emotion_annoyance,454,144,409,90.08810573,45,127,88.19444444
primary_genre,Metal,emotion_approval,454,144,409,90.08810573,45,127,88.19444444
primary_genre,Metal,emotion_caring,454,144,409,90.08810573,45,127,88.19444444
primary_genre,Metal,emotion_confusion,454,144,409,90.08810573,45,127,88.19444444
primary_genre,Metal,emotion_curiosity,454,144,409,90.08810573,45,127,88.19444444
primary_genre,Metal,emotion_desire,454,144,409,90.08810573,45,127,88.19444444
primary_genre,Metal,emotion_disappointment,454,144,409,90.08810573,45,127,88.19444444
primary_genre,Metal,emotion_disapproval,454,144,409,90.08810573,45,127,88.19444444
primary_genre,Metal,emotion_disgust,454,144,409,90.08810573,45,127,88.19444444
primary_genre,Metal,emotion_embarrassment,454,144,409,90.08810573,45,127,88.19444444
primary_genre,Metal,emotion_excitement,454,144,409,90.08810573,45,127,88.19444444
primary_genre,Metal,emotion_fear,454,144,409,90.08810573,45,127,88.19444444
primary_genre,Metal,emotion_gratitude,454,144,409,90.08810573,45,127,88.19444444
primary_genre,Metal,emotion_grief,454,144,409,90.08810573,45,127,88.19444444
primary_genre,Metal,emotion_joy,454,144,409,90.08810573,45,127,88.19444444
primary_genre,Metal,emotion_love,454,144,409,90.08810573,45,127,88.19444444
primary_genre,Metal,emotion_nervousness,454,144,409,90.08810573,45,127,88.19444444
primary_genre,Metal,emotion_optimism,454,144,409,90.08810573,45,127,88.19444444
primary_genre,Metal,emotion_pride,454,144,409,90.08810573,45,127,88.19444444
primary_genre,Metal,emotion_realization,454,144,409,90.08810573,45,127,88.19444444
primary_genre,Metal,emotion_relief,454,144,409,90.08810573,45,127,88.19444444
primary_genre,Metal,emotion_remorse,454,144,409,90.08810573,45,127,88.19444444
primary_genre,Metal,emotion_sadness,454,144,409,90.08810573,45,127,88.19444444
primary_genre,Metal,emotion_surprise,454,144,409,90.08810573,45,127,88.19444444
primary_genre,Metal,emotion_neutral,454,144,409,90.08810573,45,127,88.19444444
primary_genre,Metal,sentiment_negative,454,144,409,90.08810573,45,127,88.19444444
primary_genre,Metal,sentiment_neutral,454,144,409,90.08810573,45,127,88.19444444
primary_genre,Metal,sentiment_positive,454,144,409,90.08810573,45,127,88.19444444
primary_genre,Other,lyrics_available,865,456,339,39.19075145,526,151,33.11403509
primary_genre,Other,all_42_classifier_scores,865,456,339,39.19075145,526,151,33.11403509
primary_genre,Other,mb_duration_median_seconds,865,456,415,47.97687861,450,196,42.98245614
primary_genre,Other,ll_sexual_content,865,456,339,39.19075145,526,151,33.11403509
primary_genre,Other,ll_violence,865,456,339,39.19075145,526,151,33.11403509
primary_genre,Other,ll_explicit_language,865,456,339,39.19075145,526,151,33.11403509
primary_genre,Other,ll_substance_use,865,456,339,39.19075145,526,151,33.11403509
primary_genre,Other,detox_toxicity,865,456,339,39.19075145,526,151,33.11403509
primary_genre,Other,detox_severe_toxicity,865,456,339,39.19075145,526,151,33.11403509
primary_genre,Other,detox_obscene,865,456,339,39.19075145,526,151,33.11403509
primary_genre,Other,detox_threat,865,456,339,39.19075145,526,151,33.11403509
primary_genre,Other,detox_insult,865,456,339,39.19075145,526,151,33.11403509
primary_genre,Other,detox_identity_attack,865,456,339,39.19075145,526,151,33.11403509
primary_genre,Other,detox_sexual_explicit,865,456,339,39.19075145,526,151,33.11403509
primary_genre,Other,emotion_admiration,865,456,339,39.19075145,526,151,33.11403509
primary_genre,Other,emotion_amusement,865,456,339,39.19075145,526,151,33.11403509
primary_genre,Other,emotion_anger,865,456,339,39.19075145,526,151,33.11403509
primary_genre,Other,emotion_annoyance,865,456,339,39.19075145,526,151,33.11403509
primary_genre,Other,emotion_approval,865,456,339,39.19075145,526,151,33.11403509
primary_genre,Other,emotion_caring,865,456,339,39.19075145,526,151,33.11403509
primary_genre,Other,emotion_confusion,865,456,339,39.19075145,526,151,33.11403509
primary_genre,Other,emotion_curiosity,865,456,339,39.19075145,526,151,33.11403509
primary_genre,Other,emotion_desire,865,456,339,39.19075145,526,151,33.11403509
primary_genre,Other,emotion_disappointment,865,456,339,39.19075145,526,151,33.11403509
primary_genre,Other,emotion_disapproval,865,456,339,39.19075145,526,151,33.11403509
primary_genre,Other,emotion_disgust,865,456,339,39.19075145,526,151,33.11403509
primary_genre,Other,emotion_embarrassment,865,456,339,39.19075145,526,151,33.11403509
primary_genre,Other,emotion_excitement,865,456,339,39.19075145,526,151,33.11403509
primary_genre,Other,emotion_fear,865,456,339,39.19075145,526,151,33.11403509
primary_genre,Other,emotion_gratitude,865,456,339,39.19075145,526,151,33.11403509
primary_genre,Other,emotion_grief,865,456,339,39.19075145,526,151,33.11403509
primary_genre,Other,emotion_joy,865,456,339,39.19075145,526,151,33.11403509
primary_genre,Other,emotion_love,865,456,339,39.19075145,526,151,33.11403509
primary_genre,Other,emotion_nervousness,865,456,339,39.19075145,526,151,33.11403509
primary_genre,Other,emotion_optimism,865,456,339,39.19075145,526,151,33.11403509
primary_genre,Other,emotion_pride,865,456,339,39.19075145,526,151,33.11403509
primary_genre,Other,emotion_realization,865,456,339,39.19075145,526,151,33.11403509
primary_genre,Other,emotion_relief,865,456,339,39.19075145,526,151,33.11403509
primary_genre,Other,emotion_remorse,865,456,339,39.19075145,526,151,33.11403509
primary_genre,Other,emotion_sadness,865,456,339,39.19075145,526,151,33.11403509
primary_genre,Other,emotion_surprise,865,456,339,39.19075145,526,151,33.11403509
primary_genre,Other,emotion_neutral,865,456,339,39.19075145,526,151,33.11403509
primary_genre,Other,sentiment_negative,865,456,339,39.19075145,526,151,33.11403509
primary_genre,Other,sentiment_neutral,865,456,339,39.19075145,526,151,33.11403509
primary_genre,Other,sentiment_positive,865,456,339,39.19075145,526,151,33.11403509
primary_genre,Pop,lyrics_available,19519,6492,15942,81.6742661,3577,4967,76.50955022
primary_genre,Pop,all_42_classifier_scores,19519,6492,15942,81.6742661,3577,4967,76.50955022
primary_genre,Pop,mb_duration_median_seconds,19519,6492,15722,80.54715918,3797,4889,75.30807147
primary_genre,Pop,ll_sexual_content,19519,6492,15942,81.6742661,3577,4967,76.50955022
primary_genre,Pop,ll_violence,19519,6492,15942,81.6742661,3577,4967,76.50955022
primary_genre,Pop,ll_explicit_language,19519,6492,15942,81.6742661,3577,4967,76.50955022
primary_genre,Pop,ll_substance_use,19519,6492,15942,81.6742661,3577,4967,76.50955022
primary_genre,Pop,detox_toxicity,19519,6492,15942,81.6742661,3577,4967,76.50955022
primary_genre,Pop,detox_severe_toxicity,19519,6492,15942,81.6742661,3577,4967,76.50955022
primary_genre,Pop,detox_obscene,19519,6492,15942,81.6742661,3577,4967,76.50955022
primary_genre,Pop,detox_threat,19519,6492,15942,81.6742661,3577,4967,76.50955022
primary_genre,Pop,detox_insult,19519,6492,15942,81.6742661,3577,4967,76.50955022
primary_genre,Pop,detox_identity_attack,19519,6492,15942,81.6742661,3577,4967,76.50955022
primary_genre,Pop,detox_sexual_explicit,19519,6492,15942,81.6742661,3577,4967,76.50955022
primary_genre,Pop,emotion_admiration,19519,6492,15942,81.6742661,3577,4967,76.50955022
primary_genre,Pop,emotion_amusement,19519,6492,15942,81.6742661,3577,4967,76.50955022
primary_genre,Pop,emotion_anger,19519,6492,15942,81.6742661,3577,4967,76.50955022
primary_genre,Pop,emotion_annoyance,19519,6492,15942,81.6742661,3577,4967,76.50955022
primary_genre,Pop,emotion_approval,19519,6492,15942,81.6742661,3577,4967,76.50955022
primary_genre,Pop,emotion_caring,19519,6492,15942,81.6742661,3577,4967,76.50955022
primary_genre,Pop,emotion_confusion,19519,6492,15942,81.6742661,3577,4967,76.50955022
primary_genre,Pop,emotion_curiosity,19519,6492,15942,81.6742661,3577,4967,76.50955022
primary_genre,Pop,emotion_desire,19519,6492,15942,81.6742661,3577,4967,76.50955022
primary_genre,Pop,emotion_disappointment,19519,6492,15942,81.6742661,3577,4967,76.50955022
primary_genre,Pop,emotion_disapproval,19519,6492,15942,81.6742661,3577,4967,76.50955022
primary_genre,Pop,emotion_disgust,19519,6492,15942,81.6742661,3577,4967,76.50955022
primary_genre,Pop,emotion_embarrassment,19519,6492,15942,81.6742661,3577,4967,76.50955022
primary_genre,Pop,emotion_excitement,19519,6492,15942,81.6742661,3577,4967,76.50955022
primary_genre,Pop,emotion_fear,19519,6492,15942,81.6742661,3577,4967,76.50955022
primary_genre,Pop,emotion_gratitude,19519,6492,15942,81.6742661,3577,4967,76.50955022
primary_genre,Pop,emotion_grief,19519,6492,15942,81.6742661,3577,4967,76.50955022
primary_genre,Pop,emotion_joy,19519,6492,15942,81.6742661,3577,4967,76.50955022
primary_genre,Pop,emotion_love,19519,6492,15942,81.6742661,3577,4967,76.50955022
primary_genre,Pop,emotion_nervousness,19519,6492,15942,81.6742661,3577,4967,76.50955022
primary_genre,Pop,emotion_optimism,19519,6492,15942,81.6742661,3577,4967,76.50955022
primary_genre,Pop,emotion_pride,19519,6492,15942,81.6742661,3577,4967,76.50955022
primary_genre,Pop,emotion_realization,19519,6492,15942,81.6742661,3577,4967,76.50955022
primary_genre,Pop,emotion_relief,19519,6492,15942,81.6742661,3577,4967,76.50955022
primary_genre,Pop,emotion_remorse,19519,6492,15942,81.6742661,3577,4967,76.50955022
primary_genre,Pop,emotion_sadness,19519,6492,15942,81.6742661,3577,4967,76.50955022
primary_genre,Pop,emotion_surprise,19519,6492,15942,81.6742661,3577,4967,76.50955022
primary_genre,Pop,emotion_neutral,19519,6492,15942,81.6742661,3577,4967,76.50955022
primary_genre,Pop,sentiment_negative,19519,6492,15942,81.6742661,3577,4967,76.50955022
primary_genre,Pop,sentiment_neutral,19519,6492,15942,81.6742661,3577,4967,76.50955022
primary_genre,Pop,sentiment_positive,19519,6492,15942,81.6742661,3577,4967,76.50955022
primary_genre,R&B / Soul,lyrics_available,16480,5935,12031,73.00364078,4449,4160,70.0926706
primary_genre,R&B / Soul,all_42_classifier_scores,16480,5935,12027,72.97936893,4453,4158,70.0589722
primary_genre,R&B / Soul,mb_duration_median_seconds,16480,5935,12992,78.83495146,3488,4497,75.77085088
primary_genre,R&B / Soul,ll_sexual_content,16480,5935,12027,72.97936893,4453,4158,70.0589722
primary_genre,R&B / Soul,ll_violence,16480,5935,12027,72.97936893,4453,4158,70.0589722
primary_genre,R&B / Soul,ll_explicit_language,16480,5935,12027,72.97936893,4453,4158,70.0589722
primary_genre,R&B / Soul,ll_substance_use,16480,5935,12027,72.97936893,4453,4158,70.0589722
primary_genre,R&B / Soul,detox_toxicity,16480,5935,12031,73.00364078,4449,4160,70.0926706
primary_genre,R&B / Soul,detox_severe_toxicity,16480,5935,12031,73.00364078,4449,4160,70.0926706
primary_genre,R&B / Soul,detox_obscene,16480,5935,12031,73.00364078,4449,4160,70.0926706
primary_genre,R&B / Soul,detox_threat,16480,5935,12031,73.00364078,4449,4160,70.0926706
primary_genre,R&B / Soul,detox_insult,16480,5935,12031,73.00364078,4449,4160,70.0926706
primary_genre,R&B / Soul,detox_identity_attack,16480,5935,12031,73.00364078,4449,4160,70.0926706
primary_genre,R&B / Soul,detox_sexual_explicit,16480,5935,12031,73.00364078,4449,4160,70.0926706
primary_genre,R&B / Soul,emotion_admiration,16480,5935,12031,73.00364078,4449,4160,70.0926706
primary_genre,R&B / Soul,emotion_amusement,16480,5935,12031,73.00364078,4449,4160,70.0926706
primary_genre,R&B / Soul,emotion_anger,16480,5935,12031,73.00364078,4449,4160,70.0926706
primary_genre,R&B / Soul,emotion_annoyance,16480,5935,12031,73.00364078,4449,4160,70.0926706
primary_genre,R&B / Soul,emotion_approval,16480,5935,12031,73.00364078,4449,4160,70.0926706
primary_genre,R&B / Soul,emotion_caring,16480,5935,12031,73.00364078,4449,4160,70.0926706
primary_genre,R&B / Soul,emotion_confusion,16480,5935,12031,73.00364078,4449,4160,70.0926706
primary_genre,R&B / Soul,emotion_curiosity,16480,5935,12031,73.00364078,4449,4160,70.0926706
primary_genre,R&B / Soul,emotion_desire,16480,5935,12031,73.00364078,4449,4160,70.0926706
primary_genre,R&B / Soul,emotion_disappointment,16480,5935,12031,73.00364078,4449,4160,70.0926706
primary_genre,R&B / Soul,emotion_disapproval,16480,5935,12031,73.00364078,4449,4160,70.0926706
primary_genre,R&B / Soul,emotion_disgust,16480,5935,12031,73.00364078,4449,4160,70.0926706
primary_genre,R&B / Soul,emotion_embarrassment,16480,5935,12031,73.00364078,4449,4160,70.0926706
primary_genre,R&B / Soul,emotion_excitement,16480,5935,12031,73.00364078,4449,4160,70.0926706
primary_genre,R&B / Soul,emotion_fear,16480,5935,12031,73.00364078,4449,4160,70.0926706
primary_genre,R&B / Soul,emotion_gratitude,16480,5935,12031,73.00364078,4449,4160,70.0926706
primary_genre,R&B / Soul,emotion_grief,16480,5935,12031,73.00364078,4449,4160,70.0926706
primary_genre,R&B / Soul,emotion_joy,16480,5935,12031,73.00364078,4449,4160,70.0926706
primary_genre,R&B / Soul,emotion_love,16480,5935,12031,73.00364078,4449,4160,70.0926706
primary_genre,R&B / Soul,emotion_nervousness,16480,5935,12031,73.00364078,4449,4160,70.0926706
primary_genre,R&B / Soul,emotion_optimism,16480,5935,12031,73.00364078,4449,4160,70.0926706
primary_genre,R&B / Soul,emotion_pride,16480,5935,12031,73.00364078,4449,4160,70.0926706
primary_genre,R&B / Soul,emotion_realization,16480,5935,12031,73.00364078,4449,4160,70.0926706
primary_genre,R&B / Soul,emotion_relief,16480,5935,12031,73.00364078,4449,4160,70.0926706
primary_genre,R&B / Soul,emotion_remorse,16480,5935,12031,73.00364078,4449,4160,70.0926706
primary_genre,R&B / Soul,emotion_sadness,16480,5935,12031,73.00364078,4449,4160,70.0926706
primary_genre,R&B / Soul,emotion_surprise,16480,5935,12031,73.00364078,4449,4160,70.0926706
primary_genre,R&B / Soul,emotion_neutral,16480,5935,12031,73.00364078,4449,4160,70.0926706
primary_genre,R&B / Soul,sentiment_negative,16480,5935,12031,73.00364078,4449,4160,70.0926706
primary_genre,R&B / Soul,sentiment_neutral,16480,5935,12031,73.00364078,4449,4160,70.0926706
primary_genre,R&B / Soul,sentiment_positive,16480,5935,12031,73.00364078,4449,4160,70.0926706
primary_genre,Reggae / Dancehall,lyrics_available,505,144,352,69.7029703,153,96,66.66666667
primary_genre,Reggae / Dancehall,all_42_classifier_scores,505,144,352,69.7029703,153,96,66.66666667
primary_genre,Reggae / Dancehall,mb_duration_median_seconds,505,144,374,74.05940594,131,110,76.38888889
primary_genre,Reggae / Dancehall,ll_sexual_content,505,144,352,69.7029703,153,96,66.66666667
primary_genre,Reggae / Dancehall,ll_violence,505,144,352,69.7029703,153,96,66.66666667
primary_genre,Reggae / Dancehall,ll_explicit_language,505,144,352,69.7029703,153,96,66.66666667
primary_genre,Reggae / Dancehall,ll_substance_use,505,144,352,69.7029703,153,96,66.66666667
primary_genre,Reggae / Dancehall,detox_toxicity,505,144,352,69.7029703,153,96,66.66666667
primary_genre,Reggae / Dancehall,detox_severe_toxicity,505,144,352,69.7029703,153,96,66.66666667
primary_genre,Reggae / Dancehall,detox_obscene,505,144,352,69.7029703,153,96,66.66666667
primary_genre,Reggae / Dancehall,detox_threat,505,144,352,69.7029703,153,96,66.66666667
primary_genre,Reggae / Dancehall,detox_insult,505,144,352,69.7029703,153,96,66.66666667
primary_genre,Reggae / Dancehall,detox_identity_attack,505,144,352,69.7029703,153,96,66.66666667
primary_genre,Reggae / Dancehall,detox_sexual_explicit,505,144,352,69.7029703,153,96,66.66666667
primary_genre,Reggae / Dancehall,emotion_admiration,505,144,352,69.7029703,153,96,66.66666667
primary_genre,Reggae / Dancehall,emotion_amusement,505,144,352,69.7029703,153,96,66.66666667
primary_genre,Reggae / Dancehall,emotion_anger,505,144,352,69.7029703,153,96,66.66666667
primary_genre,Reggae / Dancehall,emotion_annoyance,505,144,352,69.7029703,153,96,66.66666667
primary_genre,Reggae / Dancehall,emotion_approval,505,144,352,69.7029703,153,96,66.66666667
primary_genre,Reggae / Dancehall,emotion_caring,505,144,352,69.7029703,153,96,66.66666667
primary_genre,Reggae / Dancehall,emotion_confusion,505,144,352,69.7029703,153,96,66.66666667
primary_genre,Reggae / Dancehall,emotion_curiosity,505,144,352,69.7029703,153,96,66.66666667
primary_genre,Reggae / Dancehall,emotion_desire,505,144,352,69.7029703,153,96,66.66666667
primary_genre,Reggae / Dancehall,emotion_disappointment,505,144,352,69.7029703,153,96,66.66666667
primary_genre,Reggae / Dancehall,emotion_disapproval,505,144,352,69.7029703,153,96,66.66666667
primary_genre,Reggae / Dancehall,emotion_disgust,505,144,352,69.7029703,153,96,66.66666667
primary_genre,Reggae / Dancehall,emotion_embarrassment,505,144,352,69.7029703,153,96,66.66666667
primary_genre,Reggae / Dancehall,emotion_excitement,505,144,352,69.7029703,153,96,66.66666667
primary_genre,Reggae / Dancehall,emotion_fear,505,144,352,69.7029703,153,96,66.66666667
primary_genre,Reggae / Dancehall,emotion_gratitude,505,144,352,69.7029703,153,96,66.66666667
primary_genre,Reggae / Dancehall,emotion_grief,505,144,352,69.7029703,153,96,66.66666667
primary_genre,Reggae / Dancehall,emotion_joy,505,144,352,69.7029703,153,96,66.66666667
primary_genre,Reggae / Dancehall,emotion_love,505,144,352,69.7029703,153,96,66.66666667
primary_genre,Reggae / Dancehall,emotion_nervousness,505,144,352,69.7029703,153,96,66.66666667
primary_genre,Reggae / Dancehall,emotion_optimism,505,144,352,69.7029703,153,96,66.66666667
primary_genre,Reggae / Dancehall,emotion_pride,505,144,352,69.7029703,153,96,66.66666667
primary_genre,Reggae / Dancehall,emotion_realization,505,144,352,69.7029703,153,96,66.66666667
primary_genre,Reggae / Dancehall,emotion_relief,505,144,352,69.7029703,153,96,66.66666667
primary_genre,Reggae / Dancehall,emotion_remorse,505,144,352,69.7029703,153,96,66.66666667
primary_genre,Reggae / Dancehall,emotion_sadness,505,144,352,69.7029703,153,96,66.66666667
primary_genre,Reggae / Dancehall,emotion_surprise,505,144,352,69.7029703,153,96,66.66666667
primary_genre,Reggae / Dancehall,emotion_neutral,505,144,352,69.7029703,153,96,66.66666667
primary_genre,Reggae / Dancehall,sentiment_negative,505,144,352,69.7029703,153,96,66.66666667
primary_genre,Reggae / Dancehall,sentiment_neutral,505,144,352,69.7029703,153,96,66.66666667
primary_genre,Reggae / Dancehall,sentiment_positive,505,144,352,69.7029703,153,96,66.66666667
primary_genre,Rock,lyrics_available,13631,5028,11433,83.87499083,2198,4045,80.4494829
primary_genre,Rock,all_42_classifier_scores,13631,5028,11433,83.87499083,2198,4045,80.4494829
primary_genre,Rock,mb_duration_median_seconds,13631,5028,11668,85.59900227,1963,4213,83.79077168
primary_genre,Rock,ll_sexual_content,13631,5028,11433,83.87499083,2198,4045,80.4494829
primary_genre,Rock,ll_violence,13631,5028,11433,83.87499083,2198,4045,80.4494829
primary_genre,Rock,ll_explicit_language,13631,5028,11433,83.87499083,2198,4045,80.4494829
primary_genre,Rock,ll_substance_use,13631,5028,11433,83.87499083,2198,4045,80.4494829
primary_genre,Rock,detox_toxicity,13631,5028,11433,83.87499083,2198,4045,80.4494829
primary_genre,Rock,detox_severe_toxicity,13631,5028,11433,83.87499083,2198,4045,80.4494829
primary_genre,Rock,detox_obscene,13631,5028,11433,83.87499083,2198,4045,80.4494829
primary_genre,Rock,detox_threat,13631,5028,11433,83.87499083,2198,4045,80.4494829
primary_genre,Rock,detox_insult,13631,5028,11433,83.87499083,2198,4045,80.4494829
primary_genre,Rock,detox_identity_attack,13631,5028,11433,83.87499083,2198,4045,80.4494829
primary_genre,Rock,detox_sexual_explicit,13631,5028,11433,83.87499083,2198,4045,80.4494829
primary_genre,Rock,emotion_admiration,13631,5028,11433,83.87499083,2198,4045,80.4494829
primary_genre,Rock,emotion_amusement,13631,5028,11433,83.87499083,2198,4045,80.4494829
primary_genre,Rock,emotion_anger,13631,5028,11433,83.87499083,2198,4045,80.4494829
primary_genre,Rock,emotion_annoyance,13631,5028,11433,83.87499083,2198,4045,80.4494829
primary_genre,Rock,emotion_approval,13631,5028,11433,83.87499083,2198,4045,80.4494829
primary_genre,Rock,emotion_caring,13631,5028,11433,83.87499083,2198,4045,80.4494829
primary_genre,Rock,emotion_confusion,13631,5028,11433,83.87499083,2198,4045,80.4494829
primary_genre,Rock,emotion_curiosity,13631,5028,11433,83.87499083,2198,4045,80.4494829
primary_genre,Rock,emotion_desire,13631,5028,11433,83.87499083,2198,4045,80.4494829
primary_genre,Rock,emotion_disappointment,13631,5028,11433,83.87499083,2198,4045,80.4494829
primary_genre,Rock,emotion_disapproval,13631,5028,11433,83.87499083,2198,4045,80.4494829
primary_genre,Rock,emotion_disgust,13631,5028,11433,83.87499083,2198,4045,80.4494829
primary_genre,Rock,emotion_embarrassment,13631,5028,11433,83.87499083,2198,4045,80.4494829
primary_genre,Rock,emotion_excitement,13631,5028,11433,83.87499083,2198,4045,80.4494829
primary_genre,Rock,emotion_fear,13631,5028,11433,83.87499083,2198,4045,80.4494829
primary_genre,Rock,emotion_gratitude,13631,5028,11433,83.87499083,2198,4045,80.4494829
primary_genre,Rock,emotion_grief,13631,5028,11433,83.87499083,2198,4045,80.4494829
primary_genre,Rock,emotion_joy,13631,5028,11433,83.87499083,2198,4045,80.4494829
primary_genre,Rock,emotion_love,13631,5028,11433,83.87499083,2198,4045,80.4494829
primary_genre,Rock,emotion_nervousness,13631,5028,11433,83.87499083,2198,4045,80.4494829
primary_genre,Rock,emotion_optimism,13631,5028,11433,83.87499083,2198,4045,80.4494829
primary_genre,Rock,emotion_pride,13631,5028,11433,83.87499083,2198,4045,80.4494829
primary_genre,Rock,emotion_realization,13631,5028,11433,83.87499083,2198,4045,80.4494829
primary_genre,Rock,emotion_relief,13631,5028,11433,83.87499083,2198,4045,80.4494829
primary_genre,Rock,emotion_remorse,13631,5028,11433,83.87499083,2198,4045,80.4494829
primary_genre,Rock,emotion_sadness,13631,5028,11433,83.87499083,2198,4045,80.4494829
primary_genre,Rock,emotion_surprise,13631,5028,11433,83.87499083,2198,4045,80.4494829
primary_genre,Rock,emotion_neutral,13631,5028,11433,83.87499083,2198,4045,80.4494829
primary_genre,Rock,sentiment_negative,13631,5028,11433,83.87499083,2198,4045,80.4494829
primary_genre,Rock,sentiment_neutral,13631,5028,11433,83.87499083,2198,4045,80.4494829
primary_genre,Rock,sentiment_positive,13631,5028,11433,83.87499083,2198,4045,80.4494829
rank_band,1–10,lyrics_available,8180,4402,6964,85.13447433,1216,3719,84.48432531
rank_band,1–10,all_42_classifier_scores,8180,4402,6964,85.13447433,1216,3719,84.48432531
rank_band,1–10,mb_duration_median_seconds,8180,4402,6811,83.26405868,1369,3613,82.07632894
rank_band,1–10,ll_sexual_content,8180,4402,6964,85.13447433,1216,3719,84.48432531
rank_band,1–10,ll_violence,8180,4402,6964,85.13447433,1216,3719,84.48432531
rank_band,1–10,ll_explicit_language,8180,4402,6964,85.13447433,1216,3719,84.48432531
rank_band,1–10,ll_substance_use,8180,4402,6964,85.13447433,1216,3719,84.48432531
rank_band,1–10,detox_toxicity,8180,4402,6964,85.13447433,1216,3719,84.48432531
rank_band,1–10,detox_severe_toxicity,8180,4402,6964,85.13447433,1216,3719,84.48432531
rank_band,1–10,detox_obscene,8180,4402,6964,85.13447433,1216,3719,84.48432531
rank_band,1–10,detox_threat,8180,4402,6964,85.13447433,1216,3719,84.48432531
rank_band,1–10,detox_insult,8180,4402,6964,85.13447433,1216,3719,84.48432531
rank_band,1–10,detox_identity_attack,8180,4402,6964,85.13447433,1216,3719,84.48432531
rank_band,1–10,detox_sexual_explicit,8180,4402,6964,85.13447433,1216,3719,84.48432531
rank_band,1–10,emotion_admiration,8180,4402,6964,85.13447433,1216,3719,84.48432531
rank_band,1–10,emotion_amusement,8180,4402,6964,85.13447433,1216,3719,84.48432531
rank_band,1–10,emotion_anger,8180,4402,6964,85.13447433,1216,3719,84.48432531
rank_band,1–10,emotion_annoyance,8180,4402,6964,85.13447433,1216,3719,84.48432531
rank_band,1–10,emotion_approval,8180,4402,6964,85.13447433,1216,3719,84.48432531
rank_band,1–10,emotion_caring,8180,4402,6964,85.13447433,1216,3719,84.48432531
rank_band,1–10,emotion_confusion,8180,4402,6964,85.13447433,1216,3719,84.48432531
rank_band,1–10,emotion_curiosity,8180,4402,6964,85.13447433,1216,3719,84.48432531
rank_band,1–10,emotion_desire,8180,4402,6964,85.13447433,1216,3719,84.48432531
rank_band,1–10,emotion_disappointment,8180,4402,6964,85.13447433,1216,3719,84.48432531
rank_band,1–10,emotion_disapproval,8180,4402,6964,85.13447433,1216,3719,84.48432531
rank_band,1–10,emotion_disgust,8180,4402,6964,85.13447433,1216,3719,84.48432531
rank_band,1–10,emotion_embarrassment,8180,4402,6964,85.13447433,1216,3719,84.48432531
rank_band,1–10,emotion_excitement,8180,4402,6964,85.13447433,1216,3719,84.48432531
rank_band,1–10,emotion_fear,8180,4402,6964,85.13447433,1216,3719,84.48432531
rank_band,1–10,emotion_gratitude,8180,4402,6964,85.13447433,1216,3719,84.48432531
rank_band,1–10,emotion_grief,8180,4402,6964,85.13447433,1216,3719,84.48432531
rank_band,1–10,emotion_joy,8180,4402,6964,85.13447433,1216,3719,84.48432531
rank_band,1–10,emotion_love,8180,4402,6964,85.13447433,1216,3719,84.48432531
rank_band,1–10,emotion_nervousness,8180,4402,6964,85.13447433,1216,3719,84.48432531
rank_band,1–10,emotion_optimism,8180,4402,6964,85.13447433,1216,3719,84.48432531
rank_band,1–10,emotion_pride,8180,4402,6964,85.13447433,1216,3719,84.48432531
rank_band,1–10,emotion_realization,8180,4402,6964,85.13447433,1216,3719,84.48432531
rank_band,1–10,emotion_relief,8180,4402,6964,85.13447433,1216,3719,84.48432531
rank_band,1–10,emotion_remorse,8180,4402,6964,85.13447433,1216,3719,84.48432531
rank_band,1–10,emotion_sadness,8180,4402,6964,85.13447433,1216,3719,84.48432531
rank_band,1–10,emotion_surprise,8180,4402,6964,85.13447433,1216,3719,84.48432531
rank_band,1–10,emotion_neutral,8180,4402,6964,85.13447433,1216,3719,84.48432531
rank_band,1–10,sentiment_negative,8180,4402,6964,85.13447433,1216,3719,84.48432531
rank_band,1–10,sentiment_neutral,8180,4402,6964,85.13447433,1216,3719,84.48432531
rank_band,1–10,sentiment_positive,8180,4402,6964,85.13447433,1216,3719,84.48432531
rank_band,11–25,lyrics_available,12270,7651,10216,83.2599837,2054,6292,82.237616
rank_band,11–25,all_42_classifier_scores,12270,7651,10216,83.2599837,2054,6292,82.237616
rank_band,11–25,mb_duration_median_seconds,12270,7651,10390,84.67807661,1880,6364,83.17866945
rank_band,11–25,ll_sexual_content,12270,7651,10216,83.2599837,2054,6292,82.237616
rank_band,11–25,ll_violence,12270,7651,10216,83.2599837,2054,6292,82.237616
rank_band,11–25,ll_explicit_language,12270,7651,10216,83.2599837,2054,6292,82.237616
rank_band,11–25,ll_substance_use,12270,7651,10216,83.2599837,2054,6292,82.237616
rank_band,11–25,detox_toxicity,12270,7651,10216,83.2599837,2054,6292,82.237616
rank_band,11–25,detox_severe_toxicity,12270,7651,10216,83.2599837,2054,6292,82.237616
rank_band,11–25,detox_obscene,12270,7651,10216,83.2599837,2054,6292,82.237616
rank_band,11–25,detox_threat,12270,7651,10216,83.2599837,2054,6292,82.237616
rank_band,11–25,detox_insult,12270,7651,10216,83.2599837,2054,6292,82.237616
rank_band,11–25,detox_identity_attack,12270,7651,10216,83.2599837,2054,6292,82.237616
rank_band,11–25,detox_sexual_explicit,12270,7651,10216,83.2599837,2054,6292,82.237616
rank_band,11–25,emotion_admiration,12270,7651,10216,83.2599837,2054,6292,82.237616
rank_band,11–25,emotion_amusement,12270,7651,10216,83.2599837,2054,6292,82.237616
rank_band,11–25,emotion_anger,12270,7651,10216,83.2599837,2054,6292,82.237616
rank_band,11–25,emotion_annoyance,12270,7651,10216,83.2599837,2054,6292,82.237616
rank_band,11–25,emotion_approval,12270,7651,10216,83.2599837,2054,6292,82.237616
rank_band,11–25,emotion_caring,12270,7651,10216,83.2599837,2054,6292,82.237616
rank_band,11–25,emotion_confusion,12270,7651,10216,83.2599837,2054,6292,82.237616
rank_band,11–25,emotion_curiosity,12270,7651,10216,83.2599837,2054,6292,82.237616
rank_band,11–25,emotion_desire,12270,7651,10216,83.2599837,2054,6292,82.237616
rank_band,11–25,emotion_disappointment,12270,7651,10216,83.2599837,2054,6292,82.237616
rank_band,11–25,emotion_disapproval,12270,7651,10216,83.2599837,2054,6292,82.237616
rank_band,11–25,emotion_disgust,12270,7651,10216,83.2599837,2054,6292,82.237616
rank_band,11–25,emotion_embarrassment,12270,7651,10216,83.2599837,2054,6292,82.237616
rank_band,11–25,emotion_excitement,12270,7651,10216,83.2599837,2054,6292,82.237616
rank_band,11–25,emotion_fear,12270,7651,10216,83.2599837,2054,6292,82.237616
rank_band,11–25,emotion_gratitude,12270,7651,10216,83.2599837,2054,6292,82.237616
rank_band,11–25,emotion_grief,12270,7651,10216,83.2599837,2054,6292,82.237616
rank_band,11–25,emotion_joy,12270,7651,10216,83.2599837,2054,6292,82.237616
rank_band,11–25,emotion_love,12270,7651,10216,83.2599837,2054,6292,82.237616
rank_band,11–25,emotion_nervousness,12270,7651,10216,83.2599837,2054,6292,82.237616
rank_band,11–25,emotion_optimism,12270,7651,10216,83.2599837,2054,6292,82.237616
rank_band,11–25,emotion_pride,12270,7651,10216,83.2599837,2054,6292,82.237616
rank_band,11–25,emotion_realization,12270,7651,10216,83.2599837,2054,6292,82.237616
rank_band,11–25,emotion_relief,12270,7651,10216,83.2599837,2054,6292,82.237616
rank_band,11–25,emotion_remorse,12270,7651,10216,83.2599837,2054,6292,82.237616
rank_band,11–25,emotion_sadness,12270,7651,10216,83.2599837,2054,6292,82.237616
rank_band,11–25,emotion_surprise,12270,7651,10216,83.2599837,2054,6292,82.237616
rank_band,11–25,emotion_neutral,12270,7651,10216,83.2599837,2054,6292,82.237616
rank_band,11–25,sentiment_negative,12270,7651,10216,83.2599837,2054,6292,82.237616
rank_band,11–25,sentiment_neutral,12270,7651,10216,83.2599837,2054,6292,82.237616
rank_band,11–25,sentiment_positive,12270,7651,10216,83.2599837,2054,6292,82.237616
rank_band,26–50,lyrics_available,20450,12881,16595,81.14914425,3855,10314,80.07142303
rank_band,26–50,all_42_classifier_scores,20450,12881,16595,81.14914425,3855,10314,80.07142303
rank_band,26–50,mb_duration_median_seconds,20450,12881,17167,83.94621027,3283,10617,82.42372487
rank_band,26–50,ll_sexual_content,20450,12881,16595,81.14914425,3855,10314,80.07142303
rank_band,26–50,ll_violence,20450,12881,16595,81.14914425,3855,10314,80.07142303
rank_band,26–50,ll_explicit_language,20450,12881,16595,81.14914425,3855,10314,80.07142303
rank_band,26–50,ll_substance_use,20450,12881,16595,81.14914425,3855,10314,80.07142303
rank_band,26–50,detox_toxicity,20450,12881,16595,81.14914425,3855,10314,80.07142303
rank_band,26–50,detox_severe_toxicity,20450,12881,16595,81.14914425,3855,10314,80.07142303
rank_band,26–50,detox_obscene,20450,12881,16595,81.14914425,3855,10314,80.07142303
rank_band,26–50,detox_threat,20450,12881,16595,81.14914425,3855,10314,80.07142303
rank_band,26–50,detox_insult,20450,12881,16595,81.14914425,3855,10314,80.07142303
rank_band,26–50,detox_identity_attack,20450,12881,16595,81.14914425,3855,10314,80.07142303
rank_band,26–50,detox_sexual_explicit,20450,12881,16595,81.14914425,3855,10314,80.07142303
rank_band,26–50,emotion_admiration,20450,12881,16595,81.14914425,3855,10314,80.07142303
rank_band,26–50,emotion_amusement,20450,12881,16595,81.14914425,3855,10314,80.07142303
rank_band,26–50,emotion_anger,20450,12881,16595,81.14914425,3855,10314,80.07142303
rank_band,26–50,emotion_annoyance,20450,12881,16595,81.14914425,3855,10314,80.07142303
rank_band,26–50,emotion_approval,20450,12881,16595,81.14914425,3855,10314,80.07142303
rank_band,26–50,emotion_caring,20450,12881,16595,81.14914425,3855,10314,80.07142303
rank_band,26–50,emotion_confusion,20450,12881,16595,81.14914425,3855,10314,80.07142303
rank_band,26–50,emotion_curiosity,20450,12881,16595,81.14914425,3855,10314,80.07142303
rank_band,26–50,emotion_desire,20450,12881,16595,81.14914425,3855,10314,80.07142303
rank_band,26–50,emotion_disappointment,20450,12881,16595,81.14914425,3855,10314,80.07142303
rank_band,26–50,emotion_disapproval,20450,12881,16595,81.14914425,3855,10314,80.07142303
rank_band,26–50,emotion_disgust,20450,12881,16595,81.14914425,3855,10314,80.07142303
rank_band,26–50,emotion_embarrassment,20450,12881,16595,81.14914425,3855,10314,80.07142303
rank_band,26–50,emotion_excitement,20450,12881,16595,81.14914425,3855,10314,80.07142303
rank_band,26–50,emotion_fear,20450,12881,16595,81.14914425,3855,10314,80.07142303
rank_band,26–50,emotion_gratitude,20450,12881,16595,81.14914425,3855,10314,80.07142303
rank_band,26–50,emotion_grief,20450,12881,16595,81.14914425,3855,10314,80.07142303
rank_band,26–50,emotion_joy,20450,12881,16595,81.14914425,3855,10314,80.07142303
rank_band,26–50,emotion_love,20450,12881,16595,81.14914425,3855,10314,80.07142303
rank_band,26–50,emotion_nervousness,20450,12881,16595,81.14914425,3855,10314,80.07142303
rank_band,26–50,emotion_optimism,20450,12881,16595,81.14914425,3855,10314,80.07142303
rank_band,26–50,emotion_pride,20450,12881,16595,81.14914425,3855,10314,80.07142303
rank_band,26–50,emotion_realization,20450,12881,16595,81.14914425,3855,10314,80.07142303
rank_band,26–50,emotion_relief,20450,12881,16595,81.14914425,3855,10314,80.07142303
rank_band,26–50,emotion_remorse,20450,12881,16595,81.14914425,3855,10314,80.07142303
rank_band,26–50,emotion_sadness,20450,12881,16595,81.14914425,3855,10314,80.07142303
rank_band,26–50,emotion_surprise,20450,12881,16595,81.14914425,3855,10314,80.07142303
rank_band,26–50,emotion_neutral,20450,12881,16595,81.14914425,3855,10314,80.07142303
rank_band,26–50,sentiment_negative,20450,12881,16595,81.14914425,3855,10314,80.07142303
rank_band,26–50,sentiment_neutral,20450,12881,16595,81.14914425,3855,10314,80.07142303
rank_band,26–50,sentiment_positive,20450,12881,16595,81.14914425,3855,10314,80.07142303
rank_band,51–75,lyrics_available,20450,14712,15760,77.06601467,4690,11245,76.43420337
rank_band,51–75,all_42_classifier_scores,20450,14712,15760,77.06601467,4690,11245,76.43420337
rank_band,51–75,mb_duration_median_seconds,20450,14712,16656,81.44743276,3794,11851,80.55328983
rank_band,51–75,ll_sexual_content,20450,14712,15760,77.06601467,4690,11245,76.43420337
rank_band,51–75,ll_violence,20450,14712,15760,77.06601467,4690,11245,76.43420337
rank_band,51–75,ll_explicit_language,20450,14712,15760,77.06601467,4690,11245,76.43420337
rank_band,51–75,ll_substance_use,20450,14712,15760,77.06601467,4690,11245,76.43420337
rank_band,51–75,detox_toxicity,20450,14712,15760,77.06601467,4690,11245,76.43420337
rank_band,51–75,detox_severe_toxicity,20450,14712,15760,77.06601467,4690,11245,76.43420337
rank_band,51–75,detox_obscene,20450,14712,15760,77.06601467,4690,11245,76.43420337
rank_band,51–75,detox_threat,20450,14712,15760,77.06601467,4690,11245,76.43420337
rank_band,51–75,detox_insult,20450,14712,15760,77.06601467,4690,11245,76.43420337
rank_band,51–75,detox_identity_attack,20450,14712,15760,77.06601467,4690,11245,76.43420337
rank_band,51–75,detox_sexual_explicit,20450,14712,15760,77.06601467,4690,11245,76.43420337
rank_band,51–75,emotion_admiration,20450,14712,15760,77.06601467,4690,11245,76.43420337
rank_band,51–75,emotion_amusement,20450,14712,15760,77.06601467,4690,11245,76.43420337
rank_band,51–75,emotion_anger,20450,14712,15760,77.06601467,4690,11245,76.43420337
rank_band,51–75,emotion_annoyance,20450,14712,15760,77.06601467,4690,11245,76.43420337
rank_band,51–75,emotion_approval,20450,14712,15760,77.06601467,4690,11245,76.43420337
rank_band,51–75,emotion_caring,20450,14712,15760,77.06601467,4690,11245,76.43420337
rank_band,51–75,emotion_confusion,20450,14712,15760,77.06601467,4690,11245,76.43420337
rank_band,51–75,emotion_curiosity,20450,14712,15760,77.06601467,4690,11245,76.43420337
rank_band,51–75,emotion_desire,20450,14712,15760,77.06601467,4690,11245,76.43420337
rank_band,51–75,emotion_disappointment,20450,14712,15760,77.06601467,4690,11245,76.43420337
rank_band,51–75,emotion_disapproval,20450,14712,15760,77.06601467,4690,11245,76.43420337
rank_band,51–75,emotion_disgust,20450,14712,15760,77.06601467,4690,11245,76.43420337
rank_band,51–75,emotion_embarrassment,20450,14712,15760,77.06601467,4690,11245,76.43420337
rank_band,51–75,emotion_excitement,20450,14712,15760,77.06601467,4690,11245,76.43420337
rank_band,51–75,emotion_fear,20450,14712,15760,77.06601467,4690,11245,76.43420337
rank_band,51–75,emotion_gratitude,20450,14712,15760,77.06601467,4690,11245,76.43420337
rank_band,51–75,emotion_grief,20450,14712,15760,77.06601467,4690,11245,76.43420337
rank_band,51–75,emotion_joy,20450,14712,15760,77.06601467,4690,11245,76.43420337
rank_band,51–75,emotion_love,20450,14712,15760,77.06601467,4690,11245,76.43420337
rank_band,51–75,emotion_nervousness,20450,14712,15760,77.06601467,4690,11245,76.43420337
rank_band,51–75,emotion_optimism,20450,14712,15760,77.06601467,4690,11245,76.43420337
rank_band,51–75,emotion_pride,20450,14712,15760,77.06601467,4690,11245,76.43420337
rank_band,51–75,emotion_realization,20450,14712,15760,77.06601467,4690,11245,76.43420337
rank_band,51–75,emotion_relief,20450,14712,15760,77.06601467,4690,11245,76.43420337
rank_band,51–75,emotion_remorse,20450,14712,15760,77.06601467,4690,11245,76.43420337
rank_band,51–75,emotion_sadness,20450,14712,15760,77.06601467,4690,11245,76.43420337
rank_band,51–75,emotion_surprise,20450,14712,15760,77.06601467,4690,11245,76.43420337
rank_band,51–75,emotion_neutral,20450,14712,15760,77.06601467,4690,11245,76.43420337
rank_band,51–75,sentiment_negative,20450,14712,15760,77.06601467,4690,11245,76.43420337
rank_band,51–75,sentiment_neutral,20450,14712,15760,77.06601467,4690,11245,76.43420337
rank_band,51–75,sentiment_positive,20450,14712,15760,77.06601467,4690,11245,76.43420337
rank_band,76–100,lyrics_available,20447,15731,14891,72.82730963,5556,11346,72.1251033
rank_band,76–100,all_42_classifier_scores,20447,15731,14887,72.80774686,5560,11344,72.11238955
rank_band,76–100,mb_duration_median_seconds,20447,15731,16289,79.66449846,4158,12377,78.67904138
rank_band,76–100,ll_sexual_content,20447,15731,14887,72.80774686,5560,11344,72.11238955
rank_band,76–100,ll_violence,20447,15731,14887,72.80774686,5560,11344,72.11238955
rank_band,76–100,ll_explicit_language,20447,15731,14887,72.80774686,5560,11344,72.11238955
rank_band,76–100,ll_substance_use,20447,15731,14887,72.80774686,5560,11344,72.11238955
rank_band,76–100,detox_toxicity,20447,15731,14891,72.82730963,5556,11346,72.1251033
rank_band,76–100,detox_severe_toxicity,20447,15731,14891,72.82730963,5556,11346,72.1251033
rank_band,76–100,detox_obscene,20447,15731,14891,72.82730963,5556,11346,72.1251033
rank_band,76–100,detox_threat,20447,15731,14891,72.82730963,5556,11346,72.1251033
rank_band,76–100,detox_insult,20447,15731,14891,72.82730963,5556,11346,72.1251033
rank_band,76–100,detox_identity_attack,20447,15731,14891,72.82730963,5556,11346,72.1251033
rank_band,76–100,detox_sexual_explicit,20447,15731,14891,72.82730963,5556,11346,72.1251033
rank_band,76–100,emotion_admiration,20447,15731,14891,72.82730963,5556,11346,72.1251033
rank_band,76–100,emotion_amusement,20447,15731,14891,72.82730963,5556,11346,72.1251033
rank_band,76–100,emotion_anger,20447,15731,14891,72.82730963,5556,11346,72.1251033
rank_band,76–100,emotion_annoyance,20447,15731,14891,72.82730963,5556,11346,72.1251033
rank_band,76–100,emotion_approval,20447,15731,14891,72.82730963,5556,11346,72.1251033
rank_band,76–100,emotion_caring,20447,15731,14891,72.82730963,5556,11346,72.1251033
rank_band,76–100,emotion_confusion,20447,15731,14891,72.82730963,5556,11346,72.1251033
rank_band,76–100,emotion_curiosity,20447,15731,14891,72.82730963,5556,11346,72.1251033
rank_band,76–100,emotion_desire,20447,15731,14891,72.82730963,5556,11346,72.1251033
rank_band,76–100,emotion_disappointment,20447,15731,14891,72.82730963,5556,11346,72.1251033
rank_band,76–100,emotion_disapproval,20447,15731,14891,72.82730963,5556,11346,72.1251033
rank_band,76–100,emotion_disgust,20447,15731,14891,72.82730963,5556,11346,72.1251033
rank_band,76–100,emotion_embarrassment,20447,15731,14891,72.82730963,5556,11346,72.1251033
rank_band,76–100,emotion_excitement,20447,15731,14891,72.82730963,5556,11346,72.1251033
rank_band,76–100,emotion_fear,20447,15731,14891,72.82730963,5556,11346,72.1251033
rank_band,76–100,emotion_gratitude,20447,15731,14891,72.82730963,5556,11346,72.1251033
rank_band,76–100,emotion_grief,20447,15731,14891,72.82730963,5556,11346,72.1251033
rank_band,76–100,emotion_joy,20447,15731,14891,72.82730963,5556,11346,72.1251033
rank_band,76–100,emotion_love,20447,15731,14891,72.82730963,5556,11346,72.1251033
rank_band,76–100,emotion_nervousness,20447,15731,14891,72.82730963,5556,11346,72.1251033
rank_band,76–100,emotion_optimism,20447,15731,14891,72.82730963,5556,11346,72.1251033
rank_band,76–100,emotion_pride,20447,15731,14891,72.82730963,5556,11346,72.1251033
rank_band,76–100,emotion_realization,20447,15731,14891,72.82730963,5556,11346,72.1251033
rank_band,76–100,emotion_relief,20447,15731,14891,72.82730963,5556,11346,72.1251033
rank_band,76–100,emotion_remorse,20447,15731,14891,72.82730963,5556,11346,72.1251033
rank_band,76–100,emotion_sadness,20447,15731,14891,72.82730963,5556,11346,72.1251033
rank_band,76–100,emotion_surprise,20447,15731,14891,72.82730963,5556,11346,72.1251033
rank_band,76–100,emotion_neutral,20447,15731,14891,72.82730963,5556,11346,72.1251033
rank_band,76–100,sentiment_negative,20447,15731,14891,72.82730963,5556,11346,72.1251033
rank_band,76–100,sentiment_neutral,20447,15731,14891,72.82730963,5556,11346,72.1251033
rank_band,76–100,sentiment_positive,20447,15731,14891,72.82730963,5556,11346,72.1251033
