weighting,variable_x,variable_y,pairwise_n,correlation
observation,monthly_rank,reported_last_week_rank,73424,0.9314678079
observation,monthly_rank,reported_peak_position,81797,0.8154987953
observation,monthly_rank,reported_weeks_on_chart,81797,-0.3324050975
observation,monthly_rank,best_chart_rank,81797,0.7188094353
observation,monthly_rank,weekly_observation_count,81797,-0.4358181157
observation,monthly_rank,chart_weeks,81797,-0.4359915216
observation,monthly_rank,total_chart_points,81797,-0.5594855899
observation,monthly_rank,snapshot_months_selected,81797,-0.4069763432
observation,monthly_rank,mb_duration_median_seconds,67313,0.006514858649
observation,monthly_rank,ll_sexual_content,64422,-0.02868892012
observation,monthly_rank,ll_violence,64422,0.02647994241
observation,monthly_rank,ll_explicit_language,64422,-0.002696016532
observation,monthly_rank,ll_substance_use,64422,0.03436441527
observation,monthly_rank,detox_toxicity,64426,0.01348082286
observation,monthly_rank,detox_severe_toxicity,64426,0.02463107634
observation,monthly_rank,detox_obscene,64426,0.01805683567
observation,monthly_rank,detox_threat,64426,-0.003035640125
observation,monthly_rank,detox_insult,64426,0.02272326844
observation,monthly_rank,detox_identity_attack,64426,0.03489149783
observation,monthly_rank,detox_sexual_explicit,64426,0.004903984139
observation,monthly_rank,emotion_admiration,64426,-0.005971890152
observation,monthly_rank,emotion_amusement,64426,-0.0002774138508
observation,monthly_rank,emotion_anger,64426,0.01402662929
observation,monthly_rank,emotion_annoyance,64426,0.01384646508
observation,monthly_rank,emotion_approval,64426,-0.002726787671
observation,monthly_rank,emotion_caring,64426,-0.009812309053
observation,monthly_rank,emotion_confusion,64426,-0.0002130817384
observation,monthly_rank,emotion_curiosity,64426,-0.0208597748
observation,monthly_rank,emotion_desire,64426,-0.01170911692
observation,monthly_rank,emotion_disappointment,64426,-0.005906092767
observation,monthly_rank,emotion_disapproval,64426,0.0002564753787
observation,monthly_rank,emotion_disgust,64426,0.004263252526
observation,monthly_rank,emotion_embarrassment,64426,0.003373790988
observation,monthly_rank,emotion_excitement,64426,-0.02688949044
observation,monthly_rank,emotion_fear,64426,-0.003867522155
observation,monthly_rank,emotion_gratitude,64426,-0.005388553271
observation,monthly_rank,emotion_grief,64426,-0.01731620699
observation,monthly_rank,emotion_joy,64426,-0.0102501575
observation,monthly_rank,emotion_love,64426,-0.02567795029
observation,monthly_rank,emotion_nervousness,64426,-0.01293689983
observation,monthly_rank,emotion_optimism,64426,-0.006370261949
observation,monthly_rank,emotion_pride,64426,0.009373970644
observation,monthly_rank,emotion_realization,64426,0.00924380242
observation,monthly_rank,emotion_relief,64426,0.005324859088
observation,monthly_rank,emotion_remorse,64426,-0.009544727177
observation,monthly_rank,emotion_sadness,64426,-0.01482595235
observation,monthly_rank,emotion_surprise,64426,-0.01547565955
observation,monthly_rank,emotion_neutral,64426,0.04247582461
observation,monthly_rank,sentiment_negative,64426,0.03362099267
observation,monthly_rank,sentiment_neutral,64426,-0.002794791783
observation,monthly_rank,sentiment_positive,64426,-0.03420603549
observation,reported_last_week_rank,reported_peak_position,73424,0.8653650465
observation,reported_last_week_rank,reported_weeks_on_chart,73424,-0.3708401648
observation,reported_last_week_rank,best_chart_rank,73424,0.7299287575
observation,reported_last_week_rank,weekly_observation_count,73424,-0.4108195497
observation,reported_last_week_rank,chart_weeks,73424,-0.4109892012
observation,reported_last_week_rank,total_chart_points,73424,-0.5496178014
observation,reported_last_week_rank,snapshot_months_selected,73424,-0.3970805734
observation,reported_last_week_rank,mb_duration_median_seconds,60746,0.006374660435
observation,reported_last_week_rank,ll_sexual_content,58265,-0.03406526766
observation,reported_last_week_rank,ll_violence,58265,0.01486313248
observation,reported_last_week_rank,ll_explicit_language,58265,-0.01285795302
observation,reported_last_week_rank,ll_substance_use,58265,0.02564189412
observation,reported_last_week_rank,detox_toxicity,58267,-0.001685060452
observation,reported_last_week_rank,detox_severe_toxicity,58267,0.01755532759
observation,reported_last_week_rank,detox_obscene,58267,0.001849277051
observation,reported_last_week_rank,detox_threat,58267,-0.005198225801
observation,reported_last_week_rank,detox_insult,58267,0.01125609229
observation,reported_last_week_rank,detox_identity_attack,58267,0.02373594218
observation,reported_last_week_rank,detox_sexual_explicit,58267,4.510022562e-05
observation,reported_last_week_rank,emotion_admiration,58267,-0.006263822554
observation,reported_last_week_rank,emotion_amusement,58267,-0.0003070327367
observation,reported_last_week_rank,emotion_anger,58267,0.002424821722
observation,reported_last_week_rank,emotion_annoyance,58267,0.0008749638881
observation,reported_last_week_rank,emotion_approval,58267,-0.00365901938
observation,reported_last_week_rank,emotion_caring,58267,-0.0058582811
observation,reported_last_week_rank,emotion_confusion,58267,0.0004887069153
observation,reported_last_week_rank,emotion_curiosity,58267,-0.01941187909
observation,reported_last_week_rank,emotion_desire,58267,-0.01082533459
observation,reported_last_week_rank,emotion_disappointment,58267,-0.003018308475
observation,reported_last_week_rank,emotion_disapproval,58267,0.0005900190701
observation,reported_last_week_rank,emotion_disgust,58267,-0.006053020518
observation,reported_last_week_rank,emotion_embarrassment,58267,0.001289315552
observation,reported_last_week_rank,emotion_excitement,58267,-0.02386146282
observation,reported_last_week_rank,emotion_fear,58267,-0.001839679439
observation,reported_last_week_rank,emotion_gratitude,58267,-0.006452361981
observation,reported_last_week_rank,emotion_grief,58267,-0.01263766943
observation,reported_last_week_rank,emotion_joy,58267,-0.006671209449
observation,reported_last_week_rank,emotion_love,58267,-0.02256806706
observation,reported_last_week_rank,emotion_nervousness,58267,-0.009794917213
observation,reported_last_week_rank,emotion_optimism,58267,-0.003793363735
observation,reported_last_week_rank,emotion_pride,58267,0.01045264256
observation,reported_last_week_rank,emotion_realization,58267,0.01044994557
observation,reported_last_week_rank,emotion_relief,58267,0.008919994815
observation,reported_last_week_rank,emotion_remorse,58267,-0.00974154311
observation,reported_last_week_rank,emotion_sadness,58267,-0.01052957623
observation,reported_last_week_rank,emotion_surprise,58267,-0.01814305273
observation,reported_last_week_rank,emotion_neutral,58267,0.0392746979
observation,reported_last_week_rank,sentiment_negative,58267,0.02835468818
observation,reported_last_week_rank,sentiment_neutral,58267,-0.004132033733
observation,reported_last_week_rank,sentiment_positive,58267,-0.02782197397
observation,reported_peak_position,reported_weeks_on_chart,81797,-0.5855449529
observation,reported_peak_position,best_chart_rank,81797,0.8071978357
observation,reported_peak_position,weekly_observation_count,81797,-0.4830754684
observation,reported_peak_position,chart_weeks,81797,-0.4831638512
observation,reported_peak_position,total_chart_points,81797,-0.5863241511
observation,reported_peak_position,snapshot_months_selected,81797,-0.4603340888
observation,reported_peak_position,mb_duration_median_seconds,67313,-0.03154649379
observation,reported_peak_position,ll_sexual_content,64422,-0.0542577357
observation,reported_peak_position,ll_violence,64422,-0.007427494266
observation,reported_peak_position,ll_explicit_language,64422,-0.047465659
observation,reported_peak_position,ll_substance_use,64422,-0.001943629079
observation,reported_peak_position,detox_toxicity,64426,-0.03572283636
observation,reported_peak_position,detox_severe_toxicity,64426,-0.003925228066
observation,reported_peak_position,detox_obscene,64426,-0.03589331706
observation,reported_peak_position,detox_threat,64426,-0.005881918113
observation,reported_peak_position,detox_insult,64426,-0.01303719397
observation,reported_peak_position,detox_identity_attack,64426,-0.000545843046
observation,reported_peak_position,detox_sexual_explicit,64426,-0.02014737332
observation,reported_peak_position,emotion_admiration,64426,-0.0001961350099
observation,reported_peak_position,emotion_amusement,64426,-0.004357546285
observation,reported_peak_position,emotion_anger,64426,-0.01396291939
observation,reported_peak_position,emotion_annoyance,64426,-0.01999697588
observation,reported_peak_position,emotion_approval,64426,0.004662332234
observation,reported_peak_position,emotion_caring,64426,-0.001294582662
observation,reported_peak_position,emotion_confusion,64426,-0.008408733435
observation,reported_peak_position,emotion_curiosity,64426,-0.03317823872
observation,reported_peak_position,emotion_desire,64426,-0.006821393504
observation,reported_peak_position,emotion_disappointment,64426,-0.004996315437
observation,reported_peak_position,emotion_disapproval,64426,-0.001389143516
observation,reported_peak_position,emotion_disgust,64426,-0.01144241132
observation,reported_peak_position,emotion_embarrassment,64426,-0.007263273297
observation,reported_peak_position,emotion_excitement,64426,-0.02536607682
observation,reported_peak_position,emotion_fear,64426,-0.004627262619
observation,reported_peak_position,emotion_gratitude,64426,-0.002702310247
observation,reported_peak_position,emotion_grief,64426,-0.003728708798
observation,reported_peak_position,emotion_joy,64426,0.001940182054
observation,reported_peak_position,emotion_love,64426,-0.007872044706
observation,reported_peak_position,emotion_nervousness,64426,-0.01417860713
observation,reported_peak_position,emotion_optimism,64426,-0.0007301442524
observation,reported_peak_position,emotion_pride,64426,0.01245454339
observation,reported_peak_position,emotion_realization,64426,0.01227419071
observation,reported_peak_position,emotion_relief,64426,0.01662145298
observation,reported_peak_position,emotion_remorse,64426,-0.01235578447
observation,reported_peak_position,emotion_sadness,64426,-0.001336560247
observation,reported_peak_position,emotion_surprise,64426,-0.01730345673
observation,reported_peak_position,emotion_neutral,64426,0.03374495283
observation,reported_peak_position,sentiment_negative,64426,0.01415319999
observation,reported_peak_position,sentiment_neutral,64426,-0.005555170777
observation,reported_peak_position,sentiment_positive,64426,-0.01203701943
observation,reported_weeks_on_chart,best_chart_rank,81797,-0.3870952996
observation,reported_weeks_on_chart,weekly_observation_count,81797,0.6705986662
observation,reported_weeks_on_chart,chart_weeks,81797,0.6709475323
observation,reported_weeks_on_chart,total_chart_points,81797,0.6328169589
observation,reported_weeks_on_chart,snapshot_months_selected,81797,0.6599800331
observation,reported_weeks_on_chart,mb_duration_median_seconds,67313,0.05086487768
observation,reported_weeks_on_chart,ll_sexual_content,64422,0.03736150499
observation,reported_weeks_on_chart,ll_violence,64422,0.01589925088
observation,reported_weeks_on_chart,ll_explicit_language,64422,0.08285748671
observation,reported_weeks_on_chart,ll_substance_use,64422,0.06263887596
observation,reported_weeks_on_chart,detox_toxicity,64426,0.04345035233
observation,reported_weeks_on_chart,detox_severe_toxicity,64426,0.004930156573
observation,reported_weeks_on_chart,detox_obscene,64426,0.04428934917
observation,reported_weeks_on_chart,detox_threat,64426,0.01859175813
observation,reported_weeks_on_chart,detox_insult,64426,0.004035995531
observation,reported_weeks_on_chart,detox_identity_attack,64426,-0.004714993963
observation,reported_weeks_on_chart,detox_sexual_explicit,64426,0.02152160003
observation,reported_weeks_on_chart,emotion_admiration,64426,-0.005366098559
observation,reported_weeks_on_chart,emotion_amusement,64426,0.001095319716
observation,reported_weeks_on_chart,emotion_anger,64426,0.0160462107
observation,reported_weeks_on_chart,emotion_annoyance,64426,0.03769169606
observation,reported_weeks_on_chart,emotion_approval,64426,0.001312575327
observation,reported_weeks_on_chart,emotion_caring,64426,-0.01072158052
observation,reported_weeks_on_chart,emotion_confusion,64426,0.01659474269
observation,reported_weeks_on_chart,emotion_curiosity,64426,0.01984772175
observation,reported_weeks_on_chart,emotion_desire,64426,0.03086490572
observation,reported_weeks_on_chart,emotion_disappointment,64426,0.02552946496
observation,reported_weeks_on_chart,emotion_disapproval,64426,0.001693417981
observation,reported_weeks_on_chart,emotion_disgust,64426,0.01568522268
observation,reported_weeks_on_chart,emotion_embarrassment,64426,0.004968113816
observation,reported_weeks_on_chart,emotion_excitement,64426,0.01723798139
observation,reported_weeks_on_chart,emotion_fear,64426,0.02495504996
observation,reported_weeks_on_chart,emotion_gratitude,64426,-0.003007361521
observation,reported_weeks_on_chart,emotion_grief,64426,-0.01298633355
observation,reported_weeks_on_chart,emotion_joy,64426,0.001160483126
observation,reported_weeks_on_chart,emotion_love,64426,-0.02600187044
observation,reported_weeks_on_chart,emotion_nervousness,64426,0.02803995347
observation,reported_weeks_on_chart,emotion_optimism,64426,0.02260929194
observation,reported_weeks_on_chart,emotion_pride,64426,-0.003837007628
observation,reported_weeks_on_chart,emotion_realization,64426,0.01414865937
observation,reported_weeks_on_chart,emotion_relief,64426,-0.008763961803
observation,reported_weeks_on_chart,emotion_remorse,64426,0.005616408564
observation,reported_weeks_on_chart,emotion_sadness,64426,-0.01176217908
observation,reported_weeks_on_chart,emotion_surprise,64426,0.002143324046
observation,reported_weeks_on_chart,emotion_neutral,64426,-0.02612475225
observation,reported_weeks_on_chart,sentiment_negative,64426,0.005085171044
observation,reported_weeks_on_chart,sentiment_neutral,64426,0.0148817764
observation,reported_weeks_on_chart,sentiment_positive,64426,-0.01343102939
observation,best_chart_rank,weekly_observation_count,81797,-0.5746579842
observation,best_chart_rank,chart_weeks,81797,-0.5747842071
observation,best_chart_rank,total_chart_points,81797,-0.677090486
observation,best_chart_rank,snapshot_months_selected,81797,-0.5560207285
observation,best_chart_rank,mb_duration_median_seconds,67313,-0.01364321187
observation,best_chart_rank,ll_sexual_content,64422,-0.03518052506
observation,best_chart_rank,ll_violence,64422,0.02813423409
observation,best_chart_rank,ll_explicit_language,64422,-0.001599392685
observation,best_chart_rank,ll_substance_use,64422,0.03472092355
observation,best_chart_rank,detox_toxicity,64426,0.01638424899
observation,best_chart_rank,detox_severe_toxicity,64426,0.02603964283
observation,best_chart_rank,detox_obscene,64426,0.01796804178
observation,best_chart_rank,detox_threat,64426,0.002853303544
observation,best_chart_rank,detox_insult,64426,0.0275966306
observation,best_chart_rank,detox_identity_attack,64426,0.04010488352
observation,best_chart_rank,detox_sexual_explicit,64426,0.006024130678
observation,best_chart_rank,emotion_admiration,64426,-0.003098047098
observation,best_chart_rank,emotion_amusement,64426,-0.0009813326342
observation,best_chart_rank,emotion_anger,64426,0.01537426976
observation,best_chart_rank,emotion_annoyance,64426,0.01766266889
observation,best_chart_rank,emotion_approval,64426,0.0001607421887
observation,best_chart_rank,emotion_caring,64426,-0.008116529826
observation,best_chart_rank,emotion_confusion,64426,-0.009222825662
observation,best_chart_rank,emotion_curiosity,64426,-0.03781924144
observation,best_chart_rank,emotion_desire,64426,-0.01085413998
observation,best_chart_rank,emotion_disappointment,64426,-0.002464019075
observation,best_chart_rank,emotion_disapproval,64426,0.00405306137
observation,best_chart_rank,emotion_disgust,64426,0.004632324824
observation,best_chart_rank,emotion_embarrassment,64426,-0.004317938749
observation,best_chart_rank,emotion_excitement,64426,-0.04024381852
observation,best_chart_rank,emotion_fear,64426,-0.004950466619
observation,best_chart_rank,emotion_gratitude,64426,-0.005525105622
observation,best_chart_rank,emotion_grief,64426,-0.01516971295
observation,best_chart_rank,emotion_joy,64426,-0.01124277371
observation,best_chart_rank,emotion_love,64426,-0.03043866168
observation,best_chart_rank,emotion_nervousness,64426,-0.01751223033
observation,best_chart_rank,emotion_optimism,64426,-0.002918439644
observation,best_chart_rank,emotion_pride,64426,0.0076178149
observation,best_chart_rank,emotion_realization,64426,0.006790393666
observation,best_chart_rank,emotion_relief,64426,0.005799935926
observation,best_chart_rank,emotion_remorse,64426,-0.007258708488
observation,best_chart_rank,emotion_sadness,64426,-0.00888665287
observation,best_chart_rank,emotion_surprise,64426,-0.02340553288
observation,best_chart_rank,emotion_neutral,64426,0.04960164163
observation,best_chart_rank,sentiment_negative,64426,0.04039848605
observation,best_chart_rank,sentiment_neutral,64426,-0.002734212136
observation,best_chart_rank,sentiment_positive,64426,-0.04143811838
observation,weekly_observation_count,chart_weeks,81797,0.9998907462
observation,weekly_observation_count,total_chart_points,81797,0.9410148956
observation,weekly_observation_count,snapshot_months_selected,81797,0.9841385078
observation,weekly_observation_count,mb_duration_median_seconds,67313,0.07651193758
observation,weekly_observation_count,ll_sexual_content,64422,0.05727416482
observation,weekly_observation_count,ll_violence,64422,0.02169290778
observation,weekly_observation_count,ll_explicit_language,64422,0.1237516443
observation,weekly_observation_count,ll_substance_use,64422,0.09297174669
observation,weekly_observation_count,detox_toxicity,64426,0.06268679504
observation,weekly_observation_count,detox_severe_toxicity,64426,0.005568141793
observation,weekly_observation_count,detox_obscene,64426,0.06490298115
observation,weekly_observation_count,detox_threat,64426,0.02134481
observation,weekly_observation_count,detox_insult,64426,0.004896082688
observation,weekly_observation_count,detox_identity_attack,64426,-0.006991152958
observation,weekly_observation_count,detox_sexual_explicit,64426,0.03023174033
observation,weekly_observation_count,emotion_admiration,64426,-0.007639310937
observation,weekly_observation_count,emotion_amusement,64426,-0.004258385045
observation,weekly_observation_count,emotion_anger,64426,0.02256222041
observation,weekly_observation_count,emotion_annoyance,64426,0.05768001686
observation,weekly_observation_count,emotion_approval,64426,0.003971143737
observation,weekly_observation_count,emotion_caring,64426,-0.01701716537
observation,weekly_observation_count,emotion_confusion,64426,0.02512302185
observation,weekly_observation_count,emotion_curiosity,64426,0.02803427037
observation,weekly_observation_count,emotion_desire,64426,0.04529506886
observation,weekly_observation_count,emotion_disappointment,64426,0.03769582227
observation,weekly_observation_count,emotion_disapproval,64426,0.004020056953
observation,weekly_observation_count,emotion_disgust,64426,0.02247891606
observation,weekly_observation_count,emotion_embarrassment,64426,0.006780484823
observation,weekly_observation_count,emotion_excitement,64426,0.02729170404
observation,weekly_observation_count,emotion_fear,64426,0.03529532024
observation,weekly_observation_count,emotion_gratitude,64426,-0.002145551944
observation,weekly_observation_count,emotion_grief,64426,-0.02114464935
observation,weekly_observation_count,emotion_joy,64426,0.0007324252338
observation,weekly_observation_count,emotion_love,64426,-0.03725311384
observation,weekly_observation_count,emotion_nervousness,64426,0.04106490603
observation,weekly_observation_count,emotion_optimism,64426,0.03318350883
observation,weekly_observation_count,emotion_pride,64426,-0.004447427992
observation,weekly_observation_count,emotion_realization,64426,0.02330440408
observation,weekly_observation_count,emotion_relief,64426,-0.01256358962
observation,weekly_observation_count,emotion_remorse,64426,0.008414768301
observation,weekly_observation_count,emotion_sadness,64426,-0.01899259606
observation,weekly_observation_count,emotion_surprise,64426,0.005000921417
observation,weekly_observation_count,emotion_neutral,64426,-0.03899654431
observation,weekly_observation_count,sentiment_negative,64426,0.007176500013
observation,weekly_observation_count,sentiment_neutral,64426,0.02469104323
observation,weekly_observation_count,sentiment_positive,64426,-0.02094502729
observation,chart_weeks,total_chart_points,81797,0.9410721409
observation,chart_weeks,snapshot_months_selected,81797,0.9842535187
observation,chart_weeks,mb_duration_median_seconds,67313,0.07658398932
observation,chart_weeks,ll_sexual_content,64422,0.05727416482
observation,chart_weeks,ll_violence,64422,0.02169290778
observation,chart_weeks,ll_explicit_language,64422,0.1237516443
observation,chart_weeks,ll_substance_use,64422,0.09297174669
observation,chart_weeks,detox_toxicity,64426,0.06268679504
observation,chart_weeks,detox_severe_toxicity,64426,0.005568141793
observation,chart_weeks,detox_obscene,64426,0.06490298115
observation,chart_weeks,detox_threat,64426,0.02134481
observation,chart_weeks,detox_insult,64426,0.004896082688
observation,chart_weeks,detox_identity_attack,64426,-0.006991152958
observation,chart_weeks,detox_sexual_explicit,64426,0.03023174033
observation,chart_weeks,emotion_admiration,64426,-0.007639310937
observation,chart_weeks,emotion_amusement,64426,-0.004258385045
observation,chart_weeks,emotion_anger,64426,0.02256222041
observation,chart_weeks,emotion_annoyance,64426,0.05768001686
observation,chart_weeks,emotion_approval,64426,0.003971143737
observation,chart_weeks,emotion_caring,64426,-0.01701716537
observation,chart_weeks,emotion_confusion,64426,0.02512302185
observation,chart_weeks,emotion_curiosity,64426,0.02803427037
observation,chart_weeks,emotion_desire,64426,0.04529506886
observation,chart_weeks,emotion_disappointment,64426,0.03769582227
observation,chart_weeks,emotion_disapproval,64426,0.004020056953
observation,chart_weeks,emotion_disgust,64426,0.02247891606
observation,chart_weeks,emotion_embarrassment,64426,0.006780484823
observation,chart_weeks,emotion_excitement,64426,0.02729170404
observation,chart_weeks,emotion_fear,64426,0.03529532024
observation,chart_weeks,emotion_gratitude,64426,-0.002145551944
observation,chart_weeks,emotion_grief,64426,-0.02114464935
observation,chart_weeks,emotion_joy,64426,0.0007324252338
observation,chart_weeks,emotion_love,64426,-0.03725311384
observation,chart_weeks,emotion_nervousness,64426,0.04106490603
observation,chart_weeks,emotion_optimism,64426,0.03318350883
observation,chart_weeks,emotion_pride,64426,-0.004447427992
observation,chart_weeks,emotion_realization,64426,0.02330440408
observation,chart_weeks,emotion_relief,64426,-0.01256358962
observation,chart_weeks,emotion_remorse,64426,0.008414768301
observation,chart_weeks,emotion_sadness,64426,-0.01899259606
observation,chart_weeks,emotion_surprise,64426,0.005000921417
observation,chart_weeks,emotion_neutral,64426,-0.03899654431
observation,chart_weeks,sentiment_negative,64426,0.007176500013
observation,chart_weeks,sentiment_neutral,64426,0.02469104323
observation,chart_weeks,sentiment_positive,64426,-0.02094502729
observation,total_chart_points,snapshot_months_selected,81797,0.9305820427
observation,total_chart_points,mb_duration_median_seconds,67313,0.03981299734
observation,total_chart_points,ll_sexual_content,64422,0.06274399892
observation,total_chart_points,ll_violence,64422,0.005431887794
observation,total_chart_points,ll_explicit_language,64422,0.09925871334
observation,total_chart_points,ll_substance_use,64422,0.05430452529
observation,total_chart_points,detox_toxicity,64426,0.04926493983
observation,total_chart_points,detox_severe_toxicity,64426,-0.007014481615
observation,total_chart_points,detox_obscene,64426,0.04797279455
observation,total_chart_points,detox_threat,64426,0.01880111896
observation,total_chart_points,detox_insult,64426,-0.0007768690445
observation,total_chart_points,detox_identity_attack,64426,-0.01984471642
observation,total_chart_points,detox_sexual_explicit,64426,0.02010957303
observation,total_chart_points,emotion_admiration,64426,-0.004318432848
observation,total_chart_points,emotion_amusement,64426,-0.0009832794234
observation,total_chart_points,emotion_anger,64426,0.01339497531
observation,total_chart_points,emotion_annoyance,64426,0.04897410636
observation,total_chart_points,emotion_approval,64426,0.002271626549
observation,total_chart_points,emotion_caring,64426,-0.009029520952
observation,total_chart_points,emotion_confusion,64426,0.01497113225
observation,total_chart_points,emotion_curiosity,64426,0.02621615705
observation,total_chart_points,emotion_desire,64426,0.04443388611
observation,total_chart_points,emotion_disappointment,64426,0.03747037975
observation,total_chart_points,emotion_disapproval,64426,0.0009855546374
observation,total_chart_points,emotion_disgust,64426,0.020796368
observation,total_chart_points,emotion_embarrassment,64426,0.003375915983
observation,total_chart_points,emotion_excitement,64426,0.03312940597
observation,total_chart_points,emotion_fear,64426,0.02573596704
observation,total_chart_points,emotion_gratitude,64426,0.001736412663
observation,total_chart_points,emotion_grief,64426,-0.006592811853
observation,total_chart_points,emotion_joy,64426,0.009060438625
observation,total_chart_points,emotion_love,64426,-0.01621658835
observation,total_chart_points,emotion_nervousness,64426,0.0338561728
observation,total_chart_points,emotion_optimism,64426,0.02984254671
observation,total_chart_points,emotion_pride,64426,-0.01109323803
observation,total_chart_points,emotion_realization,64426,0.01149297009
observation,total_chart_points,emotion_relief,64426,-0.01362236337
observation,total_chart_points,emotion_remorse,64426,0.01158402374
observation,total_chart_points,emotion_sadness,64426,-0.00441355629
observation,total_chart_points,emotion_surprise,64426,0.01000234736
observation,total_chart_points,emotion_neutral,64426,-0.05297670961
observation,total_chart_points,sentiment_negative,64426,-0.009683783641
observation,total_chart_points,sentiment_neutral,64426,0.02125042669
observation,total_chart_points,sentiment_positive,64426,-0.001178826041
observation,snapshot_months_selected,mb_duration_median_seconds,67313,0.07141548967
observation,snapshot_months_selected,ll_sexual_content,64422,0.0578175546
observation,snapshot_months_selected,ll_violence,64422,0.02462486889
observation,snapshot_months_selected,ll_explicit_language,64422,0.125043004
observation,snapshot_months_selected,ll_substance_use,64422,0.0960622008
observation,snapshot_months_selected,detox_toxicity,64426,0.06718798826
observation,snapshot_months_selected,detox_severe_toxicity,64426,0.008567310008
observation,snapshot_months_selected,detox_obscene,64426,0.07023484033
observation,snapshot_months_selected,detox_threat,64426,0.01848567332
observation,snapshot_months_selected,detox_insult,64426,0.01006782753
observation,snapshot_months_selected,detox_identity_attack,64426,-0.0032486732
observation,snapshot_months_selected,detox_sexual_explicit,64426,0.03167455914
observation,snapshot_months_selected,emotion_admiration,64426,-0.009792285067
observation,snapshot_months_selected,emotion_amusement,64426,-0.002502398919
observation,snapshot_months_selected,emotion_anger,64426,0.02610112912
observation,snapshot_months_selected,emotion_annoyance,64426,0.06159109631
observation,snapshot_months_selected,emotion_approval,64426,0.003719605002
observation,snapshot_months_selected,emotion_caring,64426,-0.01791646286
observation,snapshot_months_selected,emotion_confusion,64426,0.02398298482
observation,snapshot_months_selected,emotion_curiosity,64426,0.02684199597
observation,snapshot_months_selected,emotion_desire,64426,0.04775958134
observation,snapshot_months_selected,emotion_disappointment,64426,0.03715963352
observation,snapshot_months_selected,emotion_disapproval,64426,0.002304144007
observation,snapshot_months_selected,emotion_disgust,64426,0.02531744785
observation,snapshot_months_selected,emotion_embarrassment,64426,0.007795428572
observation,snapshot_months_selected,emotion_excitement,64426,0.02811485615
observation,snapshot_months_selected,emotion_fear,64426,0.03271228988
observation,snapshot_months_selected,emotion_gratitude,64426,-0.002231051361
observation,snapshot_months_selected,emotion_grief,64426,-0.02231508387
observation,snapshot_months_selected,emotion_joy,64426,0.004189842208
observation,snapshot_months_selected,emotion_love,64426,-0.03825102313
observation,snapshot_months_selected,emotion_nervousness,64426,0.03952649927
observation,snapshot_months_selected,emotion_optimism,64426,0.03351045493
observation,snapshot_months_selected,emotion_pride,64426,-0.004709155531
observation,snapshot_months_selected,emotion_realization,64426,0.02272092759
observation,snapshot_months_selected,emotion_relief,64426,-0.009864940348
observation,snapshot_months_selected,emotion_remorse,64426,0.009328238124
observation,snapshot_months_selected,emotion_sadness,64426,-0.0195288719
observation,snapshot_months_selected,emotion_surprise,64426,0.003267219132
observation,snapshot_months_selected,emotion_neutral,64426,-0.03918350271
observation,snapshot_months_selected,sentiment_negative,64426,0.008688990963
observation,snapshot_months_selected,sentiment_neutral,64426,0.02474378649
observation,snapshot_months_selected,sentiment_positive,64426,-0.0225801286
observation,mb_duration_median_seconds,ll_sexual_content,56230,-0.0028744798
observation,mb_duration_median_seconds,ll_violence,56230,0.0600269358
observation,mb_duration_median_seconds,ll_explicit_language,56230,0.004593972931
observation,mb_duration_median_seconds,ll_substance_use,56230,-0.007181099793
observation,mb_duration_median_seconds,detox_toxicity,56232,-0.03543535739
observation,mb_duration_median_seconds,detox_severe_toxicity,56232,-0.04654578243
observation,mb_duration_median_seconds,detox_obscene,56232,-0.04465787827
observation,mb_duration_median_seconds,detox_threat,56232,0.006502976993
observation,mb_duration_median_seconds,detox_insult,56232,-0.05785789225
observation,mb_duration_median_seconds,detox_identity_attack,56232,-0.04185298129
observation,mb_duration_median_seconds,detox_sexual_explicit,56232,-0.002095226916
observation,mb_duration_median_seconds,emotion_admiration,56232,-0.02422479238
observation,mb_duration_median_seconds,emotion_amusement,56232,-0.02101330447
observation,mb_duration_median_seconds,emotion_anger,56232,-0.02827651936
observation,mb_duration_median_seconds,emotion_annoyance,56232,-0.02464497863
observation,mb_duration_median_seconds,emotion_approval,56232,0.02031022438
observation,mb_duration_median_seconds,emotion_caring,56232,0.02091517308
observation,mb_duration_median_seconds,emotion_confusion,56232,0.03148750727
observation,mb_duration_median_seconds,emotion_curiosity,56232,0.02007988058
observation,mb_duration_median_seconds,emotion_desire,56232,0.02756946495
observation,mb_duration_median_seconds,emotion_disappointment,56232,0.03101443442
observation,mb_duration_median_seconds,emotion_disapproval,56232,0.01815016489
observation,mb_duration_median_seconds,emotion_disgust,56232,-0.03156118706
observation,mb_duration_median_seconds,emotion_embarrassment,56232,-0.001386254818
observation,mb_duration_median_seconds,emotion_excitement,56232,-0.02789245264
observation,mb_duration_median_seconds,emotion_fear,56232,0.01095231076
observation,mb_duration_median_seconds,emotion_gratitude,56232,-0.003911943212
observation,mb_duration_median_seconds,emotion_grief,56232,-0.006116506352
observation,mb_duration_median_seconds,emotion_joy,56232,-0.04882333696
observation,mb_duration_median_seconds,emotion_love,56232,-0.01392986833
observation,mb_duration_median_seconds,emotion_nervousness,56232,0.02214764522
observation,mb_duration_median_seconds,emotion_optimism,56232,0.01238584238
observation,mb_duration_median_seconds,emotion_pride,56232,-0.01408930081
observation,mb_duration_median_seconds,emotion_realization,56232,0.03052029629
observation,mb_duration_median_seconds,emotion_relief,56232,-0.009901601245
observation,mb_duration_median_seconds,emotion_remorse,56232,-0.006120322284
observation,mb_duration_median_seconds,emotion_sadness,56232,-0.004958832111
observation,mb_duration_median_seconds,emotion_surprise,56232,0.005278718955
observation,mb_duration_median_seconds,emotion_neutral,56232,0.001688120368
observation,mb_duration_median_seconds,sentiment_negative,56232,0.04100082184
observation,mb_duration_median_seconds,sentiment_neutral,56232,-0.00205314145
observation,mb_duration_median_seconds,sentiment_positive,56232,-0.04265546108
observation,ll_sexual_content,ll_violence,64422,0.02262653921
observation,ll_sexual_content,ll_explicit_language,64422,0.3267585392
observation,ll_sexual_content,ll_substance_use,64422,0.1575539241
observation,ll_sexual_content,detox_toxicity,64422,0.3250102305
observation,ll_sexual_content,detox_severe_toxicity,64422,0.2057482082
observation,ll_sexual_content,detox_obscene,64422,0.3453272169
observation,ll_sexual_content,detox_threat,64422,0.006123167572
observation,ll_sexual_content,detox_insult,64422,0.2365370699
observation,ll_sexual_content,detox_identity_attack,64422,0.2400464438
observation,ll_sexual_content,detox_sexual_explicit,64422,0.2839474255
observation,ll_sexual_content,emotion_admiration,64422,0.04368182652
observation,ll_sexual_content,emotion_amusement,64422,0.01714652238
observation,ll_sexual_content,emotion_anger,64422,0.1490130508
observation,ll_sexual_content,emotion_annoyance,64422,0.1189616539
observation,ll_sexual_content,emotion_approval,64422,0.03103908014
observation,ll_sexual_content,emotion_caring,64422,-0.05052864647
observation,ll_sexual_content,emotion_confusion,64422,-0.09864151887
observation,ll_sexual_content,emotion_curiosity,64422,-0.04960182163
observation,ll_sexual_content,emotion_desire,64422,0.01435838498
observation,ll_sexual_content,emotion_disappointment,64422,-0.1896145324
observation,ll_sexual_content,emotion_disapproval,64422,-0.02959760687
observation,ll_sexual_content,emotion_disgust,64422,0.06601399141
observation,ll_sexual_content,emotion_embarrassment,64422,-0.04210997023
observation,ll_sexual_content,emotion_excitement,64422,0.06031080224
observation,ll_sexual_content,emotion_fear,64422,-0.05340063542
observation,ll_sexual_content,emotion_gratitude,64422,-0.01772140748
observation,ll_sexual_content,emotion_grief,64422,-0.212546338
observation,ll_sexual_content,emotion_joy,64422,-0.003853881307
observation,ll_sexual_content,emotion_love,64422,0.1391626098
observation,ll_sexual_content,emotion_nervousness,64422,-0.1024681017
observation,ll_sexual_content,emotion_optimism,64422,-0.09152706039
observation,ll_sexual_content,emotion_pride,64422,-0.03613569332
observation,ll_sexual_content,emotion_realization,64422,-0.1603010734
observation,ll_sexual_content,emotion_relief,64422,-0.1318581122
observation,ll_sexual_content,emotion_remorse,64422,-0.05397333256
observation,ll_sexual_content,emotion_sadness,64422,-0.2023994051
observation,ll_sexual_content,emotion_surprise,64422,-0.05780255596
observation,ll_sexual_content,emotion_neutral,64422,-0.0008465827542
observation,ll_sexual_content,sentiment_negative,64422,-0.1530603952
observation,ll_sexual_content,sentiment_neutral,64422,0.1049731867
observation,ll_sexual_content,sentiment_positive,64422,0.1059455461
observation,ll_violence,ll_explicit_language,64422,0.283091067
observation,ll_violence,ll_substance_use,64422,0.2409665525
observation,ll_violence,detox_toxicity,64422,0.3449789205
observation,ll_violence,detox_severe_toxicity,64422,0.1983694737
observation,ll_violence,detox_obscene,64422,0.3062282961
observation,ll_violence,detox_threat,64422,0.1844307417
observation,ll_violence,detox_insult,64422,0.26947246
observation,ll_violence,detox_identity_attack,64422,0.2959822607
observation,ll_violence,detox_sexual_explicit,64422,0.1097812168
observation,ll_violence,emotion_admiration,64422,-0.0517721187
observation,ll_violence,emotion_amusement,64422,0.04440889681
observation,ll_violence,emotion_anger,64422,0.2004014242
observation,ll_violence,emotion_annoyance,64422,0.2469248466
observation,ll_violence,emotion_approval,64422,-0.106533771
observation,ll_violence,emotion_caring,64422,-0.0798675887
observation,ll_violence,emotion_confusion,64422,-0.003160585084
observation,ll_violence,emotion_curiosity,64422,-0.02992355319
observation,ll_violence,emotion_desire,64422,-0.1110447112
observation,ll_violence,emotion_disappointment,64422,0.002433879395
observation,ll_violence,emotion_disapproval,64422,0.006653012594
observation,ll_violence,emotion_disgust,64422,0.1495430198
observation,ll_violence,emotion_embarrassment,64422,0.03651897898
observation,ll_violence,emotion_excitement,64422,-0.08930654069
observation,ll_violence,emotion_fear,64422,0.05899302999
observation,ll_violence,emotion_gratitude,64422,0.00219247456
observation,ll_violence,emotion_grief,64422,-0.02706704892
observation,ll_violence,emotion_joy,64422,-0.08853137446
observation,ll_violence,emotion_love,64422,-0.1892564034
observation,ll_violence,emotion_nervousness,64422,0.009017513599
observation,ll_violence,emotion_optimism,64422,-0.06106767944
observation,ll_violence,emotion_pride,64422,-0.01291729598
observation,ll_violence,emotion_realization,64422,-0.02323933607
observation,ll_violence,emotion_relief,64422,-0.06405390196
observation,ll_violence,emotion_remorse,64422,-0.01810105169
observation,ll_violence,emotion_sadness,64422,-0.02045899089
observation,ll_violence,emotion_surprise,64422,-0.0231524622
observation,ll_violence,emotion_neutral,64422,0.169678761
observation,ll_violence,sentiment_negative,64422,0.2222998082
observation,ll_violence,sentiment_neutral,64422,-0.09766052445
observation,ll_violence,sentiment_positive,64422,-0.1834413794
observation,ll_explicit_language,ll_substance_use,64422,0.4087551453
observation,ll_explicit_language,detox_toxicity,64422,0.6315179893
observation,ll_explicit_language,detox_severe_toxicity,64422,0.3220369256
observation,ll_explicit_language,detox_obscene,64422,0.6530635797
observation,ll_explicit_language,detox_threat,64422,0.04087679397
observation,ll_explicit_language,detox_insult,64422,0.4661101587
observation,ll_explicit_language,detox_identity_attack,64422,0.3845423636
observation,ll_explicit_language,detox_sexual_explicit,64422,0.3464957188
observation,ll_explicit_language,emotion_admiration,64422,-0.03218117666
observation,ll_explicit_language,emotion_amusement,64422,0.08083535783
observation,ll_explicit_language,emotion_anger,64422,0.3028910603
observation,ll_explicit_language,emotion_annoyance,64422,0.4073260454
observation,ll_explicit_language,emotion_approval,64422,-0.06617602536
observation,ll_explicit_language,emotion_caring,64422,-0.1124626295
observation,ll_explicit_language,emotion_confusion,64422,-0.03870041949
observation,ll_explicit_language,emotion_curiosity,64422,-0.03215151091
observation,ll_explicit_language,emotion_desire,64422,-0.1301945077
observation,ll_explicit_language,emotion_disappointment,64422,-0.03790124998
observation,ll_explicit_language,emotion_disapproval,64422,0.03396605634
observation,ll_explicit_language,emotion_disgust,64422,0.1773094771
observation,ll_explicit_language,emotion_embarrassment,64422,0.03507218929
observation,ll_explicit_language,emotion_excitement,64422,-0.07906241797
observation,ll_explicit_language,emotion_fear,64422,-0.03692571527
observation,ll_explicit_language,emotion_gratitude,64422,0.00186743169
observation,ll_explicit_language,emotion_grief,64422,-0.1586119566
observation,ll_explicit_language,emotion_joy,64422,-0.08487272089
observation,ll_explicit_language,emotion_love,64422,-0.1988240195
observation,ll_explicit_language,emotion_nervousness,64422,-0.07288352354
observation,ll_explicit_language,emotion_optimism,64422,-0.08290415343
observation,ll_explicit_language,emotion_pride,64422,-0.04342104814
observation,ll_explicit_language,emotion_realization,64422,-0.08767354219
observation,ll_explicit_language,emotion_relief,64422,-0.1107281322
observation,ll_explicit_language,emotion_remorse,64422,-0.03112361893
observation,ll_explicit_language,emotion_sadness,64422,-0.1236938698
observation,ll_explicit_language,emotion_surprise,64422,-0.05555476494
observation,ll_explicit_language,emotion_neutral,64422,0.177564964
observation,ll_explicit_language,sentiment_negative,64422,0.1269792212
observation,ll_explicit_language,sentiment_neutral,64422,0.06527630486
observation,ll_explicit_language,sentiment_positive,64422,-0.1701074714
observation,ll_substance_use,detox_toxicity,64422,0.3625520714
observation,ll_substance_use,detox_severe_toxicity,64422,0.2406655601
observation,ll_substance_use,detox_obscene,64422,0.4016439979
observation,ll_substance_use,detox_threat,64422,0.02067485427
observation,ll_substance_use,detox_insult,64422,0.2926530957
observation,ll_substance_use,detox_identity_attack,64422,0.3118541587
observation,ll_substance_use,detox_sexual_explicit,64422,0.2070025962
observation,ll_substance_use,emotion_admiration,64422,-0.02893508058
observation,ll_substance_use,emotion_amusement,64422,0.06506871306
observation,ll_substance_use,emotion_anger,64422,0.1658702404
observation,ll_substance_use,emotion_annoyance,64422,0.2253379158
observation,ll_substance_use,emotion_approval,64422,-0.06034398468
observation,ll_substance_use,emotion_caring,64422,-0.1236749399
observation,ll_substance_use,emotion_confusion,64422,-0.03325344168
observation,ll_substance_use,emotion_curiosity,64422,-0.05802886016
observation,ll_substance_use,emotion_desire,64422,-0.097332695
observation,ll_substance_use,emotion_disappointment,64422,-0.0626023538
observation,ll_substance_use,emotion_disapproval,64422,-0.01689682016
observation,ll_substance_use,emotion_disgust,64422,0.08065614142
observation,ll_substance_use,emotion_embarrassment,64422,0.01175332388
observation,ll_substance_use,emotion_excitement,64422,-0.04191938362
observation,ll_substance_use,emotion_fear,64422,-0.04254389172
observation,ll_substance_use,emotion_gratitude,64422,-0.01060206755
observation,ll_substance_use,emotion_grief,64422,-0.1420625462
observation,ll_substance_use,emotion_joy,64422,-0.01074803878
observation,ll_substance_use,emotion_love,64422,-0.1715065184
observation,ll_substance_use,emotion_nervousness,64422,-0.05798531484
observation,ll_substance_use,emotion_optimism,64422,-0.07371262158
observation,ll_substance_use,emotion_pride,64422,-0.01923684488
observation,ll_substance_use,emotion_realization,64422,-0.04385323106
observation,ll_substance_use,emotion_relief,64422,-0.03836731395
observation,ll_substance_use,emotion_remorse,64422,-0.02701183362
observation,ll_substance_use,emotion_sadness,64422,-0.1178358503
observation,ll_substance_use,emotion_surprise,64422,-0.04336255941
observation,ll_substance_use,emotion_neutral,64422,0.2019030169
observation,ll_substance_use,sentiment_negative,64422,0.09703869951
observation,ll_substance_use,sentiment_neutral,64422,-0.01344533716
observation,ll_substance_use,sentiment_positive,64422,-0.09582473466
observation,detox_toxicity,detox_severe_toxicity,64426,0.5357335359
observation,detox_toxicity,detox_obscene,64426,0.885523716
observation,detox_toxicity,detox_threat,64426,0.2261499391
observation,detox_toxicity,detox_insult,64426,0.8591292692
observation,detox_toxicity,detox_identity_attack,64426,0.592408199
observation,detox_toxicity,detox_sexual_explicit,64426,0.5549060048
observation,detox_toxicity,emotion_admiration,64426,-0.04405905534
observation,detox_toxicity,emotion_amusement,64426,0.06833456112
observation,detox_toxicity,emotion_anger,64426,0.4783180909
observation,detox_toxicity,emotion_annoyance,64426,0.542100699
observation,detox_toxicity,emotion_approval,64426,-0.1252418165
observation,detox_toxicity,emotion_caring,64426,-0.09873072918
observation,detox_toxicity,emotion_confusion,64426,-0.03921828833
observation,detox_toxicity,emotion_curiosity,64426,-0.03981809465
observation,detox_toxicity,emotion_desire,64426,-0.1035588237
observation,detox_toxicity,emotion_disappointment,64426,-0.03268361877
observation,detox_toxicity,emotion_disapproval,64426,0.0324299129
observation,detox_toxicity,emotion_disgust,64426,0.292351054
observation,detox_toxicity,emotion_embarrassment,64426,0.06740585213
observation,detox_toxicity,emotion_excitement,64426,-0.08683385474
observation,detox_toxicity,emotion_fear,64426,-0.02518891405
observation,detox_toxicity,emotion_gratitude,64426,-0.01663858999
observation,detox_toxicity,emotion_grief,64426,-0.1255888065
observation,detox_toxicity,emotion_joy,64426,-0.1005253003
observation,detox_toxicity,emotion_love,64426,-0.1548508119
observation,detox_toxicity,emotion_nervousness,64426,-0.06383293525
observation,detox_toxicity,emotion_optimism,64426,-0.0886982817
observation,detox_toxicity,emotion_pride,64426,-0.04474372464
observation,detox_toxicity,emotion_realization,64426,-0.08573860935
observation,detox_toxicity,emotion_relief,64426,-0.1304573874
observation,detox_toxicity,emotion_remorse,64426,-0.02015316672
observation,detox_toxicity,emotion_sadness,64426,-0.09864710657
observation,detox_toxicity,emotion_surprise,64426,-0.04527792296
observation,detox_toxicity,emotion_neutral,64426,0.09631286516
observation,detox_toxicity,sentiment_negative,64426,0.189849217
observation,detox_toxicity,sentiment_neutral,64426,0.01599345489
observation,detox_toxicity,sentiment_positive,64426,-0.2102966359
observation,detox_severe_toxicity,detox_obscene,64426,0.6446156114
observation,detox_severe_toxicity,detox_threat,64426,0.05397168141
observation,detox_severe_toxicity,detox_insult,64426,0.6800518749
observation,detox_severe_toxicity,detox_identity_attack,64426,0.7220597548
observation,detox_severe_toxicity,detox_sexual_explicit,64426,0.5633560739
observation,detox_severe_toxicity,emotion_admiration,64426,-0.0323986222
observation,detox_severe_toxicity,emotion_amusement,64426,0.04608170644
observation,detox_severe_toxicity,emotion_anger,64426,0.5251889464
observation,detox_severe_toxicity,emotion_annoyance,64426,0.3674040476
observation,detox_severe_toxicity,emotion_approval,64426,-0.08626671529
observation,detox_severe_toxicity,emotion_caring,64426,-0.05971694266
observation,detox_severe_toxicity,emotion_confusion,64426,-0.03882767798
observation,detox_severe_toxicity,emotion_curiosity,64426,-0.04395507055
observation,detox_severe_toxicity,emotion_desire,64426,-0.0685060761
observation,detox_severe_toxicity,emotion_disappointment,64426,-0.07360709346
observation,detox_severe_toxicity,emotion_disapproval,64426,-0.01493784448
observation,detox_severe_toxicity,emotion_disgust,64426,0.1918135639
observation,detox_severe_toxicity,emotion_embarrassment,64426,0.007826165489
observation,detox_severe_toxicity,emotion_excitement,64426,-0.0485730127
observation,detox_severe_toxicity,emotion_fear,64426,-0.02878744607
observation,detox_severe_toxicity,emotion_gratitude,64426,-0.01351338317
observation,detox_severe_toxicity,emotion_grief,64426,-0.09118206061
observation,detox_severe_toxicity,emotion_joy,64426,-0.05257185416
observation,detox_severe_toxicity,emotion_love,64426,-0.08396556063
observation,detox_severe_toxicity,emotion_nervousness,64426,-0.05361277506
observation,detox_severe_toxicity,emotion_optimism,64426,-0.05370581076
observation,detox_severe_toxicity,emotion_pride,64426,-0.02630900909
observation,detox_severe_toxicity,emotion_realization,64426,-0.06829799013
observation,detox_severe_toxicity,emotion_relief,64426,-0.07825948228
observation,detox_severe_toxicity,emotion_remorse,64426,-0.02938393363
observation,detox_severe_toxicity,emotion_sadness,64426,-0.08087487961
observation,detox_severe_toxicity,emotion_surprise,64426,-0.0291501466
observation,detox_severe_toxicity,emotion_neutral,64426,0.05913615786
observation,detox_severe_toxicity,sentiment_negative,64426,0.06499810334
observation,detox_severe_toxicity,sentiment_neutral,64426,0.06588174272
observation,detox_severe_toxicity,sentiment_positive,64426,-0.1045900559
observation,detox_obscene,detox_threat,64426,0.04497859765
observation,detox_obscene,detox_insult,64426,0.7595286731
observation,detox_obscene,detox_identity_attack,64426,0.6582389342
observation,detox_obscene,detox_sexual_explicit,64426,0.5775063668
observation,detox_obscene,emotion_admiration,64426,-0.03302939303
observation,detox_obscene,emotion_amusement,64426,0.0631968816
observation,detox_obscene,emotion_anger,64426,0.4885272263
observation,detox_obscene,emotion_annoyance,64426,0.5206992133
observation,detox_obscene,emotion_approval,64426,-0.1012582579
observation,detox_obscene,emotion_caring,64426,-0.1010743144
observation,detox_obscene,emotion_confusion,64426,-0.04544545689
observation,detox_obscene,emotion_curiosity,64426,-0.04647989123
observation,detox_obscene,emotion_desire,64426,-0.1041779062
observation,detox_obscene,emotion_disappointment,64426,-0.06162141442
observation,detox_obscene,emotion_disapproval,64426,0.01115941545
observation,detox_obscene,emotion_disgust,64426,0.2570884253
observation,detox_obscene,emotion_embarrassment,64426,0.03932488133
observation,detox_obscene,emotion_excitement,64426,-0.07639522045
observation,detox_obscene,emotion_fear,64426,-0.03511950676
observation,detox_obscene,emotion_gratitude,64426,-0.01482355218
observation,detox_obscene,emotion_grief,64426,-0.138455327
observation,detox_obscene,emotion_joy,64426,-0.07862856299
observation,detox_obscene,emotion_love,64426,-0.1452184902
observation,detox_obscene,emotion_nervousness,64426,-0.07177152712
observation,detox_obscene,emotion_optimism,64426,-0.08124825102
observation,detox_obscene,emotion_pride,64426,-0.03233424987
observation,detox_obscene,emotion_realization,64426,-0.09006597489
observation,detox_obscene,emotion_relief,64426,-0.1090173066
observation,detox_obscene,emotion_remorse,64426,-0.03173652118
observation,detox_obscene,emotion_sadness,64426,-0.1182689873
observation,detox_obscene,emotion_surprise,64426,-0.03949417989
observation,detox_obscene,emotion_neutral,64426,0.1099781717
observation,detox_obscene,sentiment_negative,64426,0.1125528509
observation,detox_obscene,sentiment_neutral,64426,0.060766747
observation,detox_obscene,sentiment_positive,64426,-0.1523454058
observation,detox_threat,detox_insult,64426,0.06479412655
observation,detox_threat,detox_identity_attack,64426,0.06455270568
observation,detox_threat,detox_sexual_explicit,64426,0.01148039547
observation,detox_threat,emotion_admiration,64426,-0.01969514472
observation,detox_threat,emotion_amusement,64426,-0.009847489434
observation,detox_threat,emotion_anger,64426,0.08632114908
observation,detox_threat,emotion_annoyance,64426,0.0545679811
observation,detox_threat,emotion_approval,64426,-0.03233541848
observation,detox_threat,emotion_caring,64426,0.0008152633651
observation,detox_threat,emotion_confusion,64426,-0.01681295347
observation,detox_threat,emotion_curiosity,64426,-0.02232341149
observation,detox_threat,emotion_desire,64426,0.0004171660091
observation,detox_threat,emotion_disappointment,64426,-0.02295871529
observation,detox_threat,emotion_disapproval,64426,-0.01108304419
observation,detox_threat,emotion_disgust,64426,0.04735046879
observation,detox_threat,emotion_embarrassment,64426,0.003688023388
observation,detox_threat,emotion_excitement,64426,-0.02228765792
observation,detox_threat,emotion_fear,64426,0.01900568916
observation,detox_threat,emotion_gratitude,64426,-0.007631514317
observation,detox_threat,emotion_grief,64426,-0.01006998759
observation,detox_threat,emotion_joy,64426,-0.03129115524
observation,detox_threat,emotion_love,64426,-0.0263249902
observation,detox_threat,emotion_nervousness,64426,-0.009186132153
observation,detox_threat,emotion_optimism,64426,-0.001744238035
observation,detox_threat,emotion_pride,64426,-0.01118698807
observation,detox_threat,emotion_realization,64426,-0.01475925368
observation,detox_threat,emotion_relief,64426,-0.0322043368
observation,detox_threat,emotion_remorse,64426,-0.01253604872
observation,detox_threat,emotion_sadness,64426,-0.01187837339
observation,detox_threat,emotion_surprise,64426,-0.01339343881
observation,detox_threat,emotion_neutral,64426,0.03390976979
observation,detox_threat,sentiment_negative,64426,0.03973597073
observation,detox_threat,sentiment_neutral,64426,0.001454941255
observation,detox_threat,sentiment_positive,64426,-0.04299458119
observation,detox_insult,detox_identity_attack,64426,0.6725453481
observation,detox_insult,detox_sexual_explicit,64426,0.452955452
observation,detox_insult,emotion_admiration,64426,-0.0454112168
observation,detox_insult,emotion_amusement,64426,0.0726195465
observation,detox_insult,emotion_anger,64426,0.5188406987
observation,detox_insult,emotion_annoyance,64426,0.5297061189
observation,detox_insult,emotion_approval,64426,-0.1210272721
observation,detox_insult,emotion_caring,64426,-0.07841868736
observation,detox_insult,emotion_confusion,64426,-0.03336377247
observation,detox_insult,emotion_curiosity,64426,-0.04131169142
observation,detox_insult,emotion_desire,64426,-0.1107580547
observation,detox_insult,emotion_disappointment,64426,-0.01997965519
observation,detox_insult,emotion_disapproval,64426,0.02059710254
observation,detox_insult,emotion_disgust,64426,0.2903392009
observation,detox_insult,emotion_embarrassment,64426,0.07073301252
observation,detox_insult,emotion_excitement,64426,-0.08115636751
observation,detox_insult,emotion_fear,64426,-0.03409528229
observation,detox_insult,emotion_gratitude,64426,-0.01340887454
observation,detox_insult,emotion_grief,64426,-0.09533614832
observation,detox_insult,emotion_joy,64426,-0.08391987791
observation,detox_insult,emotion_love,64426,-0.1388411533
observation,detox_insult,emotion_nervousness,64426,-0.05572958495
observation,detox_insult,emotion_optimism,64426,-0.07453723798
observation,detox_insult,emotion_pride,64426,-0.03658658235
observation,detox_insult,emotion_realization,64426,-0.06065204792
observation,detox_insult,emotion_relief,64426,-0.1058485308
observation,detox_insult,emotion_remorse,64426,-0.009926117508
observation,detox_insult,emotion_sadness,64426,-0.06927037441
observation,detox_insult,emotion_surprise,64426,-0.03663433298
observation,detox_insult,emotion_neutral,64426,0.06561640931
observation,detox_insult,sentiment_negative,64426,0.1955372766
observation,detox_insult,sentiment_neutral,64426,-0.0006038330314
observation,detox_insult,sentiment_positive,64426,-0.2073839034
observation,detox_identity_attack,detox_sexual_explicit,64426,0.3870663515
observation,detox_identity_attack,emotion_admiration,64426,-0.04720082716
observation,detox_identity_attack,emotion_amusement,64426,0.05853645919
observation,detox_identity_attack,emotion_anger,64426,0.3982836953
observation,detox_identity_attack,emotion_annoyance,64426,0.374718144
observation,detox_identity_attack,emotion_approval,64426,-0.09141736822
observation,detox_identity_attack,emotion_caring,64426,-0.06718713015
observation,detox_identity_attack,emotion_confusion,64426,-0.03970746867
observation,detox_identity_attack,emotion_curiosity,64426,-0.04574175736
observation,detox_identity_attack,emotion_desire,64426,-0.08506703547
observation,detox_identity_attack,emotion_disappointment,64426,-0.07871776095
observation,detox_identity_attack,emotion_disapproval,64426,-0.01452347453
observation,detox_identity_attack,emotion_disgust,64426,0.1641100462
observation,detox_identity_attack,emotion_embarrassment,64426,0.02307959483
observation,detox_identity_attack,emotion_excitement,64426,-0.06286559281
observation,detox_identity_attack,emotion_fear,64426,-0.02936638701
observation,detox_identity_attack,emotion_gratitude,64426,-0.01395919972
observation,detox_identity_attack,emotion_grief,64426,-0.1073143071
observation,detox_identity_attack,emotion_joy,64426,-0.06323970767
observation,detox_identity_attack,emotion_love,64426,-0.1157096555
observation,detox_identity_attack,emotion_nervousness,64426,-0.05851430374
observation,detox_identity_attack,emotion_optimism,64426,-0.0612203189
observation,detox_identity_attack,emotion_pride,64426,-0.03321931135
observation,detox_identity_attack,emotion_realization,64426,-0.07577567719
observation,detox_identity_attack,emotion_relief,64426,-0.08881099267
observation,detox_identity_attack,emotion_remorse,64426,-0.03154967841
observation,detox_identity_attack,emotion_sadness,64426,-0.09393257559
observation,detox_identity_attack,emotion_surprise,64426,-0.03379034884
observation,detox_identity_attack,emotion_neutral,64426,0.1211617885
observation,detox_identity_attack,sentiment_negative,64426,0.08660897579
observation,detox_identity_attack,sentiment_neutral,64426,0.07130000232
observation,detox_identity_attack,sentiment_positive,64426,-0.1304695931
observation,detox_sexual_explicit,emotion_admiration,64426,0.01582399528
observation,detox_sexual_explicit,emotion_amusement,64426,0.0386020736
observation,detox_sexual_explicit,emotion_anger,64426,0.2534060055
observation,detox_sexual_explicit,emotion_annoyance,64426,0.2026476476
observation,detox_sexual_explicit,emotion_approval,64426,-0.04684106338
observation,detox_sexual_explicit,emotion_caring,64426,-0.06698445525
observation,detox_sexual_explicit,emotion_confusion,64426,-0.04148097508
observation,detox_sexual_explicit,emotion_curiosity,64426,-0.02850834942
observation,detox_sexual_explicit,emotion_desire,64426,-0.03649885344
observation,detox_sexual_explicit,emotion_disappointment,64426,-0.09763153579
observation,detox_sexual_explicit,emotion_disapproval,64426,-0.02109146814
observation,detox_sexual_explicit,emotion_disgust,64426,0.1235961524
observation,detox_sexual_explicit,emotion_embarrassment,64426,-0.006283159319
observation,detox_sexual_explicit,emotion_excitement,64426,-0.01588512234
observation,detox_sexual_explicit,emotion_fear,64426,-0.03134507872
observation,detox_sexual_explicit,emotion_gratitude,64426,-0.01649596223
observation,detox_sexual_explicit,emotion_grief,64426,-0.1173206553
observation,detox_sexual_explicit,emotion_joy,64426,-0.04567573034
observation,detox_sexual_explicit,emotion_love,64426,-0.03370073736
observation,detox_sexual_explicit,emotion_nervousness,64426,-0.06338733353
observation,detox_sexual_explicit,emotion_optimism,64426,-0.06166033308
observation,detox_sexual_explicit,emotion_pride,64426,-0.02393668719
observation,detox_sexual_explicit,emotion_realization,64426,-0.0818095081
observation,detox_sexual_explicit,emotion_relief,64426,-0.08567480122
observation,detox_sexual_explicit,emotion_remorse,64426,-0.03493269378
observation,detox_sexual_explicit,emotion_sadness,64426,-0.1070046639
observation,detox_sexual_explicit,emotion_surprise,64426,-0.03457480389
observation,detox_sexual_explicit,emotion_neutral,64426,0.06482593405
observation,detox_sexual_explicit,sentiment_negative,64426,0.007249403424
observation,detox_sexual_explicit,sentiment_neutral,64426,0.06516032199
observation,detox_sexual_explicit,sentiment_positive,64426,-0.04285720081
observation,emotion_admiration,emotion_amusement,64426,-0.005384899555
observation,emotion_admiration,emotion_anger,64426,-0.07705932455
observation,emotion_admiration,emotion_annoyance,64426,-0.1273163529
observation,emotion_admiration,emotion_approval,64426,0.2408794643
observation,emotion_admiration,emotion_caring,64426,-0.02746370231
observation,emotion_admiration,emotion_confusion,64426,-0.04501245214
observation,emotion_admiration,emotion_curiosity,64426,-0.01089620446
observation,emotion_admiration,emotion_desire,64426,-0.05317191286
observation,emotion_admiration,emotion_disappointment,64426,-0.1113324277
observation,emotion_admiration,emotion_disapproval,64426,-0.0675250824
observation,emotion_admiration,emotion_disgust,64426,-0.06411791686
observation,emotion_admiration,emotion_embarrassment,64426,-0.05203782762
observation,emotion_admiration,emotion_excitement,64426,0.1280310634
observation,emotion_admiration,emotion_fear,64426,-0.02940790969
observation,emotion_admiration,emotion_gratitude,64426,0.01642498293
observation,emotion_admiration,emotion_grief,64426,-0.09172882447
observation,emotion_admiration,emotion_joy,64426,0.1218776089
observation,emotion_admiration,emotion_love,64426,0.08793203234
observation,emotion_admiration,emotion_nervousness,64426,-0.06646064526
observation,emotion_admiration,emotion_optimism,64426,0.009916113458
observation,emotion_admiration,emotion_pride,64426,0.2305195539
observation,emotion_admiration,emotion_realization,64426,-0.06053687161
observation,emotion_admiration,emotion_relief,64426,0.05036599787
observation,emotion_admiration,emotion_remorse,64426,-0.04063440746
observation,emotion_admiration,emotion_sadness,64426,-0.115515388
observation,emotion_admiration,emotion_surprise,64426,0.01573172244
observation,emotion_admiration,emotion_neutral,64426,-0.2190432302
observation,emotion_admiration,sentiment_negative,64426,-0.1500428904
observation,emotion_admiration,sentiment_neutral,64426,-0.163293209
observation,emotion_admiration,sentiment_positive,64426,0.2474862332
observation,emotion_amusement,emotion_anger,64426,-0.01856721598
observation,emotion_amusement,emotion_annoyance,64426,-0.004415225638
observation,emotion_amusement,emotion_approval,64426,-0.04282234687
observation,emotion_amusement,emotion_caring,64426,-0.06735100985
observation,emotion_amusement,emotion_confusion,64426,-0.03225982109
observation,emotion_amusement,emotion_curiosity,64426,-0.02982413964
observation,emotion_amusement,emotion_desire,64426,-0.08048117303
observation,emotion_amusement,emotion_disappointment,64426,-0.09187587778
observation,emotion_amusement,emotion_disapproval,64426,-0.04968754468
observation,emotion_amusement,emotion_disgust,64426,-0.02210612041
observation,emotion_amusement,emotion_embarrassment,64426,0.01331508665
observation,emotion_amusement,emotion_excitement,64426,0.007058260968
observation,emotion_amusement,emotion_fear,64426,-0.027746505
observation,emotion_amusement,emotion_gratitude,64426,-0.0001984447886
observation,emotion_amusement,emotion_grief,64426,-0.07726477812
observation,emotion_amusement,emotion_joy,64426,0.2343895461
observation,emotion_amusement,emotion_love,64426,-0.09940034777
observation,emotion_amusement,emotion_nervousness,64426,-0.03508541069
observation,emotion_amusement,emotion_optimism,64426,-0.02352715847
observation,emotion_amusement,emotion_pride,64426,-0.006383483562
observation,emotion_amusement,emotion_realization,64426,0.004971905765
observation,emotion_amusement,emotion_relief,64426,0.03751122858
observation,emotion_amusement,emotion_remorse,64426,-0.02560382656
observation,emotion_amusement,emotion_sadness,64426,-0.07420892903
observation,emotion_amusement,emotion_surprise,64426,-0.01470138333
observation,emotion_amusement,emotion_neutral,64426,-0.05277877723
observation,emotion_amusement,sentiment_negative,64426,0.008033468121
observation,emotion_amusement,sentiment_neutral,64426,-0.01556142131
observation,emotion_amusement,sentiment_positive,64426,-0.000137569792
observation,emotion_anger,emotion_annoyance,64426,0.707866278
observation,emotion_anger,emotion_approval,64426,-0.1476580726
observation,emotion_anger,emotion_caring,64426,-0.04418920971
observation,emotion_anger,emotion_confusion,64426,-0.01553887506
observation,emotion_anger,emotion_curiosity,64426,-0.04169916214
observation,emotion_anger,emotion_desire,64426,-0.08931679706
observation,emotion_anger,emotion_disappointment,64426,0.03239741321
observation,emotion_anger,emotion_disapproval,64426,0.2098561038
observation,emotion_anger,emotion_disgust,64426,0.3965314732
observation,emotion_anger,emotion_embarrassment,64426,0.05983537011
observation,emotion_anger,emotion_excitement,64426,-0.1063055863
observation,emotion_anger,emotion_fear,64426,-0.01355859307
observation,emotion_anger,emotion_gratitude,64426,-0.02352268072
observation,emotion_anger,emotion_grief,64426,-0.04412673564
observation,emotion_anger,emotion_joy,64426,-0.1063296117
observation,emotion_anger,emotion_love,64426,-0.08473173633
observation,emotion_anger,emotion_nervousness,64426,-0.0327349109
observation,emotion_anger,emotion_optimism,64426,-0.08245038994
observation,emotion_anger,emotion_pride,64426,-0.04419730453
observation,emotion_anger,emotion_realization,64426,-0.07305255033
observation,emotion_anger,emotion_relief,64426,-0.1128738333
observation,emotion_anger,emotion_remorse,64426,-0.02002900854
observation,emotion_anger,emotion_sadness,64426,-0.02907384341
observation,emotion_anger,emotion_surprise,64426,-0.0408420527
observation,emotion_anger,emotion_neutral,64426,-0.07969773808
observation,emotion_anger,sentiment_negative,64426,0.2309966725
observation,emotion_anger,sentiment_neutral,64426,-0.020373156
observation,emotion_anger,sentiment_positive,64426,-0.2343843777
observation,emotion_annoyance,emotion_approval,64426,-0.2082400317
observation,emotion_annoyance,emotion_caring,64426,-0.1127679664
observation,emotion_annoyance,emotion_confusion,64426,0.02789611684
observation,emotion_annoyance,emotion_curiosity,64426,-0.06351261674
observation,emotion_annoyance,emotion_desire,64426,-0.1400177048
observation,emotion_annoyance,emotion_disappointment,64426,0.2414202531
observation,emotion_annoyance,emotion_disapproval,64426,0.3505359378
observation,emotion_annoyance,emotion_disgust,64426,0.4407258176
observation,emotion_annoyance,emotion_embarrassment,64426,0.1631100842
observation,emotion_annoyance,emotion_excitement,64426,-0.174591138
observation,emotion_annoyance,emotion_fear,64426,-0.04034289244
observation,emotion_annoyance,emotion_gratitude,64426,-0.03562590586
observation,emotion_annoyance,emotion_grief,64426,-0.07256908761
observation,emotion_annoyance,emotion_joy,64426,-0.1581998142
observation,emotion_annoyance,emotion_love,64426,-0.2641456601
observation,emotion_annoyance,emotion_nervousness,64426,-0.02982086444
observation,emotion_annoyance,emotion_optimism,64426,-0.1349800106
observation,emotion_annoyance,emotion_pride,64426,-0.06400912285
observation,emotion_annoyance,emotion_realization,64426,-0.01484411565
observation,emotion_annoyance,emotion_relief,64426,-0.1271602337
observation,emotion_annoyance,emotion_remorse,64426,-0.03691222559
observation,emotion_annoyance,emotion_sadness,64426,-0.02115658932
observation,emotion_annoyance,emotion_surprise,64426,-0.05194827451
observation,emotion_annoyance,emotion_neutral,64426,0.01360727114
observation,emotion_annoyance,sentiment_negative,64426,0.3572072792
observation,emotion_annoyance,sentiment_neutral,64426,-0.03504162342
observation,emotion_annoyance,sentiment_positive,64426,-0.3605375379
observation,emotion_approval,emotion_caring,64426,0.1797063251
observation,emotion_approval,emotion_confusion,64426,-0.08120198907
observation,emotion_approval,emotion_curiosity,64426,-0.08737774005
observation,emotion_approval,emotion_desire,64426,-0.09175273262
observation,emotion_approval,emotion_disappointment,64426,-0.2424665146
observation,emotion_approval,emotion_disapproval,64426,-0.07997240949
observation,emotion_approval,emotion_disgust,64426,-0.171100965
observation,emotion_approval,emotion_embarrassment,64426,-0.1014061448
observation,emotion_approval,emotion_excitement,64426,0.07832876494
observation,emotion_approval,emotion_fear,64426,-0.06619862175
observation,emotion_approval,emotion_gratitude,64426,-0.01127155033
observation,emotion_approval,emotion_grief,64426,-0.2110768074
observation,emotion_approval,emotion_joy,64426,0.1522154772
observation,emotion_approval,emotion_love,64426,0.07476538337
observation,emotion_approval,emotion_nervousness,64426,-0.1056545604
observation,emotion_approval,emotion_optimism,64426,0.1301143452
observation,emotion_approval,emotion_pride,64426,0.1679127077
observation,emotion_approval,emotion_realization,64426,0.03455343182
observation,emotion_approval,emotion_relief,64426,0.2399814804
observation,emotion_approval,emotion_remorse,64426,-0.04526039101
observation,emotion_approval,emotion_sadness,64426,-0.2287212421
observation,emotion_approval,emotion_surprise,64426,-0.08659155729
observation,emotion_approval,emotion_neutral,64426,-0.09094133127
observation,emotion_approval,sentiment_negative,64426,-0.1950884642
observation,emotion_approval,sentiment_neutral,64426,-0.0136827834
observation,emotion_approval,sentiment_positive,64426,0.2146153382
observation,emotion_caring,emotion_confusion,64426,-0.06220369513
observation,emotion_caring,emotion_curiosity,64426,-0.02744075017
observation,emotion_caring,emotion_desire,64426,0.04247747792
observation,emotion_caring,emotion_disappointment,64426,-0.1016591399
observation,emotion_caring,emotion_disapproval,64426,-0.02644981095
observation,emotion_caring,emotion_disgust,64426,-0.07571552499
observation,emotion_caring,emotion_embarrassment,64426,-0.05990729696
observation,emotion_caring,emotion_excitement,64426,-0.08212879811
observation,emotion_caring,emotion_fear,64426,0.002191143369
observation,emotion_caring,emotion_gratitude,64426,0.007160813542
observation,emotion_caring,emotion_grief,64426,0.04904446272
observation,emotion_caring,emotion_joy,64426,-0.03010473616
observation,emotion_caring,emotion_love,64426,0.1381736842
observation,emotion_caring,emotion_nervousness,64426,0.02542840484
observation,emotion_caring,emotion_optimism,64426,0.244424254
observation,emotion_caring,emotion_pride,64426,0.009368699913
observation,emotion_caring,emotion_realization,64426,-0.09230742309
observation,emotion_caring,emotion_relief,64426,0.1217359951
observation,emotion_caring,emotion_remorse,64426,0.05077775769
observation,emotion_caring,emotion_sadness,64426,-0.006010670327
observation,emotion_caring,emotion_surprise,64426,-0.0804123286
observation,emotion_caring,emotion_neutral,64426,-0.1641989317
observation,emotion_caring,sentiment_negative,64426,-0.07011387221
observation,emotion_caring,sentiment_neutral,64426,0.04109958791
observation,emotion_caring,sentiment_positive,64426,0.05230372059
observation,emotion_confusion,emotion_curiosity,64426,0.3946010156
observation,emotion_confusion,emotion_desire,64426,-0.0870934866
observation,emotion_confusion,emotion_disappointment,64426,0.1260641952
observation,emotion_confusion,emotion_disapproval,64426,0.08511788886
observation,emotion_confusion,emotion_disgust,64426,0.004021868549
observation,emotion_confusion,emotion_embarrassment,64426,0.09303615081
observation,emotion_confusion,emotion_excitement,64426,-0.06206903644
observation,emotion_confusion,emotion_fear,64426,0.09744706578
observation,emotion_confusion,emotion_gratitude,64426,-0.01484015372
observation,emotion_confusion,emotion_grief,64426,0.0441088232
observation,emotion_confusion,emotion_joy,64426,-0.07419031458
observation,emotion_confusion,emotion_love,64426,-0.05106985088
observation,emotion_confusion,emotion_nervousness,64426,0.2069517979
observation,emotion_confusion,emotion_optimism,64426,-0.02744681972
observation,emotion_confusion,emotion_pride,64426,-0.04824169479
observation,emotion_confusion,emotion_realization,64426,0.1207421434
observation,emotion_confusion,emotion_relief,64426,-0.03720211985
observation,emotion_confusion,emotion_remorse,64426,0.02755875213
observation,emotion_confusion,emotion_sadness,64426,0.01517766364
observation,emotion_confusion,emotion_surprise,64426,0.1067001524
observation,emotion_confusion,emotion_neutral,64426,-0.1241769796
observation,emotion_confusion,sentiment_negative,64426,0.16092267
observation,emotion_confusion,sentiment_neutral,64426,0.001872747508
observation,emotion_confusion,sentiment_positive,64426,-0.1719507182
observation,emotion_curiosity,emotion_desire,64426,-0.04309287529
observation,emotion_curiosity,emotion_disappointment,64426,0.01715800646
observation,emotion_curiosity,emotion_disapproval,64426,-0.01890851187
observation,emotion_curiosity,emotion_disgust,64426,-0.04220555578
observation,emotion_curiosity,emotion_embarrassment,64426,0.01737745254
observation,emotion_curiosity,emotion_excitement,64426,-0.01640912321
observation,emotion_curiosity,emotion_fear,64426,0.03063979833
observation,emotion_curiosity,emotion_gratitude,64426,-0.02116771992
observation,emotion_curiosity,emotion_grief,64426,0.05210220646
observation,emotion_curiosity,emotion_joy,64426,-0.09128304172
observation,emotion_curiosity,emotion_love,64426,-0.02018313873
observation,emotion_curiosity,emotion_nervousness,64426,0.08157595999
observation,emotion_curiosity,emotion_optimism,64426,0.002870868836
observation,emotion_curiosity,emotion_pride,64426,-0.07465595372
observation,emotion_curiosity,emotion_realization,64426,-0.06532982803
observation,emotion_curiosity,emotion_relief,64426,-0.09995638636
observation,emotion_curiosity,emotion_remorse,64426,0.04989635113
observation,emotion_curiosity,emotion_sadness,64426,0.02646296731
observation,emotion_curiosity,emotion_surprise,64426,0.1159256022
observation,emotion_curiosity,emotion_neutral,64426,-0.1417007812
observation,emotion_curiosity,sentiment_negative,64426,0.1098681403
observation,emotion_curiosity,sentiment_neutral,64426,0.0238949675
observation,emotion_curiosity,sentiment_positive,64426,-0.1295998192
observation,emotion_desire,emotion_disappointment,64426,-0.01410578751
observation,emotion_desire,emotion_disapproval,64426,-0.0859437384
observation,emotion_desire,emotion_disgust,64426,0.01882420263
observation,emotion_desire,emotion_embarrassment,64426,-0.06331999747
observation,emotion_desire,emotion_excitement,64426,-0.03028313406
observation,emotion_desire,emotion_fear,64426,-0.05217498373
observation,emotion_desire,emotion_gratitude,64426,-0.01051490668
observation,emotion_desire,emotion_grief,64426,0.0227547495
observation,emotion_desire,emotion_joy,64426,-0.07285777773
observation,emotion_desire,emotion_love,64426,0.1268784772
observation,emotion_desire,emotion_nervousness,64426,-0.04477278847
observation,emotion_desire,emotion_optimism,64426,0.2169346627
observation,emotion_desire,emotion_pride,64426,-0.02612902813
observation,emotion_desire,emotion_realization,64426,-0.1013668944
observation,emotion_desire,emotion_relief,64426,-0.06425377977
observation,emotion_desire,emotion_remorse,64426,0.009268285077
observation,emotion_desire,emotion_sadness,64426,0.009291700561
observation,emotion_desire,emotion_surprise,64426,-0.05802259932
observation,emotion_desire,emotion_neutral,64426,-0.2712579909
observation,emotion_desire,sentiment_negative,64426,-0.1243825539
observation,emotion_desire,sentiment_neutral,64426,0.04941576835
observation,emotion_desire,sentiment_positive,64426,0.1054637847
observation,emotion_disappointment,emotion_disapproval,64426,0.1886637118
observation,emotion_disappointment,emotion_disgust,64426,0.1747571662
observation,emotion_disappointment,emotion_embarrassment,64426,0.2310477244
observation,emotion_disappointment,emotion_excitement,64426,-0.1732996911
observation,emotion_disappointment,emotion_fear,64426,0.01747226136
observation,emotion_disappointment,emotion_gratitude,64426,-0.0412125365
observation,emotion_disappointment,emotion_grief,64426,0.5066703279
observation,emotion_disappointment,emotion_joy,64426,-0.1507752156
observation,emotion_disappointment,emotion_love,64426,-0.1697841467
observation,emotion_disappointment,emotion_nervousness,64426,0.2197088786
observation,emotion_disappointment,emotion_optimism,64426,-0.06812774879
observation,emotion_disappointment,emotion_pride,64426,-0.04996532979
observation,emotion_disappointment,emotion_realization,64426,0.195965772
observation,emotion_disappointment,emotion_relief,64426,0.015467706
observation,emotion_disappointment,emotion_remorse,64426,0.1022778121
observation,emotion_disappointment,emotion_sadness,64426,0.6335862347
observation,emotion_disappointment,emotion_surprise,64426,0.07806279523
observation,emotion_disappointment,emotion_neutral,64426,-0.2830343693
observation,emotion_disappointment,sentiment_negative,64426,0.3836981874
observation,emotion_disappointment,sentiment_neutral,64426,-0.09993336126
observation,emotion_disappointment,sentiment_positive,64426,-0.3536659366
observation,emotion_disapproval,emotion_disgust,64426,0.1292920058
observation,emotion_disapproval,emotion_embarrassment,64426,0.05816770664
observation,emotion_disapproval,emotion_excitement,64426,-0.1185799739
observation,emotion_disapproval,emotion_fear,64426,-0.01484756143
observation,emotion_disapproval,emotion_gratitude,64426,-0.02114395456
observation,emotion_disapproval,emotion_grief,64426,-0.04241539567
observation,emotion_disapproval,emotion_joy,64426,-0.1080642075
observation,emotion_disapproval,emotion_love,64426,-0.1094754486
observation,emotion_disapproval,emotion_nervousness,64426,-0.01073170914
observation,emotion_disapproval,emotion_optimism,64426,-0.05611510466
observation,emotion_disapproval,emotion_pride,64426,-0.04592948531
observation,emotion_disapproval,emotion_realization,64426,0.0001164844415
observation,emotion_disapproval,emotion_relief,64426,-0.06209150236
observation,emotion_disapproval,emotion_remorse,64426,0.002770941494
observation,emotion_disapproval,emotion_sadness,64426,-0.01465164278
observation,emotion_disapproval,emotion_surprise,64426,-0.03167933782
observation,emotion_disapproval,emotion_neutral,64426,-0.06903037799
observation,emotion_disapproval,sentiment_negative,64426,0.2350385081
observation,emotion_disapproval,sentiment_neutral,64426,0.002881591533
observation,emotion_disapproval,sentiment_positive,64426,-0.2512246541
observation,emotion_disgust,emotion_embarrassment,64426,0.305650314
observation,emotion_disgust,emotion_excitement,64426,-0.1045042865
observation,emotion_disgust,emotion_fear,64426,0.08952608624
observation,emotion_disgust,emotion_gratitude,64426,-0.02150329144
observation,emotion_disgust,emotion_grief,64426,0.08524616151
observation,emotion_disgust,emotion_joy,64426,-0.1179386959
observation,emotion_disgust,emotion_love,64426,-0.06001375046
observation,emotion_disgust,emotion_nervousness,64426,0.05880194075
observation,emotion_disgust,emotion_optimism,64426,-0.08290404299
observation,emotion_disgust,emotion_pride,64426,-0.03023736071
observation,emotion_disgust,emotion_realization,64426,0.008116578233
observation,emotion_disgust,emotion_relief,64426,-0.08505071791
observation,emotion_disgust,emotion_remorse,64426,0.01523148217
observation,emotion_disgust,emotion_sadness,64426,0.09523940507
observation,emotion_disgust,emotion_surprise,64426,0.006370152357
observation,emotion_disgust,emotion_neutral,64426,-0.1153866079
observation,emotion_disgust,sentiment_negative,64426,0.2689606238
observation,emotion_disgust,sentiment_neutral,64426,-0.1192101717
observation,emotion_disgust,sentiment_positive,64426,-0.2213852445
observation,emotion_embarrassment,emotion_excitement,64426,-0.05708585659
observation,emotion_embarrassment,emotion_fear,64426,0.05960526444
observation,emotion_embarrassment,emotion_gratitude,64426,-0.009402706987
observation,emotion_embarrassment,emotion_grief,64426,0.1231348633
observation,emotion_embarrassment,emotion_joy,64426,-0.05026407597
observation,emotion_embarrassment,emotion_love,64426,-0.07839590977
observation,emotion_embarrassment,emotion_nervousness,64426,0.1061122062
observation,emotion_embarrassment,emotion_optimism,64426,-0.0569999439
observation,emotion_embarrassment,emotion_pride,64426,0.005778232603
observation,emotion_embarrassment,emotion_realization,64426,0.1953877123
observation,emotion_embarrassment,emotion_relief,64426,0.0160348633
observation,emotion_embarrassment,emotion_remorse,64426,0.1368292353
observation,emotion_embarrassment,emotion_sadness,64426,0.1141314534
observation,emotion_embarrassment,emotion_surprise,64426,0.08662545614
observation,emotion_embarrassment,emotion_neutral,64426,-0.1059053542
observation,emotion_embarrassment,sentiment_negative,64426,0.186112251
observation,emotion_embarrassment,sentiment_neutral,64426,-0.08461601292
observation,emotion_embarrassment,sentiment_positive,64426,-0.1520443471
observation,emotion_excitement,emotion_fear,64426,-0.0178556089
observation,emotion_excitement,emotion_gratitude,64426,-0.001463623123
observation,emotion_excitement,emotion_grief,64426,-0.1148761808
observation,emotion_excitement,emotion_joy,64426,0.3879583937
observation,emotion_excitement,emotion_love,64426,0.03078356095
observation,emotion_excitement,emotion_nervousness,64426,-0.0292710901
observation,emotion_excitement,emotion_optimism,64426,-0.01842336618
observation,emotion_excitement,emotion_pride,64426,0.116467973
observation,emotion_excitement,emotion_realization,64426,-0.04326706865
observation,emotion_excitement,emotion_relief,64426,0.1148385645
observation,emotion_excitement,emotion_remorse,64426,-0.05591544466
observation,emotion_excitement,emotion_sadness,64426,-0.1460749681
observation,emotion_excitement,emotion_surprise,64426,0.1777047663
observation,emotion_excitement,emotion_neutral,64426,-0.1411687909
observation,emotion_excitement,sentiment_negative,64426,-0.2393315544
observation,emotion_excitement,sentiment_neutral,64426,-0.07709109529
observation,emotion_excitement,sentiment_positive,64426,0.2958238448
observation,emotion_fear,emotion_gratitude,64426,-0.01348611142
observation,emotion_fear,emotion_grief,64426,0.1660059011
observation,emotion_fear,emotion_joy,64426,-0.04659083132
observation,emotion_fear,emotion_love,64426,-0.04054045682
observation,emotion_fear,emotion_nervousness,64426,0.6957016588
observation,emotion_fear,emotion_optimism,64426,-0.01298189221
observation,emotion_fear,emotion_pride,64426,0.005194328662
observation,emotion_fear,emotion_realization,64426,0.07924343748
observation,emotion_fear,emotion_relief,64426,0.04536024491
observation,emotion_fear,emotion_remorse,64426,-0.007680448977
observation,emotion_fear,emotion_sadness,64426,0.05240374862
observation,emotion_fear,emotion_surprise,64426,0.08401035367
observation,emotion_fear,emotion_neutral,64426,-0.1227665886
observation,emotion_fear,sentiment_negative,64426,0.1452676509
observation,emotion_fear,sentiment_neutral,64426,-0.07504725651
observation,emotion_fear,sentiment_positive,64426,-0.1138198325
observation,emotion_gratitude,emotion_grief,64426,-0.0009575352454
observation,emotion_gratitude,emotion_joy,64426,0.0212868726
observation,emotion_gratitude,emotion_love,64426,-3.142377249e-05
observation,emotion_gratitude,emotion_nervousness,64426,-0.02109794091
observation,emotion_gratitude,emotion_optimism,64426,0.02345568626
observation,emotion_gratitude,emotion_pride,64426,0.04126313186
observation,emotion_gratitude,emotion_realization,64426,-0.02001233947
observation,emotion_gratitude,emotion_relief,64426,0.1209067861
observation,emotion_gratitude,emotion_remorse,64426,0.02281168371
observation,emotion_gratitude,emotion_sadness,64426,-0.02530601709
observation,emotion_gratitude,emotion_surprise,64426,-0.01071271094
observation,emotion_gratitude,emotion_neutral,64426,-0.08590940319
observation,emotion_gratitude,sentiment_negative,64426,-0.03169843285
observation,emotion_gratitude,sentiment_neutral,64426,-0.06269183357
observation,emotion_gratitude,sentiment_positive,64426,0.06749635859
observation,emotion_grief,emotion_joy,64426,-0.06591485334
observation,emotion_grief,emotion_love,64426,-0.02068852738
observation,emotion_grief,emotion_nervousness,64426,0.3643953888
observation,emotion_grief,emotion_optimism,64426,-0.03854143877
observation,emotion_grief,emotion_pride,64426,0.006351424919
observation,emotion_grief,emotion_realization,64426,0.1595468797
observation,emotion_grief,emotion_relief,64426,0.1440151398
observation,emotion_grief,emotion_remorse,64426,0.2266063391
observation,emotion_grief,emotion_sadness,64426,0.9131505473
observation,emotion_grief,emotion_surprise,64426,0.1332396123
observation,emotion_grief,emotion_neutral,64426,-0.3429557335
observation,emotion_grief,sentiment_negative,64426,0.250166728
observation,emotion_grief,sentiment_neutral,64426,-0.08949394232
observation,emotion_grief,sentiment_positive,64426,-0.2174544535
observation,emotion_joy,emotion_love,64426,0.02803155735
observation,emotion_joy,emotion_nervousness,64426,-0.03202252993
observation,emotion_joy,emotion_optimism,64426,0.0004976162945
observation,emotion_joy,emotion_pride,64426,0.215361021
observation,emotion_joy,emotion_realization,64426,-0.01489450421
observation,emotion_joy,emotion_relief,64426,0.5650091317
observation,emotion_joy,emotion_remorse,64426,-0.04511106492
observation,emotion_joy,emotion_sadness,64426,-0.1082583653
observation,emotion_joy,emotion_surprise,64426,-0.004526673289
observation,emotion_joy,emotion_neutral,64426,-0.1992002464
observation,emotion_joy,sentiment_negative,64426,-0.219439418
observation,emotion_joy,sentiment_neutral,64426,-0.133787959
observation,emotion_joy,sentiment_positive,64426,0.3052835536
observation,emotion_love,emotion_nervousness,64426,-0.05098791242
observation,emotion_love,emotion_optimism,64426,0.1034294758
observation,emotion_love,emotion_pride,64426,-0.009537808728
observation,emotion_love,emotion_realization,64426,-0.1113721693
observation,emotion_love,emotion_relief,64426,-0.08564719427
observation,emotion_love,emotion_remorse,64426,-0.007997395343
observation,emotion_love,emotion_sadness,64426,-0.08364931146
observation,emotion_love,emotion_surprise,64426,0.002440602422
observation,emotion_love,emotion_neutral,64426,-0.5439182587
observation,emotion_love,sentiment_negative,64426,-0.3243413339
observation,emotion_love,sentiment_neutral,64426,-0.04803336877
observation,emotion_love,sentiment_positive,64426,0.3704478176
observation,emotion_nervousness,emotion_optimism,64426,-0.01437573843
observation,emotion_nervousness,emotion_pride,64426,-0.003927826833
observation,emotion_nervousness,emotion_realization,64426,0.1579607211
observation,emotion_nervousness,emotion_relief,64426,0.1365919366
observation,emotion_nervousness,emotion_remorse,64426,0.04706978734
observation,emotion_nervousness,emotion_sadness,64426,0.2613139637
observation,emotion_nervousness,emotion_surprise,64426,0.1195845188
observation,emotion_nervousness,emotion_neutral,64426,-0.2145011533
observation,emotion_nervousness,sentiment_negative,64426,0.1865425787
observation,emotion_nervousness,sentiment_neutral,64426,-0.07759285372
observation,emotion_nervousness,sentiment_positive,64426,-0.1562907305
observation,emotion_optimism,emotion_pride,64426,0.02529780089
observation,emotion_optimism,emotion_realization,64426,-0.02837238302
observation,emotion_optimism,emotion_relief,64426,0.05971113628
observation,emotion_optimism,emotion_remorse,64426,0.02341601717
observation,emotion_optimism,emotion_sadness,64426,-0.07088729786
observation,emotion_optimism,emotion_surprise,64426,-0.02755545993
observation,emotion_optimism,emotion_neutral,64426,-0.1760039044
observation,emotion_optimism,sentiment_negative,64426,-0.104636064
observation,emotion_optimism,sentiment_neutral,64426,-0.001518389503
observation,emotion_optimism,sentiment_positive,64426,0.1119689988
observation,emotion_pride,emotion_realization,64426,0.06661819521
observation,emotion_pride,emotion_relief,64426,0.4265851797
observation,emotion_pride,emotion_remorse,64426,-0.0120606844
observation,emotion_pride,emotion_sadness,64426,-0.04947846599
observation,emotion_pride,emotion_surprise,64426,0.015378608
observation,emotion_pride,emotion_neutral,64426,-0.09221205874
observation,emotion_pride,sentiment_negative,64426,-0.07693698465
observation,emotion_pride,sentiment_neutral,64426,-0.1084115935
observation,emotion_pride,sentiment_positive,64426,0.1402186391
observation,emotion_realization,emotion_relief,64426,0.2185398646
observation,emotion_realization,emotion_remorse,64426,0.02980675545
observation,emotion_realization,emotion_sadness,64426,0.08824867649
observation,emotion_realization,emotion_surprise,64426,0.2678866119
observation,emotion_realization,emotion_neutral,64426,-0.06393445122
observation,emotion_realization,sentiment_negative,64426,0.1051816609
observation,emotion_realization,sentiment_neutral,64426,-0.00865926966
observation,emotion_realization,sentiment_positive,64426,-0.1070573281
observation,emotion_relief,emotion_remorse,64426,0.0270412261
observation,emotion_relief,emotion_sadness,64426,0.04903882037
observation,emotion_relief,emotion_surprise,64426,0.03855344948
observation,emotion_relief,emotion_neutral,64426,-0.1817639134
observation,emotion_relief,sentiment_negative,64426,-0.07020943415
observation,emotion_relief,sentiment_neutral,64426,-0.118052211
observation,emotion_relief,sentiment_positive,64426,0.138273782
observation,emotion_remorse,emotion_sadness,64426,0.243488299
observation,emotion_remorse,emotion_surprise,64426,-0.01396733253
observation,emotion_remorse,emotion_neutral,64426,-0.1499273733
observation,emotion_remorse,sentiment_negative,64426,0.1307130991
observation,emotion_remorse,sentiment_neutral,64426,-0.06491202801
observation,emotion_remorse,sentiment_positive,64426,-0.1038275916
observation,emotion_sadness,emotion_surprise,64426,0.02853981893
observation,emotion_sadness,emotion_neutral,64426,-0.3051806487
observation,emotion_sadness,sentiment_negative,64426,0.3147057014
observation,emotion_sadness,sentiment_neutral,64426,-0.09029155037
observation,emotion_sadness,sentiment_positive,64426,-0.2855807139
observation,emotion_surprise,emotion_neutral,64426,-0.1346396011
observation,emotion_surprise,sentiment_negative,64426,0.01416004275
observation,emotion_surprise,sentiment_neutral,64426,-0.01155864283
observation,emotion_surprise,sentiment_positive,64426,-0.008805180529
observation,emotion_neutral,sentiment_negative,64426,0.02039845486
observation,emotion_neutral,sentiment_neutral,64426,0.1938607657
observation,emotion_neutral,sentiment_positive,64426,-0.1262636536
observation,sentiment_negative,sentiment_neutral,64426,-0.3659577326
observation,sentiment_negative,sentiment_positive,64426,-0.8648028047
observation,sentiment_neutral,sentiment_positive,64426,-0.1507996307
song,best_chart_rank,weekly_observation_count,28041,-0.6483511788
song,best_chart_rank,chart_weeks,28041,-0.6484371256
song,best_chart_rank,total_chart_points,28041,-0.7403842714
song,best_chart_rank,snapshot_months_selected,28041,-0.6189922587
song,best_chart_rank,mb_duration_median_seconds,22194,-0.01058961382
song,best_chart_rank,ll_sexual_content,20979,-0.02118419842
song,best_chart_rank,ll_violence,20979,0.02762407284
song,best_chart_rank,ll_explicit_language,20979,0.01060711674
song,best_chart_rank,ll_substance_use,20979,0.03840985449
song,best_chart_rank,detox_toxicity,20981,0.03023232912
song,best_chart_rank,detox_severe_toxicity,20981,0.02825745386
song,best_chart_rank,detox_obscene,20981,0.02851558842
song,best_chart_rank,detox_threat,20981,0.008897880896
song,best_chart_rank,detox_insult,20981,0.03644800607
song,best_chart_rank,detox_identity_attack,20981,0.04030078811
song,best_chart_rank,detox_sexual_explicit,20981,0.004606941511
song,best_chart_rank,emotion_admiration,20981,-0.005728977082
song,best_chart_rank,emotion_amusement,20981,0.00130652945
song,best_chart_rank,emotion_anger,20981,0.01838041106
song,best_chart_rank,emotion_annoyance,20981,0.02616036859
song,best_chart_rank,emotion_approval,20981,-0.00208300355
song,best_chart_rank,emotion_caring,20981,-0.006607101173
song,best_chart_rank,emotion_confusion,20981,-0.01381633674
song,best_chart_rank,emotion_curiosity,20981,-0.03971421624
song,best_chart_rank,emotion_desire,20981,-0.002975702832
song,best_chart_rank,emotion_disappointment,20981,0.005571057897
song,best_chart_rank,emotion_disapproval,20981,0.0008782812975
song,best_chart_rank,emotion_disgust,20981,0.01261408719
song,best_chart_rank,emotion_embarrassment,20981,-0.007638725942
song,best_chart_rank,emotion_excitement,20981,-0.03502719936
song,best_chart_rank,emotion_fear,20981,-0.0001143275239
song,best_chart_rank,emotion_gratitude,20981,0.003408283598
song,best_chart_rank,emotion_grief,20981,-0.01011251519
song,best_chart_rank,emotion_joy,20981,-0.006600228911
song,best_chart_rank,emotion_love,20981,-0.030044167
song,best_chart_rank,emotion_nervousness,20981,-0.01284191296
song,best_chart_rank,emotion_optimism,20981,-0.000757549
song,best_chart_rank,emotion_pride,20981,0.003926409334
song,best_chart_rank,emotion_realization,20981,0.004863053976
song,best_chart_rank,emotion_relief,20981,0.002064648402
song,best_chart_rank,emotion_remorse,20981,-0.001661149886
song,best_chart_rank,emotion_sadness,20981,-0.002232493964
song,best_chart_rank,emotion_surprise,20981,-0.0227605537
song,best_chart_rank,emotion_neutral,20981,0.03838652463
song,best_chart_rank,sentiment_negative,20981,0.03485215494
song,best_chart_rank,sentiment_neutral,20981,0.006249299815
song,best_chart_rank,sentiment_positive,20981,-0.04038580032
song,weekly_observation_count,chart_weeks,28041,0.9999584376
song,weekly_observation_count,total_chart_points,28041,0.924270363
song,weekly_observation_count,snapshot_months_selected,28041,0.9734061966
song,weekly_observation_count,mb_duration_median_seconds,22194,0.1353290228
song,weekly_observation_count,ll_sexual_content,20979,0.04616584652
song,weekly_observation_count,ll_violence,20979,-0.01996287197
song,weekly_observation_count,ll_explicit_language,20979,0.0613100627
song,weekly_observation_count,ll_substance_use,20979,0.0419590199
song,weekly_observation_count,detox_toxicity,20981,-0.0003048445942
song,weekly_observation_count,detox_severe_toxicity,20981,-0.0155707344
song,weekly_observation_count,detox_obscene,20981,-0.00385105963
song,weekly_observation_count,detox_threat,20981,0.004744160432
song,weekly_observation_count,detox_insult,20981,-0.03389753069
song,weekly_observation_count,detox_identity_attack,20981,-0.03400329841
song,weekly_observation_count,detox_sexual_explicit,20981,0.02996083485
song,weekly_observation_count,emotion_admiration,20981,0.008823420656
song,weekly_observation_count,emotion_amusement,20981,-0.006039879397
song,weekly_observation_count,emotion_anger,20981,-0.01199595829
song,weekly_observation_count,emotion_annoyance,20981,-0.01319720786
song,weekly_observation_count,emotion_approval,20981,0.02642919635
song,weekly_observation_count,emotion_caring,20981,-0.005788875203
song,weekly_observation_count,emotion_confusion,20981,0.02326129616
song,weekly_observation_count,emotion_curiosity,20981,0.03388519814
song,weekly_observation_count,emotion_desire,20981,0.03145492003
song,weekly_observation_count,emotion_disappointment,20981,-0.00507026558
song,weekly_observation_count,emotion_disapproval,20981,0.0008769490794
song,weekly_observation_count,emotion_disgust,20981,-0.01060074883
song,weekly_observation_count,emotion_embarrassment,20981,-0.004403793327
song,weekly_observation_count,emotion_excitement,20981,0.01990662382
song,weekly_observation_count,emotion_fear,20981,0.02231111751
song,weekly_observation_count,emotion_gratitude,20981,-0.005417622883
song,weekly_observation_count,emotion_grief,20981,-0.02876937367
song,weekly_observation_count,emotion_joy,20981,-0.009706733313
song,weekly_observation_count,emotion_love,20981,-0.002936004233
song,weekly_observation_count,emotion_nervousness,20981,0.02526177421
song,weekly_observation_count,emotion_optimism,20981,0.01837565228
song,weekly_observation_count,emotion_pride,20981,0.003168523981
song,weekly_observation_count,emotion_realization,20981,0.01505958438
song,weekly_observation_count,emotion_relief,20981,-0.007766171617
song,weekly_observation_count,emotion_remorse,20981,0.003572715046
song,weekly_observation_count,emotion_sadness,20981,-0.03348540034
song,weekly_observation_count,emotion_surprise,20981,0.009909914024
song,weekly_observation_count,emotion_neutral,20981,-0.0230415981
song,weekly_observation_count,sentiment_negative,20981,-0.01597390159
song,weekly_observation_count,sentiment_neutral,20981,0.03193566369
song,weekly_observation_count,sentiment_positive,20981,-0.0001510140327
song,chart_weeks,total_chart_points,28041,0.9242737105
song,chart_weeks,snapshot_months_selected,28041,0.9734436843
song,chart_weeks,mb_duration_median_seconds,22194,0.1353690815
song,chart_weeks,ll_sexual_content,20979,0.04616584652
song,chart_weeks,ll_violence,20979,-0.01996287197
song,chart_weeks,ll_explicit_language,20979,0.0613100627
song,chart_weeks,ll_substance_use,20979,0.0419590199
song,chart_weeks,detox_toxicity,20981,-0.0003048445942
song,chart_weeks,detox_severe_toxicity,20981,-0.0155707344
song,chart_weeks,detox_obscene,20981,-0.00385105963
song,chart_weeks,detox_threat,20981,0.004744160432
song,chart_weeks,detox_insult,20981,-0.03389753069
song,chart_weeks,detox_identity_attack,20981,-0.03400329841
song,chart_weeks,detox_sexual_explicit,20981,0.02996083485
song,chart_weeks,emotion_admiration,20981,0.008823420656
song,chart_weeks,emotion_amusement,20981,-0.006039879397
song,chart_weeks,emotion_anger,20981,-0.01199595829
song,chart_weeks,emotion_annoyance,20981,-0.01319720786
song,chart_weeks,emotion_approval,20981,0.02642919635
song,chart_weeks,emotion_caring,20981,-0.005788875203
song,chart_weeks,emotion_confusion,20981,0.02326129616
song,chart_weeks,emotion_curiosity,20981,0.03388519814
song,chart_weeks,emotion_desire,20981,0.03145492003
song,chart_weeks,emotion_disappointment,20981,-0.00507026558
song,chart_weeks,emotion_disapproval,20981,0.0008769490794
song,chart_weeks,emotion_disgust,20981,-0.01060074883
song,chart_weeks,emotion_embarrassment,20981,-0.004403793327
song,chart_weeks,emotion_excitement,20981,0.01990662382
song,chart_weeks,emotion_fear,20981,0.02231111751
song,chart_weeks,emotion_gratitude,20981,-0.005417622883
song,chart_weeks,emotion_grief,20981,-0.02876937367
song,chart_weeks,emotion_joy,20981,-0.009706733313
song,chart_weeks,emotion_love,20981,-0.002936004233
song,chart_weeks,emotion_nervousness,20981,0.02526177421
song,chart_weeks,emotion_optimism,20981,0.01837565228
song,chart_weeks,emotion_pride,20981,0.003168523981
song,chart_weeks,emotion_realization,20981,0.01505958438
song,chart_weeks,emotion_relief,20981,-0.007766171617
song,chart_weeks,emotion_remorse,20981,0.003572715046
song,chart_weeks,emotion_sadness,20981,-0.03348540034
song,chart_weeks,emotion_surprise,20981,0.009909914024
song,chart_weeks,emotion_neutral,20981,-0.0230415981
song,chart_weeks,sentiment_negative,20981,-0.01597390159
song,chart_weeks,sentiment_neutral,20981,0.03193566369
song,chart_weeks,sentiment_positive,20981,-0.0001510140327
song,total_chart_points,snapshot_months_selected,28041,0.9099015239
song,total_chart_points,mb_duration_median_seconds,22194,0.080073703
song,total_chart_points,ll_sexual_content,20979,0.0450770885
song,total_chart_points,ll_violence,20979,-0.0240591586
song,total_chart_points,ll_explicit_language,20979,0.04294753236
song,total_chart_points,ll_substance_use,20979,0.01098142272
song,total_chart_points,detox_toxicity,20981,-0.003586532553
song,total_chart_points,detox_severe_toxicity,20981,-0.02094863968
song,total_chart_points,detox_obscene,20981,-0.008546765408
song,total_chart_points,detox_threat,20981,0.004939012544
song,total_chart_points,detox_insult,20981,-0.03032550584
song,total_chart_points,detox_identity_attack,20981,-0.03759754127
song,total_chart_points,detox_sexual_explicit,20981,0.01808260497
song,total_chart_points,emotion_admiration,20981,0.00812191342
song,total_chart_points,emotion_amusement,20981,-0.0025909462
song,total_chart_points,emotion_anger,20981,-0.01278960911
song,total_chart_points,emotion_annoyance,20981,-0.01345777786
song,total_chart_points,emotion_approval,20981,0.01811060518
song,total_chart_points,emotion_caring,20981,-2.619877526e-05
song,total_chart_points,emotion_confusion,20981,0.01537102541
song,total_chart_points,emotion_curiosity,20981,0.03383580826
song,total_chart_points,emotion_desire,20981,0.02763579841
song,total_chart_points,emotion_disappointment,20981,8.945697209e-05
song,total_chart_points,emotion_disapproval,20981,-0.001069560428
song,total_chart_points,emotion_disgust,20981,-0.005909527152
song,total_chart_points,emotion_embarrassment,20981,-0.003590081732
song,total_chart_points,emotion_excitement,20981,0.0269262313
song,total_chart_points,emotion_fear,20981,0.01601918707
song,total_chart_points,emotion_gratitude,20981,-0.001744253572
song,total_chart_points,emotion_grief,20981,-0.01014912238
song,total_chart_points,emotion_joy,20981,-0.000734081559
song,total_chart_points,emotion_love,20981,0.01055004563
song,total_chart_points,emotion_nervousness,20981,0.0231063363
song,total_chart_points,emotion_optimism,20981,0.0149228571
song,total_chart_points,emotion_pride,20981,-0.003974319388
song,total_chart_points,emotion_realization,20981,0.004568527668
song,total_chart_points,emotion_relief,20981,-0.007860813131
song,total_chart_points,emotion_remorse,20981,0.007292252372
song,total_chart_points,emotion_sadness,20981,-0.01431744434
song,total_chart_points,emotion_surprise,20981,0.01474081648
song,total_chart_points,emotion_neutral,20981,-0.0372472871
song,total_chart_points,sentiment_negative,20981,-0.02637284452
song,total_chart_points,sentiment_neutral,20981,0.02240063798
song,total_chart_points,sentiment_positive,20981,0.01601220992
song,snapshot_months_selected,mb_duration_median_seconds,22194,0.130253361
song,snapshot_months_selected,ll_sexual_content,20979,0.05156839778
song,snapshot_months_selected,ll_violence,20979,-0.008337460408
song,snapshot_months_selected,ll_explicit_language,20979,0.0750696515
song,snapshot_months_selected,ll_substance_use,20979,0.05568177295
song,snapshot_months_selected,detox_toxicity,20981,0.01901471723
song,snapshot_months_selected,detox_severe_toxicity,20981,-0.004403403616
song,snapshot_months_selected,detox_obscene,20981,0.0169992726
song,snapshot_months_selected,detox_threat,20981,0.004945445739
song,snapshot_months_selected,detox_insult,20981,-0.01788872825
song,snapshot_months_selected,detox_identity_attack,20981,-0.01970744357
song,snapshot_months_selected,detox_sexual_explicit,20981,0.03924334736
song,snapshot_months_selected,emotion_admiration,20981,0.00494172825
song,snapshot_months_selected,emotion_amusement,20981,-0.002947240078
song,snapshot_months_selected,emotion_anger,20981,-0.0009013863437
song,snapshot_months_selected,emotion_annoyance,20981,0.0001970351867
song,snapshot_months_selected,emotion_approval,20981,0.02436140305
song,snapshot_months_selected,emotion_caring,20981,-0.009267144147
song,snapshot_months_selected,emotion_confusion,20981,0.02278303411
song,snapshot_months_selected,emotion_curiosity,20981,0.03375890562
song,snapshot_months_selected,emotion_desire,20981,0.03274105563
song,snapshot_months_selected,emotion_disappointment,20981,-0.004720153188
song,snapshot_months_selected,emotion_disapproval,20981,0.0007016277203
song,snapshot_months_selected,emotion_disgust,20981,-0.001890188867
song,snapshot_months_selected,emotion_embarrassment,20981,-0.001415142417
song,snapshot_months_selected,emotion_excitement,20981,0.01780404817
song,snapshot_months_selected,emotion_fear,20981,0.02119480976
song,snapshot_months_selected,emotion_gratitude,20981,-0.007282353573
song,snapshot_months_selected,emotion_grief,20981,-0.03126815725
song,snapshot_months_selected,emotion_joy,20981,-0.009893866157
song,snapshot_months_selected,emotion_love,20981,-0.008576279399
song,snapshot_months_selected,emotion_nervousness,20981,0.02501752138
song,snapshot_months_selected,emotion_optimism,20981,0.01923775615
song,snapshot_months_selected,emotion_pride,20981,0.001446834567
song,snapshot_months_selected,emotion_realization,20981,0.01463272187
song,snapshot_months_selected,emotion_relief,20981,-0.007217357008
song,snapshot_months_selected,emotion_remorse,20981,0.005548796594
song,snapshot_months_selected,emotion_sadness,20981,-0.03514266162
song,snapshot_months_selected,emotion_surprise,20981,0.008507822442
song,snapshot_months_selected,emotion_neutral,20981,-0.02152646804
song,snapshot_months_selected,sentiment_negative,20981,-0.01076814561
song,snapshot_months_selected,sentiment_neutral,20981,0.03474885986
song,snapshot_months_selected,sentiment_positive,20981,-0.00719131743
song,mb_duration_median_seconds,ll_sexual_content,17908,0.001170280425
song,mb_duration_median_seconds,ll_violence,17908,0.07248499638
song,mb_duration_median_seconds,ll_explicit_language,17908,0.02091028529
song,mb_duration_median_seconds,ll_substance_use,17908,0.01424976709
song,mb_duration_median_seconds,detox_toxicity,17909,-0.03051397292
song,mb_duration_median_seconds,detox_severe_toxicity,17909,-0.05285432211
song,mb_duration_median_seconds,detox_obscene,17909,-0.04120514921
song,mb_duration_median_seconds,detox_threat,17909,0.009070869013
song,mb_duration_median_seconds,detox_insult,17909,-0.06055647115
song,mb_duration_median_seconds,detox_identity_attack,17909,-0.0486017601
song,mb_duration_median_seconds,detox_sexual_explicit,17909,-0.003605450104
song,mb_duration_median_seconds,emotion_admiration,17909,-0.01904574159
song,mb_duration_median_seconds,emotion_amusement,17909,-0.01927923894
song,mb_duration_median_seconds,emotion_anger,17909,-0.02602510635
song,mb_duration_median_seconds,emotion_annoyance,17909,-0.01188190896
song,mb_duration_median_seconds,emotion_approval,17909,0.02589003482
song,mb_duration_median_seconds,emotion_caring,17909,0.004362107837
song,mb_duration_median_seconds,emotion_confusion,17909,0.03719198503
song,mb_duration_median_seconds,emotion_curiosity,17909,0.01944886247
song,mb_duration_median_seconds,emotion_desire,17909,0.01652359469
song,mb_duration_median_seconds,emotion_disappointment,17909,0.02113677469
song,mb_duration_median_seconds,emotion_disapproval,17909,0.02530561605
song,mb_duration_median_seconds,emotion_disgust,17909,-0.02681272786
song,mb_duration_median_seconds,emotion_embarrassment,17909,0.0001477695342
song,mb_duration_median_seconds,emotion_excitement,17909,-0.02035440252
song,mb_duration_median_seconds,emotion_fear,17909,0.01316615983
song,mb_duration_median_seconds,emotion_gratitude,17909,-0.002291464662
song,mb_duration_median_seconds,emotion_grief,17909,-0.03003778483
song,mb_duration_median_seconds,emotion_joy,17909,-0.04048239358
song,mb_duration_median_seconds,emotion_love,17909,-0.0285987787
song,mb_duration_median_seconds,emotion_nervousness,17909,0.01614724466
song,mb_duration_median_seconds,emotion_optimism,17909,0.009348206555
song,mb_duration_median_seconds,emotion_pride,17909,-0.0111757571
song,mb_duration_median_seconds,emotion_realization,17909,0.03079655291
song,mb_duration_median_seconds,emotion_relief,17909,-0.005115123424
song,mb_duration_median_seconds,emotion_remorse,17909,-0.007600852538
song,mb_duration_median_seconds,emotion_sadness,17909,-0.02778038288
song,mb_duration_median_seconds,emotion_surprise,17909,0.00473949883
song,mb_duration_median_seconds,emotion_neutral,17909,0.01724299446
song,mb_duration_median_seconds,sentiment_negative,17909,0.04294025741
song,mb_duration_median_seconds,sentiment_neutral,17909,-0.005045629335
song,mb_duration_median_seconds,sentiment_positive,17909,-0.04322290776
song,ll_sexual_content,ll_violence,20979,0.04559868132
song,ll_sexual_content,ll_explicit_language,20979,0.3357431954
song,ll_sexual_content,ll_substance_use,20979,0.1716858083
song,ll_sexual_content,detox_toxicity,20979,0.3318022038
song,ll_sexual_content,detox_severe_toxicity,20979,0.2134145652
song,ll_sexual_content,detox_obscene,20979,0.358056234
song,ll_sexual_content,detox_threat,20979,0.01445863434
song,ll_sexual_content,detox_insult,20979,0.2407943163
song,ll_sexual_content,detox_identity_attack,20979,0.2500188852
song,ll_sexual_content,detox_sexual_explicit,20979,0.2851898404
song,ll_sexual_content,emotion_admiration,20979,0.044987365
song,ll_sexual_content,emotion_amusement,20979,0.020593317
song,ll_sexual_content,emotion_anger,20979,0.1656104884
song,ll_sexual_content,emotion_annoyance,20979,0.1421936498
song,ll_sexual_content,emotion_approval,20979,0.02403755117
song,ll_sexual_content,emotion_caring,20979,-0.04261255273
song,ll_sexual_content,emotion_confusion,20979,-0.08740854223
song,ll_sexual_content,emotion_curiosity,20979,-0.04475724089
song,ll_sexual_content,emotion_desire,20979,0.01358043781
song,ll_sexual_content,emotion_disappointment,20979,-0.1832012736
song,ll_sexual_content,emotion_disapproval,20979,-0.02549517071
song,ll_sexual_content,emotion_disgust,20979,0.07579573881
song,ll_sexual_content,emotion_embarrassment,20979,-0.03125410185
song,ll_sexual_content,emotion_excitement,20979,0.06007111552
song,ll_sexual_content,emotion_fear,20979,-0.04744553859
song,ll_sexual_content,emotion_gratitude,20979,-0.01454419062
song,ll_sexual_content,emotion_grief,20979,-0.2094235017
song,ll_sexual_content,emotion_joy,20979,-0.0007703075768
song,ll_sexual_content,emotion_love,20979,0.135988634
song,ll_sexual_content,emotion_nervousness,20979,-0.1007852497
song,ll_sexual_content,emotion_optimism,20979,-0.08542285839
song,ll_sexual_content,emotion_pride,20979,-0.03072139803
song,ll_sexual_content,emotion_realization,20979,-0.1569020559
song,ll_sexual_content,emotion_relief,20979,-0.1256121032
song,ll_sexual_content,emotion_remorse,20979,-0.04869847604
song,ll_sexual_content,emotion_sadness,20979,-0.2018287652
song,ll_sexual_content,emotion_surprise,20979,-0.05071414956
song,ll_sexual_content,emotion_neutral,20979,-0.01269313812
song,ll_sexual_content,sentiment_negative,20979,-0.1372721521
song,ll_sexual_content,sentiment_neutral,20979,0.09406672439
song,ll_sexual_content,sentiment_positive,20979,0.09541828477
song,ll_violence,ll_explicit_language,20979,0.3291921808
song,ll_violence,ll_substance_use,20979,0.2715797945
song,ll_violence,detox_toxicity,20979,0.3820767241
song,ll_violence,detox_severe_toxicity,20979,0.2206419263
song,ll_violence,detox_obscene,20979,0.3521508412
song,ll_violence,detox_threat,20979,0.1877317169
song,ll_violence,detox_insult,20979,0.2959231602
song,ll_violence,detox_identity_attack,20979,0.3189880195
song,ll_violence,detox_sexual_explicit,20979,0.1326711591
song,ll_violence,emotion_admiration,20979,-0.05585753308
song,ll_violence,emotion_amusement,20979,0.04562442948
song,ll_violence,emotion_anger,20979,0.2224309925
song,ll_violence,emotion_annoyance,20979,0.2818259157
song,ll_violence,emotion_approval,20979,-0.1139451111
song,ll_violence,emotion_caring,20979,-0.08527802012
song,ll_violence,emotion_confusion,20979,-0.003597061377
song,ll_violence,emotion_curiosity,20979,-0.03163735039
song,ll_violence,emotion_desire,20979,-0.1160877084
song,ll_violence,emotion_disappointment,20979,-0.005762634199
song,ll_violence,emotion_disapproval,20979,0.01256060957
song,ll_violence,emotion_disgust,20979,0.1564139627
song,ll_violence,emotion_embarrassment,20979,0.04022636804
song,ll_violence,emotion_excitement,20979,-0.09983002174
song,ll_violence,emotion_fear,20979,0.05638286115
song,ll_violence,emotion_gratitude,20979,0.001860962994
song,ll_violence,emotion_grief,20979,-0.03716643375
song,ll_violence,emotion_joy,20979,-0.0976545487
song,ll_violence,emotion_love,20979,-0.2033887083
song,ll_violence,emotion_nervousness,20979,0.004911097968
song,ll_violence,emotion_optimism,20979,-0.06104427974
song,ll_violence,emotion_pride,20979,-0.02221584075
song,ll_violence,emotion_realization,20979,-0.02897370029
song,ll_violence,emotion_relief,20979,-0.07275431626
song,ll_violence,emotion_remorse,20979,-0.01179215527
song,ll_violence,emotion_sadness,20979,-0.02897516078
song,ll_violence,emotion_surprise,20979,-0.02985132367
song,ll_violence,emotion_neutral,20979,0.1795602292
song,ll_violence,sentiment_negative,20979,0.2290328443
song,ll_violence,sentiment_neutral,20979,-0.08989648998
song,ll_violence,sentiment_positive,20979,-0.195162196
song,ll_explicit_language,ll_substance_use,20979,0.4290075888
song,ll_explicit_language,detox_toxicity,20979,0.640182115
song,ll_explicit_language,detox_severe_toxicity,20979,0.3409107948
song,ll_explicit_language,detox_obscene,20979,0.6679966989
song,ll_explicit_language,detox_threat,20979,0.0516853878
song,ll_explicit_language,detox_insult,20979,0.4772659056
song,ll_explicit_language,detox_identity_attack,20979,0.4085422152
song,ll_explicit_language,detox_sexual_explicit,20979,0.3580929054
song,ll_explicit_language,emotion_admiration,20979,-0.03707914194
song,ll_explicit_language,emotion_amusement,20979,0.08442141752
song,ll_explicit_language,emotion_anger,20979,0.3231415243
song,ll_explicit_language,emotion_annoyance,20979,0.4320744678
song,ll_explicit_language,emotion_approval,20979,-0.07626597442
song,ll_explicit_language,emotion_caring,20979,-0.1144207949
song,ll_explicit_language,emotion_confusion,20979,-0.0301383656
song,ll_explicit_language,emotion_curiosity,20979,-0.02542201497
song,ll_explicit_language,emotion_desire,20979,-0.12878579
song,ll_explicit_language,emotion_disappointment,20979,-0.04077933764
song,ll_explicit_language,emotion_disapproval,20979,0.03687729891
song,ll_explicit_language,emotion_disgust,20979,0.1888252818
song,ll_explicit_language,emotion_embarrassment,20979,0.04204322641
song,ll_explicit_language,emotion_excitement,20979,-0.08647936691
song,ll_explicit_language,emotion_fear,20979,-0.03331148371
song,ll_explicit_language,emotion_gratitude,20979,-0.003301333774
song,ll_explicit_language,emotion_grief,20979,-0.1625894022
song,ll_explicit_language,emotion_joy,20979,-0.09574567639
song,ll_explicit_language,emotion_love,20979,-0.2069759388
song,ll_explicit_language,emotion_nervousness,20979,-0.07092881089
song,ll_explicit_language,emotion_optimism,20979,-0.0809577626
song,ll_explicit_language,emotion_pride,20979,-0.04619525808
song,ll_explicit_language,emotion_realization,20979,-0.08295675144
song,ll_explicit_language,emotion_relief,20979,-0.1171405516
song,ll_explicit_language,emotion_remorse,20979,-0.02679703989
song,ll_explicit_language,emotion_sadness,20979,-0.1288697318
song,ll_explicit_language,emotion_surprise,20979,-0.05604814962
song,ll_explicit_language,emotion_neutral,20979,0.1806637192
song,ll_explicit_language,sentiment_negative,20979,0.1389813422
song,ll_explicit_language,sentiment_neutral,20979,0.06120450819
song,ll_explicit_language,sentiment_positive,20979,-0.1805109082
song,ll_substance_use,detox_toxicity,20979,0.3877655011
song,ll_substance_use,detox_severe_toxicity,20979,0.2568630463
song,ll_substance_use,detox_obscene,20979,0.4316175741
song,ll_substance_use,detox_threat,20979,0.02754444336
song,ll_substance_use,detox_insult,20979,0.3119040792
song,ll_substance_use,detox_identity_attack,20979,0.333739032
song,ll_substance_use,detox_sexual_explicit,20979,0.2241001698
song,ll_substance_use,emotion_admiration,20979,-0.03269430711
song,ll_substance_use,emotion_amusement,20979,0.06861207188
song,ll_substance_use,emotion_anger,20979,0.1804959367
song,ll_substance_use,emotion_annoyance,20979,0.2482378304
song,ll_substance_use,emotion_approval,20979,-0.05971605476
song,ll_substance_use,emotion_caring,20979,-0.1211088344
song,ll_substance_use,emotion_confusion,20979,-0.02893798252
song,ll_substance_use,emotion_curiosity,20979,-0.0525175687
song,ll_substance_use,emotion_desire,20979,-0.1028737002
song,ll_substance_use,emotion_disappointment,20979,-0.06163947939
song,ll_substance_use,emotion_disapproval,20979,-0.008184695885
song,ll_substance_use,emotion_disgust,20979,0.08589291789
song,ll_substance_use,emotion_embarrassment,20979,0.01094047128
song,ll_substance_use,emotion_excitement,20979,-0.04507830242
song,ll_substance_use,emotion_fear,20979,-0.03723420505
song,ll_substance_use,emotion_gratitude,20979,-0.009088876816
song,ll_substance_use,emotion_grief,20979,-0.1422767017
song,ll_substance_use,emotion_joy,20979,-0.01742558598
song,ll_substance_use,emotion_love,20979,-0.1827565066
song,ll_substance_use,emotion_nervousness,20979,-0.05685422839
song,ll_substance_use,emotion_optimism,20979,-0.06968727607
song,ll_substance_use,emotion_pride,20979,-0.02179813456
song,ll_substance_use,emotion_realization,20979,-0.04447752115
song,ll_substance_use,emotion_relief,20979,-0.04303586088
song,ll_substance_use,emotion_remorse,20979,-0.02267751626
song,ll_substance_use,emotion_sadness,20979,-0.1174424627
song,ll_substance_use,emotion_surprise,20979,-0.04297025226
song,ll_substance_use,emotion_neutral,20979,0.2020192133
song,ll_substance_use,sentiment_negative,20979,0.1051954955
song,ll_substance_use,sentiment_neutral,20979,-0.01198219831
song,ll_substance_use,sentiment_positive,20979,-0.1053570757
song,detox_toxicity,detox_severe_toxicity,20981,0.5386060497
song,detox_toxicity,detox_obscene,20981,0.8814716918
song,detox_toxicity,detox_threat,20981,0.2283564756
song,detox_toxicity,detox_insult,20981,0.8673676702
song,detox_toxicity,detox_identity_attack,20981,0.603051532
song,detox_toxicity,detox_sexual_explicit,20981,0.5462870953
song,detox_toxicity,emotion_admiration,20981,-0.05822932801
song,detox_toxicity,emotion_amusement,20981,0.07664255252
song,detox_toxicity,emotion_anger,20981,0.489404666
song,detox_toxicity,emotion_annoyance,20981,0.5664445337
song,detox_toxicity,emotion_approval,20981,-0.1362584898
song,detox_toxicity,emotion_caring,20981,-0.1031034525
song,detox_toxicity,emotion_confusion,20981,-0.03547043857
song,detox_toxicity,emotion_curiosity,20981,-0.04012664979
song,detox_toxicity,emotion_desire,20981,-0.1077635985
song,detox_toxicity,emotion_disappointment,20981,-0.02856890581
song,detox_toxicity,emotion_disapproval,20981,0.03284894628
song,detox_toxicity,emotion_disgust,20981,0.2954992165
song,detox_toxicity,emotion_embarrassment,20981,0.07304454173
song,detox_toxicity,emotion_excitement,20981,-0.08944447001
song,detox_toxicity,emotion_fear,20981,-0.02306694092
song,detox_toxicity,emotion_gratitude,20981,-0.01843424136
song,detox_toxicity,emotion_grief,20981,-0.125399049
song,detox_toxicity,emotion_joy,20981,-0.1069631993
song,detox_toxicity,emotion_love,20981,-0.1690209405
song,detox_toxicity,emotion_nervousness,20981,-0.06148769668
song,detox_toxicity,emotion_optimism,20981,-0.08892206996
song,detox_toxicity,emotion_pride,20981,-0.04813442486
song,detox_toxicity,emotion_realization,20981,-0.08579208241
song,detox_toxicity,emotion_relief,20981,-0.1347329784
song,detox_toxicity,emotion_remorse,20981,-0.01781188958
song,detox_toxicity,emotion_sadness,20981,-0.09635495163
song,detox_toxicity,emotion_surprise,20981,-0.04443825273
song,detox_toxicity,emotion_neutral,20981,0.1036361044
song,detox_toxicity,sentiment_negative,20981,0.1995385668
song,detox_toxicity,sentiment_neutral,20981,0.01669021111
song,detox_toxicity,sentiment_positive,20981,-0.2209840833
song,detox_severe_toxicity,detox_obscene,20981,0.650067192
song,detox_severe_toxicity,detox_threat,20981,0.06514041196
song,detox_severe_toxicity,detox_insult,20981,0.6689946399
song,detox_severe_toxicity,detox_identity_attack,20981,0.7210314159
song,detox_severe_toxicity,detox_sexual_explicit,20981,0.5659998332
song,detox_severe_toxicity,emotion_admiration,20981,-0.03734547734
song,detox_severe_toxicity,emotion_amusement,20981,0.04979078829
song,detox_severe_toxicity,emotion_anger,20981,0.5464428509
song,detox_severe_toxicity,emotion_annoyance,20981,0.3900616734
song,detox_severe_toxicity,emotion_approval,20981,-0.08907183991
song,detox_severe_toxicity,emotion_caring,20981,-0.06096515234
song,detox_severe_toxicity,emotion_confusion,20981,-0.03811976175
song,detox_severe_toxicity,emotion_curiosity,20981,-0.04447746455
song,detox_severe_toxicity,emotion_desire,20981,-0.06838647993
song,detox_severe_toxicity,emotion_disappointment,20981,-0.07171176545
song,detox_severe_toxicity,emotion_disapproval,20981,-0.01303577205
song,detox_severe_toxicity,emotion_disgust,20981,0.2038299125
song,detox_severe_toxicity,emotion_embarrassment,20981,0.01109308112
song,detox_severe_toxicity,emotion_excitement,20981,-0.05145259389
song,detox_severe_toxicity,emotion_fear,20981,-0.02593463825
song,detox_severe_toxicity,emotion_gratitude,20981,-0.01041874659
song,detox_severe_toxicity,emotion_grief,20981,-0.09147936422
song,detox_severe_toxicity,emotion_joy,20981,-0.05492164577
song,detox_severe_toxicity,emotion_love,20981,-0.09172048409
song,detox_severe_toxicity,emotion_nervousness,20981,-0.05293831887
song,detox_severe_toxicity,emotion_optimism,20981,-0.05441904672
song,detox_severe_toxicity,emotion_pride,20981,-0.02756583892
song,detox_severe_toxicity,emotion_realization,20981,-0.06861863974
song,detox_severe_toxicity,emotion_relief,20981,-0.07919441155
song,detox_severe_toxicity,emotion_remorse,20981,-0.02874911557
song,detox_severe_toxicity,emotion_sadness,20981,-0.08161010046
song,detox_severe_toxicity,emotion_surprise,20981,-0.029576679
song,detox_severe_toxicity,emotion_neutral,20981,0.05842061553
song,detox_severe_toxicity,sentiment_negative,20981,0.06995715881
song,detox_severe_toxicity,sentiment_neutral,20981,0.06443451051
song,detox_severe_toxicity,sentiment_positive,20981,-0.1088904859
song,detox_obscene,detox_threat,20981,0.05600732929
song,detox_obscene,detox_insult,20981,0.7538736144
song,detox_obscene,detox_identity_attack,20981,0.671703251
song,detox_obscene,detox_sexual_explicit,20981,0.5771239732
song,detox_obscene,emotion_admiration,20981,-0.04655383742
song,detox_obscene,emotion_amusement,20981,0.06852827842
song,detox_obscene,emotion_anger,20981,0.5038058065
song,detox_obscene,emotion_annoyance,20981,0.5467525656
song,detox_obscene,emotion_approval,20981,-0.1140548244
song,detox_obscene,emotion_caring,20981,-0.1021197905
song,detox_obscene,emotion_confusion,20981,-0.04297194046
song,detox_obscene,emotion_curiosity,20981,-0.04564531921
song,detox_obscene,emotion_desire,20981,-0.1058772743
song,detox_obscene,emotion_disappointment,20981,-0.06078026357
song,detox_obscene,emotion_disapproval,20981,0.01243575534
song,detox_obscene,emotion_disgust,20981,0.2649112065
song,detox_obscene,emotion_embarrassment,20981,0.04571403371
song,detox_obscene,emotion_excitement,20981,-0.08048296522
song,detox_obscene,emotion_fear,20981,-0.03038826991
song,detox_obscene,emotion_gratitude,20981,-0.01282353302
song,detox_obscene,emotion_grief,20981,-0.1394986181
song,detox_obscene,emotion_joy,20981,-0.08583780021
song,detox_obscene,emotion_love,20981,-0.1568361899
song,detox_obscene,emotion_nervousness,20981,-0.06869535527
song,detox_obscene,emotion_optimism,20981,-0.08165784599
song,detox_obscene,emotion_pride,20981,-0.03784578901
song,detox_obscene,emotion_realization,20981,-0.0904343682
song,detox_obscene,emotion_relief,20981,-0.1149467445
song,detox_obscene,emotion_remorse,20981,-0.02703530072
song,detox_obscene,emotion_sadness,20981,-0.1180580708
song,detox_obscene,emotion_surprise,20981,-0.04177235135
song,detox_obscene,emotion_neutral,20981,0.1163863195
song,detox_obscene,sentiment_negative,20981,0.1207018113
song,detox_obscene,sentiment_neutral,20981,0.06156889262
song,detox_obscene,sentiment_positive,20981,-0.1612762176
song,detox_threat,detox_insult,20981,0.07209811412
song,detox_threat,detox_identity_attack,20981,0.0733428282
song,detox_threat,detox_sexual_explicit,20981,0.01746737994
song,detox_threat,emotion_admiration,20981,-0.01925673666
song,detox_threat,emotion_amusement,20981,-0.005328149214
song,detox_threat,emotion_anger,20981,0.08470712465
song,detox_threat,emotion_annoyance,20981,0.05844215436
song,detox_threat,emotion_approval,20981,-0.03340327146
song,detox_threat,emotion_caring,20981,-0.00351616232
song,detox_threat,emotion_confusion,20981,-0.01283589117
song,detox_threat,emotion_curiosity,20981,-0.01889493711
song,detox_threat,emotion_desire,20981,-0.001291320268
song,detox_threat,emotion_disappointment,20981,-0.02489052663
song,detox_threat,emotion_disapproval,20981,-0.01079138978
song,detox_threat,emotion_disgust,20981,0.04048745377
song,detox_threat,emotion_embarrassment,20981,-0.0009030911595
song,detox_threat,emotion_excitement,20981,-0.01721127118
song,detox_threat,emotion_fear,20981,0.01507447791
song,detox_threat,emotion_gratitude,20981,-0.009658792636
song,detox_threat,emotion_grief,20981,-0.01283571623
song,detox_threat,emotion_joy,20981,-0.02872045632
song,detox_threat,emotion_love,20981,-0.02913880471
song,detox_threat,emotion_nervousness,20981,-0.009421751592
song,detox_threat,emotion_optimism,20981,-0.0001356584835
song,detox_threat,emotion_pride,20981,-0.01034290125
song,detox_threat,emotion_realization,20981,-0.02475641008
song,detox_threat,emotion_relief,20981,-0.03138719287
song,detox_threat,emotion_remorse,20981,-0.008019544783
song,detox_threat,emotion_sadness,20981,-0.01306618117
song,detox_threat,emotion_surprise,20981,-0.01483211223
song,detox_threat,emotion_neutral,20981,0.03423448463
song,detox_threat,sentiment_negative,20981,0.03146471276
song,detox_threat,sentiment_neutral,20981,0.003699500721
song,detox_threat,sentiment_positive,20981,-0.03541892721
song,detox_insult,detox_identity_attack,20981,0.6660472869
song,detox_insult,detox_sexual_explicit,20981,0.4469525093
song,detox_insult,emotion_admiration,20981,-0.05793779551
song,detox_insult,emotion_amusement,20981,0.0796284846
song,detox_insult,emotion_anger,20981,0.526204239
song,detox_insult,emotion_annoyance,20981,0.5522030339
song,detox_insult,emotion_approval,20981,-0.1285495563
song,detox_insult,emotion_caring,20981,-0.0845533043
song,detox_insult,emotion_confusion,20981,-0.03209446162
song,detox_insult,emotion_curiosity,20981,-0.04211048708
song,detox_insult,emotion_desire,20981,-0.1127849898
song,detox_insult,emotion_disappointment,20981,-0.01395060245
song,detox_insult,emotion_disapproval,20981,0.02189948439
song,detox_insult,emotion_disgust,20981,0.296753312
song,detox_insult,emotion_embarrassment,20981,0.07685921851
song,detox_insult,emotion_excitement,20981,-0.08315210128
song,detox_insult,emotion_fear,20981,-0.02988579036
song,detox_insult,emotion_gratitude,20981,-0.01518812748
song,detox_insult,emotion_grief,20981,-0.09412764657
song,detox_insult,emotion_joy,20981,-0.08867765638
song,detox_insult,emotion_love,20981,-0.1494531014
song,detox_insult,emotion_nervousness,20981,-0.05361192599
song,detox_insult,emotion_optimism,20981,-0.07490064674
song,detox_insult,emotion_pride,20981,-0.0391769538
song,detox_insult,emotion_realization,20981,-0.05951565706
song,detox_insult,emotion_relief,20981,-0.1094435941
song,detox_insult,emotion_remorse,20981,-0.01376537205
song,detox_insult,emotion_sadness,20981,-0.0680151775
song,detox_insult,emotion_surprise,20981,-0.03411303603
song,detox_insult,emotion_neutral,20981,0.06966910173
song,detox_insult,sentiment_negative,20981,0.2023800796
song,detox_insult,sentiment_neutral,20981,0.0002673006123
song,detox_insult,sentiment_positive,20981,-0.2151968884
song,detox_identity_attack,detox_sexual_explicit,20981,0.3883862423
song,detox_identity_attack,emotion_admiration,20981,-0.05246994074
song,detox_identity_attack,emotion_amusement,20981,0.06159004341
song,detox_identity_attack,emotion_anger,20981,0.4177124278
song,detox_identity_attack,emotion_annoyance,20981,0.4030464398
song,detox_identity_attack,emotion_approval,20981,-0.09738602128
song,detox_identity_attack,emotion_caring,20981,-0.07031445365
song,detox_identity_attack,emotion_confusion,20981,-0.03953231359
song,detox_identity_attack,emotion_curiosity,20981,-0.04341505734
song,detox_identity_attack,emotion_desire,20981,-0.08434833467
song,detox_identity_attack,emotion_disappointment,20981,-0.07259444448
song,detox_identity_attack,emotion_disapproval,20981,-0.009128851808
song,detox_identity_attack,emotion_disgust,20981,0.178427902
song,detox_identity_attack,emotion_embarrassment,20981,0.02949453532
song,detox_identity_attack,emotion_excitement,20981,-0.06379555493
song,detox_identity_attack,emotion_fear,20981,-0.02435608416
song,detox_identity_attack,emotion_gratitude,20981,-0.01071915398
song,detox_identity_attack,emotion_grief,20981,-0.1060441142
song,detox_identity_attack,emotion_joy,20981,-0.06527384743
song,detox_identity_attack,emotion_love,20981,-0.1247928207
song,detox_identity_attack,emotion_nervousness,20981,-0.05684734284
song,detox_identity_attack,emotion_optimism,20981,-0.06097784935
song,detox_identity_attack,emotion_pride,20981,-0.03419509105
song,detox_identity_attack,emotion_realization,20981,-0.07403800041
song,detox_identity_attack,emotion_relief,20981,-0.09031569976
song,detox_identity_attack,emotion_remorse,20981,-0.03051946995
song,detox_identity_attack,emotion_sadness,20981,-0.09291300415
song,detox_identity_attack,emotion_surprise,20981,-0.03089275791
song,detox_identity_attack,emotion_neutral,20981,0.1159080575
song,detox_identity_attack,sentiment_negative,20981,0.09208358667
song,detox_identity_attack,sentiment_neutral,20981,0.07060140629
song,detox_identity_attack,sentiment_positive,20981,-0.1357094664
song,detox_sexual_explicit,emotion_admiration,20981,0.007689594174
song,detox_sexual_explicit,emotion_amusement,20981,0.0428574097
song,detox_sexual_explicit,emotion_anger,20981,0.2683256313
song,detox_sexual_explicit,emotion_annoyance,20981,0.2214006522
song,detox_sexual_explicit,emotion_approval,20981,-0.0471594784
song,detox_sexual_explicit,emotion_caring,20981,-0.0638875599
song,detox_sexual_explicit,emotion_confusion,20981,-0.03467218624
song,detox_sexual_explicit,emotion_curiosity,20981,-0.03016302117
song,detox_sexual_explicit,emotion_desire,20981,-0.04062038105
song,detox_sexual_explicit,emotion_disappointment,20981,-0.09083554807
song,detox_sexual_explicit,emotion_disapproval,20981,-0.01961818356
song,detox_sexual_explicit,emotion_disgust,20981,0.1309194374
song,detox_sexual_explicit,emotion_embarrassment,20981,0.002531203463
song,detox_sexual_explicit,emotion_excitement,20981,-0.0228752863
song,detox_sexual_explicit,emotion_fear,20981,-0.02704828367
song,detox_sexual_explicit,emotion_gratitude,20981,-0.01594433799
song,detox_sexual_explicit,emotion_grief,20981,-0.1129829737
song,detox_sexual_explicit,emotion_joy,20981,-0.04734209896
song,detox_sexual_explicit,emotion_love,20981,-0.04195142746
song,detox_sexual_explicit,emotion_nervousness,20981,-0.05887111715
song,detox_sexual_explicit,emotion_optimism,20981,-0.05913990212
song,detox_sexual_explicit,emotion_pride,20981,-0.02431977234
song,detox_sexual_explicit,emotion_realization,20981,-0.07857288524
song,detox_sexual_explicit,emotion_relief,20981,-0.08368708701
song,detox_sexual_explicit,emotion_remorse,20981,-0.0325109522
song,detox_sexual_explicit,emotion_sadness,20981,-0.1027255868
song,detox_sexual_explicit,emotion_surprise,20981,-0.02930722747
song,detox_sexual_explicit,emotion_neutral,20981,0.06412409334
song,detox_sexual_explicit,sentiment_negative,20981,0.02022674902
song,detox_sexual_explicit,sentiment_neutral,20981,0.06095838951
song,detox_sexual_explicit,sentiment_positive,20981,-0.05418181636
song,emotion_admiration,emotion_amusement,20981,-0.005417218279
song,emotion_admiration,emotion_anger,20981,-0.07817748863
song,emotion_admiration,emotion_annoyance,20981,-0.1309442881
song,emotion_admiration,emotion_approval,20981,0.2442689702
song,emotion_admiration,emotion_caring,20981,-0.02628404251
song,emotion_admiration,emotion_confusion,20981,-0.04733276702
song,emotion_admiration,emotion_curiosity,20981,-0.005551724981
song,emotion_admiration,emotion_desire,20981,-0.04999461879
song,emotion_admiration,emotion_disappointment,20981,-0.1164379679
song,emotion_admiration,emotion_disapproval,20981,-0.07171224546
song,emotion_admiration,emotion_disgust,20981,-0.06683227601
song,emotion_admiration,emotion_embarrassment,20981,-0.05042158018
song,emotion_admiration,emotion_excitement,20981,0.1319074955
song,emotion_admiration,emotion_fear,20981,-0.02667301648
song,emotion_admiration,emotion_gratitude,20981,0.02547815943
song,emotion_admiration,emotion_grief,20981,-0.09208877062
song,emotion_admiration,emotion_joy,20981,0.1260357223
song,emotion_admiration,emotion_love,20981,0.08984510919
song,emotion_admiration,emotion_nervousness,20981,-0.06530112357
song,emotion_admiration,emotion_optimism,20981,0.01194450437
song,emotion_admiration,emotion_pride,20981,0.2373963902
song,emotion_admiration,emotion_realization,20981,-0.06096358738
song,emotion_admiration,emotion_relief,20981,0.052443845
song,emotion_admiration,emotion_remorse,20981,-0.03799572426
song,emotion_admiration,emotion_sadness,20981,-0.1161488453
song,emotion_admiration,emotion_surprise,20981,0.01437437652
song,emotion_admiration,emotion_neutral,20981,-0.2188703213
song,emotion_admiration,sentiment_negative,20981,-0.1557616463
song,emotion_admiration,sentiment_neutral,20981,-0.1672107391
song,emotion_admiration,sentiment_positive,20981,0.2551811145
song,emotion_amusement,emotion_anger,20981,-0.0118724835
song,emotion_amusement,emotion_annoyance,20981,0.004046009725
song,emotion_amusement,emotion_approval,20981,-0.04631746574
song,emotion_amusement,emotion_caring,20981,-0.06840481031
song,emotion_amusement,emotion_confusion,20981,-0.0320473092
song,emotion_amusement,emotion_curiosity,20981,-0.03022169531
song,emotion_amusement,emotion_desire,20981,-0.0782421336
song,emotion_amusement,emotion_disappointment,20981,-0.08981689233
song,emotion_amusement,emotion_disapproval,20981,-0.04655121747
song,emotion_amusement,emotion_disgust,20981,-0.01638750129
song,emotion_amusement,emotion_embarrassment,20981,0.01423124525
song,emotion_amusement,emotion_excitement,20981,0.004679649337
song,emotion_amusement,emotion_fear,20981,-0.02829086273
song,emotion_amusement,emotion_gratitude,20981,0.0004903508459
song,emotion_amusement,emotion_grief,20981,-0.0752313014
song,emotion_amusement,emotion_joy,20981,0.2276022245
song,emotion_amusement,emotion_love,20981,-0.09629257029
song,emotion_amusement,emotion_nervousness,20981,-0.03605209625
song,emotion_amusement,emotion_optimism,20981,-0.02383611014
song,emotion_amusement,emotion_pride,20981,-0.00809062785
song,emotion_amusement,emotion_realization,20981,0.0061188473
song,emotion_amusement,emotion_relief,20981,0.03069714476
song,emotion_amusement,emotion_remorse,20981,-0.02327698698
song,emotion_amusement,emotion_sadness,20981,-0.07143435548
song,emotion_amusement,emotion_surprise,20981,-0.01542680071
song,emotion_amusement,emotion_neutral,20981,-0.06035025316
song,emotion_amusement,sentiment_negative,20981,0.007964788609
song,emotion_amusement,sentiment_neutral,20981,-0.0119284541
song,emotion_amusement,sentiment_positive,20981,-0.002067027645
song,emotion_anger,emotion_annoyance,20981,0.711429723
song,emotion_anger,emotion_approval,20981,-0.1470689738
song,emotion_anger,emotion_caring,20981,-0.04607156388
song,emotion_anger,emotion_confusion,20981,-0.01481357652
song,emotion_anger,emotion_curiosity,20981,-0.04172086609
song,emotion_anger,emotion_desire,20981,-0.08925871154
song,emotion_anger,emotion_disappointment,20981,0.02823217383
song,emotion_anger,emotion_disapproval,20981,0.2059139976
song,emotion_anger,emotion_disgust,20981,0.3874872134
song,emotion_anger,emotion_embarrassment,20981,0.05934840411
song,emotion_anger,emotion_excitement,20981,-0.1068973736
song,emotion_anger,emotion_fear,20981,-0.01134630428
song,emotion_anger,emotion_gratitude,20981,-0.02373435679
song,emotion_anger,emotion_grief,20981,-0.04934212656
song,emotion_anger,emotion_joy,20981,-0.1076349044
song,emotion_anger,emotion_love,20981,-0.09163901128
song,emotion_anger,emotion_nervousness,20981,-0.03223124104
song,emotion_anger,emotion_optimism,20981,-0.08150438074
song,emotion_anger,emotion_pride,20981,-0.04447175716
song,emotion_anger,emotion_realization,20981,-0.07531514177
song,emotion_anger,emotion_relief,20981,-0.1141611657
song,emotion_anger,emotion_remorse,20981,-0.02062924108
song,emotion_anger,emotion_sadness,20981,-0.03444169574
song,emotion_anger,emotion_surprise,20981,-0.04150094011
song,emotion_anger,emotion_neutral,20981,-0.07668003201
song,emotion_anger,sentiment_negative,20981,0.2287753305
song,emotion_anger,sentiment_neutral,20981,-0.01650964586
song,emotion_anger,sentiment_positive,20981,-0.2342485695
song,emotion_annoyance,emotion_approval,20981,-0.2082176983
song,emotion_annoyance,emotion_caring,20981,-0.1159663025
song,emotion_annoyance,emotion_confusion,20981,0.02107988855
song,emotion_annoyance,emotion_curiosity,20981,-0.06532269649
song,emotion_annoyance,emotion_desire,20981,-0.1409422453
song,emotion_annoyance,emotion_disappointment,20981,0.2242876269
song,emotion_annoyance,emotion_disapproval,20981,0.3466359377
song,emotion_annoyance,emotion_disgust,20981,0.4394357214
song,emotion_annoyance,emotion_embarrassment,20981,0.1617463445
song,emotion_annoyance,emotion_excitement,20981,-0.1751172665
song,emotion_annoyance,emotion_fear,20981,-0.0375387307
song,emotion_annoyance,emotion_gratitude,20981,-0.03859305593
song,emotion_annoyance,emotion_grief,20981,-0.08118316981
song,emotion_annoyance,emotion_joy,20981,-0.1606718181
song,emotion_annoyance,emotion_love,20981,-0.2672582422
song,emotion_annoyance,emotion_nervousness,20981,-0.03134850787
song,emotion_annoyance,emotion_optimism,20981,-0.1334388326
song,emotion_annoyance,emotion_pride,20981,-0.06484493526
song,emotion_annoyance,emotion_realization,20981,-0.01739702433
song,emotion_annoyance,emotion_relief,20981,-0.1312075459
song,emotion_annoyance,emotion_remorse,20981,-0.03958141333
song,emotion_annoyance,emotion_sadness,20981,-0.03108925822
song,emotion_annoyance,emotion_surprise,20981,-0.05284956059
song,emotion_annoyance,emotion_neutral,20981,0.02013521757
song,emotion_annoyance,sentiment_negative,20981,0.3584790751
song,emotion_annoyance,sentiment_neutral,20981,-0.03369033549
song,emotion_annoyance,sentiment_positive,20981,-0.362861641
song,emotion_approval,emotion_caring,20981,0.1747526794
song,emotion_approval,emotion_confusion,20981,-0.07264303593
song,emotion_approval,emotion_curiosity,20981,-0.07873519355
song,emotion_approval,emotion_desire,20981,-0.08571803596
song,emotion_approval,emotion_disappointment,20981,-0.2413256493
song,emotion_approval,emotion_disapproval,20981,-0.07996634344
song,emotion_approval,emotion_disgust,20981,-0.1678983409
song,emotion_approval,emotion_embarrassment,20981,-0.09585046517
song,emotion_approval,emotion_excitement,20981,0.0798831708
song,emotion_approval,emotion_fear,20981,-0.06319870221
song,emotion_approval,emotion_gratitude,20981,-0.01425496168
song,emotion_approval,emotion_grief,20981,-0.2097798364
song,emotion_approval,emotion_joy,20981,0.1529590703
song,emotion_approval,emotion_love,20981,0.07393422159
song,emotion_approval,emotion_nervousness,20981,-0.1019691956
song,emotion_approval,emotion_optimism,20981,0.13880406
song,emotion_approval,emotion_pride,20981,0.1696744672
song,emotion_approval,emotion_realization,20981,0.03831880571
song,emotion_approval,emotion_relief,20981,0.2436703705
song,emotion_approval,emotion_remorse,20981,-0.04632428614
song,emotion_approval,emotion_sadness,20981,-0.2288676542
song,emotion_approval,emotion_surprise,20981,-0.08305836659
song,emotion_approval,emotion_neutral,20981,-0.09224419405
song,emotion_approval,sentiment_negative,20981,-0.1985867838
song,emotion_approval,sentiment_neutral,20981,-0.008187784695
song,emotion_approval,sentiment_positive,20981,0.2154133408
song,emotion_caring,emotion_confusion,20981,-0.06069249573
song,emotion_caring,emotion_curiosity,20981,-0.02679790682
song,emotion_caring,emotion_desire,20981,0.04362265662
song,emotion_caring,emotion_disappointment,20981,-0.1030822741
song,emotion_caring,emotion_disapproval,20981,-0.02684789297
song,emotion_caring,emotion_disgust,20981,-0.07616406267
song,emotion_caring,emotion_embarrassment,20981,-0.05741380171
song,emotion_caring,emotion_excitement,20981,-0.08042837371
song,emotion_caring,emotion_fear,20981,-0.0001577418917
song,emotion_caring,emotion_gratitude,20981,0.009664859952
song,emotion_caring,emotion_grief,20981,0.04700445592
song,emotion_caring,emotion_joy,20981,-0.02965875027
song,emotion_caring,emotion_love,20981,0.140840633
song,emotion_caring,emotion_nervousness,20981,0.02409946365
song,emotion_caring,emotion_optimism,20981,0.240904318
song,emotion_caring,emotion_pride,20981,0.009982277926
song,emotion_caring,emotion_realization,20981,-0.09352280034
song,emotion_caring,emotion_relief,20981,0.1206586624
song,emotion_caring,emotion_remorse,20981,0.05338247928
song,emotion_caring,emotion_sadness,20981,-0.008878560292
song,emotion_caring,emotion_surprise,20981,-0.07987924135
song,emotion_caring,emotion_neutral,20981,-0.1649953485
song,emotion_caring,sentiment_negative,20981,-0.07241444237
song,emotion_caring,sentiment_neutral,20981,0.0370897524
song,emotion_caring,sentiment_positive,20981,0.05706011753
song,emotion_confusion,emotion_curiosity,20981,0.3973452153
song,emotion_confusion,emotion_desire,20981,-0.08295211609
song,emotion_confusion,emotion_disappointment,20981,0.1162330171
song,emotion_confusion,emotion_disapproval,20981,0.08099204723
song,emotion_confusion,emotion_disgust,20981,0.0008278357543
song,emotion_confusion,emotion_embarrassment,20981,0.07915782494
song,emotion_confusion,emotion_excitement,20981,-0.05829065373
song,emotion_confusion,emotion_fear,20981,0.09824503394
song,emotion_confusion,emotion_gratitude,20981,-0.01306355332
song,emotion_confusion,emotion_grief,20981,0.03676946048
song,emotion_confusion,emotion_joy,20981,-0.07337557432
song,emotion_confusion,emotion_love,20981,-0.04497672937
song,emotion_confusion,emotion_nervousness,20981,0.2151960194
song,emotion_confusion,emotion_optimism,20981,-0.01884083827
song,emotion_confusion,emotion_pride,20981,-0.04758842021
song,emotion_confusion,emotion_realization,20981,0.1187888902
song,emotion_confusion,emotion_relief,20981,-0.03763914569
song,emotion_confusion,emotion_remorse,20981,0.03097412573
song,emotion_confusion,emotion_sadness,20981,0.008287306956
song,emotion_confusion,emotion_surprise,20981,0.1064450016
song,emotion_confusion,emotion_neutral,20981,-0.1192237295
song,emotion_confusion,sentiment_negative,20981,0.1498371785
song,emotion_confusion,sentiment_neutral,20981,0.006237016159
song,emotion_confusion,sentiment_positive,20981,-0.162564856
song,emotion_curiosity,emotion_desire,20981,-0.03868855004
song,emotion_curiosity,emotion_disappointment,20981,0.01480342367
song,emotion_curiosity,emotion_disapproval,20981,-0.02215933444
song,emotion_curiosity,emotion_disgust,20981,-0.04294088641
song,emotion_curiosity,emotion_embarrassment,20981,0.01736503264
song,emotion_curiosity,emotion_excitement,20981,-0.01002611173
song,emotion_curiosity,emotion_fear,20981,0.03204893407
song,emotion_curiosity,emotion_gratitude,20981,-0.01964728385
song,emotion_curiosity,emotion_grief,20981,0.04492876742
song,emotion_curiosity,emotion_joy,20981,-0.08853120666
song,emotion_curiosity,emotion_love,20981,-0.01469105923
song,emotion_curiosity,emotion_nervousness,20981,0.08691136854
song,emotion_curiosity,emotion_optimism,20981,0.01267016255
song,emotion_curiosity,emotion_pride,20981,-0.07246427662
song,emotion_curiosity,emotion_realization,20981,-0.0616212009
song,emotion_curiosity,emotion_relief,20981,-0.09697960158
song,emotion_curiosity,emotion_remorse,20981,0.05421278822
song,emotion_curiosity,emotion_sadness,20981,0.01813513085
song,emotion_curiosity,emotion_surprise,20981,0.1159982097
song,emotion_curiosity,emotion_neutral,20981,-0.1419959207
song,emotion_curiosity,sentiment_negative,20981,0.1056207557
song,emotion_curiosity,sentiment_neutral,20981,0.01766081829
song,emotion_curiosity,sentiment_positive,20981,-0.1217054163
song,emotion_desire,emotion_disappointment,20981,-0.01614645362
song,emotion_desire,emotion_disapproval,20981,-0.08508985379
song,emotion_desire,emotion_disgust,20981,0.01095915726
song,emotion_desire,emotion_embarrassment,20981,-0.05953071351
song,emotion_desire,emotion_excitement,20981,-0.02564653907
song,emotion_desire,emotion_fear,20981,-0.04852137493
song,emotion_desire,emotion_gratitude,20981,-0.008149187949
song,emotion_desire,emotion_grief,20981,0.02127498629
song,emotion_desire,emotion_joy,20981,-0.0688219265
song,emotion_desire,emotion_love,20981,0.1331881091
song,emotion_desire,emotion_nervousness,20981,-0.04197363804
song,emotion_desire,emotion_optimism,20981,0.214582521
song,emotion_desire,emotion_pride,20981,-0.02472586662
song,emotion_desire,emotion_realization,20981,-0.101195856
song,emotion_desire,emotion_relief,20981,-0.06137610989
song,emotion_desire,emotion_remorse,20981,0.01062709354
song,emotion_desire,emotion_sadness,20981,0.006794141462
song,emotion_desire,emotion_surprise,20981,-0.05663830886
song,emotion_desire,emotion_neutral,20981,-0.2686758828
song,emotion_desire,sentiment_negative,20981,-0.1258237874
song,emotion_desire,sentiment_neutral,20981,0.04915499507
song,emotion_desire,sentiment_positive,20981,0.1073441833
song,emotion_disappointment,emotion_disapproval,20981,0.1777190475
song,emotion_disappointment,emotion_disgust,20981,0.164598394
song,emotion_disappointment,emotion_embarrassment,20981,0.2212235862
song,emotion_disappointment,emotion_excitement,20981,-0.1733715087
song,emotion_disappointment,emotion_fear,20981,0.01837553456
song,emotion_disappointment,emotion_gratitude,20981,-0.04315388706
song,emotion_disappointment,emotion_grief,20981,0.5035125001
song,emotion_disappointment,emotion_joy,20981,-0.1522980806
song,emotion_disappointment,emotion_love,20981,-0.1684769136
song,emotion_disappointment,emotion_nervousness,20981,0.2271500981
song,emotion_disappointment,emotion_optimism,20981,-0.068394892
song,emotion_disappointment,emotion_pride,20981,-0.05163208242
song,emotion_disappointment,emotion_realization,20981,0.1963081067
song,emotion_disappointment,emotion_relief,20981,0.01210639173
song,emotion_disappointment,emotion_remorse,20981,0.1038143576
song,emotion_disappointment,emotion_sadness,20981,0.6317684283
song,emotion_disappointment,emotion_surprise,20981,0.07821865925
song,emotion_disappointment,emotion_neutral,20981,-0.2830236476
song,emotion_disappointment,sentiment_negative,20981,0.3846554839
song,emotion_disappointment,sentiment_neutral,20981,-0.09903803611
song,emotion_disappointment,sentiment_positive,20981,-0.3556351261
song,emotion_disapproval,emotion_disgust,20981,0.1250284437
song,emotion_disapproval,emotion_embarrassment,20981,0.05440429462
song,emotion_disapproval,emotion_excitement,20981,-0.1183609257
song,emotion_disapproval,emotion_fear,20981,-0.01430713458
song,emotion_disapproval,emotion_gratitude,20981,-0.02398930886
song,emotion_disapproval,emotion_grief,20981,-0.04788303484
song,emotion_disapproval,emotion_joy,20981,-0.1084179628
song,emotion_disapproval,emotion_love,20981,-0.1084690275
song,emotion_disapproval,emotion_nervousness,20981,-0.01118792176
song,emotion_disapproval,emotion_optimism,20981,-0.05553916865
song,emotion_disapproval,emotion_pride,20981,-0.04555379648
song,emotion_disapproval,emotion_realization,20981,0.001538791976
song,emotion_disapproval,emotion_relief,20981,-0.06365270318
song,emotion_disapproval,emotion_remorse,20981,0.001936573708
song,emotion_disapproval,emotion_sadness,20981,-0.02127972965
song,emotion_disapproval,emotion_surprise,20981,-0.03066349073
song,emotion_disapproval,emotion_neutral,20981,-0.06653932749
song,emotion_disapproval,sentiment_negative,20981,0.2330020301
song,emotion_disapproval,sentiment_neutral,20981,0.003161524841
song,emotion_disapproval,sentiment_positive,20981,-0.2492884522
song,emotion_disgust,emotion_embarrassment,20981,0.3215166026
song,emotion_disgust,emotion_excitement,20981,-0.1028734128
song,emotion_disgust,emotion_fear,20981,0.08999390494
song,emotion_disgust,emotion_gratitude,20981,-0.01898137896
song,emotion_disgust,emotion_grief,20981,0.07678053172
song,emotion_disgust,emotion_joy,20981,-0.116566424
song,emotion_disgust,emotion_love,20981,-0.06739119264
song,emotion_disgust,emotion_nervousness,20981,0.05618169199
song,emotion_disgust,emotion_optimism,20981,-0.08152005033
song,emotion_disgust,emotion_pride,20981,-0.03127498119
song,emotion_disgust,emotion_realization,20981,0.007485195217
song,emotion_disgust,emotion_relief,20981,-0.08611668914
song,emotion_disgust,emotion_remorse,20981,0.01398953523
song,emotion_disgust,emotion_sadness,20981,0.08724893912
song,emotion_disgust,emotion_surprise,20981,0.007198682138
song,emotion_disgust,emotion_neutral,20981,-0.1058572111
song,emotion_disgust,sentiment_negative,20981,0.2571126584
song,emotion_disgust,sentiment_neutral,20981,-0.1067229414
song,emotion_disgust,sentiment_positive,20981,-0.2159843319
song,emotion_embarrassment,emotion_excitement,20981,-0.05441357878
song,emotion_embarrassment,emotion_fear,20981,0.05667108538
song,emotion_embarrassment,emotion_gratitude,20981,-0.008639915114
song,emotion_embarrassment,emotion_grief,20981,0.1097235238
song,emotion_embarrassment,emotion_joy,20981,-0.04913141461
song,emotion_embarrassment,emotion_love,20981,-0.07570496722
song,emotion_embarrassment,emotion_nervousness,20981,0.09824494735
song,emotion_embarrassment,emotion_optimism,20981,-0.05084845719
song,emotion_embarrassment,emotion_pride,20981,0.003928116622
song,emotion_embarrassment,emotion_realization,20981,0.1746917082
song,emotion_embarrassment,emotion_relief,20981,0.01097792432
song,emotion_embarrassment,emotion_remorse,20981,0.1258450444
song,emotion_embarrassment,emotion_sadness,20981,0.1021044621
song,emotion_embarrassment,emotion_surprise,20981,0.08175634173
song,emotion_embarrassment,emotion_neutral,20981,-0.1008574828
song,emotion_embarrassment,sentiment_negative,20981,0.1751120916
song,emotion_embarrassment,sentiment_neutral,20981,-0.08064635917
song,emotion_embarrassment,sentiment_positive,20981,-0.1428320566
song,emotion_excitement,emotion_fear,20981,-0.0150144402
song,emotion_excitement,emotion_gratitude,20981,0.0007928701863
song,emotion_excitement,emotion_grief,20981,-0.1154822759
song,emotion_excitement,emotion_joy,20981,0.3819105927
song,emotion_excitement,emotion_love,20981,0.03623048439
song,emotion_excitement,emotion_nervousness,20981,-0.02943642795
song,emotion_excitement,emotion_optimism,20981,-0.01591995125
song,emotion_excitement,emotion_pride,20981,0.1142571564
song,emotion_excitement,emotion_realization,20981,-0.0456733942
song,emotion_excitement,emotion_relief,20981,0.1076089736
song,emotion_excitement,emotion_remorse,20981,-0.05617830846
song,emotion_excitement,emotion_sadness,20981,-0.1475971806
song,emotion_excitement,emotion_surprise,20981,0.180505137
song,emotion_excitement,emotion_neutral,20981,-0.1427177001
song,emotion_excitement,sentiment_negative,20981,-0.2413325129
song,emotion_excitement,sentiment_neutral,20981,-0.07615957009
song,emotion_excitement,sentiment_positive,20981,0.2972851932
song,emotion_fear,emotion_gratitude,20981,-0.0117903477
song,emotion_fear,emotion_grief,20981,0.1592315544
song,emotion_fear,emotion_joy,20981,-0.04500321185
song,emotion_fear,emotion_love,20981,-0.0362331312
song,emotion_fear,emotion_nervousness,20981,0.6955502969
song,emotion_fear,emotion_optimism,20981,-0.01039341727
song,emotion_fear,emotion_pride,20981,0.004763611989
song,emotion_fear,emotion_realization,20981,0.08234322471
song,emotion_fear,emotion_relief,20981,0.04179418526
song,emotion_fear,emotion_remorse,20981,-0.005394439053
song,emotion_fear,emotion_sadness,20981,0.04809842297
song,emotion_fear,emotion_surprise,20981,0.09056916181
song,emotion_fear,emotion_neutral,20981,-0.1192363491
song,emotion_fear,sentiment_negative,20981,0.1320075582
song,emotion_fear,sentiment_neutral,20981,-0.0685768168
song,emotion_fear,sentiment_positive,20981,-0.1035004141
song,emotion_gratitude,emotion_grief,20981,0.005107172113
song,emotion_gratitude,emotion_joy,20981,0.02953536848
song,emotion_gratitude,emotion_love,20981,0.002878703403
song,emotion_gratitude,emotion_nervousness,20981,-0.02034310772
song,emotion_gratitude,emotion_optimism,20981,0.02381918527
song,emotion_gratitude,emotion_pride,20981,0.04364569319
song,emotion_gratitude,emotion_realization,20981,-0.02269778828
song,emotion_gratitude,emotion_relief,20981,0.1257389228
song,emotion_gratitude,emotion_remorse,20981,0.02982280694
song,emotion_gratitude,emotion_sadness,20981,-0.02388403763
song,emotion_gratitude,emotion_surprise,20981,-0.009307563285
song,emotion_gratitude,emotion_neutral,20981,-0.09049050803
song,emotion_gratitude,sentiment_negative,20981,-0.04110566577
song,emotion_gratitude,sentiment_neutral,20981,-0.07146795982
song,emotion_gratitude,sentiment_positive,20981,0.08200387427
song,emotion_grief,emotion_joy,20981,-0.06671788978
song,emotion_grief,emotion_love,20981,-0.02233329549
song,emotion_grief,emotion_nervousness,20981,0.3577798734
song,emotion_grief,emotion_optimism,20981,-0.03808917923
song,emotion_grief,emotion_pride,20981,0.005355657415
song,emotion_grief,emotion_realization,20981,0.1585587359
song,emotion_grief,emotion_relief,20981,0.1417047626
song,emotion_grief,emotion_remorse,20981,0.2339850159
song,emotion_grief,emotion_sadness,20981,0.9123424591
song,emotion_grief,emotion_surprise,20981,0.1250600967
song,emotion_grief,emotion_neutral,20981,-0.3436788422
song,emotion_grief,sentiment_negative,20981,0.2517557574
song,emotion_grief,sentiment_neutral,20981,-0.09627323863
song,emotion_grief,sentiment_positive,20981,-0.2158955287
song,emotion_joy,emotion_love,20981,0.03593813751
song,emotion_joy,emotion_nervousness,20981,-0.03355879999
song,emotion_joy,emotion_optimism,20981,0.00350806704
song,emotion_joy,emotion_pride,20981,0.2158342096
song,emotion_joy,emotion_realization,20981,-0.01737806596
song,emotion_joy,emotion_relief,20981,0.5597930804
song,emotion_joy,emotion_remorse,20981,-0.04544814969
song,emotion_joy,emotion_sadness,20981,-0.1092455568
song,emotion_joy,emotion_surprise,20981,-0.007150386592
song,emotion_joy,emotion_neutral,20981,-0.2029883848
song,emotion_joy,sentiment_negative,20981,-0.2235442976
song,emotion_joy,sentiment_neutral,20981,-0.1374956191
song,emotion_joy,sentiment_positive,20981,0.3112739848
song,emotion_love,emotion_nervousness,20981,-0.04597638538
song,emotion_love,emotion_optimism,20981,0.1098218383
song,emotion_love,emotion_pride,20981,-0.0080523566
song,emotion_love,emotion_realization,20981,-0.1153266819
song,emotion_love,emotion_relief,20981,-0.082718422
song,emotion_love,emotion_remorse,20981,-0.006094129208
song,emotion_love,emotion_sadness,20981,-0.0865421397
song,emotion_love,emotion_surprise,20981,0.004427029164
song,emotion_love,emotion_neutral,20981,-0.5494608431
song,emotion_love,sentiment_negative,20981,-0.3318076524
song,emotion_love,sentiment_neutral,20981,-0.05140377095
song,emotion_love,sentiment_positive,20981,0.3801509915
song,emotion_nervousness,emotion_optimism,20981,-0.01176333269
song,emotion_nervousness,emotion_pride,20981,-0.004335073995
song,emotion_nervousness,emotion_realization,20981,0.1657665044
song,emotion_nervousness,emotion_relief,20981,0.131275471
song,emotion_nervousness,emotion_remorse,20981,0.05363084467
song,emotion_nervousness,emotion_sadness,20981,0.2594135426
song,emotion_nervousness,emotion_surprise,20981,0.1208902353
song,emotion_nervousness,emotion_neutral,20981,-0.2165901884
song,emotion_nervousness,sentiment_negative,20981,0.1873213904
song,emotion_nervousness,sentiment_neutral,20981,-0.08051751725
song,emotion_nervousness,sentiment_positive,20981,-0.1558750203
song,emotion_optimism,emotion_pride,20981,0.02451130474
song,emotion_optimism,emotion_realization,20981,-0.03043994445
song,emotion_optimism,emotion_relief,20981,0.0599199391
song,emotion_optimism,emotion_remorse,20981,0.02881528703
song,emotion_optimism,emotion_sadness,20981,-0.07080379165
song,emotion_optimism,emotion_surprise,20981,-0.02860577065
song,emotion_optimism,emotion_neutral,20981,-0.1756805115
song,emotion_optimism,sentiment_negative,20981,-0.106509759
song,emotion_optimism,sentiment_neutral,20981,0.001183162083
song,emotion_optimism,sentiment_positive,20981,0.1125451625
song,emotion_pride,emotion_realization,20981,0.06516843133
song,emotion_pride,emotion_relief,20981,0.4327589323
song,emotion_pride,emotion_remorse,20981,-0.0131654029
song,emotion_pride,emotion_sadness,20981,-0.05069600536
song,emotion_pride,emotion_surprise,20981,0.01488617719
song,emotion_pride,emotion_neutral,20981,-0.09222988861
song,emotion_pride,sentiment_negative,20981,-0.07887104051
song,emotion_pride,sentiment_neutral,20981,-0.106114002
song,emotion_pride,sentiment_positive,20981,0.140712842
song,emotion_realization,emotion_relief,20981,0.2128422956
song,emotion_realization,emotion_remorse,20981,0.02752419405
song,emotion_realization,emotion_sadness,20981,0.09047880009
song,emotion_realization,emotion_surprise,20981,0.2586166462
song,emotion_realization,emotion_neutral,20981,-0.05913517288
song,emotion_realization,sentiment_negative,20981,0.1001021897
song,emotion_realization,sentiment_neutral,20981,0.001014162336
song,emotion_realization,sentiment_positive,20981,-0.1069146371
song,emotion_relief,emotion_remorse,20981,0.02654739781
song,emotion_relief,emotion_sadness,20981,0.04827805524
song,emotion_relief,emotion_surprise,20981,0.03355861965
song,emotion_relief,emotion_neutral,20981,-0.1797997152
song,emotion_relief,sentiment_negative,20981,-0.07436778432
song,emotion_relief,sentiment_neutral,20981,-0.1123719693
song,emotion_relief,sentiment_positive,20981,0.1392833722
song,emotion_remorse,emotion_sadness,20981,0.2445426134
song,emotion_remorse,emotion_surprise,20981,-0.01353033217
song,emotion_remorse,emotion_neutral,20981,-0.1524530456
song,emotion_remorse,sentiment_negative,20981,0.1266005264
song,emotion_remorse,sentiment_neutral,20981,-0.06472947454
song,emotion_remorse,sentiment_positive,20981,-0.09981788772
song,emotion_sadness,emotion_surprise,20981,0.02452764409
song,emotion_sadness,emotion_neutral,20981,-0.3086156513
song,emotion_sadness,sentiment_negative,20981,0.3192249393
song,emotion_sadness,sentiment_neutral,20981,-0.09709507838
song,emotion_sadness,sentiment_positive,20981,-0.2871490715
song,emotion_surprise,emotion_neutral,20981,-0.1296810687
song,emotion_surprise,sentiment_negative,20981,0.01421607956
song,emotion_surprise,sentiment_neutral,20981,-0.01003979889
song,emotion_surprise,sentiment_positive,20981,-0.009722559585
song,emotion_neutral,sentiment_negative,20981,0.02789954532
song,emotion_neutral,sentiment_neutral,20981,0.1982805519
song,emotion_neutral,sentiment_positive,20981,-0.1359729373
song,sentiment_negative,sentiment_neutral,20981,-0.3656586441
song,sentiment_negative,sentiment_positive,20981,-0.8665407685
song,sentiment_neutral,sentiment_positive,20981,-0.1476845798
