weighting,variable_x,variable_y,pairwise_n,correlation
observation,monthly_rank,reported_last_week_rank,73424,0.9356798337
observation,monthly_rank,reported_peak_position,81797,0.8081726288
observation,monthly_rank,reported_weeks_on_chart,81797,-0.4103408541
observation,monthly_rank,best_chart_rank,81797,0.7171379466
observation,monthly_rank,weekly_observation_count,81797,-0.4739356301
observation,monthly_rank,chart_weeks,81797,-0.4739430032
observation,monthly_rank,total_chart_points,81797,-0.6707015526
observation,monthly_rank,snapshot_months_selected,81797,-0.4344772678
observation,monthly_rank,mb_duration_median_seconds,67313,-0.004822913973
observation,monthly_rank,ll_sexual_content,64422,-0.02683638291
observation,monthly_rank,ll_violence,64422,0.008873002582
observation,monthly_rank,ll_explicit_language,64422,0.00178528211
observation,monthly_rank,ll_substance_use,64422,0.0393998791
observation,monthly_rank,detox_toxicity,64426,-0.007649353123
observation,monthly_rank,detox_severe_toxicity,64426,-0.005891604844
observation,monthly_rank,detox_obscene,64426,-0.01231298467
observation,monthly_rank,detox_threat,64426,-0.01210219672
observation,monthly_rank,detox_insult,64426,-0.003172457281
observation,monthly_rank,detox_identity_attack,64426,0.008950144817
observation,monthly_rank,detox_sexual_explicit,64426,-0.01483916451
observation,monthly_rank,emotion_admiration,64426,-0.03343790071
observation,monthly_rank,emotion_amusement,64426,-0.01384132556
observation,monthly_rank,emotion_anger,64426,-0.01204541504
observation,monthly_rank,emotion_annoyance,64426,0.01130000696
observation,monthly_rank,emotion_approval,64426,-0.01525586538
observation,monthly_rank,emotion_caring,64426,-0.03532796543
observation,monthly_rank,emotion_confusion,64426,-0.03515699498
observation,monthly_rank,emotion_curiosity,64426,-0.04934379886
observation,monthly_rank,emotion_desire,64426,-0.0341576385
observation,monthly_rank,emotion_disappointment,64426,-0.00206629733
observation,monthly_rank,emotion_disapproval,64426,0.003929480903
observation,monthly_rank,emotion_disgust,64426,-0.006358319173
observation,monthly_rank,emotion_embarrassment,64426,-0.004262795456
observation,monthly_rank,emotion_excitement,64426,-0.04895805036
observation,monthly_rank,emotion_fear,64426,-0.03160653858
observation,monthly_rank,emotion_gratitude,64426,-0.005102652654
observation,monthly_rank,emotion_grief,64426,-0.01922979762
observation,monthly_rank,emotion_joy,64426,-0.03419680489
observation,monthly_rank,emotion_love,64426,-0.04718586262
observation,monthly_rank,emotion_nervousness,64426,-0.03410111744
observation,monthly_rank,emotion_optimism,64426,-0.02255074191
observation,monthly_rank,emotion_pride,64426,-0.01488953994
observation,monthly_rank,emotion_realization,64426,0.01128377168
observation,monthly_rank,emotion_relief,64426,-0.01717410422
observation,monthly_rank,emotion_remorse,64426,-0.02246382878
observation,monthly_rank,emotion_sadness,64426,-0.01368731013
observation,monthly_rank,emotion_surprise,64426,-0.0338546843
observation,monthly_rank,emotion_neutral,64426,0.03986782918
observation,monthly_rank,sentiment_negative,64426,0.03729954165
observation,monthly_rank,sentiment_neutral,64426,-0.001287944912
observation,monthly_rank,sentiment_positive,64426,-0.03811774887
observation,reported_last_week_rank,reported_peak_position,73424,0.8586712699
observation,reported_last_week_rank,reported_weeks_on_chart,73424,-0.4632336632
observation,reported_last_week_rank,best_chart_rank,73424,0.7273068591
observation,reported_last_week_rank,weekly_observation_count,73424,-0.4508162438
observation,reported_last_week_rank,chart_weeks,73424,-0.4508243032
observation,reported_last_week_rank,total_chart_points,73424,-0.6678578608
observation,reported_last_week_rank,snapshot_months_selected,73424,-0.4283072437
observation,reported_last_week_rank,mb_duration_median_seconds,60746,-0.004230448029
observation,reported_last_week_rank,ll_sexual_content,58265,-0.03403534553
observation,reported_last_week_rank,ll_violence,58265,-0.00130171308
observation,reported_last_week_rank,ll_explicit_language,58265,-0.006025784599
observation,reported_last_week_rank,ll_substance_use,58265,0.02963598063
observation,reported_last_week_rank,detox_toxicity,58267,-0.02003665171
observation,reported_last_week_rank,detox_severe_toxicity,58267,-0.01786442009
observation,reported_last_week_rank,detox_obscene,58267,-0.02434981032
observation,reported_last_week_rank,detox_threat,58267,-0.02147819823
observation,reported_last_week_rank,detox_insult,58267,-0.01425966514
observation,reported_last_week_rank,detox_identity_attack,58267,-0.001386511412
observation,reported_last_week_rank,detox_sexual_explicit,58267,-0.02539533319
observation,reported_last_week_rank,emotion_admiration,58267,-0.03013602014
observation,reported_last_week_rank,emotion_amusement,58267,-0.01975424045
observation,reported_last_week_rank,emotion_anger,58267,-0.02161669509
observation,reported_last_week_rank,emotion_annoyance,58267,0.0011510795
observation,reported_last_week_rank,emotion_approval,58267,-0.01281497698
observation,reported_last_week_rank,emotion_caring,58267,-0.02988648354
observation,reported_last_week_rank,emotion_confusion,58267,-0.03536365997
observation,reported_last_week_rank,emotion_curiosity,58267,-0.04980714604
observation,reported_last_week_rank,emotion_desire,58267,-0.02842094966
observation,reported_last_week_rank,emotion_disappointment,58267,-0.003721036488
observation,reported_last_week_rank,emotion_disapproval,58267,-0.001784053195
observation,reported_last_week_rank,emotion_disgust,58267,-0.01617333185
observation,reported_last_week_rank,emotion_embarrassment,58267,-0.01046681217
observation,reported_last_week_rank,emotion_excitement,58267,-0.04535174736
observation,reported_last_week_rank,emotion_fear,58267,-0.031487574
observation,reported_last_week_rank,emotion_gratitude,58267,1.045054025e-05
observation,reported_last_week_rank,emotion_grief,58267,-0.01623198147
observation,reported_last_week_rank,emotion_joy,58267,-0.03050577303
observation,reported_last_week_rank,emotion_love,58267,-0.04161066084
observation,reported_last_week_rank,emotion_nervousness,58267,-0.03040024796
observation,reported_last_week_rank,emotion_optimism,58267,-0.01686135701
observation,reported_last_week_rank,emotion_pride,58267,-0.01337330526
observation,reported_last_week_rank,emotion_realization,58267,0.01193737658
observation,reported_last_week_rank,emotion_relief,58267,-0.01191220623
observation,reported_last_week_rank,emotion_remorse,58267,-0.0172295642
observation,reported_last_week_rank,emotion_sadness,58267,-0.01217885943
observation,reported_last_week_rank,emotion_surprise,58267,-0.03333729539
observation,reported_last_week_rank,emotion_neutral,58267,0.03669320952
observation,reported_last_week_rank,sentiment_negative,58267,0.03148647855
observation,reported_last_week_rank,sentiment_neutral,58267,-0.001856937113
observation,reported_last_week_rank,sentiment_positive,58267,-0.03240708384
observation,reported_peak_position,reported_weeks_on_chart,81797,-0.6830766814
observation,reported_peak_position,best_chart_rank,81797,0.8161792332
observation,reported_peak_position,weekly_observation_count,81797,-0.546667852
observation,reported_peak_position,chart_weeks,81797,-0.5466683171
observation,reported_peak_position,total_chart_points,81797,-0.7282412013
observation,reported_peak_position,snapshot_months_selected,81797,-0.5205692324
observation,reported_peak_position,mb_duration_median_seconds,67313,-0.04769692154
observation,reported_peak_position,ll_sexual_content,64422,-0.05963218215
observation,reported_peak_position,ll_violence,64422,-0.02582880475
observation,reported_peak_position,ll_explicit_language,64422,-0.03931295148
observation,reported_peak_position,ll_substance_use,64422,0.002223443081
observation,reported_peak_position,detox_toxicity,64426,-0.05880282407
observation,reported_peak_position,detox_severe_toxicity,64426,-0.05808240893
observation,reported_peak_position,detox_obscene,64426,-0.06845190222
observation,reported_peak_position,detox_threat,64426,-0.05421674561
observation,reported_peak_position,detox_insult,64426,-0.04825503845
observation,reported_peak_position,detox_identity_attack,64426,-0.03186961045
observation,reported_peak_position,detox_sexual_explicit,64426,-0.06311245791
observation,reported_peak_position,emotion_admiration,64426,-0.02002827755
observation,reported_peak_position,emotion_amusement,64426,-0.0238193116
observation,reported_peak_position,emotion_anger,64426,-0.04133231793
observation,reported_peak_position,emotion_annoyance,64426,-0.02084211783
observation,reported_peak_position,emotion_approval,64426,-0.0110177488
observation,reported_peak_position,emotion_caring,64426,-0.02009480076
observation,reported_peak_position,emotion_confusion,64426,-0.0591024012
observation,reported_peak_position,emotion_curiosity,64426,-0.07342204301
observation,reported_peak_position,emotion_desire,64426,-0.02463604274
observation,reported_peak_position,emotion_disappointment,64426,-0.007319315544
observation,reported_peak_position,emotion_disapproval,64426,-0.01365960724
observation,reported_peak_position,emotion_disgust,64426,-0.03138661988
observation,reported_peak_position,emotion_embarrassment,64426,-0.02248179325
observation,reported_peak_position,emotion_excitement,64426,-0.04287927359
observation,reported_peak_position,emotion_fear,64426,-0.03774133831
observation,reported_peak_position,emotion_gratitude,64426,0.02003055812
observation,reported_peak_position,emotion_grief,64426,-0.006268136629
observation,reported_peak_position,emotion_joy,64426,-0.01677804941
observation,reported_peak_position,emotion_love,64426,-0.03067158637
observation,reported_peak_position,emotion_nervousness,64426,-0.03155902634
observation,reported_peak_position,emotion_optimism,64426,-0.01283373325
observation,reported_peak_position,emotion_pride,64426,-0.0002991805201
observation,reported_peak_position,emotion_realization,64426,0.01485439145
observation,reported_peak_position,emotion_relief,64426,0.00450130033
observation,reported_peak_position,emotion_remorse,64426,-0.01031463125
observation,reported_peak_position,emotion_sadness,64426,-0.005889763257
observation,reported_peak_position,emotion_surprise,64426,-0.04203176535
observation,reported_peak_position,emotion_neutral,64426,0.03013332943
observation,reported_peak_position,sentiment_negative,64426,0.01450558583
observation,reported_peak_position,sentiment_neutral,64426,-0.002642094251
observation,reported_peak_position,sentiment_positive,64426,-0.01830355295
observation,reported_weeks_on_chart,best_chart_rank,81797,-0.4027547025
observation,reported_weeks_on_chart,weekly_observation_count,81797,0.5898785345
observation,reported_weeks_on_chart,chart_weeks,81797,0.5898907761
observation,reported_weeks_on_chart,total_chart_points,81797,0.5412089076
observation,reported_weeks_on_chart,snapshot_months_selected,81797,0.5664807104
observation,reported_weeks_on_chart,mb_duration_median_seconds,67313,0.1000516932
observation,reported_weeks_on_chart,ll_sexual_content,64422,0.0461791308
observation,reported_weeks_on_chart,ll_violence,64422,0.03483473847
observation,reported_weeks_on_chart,ll_explicit_language,64422,0.07739377056
observation,reported_weeks_on_chart,ll_substance_use,64422,0.05983579052
observation,reported_weeks_on_chart,detox_toxicity,64426,0.0732817159
observation,reported_weeks_on_chart,detox_severe_toxicity,64426,0.07791005816
observation,reported_weeks_on_chart,detox_obscene,64426,0.08852993498
observation,reported_weeks_on_chart,detox_threat,64426,0.07694398752
observation,reported_weeks_on_chart,detox_insult,64426,0.05918318579
observation,reported_weeks_on_chart,detox_identity_attack,64426,0.04876080945
observation,reported_weeks_on_chart,detox_sexual_explicit,64426,0.07314209856
observation,reported_weeks_on_chart,emotion_admiration,64426,0.0005930131449
observation,reported_weeks_on_chart,emotion_amusement,64426,0.002941911666
observation,reported_weeks_on_chart,emotion_anger,64426,0.03184677339
observation,reported_weeks_on_chart,emotion_annoyance,64426,0.03407813186
observation,reported_weeks_on_chart,emotion_approval,64426,0.01813484372
observation,reported_weeks_on_chart,emotion_caring,64426,0.003434071077
observation,reported_weeks_on_chart,emotion_confusion,64426,0.04278485433
observation,reported_weeks_on_chart,emotion_curiosity,64426,0.04347613785
observation,reported_weeks_on_chart,emotion_desire,64426,0.02928399153
observation,reported_weeks_on_chart,emotion_disappointment,64426,0.01035471679
observation,reported_weeks_on_chart,emotion_disapproval,64426,0.02030517588
observation,reported_weeks_on_chart,emotion_disgust,64426,0.02659304449
observation,reported_weeks_on_chart,emotion_embarrassment,64426,0.01563709013
observation,reported_weeks_on_chart,emotion_excitement,64426,0.02048645987
observation,reported_weeks_on_chart,emotion_fear,64426,0.02196783556
observation,reported_weeks_on_chart,emotion_gratitude,64426,-0.02669967126
observation,reported_weeks_on_chart,emotion_grief,64426,-0.009780755763
observation,reported_weeks_on_chart,emotion_joy,64426,-0.008036195429
observation,reported_weeks_on_chart,emotion_love,64426,0.005335362921
observation,reported_weeks_on_chart,emotion_nervousness,64426,0.01833449414
observation,reported_weeks_on_chart,emotion_optimism,64426,0.02542759201
observation,reported_weeks_on_chart,emotion_pride,64426,-0.0007626349238
observation,reported_weeks_on_chart,emotion_realization,64426,0.002481693871
observation,reported_weeks_on_chart,emotion_relief,64426,-0.01137875709
observation,reported_weeks_on_chart,emotion_remorse,64426,-0.0009322367453
observation,reported_weeks_on_chart,emotion_sadness,64426,-0.006526492487
observation,reported_weeks_on_chart,emotion_surprise,64426,0.02102806565
observation,reported_weeks_on_chart,emotion_neutral,64426,-0.01044594581
observation,reported_weeks_on_chart,sentiment_negative,64426,0.008911933682
observation,reported_weeks_on_chart,sentiment_neutral,64426,0.01554675995
observation,reported_weeks_on_chart,sentiment_positive,64426,-0.006649351849
observation,best_chart_rank,weekly_observation_count,81797,-0.6517310374
observation,best_chart_rank,chart_weeks,81797,-0.6517309359
observation,best_chart_rank,total_chart_points,81797,-0.8773617726
observation,best_chart_rank,snapshot_months_selected,81797,-0.6334473329
observation,best_chart_rank,mb_duration_median_seconds,67313,-0.03672613541
observation,best_chart_rank,ll_sexual_content,64422,-0.04114800369
observation,best_chart_rank,ll_violence,64422,0.006293937391
observation,best_chart_rank,ll_explicit_language,64422,0.006320101817
observation,best_chart_rank,ll_substance_use,64422,0.04552898783
observation,best_chart_rank,detox_toxicity,64426,-0.01587492323
observation,best_chart_rank,detox_severe_toxicity,64426,-0.01508040332
observation,best_chart_rank,detox_obscene,64426,-0.02381579609
observation,best_chart_rank,detox_threat,64426,-0.0200424926
observation,best_chart_rank,detox_insult,64426,-0.006964438715
observation,best_chart_rank,detox_identity_attack,64426,0.008149981275
observation,best_chart_rank,detox_sexual_explicit,64426,-0.02711932251
observation,best_chart_rank,emotion_admiration,64426,-0.03875616397
observation,best_chart_rank,emotion_amusement,64426,-0.02277219362
observation,best_chart_rank,emotion_anger,64426,-0.01483116464
observation,best_chart_rank,emotion_annoyance,64426,0.01337756958
observation,best_chart_rank,emotion_approval,64426,-0.01964492577
observation,best_chart_rank,emotion_caring,64426,-0.03690322216
observation,best_chart_rank,emotion_confusion,64426,-0.05688083215
observation,best_chart_rank,emotion_curiosity,64426,-0.0731669559
observation,best_chart_rank,emotion_desire,64426,-0.04035980256
observation,best_chart_rank,emotion_disappointment,64426,-0.001424596404
observation,best_chart_rank,emotion_disapproval,64426,0.006539850838
observation,best_chart_rank,emotion_disgust,64426,-0.009577544132
observation,best_chart_rank,emotion_embarrassment,64426,-0.01178983562
observation,best_chart_rank,emotion_excitement,64426,-0.06588424173
observation,best_chart_rank,emotion_fear,64426,-0.04658747647
observation,best_chart_rank,emotion_gratitude,64426,3.209472003e-05
observation,best_chart_rank,emotion_grief,64426,-0.02187454191
observation,best_chart_rank,emotion_joy,64426,-0.04255907894
observation,best_chart_rank,emotion_love,64426,-0.05535817597
observation,best_chart_rank,emotion_nervousness,64426,-0.04669902156
observation,best_chart_rank,emotion_optimism,64426,-0.02763781508
observation,best_chart_rank,emotion_pride,64426,-0.01651233531
observation,best_chart_rank,emotion_realization,64426,0.006771404388
observation,best_chart_rank,emotion_relief,64426,-0.02004109253
observation,best_chart_rank,emotion_remorse,64426,-0.02517180821
observation,best_chart_rank,emotion_sadness,64426,-0.01455769776
observation,best_chart_rank,emotion_surprise,64426,-0.05411135203
observation,best_chart_rank,emotion_neutral,64426,0.04852966953
observation,best_chart_rank,sentiment_negative,64426,0.04716941367
observation,best_chart_rank,sentiment_neutral,64426,-0.0003034545968
observation,best_chart_rank,sentiment_positive,64426,-0.0516027926
observation,weekly_observation_count,chart_weeks,81797,0.9999993557
observation,weekly_observation_count,total_chart_points,81797,0.9015113732
observation,weekly_observation_count,snapshot_months_selected,81797,0.9693936269
observation,weekly_observation_count,mb_duration_median_seconds,67313,0.1745667321
observation,weekly_observation_count,ll_sexual_content,64422,0.09846741517
observation,weekly_observation_count,ll_violence,64422,0.07363035779
observation,weekly_observation_count,ll_explicit_language,64422,0.1560036791
observation,weekly_observation_count,ll_substance_use,64422,0.1206740777
observation,weekly_observation_count,detox_toxicity,64426,0.1464212103
observation,weekly_observation_count,detox_severe_toxicity,64426,0.1558369102
observation,weekly_observation_count,detox_obscene,64426,0.1744502557
observation,weekly_observation_count,detox_threat,64426,0.1493279176
observation,weekly_observation_count,detox_insult,64426,0.1198210412
observation,weekly_observation_count,detox_identity_attack,64426,0.1035088253
observation,weekly_observation_count,detox_sexual_explicit,64426,0.1455911246
observation,weekly_observation_count,emotion_admiration,64426,-0.003703650296
observation,weekly_observation_count,emotion_amusement,64426,0.01217113305
observation,weekly_observation_count,emotion_anger,64426,0.06947564514
observation,weekly_observation_count,emotion_annoyance,64426,0.07565664956
observation,weekly_observation_count,emotion_approval,64426,0.0306345489
observation,weekly_observation_count,emotion_caring,64426,0.0008493519552
observation,weekly_observation_count,emotion_confusion,64426,0.07461458334
observation,weekly_observation_count,emotion_curiosity,64426,0.0752765741
observation,weekly_observation_count,emotion_desire,64426,0.04422028578
observation,weekly_observation_count,emotion_disappointment,64426,0.02012992894
observation,weekly_observation_count,emotion_disapproval,64426,0.04509246186
observation,weekly_observation_count,emotion_disgust,64426,0.05864967265
observation,weekly_observation_count,emotion_embarrassment,64426,0.03455358985
observation,weekly_observation_count,emotion_excitement,64426,0.02775496347
observation,weekly_observation_count,emotion_fear,64426,0.03402450179
observation,weekly_observation_count,emotion_gratitude,64426,-0.05207815595
observation,weekly_observation_count,emotion_grief,64426,-0.02306840209
observation,weekly_observation_count,emotion_joy,64426,-0.02155059708
observation,weekly_observation_count,emotion_love,64426,-0.0009790717314
observation,weekly_observation_count,emotion_nervousness,64426,0.02479366472
observation,weekly_observation_count,emotion_optimism,64426,0.03739649047
observation,weekly_observation_count,emotion_pride,64426,-0.004870195055
observation,weekly_observation_count,emotion_realization,64426,-0.0004551304812
observation,weekly_observation_count,emotion_relief,64426,-0.02746563427
observation,weekly_observation_count,emotion_remorse,64426,-0.00918775217
observation,weekly_observation_count,emotion_sadness,64426,-0.01549784621
observation,weekly_observation_count,emotion_surprise,64426,0.03266220769
observation,weekly_observation_count,emotion_neutral,64426,-0.01166671584
observation,weekly_observation_count,sentiment_negative,64426,0.02142953961
observation,weekly_observation_count,sentiment_neutral,64426,0.03637603406
observation,weekly_observation_count,sentiment_positive,64426,-0.0212320336
observation,chart_weeks,total_chart_points,81797,0.9015117126
observation,chart_weeks,snapshot_months_selected,81797,0.9693943846
observation,chart_weeks,mb_duration_median_seconds,67313,0.1745674084
observation,chart_weeks,ll_sexual_content,64422,0.09846741517
observation,chart_weeks,ll_violence,64422,0.07363035779
observation,chart_weeks,ll_explicit_language,64422,0.1560036791
observation,chart_weeks,ll_substance_use,64422,0.1206740777
observation,chart_weeks,detox_toxicity,64426,0.1464212103
observation,chart_weeks,detox_severe_toxicity,64426,0.1558369102
observation,chart_weeks,detox_obscene,64426,0.1744502557
observation,chart_weeks,detox_threat,64426,0.1493279176
observation,chart_weeks,detox_insult,64426,0.1198210412
observation,chart_weeks,detox_identity_attack,64426,0.1035088253
observation,chart_weeks,detox_sexual_explicit,64426,0.1455911246
observation,chart_weeks,emotion_admiration,64426,-0.003703650296
observation,chart_weeks,emotion_amusement,64426,0.01217113305
observation,chart_weeks,emotion_anger,64426,0.06947564514
observation,chart_weeks,emotion_annoyance,64426,0.07565664956
observation,chart_weeks,emotion_approval,64426,0.0306345489
observation,chart_weeks,emotion_caring,64426,0.0008493519552
observation,chart_weeks,emotion_confusion,64426,0.07461458334
observation,chart_weeks,emotion_curiosity,64426,0.0752765741
observation,chart_weeks,emotion_desire,64426,0.04422028578
observation,chart_weeks,emotion_disappointment,64426,0.02012992894
observation,chart_weeks,emotion_disapproval,64426,0.04509246186
observation,chart_weeks,emotion_disgust,64426,0.05864967265
observation,chart_weeks,emotion_embarrassment,64426,0.03455358985
observation,chart_weeks,emotion_excitement,64426,0.02775496347
observation,chart_weeks,emotion_fear,64426,0.03402450179
observation,chart_weeks,emotion_gratitude,64426,-0.05207815595
observation,chart_weeks,emotion_grief,64426,-0.02306840209
observation,chart_weeks,emotion_joy,64426,-0.02155059708
observation,chart_weeks,emotion_love,64426,-0.0009790717314
observation,chart_weeks,emotion_nervousness,64426,0.02479366472
observation,chart_weeks,emotion_optimism,64426,0.03739649047
observation,chart_weeks,emotion_pride,64426,-0.004870195055
observation,chart_weeks,emotion_realization,64426,-0.0004551304812
observation,chart_weeks,emotion_relief,64426,-0.02746563427
observation,chart_weeks,emotion_remorse,64426,-0.00918775217
observation,chart_weeks,emotion_sadness,64426,-0.01549784621
observation,chart_weeks,emotion_surprise,64426,0.03266220769
observation,chart_weeks,emotion_neutral,64426,-0.01166671584
observation,chart_weeks,sentiment_negative,64426,0.02142953961
observation,chart_weeks,sentiment_neutral,64426,0.03637603406
observation,chart_weeks,sentiment_positive,64426,-0.0212320336
observation,total_chart_points,snapshot_months_selected,81797,0.8759023074
observation,total_chart_points,mb_duration_median_seconds,67313,0.1128219806
observation,total_chart_points,ll_sexual_content,64422,0.06866581208
observation,total_chart_points,ll_violence,64422,0.03242527038
observation,total_chart_points,ll_explicit_language,64422,0.07717463793
observation,total_chart_points,ll_substance_use,64422,0.0352004896
observation,total_chart_points,detox_toxicity,64426,0.08204390197
observation,total_chart_points,detox_severe_toxicity,64426,0.08504059983
observation,total_chart_points,detox_obscene,64426,0.1010816921
observation,total_chart_points,detox_threat,64426,0.08768002202
observation,total_chart_points,detox_insult,64426,0.06322821446
observation,total_chart_points,detox_identity_attack,64426,0.04252535598
observation,total_chart_points,detox_sexual_explicit,64426,0.08620403471
observation,total_chart_points,emotion_admiration,64426,0.02163588857
observation,total_chart_points,emotion_amusement,64426,0.01452500274
observation,total_chart_points,emotion_anger,64426,0.04457238204
observation,total_chart_points,emotion_annoyance,64426,0.03112522058
observation,total_chart_points,emotion_approval,64426,0.03020157321
observation,total_chart_points,emotion_caring,64426,0.02836510206
observation,total_chart_points,emotion_confusion,64426,0.07106340209
observation,total_chart_points,emotion_curiosity,64426,0.08119989303
observation,total_chart_points,emotion_desire,64426,0.05572018114
observation,total_chart_points,emotion_disappointment,64426,0.01425118476
observation,total_chart_points,emotion_disapproval,64426,0.02119229469
observation,total_chart_points,emotion_disgust,64426,0.03537142542
observation,total_chart_points,emotion_embarrassment,64426,0.02339688239
observation,total_chart_points,emotion_excitement,64426,0.0543325441
observation,total_chart_points,emotion_fear,64426,0.04733042644
observation,total_chart_points,emotion_gratitude,64426,-0.02575707992
observation,total_chart_points,emotion_grief,64426,0.004904830587
observation,total_chart_points,emotion_joy,64426,0.01376306275
observation,total_chart_points,emotion_love,64426,0.03643864653
observation,total_chart_points,emotion_nervousness,64426,0.04478314919
observation,total_chart_points,emotion_optimism,64426,0.04393401857
observation,total_chart_points,emotion_pride,64426,0.008709041807
observation,total_chart_points,emotion_realization,64426,-0.001934927523
observation,total_chart_points,emotion_relief,64426,0.001894749265
observation,total_chart_points,emotion_remorse,64426,0.01565516002
observation,total_chart_points,emotion_sadness,64426,0.00410267248
observation,total_chart_points,emotion_surprise,64426,0.04692082469
observation,total_chart_points,emotion_neutral,64426,-0.03972331903
observation,total_chart_points,sentiment_negative,64426,-0.01654741864
observation,total_chart_points,sentiment_neutral,64426,0.02068334069
observation,total_chart_points,sentiment_positive,64426,0.01797971294
observation,snapshot_months_selected,mb_duration_median_seconds,67313,0.1659982428
observation,snapshot_months_selected,ll_sexual_content,64422,0.09272541603
observation,snapshot_months_selected,ll_violence,64422,0.07263456496
observation,snapshot_months_selected,ll_explicit_language,64422,0.1506618789
observation,snapshot_months_selected,ll_substance_use,64422,0.121506561
observation,snapshot_months_selected,detox_toxicity,64426,0.1437950091
observation,snapshot_months_selected,detox_severe_toxicity,64426,0.1521026986
observation,snapshot_months_selected,detox_obscene,64426,0.1705089776
observation,snapshot_months_selected,detox_threat,64426,0.145613011
observation,snapshot_months_selected,detox_insult,64426,0.1185039237
observation,snapshot_months_selected,detox_identity_attack,64426,0.1000256701
observation,snapshot_months_selected,detox_sexual_explicit,64426,0.1415761986
observation,snapshot_months_selected,emotion_admiration,64426,-0.005409949244
observation,snapshot_months_selected,emotion_amusement,64426,0.01454908245
observation,snapshot_months_selected,emotion_anger,64426,0.06721959075
observation,snapshot_months_selected,emotion_annoyance,64426,0.07566149267
observation,snapshot_months_selected,emotion_approval,64426,0.02936976356
observation,snapshot_months_selected,emotion_caring,64426,0.002055159404
observation,snapshot_months_selected,emotion_confusion,64426,0.07357649582
observation,snapshot_months_selected,emotion_curiosity,64426,0.07478714557
observation,snapshot_months_selected,emotion_desire,64426,0.04414583995
observation,snapshot_months_selected,emotion_disappointment,64426,0.01983706228
observation,snapshot_months_selected,emotion_disapproval,64426,0.04422372763
observation,snapshot_months_selected,emotion_disgust,64426,0.05587231377
observation,snapshot_months_selected,emotion_embarrassment,64426,0.03388789393
observation,snapshot_months_selected,emotion_excitement,64426,0.02649167362
observation,snapshot_months_selected,emotion_fear,64426,0.03367214577
observation,snapshot_months_selected,emotion_gratitude,64426,-0.05063006072
observation,snapshot_months_selected,emotion_grief,64426,-0.02258541077
observation,snapshot_months_selected,emotion_joy,64426,-0.02053691158
observation,snapshot_months_selected,emotion_love,64426,-0.004652242371
observation,snapshot_months_selected,emotion_nervousness,64426,0.026250339
observation,snapshot_months_selected,emotion_optimism,64426,0.04142742324
observation,snapshot_months_selected,emotion_pride,64426,-0.004714827636
observation,snapshot_months_selected,emotion_realization,64426,0.001388682089
observation,snapshot_months_selected,emotion_relief,64426,-0.02423259748
observation,snapshot_months_selected,emotion_remorse,64426,-0.008339801273
observation,snapshot_months_selected,emotion_sadness,64426,-0.01546829292
observation,snapshot_months_selected,emotion_surprise,64426,0.03145632211
observation,snapshot_months_selected,emotion_neutral,64426,-0.01285251164
observation,snapshot_months_selected,sentiment_negative,64426,0.02355330136
observation,snapshot_months_selected,sentiment_neutral,64426,0.03609871528
observation,snapshot_months_selected,sentiment_positive,64426,-0.02328243628
observation,mb_duration_median_seconds,ll_sexual_content,56230,0.003071307835
observation,mb_duration_median_seconds,ll_violence,56230,0.07357458179
observation,mb_duration_median_seconds,ll_explicit_language,56230,0.01483669496
observation,mb_duration_median_seconds,ll_substance_use,56230,0.002018645207
observation,mb_duration_median_seconds,detox_toxicity,56232,0.01367983327
observation,mb_duration_median_seconds,detox_severe_toxicity,56232,0.02658296403
observation,mb_duration_median_seconds,detox_obscene,56232,0.02327876001
observation,mb_duration_median_seconds,detox_threat,56232,0.02182220964
observation,mb_duration_median_seconds,detox_insult,56232,0.0008547476561
observation,mb_duration_median_seconds,detox_identity_attack,56232,0.004435343022
observation,mb_duration_median_seconds,detox_sexual_explicit,56232,0.02822831567
observation,mb_duration_median_seconds,emotion_admiration,56232,-0.02621307102
observation,mb_duration_median_seconds,emotion_amusement,56232,-0.08981890645
observation,mb_duration_median_seconds,emotion_anger,56232,0.00788046257
observation,mb_duration_median_seconds,emotion_annoyance,56232,0.02375642384
observation,mb_duration_median_seconds,emotion_approval,56232,0.04162861375
observation,mb_duration_median_seconds,emotion_caring,56232,0.06152472386
observation,mb_duration_median_seconds,emotion_confusion,56232,0.07500037358
observation,mb_duration_median_seconds,emotion_curiosity,56232,0.06999865206
observation,mb_duration_median_seconds,emotion_desire,56232,0.06353396253
observation,mb_duration_median_seconds,emotion_disappointment,56232,0.05619933058
observation,mb_duration_median_seconds,emotion_disapproval,56232,0.0427515345
observation,mb_duration_median_seconds,emotion_disgust,56232,-0.001234531367
observation,mb_duration_median_seconds,emotion_embarrassment,56232,0.01533362571
observation,mb_duration_median_seconds,emotion_excitement,56232,-0.01004898569
observation,mb_duration_median_seconds,emotion_fear,56232,0.07994671672
observation,mb_duration_median_seconds,emotion_gratitude,56232,-0.03228125866
observation,mb_duration_median_seconds,emotion_grief,56232,0.04336990669
observation,mb_duration_median_seconds,emotion_joy,56232,-0.03950854761
observation,mb_duration_median_seconds,emotion_love,56232,0.005966830377
observation,mb_duration_median_seconds,emotion_nervousness,56232,0.07987487324
observation,mb_duration_median_seconds,emotion_optimism,56232,0.08170205507
observation,mb_duration_median_seconds,emotion_pride,56232,-0.02104744714
observation,mb_duration_median_seconds,emotion_realization,56232,0.0592279698
observation,mb_duration_median_seconds,emotion_relief,56232,0.02606209386
observation,mb_duration_median_seconds,emotion_remorse,56232,0.0504428384
observation,mb_duration_median_seconds,emotion_sadness,56232,0.05453117616
observation,mb_duration_median_seconds,emotion_surprise,56232,0.02782492
observation,mb_duration_median_seconds,emotion_neutral,56232,0.00601567607
observation,mb_duration_median_seconds,sentiment_negative,56232,0.05810979306
observation,mb_duration_median_seconds,sentiment_neutral,56232,-0.02445678369
observation,mb_duration_median_seconds,sentiment_positive,56232,-0.03001833103
observation,ll_sexual_content,ll_violence,64422,0.08672064796
observation,ll_sexual_content,ll_explicit_language,64422,0.3524380482
observation,ll_sexual_content,ll_substance_use,64422,0.1555114471
observation,ll_sexual_content,detox_toxicity,64422,0.3976640107
observation,ll_sexual_content,detox_severe_toxicity,64422,0.4919639859
observation,ll_sexual_content,detox_obscene,64422,0.4575077847
observation,ll_sexual_content,detox_threat,64422,0.3471824967
observation,ll_sexual_content,detox_insult,64422,0.362688882
observation,ll_sexual_content,detox_identity_attack,64422,0.4323901534
observation,ll_sexual_content,detox_sexual_explicit,64422,0.5988926741
observation,ll_sexual_content,emotion_admiration,64422,0.1669749009
observation,ll_sexual_content,emotion_amusement,64422,0.1451797248
observation,ll_sexual_content,emotion_anger,64422,0.1838880668
observation,ll_sexual_content,emotion_annoyance,64422,0.0479219841
observation,ll_sexual_content,emotion_approval,64422,0.114882344
observation,ll_sexual_content,emotion_caring,64422,-0.02558737723
observation,ll_sexual_content,emotion_confusion,64422,-0.07378920795
observation,ll_sexual_content,emotion_curiosity,64422,0.0386254609
observation,ll_sexual_content,emotion_desire,64422,0.02275382361
observation,ll_sexual_content,emotion_disappointment,64422,-0.2271777338
observation,ll_sexual_content,emotion_disapproval,64422,-0.06945927616
observation,ll_sexual_content,emotion_disgust,64422,0.06788060488
observation,ll_sexual_content,emotion_embarrassment,64422,-0.1451274478
observation,ll_sexual_content,emotion_excitement,64422,0.1964676403
observation,ll_sexual_content,emotion_fear,64422,-0.2254998445
observation,ll_sexual_content,emotion_gratitude,64422,-0.04793606242
observation,ll_sexual_content,emotion_grief,64422,-0.2868662684
observation,ll_sexual_content,emotion_joy,64422,0.1225473139
observation,ll_sexual_content,emotion_love,64422,0.1841427972
observation,ll_sexual_content,emotion_nervousness,64422,-0.2745445302
observation,ll_sexual_content,emotion_optimism,64422,-0.1161772011
observation,ll_sexual_content,emotion_pride,64422,0.01822985126
observation,ll_sexual_content,emotion_realization,64422,-0.362324248
observation,ll_sexual_content,emotion_relief,64422,-0.2354751958
observation,ll_sexual_content,emotion_remorse,64422,-0.225611732
observation,ll_sexual_content,emotion_sadness,64422,-0.2697712415
observation,ll_sexual_content,emotion_surprise,64422,-0.0998462821
observation,ll_sexual_content,emotion_neutral,64422,0.003290660526
observation,ll_sexual_content,sentiment_negative,64422,-0.1467184049
observation,ll_sexual_content,sentiment_neutral,64422,0.1114423211
observation,ll_sexual_content,sentiment_positive,64422,0.1162819303
observation,ll_violence,ll_explicit_language,64422,0.3167938629
observation,ll_violence,ll_substance_use,64422,0.3207546853
observation,ll_violence,detox_toxicity,64422,0.3914329719
observation,ll_violence,detox_severe_toxicity,64422,0.38243248
observation,ll_violence,detox_obscene,64422,0.3408277112
observation,ll_violence,detox_threat,64422,0.4370787839
observation,ll_violence,detox_insult,64422,0.3655407862
observation,ll_violence,detox_identity_attack,64422,0.3761093816
observation,ll_violence,detox_sexual_explicit,64422,0.2822634256
observation,ll_violence,emotion_admiration,64422,-0.1899904362
observation,ll_violence,emotion_amusement,64422,0.05352308583
observation,ll_violence,emotion_anger,64422,0.3113962141
observation,ll_violence,emotion_annoyance,64422,0.3335356862
observation,ll_violence,emotion_approval,64422,-0.2022926662
observation,ll_violence,emotion_caring,64422,-0.1131515989
observation,ll_violence,emotion_confusion,64422,0.006554419251
observation,ll_violence,emotion_curiosity,64422,-0.01397552665
observation,ll_violence,emotion_desire,64422,-0.1571074518
observation,ll_violence,emotion_disappointment,64422,0.1231424998
observation,ll_violence,emotion_disapproval,64422,0.1491522615
observation,ll_violence,emotion_disgust,64422,0.3040626956
observation,ll_violence,emotion_embarrassment,64422,0.2001798937
observation,ll_violence,emotion_excitement,64422,-0.1996975116
observation,ll_violence,emotion_fear,64422,0.1339273557
observation,ll_violence,emotion_gratitude,64422,-0.2051113822
observation,ll_violence,emotion_grief,64422,0.01214697399
observation,ll_violence,emotion_joy,64422,-0.2059205626
observation,ll_violence,emotion_love,64422,-0.2268139534
observation,ll_violence,emotion_nervousness,64422,0.01612260136
observation,ll_violence,emotion_optimism,64422,-0.1647524009
observation,ll_violence,emotion_pride,64422,-0.1145650478
observation,ll_violence,emotion_realization,64422,-0.00105418332
observation,ll_violence,emotion_relief,64422,-0.1500984799
observation,ll_violence,emotion_remorse,64422,-0.06931928752
observation,ll_violence,emotion_sadness,64422,0.05354109219
observation,ll_violence,emotion_surprise,64422,-0.003867342668
observation,ll_violence,emotion_neutral,64422,0.1462271739
observation,ll_violence,sentiment_negative,64422,0.2999764898
observation,ll_violence,sentiment_neutral,64422,-0.1198184991
observation,ll_violence,sentiment_positive,64422,-0.237293065
observation,ll_explicit_language,ll_substance_use,64422,0.3971384059
observation,ll_explicit_language,detox_toxicity,64422,0.6215382694
observation,ll_explicit_language,detox_severe_toxicity,64422,0.6528638841
observation,ll_explicit_language,detox_obscene,64422,0.6749718405
observation,ll_explicit_language,detox_threat,64422,0.5030779767
observation,ll_explicit_language,detox_insult,64422,0.6199996944
observation,ll_explicit_language,detox_identity_attack,64422,0.5988849923
observation,ll_explicit_language,detox_sexual_explicit,64422,0.5693116761
observation,ll_explicit_language,emotion_admiration,64422,-0.1415423404
observation,ll_explicit_language,emotion_amusement,64422,0.2052948313
observation,ll_explicit_language,emotion_anger,64422,0.3251525326
observation,ll_explicit_language,emotion_annoyance,64422,0.4240682635
observation,ll_explicit_language,emotion_approval,64422,-0.07622592165
observation,ll_explicit_language,emotion_caring,64422,-0.2080461035
observation,ll_explicit_language,emotion_confusion,64422,-0.0009050726071
observation,ll_explicit_language,emotion_curiosity,64422,0.02343219777
observation,ll_explicit_language,emotion_desire,64422,-0.255320833
observation,ll_explicit_language,emotion_disappointment,64422,-0.0009179161451
observation,ll_explicit_language,emotion_disapproval,64422,0.1798553931
observation,ll_explicit_language,emotion_disgust,64422,0.2250417265
observation,ll_explicit_language,emotion_embarrassment,64422,0.1030471433
observation,ll_explicit_language,emotion_excitement,64422,-0.1465092023
observation,ll_explicit_language,emotion_fear,64422,-0.1592508946
observation,ll_explicit_language,emotion_gratitude,64422,-0.2800423289
observation,ll_explicit_language,emotion_grief,64422,-0.2551078429
observation,ll_explicit_language,emotion_joy,64422,-0.1717905699
observation,ll_explicit_language,emotion_love,64422,-0.2813495898
observation,ll_explicit_language,emotion_nervousness,64422,-0.2080186833
observation,ll_explicit_language,emotion_optimism,64422,-0.2486153631
observation,ll_explicit_language,emotion_pride,64422,-0.1529433113
observation,ll_explicit_language,emotion_realization,64422,-0.1601676903
observation,ll_explicit_language,emotion_relief,64422,-0.2706202929
observation,ll_explicit_language,emotion_remorse,64422,-0.2676807901
observation,ll_explicit_language,emotion_sadness,64422,-0.1743254242
observation,ll_explicit_language,emotion_surprise,64422,-0.1195424645
observation,ll_explicit_language,emotion_neutral,64422,0.2301448976
observation,ll_explicit_language,sentiment_negative,64422,0.1809456651
observation,ll_explicit_language,sentiment_neutral,64422,0.09156327619
observation,ll_explicit_language,sentiment_positive,64422,-0.2051484633
observation,ll_substance_use,detox_toxicity,64422,0.2934404522
observation,ll_substance_use,detox_severe_toxicity,64422,0.3247259147
observation,ll_substance_use,detox_obscene,64422,0.312707843
observation,ll_substance_use,detox_threat,64422,0.2475329217
observation,ll_substance_use,detox_insult,64422,0.2870609472
observation,ll_substance_use,detox_identity_attack,64422,0.3368265531
observation,ll_substance_use,detox_sexual_explicit,64422,0.2641799314
observation,ll_substance_use,emotion_admiration,64422,-0.09479210032
observation,ll_substance_use,emotion_amusement,64422,0.2567952115
observation,ll_substance_use,emotion_anger,64422,0.002480122904
observation,ll_substance_use,emotion_annoyance,64422,0.1820771771
observation,ll_substance_use,emotion_approval,64422,-0.04691868293
observation,ll_substance_use,emotion_caring,64422,-0.3381036195
observation,ll_substance_use,emotion_confusion,64422,-0.0684019542
observation,ll_substance_use,emotion_curiosity,64422,-0.07854968771
observation,ll_substance_use,emotion_desire,64422,-0.2634846927
observation,ll_substance_use,emotion_disappointment,64422,-0.07427726681
observation,ll_substance_use,emotion_disapproval,64422,-0.02063672303
observation,ll_substance_use,emotion_disgust,64422,0.03864385092
observation,ll_substance_use,emotion_embarrassment,64422,0.03429499991
observation,ll_substance_use,emotion_excitement,64422,-0.03065734989
observation,ll_substance_use,emotion_fear,64422,-0.1889343646
observation,ll_substance_use,emotion_gratitude,64422,-0.1937329299
observation,ll_substance_use,emotion_grief,64422,-0.2574178662
observation,ll_substance_use,emotion_joy,64422,-0.03511592817
observation,ll_substance_use,emotion_love,64422,-0.3122917213
observation,ll_substance_use,emotion_nervousness,64422,-0.2076264715
observation,ll_substance_use,emotion_optimism,64422,-0.2210801388
observation,ll_substance_use,emotion_pride,64422,-0.04074203363
observation,ll_substance_use,emotion_realization,64422,-0.03368715263
observation,ll_substance_use,emotion_relief,64422,-0.1272964551
observation,ll_substance_use,emotion_remorse,64422,-0.3114831225
observation,ll_substance_use,emotion_sadness,64422,-0.2126633741
observation,ll_substance_use,emotion_surprise,64422,-0.04919403845
observation,ll_substance_use,emotion_neutral,64422,0.2820377697
observation,ll_substance_use,sentiment_negative,64422,0.125852179
observation,ll_substance_use,sentiment_neutral,64422,-0.07077227022
observation,ll_substance_use,sentiment_positive,64422,-0.06802435134
observation,detox_toxicity,detox_severe_toxicity,64426,0.9056414587
observation,detox_toxicity,detox_obscene,64426,0.9469295043
observation,detox_toxicity,detox_threat,64426,0.8288260615
observation,detox_toxicity,detox_insult,64426,0.9636578286
observation,detox_toxicity,detox_identity_attack,64426,0.7936569092
observation,detox_toxicity,detox_sexual_explicit,64426,0.8013599518
observation,detox_toxicity,emotion_admiration,64426,-0.1642306176
observation,detox_toxicity,emotion_amusement,64426,0.1981614386
observation,detox_toxicity,emotion_anger,64426,0.4892597026
observation,detox_toxicity,emotion_annoyance,64426,0.4823941337
observation,detox_toxicity,emotion_approval,64426,-0.1692905847
observation,detox_toxicity,emotion_caring,64426,-0.1487651224
observation,detox_toxicity,emotion_confusion,64426,0.02231634824
observation,detox_toxicity,emotion_curiosity,64426,0.05127315186
observation,detox_toxicity,emotion_desire,64426,-0.1811380932
observation,detox_toxicity,emotion_disappointment,64426,0.04556869056
observation,detox_toxicity,emotion_disapproval,64426,0.2103485848
observation,detox_toxicity,emotion_disgust,64426,0.3779166695
observation,detox_toxicity,emotion_embarrassment,64426,0.1729419607
observation,detox_toxicity,emotion_excitement,64426,-0.1517983532
observation,detox_toxicity,emotion_fear,64426,-0.05301370572
observation,detox_toxicity,emotion_gratitude,64426,-0.2726220311
observation,detox_toxicity,emotion_grief,64426,-0.1673463396
observation,detox_toxicity,emotion_joy,64426,-0.1867484768
observation,detox_toxicity,emotion_love,64426,-0.1843165771
observation,detox_toxicity,emotion_nervousness,64426,-0.1419355171
observation,detox_toxicity,emotion_optimism,64426,-0.2627196142
observation,detox_toxicity,emotion_pride,64426,-0.1672904206
observation,detox_toxicity,emotion_realization,64426,-0.1918668441
observation,detox_toxicity,emotion_relief,64426,-0.3130314094
observation,detox_toxicity,emotion_remorse,64426,-0.1844867897
observation,detox_toxicity,emotion_sadness,64426,-0.09725404809
observation,detox_toxicity,emotion_surprise,64426,-0.07556736455
observation,detox_toxicity,emotion_neutral,64426,0.1234490423
observation,detox_toxicity,sentiment_negative,64426,0.2463281348
observation,detox_toxicity,sentiment_neutral,64426,0.02446657234
observation,detox_toxicity,sentiment_positive,64426,-0.2457664449
observation,detox_severe_toxicity,detox_obscene,64426,0.9398148992
observation,detox_severe_toxicity,detox_threat,64426,0.7953049892
observation,detox_severe_toxicity,detox_insult,64426,0.8361340958
observation,detox_severe_toxicity,detox_identity_attack,64426,0.8769529591
observation,detox_severe_toxicity,detox_sexual_explicit,64426,0.918335403
observation,detox_severe_toxicity,emotion_admiration,64426,-0.07869471077
observation,detox_severe_toxicity,emotion_amusement,64426,0.2094464944
observation,detox_severe_toxicity,emotion_anger,64426,0.4182793524
observation,detox_severe_toxicity,emotion_annoyance,64426,0.3846071123
observation,detox_severe_toxicity,emotion_approval,64426,-0.103503224
observation,detox_severe_toxicity,emotion_caring,64426,-0.1652611816
observation,detox_severe_toxicity,emotion_confusion,64426,-0.01357819733
observation,detox_severe_toxicity,emotion_curiosity,64426,0.03504418646
observation,detox_severe_toxicity,emotion_desire,64426,-0.1687138568
observation,detox_severe_toxicity,emotion_disappointment,64426,-0.0427536264
observation,detox_severe_toxicity,emotion_disapproval,64426,0.1372880616
observation,detox_severe_toxicity,emotion_disgust,64426,0.312487278
observation,detox_severe_toxicity,emotion_embarrassment,64426,0.09155676246
observation,detox_severe_toxicity,emotion_excitement,64426,-0.07118720897
observation,detox_severe_toxicity,emotion_fear,64426,-0.114072801
observation,detox_severe_toxicity,emotion_gratitude,64426,-0.2221614751
observation,detox_severe_toxicity,emotion_grief,64426,-0.2316865553
observation,detox_severe_toxicity,emotion_joy,64426,-0.1202587674
observation,detox_severe_toxicity,emotion_love,64426,-0.1233817241
observation,detox_severe_toxicity,emotion_nervousness,64426,-0.2126705564
observation,detox_severe_toxicity,emotion_optimism,64426,-0.2602001362
observation,detox_severe_toxicity,emotion_pride,64426,-0.1253651233
observation,detox_severe_toxicity,emotion_realization,64426,-0.2533955946
observation,detox_severe_toxicity,emotion_relief,64426,-0.3250710488
observation,detox_severe_toxicity,emotion_remorse,64426,-0.2358815735
observation,detox_severe_toxicity,emotion_sadness,64426,-0.1715958457
observation,detox_severe_toxicity,emotion_surprise,64426,-0.08752561213
observation,detox_severe_toxicity,emotion_neutral,64426,0.1237004081
observation,detox_severe_toxicity,sentiment_negative,64426,0.1483203821
observation,detox_severe_toxicity,sentiment_neutral,64426,0.0154436684
observation,detox_severe_toxicity,sentiment_positive,64426,-0.1325433074
observation,detox_obscene,detox_threat,64426,0.7911743111
observation,detox_obscene,detox_insult,64426,0.8938479675
observation,detox_obscene,detox_identity_attack,64426,0.7573968633
observation,detox_obscene,detox_sexual_explicit,64426,0.8706890034
observation,detox_obscene,emotion_admiration,64426,-0.1207864878
observation,detox_obscene,emotion_amusement,64426,0.2128493116
observation,detox_obscene,emotion_anger,64426,0.4508683592
observation,detox_obscene,emotion_annoyance,64426,0.4356526151
observation,detox_obscene,emotion_approval,64426,-0.1277856031
observation,detox_obscene,emotion_caring,64426,-0.1572310318
observation,detox_obscene,emotion_confusion,64426,0.02412816293
observation,detox_obscene,emotion_curiosity,64426,0.06423735729
observation,detox_obscene,emotion_desire,64426,-0.1655832972
observation,detox_obscene,emotion_disappointment,64426,0.0028054864
observation,detox_obscene,emotion_disapproval,64426,0.1816755051
observation,detox_obscene,emotion_disgust,64426,0.3388041434
observation,detox_obscene,emotion_embarrassment,64426,0.1348843075
observation,detox_obscene,emotion_excitement,64426,-0.09606693524
observation,detox_obscene,emotion_fear,64426,-0.08885072086
observation,detox_obscene,emotion_gratitude,64426,-0.243360157
observation,detox_obscene,emotion_grief,64426,-0.2053400806
observation,detox_obscene,emotion_joy,64426,-0.1441538199
observation,detox_obscene,emotion_love,64426,-0.1507897235
observation,detox_obscene,emotion_nervousness,64426,-0.1702904868
observation,detox_obscene,emotion_optimism,64426,-0.2551732991
observation,detox_obscene,emotion_pride,64426,-0.1504199871
observation,detox_obscene,emotion_realization,64426,-0.2238288953
observation,detox_obscene,emotion_relief,64426,-0.3125027017
observation,detox_obscene,emotion_remorse,64426,-0.2081906958
observation,detox_obscene,emotion_sadness,64426,-0.1386894758
observation,detox_obscene,emotion_surprise,64426,-0.07329350661
observation,detox_obscene,emotion_neutral,64426,0.1125533069
observation,detox_obscene,sentiment_negative,64426,0.178284255
observation,detox_obscene,sentiment_neutral,64426,0.04598193791
observation,detox_obscene,sentiment_positive,64426,-0.1796057622
observation,detox_threat,detox_insult,64426,0.729627137
observation,detox_threat,detox_identity_attack,64426,0.6821617656
observation,detox_threat,detox_sexual_explicit,64426,0.6946571782
observation,detox_threat,emotion_admiration,64426,-0.1589078957
observation,detox_threat,emotion_amusement,64426,0.1331263561
observation,detox_threat,emotion_anger,64426,0.4055939801
observation,detox_threat,emotion_annoyance,64426,0.3721740816
observation,detox_threat,emotion_approval,64426,-0.1544339146
observation,detox_threat,emotion_caring,64426,-0.06527335815
observation,detox_threat,emotion_confusion,64426,-0.02873809698
observation,detox_threat,emotion_curiosity,64426,0.0305734808
observation,detox_threat,emotion_desire,64426,-0.08170759344
observation,detox_threat,emotion_disappointment,64426,-0.002235649875
observation,detox_threat,emotion_disapproval,64426,0.1272585271
observation,detox_threat,emotion_disgust,64426,0.3102515672
observation,detox_threat,emotion_embarrassment,64426,0.08205472511
observation,detox_threat,emotion_excitement,64426,-0.1171599051
observation,detox_threat,emotion_fear,64426,-0.01360575937
observation,detox_threat,emotion_gratitude,64426,-0.2147699726
observation,detox_threat,emotion_grief,64426,-0.1430650411
observation,detox_threat,emotion_joy,64426,-0.169561377
observation,detox_threat,emotion_love,64426,-0.1507449541
observation,detox_threat,emotion_nervousness,64426,-0.1172988171
observation,detox_threat,emotion_optimism,64426,-0.1716661875
observation,detox_threat,emotion_pride,64426,-0.1511283334
observation,detox_threat,emotion_realization,64426,-0.2302184463
observation,detox_threat,emotion_relief,64426,-0.2774257592
observation,detox_threat,emotion_remorse,64426,-0.1633699113
observation,detox_threat,emotion_sadness,64426,-0.08567210804
observation,detox_threat,emotion_surprise,64426,-0.1107792041
observation,detox_threat,emotion_neutral,64426,0.1315567298
observation,detox_threat,sentiment_negative,64426,0.1591039631
observation,detox_threat,sentiment_neutral,64426,0.05001241278
observation,detox_threat,sentiment_positive,64426,-0.1723656268
observation,detox_insult,detox_identity_attack,64426,0.7875396727
observation,detox_insult,detox_sexual_explicit,64426,0.7283987457
observation,detox_insult,emotion_admiration,64426,-0.1668387597
observation,detox_insult,emotion_amusement,64426,0.2030175609
observation,detox_insult,emotion_anger,64426,0.4816027221
observation,detox_insult,emotion_annoyance,64426,0.5036582043
observation,detox_insult,emotion_approval,64426,-0.1756356712
observation,detox_insult,emotion_caring,64426,-0.1626426192
observation,detox_insult,emotion_confusion,64426,0.01895183438
observation,detox_insult,emotion_curiosity,64426,0.03978705796
observation,detox_insult,emotion_desire,64426,-0.2223001246
observation,detox_insult,emotion_disappointment,64426,0.06812794182
observation,detox_insult,emotion_disapproval,64426,0.2282762851
observation,detox_insult,emotion_disgust,64426,0.3714000913
observation,detox_insult,emotion_embarrassment,64426,0.1945298001
observation,detox_insult,emotion_excitement,64426,-0.1772508666
observation,detox_insult,emotion_fear,64426,-0.06284990363
observation,detox_insult,emotion_gratitude,64426,-0.2951707775
observation,detox_insult,emotion_grief,64426,-0.1579974787
observation,detox_insult,emotion_joy,64426,-0.1944447182
observation,detox_insult,emotion_love,64426,-0.2151896133
observation,detox_insult,emotion_nervousness,64426,-0.1388219344
observation,detox_insult,emotion_optimism,64426,-0.2871244453
observation,detox_insult,emotion_pride,64426,-0.1645613677
observation,detox_insult,emotion_realization,64426,-0.162541019
observation,detox_insult,emotion_relief,64426,-0.2960317613
observation,detox_insult,emotion_remorse,64426,-0.1848642471
observation,detox_insult,emotion_sadness,64426,-0.08535519801
observation,detox_insult,emotion_surprise,64426,-0.07410032745
observation,detox_insult,emotion_neutral,64426,0.1432264646
observation,detox_insult,sentiment_negative,64426,0.2869024234
observation,detox_insult,sentiment_neutral,64426,0.005326150597
observation,detox_insult,sentiment_positive,64426,-0.2758054967
observation,detox_identity_attack,detox_sexual_explicit,64426,0.7977319983
observation,detox_identity_attack,emotion_admiration,64426,-0.08538100562
observation,detox_identity_attack,emotion_amusement,64426,0.2250038957
observation,detox_identity_attack,emotion_anger,64426,0.357005875
observation,detox_identity_attack,emotion_annoyance,64426,0.3738661357
observation,detox_identity_attack,emotion_approval,64426,-0.1156781452
observation,detox_identity_attack,emotion_caring,64426,-0.2234670657
observation,detox_identity_attack,emotion_confusion,64426,-0.04477363728
observation,detox_identity_attack,emotion_curiosity,64426,-0.002068721254
observation,detox_identity_attack,emotion_desire,64426,-0.2489013914
observation,detox_identity_attack,emotion_disappointment,64426,-0.05036130265
observation,detox_identity_attack,emotion_disapproval,64426,0.1230492946
observation,detox_identity_attack,emotion_disgust,64426,0.2697535694
observation,detox_identity_attack,emotion_embarrassment,64426,0.0835157632
observation,detox_identity_attack,emotion_excitement,64426,-0.1012982488
observation,detox_identity_attack,emotion_fear,64426,-0.1458996429
observation,detox_identity_attack,emotion_gratitude,64426,-0.2653621551
observation,detox_identity_attack,emotion_grief,64426,-0.2501239439
observation,detox_identity_attack,emotion_joy,64426,-0.137198761
observation,detox_identity_attack,emotion_love,64426,-0.1950000243
observation,detox_identity_attack,emotion_nervousness,64426,-0.2467507523
observation,detox_identity_attack,emotion_optimism,64426,-0.3204750229
observation,detox_identity_attack,emotion_pride,64426,-0.1268195776
observation,detox_identity_attack,emotion_realization,64426,-0.2272028875
observation,detox_identity_attack,emotion_relief,64426,-0.3221506221
observation,detox_identity_attack,emotion_remorse,64426,-0.2836999935
observation,detox_identity_attack,emotion_sadness,64426,-0.1881566365
observation,detox_identity_attack,emotion_surprise,64426,-0.09770328011
observation,detox_identity_attack,emotion_neutral,64426,0.2078248212
observation,detox_identity_attack,sentiment_negative,64426,0.1918652314
observation,detox_identity_attack,sentiment_neutral,64426,-0.007458647599
observation,detox_identity_attack,sentiment_positive,64426,-0.1616015245
observation,detox_sexual_explicit,emotion_admiration,64426,-0.0009121618558
observation,detox_sexual_explicit,emotion_amusement,64426,0.2006386058
observation,detox_sexual_explicit,emotion_anger,64426,0.3749211629
observation,detox_sexual_explicit,emotion_annoyance,64426,0.2964975147
observation,detox_sexual_explicit,emotion_approval,64426,-0.05342413408
observation,detox_sexual_explicit,emotion_caring,64426,-0.1194485855
observation,detox_sexual_explicit,emotion_confusion,64426,-0.01600285429
observation,detox_sexual_explicit,emotion_curiosity,64426,0.05038482697
observation,detox_sexual_explicit,emotion_desire,64426,-0.1002488547
observation,detox_sexual_explicit,emotion_disappointment,64426,-0.08323147183
observation,detox_sexual_explicit,emotion_disapproval,64426,0.09148319123
observation,detox_sexual_explicit,emotion_disgust,64426,0.2707790127
observation,detox_sexual_explicit,emotion_embarrassment,64426,0.03870007962
observation,detox_sexual_explicit,emotion_excitement,64426,0.005460098265
observation,detox_sexual_explicit,emotion_fear,64426,-0.1358236078
observation,detox_sexual_explicit,emotion_gratitude,64426,-0.1698097436
observation,detox_sexual_explicit,emotion_grief,64426,-0.2356393122
observation,detox_sexual_explicit,emotion_joy,64426,-0.04933082362
observation,detox_sexual_explicit,emotion_love,64426,-0.00687758393
observation,detox_sexual_explicit,emotion_nervousness,64426,-0.2205141747
observation,detox_sexual_explicit,emotion_optimism,64426,-0.2293491456
observation,detox_sexual_explicit,emotion_pride,64426,-0.09625639728
observation,detox_sexual_explicit,emotion_realization,64426,-0.2913911237
observation,detox_sexual_explicit,emotion_relief,64426,-0.3157733535
observation,detox_sexual_explicit,emotion_remorse,64426,-0.2138628583
observation,detox_sexual_explicit,emotion_sadness,64426,-0.1846922864
observation,detox_sexual_explicit,emotion_surprise,64426,-0.08314628757
observation,detox_sexual_explicit,emotion_neutral,64426,0.06063306556
observation,detox_sexual_explicit,sentiment_negative,64426,0.06201692337
observation,detox_sexual_explicit,sentiment_neutral,64426,0.06021831955
observation,detox_sexual_explicit,sentiment_positive,64426,-0.06598169973
observation,emotion_admiration,emotion_amusement,64426,0.1121845484
observation,emotion_admiration,emotion_anger,64426,-0.3309063136
observation,emotion_admiration,emotion_annoyance,64426,-0.5796405672
observation,emotion_admiration,emotion_approval,64426,0.6183629287
observation,emotion_admiration,emotion_caring,64426,0.1675619436
observation,emotion_admiration,emotion_confusion,64426,-0.2241003457
observation,emotion_admiration,emotion_curiosity,64426,-0.07585348656
observation,emotion_admiration,emotion_desire,64426,0.1715381718
observation,emotion_admiration,emotion_disappointment,64426,-0.4262627032
observation,emotion_admiration,emotion_disapproval,64426,-0.4053601886
observation,emotion_admiration,emotion_disgust,64426,-0.3486072688
observation,emotion_admiration,emotion_embarrassment,64426,-0.4091686594
observation,emotion_admiration,emotion_excitement,64426,0.6780249748
observation,emotion_admiration,emotion_fear,64426,-0.2303151941
observation,emotion_admiration,emotion_gratitude,64426,0.5261589327
observation,emotion_admiration,emotion_grief,64426,-0.1437615839
observation,emotion_admiration,emotion_joy,64426,0.6571634042
observation,emotion_admiration,emotion_love,64426,0.5978664327
observation,emotion_admiration,emotion_nervousness,64426,-0.2153949374
observation,emotion_admiration,emotion_optimism,64426,0.25843107
observation,emotion_admiration,emotion_pride,64426,0.6821618812
observation,emotion_admiration,emotion_realization,64426,-0.2385743307
observation,emotion_admiration,emotion_relief,64426,0.2712884179
observation,emotion_admiration,emotion_remorse,64426,-0.1294443461
observation,emotion_admiration,emotion_sadness,64426,-0.3193634096
observation,emotion_admiration,emotion_surprise,64426,0.03981961214
observation,emotion_admiration,emotion_neutral,64426,-0.4604323751
observation,emotion_admiration,sentiment_negative,64426,-0.4325956885
observation,emotion_admiration,sentiment_neutral,64426,-0.1452899235
observation,emotion_admiration,sentiment_positive,64426,0.5118523866
observation,emotion_amusement,emotion_anger,64426,-0.1030649609
observation,emotion_amusement,emotion_annoyance,64426,-0.02086777084
observation,emotion_amusement,emotion_approval,64426,-0.1616063397
observation,emotion_amusement,emotion_caring,64426,-0.4493675823
observation,emotion_amusement,emotion_confusion,64426,-0.111120593
observation,emotion_amusement,emotion_curiosity,64426,-0.05268919747
observation,emotion_amusement,emotion_desire,64426,-0.3099514892
observation,emotion_amusement,emotion_disappointment,64426,-0.2209612256
observation,emotion_amusement,emotion_disapproval,64426,-0.2698695199
observation,emotion_amusement,emotion_disgust,64426,0.01229903508
observation,emotion_amusement,emotion_embarrassment,64426,0.1445012678
observation,emotion_amusement,emotion_excitement,64426,0.3561818576
observation,emotion_amusement,emotion_fear,64426,-0.1757399385
observation,emotion_amusement,emotion_gratitude,64426,-0.005995913279
observation,emotion_amusement,emotion_grief,64426,-0.1873751126
observation,emotion_amusement,emotion_joy,64426,0.485642729
observation,emotion_amusement,emotion_love,64426,-0.1531420378
observation,emotion_amusement,emotion_nervousness,64426,-0.1394690821
observation,emotion_amusement,emotion_optimism,64426,-0.2975707023
observation,emotion_amusement,emotion_pride,64426,0.1701914428
observation,emotion_amusement,emotion_realization,64426,-0.0384198377
observation,emotion_amusement,emotion_relief,64426,0.07908937014
observation,emotion_amusement,emotion_remorse,64426,-0.2833559403
observation,emotion_amusement,emotion_sadness,64426,-0.2340111696
observation,emotion_amusement,emotion_surprise,64426,0.2032090299
observation,emotion_amusement,emotion_neutral,64426,0.06395331561
observation,emotion_amusement,sentiment_negative,64426,-0.1090503892
observation,emotion_amusement,sentiment_neutral,64426,-0.05621068446
observation,emotion_amusement,sentiment_positive,64426,0.1437826756
observation,emotion_anger,emotion_annoyance,64426,0.7984470455
observation,emotion_anger,emotion_approval,64426,-0.3839299011
observation,emotion_anger,emotion_caring,64426,0.1265670187
observation,emotion_anger,emotion_confusion,64426,0.2129466922
observation,emotion_anger,emotion_curiosity,64426,0.1217461465
observation,emotion_anger,emotion_desire,64426,0.00032845109
observation,emotion_anger,emotion_disappointment,64426,0.4970890246
observation,emotion_anger,emotion_disapproval,64426,0.6758711065
observation,emotion_anger,emotion_disgust,64426,0.8017710315
observation,emotion_anger,emotion_embarrassment,64426,0.5275055787
observation,emotion_anger,emotion_excitement,64426,-0.4002980681
observation,emotion_anger,emotion_fear,64426,0.3195291497
observation,emotion_anger,emotion_gratitude,64426,-0.2244962113
observation,emotion_anger,emotion_grief,64426,0.269324012
observation,emotion_anger,emotion_joy,64426,-0.3697784174
observation,emotion_anger,emotion_love,64426,0.02065441897
observation,emotion_anger,emotion_nervousness,64426,0.235996185
observation,emotion_anger,emotion_optimism,64426,-0.2191920637
observation,emotion_anger,emotion_pride,64426,-0.2638835844
observation,emotion_anger,emotion_realization,64426,-0.009789638389
observation,emotion_anger,emotion_relief,64426,-0.2625747939
observation,emotion_anger,emotion_remorse,64426,0.2716744414
observation,emotion_anger,emotion_sadness,64426,0.3647189218
observation,emotion_anger,emotion_surprise,64426,0.03898847675
observation,emotion_anger,emotion_neutral,64426,-0.1930846763
observation,emotion_anger,sentiment_negative,64426,0.415276057
observation,emotion_anger,sentiment_neutral,64426,0.01919768631
observation,emotion_anger,sentiment_positive,64426,-0.4422005073
observation,emotion_annoyance,emotion_approval,64426,-0.451736032
observation,emotion_annoyance,emotion_caring,64426,-0.1721328322
observation,emotion_annoyance,emotion_confusion,64426,0.1714663552
observation,emotion_annoyance,emotion_curiosity,64426,0.008301675597
observation,emotion_annoyance,emotion_desire,64426,-0.2529384556
observation,emotion_annoyance,emotion_disappointment,64426,0.6367181393
observation,emotion_annoyance,emotion_disapproval,64426,0.7542221268
observation,emotion_annoyance,emotion_disgust,64426,0.7384163297
observation,emotion_annoyance,emotion_embarrassment,64426,0.6503313893
observation,emotion_annoyance,emotion_excitement,64426,-0.5954251199
observation,emotion_annoyance,emotion_fear,64426,0.2154386302
observation,emotion_annoyance,emotion_gratitude,64426,-0.4916447378
observation,emotion_annoyance,emotion_grief,64426,0.2022177905
observation,emotion_annoyance,emotion_joy,64426,-0.5250209354
observation,emotion_annoyance,emotion_love,64426,-0.4579772728
observation,emotion_annoyance,emotion_nervousness,64426,0.2160886857
observation,emotion_annoyance,emotion_optimism,64426,-0.3722396785
observation,emotion_annoyance,emotion_pride,64426,-0.3369847099
observation,emotion_annoyance,emotion_realization,64426,0.2470726194
observation,emotion_annoyance,emotion_relief,64426,-0.1919909201
observation,emotion_annoyance,emotion_remorse,64426,0.1164029049
observation,emotion_annoyance,emotion_sadness,64426,0.3611123044
observation,emotion_annoyance,emotion_surprise,64426,0.007064902592
observation,emotion_annoyance,emotion_neutral,64426,0.1480038479
observation,emotion_annoyance,sentiment_negative,64426,0.5804246092
observation,emotion_annoyance,sentiment_neutral,64426,0.01653399586
observation,emotion_annoyance,sentiment_positive,64426,-0.5902098181
observation,emotion_approval,emotion_caring,64426,0.2963389749
observation,emotion_approval,emotion_confusion,64426,-0.2384123577
observation,emotion_approval,emotion_curiosity,64426,-0.1804786442
observation,emotion_approval,emotion_desire,64426,0.08634024869
observation,emotion_approval,emotion_disappointment,64426,-0.4770056497
observation,emotion_approval,emotion_disapproval,64426,-0.2492415006
observation,emotion_approval,emotion_disgust,64426,-0.5493463582
observation,emotion_approval,emotion_embarrassment,64426,-0.5457506475
observation,emotion_approval,emotion_excitement,64426,0.3949570707
observation,emotion_approval,emotion_fear,64426,-0.3569716829
observation,emotion_approval,emotion_gratitude,64426,0.2577018096
observation,emotion_approval,emotion_grief,64426,-0.3290683896
observation,emotion_approval,emotion_joy,64426,0.4163651597
observation,emotion_approval,emotion_love,64426,0.3523261591
observation,emotion_approval,emotion_nervousness,64426,-0.289874879
observation,emotion_approval,emotion_optimism,64426,0.3966859707
observation,emotion_approval,emotion_pride,64426,0.5285330079
observation,emotion_approval,emotion_realization,64426,-0.06273300581
observation,emotion_approval,emotion_relief,64426,0.3074576077
observation,emotion_approval,emotion_remorse,64426,-0.2470915359
observation,emotion_approval,emotion_sadness,64426,-0.428795155
observation,emotion_approval,emotion_surprise,64426,-0.2999511374
observation,emotion_approval,emotion_neutral,64426,-0.1010818209
observation,emotion_approval,sentiment_negative,64426,-0.3537892311
observation,emotion_approval,sentiment_neutral,64426,-0.01128346396
observation,emotion_approval,sentiment_positive,64426,0.3898417413
observation,emotion_caring,emotion_confusion,64426,-0.02033247323
observation,emotion_caring,emotion_curiosity,64426,0.09321262978
observation,emotion_caring,emotion_desire,64426,0.5756211313
observation,emotion_caring,emotion_disappointment,64426,0.05500347432
observation,emotion_caring,emotion_disapproval,64426,0.09311141782
observation,emotion_caring,emotion_disgust,64426,-0.09472807512
observation,emotion_caring,emotion_embarrassment,64426,-0.193250027
observation,emotion_caring,emotion_excitement,64426,-0.01352446726
observation,emotion_caring,emotion_fear,64426,0.2285292784
observation,emotion_caring,emotion_gratitude,64426,0.3835605983
observation,emotion_caring,emotion_grief,64426,0.3711242878
observation,emotion_caring,emotion_joy,64426,0.1055393291
observation,emotion_caring,emotion_love,64426,0.5105582112
observation,emotion_caring,emotion_nervousness,64426,0.3185499273
observation,emotion_caring,emotion_optimism,64426,0.6405586809
observation,emotion_caring,emotion_pride,64426,0.1414706271
observation,emotion_caring,emotion_realization,64426,-0.1687581114
observation,emotion_caring,emotion_relief,64426,0.3198553972
observation,emotion_caring,emotion_remorse,64426,0.5259685511
observation,emotion_caring,emotion_sadness,64426,0.317054347
observation,emotion_caring,emotion_surprise,64426,-0.313283816
observation,emotion_caring,emotion_neutral,64426,-0.4251716746
observation,emotion_caring,sentiment_negative,64426,-0.1319130695
observation,emotion_caring,sentiment_neutral,64426,0.02627320824
observation,emotion_caring,sentiment_positive,64426,0.1073391434
observation,emotion_confusion,emotion_curiosity,64426,0.8611299007
observation,emotion_confusion,emotion_desire,64426,-0.002660651164
observation,emotion_confusion,emotion_disappointment,64426,0.321835568
observation,emotion_confusion,emotion_disapproval,64426,0.3448695133
observation,emotion_confusion,emotion_disgust,64426,0.1514171607
observation,emotion_confusion,emotion_embarrassment,64426,0.3637485629
observation,emotion_confusion,emotion_excitement,64426,-0.0933966225
observation,emotion_confusion,emotion_fear,64426,0.4327000693
observation,emotion_confusion,emotion_gratitude,64426,-0.2544623845
observation,emotion_confusion,emotion_grief,64426,0.2322284121
observation,emotion_confusion,emotion_joy,64426,-0.2592500171
observation,emotion_confusion,emotion_love,64426,0.01505596025
observation,emotion_confusion,emotion_nervousness,64426,0.4571398614
observation,emotion_confusion,emotion_optimism,64426,0.04788805618
observation,emotion_confusion,emotion_pride,64426,-0.4570756081
observation,emotion_confusion,emotion_realization,64426,0.2256105206
observation,emotion_confusion,emotion_relief,64426,-0.1559718115
observation,emotion_confusion,emotion_remorse,64426,0.3032519986
observation,emotion_confusion,emotion_sadness,64426,0.2438891134
observation,emotion_confusion,emotion_surprise,64426,0.5538559118
observation,emotion_confusion,emotion_neutral,64426,-0.2323970391
observation,emotion_confusion,sentiment_negative,64426,0.2719679098
observation,emotion_confusion,sentiment_neutral,64426,0.03782522011
observation,emotion_confusion,sentiment_positive,64426,-0.2954524032
observation,emotion_curiosity,emotion_desire,64426,0.1714994465
observation,emotion_curiosity,emotion_disappointment,64426,0.1109369609
observation,emotion_curiosity,emotion_disapproval,64426,0.09142017889
observation,emotion_curiosity,emotion_disgust,64426,0.008502027569
observation,emotion_curiosity,emotion_embarrassment,64426,0.1188409346
observation,emotion_curiosity,emotion_excitement,64426,0.1143158173
observation,emotion_curiosity,emotion_fear,64426,0.2849904932
observation,emotion_curiosity,emotion_gratitude,64426,-0.2200633065
observation,emotion_curiosity,emotion_grief,64426,0.1178598992
observation,emotion_curiosity,emotion_joy,64426,-0.1452708124
observation,emotion_curiosity,emotion_love,64426,0.1119155528
observation,emotion_curiosity,emotion_nervousness,64426,0.3109548441
observation,emotion_curiosity,emotion_optimism,64426,0.1325122649
observation,emotion_curiosity,emotion_pride,64426,-0.4500196336
observation,emotion_curiosity,emotion_realization,64426,-0.1061680925
observation,emotion_curiosity,emotion_relief,64426,-0.2273010482
observation,emotion_curiosity,emotion_remorse,64426,0.2103873919
observation,emotion_curiosity,emotion_sadness,64426,0.1072223692
observation,emotion_curiosity,emotion_surprise,64426,0.4691041795
observation,emotion_curiosity,emotion_neutral,64426,-0.226867434
observation,emotion_curiosity,sentiment_negative,64426,0.1090489934
observation,emotion_curiosity,sentiment_neutral,64426,0.0618694568
observation,emotion_curiosity,sentiment_positive,64426,-0.1350907546
observation,emotion_desire,emotion_disappointment,64426,0.1441254325
observation,emotion_desire,emotion_disapproval,64426,-0.07664743719
observation,emotion_desire,emotion_disgust,64426,0.03680190285
observation,emotion_desire,emotion_embarrassment,64426,-0.1665666778
observation,emotion_desire,emotion_excitement,64426,0.2767707881
observation,emotion_desire,emotion_fear,64426,0.217007818
observation,emotion_desire,emotion_gratitude,64426,0.3691828838
observation,emotion_desire,emotion_grief,64426,0.3619879059
observation,emotion_desire,emotion_joy,64426,0.1979100393
observation,emotion_desire,emotion_love,64426,0.5951039985
observation,emotion_desire,emotion_nervousness,64426,0.3057115623
observation,emotion_desire,emotion_optimism,64426,0.6864031148
observation,emotion_desire,emotion_pride,64426,0.1636974437
observation,emotion_desire,emotion_realization,64426,-0.1427730602
observation,emotion_desire,emotion_relief,64426,0.1995210338
observation,emotion_desire,emotion_remorse,64426,0.5208152886
observation,emotion_desire,emotion_sadness,64426,0.318278073
observation,emotion_desire,emotion_surprise,64426,-0.002841482756
observation,emotion_desire,emotion_neutral,64426,-0.4956480938
observation,emotion_desire,sentiment_negative,64426,-0.2414163238
observation,emotion_desire,sentiment_neutral,64426,0.05005680208
observation,emotion_desire,sentiment_positive,64426,0.2238015311
observation,emotion_disappointment,emotion_disapproval,64426,0.6888499908
observation,emotion_disappointment,emotion_disgust,64426,0.6718271475
observation,emotion_disappointment,emotion_embarrassment,64426,0.8091684418
observation,emotion_disappointment,emotion_excitement,64426,-0.4791723386
observation,emotion_disappointment,emotion_fear,64426,0.6052123464
observation,emotion_disappointment,emotion_gratitude,64426,-0.2170562284
observation,emotion_disappointment,emotion_grief,64426,0.7854478691
observation,emotion_disappointment,emotion_joy,64426,-0.3587918091
observation,emotion_disappointment,emotion_love,64426,-0.1158628149
observation,emotion_disappointment,emotion_nervousness,64426,0.7211009541
observation,emotion_disappointment,emotion_optimism,64426,-0.05557499246
observation,emotion_disappointment,emotion_pride,64426,-0.1549477404
observation,emotion_disappointment,emotion_realization,64426,0.608645735
observation,emotion_disappointment,emotion_relief,64426,0.2214873013
observation,emotion_disappointment,emotion_remorse,64426,0.6936237173
observation,emotion_disappointment,emotion_sadness,64426,0.886968881
observation,emotion_disappointment,emotion_surprise,64426,0.3085964607
observation,emotion_disappointment,emotion_neutral,64426,-0.2480246791
observation,emotion_disappointment,sentiment_negative,64426,0.5027945308
observation,emotion_disappointment,sentiment_neutral,64426,-0.06418768692
observation,emotion_disappointment,sentiment_positive,64426,-0.4833170549
observation,emotion_disapproval,emotion_disgust,64426,0.5818648498
observation,emotion_disapproval,emotion_embarrassment,64426,0.5628429435
observation,emotion_disapproval,emotion_excitement,64426,-0.5766506516
observation,emotion_disapproval,emotion_fear,64426,0.2917777068
observation,emotion_disapproval,emotion_gratitude,64426,-0.2093247783
observation,emotion_disapproval,emotion_grief,64426,0.3330488075
observation,emotion_disapproval,emotion_joy,64426,-0.4592281699
observation,emotion_disapproval,emotion_love,64426,-0.1675210873
observation,emotion_disapproval,emotion_nervousness,64426,0.3374376364
observation,emotion_disapproval,emotion_optimism,64426,-0.08528381655
observation,emotion_disapproval,emotion_pride,64426,-0.275368577
observation,emotion_disapproval,emotion_realization,64426,0.3267143377
observation,emotion_disapproval,emotion_relief,64426,-0.05004180705
observation,emotion_disapproval,emotion_remorse,64426,0.3598697014
observation,emotion_disapproval,emotion_sadness,64426,0.4673442523
observation,emotion_disapproval,emotion_surprise,64426,0.009844008319
observation,emotion_disapproval,emotion_neutral,64426,-0.1608468635
observation,emotion_disapproval,sentiment_negative,64426,0.5395519116
observation,emotion_disapproval,sentiment_neutral,64426,-0.02278962073
observation,emotion_disapproval,sentiment_positive,64426,-0.5393656212
observation,emotion_disgust,emotion_embarrassment,64426,0.7458626508
observation,emotion_disgust,emotion_excitement,64426,-0.3870399398
observation,emotion_disgust,emotion_fear,64426,0.4945587087
observation,emotion_disgust,emotion_gratitude,64426,-0.1828656826
observation,emotion_disgust,emotion_grief,64426,0.4641054841
observation,emotion_disgust,emotion_joy,64426,-0.3743678476
observation,emotion_disgust,emotion_love,64426,-0.06549132305
observation,emotion_disgust,emotion_nervousness,64426,0.3932615141
observation,emotion_disgust,emotion_optimism,64426,-0.2903645367
observation,emotion_disgust,emotion_pride,64426,-0.1666600502
observation,emotion_disgust,emotion_realization,64426,0.2419196497
observation,emotion_disgust,emotion_relief,64426,-0.144141275
observation,emotion_disgust,emotion_remorse,64426,0.38246883
observation,emotion_disgust,emotion_sadness,64426,0.5479032286
observation,emotion_disgust,emotion_surprise,64426,0.2211820839
observation,emotion_disgust,emotion_neutral,64426,-0.1938664639
observation,emotion_disgust,sentiment_negative,64426,0.4431242825
observation,emotion_disgust,sentiment_neutral,64426,-0.05783068893
observation,emotion_disgust,sentiment_positive,64426,-0.4315891661
observation,emotion_embarrassment,emotion_excitement,64426,-0.3306568861
observation,emotion_embarrassment,emotion_fear,64426,0.6309363539
observation,emotion_embarrassment,emotion_gratitude,64426,-0.2292358406
observation,emotion_embarrassment,emotion_grief,64426,0.6618344933
observation,emotion_embarrassment,emotion_joy,64426,-0.2208554271
observation,emotion_embarrassment,emotion_love,64426,-0.2237704216
observation,emotion_embarrassment,emotion_nervousness,64426,0.6707233039
observation,emotion_embarrassment,emotion_optimism,64426,-0.3095859344
observation,emotion_embarrassment,emotion_pride,64426,-0.08730727849
observation,emotion_embarrassment,emotion_realization,64426,0.6430448041
observation,emotion_embarrassment,emotion_relief,64426,0.2137865849
observation,emotion_embarrassment,emotion_remorse,64426,0.5220329319
observation,emotion_embarrassment,emotion_sadness,64426,0.6980149514
observation,emotion_embarrassment,emotion_surprise,64426,0.5066294275
observation,emotion_embarrassment,emotion_neutral,64426,-0.1897398907
observation,emotion_embarrassment,sentiment_negative,64426,0.5088008437
observation,emotion_embarrassment,sentiment_neutral,64426,-0.1048320505
observation,emotion_embarrassment,sentiment_positive,64426,-0.4724163359
observation,emotion_excitement,emotion_fear,64426,-0.08511395942
observation,emotion_excitement,emotion_gratitude,64426,0.3502280769
observation,emotion_excitement,emotion_grief,64426,-0.1679280873
observation,emotion_excitement,emotion_joy,64426,0.805249881
observation,emotion_excitement,emotion_love,64426,0.4743834832
observation,emotion_excitement,emotion_nervousness,64426,-0.06585737784
observation,emotion_excitement,emotion_optimism,64426,0.2231408985
observation,emotion_excitement,emotion_pride,64426,0.579043972
observation,emotion_excitement,emotion_realization,64426,-0.2029443128
observation,emotion_excitement,emotion_relief,64426,0.3094384777
observation,emotion_excitement,emotion_remorse,64426,-0.212336794
observation,emotion_excitement,emotion_sadness,64426,-0.3612059461
observation,emotion_excitement,emotion_surprise,64426,0.3573187655
observation,emotion_excitement,emotion_neutral,64426,-0.3138865338
observation,emotion_excitement,sentiment_negative,64426,-0.5176954224
observation,emotion_excitement,sentiment_neutral,64426,-0.0604445772
observation,emotion_excitement,sentiment_positive,64426,0.5709923858
observation,emotion_fear,emotion_gratitude,64426,-0.05404618831
observation,emotion_fear,emotion_grief,64426,0.7685439859
observation,emotion_fear,emotion_joy,64426,-0.145700529
observation,emotion_fear,emotion_love,64426,0.08785457327
observation,emotion_fear,emotion_nervousness,64426,0.8839848206
observation,emotion_fear,emotion_optimism,64426,0.1329165659
observation,emotion_fear,emotion_pride,64426,-0.01989449045
observation,emotion_fear,emotion_realization,64426,0.5016906416
observation,emotion_fear,emotion_relief,64426,0.3043562001
observation,emotion_fear,emotion_remorse,64426,0.6180354025
observation,emotion_fear,emotion_sadness,64426,0.7077551338
observation,emotion_fear,emotion_surprise,64426,0.5611289301
observation,emotion_fear,emotion_neutral,64426,-0.3224981972
observation,emotion_fear,sentiment_negative,64426,0.2782769808
observation,emotion_fear,sentiment_neutral,64426,-0.0722212285
observation,emotion_fear,sentiment_positive,64426,-0.2551763628
observation,emotion_gratitude,emotion_grief,64426,0.1325775576
observation,emotion_gratitude,emotion_joy,64426,0.4798470114
observation,emotion_gratitude,emotion_love,64426,0.5054748069
observation,emotion_gratitude,emotion_nervousness,64426,-0.006341586769
observation,emotion_gratitude,emotion_optimism,64426,0.407950886
observation,emotion_gratitude,emotion_pride,64426,0.5125924374
observation,emotion_gratitude,emotion_realization,64426,-0.1563566302
observation,emotion_gratitude,emotion_relief,64426,0.3843554737
observation,emotion_gratitude,emotion_remorse,64426,0.2818799342
observation,emotion_gratitude,emotion_sadness,64426,-0.01271287249
observation,emotion_gratitude,emotion_surprise,64426,-0.09888489156
observation,emotion_gratitude,emotion_neutral,64426,-0.5489501645
observation,emotion_gratitude,sentiment_negative,64426,-0.3484833748
observation,emotion_gratitude,sentiment_neutral,64426,-0.1164975654
observation,emotion_gratitude,sentiment_positive,64426,0.3794319823
observation,emotion_grief,emotion_joy,64426,-0.006208238859
observation,emotion_grief,emotion_love,64426,0.2141118833
observation,emotion_grief,emotion_nervousness,64426,0.8886985398
observation,emotion_grief,emotion_optimism,64426,0.1549837736
observation,emotion_grief,emotion_pride,64426,0.1284528742
observation,emotion_grief,emotion_realization,64426,0.5473049139
observation,emotion_grief,emotion_relief,64426,0.5381090164
observation,emotion_grief,emotion_remorse,64426,0.8764630002
observation,emotion_grief,emotion_sadness,64426,0.9512728881
observation,emotion_grief,emotion_surprise,64426,0.3679776701
observation,emotion_grief,emotion_neutral,64426,-0.4745598696
observation,emotion_grief,sentiment_negative,64426,0.2570866381
observation,emotion_grief,sentiment_neutral,64426,-0.110524506
observation,emotion_grief,sentiment_positive,64426,-0.2238736013
observation,emotion_joy,emotion_love,64426,0.4910854175
observation,emotion_joy,emotion_nervousness,64426,0.0009335728402
observation,emotion_joy,emotion_optimism,64426,0.2104430978
observation,emotion_joy,emotion_pride,64426,0.7166456824
observation,emotion_joy,emotion_realization,64426,-0.06551282409
observation,emotion_joy,emotion_relief,64426,0.5658432495
observation,emotion_joy,emotion_remorse,64426,-0.0419897688
observation,emotion_joy,emotion_sadness,64426,-0.182802556
observation,emotion_joy,emotion_surprise,64426,0.1457027405
observation,emotion_joy,emotion_neutral,64426,-0.3957649102
observation,emotion_joy,sentiment_negative,64426,-0.4643172148
observation,emotion_joy,sentiment_neutral,64426,-0.124182048
observation,emotion_joy,sentiment_positive,64426,0.5366656895
observation,emotion_love,emotion_nervousness,64426,0.1156700425
observation,emotion_love,emotion_optimism,64426,0.4203118204
observation,emotion_love,emotion_pride,64426,0.3418332625
observation,emotion_love,emotion_realization,64426,-0.2010347765
observation,emotion_love,emotion_relief,64426,0.1604305355
observation,emotion_love,emotion_remorse,64426,0.3844399009
observation,emotion_love,emotion_sadness,64426,0.1043672394
observation,emotion_love,emotion_surprise,64426,0.08833333317
observation,emotion_love,emotion_neutral,64426,-0.6862440646
observation,emotion_love,sentiment_negative,64426,-0.3752035706
observation,emotion_love,sentiment_neutral,64426,-0.01500462168
observation,emotion_love,sentiment_positive,64426,0.3752703429
observation,emotion_nervousness,emotion_optimism,64426,0.2115476254
observation,emotion_nervousness,emotion_pride,64426,0.05571254028
observation,emotion_nervousness,emotion_realization,64426,0.6030899121
observation,emotion_nervousness,emotion_relief,64426,0.5313286243
observation,emotion_nervousness,emotion_remorse,64426,0.76385294
observation,emotion_nervousness,emotion_sadness,64426,0.836952396
observation,emotion_nervousness,emotion_surprise,64426,0.5187954497
observation,emotion_nervousness,emotion_neutral,64426,-0.4383339277
observation,emotion_nervousness,sentiment_negative,64426,0.2668982901
observation,emotion_nervousness,sentiment_neutral,64426,-0.08520758605
observation,emotion_nervousness,sentiment_positive,64426,-0.2394091575
observation,emotion_optimism,emotion_pride,64426,0.2418112593
observation,emotion_optimism,emotion_realization,64426,-0.020452513
observation,emotion_optimism,emotion_relief,64426,0.3207512134
observation,emotion_optimism,emotion_remorse,64426,0.3500729665
observation,emotion_optimism,emotion_sadness,64426,0.07091165383
observation,emotion_optimism,emotion_surprise,64426,-0.0908278552
observation,emotion_optimism,emotion_neutral,64426,-0.4068018926
observation,emotion_optimism,sentiment_negative,64426,-0.2427705166
observation,emotion_optimism,sentiment_neutral,64426,0.01132060091
observation,emotion_optimism,sentiment_positive,64426,0.2472364683
observation,emotion_pride,emotion_realization,64426,0.1670743866
observation,emotion_pride,emotion_relief,64426,0.707743639
observation,emotion_pride,emotion_remorse,64426,0.005107841133
observation,emotion_pride,emotion_sadness,64426,-0.06380535503
observation,emotion_pride,emotion_surprise,64426,0.05035360511
observation,emotion_pride,emotion_neutral,64426,-0.3481342173
observation,emotion_pride,sentiment_negative,64426,-0.3030817808
observation,emotion_pride,sentiment_neutral,64426,-0.183409929
observation,emotion_pride,sentiment_positive,64426,0.405648146
observation,emotion_realization,emotion_relief,64426,0.5087652258
observation,emotion_realization,emotion_remorse,64426,0.3834536739
observation,emotion_realization,emotion_sadness,64426,0.5329676313
observation,emotion_realization,emotion_surprise,64426,0.4359106449
observation,emotion_realization,emotion_neutral,64426,-0.06559986972
observation,emotion_realization,sentiment_negative,64426,0.3221101072
observation,emotion_realization,sentiment_neutral,64426,-0.06932732401
observation,emotion_realization,sentiment_positive,64426,-0.2830859792
observation,emotion_relief,emotion_remorse,64426,0.3995202258
observation,emotion_relief,emotion_sadness,64426,0.3812904078
observation,emotion_relief,emotion_surprise,64426,0.1575174671
observation,emotion_relief,emotion_neutral,64426,-0.3475826288
observation,emotion_relief,sentiment_negative,64426,-0.08412448365
observation,emotion_relief,sentiment_neutral,64426,-0.1535933469
observation,emotion_relief,sentiment_positive,64426,0.1646586439
observation,emotion_remorse,emotion_sadness,64426,0.8660818529
observation,emotion_remorse,emotion_surprise,64426,0.2076393825
observation,emotion_remorse,emotion_neutral,64426,-0.5836130643
observation,emotion_remorse,sentiment_negative,64426,0.1851552708
observation,emotion_remorse,sentiment_neutral,64426,-0.0528184651
observation,emotion_remorse,sentiment_positive,64426,-0.1831078433
observation,emotion_sadness,emotion_surprise,64426,0.2617676471
observation,emotion_sadness,emotion_neutral,64426,-0.3694767537
observation,emotion_sadness,sentiment_negative,64426,0.3482665162
observation,emotion_sadness,sentiment_neutral,64426,-0.07332445918
observation,emotion_sadness,sentiment_positive,64426,-0.3339144443
observation,emotion_surprise,emotion_neutral,64426,-0.3101274707
observation,emotion_surprise,sentiment_negative,64426,0.09856348478
observation,emotion_surprise,sentiment_neutral,64426,-0.09021827676
observation,emotion_surprise,sentiment_positive,64426,-0.056551196
observation,emotion_neutral,sentiment_negative,64426,0.09313482594
observation,emotion_neutral,sentiment_neutral,64426,0.1939399955
observation,emotion_neutral,sentiment_positive,64426,-0.1482945139
observation,sentiment_negative,sentiment_neutral,64426,-0.2644660458
observation,sentiment_negative,sentiment_positive,64426,-0.8740782571
observation,sentiment_neutral,sentiment_positive,64426,-0.1576445433
song,best_chart_rank,weekly_observation_count,28041,-0.7175228197
song,best_chart_rank,chart_weeks,28041,-0.7175228008
song,best_chart_rank,total_chart_points,28041,-0.9067475533
song,best_chart_rank,snapshot_months_selected,28041,-0.6879166631
song,best_chart_rank,mb_duration_median_seconds,22194,-0.02606356406
song,best_chart_rank,ll_sexual_content,20979,-0.02422133789
song,best_chart_rank,ll_violence,20979,0.01581107025
song,best_chart_rank,ll_explicit_language,20979,0.01659685614
song,best_chart_rank,ll_substance_use,20979,0.04529197427
song,best_chart_rank,detox_toxicity,20981,0.003346538338
song,best_chart_rank,detox_severe_toxicity,20981,0.0008980028862
song,best_chart_rank,detox_obscene,20981,-0.00312652879
song,best_chart_rank,detox_threat,20981,-0.00280098315
song,best_chart_rank,detox_insult,20981,0.007133873721
song,best_chart_rank,detox_identity_attack,20981,0.009839414221
song,best_chart_rank,detox_sexual_explicit,20981,-0.0131184402
song,best_chart_rank,emotion_admiration,20981,-0.04018214993
song,best_chart_rank,emotion_amusement,20981,-0.01777627776
song,best_chart_rank,emotion_anger,20981,0.0083591876
song,best_chart_rank,emotion_annoyance,20981,0.0270564695
song,best_chart_rank,emotion_approval,20981,-0.02161275236
song,best_chart_rank,emotion_caring,20981,-0.02667790488
song,best_chart_rank,emotion_confusion,20981,-0.05384544662
song,best_chart_rank,emotion_curiosity,20981,-0.06665816378
song,best_chart_rank,emotion_desire,20981,-0.0301477598
song,best_chart_rank,emotion_disappointment,20981,0.004778026008
song,best_chart_rank,emotion_disapproval,20981,0.01320247246
song,best_chart_rank,emotion_disgust,20981,0.01074317752
song,best_chart_rank,emotion_embarrassment,20981,-0.0004080572721
song,best_chart_rank,emotion_excitement,20981,-0.05862310184
song,best_chart_rank,emotion_fear,20981,-0.03479698122
song,best_chart_rank,emotion_gratitude,20981,-0.001593199961
song,best_chart_rank,emotion_grief,20981,-0.01501027008
song,best_chart_rank,emotion_joy,20981,-0.0406747358
song,best_chart_rank,emotion_love,20981,-0.04868168854
song,best_chart_rank,emotion_nervousness,20981,-0.03684863229
song,best_chart_rank,emotion_optimism,20981,-0.02648268176
song,best_chart_rank,emotion_pride,20981,-0.01254879798
song,best_chart_rank,emotion_realization,20981,0.0005211589995
song,best_chart_rank,emotion_relief,20981,-0.01683504127
song,best_chart_rank,emotion_remorse,20981,-0.01802223411
song,best_chart_rank,emotion_sadness,20981,-0.007177911005
song,best_chart_rank,emotion_surprise,20981,-0.05025775327
song,best_chart_rank,emotion_neutral,20981,0.03867930858
song,best_chart_rank,sentiment_negative,20981,0.03918153768
song,best_chart_rank,sentiment_neutral,20981,0.007054759799
song,best_chart_rank,sentiment_positive,20981,-0.04818058383
song,weekly_observation_count,chart_weeks,28041,0.9999999907
song,weekly_observation_count,total_chart_points,28041,0.9218859366
song,weekly_observation_count,snapshot_months_selected,28041,0.9579816105
song,weekly_observation_count,mb_duration_median_seconds,22194,0.2060506201
song,weekly_observation_count,ll_sexual_content,20979,0.05164624672
song,weekly_observation_count,ll_violence,20979,-0.003026931475
song,weekly_observation_count,ll_explicit_language,20979,0.05309244135
song,weekly_observation_count,ll_substance_use,20979,0.03117349438
song,weekly_observation_count,detox_toxicity,20981,0.0412824441
song,weekly_observation_count,detox_severe_toxicity,20981,0.05562490276
song,weekly_observation_count,detox_obscene,20981,0.06215346414
song,weekly_observation_count,detox_threat,20981,0.05258660224
song,weekly_observation_count,detox_insult,20981,0.02602890013
song,weekly_observation_count,detox_identity_attack,20981,0.03024504715
song,weekly_observation_count,detox_sexual_explicit,20981,0.06647831237
song,weekly_observation_count,emotion_admiration,20981,0.03698911981
song,weekly_observation_count,emotion_amusement,20981,-0.003935265617
song,weekly_observation_count,emotion_anger,20981,-0.012509795
song,weekly_observation_count,emotion_annoyance,20981,-0.0137071088
song,weekly_observation_count,emotion_approval,20981,0.0580211776
song,weekly_observation_count,emotion_caring,20981,0.01737198251
song,weekly_observation_count,emotion_confusion,20981,0.04926814913
song,weekly_observation_count,emotion_curiosity,20981,0.05544306982
song,weekly_observation_count,emotion_desire,20981,0.04790207771
song,weekly_observation_count,emotion_disappointment,20981,-0.0181786649
song,weekly_observation_count,emotion_disapproval,20981,-0.007869521729
song,weekly_observation_count,emotion_disgust,20981,-0.02361977358
song,weekly_observation_count,emotion_embarrassment,20981,-0.02256191055
song,weekly_observation_count,emotion_excitement,20981,0.05831228019
song,weekly_observation_count,emotion_fear,20981,0.009811662767
song,weekly_observation_count,emotion_gratitude,20981,-0.01519315881
song,weekly_observation_count,emotion_grief,20981,-0.02572083259
song,weekly_observation_count,emotion_joy,20981,0.01901822619
song,weekly_observation_count,emotion_love,20981,0.03741008376
song,weekly_observation_count,emotion_nervousness,20981,0.01058728225
song,weekly_observation_count,emotion_optimism,20981,0.05373332211
song,weekly_observation_count,emotion_pride,20981,0.01125422535
song,weekly_observation_count,emotion_realization,20981,0.000904939436
song,weekly_observation_count,emotion_relief,20981,-0.003617940521
song,weekly_observation_count,emotion_remorse,20981,-0.009085781587
song,weekly_observation_count,emotion_sadness,20981,-0.02883451483
song,weekly_observation_count,emotion_surprise,20981,0.02670257168
song,weekly_observation_count,emotion_neutral,20981,-0.01682089214
song,weekly_observation_count,sentiment_negative,20981,-0.02211041812
song,weekly_observation_count,sentiment_neutral,20981,0.03035524442
song,weekly_observation_count,sentiment_positive,20981,0.02247413781
song,chart_weeks,total_chart_points,28041,0.92188594
song,chart_weeks,snapshot_months_selected,28041,0.9579816217
song,chart_weeks,mb_duration_median_seconds,22194,0.2060506172
song,chart_weeks,ll_sexual_content,20979,0.05164624672
song,chart_weeks,ll_violence,20979,-0.003026931475
song,chart_weeks,ll_explicit_language,20979,0.05309244135
song,chart_weeks,ll_substance_use,20979,0.03117349438
song,chart_weeks,detox_toxicity,20981,0.0412824441
song,chart_weeks,detox_severe_toxicity,20981,0.05562490276
song,chart_weeks,detox_obscene,20981,0.06215346414
song,chart_weeks,detox_threat,20981,0.05258660224
song,chart_weeks,detox_insult,20981,0.02602890013
song,chart_weeks,detox_identity_attack,20981,0.03024504715
song,chart_weeks,detox_sexual_explicit,20981,0.06647831237
song,chart_weeks,emotion_admiration,20981,0.03698911981
song,chart_weeks,emotion_amusement,20981,-0.003935265617
song,chart_weeks,emotion_anger,20981,-0.012509795
song,chart_weeks,emotion_annoyance,20981,-0.0137071088
song,chart_weeks,emotion_approval,20981,0.0580211776
song,chart_weeks,emotion_caring,20981,0.01737198251
song,chart_weeks,emotion_confusion,20981,0.04926814913
song,chart_weeks,emotion_curiosity,20981,0.05544306982
song,chart_weeks,emotion_desire,20981,0.04790207771
song,chart_weeks,emotion_disappointment,20981,-0.0181786649
song,chart_weeks,emotion_disapproval,20981,-0.007869521729
song,chart_weeks,emotion_disgust,20981,-0.02361977358
song,chart_weeks,emotion_embarrassment,20981,-0.02256191055
song,chart_weeks,emotion_excitement,20981,0.05831228019
song,chart_weeks,emotion_fear,20981,0.009811662767
song,chart_weeks,emotion_gratitude,20981,-0.01519315881
song,chart_weeks,emotion_grief,20981,-0.02572083259
song,chart_weeks,emotion_joy,20981,0.01901822619
song,chart_weeks,emotion_love,20981,0.03741008376
song,chart_weeks,emotion_nervousness,20981,0.01058728225
song,chart_weeks,emotion_optimism,20981,0.05373332211
song,chart_weeks,emotion_pride,20981,0.01125422535
song,chart_weeks,emotion_realization,20981,0.000904939436
song,chart_weeks,emotion_relief,20981,-0.003617940521
song,chart_weeks,emotion_remorse,20981,-0.009085781587
song,chart_weeks,emotion_sadness,20981,-0.02883451483
song,chart_weeks,emotion_surprise,20981,0.02670257168
song,chart_weeks,emotion_neutral,20981,-0.01682089214
song,chart_weeks,sentiment_negative,20981,-0.02211041812
song,chart_weeks,sentiment_neutral,20981,0.03035524442
song,chart_weeks,sentiment_positive,20981,0.02247413781
song,total_chart_points,snapshot_months_selected,28041,0.8825503529
song,total_chart_points,mb_duration_median_seconds,22194,0.1165719564
song,total_chart_points,ll_sexual_content,20979,0.02311558852
song,total_chart_points,ll_violence,20979,-0.02887693217
song,total_chart_points,ll_explicit_language,20979,-0.006989600529
song,total_chart_points,ll_substance_use,20979,-0.03196615903
song,total_chart_points,detox_toxicity,20981,-0.006910458242
song,total_chart_points,detox_severe_toxicity,20981,0.0002791100759
song,total_chart_points,detox_obscene,20981,0.005156622689
song,total_chart_points,detox_threat,20981,0.006896571468
song,total_chart_points,detox_insult,20981,-0.01480857697
song,total_chart_points,detox_identity_attack,20981,-0.01517389309
song,total_chart_points,detox_sexual_explicit,20981,0.01653050216
song,total_chart_points,emotion_admiration,20981,0.05123468387
song,total_chart_points,emotion_amusement,20981,-8.979875531e-05
song,total_chart_points,emotion_anger,20981,-0.02697345638
song,total_chart_points,emotion_annoyance,20981,-0.04125453705
song,total_chart_points,emotion_approval,20981,0.04850900694
song,total_chart_points,emotion_caring,20981,0.03732491199
song,total_chart_points,emotion_confusion,20981,0.04730594267
song,total_chart_points,emotion_curiosity,20981,0.05938095689
song,total_chart_points,emotion_desire,20981,0.05415443068
song,total_chart_points,emotion_disappointment,20981,-0.01536593741
song,total_chart_points,emotion_disapproval,20981,-0.02189590577
song,total_chart_points,emotion_disgust,20981,-0.03359119322
song,total_chart_points,emotion_embarrassment,20981,-0.02243226504
song,total_chart_points,emotion_excitement,20981,0.07192971609
song,total_chart_points,emotion_fear,20981,0.02521827812
song,total_chart_points,emotion_gratitude,20981,0.005826558519
song,total_chart_points,emotion_grief,20981,0.003902606414
song,total_chart_points,emotion_joy,20981,0.04381013846
song,total_chart_points,emotion_love,20981,0.06057610283
song,total_chart_points,emotion_nervousness,20981,0.03179203261
song,total_chart_points,emotion_optimism,20981,0.05433039201
song,total_chart_points,emotion_pride,20981,0.0212875831
song,total_chart_points,emotion_realization,20981,0.002694094884
song,total_chart_points,emotion_relief,20981,0.02137103746
song,total_chart_points,emotion_remorse,20981,0.01524523362
song,total_chart_points,emotion_sadness,20981,-0.005669635135
song,total_chart_points,emotion_surprise,20981,0.04009819
song,total_chart_points,emotion_neutral,20981,-0.03959034789
song,total_chart_points,sentiment_negative,20981,-0.04523022508
song,total_chart_points,sentiment_neutral,20981,0.01159750628
song,total_chart_points,sentiment_positive,20981,0.04905720176
song,snapshot_months_selected,mb_duration_median_seconds,22194,0.2018593219
song,snapshot_months_selected,ll_sexual_content,20979,0.05670855334
song,snapshot_months_selected,ll_violence,20979,0.00611614043
song,snapshot_months_selected,ll_explicit_language,20979,0.06294525861
song,snapshot_months_selected,ll_substance_use,20979,0.04537067654
song,snapshot_months_selected,detox_toxicity,20981,0.05424559161
song,snapshot_months_selected,detox_severe_toxicity,20981,0.06743791345
song,snapshot_months_selected,detox_obscene,20981,0.0747207053
song,snapshot_months_selected,detox_threat,20981,0.06219579895
song,snapshot_months_selected,detox_insult,20981,0.03860070153
song,snapshot_months_selected,detox_identity_attack,20981,0.04043757957
song,snapshot_months_selected,detox_sexual_explicit,20981,0.07587527511
song,snapshot_months_selected,emotion_admiration,20981,0.03097132088
song,snapshot_months_selected,emotion_amusement,20981,0.002158098964
song,snapshot_months_selected,emotion_anger,20981,-0.002966863288
song,snapshot_months_selected,emotion_annoyance,20981,-0.001635543023
song,snapshot_months_selected,emotion_approval,20981,0.0544296709
song,snapshot_months_selected,emotion_caring,20981,0.0134611174
song,snapshot_months_selected,emotion_confusion,20981,0.05233458622
song,snapshot_months_selected,emotion_curiosity,20981,0.05797691527
song,snapshot_months_selected,emotion_desire,20981,0.0443367393
song,snapshot_months_selected,emotion_disappointment,20981,-0.01412423972
song,snapshot_months_selected,emotion_disapproval,20981,-0.0007711977941
song,snapshot_months_selected,emotion_disgust,20981,-0.01540253154
song,snapshot_months_selected,emotion_embarrassment,20981,-0.01563010538
song,snapshot_months_selected,emotion_excitement,20981,0.05305897001
song,snapshot_months_selected,emotion_fear,20981,0.01065863906
song,snapshot_months_selected,emotion_gratitude,20981,-0.02089857828
song,snapshot_months_selected,emotion_grief,20981,-0.02735144623
song,snapshot_months_selected,emotion_joy,20981,0.01411888849
song,snapshot_months_selected,emotion_love,20981,0.02932736441
song,snapshot_months_selected,emotion_nervousness,20981,0.01068272767
song,snapshot_months_selected,emotion_optimism,20981,0.05357563951
song,snapshot_months_selected,emotion_pride,20981,0.008884856298
song,snapshot_months_selected,emotion_realization,20981,0.002778892803
song,snapshot_months_selected,emotion_relief,20981,-0.006443535916
song,snapshot_months_selected,emotion_remorse,20981,-0.01127069625
song,snapshot_months_selected,emotion_sadness,20981,-0.02907744153
song,snapshot_months_selected,emotion_surprise,20981,0.027009695
song,snapshot_months_selected,emotion_neutral,20981,-0.0150238712
song,snapshot_months_selected,sentiment_negative,20981,-0.01488719921
song,snapshot_months_selected,sentiment_neutral,20981,0.03426108278
song,snapshot_months_selected,sentiment_positive,20981,0.01419352174
song,mb_duration_median_seconds,ll_sexual_content,17908,0.01134312535
song,mb_duration_median_seconds,ll_violence,17908,0.09251765166
song,mb_duration_median_seconds,ll_explicit_language,17908,0.04848434834
song,mb_duration_median_seconds,ll_substance_use,17908,0.04864428297
song,mb_duration_median_seconds,detox_toxicity,17909,0.0404359335
song,mb_duration_median_seconds,detox_severe_toxicity,17909,0.05708818493
song,mb_duration_median_seconds,detox_obscene,17909,0.05432085024
song,mb_duration_median_seconds,detox_threat,17909,0.03967357179
song,mb_duration_median_seconds,detox_insult,17909,0.02425012172
song,mb_duration_median_seconds,detox_identity_attack,17909,0.03060455946
song,mb_duration_median_seconds,detox_sexual_explicit,17909,0.05342499258
song,mb_duration_median_seconds,emotion_admiration,17909,-0.02964686382
song,mb_duration_median_seconds,emotion_amusement,17909,-0.08032633794
song,mb_duration_median_seconds,emotion_anger,17909,0.006436370023
song,mb_duration_median_seconds,emotion_annoyance,17909,0.04053913746
song,mb_duration_median_seconds,emotion_approval,17909,0.05130352123
song,mb_duration_median_seconds,emotion_caring,17909,0.0332243101
song,mb_duration_median_seconds,emotion_confusion,17909,0.07492545
song,mb_duration_median_seconds,emotion_curiosity,17909,0.06542056776
song,mb_duration_median_seconds,emotion_desire,17909,0.04085079155
song,mb_duration_median_seconds,emotion_disappointment,17909,0.04981217323
song,mb_duration_median_seconds,emotion_disapproval,17909,0.05186552034
song,mb_duration_median_seconds,emotion_disgust,17909,-0.002598078279
song,mb_duration_median_seconds,emotion_embarrassment,17909,0.01702204536
song,mb_duration_median_seconds,emotion_excitement,17909,-0.009418943951
song,mb_duration_median_seconds,emotion_fear,17909,0.06570179098
song,mb_duration_median_seconds,emotion_gratitude,17909,-0.05446709023
song,mb_duration_median_seconds,emotion_grief,17909,0.01845346506
song,mb_duration_median_seconds,emotion_joy,17909,-0.04655694188
song,mb_duration_median_seconds,emotion_love,17909,-0.0223121644
song,mb_duration_median_seconds,emotion_nervousness,17909,0.06407336286
song,mb_duration_median_seconds,emotion_optimism,17909,0.06599333031
song,mb_duration_median_seconds,emotion_pride,17909,-0.0203177132
song,mb_duration_median_seconds,emotion_realization,17909,0.06972717807
song,mb_duration_median_seconds,emotion_relief,17909,0.01680492673
song,mb_duration_median_seconds,emotion_remorse,17909,0.01889532827
song,mb_duration_median_seconds,emotion_sadness,17909,0.03143827915
song,mb_duration_median_seconds,emotion_surprise,17909,0.03043755104
song,mb_duration_median_seconds,emotion_neutral,17909,0.02704523765
song,mb_duration_median_seconds,sentiment_negative,17909,0.06949117502
song,mb_duration_median_seconds,sentiment_neutral,17909,-0.03012683824
song,mb_duration_median_seconds,sentiment_positive,17909,-0.03695082488
song,ll_sexual_content,ll_violence,20979,0.08339554995
song,ll_sexual_content,ll_explicit_language,20979,0.3417928477
song,ll_sexual_content,ll_substance_use,20979,0.1460433597
song,ll_sexual_content,detox_toxicity,20979,0.3922091457
song,ll_sexual_content,detox_severe_toxicity,20979,0.486941969
song,ll_sexual_content,detox_obscene,20979,0.4548057098
song,ll_sexual_content,detox_threat,20979,0.3540253266
song,ll_sexual_content,detox_insult,20979,0.3549552226
song,ll_sexual_content,detox_identity_attack,20979,0.4230008357
song,ll_sexual_content,detox_sexual_explicit,20979,0.5897773189
song,ll_sexual_content,emotion_admiration,20979,0.1570255729
song,ll_sexual_content,emotion_amusement,20979,0.134360482
song,ll_sexual_content,emotion_anger,20979,0.1952345418
song,ll_sexual_content,emotion_annoyance,20979,0.05973452068
song,ll_sexual_content,emotion_approval,20979,0.1062315542
song,ll_sexual_content,emotion_caring,20979,-0.02340403841
song,ll_sexual_content,emotion_confusion,20979,-0.05695885584
song,ll_sexual_content,emotion_curiosity,20979,0.04495405722
song,ll_sexual_content,emotion_desire,20979,0.02164914963
song,ll_sexual_content,emotion_disappointment,20979,-0.2096021237
song,ll_sexual_content,emotion_disapproval,20979,-0.04968499208
song,ll_sexual_content,emotion_disgust,20979,0.08184226391
song,ll_sexual_content,emotion_embarrassment,20979,-0.1253715245
song,ll_sexual_content,emotion_excitement,20979,0.1813981961
song,ll_sexual_content,emotion_fear,20979,-0.2090703663
song,ll_sexual_content,emotion_gratitude,20979,-0.04397638416
song,ll_sexual_content,emotion_grief,20979,-0.2717439602
song,ll_sexual_content,emotion_joy,20979,0.1090009039
song,ll_sexual_content,emotion_love,20979,0.17345567
song,ll_sexual_content,emotion_nervousness,20979,-0.2580088762
song,ll_sexual_content,emotion_optimism,20979,-0.1070799247
song,ll_sexual_content,emotion_pride,20979,0.02032761786
song,ll_sexual_content,emotion_realization,20979,-0.3483839653
song,ll_sexual_content,emotion_relief,20979,-0.227395998
song,ll_sexual_content,emotion_remorse,20979,-0.2134434986
song,ll_sexual_content,emotion_sadness,20979,-0.2554435108
song,ll_sexual_content,emotion_surprise,20979,-0.08715410302
song,ll_sexual_content,emotion_neutral,20979,-0.0118401918
song,ll_sexual_content,sentiment_negative,20979,-0.126060389
song,ll_sexual_content,sentiment_neutral,20979,0.09756621477
song,ll_sexual_content,sentiment_positive,20979,0.1027764542
song,ll_violence,ll_explicit_language,20979,0.3171229033
song,ll_violence,ll_substance_use,20979,0.3161229071
song,ll_violence,detox_toxicity,20979,0.3868734117
song,ll_violence,detox_severe_toxicity,20979,0.3777805255
song,ll_violence,detox_obscene,20979,0.3338764671
song,ll_violence,detox_threat,20979,0.4311596507
song,ll_violence,detox_insult,20979,0.3650683799
song,ll_violence,detox_identity_attack,20979,0.3798739846
song,ll_violence,detox_sexual_explicit,20979,0.2817977704
song,ll_violence,emotion_admiration,20979,-0.2025492532
song,ll_violence,emotion_amusement,20979,0.05584720514
song,ll_violence,emotion_anger,20979,0.3211735033
song,ll_violence,emotion_annoyance,20979,0.3438566229
song,ll_violence,emotion_approval,20979,-0.2115594131
song,ll_violence,emotion_caring,20979,-0.1206909573
song,ll_violence,emotion_confusion,20979,0.01153226287
song,ll_violence,emotion_curiosity,20979,-0.01074507508
song,ll_violence,emotion_desire,20979,-0.1664036155
song,ll_violence,emotion_disappointment,20979,0.1318349411
song,ll_violence,emotion_disapproval,20979,0.1618458975
song,ll_violence,emotion_disgust,20979,0.3124337023
song,ll_violence,emotion_embarrassment,20979,0.2121945225
song,ll_violence,emotion_excitement,20979,-0.2122675636
song,ll_violence,emotion_fear,20979,0.1371405816
song,ll_violence,emotion_gratitude,20979,-0.2124964344
song,ll_violence,emotion_grief,20979,0.01143171777
song,ll_violence,emotion_joy,20979,-0.2191218135
song,ll_violence,emotion_love,20979,-0.2406940611
song,ll_violence,emotion_nervousness,20979,0.01419427483
song,ll_violence,emotion_optimism,20979,-0.1710513332
song,ll_violence,emotion_pride,20979,-0.1255757098
song,ll_violence,emotion_realization,20979,0.0004797715342
song,ll_violence,emotion_relief,20979,-0.1584711695
song,ll_violence,emotion_remorse,20979,-0.07061027191
song,ll_violence,emotion_sadness,20979,0.05630483577
song,ll_violence,emotion_surprise,20979,-0.0001176776944
song,ll_violence,emotion_neutral,20979,0.1511434802
song,ll_violence,sentiment_negative,20979,0.3107056761
song,ll_violence,sentiment_neutral,20979,-0.1222557221
song,ll_violence,sentiment_positive,20979,-0.2468843472
song,ll_explicit_language,ll_substance_use,20979,0.380977404
song,ll_explicit_language,detox_toxicity,20979,0.6087409111
song,ll_explicit_language,detox_severe_toxicity,20979,0.64097452
song,ll_explicit_language,detox_obscene,20979,0.6596934624
song,ll_explicit_language,detox_threat,20979,0.5037669052
song,ll_explicit_language,detox_insult,20979,0.6057991892
song,ll_explicit_language,detox_identity_attack,20979,0.5937938262
song,ll_explicit_language,detox_sexual_explicit,20979,0.5632481446
song,ll_explicit_language,emotion_admiration,20979,-0.1693878415
song,ll_explicit_language,emotion_amusement,20979,0.1953652926
song,ll_explicit_language,emotion_anger,20979,0.3339449008
song,ll_explicit_language,emotion_annoyance,20979,0.4381576664
song,ll_explicit_language,emotion_approval,20979,-0.08899078361
song,ll_explicit_language,emotion_caring,20979,-0.2152579143
song,ll_explicit_language,emotion_confusion,20979,0.01120411174
song,ll_explicit_language,emotion_curiosity,20979,0.0238406912
song,ll_explicit_language,emotion_desire,20979,-0.2677561655
song,ll_explicit_language,emotion_disappointment,20979,0.01483544742
song,ll_explicit_language,emotion_disapproval,20979,0.2020195375
song,ll_explicit_language,emotion_disgust,20979,0.2411071824
song,ll_explicit_language,emotion_embarrassment,20979,0.1243477252
song,ll_explicit_language,emotion_excitement,20979,-0.1709519826
song,ll_explicit_language,emotion_fear,20979,-0.1416908686
song,ll_explicit_language,emotion_gratitude,20979,-0.2940391115
song,ll_explicit_language,emotion_grief,20979,-0.2491391998
song,ll_explicit_language,emotion_joy,20979,-0.1976548408
song,ll_explicit_language,emotion_love,20979,-0.3063236837
song,ll_explicit_language,emotion_nervousness,20979,-0.1976599913
song,ll_explicit_language,emotion_optimism,20979,-0.250119269
song,ll_explicit_language,emotion_pride,20979,-0.1656533927
song,ll_explicit_language,emotion_realization,20979,-0.1414433728
song,ll_explicit_language,emotion_relief,20979,-0.2719008048
song,ll_explicit_language,emotion_remorse,20979,-0.2663466914
song,ll_explicit_language,emotion_sadness,20979,-0.1645232562
song,ll_explicit_language,emotion_surprise,20979,-0.111169354
song,ll_explicit_language,emotion_neutral,20979,0.2360157967
song,ll_explicit_language,sentiment_negative,20979,0.1977937112
song,ll_explicit_language,sentiment_neutral,20979,0.08972596833
song,ll_explicit_language,sentiment_positive,20979,-0.2201989624
song,ll_substance_use,detox_toxicity,20979,0.2842188199
song,ll_substance_use,detox_severe_toxicity,20979,0.3116302592
song,ll_substance_use,detox_obscene,20979,0.3002281597
song,ll_substance_use,detox_threat,20979,0.2388644987
song,ll_substance_use,detox_insult,20979,0.2763366882
song,ll_substance_use,detox_identity_attack,20979,0.3262675717
song,ll_substance_use,detox_sexual_explicit,20979,0.2529134169
song,ll_substance_use,emotion_admiration,20979,-0.1122624662
song,ll_substance_use,emotion_amusement,20979,0.2463886236
song,ll_substance_use,emotion_anger,20979,-0.0008509012644
song,ll_substance_use,emotion_annoyance,20979,0.1854853188
song,ll_substance_use,emotion_approval,20979,-0.04813217177
song,ll_substance_use,emotion_caring,20979,-0.3404803785
song,ll_substance_use,emotion_confusion,20979,-0.05076808463
song,ll_substance_use,emotion_curiosity,20979,-0.06772041588
song,ll_substance_use,emotion_desire,20979,-0.2690428796
song,ll_substance_use,emotion_disappointment,20979,-0.0693474253
song,ll_substance_use,emotion_disapproval,20979,-0.005793589898
song,ll_substance_use,emotion_disgust,20979,0.03765685259
song,ll_substance_use,emotion_embarrassment,20979,0.03801267134
song,ll_substance_use,emotion_excitement,20979,-0.04431105466
song,ll_substance_use,emotion_fear,20979,-0.1877498893
song,ll_substance_use,emotion_gratitude,20979,-0.1993430391
song,ll_substance_use,emotion_grief,20979,-0.2607117845
song,ll_substance_use,emotion_joy,20979,-0.05262333386
song,ll_substance_use,emotion_love,20979,-0.3300609734
song,ll_substance_use,emotion_nervousness,20979,-0.2077086086
song,ll_substance_use,emotion_optimism,20979,-0.2134866479
song,ll_substance_use,emotion_pride,20979,-0.05344042311
song,ll_substance_use,emotion_realization,20979,-0.0247441087
song,ll_substance_use,emotion_relief,20979,-0.128798556
song,ll_substance_use,emotion_remorse,20979,-0.3159569353
song,ll_substance_use,emotion_sadness,20979,-0.2138568556
song,ll_substance_use,emotion_surprise,20979,-0.04681321461
song,ll_substance_use,emotion_neutral,20979,0.2895240075
song,ll_substance_use,sentiment_negative,20979,0.1373332455
song,ll_substance_use,sentiment_neutral,20979,-0.07286785431
song,ll_substance_use,sentiment_positive,20979,-0.07937533916
song,detox_toxicity,detox_severe_toxicity,20981,0.9014985658
song,detox_toxicity,detox_obscene,20981,0.9469285685
song,detox_toxicity,detox_threat,20981,0.836400113
song,detox_toxicity,detox_insult,20981,0.9655976709
song,detox_toxicity,detox_identity_attack,20981,0.8001733352
song,detox_toxicity,detox_sexual_explicit,20981,0.8036953306
song,detox_toxicity,emotion_admiration,20981,-0.1881341288
song,detox_toxicity,emotion_amusement,20981,0.1963887152
song,detox_toxicity,emotion_anger,20981,0.4930334211
song,detox_toxicity,emotion_annoyance,20981,0.4947938821
song,detox_toxicity,emotion_approval,20981,-0.1836564265
song,detox_toxicity,emotion_caring,20981,-0.1601885427
song,detox_toxicity,emotion_confusion,20981,0.03499286593
song,detox_toxicity,emotion_curiosity,20981,0.05227491554
song,detox_toxicity,emotion_desire,20981,-0.1970158964
song,detox_toxicity,emotion_disappointment,20981,0.0631244875
song,detox_toxicity,emotion_disapproval,20981,0.2317385087
song,detox_toxicity,emotion_disgust,20981,0.3898434309
song,detox_toxicity,emotion_embarrassment,20981,0.1944152281
song,detox_toxicity,emotion_excitement,20981,-0.1777049538
song,detox_toxicity,emotion_fear,20981,-0.03941039304
song,detox_toxicity,emotion_gratitude,20981,-0.2863356091
song,detox_toxicity,emotion_grief,20981,-0.1607111147
song,detox_toxicity,emotion_joy,20981,-0.2091383226
song,detox_toxicity,emotion_love,20981,-0.2085423939
song,detox_toxicity,emotion_nervousness,20981,-0.1329045581
song,detox_toxicity,emotion_optimism,20981,-0.2678003731
song,detox_toxicity,emotion_pride,20981,-0.1826007083
song,detox_toxicity,emotion_realization,20981,-0.1736678308
song,detox_toxicity,emotion_relief,20981,-0.3158114383
song,detox_toxicity,emotion_remorse,20981,-0.1820109182
song,detox_toxicity,emotion_sadness,20981,-0.08618499566
song,detox_toxicity,emotion_surprise,20981,-0.06750980854
song,detox_toxicity,emotion_neutral,20981,0.1309292775
song,detox_toxicity,sentiment_negative,20981,0.270198551
song,detox_toxicity,sentiment_neutral,20981,0.02206071145
song,detox_toxicity,sentiment_positive,20981,-0.2658252212
song,detox_severe_toxicity,detox_obscene,20981,0.9374001241
song,detox_severe_toxicity,detox_threat,20981,0.8042777811
song,detox_severe_toxicity,detox_insult,20981,0.8336013096
song,detox_severe_toxicity,detox_identity_attack,20981,0.8822147503
song,detox_severe_toxicity,detox_sexual_explicit,20981,0.9220745336
song,detox_severe_toxicity,emotion_admiration,20981,-0.1012789336
song,detox_severe_toxicity,emotion_amusement,20981,0.2048502879
song,detox_severe_toxicity,emotion_anger,20981,0.4242570439
song,detox_severe_toxicity,emotion_annoyance,20981,0.3955534634
song,detox_severe_toxicity,emotion_approval,20981,-0.1172557305
song,detox_severe_toxicity,emotion_caring,20981,-0.1745880696
song,detox_severe_toxicity,emotion_confusion,20981,0.004130593459
song,detox_severe_toxicity,emotion_curiosity,20981,0.04028049168
song,detox_severe_toxicity,emotion_desire,20981,-0.1821382408
song,detox_severe_toxicity,emotion_disappointment,20981,-0.02434439037
song,detox_severe_toxicity,emotion_disapproval,20981,0.1594145219
song,detox_severe_toxicity,emotion_disgust,20981,0.326936294
song,detox_severe_toxicity,emotion_embarrassment,20981,0.1144347216
song,detox_severe_toxicity,emotion_excitement,20981,-0.09579359323
song,detox_severe_toxicity,emotion_fear,20981,-0.09690201521
song,detox_severe_toxicity,emotion_gratitude,20981,-0.2328471054
song,detox_severe_toxicity,emotion_grief,20981,-0.2219242798
song,detox_severe_toxicity,emotion_joy,20981,-0.1444718405
song,detox_severe_toxicity,emotion_love,20981,-0.1445163149
song,detox_severe_toxicity,emotion_nervousness,20981,-0.2008611521
song,detox_severe_toxicity,emotion_optimism,20981,-0.2636932614
song,detox_severe_toxicity,emotion_pride,20981,-0.1403090955
song,detox_severe_toxicity,emotion_realization,20981,-0.235172146
song,detox_severe_toxicity,emotion_relief,20981,-0.3280954819
song,detox_severe_toxicity,emotion_remorse,20981,-0.2299920979
song,detox_severe_toxicity,emotion_sadness,20981,-0.1582172676
song,detox_severe_toxicity,emotion_surprise,20981,-0.07536850361
song,detox_severe_toxicity,emotion_neutral,20981,0.1267469194
song,detox_severe_toxicity,sentiment_negative,20981,0.1736259735
song,detox_severe_toxicity,sentiment_neutral,20981,0.01129574082
song,detox_severe_toxicity,sentiment_positive,20981,-0.1526202257
song,detox_obscene,detox_threat,20981,0.8036311758
song,detox_obscene,detox_insult,20981,0.8941568502
song,detox_obscene,detox_identity_attack,20981,0.764021117
song,detox_obscene,detox_sexual_explicit,20981,0.8749368061
song,detox_obscene,emotion_admiration,20981,-0.1411116266
song,detox_obscene,emotion_amusement,20981,0.2102131078
song,detox_obscene,emotion_anger,20981,0.4549692165
song,detox_obscene,emotion_annoyance,20981,0.4449601182
song,detox_obscene,emotion_approval,20981,-0.1393805792
song,detox_obscene,emotion_caring,20981,-0.166805571
song,detox_obscene,emotion_confusion,20981,0.03836293282
song,detox_obscene,emotion_curiosity,20981,0.06712936469
song,detox_obscene,emotion_desire,20981,-0.1792363768
song,detox_obscene,emotion_disappointment,20981,0.01794021958
song,detox_obscene,emotion_disapproval,20981,0.2013776788
song,detox_obscene,emotion_disgust,20981,0.350866966
song,detox_obscene,emotion_embarrassment,20981,0.1547024044
song,detox_obscene,emotion_excitement,20981,-0.1179674481
song,detox_obscene,emotion_fear,20981,-0.07453333978
song,detox_obscene,emotion_gratitude,20981,-0.2534361607
song,detox_obscene,emotion_grief,20981,-0.1990321052
song,detox_obscene,emotion_joy,20981,-0.1645923359
song,detox_obscene,emotion_love,20981,-0.1704841863
song,detox_obscene,emotion_nervousness,20981,-0.1617004495
song,detox_obscene,emotion_optimism,20981,-0.2587584638
song,detox_obscene,emotion_pride,20981,-0.162361609
song,detox_obscene,emotion_realization,20981,-0.2078116321
song,detox_obscene,emotion_relief,20981,-0.314985996
song,detox_obscene,emotion_remorse,20981,-0.205434372
song,detox_obscene,emotion_sadness,20981,-0.1288844265
song,detox_obscene,emotion_surprise,20981,-0.06333554861
song,detox_obscene,emotion_neutral,20981,0.1155587943
song,detox_obscene,sentiment_negative,20981,0.1997660796
song,detox_obscene,sentiment_neutral,20981,0.04222398969
song,detox_obscene,sentiment_positive,20981,-0.1963133448
song,detox_threat,detox_insult,20981,0.741172472
song,detox_threat,detox_identity_attack,20981,0.6940284041
song,detox_threat,detox_sexual_explicit,20981,0.7089662973
song,detox_threat,emotion_admiration,20981,-0.1727898083
song,detox_threat,emotion_amusement,20981,0.1383835564
song,detox_threat,emotion_anger,20981,0.413914558
song,detox_threat,emotion_annoyance,20981,0.3849457426
song,detox_threat,emotion_approval,20981,-0.1640516986
song,detox_threat,emotion_caring,20981,-0.07806293902
song,detox_threat,emotion_confusion,20981,-0.0146233789
song,detox_threat,emotion_curiosity,20981,0.03661074804
song,detox_threat,emotion_desire,20981,-0.09824190169
song,detox_threat,emotion_disappointment,20981,0.01162453342
song,detox_threat,emotion_disapproval,20981,0.1493369476
song,detox_threat,emotion_disgust,20981,0.3226135891
song,detox_threat,emotion_embarrassment,20981,0.1017182755
song,detox_threat,emotion_excitement,20981,-0.1360373717
song,detox_threat,emotion_fear,20981,-0.008135047595
song,detox_threat,emotion_gratitude,20981,-0.2234938838
song,detox_threat,emotion_grief,20981,-0.1408990244
song,detox_threat,emotion_joy,20981,-0.1845176837
song,detox_threat,emotion_love,20981,-0.1681640857
song,detox_threat,emotion_nervousness,20981,-0.1152811524
song,detox_threat,emotion_optimism,20981,-0.1817539142
song,detox_threat,emotion_pride,20981,-0.1635251095
song,detox_threat,emotion_realization,20981,-0.2192308785
song,detox_threat,emotion_relief,20981,-0.2837815471
song,detox_threat,emotion_remorse,20981,-0.1630135736
song,detox_threat,emotion_sadness,20981,-0.08012361436
song,detox_threat,emotion_surprise,20981,-0.1034247454
song,detox_threat,emotion_neutral,20981,0.13125107
song,detox_threat,sentiment_negative,20981,0.1781785258
song,detox_threat,sentiment_neutral,20981,0.04770155222
song,detox_threat,sentiment_positive,20981,-0.1872440549
song,detox_insult,detox_identity_attack,20981,0.79324525
song,detox_insult,detox_sexual_explicit,20981,0.7313614837
song,detox_insult,emotion_admiration,20981,-0.1915401587
song,detox_insult,emotion_amusement,20981,0.199675673
song,detox_insult,emotion_anger,20981,0.4846651984
song,detox_insult,emotion_annoyance,20981,0.5165039807
song,detox_insult,emotion_approval,20981,-0.1901492489
song,detox_insult,emotion_caring,20981,-0.1723132249
song,detox_insult,emotion_confusion,20981,0.02895376348
song,detox_insult,emotion_curiosity,20981,0.0384205351
song,detox_insult,emotion_desire,20981,-0.2374942624
song,detox_insult,emotion_disappointment,20981,0.08702372245
song,detox_insult,emotion_disapproval,20981,0.2489221566
song,detox_insult,emotion_disgust,20981,0.3840868383
song,detox_insult,emotion_embarrassment,20981,0.2173728181
song,detox_insult,emotion_excitement,20981,-0.2036559594
song,detox_insult,emotion_fear,20981,-0.0467976462
song,detox_insult,emotion_gratitude,20981,-0.3083471612
song,detox_insult,emotion_grief,20981,-0.1485807642
song,detox_insult,emotion_joy,20981,-0.2170368969
song,detox_insult,emotion_love,20981,-0.2402053086
song,detox_insult,emotion_nervousness,20981,-0.1270562308
song,detox_insult,emotion_optimism,20981,-0.2916612273
song,detox_insult,emotion_pride,20981,-0.1773229445
song,detox_insult,emotion_realization,20981,-0.1422186199
song,detox_insult,emotion_relief,20981,-0.2953864377
song,detox_insult,emotion_remorse,20981,-0.1807413137
song,detox_insult,emotion_sadness,20981,-0.07185497924
song,detox_insult,emotion_surprise,20981,-0.06658359407
song,detox_insult,emotion_neutral,20981,0.1507025453
song,detox_insult,sentiment_negative,20981,0.3112730525
song,detox_insult,sentiment_neutral,20981,0.0006478437621
song,detox_insult,sentiment_positive,20981,-0.2960820647
song,detox_identity_attack,detox_sexual_explicit,20981,0.8031578424
song,detox_identity_attack,emotion_admiration,20981,-0.115706502
song,detox_identity_attack,emotion_amusement,20981,0.2163588589
song,detox_identity_attack,emotion_anger,20981,0.3687253966
song,detox_identity_attack,emotion_annoyance,20981,0.3940809117
song,detox_identity_attack,emotion_approval,20981,-0.1349924295
song,detox_identity_attack,emotion_caring,20981,-0.2328786346
song,detox_identity_attack,emotion_confusion,20981,-0.02433532836
song,detox_identity_attack,emotion_curiosity,20981,0.002673092006
song,detox_identity_attack,emotion_desire,20981,-0.2635645689
song,detox_identity_attack,emotion_disappointment,20981,-0.02155205863
song,detox_identity_attack,emotion_disapproval,20981,0.1527930935
song,detox_identity_attack,emotion_disgust,20981,0.2923486579
song,detox_identity_attack,emotion_embarrassment,20981,0.1167716065
song,detox_identity_attack,emotion_excitement,20981,-0.1332088447
song,detox_identity_attack,emotion_fear,20981,-0.1208436407
song,detox_identity_attack,emotion_gratitude,20981,-0.2799062031
song,detox_identity_attack,emotion_grief,20981,-0.2322160053
song,detox_identity_attack,emotion_joy,20981,-0.1692144864
song,detox_identity_attack,emotion_love,20981,-0.2222422097
song,detox_identity_attack,emotion_nervousness,20981,-0.2262646603
song,detox_identity_attack,emotion_optimism,20981,-0.3260515466
song,detox_identity_attack,emotion_pride,20981,-0.1443169608
song,detox_identity_attack,emotion_realization,20981,-0.1989386737
song,detox_identity_attack,emotion_relief,20981,-0.3215135548
song,detox_identity_attack,emotion_remorse,20981,-0.2717224025
song,detox_identity_attack,emotion_sadness,20981,-0.1655601505
song,detox_identity_attack,emotion_surprise,20981,-0.08181334507
song,detox_identity_attack,emotion_neutral,20981,0.2115369711
song,detox_identity_attack,sentiment_negative,20981,0.2254587231
song,detox_identity_attack,sentiment_neutral,20981,-0.01102865719
song,detox_identity_attack,sentiment_positive,20981,-0.191057184
song,detox_sexual_explicit,emotion_admiration,20981,-0.02248627667
song,detox_sexual_explicit,emotion_amusement,20981,0.1921487745
song,detox_sexual_explicit,emotion_anger,20981,0.3874979878
song,detox_sexual_explicit,emotion_annoyance,20981,0.3138831919
song,detox_sexual_explicit,emotion_approval,20981,-0.06647135994
song,detox_sexual_explicit,emotion_caring,20981,-0.1250400469
song,detox_sexual_explicit,emotion_confusion,20981,0.003518205973
song,detox_sexual_explicit,emotion_curiosity,20981,0.0567093169
song,detox_sexual_explicit,emotion_desire,20981,-0.1113986823
song,detox_sexual_explicit,emotion_disappointment,20981,-0.06000270248
song,detox_sexual_explicit,emotion_disapproval,20981,0.1187592443
song,detox_sexual_explicit,emotion_disgust,20981,0.2891345899
song,detox_sexual_explicit,emotion_embarrassment,20981,0.06463027164
song,detox_sexual_explicit,emotion_excitement,20981,-0.02100548265
song,detox_sexual_explicit,emotion_fear,20981,-0.1143510944
song,detox_sexual_explicit,emotion_gratitude,20981,-0.1787592793
song,detox_sexual_explicit,emotion_grief,20981,-0.2210261014
song,detox_sexual_explicit,emotion_joy,20981,-0.07540429154
song,detox_sexual_explicit,emotion_love,20981,-0.02815186909
song,detox_sexual_explicit,emotion_nervousness,20981,-0.2040656031
song,detox_sexual_explicit,emotion_optimism,20981,-0.2285435084
song,detox_sexual_explicit,emotion_pride,20981,-0.1081000645
song,detox_sexual_explicit,emotion_realization,20981,-0.2700808635
song,detox_sexual_explicit,emotion_relief,20981,-0.3152825655
song,detox_sexual_explicit,emotion_remorse,20981,-0.2038644618
song,detox_sexual_explicit,emotion_sadness,20981,-0.1675248349
song,detox_sexual_explicit,emotion_surprise,20981,-0.06901908099
song,detox_sexual_explicit,emotion_neutral,20981,0.05874192234
song,detox_sexual_explicit,sentiment_negative,20981,0.0933907354
song,detox_sexual_explicit,sentiment_neutral,20981,0.05490928046
song,detox_sexual_explicit,sentiment_positive,20981,-0.09167584762
song,emotion_admiration,emotion_amusement,20981,0.09780018389
song,emotion_admiration,emotion_anger,20981,-0.3353675641
song,emotion_admiration,emotion_annoyance,20981,-0.5874760825
song,emotion_admiration,emotion_approval,20981,0.6204129192
song,emotion_admiration,emotion_caring,20981,0.1832882848
song,emotion_admiration,emotion_confusion,20981,-0.2204227423
song,emotion_admiration,emotion_curiosity,20981,-0.07319115004
song,emotion_admiration,emotion_desire,20981,0.1858332273
song,emotion_admiration,emotion_disappointment,20981,-0.4290379886
song,emotion_admiration,emotion_disapproval,20981,-0.413926923
song,emotion_admiration,emotion_disgust,20981,-0.3562081299
song,emotion_admiration,emotion_embarrassment,20981,-0.4139424954
song,emotion_admiration,emotion_excitement,20981,0.6824549317
song,emotion_admiration,emotion_fear,20981,-0.2251368643
song,emotion_admiration,emotion_gratitude,20981,0.5342081329
song,emotion_admiration,emotion_grief,20981,-0.1340299313
song,emotion_admiration,emotion_joy,20981,0.6579698034
song,emotion_admiration,emotion_love,20981,0.6043302965
song,emotion_admiration,emotion_nervousness,20981,-0.2048857958
song,emotion_admiration,emotion_optimism,20981,0.2684176136
song,emotion_admiration,emotion_pride,20981,0.6876302529
song,emotion_admiration,emotion_realization,20981,-0.2349855073
song,emotion_admiration,emotion_relief,20981,0.2823805403
song,emotion_admiration,emotion_remorse,20981,-0.1173909166
song,emotion_admiration,emotion_sadness,20981,-0.3121090718
song,emotion_admiration,emotion_surprise,20981,0.04091872215
song,emotion_admiration,emotion_neutral,20981,-0.4686319249
song,emotion_admiration,sentiment_negative,20981,-0.4373077021
song,emotion_admiration,sentiment_neutral,20981,-0.1549153006
song,emotion_admiration,sentiment_positive,20981,0.5202087409
song,emotion_amusement,emotion_anger,20981,-0.09905850699
song,emotion_amusement,emotion_annoyance,20981,-0.01544560131
song,emotion_amusement,emotion_approval,20981,-0.1691463033
song,emotion_amusement,emotion_caring,20981,-0.4486866023
song,emotion_amusement,emotion_confusion,20981,-0.1064984868
song,emotion_amusement,emotion_curiosity,20981,-0.05425082627
song,emotion_amusement,emotion_desire,20981,-0.3152789709
song,emotion_amusement,emotion_disappointment,20981,-0.2116249803
song,emotion_amusement,emotion_disapproval,20981,-0.2625148145
song,emotion_amusement,emotion_disgust,20981,0.01982248079
song,emotion_amusement,emotion_embarrassment,20981,0.1551522876
song,emotion_amusement,emotion_excitement,20981,0.3408580055
song,emotion_amusement,emotion_fear,20981,-0.1692596276
song,emotion_amusement,emotion_gratitude,20981,-0.01125923862
song,emotion_amusement,emotion_grief,20981,-0.1812436495
song,emotion_amusement,emotion_joy,20981,0.4694562086
song,emotion_amusement,emotion_love,20981,-0.16469741
song,emotion_amusement,emotion_nervousness,20981,-0.1341866258
song,emotion_amusement,emotion_optimism,20981,-0.2989175481
song,emotion_amusement,emotion_pride,20981,0.1651433622
song,emotion_amusement,emotion_realization,20981,-0.02953874159
song,emotion_amusement,emotion_relief,20981,0.07961936017
song,emotion_amusement,emotion_remorse,20981,-0.2793934761
song,emotion_amusement,emotion_sadness,20981,-0.2250416819
song,emotion_amusement,emotion_surprise,20981,0.2047957653
song,emotion_amusement,emotion_neutral,20981,0.06589794923
song,emotion_amusement,sentiment_negative,20981,-0.09627939892
song,emotion_amusement,sentiment_neutral,20981,-0.05616817912
song,emotion_amusement,sentiment_positive,20981,0.1311870062
song,emotion_anger,emotion_annoyance,20981,0.798033521
song,emotion_anger,emotion_approval,20981,-0.3871525198
song,emotion_anger,emotion_caring,20981,0.1208214614
song,emotion_anger,emotion_confusion,20981,0.2125323584
song,emotion_anger,emotion_curiosity,20981,0.1212750977
song,emotion_anger,emotion_desire,20981,-0.002432028088
song,emotion_anger,emotion_disappointment,20981,0.501995205
song,emotion_anger,emotion_disapproval,20981,0.6806510303
song,emotion_anger,emotion_disgust,20981,0.8045503025
song,emotion_anger,emotion_embarrassment,20981,0.5331587629
song,emotion_anger,emotion_excitement,20981,-0.4055813046
song,emotion_anger,emotion_fear,20981,0.324746069
song,emotion_anger,emotion_gratitude,20981,-0.228753784
song,emotion_anger,emotion_grief,20981,0.2674449479
song,emotion_anger,emotion_joy,20981,-0.3734123475
song,emotion_anger,emotion_love,20981,0.01204083668
song,emotion_anger,emotion_nervousness,20981,0.2368887262
song,emotion_anger,emotion_optimism,20981,-0.2190705492
song,emotion_anger,emotion_pride,20981,-0.2695871566
song,emotion_anger,emotion_realization,20981,-0.008208930058
song,emotion_anger,emotion_relief,20981,-0.26452855
song,emotion_anger,emotion_remorse,20981,0.2721985631
song,emotion_anger,emotion_sadness,20981,0.3658705383
song,emotion_anger,emotion_surprise,20981,0.04002931045
song,emotion_anger,emotion_neutral,20981,-0.1938464558
song,emotion_anger,sentiment_negative,20981,0.4221977071
song,emotion_anger,sentiment_neutral,20981,0.01491397707
song,emotion_anger,sentiment_positive,20981,-0.4476741595
song,emotion_annoyance,emotion_approval,20981,-0.4548399678
song,emotion_annoyance,emotion_caring,20981,-0.1781045698
song,emotion_annoyance,emotion_confusion,20981,0.1686760935
song,emotion_annoyance,emotion_curiosity,20981,0.006722171531
song,emotion_annoyance,emotion_desire,20981,-0.2613938163
song,emotion_annoyance,emotion_disappointment,20981,0.641314324
song,emotion_annoyance,emotion_disapproval,20981,0.7601681123
song,emotion_annoyance,emotion_disgust,20981,0.7425523116
song,emotion_annoyance,emotion_embarrassment,20981,0.6579624939
song,emotion_annoyance,emotion_excitement,20981,-0.6026924585
song,emotion_annoyance,emotion_fear,20981,0.2217558748
song,emotion_annoyance,emotion_gratitude,20981,-0.5016214002
song,emotion_annoyance,emotion_grief,20981,0.1989153099
song,emotion_annoyance,emotion_joy,20981,-0.5307728813
song,emotion_annoyance,emotion_love,20981,-0.466481519
song,emotion_annoyance,emotion_nervousness,20981,0.2169747389
song,emotion_annoyance,emotion_optimism,20981,-0.3749423084
song,emotion_annoyance,emotion_pride,20981,-0.3449322252
song,emotion_annoyance,emotion_realization,20981,0.2532443725
song,emotion_annoyance,emotion_relief,20981,-0.1957406805
song,emotion_annoyance,emotion_remorse,20981,0.1135650756
song,emotion_annoyance,emotion_sadness,20981,0.3612058309
song,emotion_annoyance,emotion_surprise,20981,0.00924399543
song,emotion_annoyance,emotion_neutral,20981,0.151695998
song,emotion_annoyance,sentiment_negative,20981,0.5899969029
song,emotion_annoyance,sentiment_neutral,20981,0.01996223173
song,emotion_annoyance,sentiment_positive,20981,-0.6012395677
song,emotion_approval,emotion_caring,20981,0.3023411568
song,emotion_approval,emotion_confusion,20981,-0.2349670069
song,emotion_approval,emotion_curiosity,20981,-0.1792484207
song,emotion_approval,emotion_desire,20981,0.09687021013
song,emotion_approval,emotion_disappointment,20981,-0.4807454433
song,emotion_approval,emotion_disapproval,20981,-0.2504624555
song,emotion_approval,emotion_disgust,20981,-0.5543485169
song,emotion_approval,emotion_embarrassment,20981,-0.5506300043
song,emotion_approval,emotion_excitement,20981,0.40077825
song,emotion_approval,emotion_fear,20981,-0.3598109591
song,emotion_approval,emotion_gratitude,20981,0.262998611
song,emotion_approval,emotion_grief,20981,-0.3276956876
song,emotion_approval,emotion_joy,20981,0.4191214003
song,emotion_approval,emotion_love,20981,0.3550384373
song,emotion_approval,emotion_nervousness,20981,-0.2858943677
song,emotion_approval,emotion_optimism,20981,0.4070770087
song,emotion_approval,emotion_pride,20981,0.5341390691
song,emotion_approval,emotion_realization,20981,-0.05920804962
song,emotion_approval,emotion_relief,20981,0.312346992
song,emotion_approval,emotion_remorse,20981,-0.2431069031
song,emotion_approval,emotion_sadness,20981,-0.4299923969
song,emotion_approval,emotion_surprise,20981,-0.2964558726
song,emotion_approval,emotion_neutral,20981,-0.1081579966
song,emotion_approval,sentiment_negative,20981,-0.356344729
song,emotion_approval,sentiment_neutral,20981,-0.01017964557
song,emotion_approval,sentiment_positive,20981,0.3908756058
song,emotion_caring,emotion_confusion,20981,-0.02939609581
song,emotion_caring,emotion_curiosity,20981,0.08730284337
song,emotion_caring,emotion_desire,20981,0.5906899832
song,emotion_caring,emotion_disappointment,20981,0.0510811748
song,emotion_caring,emotion_disapproval,20981,0.08578506669
song,emotion_caring,emotion_disgust,20981,-0.1040841463
song,emotion_caring,emotion_embarrassment,20981,-0.2046183533
song,emotion_caring,emotion_excitement,20981,-0.0003662441193
song,emotion_caring,emotion_fear,20981,0.2179632012
song,emotion_caring,emotion_gratitude,20981,0.3953635929
song,emotion_caring,emotion_grief,20981,0.3729034404
song,emotion_caring,emotion_joy,20981,0.1254136217
song,emotion_caring,emotion_love,20981,0.5220124294
song,emotion_caring,emotion_nervousness,20981,0.3186973164
song,emotion_caring,emotion_optimism,20981,0.6458741516
song,emotion_caring,emotion_pride,20981,0.1539092552
song,emotion_caring,emotion_realization,20981,-0.1744882959
song,emotion_caring,emotion_relief,20981,0.329604906
song,emotion_caring,emotion_remorse,20981,0.5314448199
song,emotion_caring,emotion_sadness,20981,0.3156605964
song,emotion_caring,emotion_surprise,20981,-0.3190743172
song,emotion_caring,emotion_neutral,20981,-0.4366700549
song,emotion_caring,sentiment_negative,20981,-0.1415174919
song,emotion_caring,sentiment_neutral,20981,0.0142951431
song,emotion_caring,sentiment_positive,20981,0.1202037617
song,emotion_confusion,emotion_curiosity,20981,0.8655709495
song,emotion_confusion,emotion_desire,20981,0.001586842971
song,emotion_confusion,emotion_disappointment,20981,0.310450384
song,emotion_confusion,emotion_disapproval,20981,0.3370896332
song,emotion_confusion,emotion_disgust,20981,0.1494243489
song,emotion_confusion,emotion_embarrassment,20981,0.3538667332
song,emotion_confusion,emotion_excitement,20981,-0.08334316192
song,emotion_confusion,emotion_fear,20981,0.426691245
song,emotion_confusion,emotion_gratitude,20981,-0.261622267
song,emotion_confusion,emotion_grief,20981,0.2160513565
song,emotion_confusion,emotion_joy,20981,-0.257339757
song,emotion_confusion,emotion_love,20981,0.01996222502
song,emotion_confusion,emotion_nervousness,20981,0.4462535738
song,emotion_confusion,emotion_optimism,20981,0.0469075718
song,emotion_confusion,emotion_pride,20981,-0.4573261237
song,emotion_confusion,emotion_realization,20981,0.2160099371
song,emotion_confusion,emotion_relief,20981,-0.1660329798
song,emotion_confusion,emotion_remorse,20981,0.2876721229
song,emotion_confusion,emotion_sadness,20981,0.2285299851
song,emotion_confusion,emotion_surprise,20981,0.5552315749
song,emotion_confusion,emotion_neutral,20981,-0.2280963711
song,emotion_confusion,sentiment_negative,20981,0.2688544666
song,emotion_confusion,sentiment_neutral,20981,0.0360441666
song,emotion_confusion,sentiment_positive,20981,-0.2901571565
song,emotion_curiosity,emotion_desire,20981,0.1771848631
song,emotion_curiosity,emotion_disappointment,20981,0.1101872934
song,emotion_curiosity,emotion_disapproval,20981,0.08853604706
song,emotion_curiosity,emotion_disgust,20981,0.01102240125
song,emotion_curiosity,emotion_embarrassment,20981,0.1194406332
song,emotion_curiosity,emotion_excitement,20981,0.1191271346
song,emotion_curiosity,emotion_fear,20981,0.2899101323
song,emotion_curiosity,emotion_gratitude,20981,-0.2191984961
song,emotion_curiosity,emotion_grief,20981,0.116680934
song,emotion_curiosity,emotion_joy,20981,-0.1420007216
song,emotion_curiosity,emotion_love,20981,0.1179391247
song,emotion_curiosity,emotion_nervousness,20981,0.3147496654
song,emotion_curiosity,emotion_optimism,20981,0.1369284173
song,emotion_curiosity,emotion_pride,20981,-0.4409007321
song,emotion_curiosity,emotion_realization,20981,-0.1028368989
song,emotion_curiosity,emotion_relief,20981,-0.2243548853
song,emotion_curiosity,emotion_remorse,20981,0.2078945067
song,emotion_curiosity,emotion_sadness,20981,0.1040858222
song,emotion_curiosity,emotion_surprise,20981,0.4767507427
song,emotion_curiosity,emotion_neutral,20981,-0.2333492655
song,emotion_curiosity,sentiment_negative,20981,0.1082898801
song,emotion_curiosity,sentiment_neutral,20981,0.0510963745
song,emotion_curiosity,sentiment_positive,20981,-0.1295098256
song,emotion_desire,emotion_disappointment,20981,0.1406974555
song,emotion_desire,emotion_disapproval,20981,-0.08488386039
song,emotion_desire,emotion_disgust,20981,0.02182386194
song,emotion_desire,emotion_embarrassment,20981,-0.1731692757
song,emotion_desire,emotion_excitement,20981,0.2857394236
song,emotion_desire,emotion_fear,20981,0.2181529027
song,emotion_desire,emotion_gratitude,20981,0.3760436779
song,emotion_desire,emotion_grief,20981,0.3694114807
song,emotion_desire,emotion_joy,20981,0.2152612229
song,emotion_desire,emotion_love,20981,0.6106796541
song,emotion_desire,emotion_nervousness,20981,0.3148606572
song,emotion_desire,emotion_optimism,20981,0.6932306558
song,emotion_desire,emotion_pride,20981,0.1725201724
song,emotion_desire,emotion_realization,20981,-0.1425810143
song,emotion_desire,emotion_relief,20981,0.2106521157
song,emotion_desire,emotion_remorse,20981,0.5299665252
song,emotion_desire,emotion_sadness,20981,0.3215293545
song,emotion_desire,emotion_surprise,20981,-0.0003245641826
song,emotion_desire,emotion_neutral,20981,-0.5062889
song,emotion_desire,sentiment_negative,20981,-0.2500561296
song,emotion_desire,sentiment_neutral,20981,0.04453792197
song,emotion_desire,sentiment_positive,20981,0.2333928169
song,emotion_disappointment,emotion_disapproval,20981,0.6860438997
song,emotion_disappointment,emotion_disgust,20981,0.6727655796
song,emotion_disappointment,emotion_embarrassment,20981,0.8094413504
song,emotion_disappointment,emotion_excitement,20981,-0.4790181513
song,emotion_disappointment,emotion_fear,20981,0.6061584763
song,emotion_disappointment,emotion_gratitude,20981,-0.2307569229
song,emotion_disappointment,emotion_grief,20981,0.7814498896
song,emotion_disappointment,emotion_joy,20981,-0.3541934
song,emotion_disappointment,emotion_love,20981,-0.1152698879
song,emotion_disappointment,emotion_nervousness,20981,0.7205023138
song,emotion_disappointment,emotion_optimism,20981,-0.06818373289
song,emotion_disappointment,emotion_pride,20981,-0.1626365839
song,emotion_disappointment,emotion_realization,20981,0.6070103879
song,emotion_disappointment,emotion_relief,20981,0.2153226488
song,emotion_disappointment,emotion_remorse,20981,0.6889027445
song,emotion_disappointment,emotion_sadness,20981,0.8854111724
song,emotion_disappointment,emotion_surprise,20981,0.3041523354
song,emotion_disappointment,emotion_neutral,20981,-0.2391158538
song,emotion_disappointment,sentiment_negative,20981,0.5066931566
song,emotion_disappointment,sentiment_neutral,20981,-0.06174240358
song,emotion_disappointment,sentiment_positive,20981,-0.4885961657
song,emotion_disapproval,emotion_disgust,20981,0.5848524782
song,emotion_disapproval,emotion_embarrassment,20981,0.5624983931
song,emotion_disapproval,emotion_excitement,20981,-0.5802107657
song,emotion_disapproval,emotion_fear,20981,0.2887980995
song,emotion_disapproval,emotion_gratitude,20981,-0.2253730472
song,emotion_disapproval,emotion_grief,20981,0.3211055474
song,emotion_disapproval,emotion_joy,20981,-0.4632862339
song,emotion_disapproval,emotion_love,20981,-0.1766892084
song,emotion_disapproval,emotion_nervousness,20981,0.3308319464
song,emotion_disapproval,emotion_optimism,20981,-0.09398701324
song,emotion_disapproval,emotion_pride,20981,-0.2848001609
song,emotion_disapproval,emotion_realization,20981,0.3245182764
song,emotion_disapproval,emotion_relief,20981,-0.05904465228
song,emotion_disapproval,emotion_remorse,20981,0.349164988
song,emotion_disapproval,emotion_sadness,20981,0.4596802418
song,emotion_disapproval,emotion_surprise,20981,0.003958924121
song,emotion_disapproval,emotion_neutral,20981,-0.147938774
song,emotion_disapproval,sentiment_negative,20981,0.5456136819
song,emotion_disapproval,sentiment_neutral,20981,-0.01620104865
song,emotion_disapproval,sentiment_positive,20981,-0.5487304712
song,emotion_disgust,emotion_embarrassment,20981,0.7487726615
song,emotion_disgust,emotion_excitement,20981,-0.3951149302
song,emotion_disgust,emotion_fear,20981,0.495253334
song,emotion_disgust,emotion_gratitude,20981,-0.1930778043
song,emotion_disgust,emotion_grief,20981,0.4550003851
song,emotion_disgust,emotion_joy,20981,-0.3830944097
song,emotion_disgust,emotion_love,20981,-0.07902078012
song,emotion_disgust,emotion_nervousness,20981,0.3853397913
song,emotion_disgust,emotion_optimism,20981,-0.301912309
song,emotion_disgust,emotion_pride,20981,-0.1802425603
song,emotion_disgust,emotion_realization,20981,0.2382152492
song,emotion_disgust,emotion_relief,20981,-0.1556969906
song,emotion_disgust,emotion_remorse,20981,0.3748128687
song,emotion_disgust,emotion_sadness,20981,0.5436333516
song,emotion_disgust,emotion_surprise,20981,0.2187316784
song,emotion_disgust,emotion_neutral,20981,-0.1821131492
song,emotion_disgust,sentiment_negative,20981,0.4489173888
song,emotion_disgust,sentiment_neutral,20981,-0.05430145924
song,emotion_disgust,sentiment_positive,20981,-0.4389989811
song,emotion_embarrassment,emotion_excitement,20981,-0.3331432204
song,emotion_embarrassment,emotion_fear,20981,0.6295102842
song,emotion_embarrassment,emotion_gratitude,20981,-0.2471171642
song,emotion_embarrassment,emotion_grief,20981,0.651365821
song,emotion_embarrassment,emotion_joy,20981,-0.2241671748
song,emotion_embarrassment,emotion_love,20981,-0.2304556897
song,emotion_embarrassment,emotion_nervousness,20981,0.6635560922
song,emotion_embarrassment,emotion_optimism,20981,-0.3233992328
song,emotion_embarrassment,emotion_pride,20981,-0.09705812981
song,emotion_embarrassment,emotion_realization,20981,0.6377673379
song,emotion_embarrassment,emotion_relief,20981,0.2012148326
song,emotion_embarrassment,emotion_remorse,20981,0.5103047897
song,emotion_embarrassment,emotion_sadness,20981,0.6922730672
song,emotion_embarrassment,emotion_surprise,20981,0.5023397027
song,emotion_embarrassment,emotion_neutral,20981,-0.1755694341
song,emotion_embarrassment,sentiment_negative,20981,0.5134485991
song,emotion_embarrassment,sentiment_neutral,20981,-0.09985534115
song,emotion_embarrassment,sentiment_positive,20981,-0.4788134921
song,emotion_excitement,emotion_fear,20981,-0.08061517167
song,emotion_excitement,emotion_gratitude,20981,0.3560082647
song,emotion_excitement,emotion_grief,20981,-0.1597071372
song,emotion_excitement,emotion_joy,20981,0.8049705621
song,emotion_excitement,emotion_love,20981,0.4831529261
song,emotion_excitement,emotion_nervousness,20981,-0.05601938228
song,emotion_excitement,emotion_optimism,20981,0.2385391503
song,emotion_excitement,emotion_pride,20981,0.5882147393
song,emotion_excitement,emotion_realization,20981,-0.1950561374
song,emotion_excitement,emotion_relief,20981,0.3194456259
song,emotion_excitement,emotion_remorse,20981,-0.2018905732
song,emotion_excitement,emotion_sadness,20981,-0.356444814
song,emotion_excitement,emotion_surprise,20981,0.3631870423
song,emotion_excitement,emotion_neutral,20981,-0.3224990032
song,emotion_excitement,sentiment_negative,20981,-0.5205601945
song,emotion_excitement,sentiment_neutral,20981,-0.06690130828
song,emotion_excitement,sentiment_positive,20981,0.5766370285
song,emotion_fear,emotion_gratitude,20981,-0.0630682312
song,emotion_fear,emotion_grief,20981,0.7631830709
song,emotion_fear,emotion_joy,20981,-0.1431621919
song,emotion_fear,emotion_love,20981,0.09220651684
song,emotion_fear,emotion_nervousness,20981,0.8782066382
song,emotion_fear,emotion_optimism,20981,0.119540344
song,emotion_fear,emotion_pride,20981,-0.02427337831
song,emotion_fear,emotion_realization,20981,0.494721641
song,emotion_fear,emotion_relief,20981,0.2945251501
song,emotion_fear,emotion_remorse,20981,0.6146352446
song,emotion_fear,emotion_sadness,20981,0.7039298258
song,emotion_fear,emotion_surprise,20981,0.5582336616
song,emotion_fear,emotion_neutral,20981,-0.3134459611
song,emotion_fear,sentiment_negative,20981,0.2748738577
song,emotion_fear,sentiment_neutral,20981,-0.06588951394
song,emotion_fear,sentiment_positive,20981,-0.2538007332
song,emotion_gratitude,emotion_grief,20981,0.1290189582
song,emotion_gratitude,emotion_joy,20981,0.4829557276
song,emotion_gratitude,emotion_love,20981,0.5143182828
song,emotion_gratitude,emotion_nervousness,20981,-0.0129451011
song,emotion_gratitude,emotion_optimism,20981,0.4057772347
song,emotion_gratitude,emotion_pride,20981,0.5109129642
song,emotion_gratitude,emotion_realization,20981,-0.1729850824
song,emotion_gratitude,emotion_relief,20981,0.3799090423
song,emotion_gratitude,emotion_remorse,20981,0.2796081791
song,emotion_gratitude,emotion_sadness,20981,-0.01648123237
song,emotion_gratitude,emotion_surprise,20981,-0.1103024338
song,emotion_gratitude,emotion_neutral,20981,-0.5421049102
song,emotion_gratitude,sentiment_negative,20981,-0.3605155367
song,emotion_gratitude,sentiment_neutral,20981,-0.1175315029
song,emotion_gratitude,sentiment_positive,20981,0.3899335272
song,emotion_grief,emotion_joy,20981,0.008890149733
song,emotion_grief,emotion_love,20981,0.2258381508
song,emotion_grief,emotion_nervousness,20981,0.8868878709
song,emotion_grief,emotion_optimism,20981,0.1458633779
song,emotion_grief,emotion_pride,20981,0.1289348481
song,emotion_grief,emotion_realization,20981,0.5377351605
song,emotion_grief,emotion_relief,20981,0.5377048669
song,emotion_grief,emotion_remorse,20981,0.8771968948
song,emotion_grief,emotion_sadness,20981,0.9509837768
song,emotion_grief,emotion_surprise,20981,0.3574127137
song,emotion_grief,emotion_neutral,20981,-0.4683757336
song,emotion_grief,sentiment_negative,20981,0.2499384375
song,emotion_grief,sentiment_neutral,20981,-0.1127825028
song,emotion_grief,sentiment_positive,20981,-0.2165051671
song,emotion_joy,emotion_love,20981,0.4999544912
song,emotion_joy,emotion_nervousness,20981,0.01532558833
song,emotion_joy,emotion_optimism,20981,0.2251737457
song,emotion_joy,emotion_pride,20981,0.7223980945
song,emotion_joy,emotion_realization,20981,-0.06093763668
song,emotion_joy,emotion_relief,20981,0.5787278494
song,emotion_joy,emotion_remorse,20981,-0.02553602347
song,emotion_joy,emotion_sadness,20981,-0.1694965934
song,emotion_joy,emotion_surprise,20981,0.1452553892
song,emotion_joy,emotion_neutral,20981,-0.4041975168
song,emotion_joy,sentiment_negative,20981,-0.4658684836
song,emotion_joy,sentiment_neutral,20981,-0.1302619972
song,emotion_joy,sentiment_positive,20981,0.5396403218
song,emotion_love,emotion_nervousness,20981,0.1285834432
song,emotion_love,emotion_optimism,20981,0.4328646847
song,emotion_love,emotion_pride,20981,0.3502872024
song,emotion_love,emotion_realization,20981,-0.2002232131
song,emotion_love,emotion_relief,20981,0.1750254804
song,emotion_love,emotion_remorse,20981,0.3967896718
song,emotion_love,emotion_sadness,20981,0.1122989556
song,emotion_love,emotion_surprise,20981,0.09068555405
song,emotion_love,emotion_neutral,20981,-0.696802069
song,emotion_love,sentiment_negative,20981,-0.3821316085
song,emotion_love,sentiment_neutral,20981,-0.02769486934
song,emotion_love,sentiment_positive,20981,0.3872057868
song,emotion_nervousness,emotion_optimism,20981,0.2063682325
song,emotion_nervousness,emotion_pride,20981,0.05841605685
song,emotion_nervousness,emotion_realization,20981,0.5975103506
song,emotion_nervousness,emotion_relief,20981,0.5313634709
song,emotion_nervousness,emotion_remorse,20981,0.7641981139
song,emotion_nervousness,emotion_sadness,20981,0.835487312
song,emotion_nervousness,emotion_surprise,20981,0.5128267952
song,emotion_nervousness,emotion_neutral,20981,-0.436209412
song,emotion_nervousness,sentiment_negative,20981,0.2614232265
song,emotion_nervousness,sentiment_neutral,20981,-0.08457557607
song,emotion_nervousness,sentiment_positive,20981,-0.2340895501
song,emotion_optimism,emotion_pride,20981,0.2483718237
song,emotion_optimism,emotion_realization,20981,-0.02673778733
song,emotion_optimism,emotion_relief,20981,0.3210942974
song,emotion_optimism,emotion_remorse,20981,0.3449687432
song,emotion_optimism,emotion_sadness,20981,0.06032428908
song,emotion_optimism,emotion_surprise,20981,-0.09351391936
song,emotion_optimism,emotion_neutral,20981,-0.4098091509
song,emotion_optimism,sentiment_negative,20981,-0.2542400088
song,emotion_optimism,sentiment_neutral,20981,0.01476285145
song,emotion_optimism,sentiment_positive,20981,0.2559401621
song,emotion_pride,emotion_realization,20981,0.1618408824
song,emotion_pride,emotion_relief,20981,0.7103440166
song,emotion_pride,emotion_remorse,20981,0.008266956771
song,emotion_pride,emotion_sadness,20981,-0.06476566724
song,emotion_pride,emotion_surprise,20981,0.04957707152
song,emotion_pride,emotion_neutral,20981,-0.3468784325
song,emotion_pride,sentiment_negative,20981,-0.3102263892
song,emotion_pride,sentiment_neutral,20981,-0.1818155593
song,emotion_pride,sentiment_positive,20981,0.4117170331
song,emotion_realization,emotion_relief,20981,0.4999836124
song,emotion_realization,emotion_remorse,20981,0.3729135933
song,emotion_realization,emotion_sadness,20981,0.5262655589
song,emotion_realization,emotion_surprise,20981,0.4325714251
song,emotion_realization,emotion_neutral,20981,-0.05043050607
song,emotion_realization,sentiment_negative,20981,0.3212490568
song,emotion_realization,sentiment_neutral,20981,-0.0543850342
song,emotion_realization,sentiment_positive,20981,-0.2873138958
song,emotion_relief,emotion_remorse,20981,0.4008043035
song,emotion_relief,emotion_sadness,20981,0.379833835
song,emotion_relief,emotion_surprise,20981,0.1498466272
song,emotion_relief,emotion_neutral,20981,-0.3447907265
song,emotion_relief,sentiment_negative,20981,-0.09152145565
song,emotion_relief,sentiment_neutral,20981,-0.1512561952
song,emotion_relief,sentiment_positive,20981,0.1703057116
song,emotion_remorse,emotion_sadness,20981,0.8660731911
song,emotion_remorse,emotion_surprise,20981,0.1980564119
song,emotion_remorse,emotion_neutral,20981,-0.5822844921
song,emotion_remorse,sentiment_negative,20981,0.1779790174
song,emotion_remorse,sentiment_neutral,20981,-0.05746075435
song,emotion_remorse,sentiment_positive,20981,-0.1753319528
song,emotion_sadness,emotion_surprise,20981,0.2534644755
song,emotion_sadness,emotion_neutral,20981,-0.3657109521
song,emotion_sadness,sentiment_negative,20981,0.3451469531
song,emotion_sadness,sentiment_neutral,20981,-0.0757691095
song,emotion_sadness,sentiment_positive,20981,-0.3305743483
song,emotion_surprise,emotion_neutral,20981,-0.3006275132
song,emotion_surprise,sentiment_negative,20981,0.0969494171
song,emotion_surprise,sentiment_neutral,20981,-0.08909354046
song,emotion_surprise,sentiment_positive,20981,-0.05338343037
song,emotion_neutral,sentiment_negative,20981,0.1046089261
song,emotion_neutral,sentiment_neutral,20981,0.1981241032
song,emotion_neutral,sentiment_positive,20981,-0.1587886004
song,sentiment_negative,sentiment_neutral,20981,-0.2608125226
song,sentiment_negative,sentiment_positive,20981,-0.8784035409
song,sentiment_neutral,sentiment_positive,20981,-0.1506258995
