year,weighting,variable,months_observed,partial_year,observation_count,unique_songs,non_missing_n,missing_n,mean,median
1958,observation,ll_sexual_content,5,True,500,265,337,163,0.4054855155,0.1767151952
1958,observation,ll_violence,5,True,500,265,337,163,0.07783262085,0.00520973606
1958,observation,ll_explicit_language,5,True,500,265,337,163,0.09519682351,0.004822189454
1958,observation,ll_substance_use,5,True,500,265,337,163,0.05623506784,0.003751769196
1958,observation,sentiment_positive,5,True,500,265,337,163,0.3421395696,0.3398867548
1958,observation,sentiment_negative,5,True,500,265,337,163,0.2440990985,0.2311411351
1958,observation,emotion_joy,5,True,500,265,337,163,0.06194945702,0.01411632635
1958,observation,emotion_sadness,5,True,500,265,337,163,0.1185667534,0.006365195848
1958,observation,emotion_anger,5,True,500,265,337,163,0.009625116283,0.004139316734
1958,song_within_year,ll_sexual_content,5,True,500,265,167,98,0.4098714812,0.2017226666
1958,song_within_year,ll_violence,5,True,500,265,167,98,0.09627632913,0.005317683332
1958,song_within_year,ll_explicit_language,5,True,500,265,167,98,0.09120661099,0.004741444718
1958,song_within_year,ll_substance_use,5,True,500,265,167,98,0.07181123383,0.003751769196
1958,song_within_year,sentiment_positive,5,True,500,265,167,98,0.3470690994,0.3408216238
1958,song_within_year,sentiment_negative,5,True,500,265,167,98,0.24017312,0.2256892622
1958,song_within_year,emotion_joy,5,True,500,265,167,98,0.0528165204,0.01388778258
1958,song_within_year,emotion_sadness,5,True,500,265,167,98,0.1172248775,0.006529718172
1958,song_within_year,emotion_anger,5,True,500,265,167,98,0.008108668264,0.004186114296
1959,observation,ll_sexual_content,12,False,1200,564,774,426,0.4258136118,0.1767151952
1959,observation,ll_violence,12,False,1200,564,774,426,0.1182024597,0.005481725559
1959,observation,ll_explicit_language,12,False,1200,564,774,426,0.07332856141,0.004812444095
1959,observation,ll_substance_use,12,False,1200,564,774,426,0.08835722698,0.004079840612
1959,observation,sentiment_positive,12,False,1200,564,774,426,0.3437920233,0.3317307383
1959,observation,sentiment_negative,12,False,1200,564,774,426,0.2464315513,0.2309733778
1959,observation,emotion_joy,12,False,1200,564,774,426,0.0457300433,0.0127740656
1959,observation,emotion_sadness,12,False,1200,564,774,426,0.1049303934,0.00773877278
1959,observation,emotion_anger,12,False,1200,564,774,426,0.007848769223,0.003837239696
1959,song_within_year,ll_sexual_content,12,False,1200,564,341,223,0.4286646061,0.1777561754
1959,song_within_year,ll_violence,12,False,1200,564,341,223,0.1142328906,0.005499959923
1959,song_within_year,ll_explicit_language,12,False,1200,564,341,223,0.06907695874,0.004594164435
1959,song_within_year,ll_substance_use,12,False,1200,564,341,223,0.08787534765,0.003976160195
1959,song_within_year,sentiment_positive,12,False,1200,564,341,223,0.3448015561,0.3325121403
1959,song_within_year,sentiment_negative,12,False,1200,564,341,223,0.246255537,0.2309733778
1959,song_within_year,emotion_joy,12,False,1200,564,341,223,0.04548906153,0.01325774658
1959,song_within_year,emotion_sadness,12,False,1200,564,341,223,0.102443826,0.007946740836
1959,song_within_year,emotion_anger,12,False,1200,564,341,223,0.007838661962,0.003904088633
1960,observation,ll_sexual_content,12,False,1200,586,829,371,0.4042130576,0.1602010131
1960,observation,ll_violence,12,False,1200,586,829,371,0.1155713748,0.006079538725
1960,observation,ll_explicit_language,12,False,1200,586,829,371,0.05867106869,0.005206899717
1960,observation,ll_substance_use,12,False,1200,586,829,371,0.07214533924,0.003791720606
1960,observation,sentiment_positive,12,False,1200,586,829,371,0.3255509014,0.3239427507
1960,observation,sentiment_negative,12,False,1200,586,829,371,0.2618461869,0.2415775955
1960,observation,emotion_joy,12,False,1200,586,829,371,0.0419512621,0.01178905368
1960,observation,emotion_sadness,12,False,1200,586,829,371,0.1266778608,0.008847338147
1960,observation,emotion_anger,12,False,1200,586,829,371,0.00945225103,0.004311505705
1960,song_within_year,ll_sexual_content,12,False,1200,586,383,203,0.3962584569,0.1573415846
1960,song_within_year,ll_violence,12,False,1200,586,383,203,0.1118355103,0.006110690534
1960,song_within_year,ll_explicit_language,12,False,1200,586,383,203,0.06137094926,0.005423063878
1960,song_within_year,ll_substance_use,12,False,1200,586,383,203,0.07110510548,0.00374604878
1960,song_within_year,sentiment_positive,12,False,1200,586,383,203,0.3283090469,0.3248855174
1960,song_within_year,sentiment_negative,12,False,1200,586,383,203,0.2605624619,0.2414908111
1960,song_within_year,emotion_joy,12,False,1200,586,383,203,0.04594157088,0.01265563909
1960,song_within_year,emotion_sadness,12,False,1200,586,383,203,0.1262174284,0.008847338147
1960,song_within_year,emotion_anger,12,False,1200,586,383,203,0.009290235448,0.004352412652
1961,observation,ll_sexual_content,12,False,1200,642,813,387,0.3730543264,0.1144961864
1961,observation,ll_violence,12,False,1200,642,813,387,0.0818249425,0.005740182009
1961,observation,ll_explicit_language,12,False,1200,642,813,387,0.06871378712,0.004816488363
1961,observation,ll_substance_use,12,False,1200,642,813,387,0.04677704198,0.002907209098
1961,observation,sentiment_positive,12,False,1200,642,813,387,0.3261410526,0.3228592575
1961,observation,sentiment_negative,12,False,1200,642,813,387,0.258277878,0.2407252043
1961,observation,emotion_joy,12,False,1200,642,813,387,0.04549966312,0.01237324532
1961,observation,emotion_sadness,12,False,1200,642,813,387,0.1411293575,0.01647779346
1961,observation,emotion_anger,12,False,1200,642,813,387,0.01223315647,0.004852268379
1961,song_within_year,ll_sexual_content,12,False,1200,642,415,227,0.3839160398,0.1187150776
1961,song_within_year,ll_violence,12,False,1200,642,415,227,0.09101342749,0.0059239408
1961,song_within_year,ll_explicit_language,12,False,1200,642,415,227,0.07582297294,0.005179009866
1961,song_within_year,ll_substance_use,12,False,1200,642,415,227,0.0491420857,0.002974376315
1961,song_within_year,sentiment_positive,12,False,1200,642,415,227,0.3304524754,0.3293800056
1961,song_within_year,sentiment_negative,12,False,1200,642,415,227,0.2531671238,0.2362157702
1961,song_within_year,emotion_joy,12,False,1200,642,415,227,0.05100430068,0.01291315258
1961,song_within_year,emotion_sadness,12,False,1200,642,415,227,0.1303434601,0.01270141546
1961,song_within_year,emotion_anger,12,False,1200,642,415,227,0.01147335774,0.004655383993
1962,observation,ll_sexual_content,12,False,1200,627,832,368,0.4066952978,0.1944964901
1962,observation,ll_violence,12,False,1200,627,832,368,0.1080770535,0.006298775785
1962,observation,ll_explicit_language,12,False,1200,627,832,368,0.08476567467,0.005765251815
1962,observation,ll_substance_use,12,False,1200,627,832,368,0.05732523217,0.003368246602
1962,observation,sentiment_positive,12,False,1200,627,832,368,0.320506553,0.3197448105
1962,observation,sentiment_negative,12,False,1200,627,832,368,0.2610758072,0.2460056096
1962,observation,emotion_joy,12,False,1200,627,832,368,0.05441045224,0.0108552305
1962,observation,emotion_sadness,12,False,1200,627,832,368,0.1229760495,0.01041880669
1962,observation,emotion_anger,12,False,1200,627,832,368,0.01417131978,0.004778445
1962,song_within_year,ll_sexual_content,12,False,1200,627,416,211,0.4035620908,0.1848506182
1962,song_within_year,ll_violence,12,False,1200,627,416,211,0.1067881464,0.006455348805
1962,song_within_year,ll_explicit_language,12,False,1200,627,416,211,0.08400325213,0.005653230241
1962,song_within_year,ll_substance_use,12,False,1200,627,416,211,0.0576877475,0.003255177638
1962,song_within_year,sentiment_positive,12,False,1200,627,416,211,0.3199992848,0.3189644516
1962,song_within_year,sentiment_negative,12,False,1200,627,416,211,0.2632961233,0.2475705147
1962,song_within_year,emotion_joy,12,False,1200,627,416,211,0.05519618308,0.0116601917
1962,song_within_year,emotion_sadness,12,False,1200,627,416,211,0.1210135507,0.01071219565
1962,song_within_year,emotion_anger,12,False,1200,627,416,211,0.01555064461,0.004794282373
1963,observation,ll_sexual_content,12,False,1200,646,844,356,0.4168961786,0.1666168422
1963,observation,ll_violence,12,False,1200,646,844,356,0.07643713294,0.005489485571
1963,observation,ll_explicit_language,12,False,1200,646,844,356,0.09098745301,0.005714733154
1963,observation,ll_substance_use,12,False,1200,646,844,356,0.06617823748,0.003323783632
1963,observation,sentiment_positive,12,False,1200,646,846,354,0.3190315485,0.3170861155
1963,observation,sentiment_negative,12,False,1200,646,846,354,0.2584336213,0.2482272834
1963,observation,emotion_joy,12,False,1200,646,846,354,0.03839216589,0.01027286565
1963,observation,emotion_sadness,12,False,1200,646,846,354,0.1310445028,0.01397504518
1963,observation,emotion_anger,12,False,1200,646,846,354,0.01362780118,0.004682293627
1963,song_within_year,ll_sexual_content,12,False,1200,646,436,210,0.414042645,0.1666168422
1963,song_within_year,ll_violence,12,False,1200,646,436,210,0.08140700241,0.005772565957
1963,song_within_year,ll_explicit_language,12,False,1200,646,436,210,0.08453177851,0.005721214693
1963,song_within_year,ll_substance_use,12,False,1200,646,436,210,0.06403463458,0.003243302228
1963,song_within_year,sentiment_positive,12,False,1200,646,437,209,0.3184195032,0.3162903786
1963,song_within_year,sentiment_negative,12,False,1200,646,437,209,0.2586628431,0.2484472692
1963,song_within_year,emotion_joy,12,False,1200,646,437,209,0.03964630476,0.01012171805
1963,song_within_year,emotion_sadness,12,False,1200,646,437,209,0.1342081364,0.01638416387
1963,song_within_year,emotion_anger,12,False,1200,646,437,209,0.01353846207,0.004673552699
1964,observation,ll_sexual_content,12,False,1200,678,931,269,0.4112313124,0.1613964885
1964,observation,ll_violence,12,False,1200,678,931,269,0.07086296412,0.005374059081
1964,observation,ll_explicit_language,12,False,1200,678,931,269,0.08332045306,0.005551364273
1964,observation,ll_substance_use,12,False,1200,678,931,269,0.07128213194,0.002848805394
1964,observation,sentiment_positive,12,False,1200,678,931,269,0.3198152554,0.3192652166
1964,observation,sentiment_negative,12,False,1200,678,931,269,0.2534551027,0.2391869426
1964,observation,emotion_joy,12,False,1200,678,931,269,0.04256328455,0.0105170114
1964,observation,emotion_sadness,12,False,1200,678,931,269,0.1345747823,0.01418047026
1964,observation,emotion_anger,12,False,1200,678,931,269,0.01338032994,0.004908428062
1964,song_within_year,ll_sexual_content,12,False,1200,678,497,181,0.4141434451,0.1800801456
1964,song_within_year,ll_violence,12,False,1200,678,497,181,0.07236226873,0.005412713625
1964,song_within_year,ll_explicit_language,12,False,1200,678,497,181,0.09218389557,0.005610329099
1964,song_within_year,ll_substance_use,12,False,1200,678,497,181,0.07301647861,0.003024296137
1964,song_within_year,sentiment_positive,12,False,1200,678,497,181,0.3185856048,0.3175725639
1964,song_within_year,sentiment_negative,12,False,1200,678,497,181,0.2549741285,0.2408011556
1964,song_within_year,emotion_joy,12,False,1200,678,497,181,0.03824144812,0.01020732429
1964,song_within_year,emotion_sadness,12,False,1200,678,497,181,0.1350802102,0.0148266675
1964,song_within_year,emotion_anger,12,False,1200,678,497,181,0.0144305508,0.004912929609
1965,observation,ll_sexual_content,12,False,1200,680,867,333,0.3921433581,0.12646465
1965,observation,ll_violence,12,False,1200,680,867,333,0.1179953272,0.005891618785
1965,observation,ll_explicit_language,12,False,1200,680,867,333,0.06687917001,0.005691846367
1965,observation,ll_substance_use,12,False,1200,680,867,333,0.06071721648,0.003181344597
1965,observation,sentiment_positive,12,False,1200,680,867,333,0.314915758,0.3179803789
1965,observation,sentiment_negative,12,False,1200,680,867,333,0.261360661,0.2413670272
1965,observation,emotion_joy,12,False,1200,680,867,333,0.04492827528,0.01044903975
1965,observation,emotion_sadness,12,False,1200,680,867,333,0.126947501,0.01401091088
1965,observation,emotion_anger,12,False,1200,680,867,333,0.01245095672,0.004519972485
1965,song_within_year,ll_sexual_content,12,False,1200,680,477,203,0.3956903759,0.1356706172
1965,song_within_year,ll_violence,12,False,1200,680,477,203,0.1180148024,0.005698821042
1965,song_within_year,ll_explicit_language,12,False,1200,680,477,203,0.06980730422,0.005749071483
1965,song_within_year,ll_substance_use,12,False,1200,680,477,203,0.05616561881,0.003177031875
1965,song_within_year,sentiment_positive,12,False,1200,680,477,203,0.3151924651,0.316259563
1965,song_within_year,sentiment_negative,12,False,1200,680,477,203,0.2606700975,0.2434915304
1965,song_within_year,emotion_joy,12,False,1200,680,477,203,0.04561554568,0.009989444166
1965,song_within_year,emotion_sadness,12,False,1200,680,477,203,0.1291022576,0.0148266675
1965,song_within_year,emotion_anger,12,False,1200,680,477,203,0.01244827922,0.004610241391
1966,observation,ll_sexual_content,12,False,1200,698,899,301,0.427566817,0.1855308115
1966,observation,ll_violence,12,False,1200,698,899,301,0.1143674907,0.006264868658
1966,observation,ll_explicit_language,12,False,1200,698,899,301,0.08706942177,0.00654277578
1966,observation,ll_substance_use,12,False,1200,698,899,301,0.08898596812,0.003821468912
1966,observation,sentiment_positive,12,False,1200,698,899,301,0.3207068243,0.3146390021
1966,observation,sentiment_negative,12,False,1200,698,899,301,0.2605493708,0.2477678657
1966,observation,emotion_joy,12,False,1200,698,899,301,0.05072574295,0.009058730677
1966,observation,emotion_sadness,12,False,1200,698,899,301,0.1298559278,0.01634682901
1966,observation,emotion_anger,12,False,1200,698,899,301,0.0113416884,0.00459540775
1966,song_within_year,ll_sexual_content,12,False,1200,698,506,192,0.4181915106,0.1743080467
1966,song_within_year,ll_violence,12,False,1200,698,506,192,0.1197368445,0.006244177464
1966,song_within_year,ll_explicit_language,12,False,1200,698,506,192,0.08921430778,0.006025474984
1966,song_within_year,ll_substance_use,12,False,1200,698,506,192,0.07978990876,0.003744034795
1966,song_within_year,sentiment_positive,12,False,1200,698,506,192,0.3141380704,0.3090833724
1966,song_within_year,sentiment_negative,12,False,1200,698,506,192,0.2654865027,0.251779452
1966,song_within_year,emotion_joy,12,False,1200,698,506,192,0.04923223198,0.008851748426
1966,song_within_year,emotion_sadness,12,False,1200,698,506,192,0.1328710915,0.01687946171
1966,song_within_year,emotion_anger,12,False,1200,698,506,192,0.0121576958,0.004701429978
1967,observation,ll_sexual_content,12,False,1200,701,920,280,0.3671409946,0.07660157979
1967,observation,ll_violence,12,False,1200,701,920,280,0.103363037,0.005700044567
1967,observation,ll_explicit_language,12,False,1200,701,920,280,0.08235095162,0.006471238565
1967,observation,ll_substance_use,12,False,1200,701,920,280,0.090522633,0.004338175291
1967,observation,sentiment_positive,12,False,1200,701,920,280,0.3163887964,0.312191993
1967,observation,sentiment_negative,12,False,1200,701,920,280,0.2634886438,0.247405313
1967,observation,emotion_joy,12,False,1200,701,920,280,0.06020168094,0.01026362181
1967,observation,emotion_sadness,12,False,1200,701,920,280,0.1153587825,0.01555157453
1967,observation,emotion_anger,12,False,1200,701,920,280,0.01090378414,0.004539289046
1967,song_within_year,ll_sexual_content,12,False,1200,701,515,186,0.34875691,0.06148534641
1967,song_within_year,ll_violence,12,False,1200,701,515,186,0.1223475883,0.005955298897
1967,song_within_year,ll_explicit_language,12,False,1200,701,515,186,0.08357601029,0.006117471028
1967,song_within_year,ll_substance_use,12,False,1200,701,515,186,0.08697260773,0.004344939254
1967,song_within_year,sentiment_positive,12,False,1200,701,515,186,0.31396408,0.3090479374
1967,song_within_year,sentiment_negative,12,False,1200,701,515,186,0.2679658793,0.2513867319
1967,song_within_year,emotion_joy,12,False,1200,701,515,186,0.05373218119,0.009654839523
1967,song_within_year,emotion_sadness,12,False,1200,701,515,186,0.1243572063,0.01714776084
1967,song_within_year,emotion_anger,12,False,1200,701,515,186,0.01117376584,0.004660159349
1968,observation,ll_sexual_content,12,False,1200,679,883,317,0.395305596,0.1465811133
1968,observation,ll_violence,12,False,1200,679,883,317,0.1385383146,0.005734527018
1968,observation,ll_explicit_language,12,False,1200,679,883,317,0.08104372001,0.007330515888
1968,observation,ll_substance_use,12,False,1200,679,883,317,0.1038052945,0.003764222842
1968,observation,sentiment_positive,12,False,1200,679,883,317,0.3280548812,0.3183087707
1968,observation,sentiment_negative,12,False,1200,679,883,317,0.2482196414,0.2420419008
1968,observation,emotion_joy,12,False,1200,679,883,317,0.04373343174,0.01036824472
1968,observation,emotion_sadness,12,False,1200,679,883,317,0.1019803505,0.01246717758
1968,observation,emotion_anger,12,False,1200,679,883,317,0.01237361265,0.004112867843
1968,song_within_year,ll_sexual_content,12,False,1200,679,484,195,0.3906213572,0.1425827742
1968,song_within_year,ll_violence,12,False,1200,679,484,195,0.1355458025,0.006032809848
1968,song_within_year,ll_explicit_language,12,False,1200,679,484,195,0.08197650834,0.007360954769
1968,song_within_year,ll_substance_use,12,False,1200,679,484,195,0.1016187838,0.003767184564
1968,song_within_year,sentiment_positive,12,False,1200,679,484,195,0.3252333981,0.3171702623
1968,song_within_year,sentiment_negative,12,False,1200,679,484,195,0.2519083413,0.2443365678
1968,song_within_year,emotion_joy,12,False,1200,679,484,195,0.04260942397,0.009895308875
1968,song_within_year,emotion_sadness,12,False,1200,679,484,195,0.107957071,0.01239984754
1968,song_within_year,emotion_anger,12,False,1200,679,484,195,0.01184274831,0.004221258452
1969,observation,ll_sexual_content,12,False,1200,664,848,352,0.3800428536,0.07850752026
1969,observation,ll_violence,12,False,1200,664,848,352,0.1327017389,0.006137833931
1969,observation,ll_explicit_language,12,False,1200,664,848,352,0.1230197847,0.009303942323
1969,observation,ll_substance_use,12,False,1200,664,848,352,0.08820081711,0.003952717874
1969,observation,sentiment_positive,12,False,1200,664,848,352,0.3266742684,0.3204607069
1969,observation,sentiment_negative,12,False,1200,664,848,352,0.2537182583,0.2418612093
1969,observation,emotion_joy,12,False,1200,664,848,352,0.04911240897,0.01000076905
1969,observation,emotion_sadness,12,False,1200,664,848,352,0.1004937684,0.0119312536
1969,observation,emotion_anger,12,False,1200,664,848,352,0.01209679414,0.004600403132
1969,song_within_year,ll_sexual_content,12,False,1200,664,460,204,0.3736999401,0.07211000472
1969,song_within_year,ll_violence,12,False,1200,664,460,204,0.1356229653,0.006204308476
1969,song_within_year,ll_explicit_language,12,False,1200,664,460,204,0.1180181406,0.008494579699
1969,song_within_year,ll_substance_use,12,False,1200,664,460,204,0.09609470913,0.004297123989
1969,song_within_year,sentiment_positive,12,False,1200,664,460,204,0.3248961744,0.3194702715
1969,song_within_year,sentiment_negative,12,False,1200,664,460,204,0.2554681172,0.243770279
1969,song_within_year,emotion_joy,12,False,1200,664,460,204,0.0539550003,0.009581722785
1969,song_within_year,emotion_sadness,12,False,1200,664,460,204,0.1041369337,0.0129847764
1969,song_within_year,emotion_anger,12,False,1200,664,460,204,0.01151244217,0.004600403132
1970,observation,ll_sexual_content,12,False,1200,623,874,326,0.3946534399,0.1011164263
1970,observation,ll_violence,12,False,1200,623,874,326,0.1396856112,0.006315148901
1970,observation,ll_explicit_language,12,False,1200,623,874,326,0.1068825717,0.007451392477
1970,observation,ll_substance_use,12,False,1200,623,874,326,0.1175445308,0.004883855348
1970,observation,sentiment_positive,12,False,1200,623,874,326,0.3188171213,0.3158513308
1970,observation,sentiment_negative,12,False,1200,623,874,326,0.257582004,0.2449298352
1970,observation,emotion_joy,12,False,1200,623,874,326,0.04877631584,0.009445311967
1970,observation,emotion_sadness,12,False,1200,623,874,326,0.104197127,0.008459713776
1970,observation,emotion_anger,12,False,1200,623,874,326,0.01160477403,0.004089395748
1970,song_within_year,ll_sexual_content,12,False,1200,623,436,187,0.3787115551,0.08259106427
1970,song_within_year,ll_violence,12,False,1200,623,436,187,0.1435868195,0.005973998923
1970,song_within_year,ll_explicit_language,12,False,1200,623,436,187,0.1169774323,0.008081849664
1970,song_within_year,ll_substance_use,12,False,1200,623,436,187,0.1135553559,0.004927364178
1970,song_within_year,sentiment_positive,12,False,1200,623,436,187,0.3174625736,0.3124725819
1970,song_within_year,sentiment_negative,12,False,1200,623,436,187,0.2594664466,0.2457784489
1970,song_within_year,emotion_joy,12,False,1200,623,436,187,0.05085895118,0.009445311967
1970,song_within_year,emotion_sadness,12,False,1200,623,436,187,0.1031112269,0.009478405584
1970,song_within_year,emotion_anger,12,False,1200,623,436,187,0.0124158427,0.004089395748
1971,observation,ll_sexual_content,12,False,1200,618,857,343,0.3137101822,0.02962747589
1971,observation,ll_violence,12,False,1200,618,857,343,0.2005406905,0.007109018508
1971,observation,ll_explicit_language,12,False,1200,618,857,343,0.1033225805,0.008567986079
1971,observation,ll_substance_use,12,False,1200,618,857,343,0.1422659781,0.005539221223
1971,observation,sentiment_positive,12,False,1200,618,857,343,0.3111703861,0.3044241071
1971,observation,sentiment_negative,12,False,1200,618,857,343,0.2691631428,0.2593684196
1971,observation,emotion_joy,12,False,1200,618,857,343,0.03840547688,0.009284819476
1971,observation,emotion_sadness,12,False,1200,618,857,343,0.1067509301,0.01165030431
1971,observation,emotion_anger,12,False,1200,618,857,343,0.01018116738,0.004465305246
1971,song_within_year,ll_sexual_content,12,False,1200,618,423,195,0.3255651182,0.0350516513
1971,song_within_year,ll_violence,12,False,1200,618,423,195,0.195528149,0.007127351593
1971,song_within_year,ll_explicit_language,12,False,1200,618,423,195,0.1119394938,0.008572418243
1971,song_within_year,ll_substance_use,12,False,1200,618,423,195,0.1229556844,0.005512044299
1971,song_within_year,sentiment_positive,12,False,1200,618,423,195,0.3122566781,0.3086061776
1971,song_within_year,sentiment_negative,12,False,1200,618,423,195,0.2672019991,0.2555702627
1971,song_within_year,emotion_joy,12,False,1200,618,423,195,0.03714487343,0.009284819476
1971,song_within_year,emotion_sadness,12,False,1200,618,423,195,0.1109235282,0.01251030713
1971,song_within_year,emotion_anger,12,False,1200,618,423,195,0.0103328215,0.004527267297
1972,observation,ll_sexual_content,12,False,1200,600,902,298,0.3342578125,0.05092284456
1972,observation,ll_violence,12,False,1200,600,902,298,0.135944413,0.005970639409
1972,observation,ll_explicit_language,12,False,1200,600,902,298,0.1366486748,0.00970162265
1972,observation,ll_substance_use,12,False,1200,600,902,298,0.1204465687,0.00445078779
1972,observation,sentiment_positive,12,False,1200,600,902,298,0.3108648389,0.3082898706
1972,observation,sentiment_negative,12,False,1200,600,902,298,0.2648223702,0.2542815208
1972,observation,emotion_joy,12,False,1200,600,902,298,0.0357377019,0.00727837882
1972,observation,emotion_sadness,12,False,1200,600,902,298,0.09992076482,0.01090201363
1972,observation,emotion_anger,12,False,1200,600,902,298,0.008984600085,0.004677802324
1972,song_within_year,ll_sexual_content,12,False,1200,600,428,172,0.3398303434,0.05362766236
1972,song_within_year,ll_violence,12,False,1200,600,428,172,0.1420911291,0.006102812244
1972,song_within_year,ll_explicit_language,12,False,1200,600,428,172,0.1345482861,0.009462012909
1972,song_within_year,ll_substance_use,12,False,1200,600,428,172,0.1161543821,0.004650825635
1972,song_within_year,sentiment_positive,12,False,1200,600,428,172,0.3101225524,0.3092951626
1972,song_within_year,sentiment_negative,12,False,1200,600,428,172,0.2653306391,0.2530423552
1972,song_within_year,emotion_joy,12,False,1200,600,428,172,0.03786515136,0.007692356594
1972,song_within_year,emotion_sadness,12,False,1200,600,428,172,0.100852602,0.01149180843
1972,song_within_year,emotion_anger,12,False,1200,600,428,172,0.009953561866,0.004698766628
1973,observation,ll_sexual_content,12,False,1200,559,916,284,0.3149102571,0.03594690748
1973,observation,ll_violence,12,False,1200,559,916,284,0.1562498572,0.006369582843
1973,observation,ll_explicit_language,12,False,1200,559,916,284,0.1744338297,0.01066451799
1973,observation,ll_substance_use,12,False,1200,559,916,284,0.1860952761,0.005593557376
1973,observation,sentiment_positive,12,False,1200,559,916,284,0.3117940748,0.3086691797
1973,observation,sentiment_negative,12,False,1200,559,916,284,0.2658557113,0.2555762529
1973,observation,emotion_joy,12,False,1200,559,916,284,0.03775237306,0.008920481429
1973,observation,emotion_sadness,12,False,1200,559,916,284,0.08224938262,0.01264715195
1973,observation,emotion_anger,12,False,1200,559,916,284,0.01259681063,0.004410203081
1973,song_within_year,ll_sexual_content,12,False,1200,559,419,140,0.331439646,0.04706706479
1973,song_within_year,ll_violence,12,False,1200,559,419,140,0.1530103952,0.006595045794
1973,song_within_year,ll_explicit_language,12,False,1200,559,419,140,0.164521983,0.009276379831
1973,song_within_year,ll_substance_use,12,False,1200,559,419,140,0.1943857401,0.005766396876
1973,song_within_year,sentiment_positive,12,False,1200,559,419,140,0.3094570592,0.3042542636
1973,song_within_year,sentiment_negative,12,False,1200,559,419,140,0.2671485453,0.2568287253
1973,song_within_year,emotion_joy,12,False,1200,559,419,140,0.03744588774,0.008920481429
1973,song_within_year,emotion_sadness,12,False,1200,559,419,140,0.08643784826,0.01252756547
1973,song_within_year,emotion_anger,12,False,1200,559,419,140,0.01292654027,0.004402026534
1974,observation,ll_sexual_content,12,False,1200,550,935,265,0.4273393622,0.2065376788
1974,observation,ll_violence,12,False,1200,550,935,265,0.1216796161,0.005929141305
1974,observation,ll_explicit_language,12,False,1200,550,935,265,0.175761862,0.01092066802
1974,observation,ll_substance_use,12,False,1200,550,935,265,0.1569505298,0.005462677684
1974,observation,sentiment_positive,12,False,1200,550,935,265,0.3249891963,0.3198524714
1974,observation,sentiment_negative,12,False,1200,550,935,265,0.2499570445,0.2473661155
1974,observation,emotion_joy,12,False,1200,550,935,265,0.04009993052,0.01077974122
1974,observation,emotion_sadness,12,False,1200,550,935,265,0.06086820183,0.008865847252
1974,observation,emotion_anger,12,False,1200,550,935,265,0.01226780279,0.004174914677
1974,song_within_year,ll_sexual_content,12,False,1200,550,424,126,0.4133688232,0.1635815874
1974,song_within_year,ll_violence,12,False,1200,550,424,126,0.1284543894,0.006013776409
1974,song_within_year,ll_explicit_language,12,False,1200,550,424,126,0.1747535884,0.01144011691
1974,song_within_year,ll_substance_use,12,False,1200,550,424,126,0.1671895902,0.005794093246
1974,song_within_year,sentiment_positive,12,False,1200,550,424,126,0.3185001161,0.3147076815
1974,song_within_year,sentiment_negative,12,False,1200,550,424,126,0.2571915398,0.2528941333
1974,song_within_year,emotion_joy,12,False,1200,550,424,126,0.03539941037,0.009587019682
1974,song_within_year,emotion_sadness,12,False,1200,550,424,126,0.06634542937,0.009299283847
1974,song_within_year,emotion_anger,12,False,1200,550,424,126,0.01245203657,0.004330432275
1975,observation,ll_sexual_content,12,False,1200,589,842,358,0.4316355113,0.2183530852
1975,observation,ll_violence,12,False,1200,589,842,358,0.1379109167,0.006325924071
1975,observation,ll_explicit_language,12,False,1200,589,842,358,0.1458837766,0.008603556547
1975,observation,ll_substance_use,12,False,1200,589,842,358,0.1566902846,0.005926022539
1975,observation,sentiment_positive,12,False,1200,589,842,358,0.3252898568,0.3183202744
1975,observation,sentiment_negative,12,False,1200,589,842,358,0.2519407992,0.2469550967
1975,observation,emotion_joy,12,False,1200,589,842,358,0.05487383683,0.01097047469
1975,observation,emotion_sadness,12,False,1200,589,842,358,0.0964031387,0.009048642591
1975,observation,emotion_anger,12,False,1200,589,842,358,0.009550342679,0.003881555283
1975,song_within_year,ll_sexual_content,12,False,1200,589,396,193,0.4226235514,0.1999999583
1975,song_within_year,ll_violence,12,False,1200,589,396,193,0.1207940651,0.005986673292
1975,song_within_year,ll_explicit_language,12,False,1200,589,396,193,0.1453729955,0.008591431659
1975,song_within_year,ll_substance_use,12,False,1200,589,396,193,0.1473529592,0.005896036047
1975,song_within_year,sentiment_positive,12,False,1200,589,396,193,0.3272673456,0.319682762
1975,song_within_year,sentiment_negative,12,False,1200,589,396,193,0.2495594984,0.2456120849
1975,song_within_year,emotion_joy,12,False,1200,589,396,193,0.05202275349,0.01161802467
1975,song_within_year,emotion_sadness,12,False,1200,589,396,193,0.09226177499,0.009481442627
1975,song_within_year,emotion_anger,12,False,1200,589,396,193,0.009353414894,0.003887909581
1976,observation,ll_sexual_content,12,False,1199,556,883,316,0.4792945787,0.3916450739
1976,observation,ll_violence,12,False,1199,556,883,316,0.09023648698,0.004738927819
1976,observation,ll_explicit_language,12,False,1199,556,883,316,0.1362431566,0.009298228659
1976,observation,ll_substance_use,12,False,1199,556,883,316,0.1193811544,0.005438666325
1976,observation,sentiment_positive,12,False,1199,556,883,316,0.3304984002,0.3249372244
1976,observation,sentiment_negative,12,False,1199,556,883,316,0.2445840587,0.2347792983
1976,observation,emotion_joy,12,False,1199,556,883,316,0.04338332846,0.01341669913
1976,observation,emotion_sadness,12,False,1199,556,883,316,0.08536934952,0.007608436048
1976,observation,emotion_anger,12,False,1199,556,883,316,0.01019232226,0.003571274457
1976,song_within_year,ll_sexual_content,12,False,1199,556,389,167,0.4570990485,0.3076038063
1976,song_within_year,ll_violence,12,False,1199,556,389,167,0.09733870053,0.004878921434
1976,song_within_year,ll_explicit_language,12,False,1199,556,389,167,0.132040478,0.009626485407
1976,song_within_year,ll_substance_use,12,False,1199,556,389,167,0.1291311761,0.005681581795
1976,song_within_year,sentiment_positive,12,False,1199,556,389,167,0.3271867499,0.3218123913
1976,song_within_year,sentiment_negative,12,False,1199,556,389,167,0.2468030712,0.2377621606
1976,song_within_year,emotion_joy,12,False,1199,556,389,167,0.04521035353,0.01297120471
1976,song_within_year,emotion_sadness,12,False,1199,556,389,167,0.07900589397,0.007104994263
1976,song_within_year,emotion_anger,12,False,1199,556,389,167,0.01086185016,0.003571274457
1977,observation,ll_sexual_content,12,False,1198,515,951,247,0.4606510426,0.2592758834
1977,observation,ll_violence,12,False,1198,515,951,247,0.09620267447,0.005709934048
1977,observation,ll_explicit_language,12,False,1198,515,951,247,0.1152765609,0.007431368809
1977,observation,ll_substance_use,12,False,1198,515,951,247,0.1687717815,0.005764024332
1977,observation,sentiment_positive,12,False,1198,515,951,247,0.3268920481,0.3209555149
1977,observation,sentiment_negative,12,False,1198,515,951,247,0.2457327506,0.24635759
1977,observation,emotion_joy,12,False,1198,515,951,247,0.04273773617,0.01345914882
1977,observation,emotion_sadness,12,False,1198,515,951,247,0.08007078294,0.007930243388
1977,observation,emotion_anger,12,False,1198,515,951,247,0.009367710932,0.003900357988
1977,song_within_year,ll_sexual_content,12,False,1198,515,379,136,0.4668670064,0.309564501
1977,song_within_year,ll_violence,12,False,1198,515,379,136,0.1032939262,0.005675741937
1977,song_within_year,ll_explicit_language,12,False,1198,515,379,136,0.1218897463,0.008251590654
1977,song_within_year,ll_substance_use,12,False,1198,515,379,136,0.1534704029,0.005764024332
1977,song_within_year,sentiment_positive,12,False,1198,515,379,136,0.3252420854,0.3198629618
1977,song_within_year,sentiment_negative,12,False,1198,515,379,136,0.2482571457,0.2473737001
1977,song_within_year,emotion_joy,12,False,1198,515,379,136,0.04221707739,0.01300880406
1977,song_within_year,emotion_sadness,12,False,1198,515,379,136,0.08443422234,0.007818137296
1977,song_within_year,emotion_anger,12,False,1198,515,379,136,0.008983948532,0.003793882672
1978,observation,ll_sexual_content,12,False,1200,506,977,223,0.4473402948,0.2538320422
1978,observation,ll_violence,12,False,1200,506,977,223,0.09029425025,0.005340879317
1978,observation,ll_explicit_language,12,False,1200,506,977,223,0.1016608584,0.007224797271
1978,observation,ll_substance_use,12,False,1200,506,977,223,0.1318102625,0.005349336658
1978,observation,sentiment_positive,12,False,1200,506,977,223,0.3236190938,0.321040526
1978,observation,sentiment_negative,12,False,1200,506,977,223,0.2500306181,0.2406231016
1978,observation,emotion_joy,12,False,1200,506,977,223,0.04836210307,0.01029323041
1978,observation,emotion_sadness,12,False,1200,506,977,223,0.08045462292,0.007765039336
1978,observation,emotion_anger,12,False,1200,506,977,223,0.01031822203,0.004060577136
1978,song_within_year,ll_sexual_content,12,False,1200,506,402,104,0.4344558662,0.2082864419
1978,song_within_year,ll_violence,12,False,1200,506,402,104,0.1046575845,0.005327784689
1978,song_within_year,ll_explicit_language,12,False,1200,506,402,104,0.1133027676,0.007992814295
1978,song_within_year,ll_substance_use,12,False,1200,506,402,104,0.1280894256,0.005462247413
1978,song_within_year,sentiment_positive,12,False,1200,506,402,104,0.3239069184,0.3211605921
1978,song_within_year,sentiment_negative,12,False,1200,506,402,104,0.2499472455,0.2422837391
1978,song_within_year,emotion_joy,12,False,1200,506,402,104,0.0528578623,0.01032966143
1978,song_within_year,emotion_sadness,12,False,1200,506,402,104,0.08168504874,0.007756503066
1978,song_within_year,emotion_anger,12,False,1200,506,402,104,0.01053943376,0.004065385787
1979,observation,ll_sexual_content,12,False,1200,530,1006,194,0.4677058344,0.2909803092
1979,observation,ll_violence,12,False,1200,530,1006,194,0.1178796406,0.005451919744
1979,observation,ll_explicit_language,12,False,1200,530,1006,194,0.1339154106,0.008915752172
1979,observation,ll_substance_use,12,False,1200,530,1006,194,0.1072653584,0.005321031436
1979,observation,sentiment_positive,12,False,1200,530,1006,194,0.3177234844,0.3139789104
1979,observation,sentiment_negative,12,False,1200,530,1006,194,0.2542431472,0.2422244251
1979,observation,emotion_joy,12,False,1200,530,1006,194,0.05097491017,0.01083919698
1979,observation,emotion_sadness,12,False,1200,530,1006,194,0.08998476553,0.007999898866
1979,observation,emotion_anger,12,False,1200,530,1006,194,0.01414949574,0.004663252561
1979,song_within_year,ll_sexual_content,12,False,1200,530,428,102,0.4719348431,0.3169294298
1979,song_within_year,ll_violence,12,False,1200,530,428,102,0.1183029028,0.005346468184
1979,song_within_year,ll_explicit_language,12,False,1200,530,428,102,0.1337161827,0.008937641513
1979,song_within_year,ll_substance_use,12,False,1200,530,428,102,0.1264219709,0.005407168297
1979,song_within_year,sentiment_positive,12,False,1200,530,428,102,0.3173232229,0.3137175983
1979,song_within_year,sentiment_negative,12,False,1200,530,428,102,0.2539370549,0.243152827
1979,song_within_year,emotion_joy,12,False,1200,530,428,102,0.05140530917,0.01139459565
1979,song_within_year,emotion_sadness,12,False,1200,530,428,102,0.09143812204,0.008277590347
1979,song_within_year,emotion_anger,12,False,1200,530,428,102,0.01540836112,0.004258448491
1980,observation,ll_sexual_content,12,False,1200,505,974,226,0.4477407761,0.2194627225
1980,observation,ll_violence,12,False,1200,505,974,226,0.1197351366,0.005702796858
1980,observation,ll_explicit_language,12,False,1200,505,974,226,0.1168584232,0.009164723568
1980,observation,ll_substance_use,12,False,1200,505,974,226,0.1265167806,0.0050155879
1980,observation,sentiment_positive,12,False,1200,505,974,226,0.3193435856,0.3192531168
1980,observation,sentiment_negative,12,False,1200,505,974,226,0.2541188816,0.2385456935
1980,observation,emotion_joy,12,False,1200,505,974,226,0.04137711696,0.01222688146
1980,observation,emotion_sadness,12,False,1200,505,974,226,0.07883086705,0.009154980537
1980,observation,emotion_anger,12,False,1200,505,974,226,0.01353651804,0.004032902885
1980,song_within_year,ll_sexual_content,12,False,1200,505,395,110,0.4473480351,0.2103924602
1980,song_within_year,ll_violence,12,False,1200,505,395,110,0.1189893977,0.006097388919
1980,song_within_year,ll_explicit_language,12,False,1200,505,395,110,0.1201245277,0.009200819768
1980,song_within_year,ll_substance_use,12,False,1200,505,395,110,0.1265388241,0.004908116069
1980,song_within_year,sentiment_positive,12,False,1200,505,395,110,0.3169680974,0.3124249279
1980,song_within_year,sentiment_negative,12,False,1200,505,395,110,0.2546115756,0.2473339885
1980,song_within_year,emotion_joy,12,False,1200,505,395,110,0.04179421533,0.01125762612
1980,song_within_year,emotion_sadness,12,False,1200,505,395,110,0.08396861123,0.01185096428
1980,song_within_year,emotion_anger,12,False,1200,505,395,110,0.01434493228,0.004634706303
1981,observation,ll_sexual_content,12,False,1200,475,990,210,0.4657929575,0.3424480557
1981,observation,ll_violence,12,False,1200,475,990,210,0.1296715352,0.00633476628
1981,observation,ll_explicit_language,12,False,1200,475,990,210,0.09811020531,0.006119077094
1981,observation,ll_substance_use,12,False,1200,475,990,210,0.1102236112,0.004763714969
1981,observation,sentiment_positive,12,False,1200,475,992,208,0.3070037747,0.3032845259
1981,observation,sentiment_negative,12,False,1200,475,992,208,0.2655714851,0.2558764368
1981,observation,emotion_joy,12,False,1200,475,992,208,0.02837610947,0.007959464565
1981,observation,emotion_sadness,12,False,1200,475,992,208,0.08575319813,0.01349710859
1981,observation,emotion_anger,12,False,1200,475,992,208,0.01116076815,0.004738030722
1981,song_within_year,ll_sexual_content,12,False,1200,475,374,101,0.4476124737,0.3077977896
1981,song_within_year,ll_violence,12,False,1200,475,374,101,0.1124183342,0.005969806341
1981,song_within_year,ll_explicit_language,12,False,1200,475,374,101,0.09715591496,0.006283927476
1981,song_within_year,ll_substance_use,12,False,1200,475,374,101,0.09729879101,0.004565837327
1981,song_within_year,sentiment_positive,12,False,1200,475,375,100,0.3074386825,0.3035770357
1981,song_within_year,sentiment_negative,12,False,1200,475,375,100,0.2638640091,0.2535928488
1981,song_within_year,emotion_joy,12,False,1200,475,375,100,0.03002944657,0.008213297464
1981,song_within_year,emotion_sadness,12,False,1200,475,375,100,0.08422540885,0.01444073208
1981,song_within_year,emotion_anger,12,False,1200,475,375,100,0.01198674861,0.004907228518
1982,observation,ll_sexual_content,12,False,1200,479,973,227,0.4437972956,0.2673159838
1982,observation,ll_violence,12,False,1200,479,973,227,0.1194327311,0.00551637169
1982,observation,ll_explicit_language,12,False,1200,479,973,227,0.1015324732,0.007658768911
1982,observation,ll_substance_use,12,False,1200,479,973,227,0.09432729881,0.004361179192
1982,observation,sentiment_positive,12,False,1200,479,973,227,0.3048290055,0.2985945046
1982,observation,sentiment_negative,12,False,1200,479,973,227,0.2629943263,0.2575523555
1982,observation,emotion_joy,12,False,1200,479,973,227,0.03637483541,0.008181880202
1982,observation,emotion_sadness,12,False,1200,479,973,227,0.0754703967,0.0155884549
1982,observation,emotion_anger,12,False,1200,479,973,227,0.01162676006,0.00460972311
1982,song_within_year,ll_sexual_content,12,False,1200,479,381,98,0.4396647617,0.2550584674
1982,song_within_year,ll_violence,12,False,1200,479,381,98,0.1208981865,0.005898646545
1982,song_within_year,ll_explicit_language,12,False,1200,479,381,98,0.1097234025,0.007616703864
1982,song_within_year,ll_substance_use,12,False,1200,479,381,98,0.09957265726,0.00451796921
1982,song_within_year,sentiment_positive,12,False,1200,479,381,98,0.306952432,0.3026609442
1982,song_within_year,sentiment_negative,12,False,1200,479,381,98,0.2612280111,0.2543129623
1982,song_within_year,emotion_joy,12,False,1200,479,381,98,0.03596220994,0.008101224899
1982,song_within_year,emotion_sadness,12,False,1200,479,381,98,0.07379453392,0.01397207845
1982,song_within_year,emotion_anger,12,False,1200,479,381,98,0.01071771003,0.00460972311
1983,observation,ll_sexual_content,12,False,1200,500,1001,199,0.394212694,0.09385164827
1983,observation,ll_violence,12,False,1200,500,1001,199,0.1929679505,0.009160343558
1983,observation,ll_explicit_language,12,False,1200,500,1001,199,0.1161949783,0.007620557211
1983,observation,ll_substance_use,12,False,1200,500,1001,199,0.0874707486,0.004720956553
1983,observation,sentiment_positive,12,False,1200,500,1001,199,0.2983934016,0.2934488654
1983,observation,sentiment_negative,12,False,1200,500,1001,199,0.277601131,0.2676382065
1983,observation,emotion_joy,12,False,1200,500,1001,199,0.02799712508,0.006388832815
1983,observation,emotion_sadness,12,False,1200,500,1001,199,0.08397803686,0.01298176404
1983,observation,emotion_anger,12,False,1200,500,1001,199,0.012940555,0.005089340732
1983,song_within_year,ll_sexual_content,12,False,1200,500,407,93,0.4077793515,0.1064783633
1983,song_within_year,ll_violence,12,False,1200,500,407,93,0.1893190735,0.009008646011
1983,song_within_year,ll_explicit_language,12,False,1200,500,407,93,0.1192213327,0.007740264758
1983,song_within_year,ll_substance_use,12,False,1200,500,407,93,0.09091671116,0.004644697532
1983,song_within_year,sentiment_positive,12,False,1200,500,407,93,0.2971987035,0.2934488654
1983,song_within_year,sentiment_negative,12,False,1200,500,407,93,0.2780050134,0.267320931
1983,song_within_year,emotion_joy,12,False,1200,500,407,93,0.02828787414,0.006763236132
1983,song_within_year,emotion_sadness,12,False,1200,500,407,93,0.07624096562,0.01096127182
1983,song_within_year,emotion_anger,12,False,1200,500,407,93,0.0136980553,0.004947314653
1984,observation,ll_sexual_content,12,False,1200,491,980,220,0.4673773694,0.3056039512
1984,observation,ll_violence,12,False,1200,491,980,220,0.1811253833,0.008713155054
1984,observation,ll_explicit_language,12,False,1200,491,980,220,0.10357151,0.007567171939
1984,observation,ll_substance_use,12,False,1200,491,980,220,0.07610787896,0.004672051407
1984,observation,sentiment_positive,12,False,1200,491,980,220,0.2989037428,0.3008737564
1984,observation,sentiment_negative,12,False,1200,491,980,220,0.2754156579,0.262464866
1984,observation,emotion_joy,12,False,1200,491,980,220,0.02402770362,0.006658585044
1984,observation,emotion_sadness,12,False,1200,491,980,220,0.07218707811,0.009678165428
1984,observation,emotion_anger,12,False,1200,491,980,220,0.01294266241,0.00514840195
1984,song_within_year,ll_sexual_content,12,False,1200,491,387,104,0.4547338587,0.2553578615
1984,song_within_year,ll_violence,12,False,1200,491,387,104,0.1881608782,0.00907567516
1984,song_within_year,ll_explicit_language,12,False,1200,491,387,104,0.1022736379,0.007265060674
1984,song_within_year,ll_substance_use,12,False,1200,491,387,104,0.09000614946,0.005168719217
1984,song_within_year,sentiment_positive,12,False,1200,491,387,104,0.3005511839,0.3008030653
1984,song_within_year,sentiment_negative,12,False,1200,491,387,104,0.2749417676,0.2618869245
1984,song_within_year,emotion_joy,12,False,1200,491,387,104,0.02609974555,0.006945163477
1984,song_within_year,emotion_sadness,12,False,1200,491,387,104,0.07250112516,0.01046594204
1984,song_within_year,emotion_anger,12,False,1200,491,387,104,0.01297208422,0.004769537598
1985,observation,ll_sexual_content,12,False,1200,463,1011,189,0.4586372659,0.2541932166
1985,observation,ll_violence,12,False,1200,463,1011,189,0.1896543981,0.009449861944
1985,observation,ll_explicit_language,12,False,1200,463,1011,189,0.1033766172,0.008417199366
1985,observation,ll_substance_use,12,False,1200,463,1011,189,0.105047668,0.004979006015
1985,observation,sentiment_positive,12,False,1200,463,1011,189,0.3021117557,0.3024005592
1985,observation,sentiment_negative,12,False,1200,463,1011,189,0.2753060519,0.2591551542
1985,observation,emotion_joy,12,False,1200,463,1011,189,0.03417650027,0.007339893375
1985,observation,emotion_sadness,12,False,1200,463,1011,189,0.07384053707,0.009489217773
1985,observation,emotion_anger,12,False,1200,463,1011,189,0.01375352548,0.004499981645
1985,song_within_year,ll_sexual_content,12,False,1200,463,381,82,0.4374188495,0.1613559127
1985,song_within_year,ll_violence,12,False,1200,463,381,82,0.2047897638,0.008971965872
1985,song_within_year,ll_explicit_language,12,False,1200,463,381,82,0.1019512309,0.008333169855
1985,song_within_year,ll_substance_use,12,False,1200,463,381,82,0.1053045242,0.00519807497
1985,song_within_year,sentiment_positive,12,False,1200,463,381,82,0.29977866,0.3024005592
1985,song_within_year,sentiment_negative,12,False,1200,463,381,82,0.277341093,0.2602752447
1985,song_within_year,emotion_joy,12,False,1200,463,381,82,0.03292362552,0.00677290326
1985,song_within_year,emotion_sadness,12,False,1200,463,381,82,0.07224466863,0.009489217773
1985,song_within_year,emotion_anger,12,False,1200,463,381,82,0.01286532657,0.004492830718
1986,observation,ll_sexual_content,12,False,1200,473,999,201,0.3742561132,0.08342093974
1986,observation,ll_violence,12,False,1200,473,999,201,0.1652227373,0.006874203216
1986,observation,ll_explicit_language,12,False,1200,473,999,201,0.08396032118,0.007621812169
1986,observation,ll_substance_use,12,False,1200,473,999,201,0.07611431726,0.004520994145
1986,observation,sentiment_positive,12,False,1200,473,999,201,0.2989253499,0.3044812679
1986,observation,sentiment_negative,12,False,1200,473,999,201,0.274001555,0.259449333
1986,observation,emotion_joy,12,False,1200,473,999,201,0.02459058812,0.006697690114
1986,observation,emotion_sadness,12,False,1200,473,999,201,0.07022886203,0.01156403404
1986,observation,emotion_anger,12,False,1200,473,999,201,0.0143455739,0.004724766593
1986,song_within_year,ll_sexual_content,12,False,1200,473,387,86,0.3747371332,0.07166880369
1986,song_within_year,ll_violence,12,False,1200,473,387,86,0.1771658789,0.00821979437
1986,song_within_year,ll_explicit_language,12,False,1200,473,387,86,0.09626227278,0.008208194748
1986,song_within_year,ll_substance_use,12,False,1200,473,387,86,0.07690896485,0.004811428022
1986,song_within_year,sentiment_positive,12,False,1200,473,387,86,0.2971315833,0.3017525673
1986,song_within_year,sentiment_negative,12,False,1200,473,387,86,0.275812047,0.2618561983
1986,song_within_year,emotion_joy,12,False,1200,473,387,86,0.02382160167,0.006008423865
1986,song_within_year,emotion_sadness,12,False,1200,473,387,86,0.0691896723,0.01050124317
1986,song_within_year,emotion_anger,12,False,1200,473,387,86,0.01482852517,0.004635716323
1987,observation,ll_sexual_content,12,False,1200,455,971,229,0.4773399881,0.3395439982
1987,observation,ll_violence,12,False,1200,455,971,229,0.1572874053,0.007637087256
1987,observation,ll_explicit_language,12,False,1200,455,971,229,0.1196773315,0.006811182015
1987,observation,ll_substance_use,12,False,1200,455,971,229,0.06719681759,0.004435742274
1987,observation,sentiment_positive,12,False,1200,455,971,229,0.3107534075,0.3069604337
1987,observation,sentiment_negative,12,False,1200,455,971,229,0.2614317282,0.2521237135
1987,observation,emotion_joy,12,False,1200,455,971,229,0.02808481088,0.007670017891
1987,observation,emotion_sadness,12,False,1200,455,971,229,0.07304273007,0.01180332247
1987,observation,emotion_anger,12,False,1200,455,971,229,0.01268486498,0.004571838663
1987,song_within_year,ll_sexual_content,12,False,1200,455,365,90,0.4750695074,0.3123319447
1987,song_within_year,ll_violence,12,False,1200,455,365,90,0.1765823196,0.008142162114
1987,song_within_year,ll_explicit_language,12,False,1200,455,365,90,0.138882836,0.007377748378
1987,song_within_year,ll_substance_use,12,False,1200,455,365,90,0.07611343268,0.004839793313
1987,song_within_year,sentiment_positive,12,False,1200,455,365,90,0.3099375229,0.3063883483
1987,song_within_year,sentiment_negative,12,False,1200,455,365,90,0.2630384581,0.2529821396
1987,song_within_year,emotion_joy,12,False,1200,455,365,90,0.02948612399,0.007187966723
1987,song_within_year,emotion_sadness,12,False,1200,455,365,90,0.0727702179,0.01155652571
1987,song_within_year,emotion_anger,12,False,1200,455,365,90,0.01244300983,0.00480554488
1988,observation,ll_sexual_content,12,False,1200,449,960,240,0.4975386302,0.4273773134
1988,observation,ll_violence,12,False,1200,449,960,240,0.1099056723,0.008283416275
1988,observation,ll_explicit_language,12,False,1200,449,960,240,0.1131703921,0.007377759088
1988,observation,ll_substance_use,12,False,1200,449,960,240,0.1135291133,0.004182208329
1988,observation,sentiment_positive,12,False,1200,449,960,240,0.3030856275,0.2992137223
1988,observation,sentiment_negative,12,False,1200,449,960,240,0.269966527,0.2607380599
1988,observation,emotion_joy,12,False,1200,449,960,240,0.02673752087,0.007432303072
1988,observation,emotion_sadness,12,False,1200,449,960,240,0.1063345953,0.01638673246
1988,observation,emotion_anger,12,False,1200,449,960,240,0.01508251444,0.005832787965
1988,song_within_year,ll_sexual_content,12,False,1200,449,355,94,0.4968426125,0.4273773134
1988,song_within_year,ll_violence,12,False,1200,449,355,94,0.1300488794,0.007662415039
1988,song_within_year,ll_explicit_language,12,False,1200,449,355,94,0.1160220342,0.006950831506
1988,song_within_year,ll_substance_use,12,False,1200,449,355,94,0.09732757781,0.004696065094
1988,song_within_year,sentiment_positive,12,False,1200,449,355,94,0.3012240119,0.2993595898
1988,song_within_year,sentiment_negative,12,False,1200,449,355,94,0.2713011553,0.2610321641
1988,song_within_year,emotion_joy,12,False,1200,449,355,94,0.02657301834,0.007187966723
1988,song_within_year,emotion_sadness,12,False,1200,449,355,94,0.09451561104,0.01397408172
1988,song_within_year,emotion_anger,12,False,1200,449,355,94,0.01311963474,0.005179250613
1989,observation,ll_sexual_content,12,False,1200,456,986,214,0.4737260873,0.3636607975
1989,observation,ll_violence,12,False,1200,456,986,214,0.181530769,0.007365860511
1989,observation,ll_explicit_language,12,False,1200,456,986,214,0.1336207571,0.008150400128
1989,observation,ll_substance_use,12,False,1200,456,986,214,0.0998187006,0.004431621404
1989,observation,sentiment_positive,12,False,1200,456,986,214,0.3056302332,0.3069732785
1989,observation,sentiment_negative,12,False,1200,456,986,214,0.2672580902,0.2599382624
1989,observation,emotion_joy,12,False,1200,456,986,214,0.02858717793,0.006870697718
1989,observation,emotion_sadness,12,False,1200,456,986,214,0.09291989282,0.01133465464
1989,observation,emotion_anger,12,False,1200,456,986,214,0.01337549497,0.005377694964
1989,song_within_year,ll_sexual_content,12,False,1200,456,370,86,0.4624687146,0.2928788662
1989,song_within_year,ll_violence,12,False,1200,456,370,86,0.1938745001,0.007607011357
1989,song_within_year,ll_explicit_language,12,False,1200,456,370,86,0.1370859649,0.008900215384
1989,song_within_year,ll_substance_use,12,False,1200,456,370,86,0.09945738747,0.004809791455
1989,song_within_year,sentiment_positive,12,False,1200,456,370,86,0.3034351843,0.3039722812
1989,song_within_year,sentiment_negative,12,False,1200,456,370,86,0.2689269363,0.2607229915
1989,song_within_year,emotion_joy,12,False,1200,456,370,86,0.02753815212,0.006673711585
1989,song_within_year,emotion_sadness,12,False,1200,456,370,86,0.09392006582,0.01196039167
1989,song_within_year,emotion_anger,12,False,1200,456,370,86,0.01308484177,0.005531658291
1990,observation,ll_sexual_content,12,False,1200,445,945,255,0.4894469014,0.4039531648
1990,observation,ll_violence,12,False,1200,445,945,255,0.2024585888,0.007590779103
1990,observation,ll_explicit_language,12,False,1200,445,945,255,0.1814429347,0.01335002203
1990,observation,ll_substance_use,12,False,1200,445,945,255,0.1124381858,0.00505522592
1990,observation,sentiment_positive,12,False,1200,445,945,255,0.2984020674,0.303142935
1990,observation,sentiment_negative,12,False,1200,445,945,255,0.2738493884,0.2624031305
1990,observation,emotion_joy,12,False,1200,445,945,255,0.0268762245,0.007777937688
1990,observation,emotion_sadness,12,False,1200,445,945,255,0.1042773744,0.01465773354
1990,observation,emotion_anger,12,False,1200,445,945,255,0.0156458315,0.006128064124
1990,song_within_year,ll_sexual_content,12,False,1200,445,344,101,0.4901550768,0.4260006994
1990,song_within_year,ll_violence,12,False,1200,445,344,101,0.1934860862,0.007564726053
1990,song_within_year,ll_explicit_language,12,False,1200,445,344,101,0.1746347809,0.01116576372
1990,song_within_year,ll_substance_use,12,False,1200,445,344,101,0.1129267916,0.005018664524
1990,song_within_year,sentiment_positive,12,False,1200,445,344,101,0.2987215183,0.3033636063
1990,song_within_year,sentiment_negative,12,False,1200,445,344,101,0.274138342,0.2616627041
1990,song_within_year,emotion_joy,12,False,1200,445,344,101,0.02584287585,0.006951234781
1990,song_within_year,emotion_sadness,12,False,1200,445,344,101,0.1009075536,0.01382111211
1990,song_within_year,emotion_anger,12,False,1200,445,344,101,0.01570466395,0.005874881987
1991,observation,ll_sexual_content,12,False,1200,458,927,273,0.456276087,0.2523218691
1991,observation,ll_violence,12,False,1200,458,927,273,0.1559886501,0.008291362785
1991,observation,ll_explicit_language,12,False,1200,458,927,273,0.1814576333,0.008883396164
1991,observation,ll_substance_use,12,False,1200,458,927,273,0.1104908696,0.005048304331
1991,observation,sentiment_positive,12,False,1200,458,927,273,0.3089770289,0.3051196337
1991,observation,sentiment_negative,12,False,1200,458,927,273,0.2603947118,0.250734359
1991,observation,emotion_joy,12,False,1200,458,927,273,0.03146205908,0.00943659246
1991,observation,emotion_sadness,12,False,1200,458,927,273,0.06844172453,0.009553610443
1991,observation,emotion_anger,12,False,1200,458,927,273,0.01363254303,0.004680809565
1991,song_within_year,ll_sexual_content,12,False,1200,458,348,110,0.4787075577,0.2961353213
1991,song_within_year,ll_violence,12,False,1200,458,348,110,0.1728460591,0.009039941709
1991,song_within_year,ll_explicit_language,12,False,1200,458,348,110,0.2069379516,0.01035407279
1991,song_within_year,ll_substance_use,12,False,1200,458,348,110,0.1258251381,0.005172865698
1991,song_within_year,sentiment_positive,12,False,1200,458,348,110,0.3055294098,0.3048129395
1991,song_within_year,sentiment_negative,12,False,1200,458,348,110,0.2652596522,0.2567648217
1991,song_within_year,emotion_joy,12,False,1200,458,348,110,0.03124507731,0.008719771169
1991,song_within_year,emotion_sadness,12,False,1200,458,348,110,0.06802864135,0.00956369755
1991,song_within_year,emotion_anger,12,False,1200,458,348,110,0.01391940093,0.004945189343
1992,observation,ll_sexual_content,12,False,1200,423,901,299,0.4865416424,0.4308157265
1992,observation,ll_violence,12,False,1200,423,901,299,0.23128175,0.008164156228
1992,observation,ll_explicit_language,12,False,1200,423,901,299,0.2624762555,0.0172576122
1992,observation,ll_substance_use,12,False,1200,423,901,299,0.1025083881,0.004934746306
1992,observation,sentiment_positive,12,False,1200,423,901,299,0.3006071207,0.3047821224
1992,observation,sentiment_negative,12,False,1200,423,901,299,0.2673470404,0.2546510845
1992,observation,emotion_joy,12,False,1200,423,901,299,0.02818583536,0.008093626238
1992,observation,emotion_sadness,12,False,1200,423,901,299,0.08894084641,0.01023894826
1992,observation,emotion_anger,12,False,1200,423,901,299,0.01711591729,0.005643839948
1992,song_within_year,ll_sexual_content,12,False,1200,423,312,111,0.4884397567,0.4305590242
1992,song_within_year,ll_violence,12,False,1200,423,312,111,0.2417046242,0.008726390079
1992,song_within_year,ll_explicit_language,12,False,1200,423,312,111,0.2650860598,0.01739557367
1992,song_within_year,ll_substance_use,12,False,1200,423,312,111,0.1251619204,0.005342447665
1992,song_within_year,sentiment_positive,12,False,1200,423,312,111,0.3014972822,0.3033309877
1992,song_within_year,sentiment_negative,12,False,1200,423,312,111,0.2683824615,0.257737801
1992,song_within_year,emotion_joy,12,False,1200,423,312,111,0.0324349193,0.008633557707
1992,song_within_year,emotion_sadness,12,False,1200,423,312,111,0.08209853568,0.009298808407
1992,song_within_year,emotion_anger,12,False,1200,423,312,111,0.0161063754,0.005306068109
1993,observation,ll_sexual_content,12,False,1200,405,873,327,0.5523121553,0.7340215445
1993,observation,ll_violence,12,False,1200,405,873,327,0.2330638738,0.01287982706
1993,observation,ll_explicit_language,12,False,1200,405,873,327,0.3233612229,0.02076151967
1993,observation,ll_substance_use,12,False,1200,405,873,327,0.1906821343,0.007012708578
1993,observation,sentiment_positive,12,False,1200,405,873,327,0.3024699393,0.2969999909
1993,observation,sentiment_negative,12,False,1200,405,873,327,0.2726291258,0.2638058066
1993,observation,emotion_joy,12,False,1200,405,873,327,0.02526507339,0.007856409997
1993,observation,emotion_sadness,12,False,1200,405,873,327,0.07921353635,0.008974904194
1993,observation,emotion_anger,12,False,1200,405,873,327,0.02044124377,0.00566855073
1993,song_within_year,ll_sexual_content,12,False,1200,405,291,114,0.5502180729,0.752726078
1993,song_within_year,ll_violence,12,False,1200,405,291,114,0.2496119085,0.01118220575
1993,song_within_year,ll_explicit_language,12,False,1200,405,291,114,0.3067335759,0.01881208643
1993,song_within_year,ll_substance_use,12,False,1200,405,291,114,0.1955954603,0.006738989614
1993,song_within_year,sentiment_positive,12,False,1200,405,291,114,0.3065880793,0.2999546857
1993,song_within_year,sentiment_negative,12,False,1200,405,291,114,0.2695951045,0.257638678
1993,song_within_year,emotion_joy,12,False,1200,405,291,114,0.02910837773,0.006925133988
1993,song_within_year,emotion_sadness,12,False,1200,405,291,114,0.07793845314,0.006800378643
1993,song_within_year,emotion_anger,12,False,1200,405,291,114,0.02092056044,0.005194604777
1994,observation,ll_sexual_content,12,False,1200,401,895,305,0.4907379354,0.3894530237
1994,observation,ll_violence,12,False,1200,401,895,305,0.2410014559,0.01217263006
1994,observation,ll_explicit_language,12,False,1200,401,895,305,0.3122265612,0.02119718492
1994,observation,ll_substance_use,12,False,1200,401,895,305,0.2282395363,0.007421769667
1994,observation,sentiment_positive,12,False,1200,401,895,305,0.3026721985,0.2959932089
1994,observation,sentiment_negative,12,False,1200,401,895,305,0.2680957945,0.262698777
1994,observation,emotion_joy,12,False,1200,401,895,305,0.03790006932,0.007199954242
1994,observation,emotion_sadness,12,False,1200,401,895,305,0.06326798753,0.008345788345
1994,observation,emotion_anger,12,False,1200,401,895,305,0.02013355031,0.005540124374
1994,song_within_year,ll_sexual_content,12,False,1200,401,295,106,0.5201116678,0.5994282961
1994,song_within_year,ll_violence,12,False,1200,401,295,106,0.2467060121,0.01234280597
1994,song_within_year,ll_explicit_language,12,False,1200,401,295,106,0.3372768782,0.02432513051
1994,song_within_year,ll_substance_use,12,False,1200,401,295,106,0.2554274922,0.007958576083
1994,song_within_year,sentiment_positive,12,False,1200,401,295,106,0.2984788615,0.2939079404
1994,song_within_year,sentiment_negative,12,False,1200,401,295,106,0.2752603758,0.2663865685
1994,song_within_year,emotion_joy,12,False,1200,401,295,106,0.03717486549,0.007887607838
1994,song_within_year,emotion_sadness,12,False,1200,401,295,106,0.06073811607,0.007871707901
1994,song_within_year,emotion_anger,12,False,1200,401,295,106,0.02072201211,0.00563138118
1995,observation,ll_sexual_content,12,False,1200,403,812,388,0.5094145957,0.5389944017
1995,observation,ll_violence,12,False,1200,403,812,388,0.2056214814,0.008905165363
1995,observation,ll_explicit_language,12,False,1200,403,812,388,0.3114229114,0.02552596945
1995,observation,ll_substance_use,12,False,1200,403,812,388,0.2324064069,0.006309787976
1995,observation,sentiment_positive,12,False,1200,403,812,388,0.2985418961,0.2960346043
1995,observation,sentiment_negative,12,False,1200,403,812,388,0.2732359762,0.2579022348
1995,observation,emotion_joy,12,False,1200,403,812,388,0.03361674027,0.00740876365
1995,observation,emotion_sadness,12,False,1200,403,812,388,0.07559417566,0.007557966746
1995,observation,emotion_anger,12,False,1200,403,812,388,0.02210804252,0.005948325153
1995,song_within_year,ll_sexual_content,12,False,1200,403,275,128,0.5618008425,0.7714945078
1995,song_within_year,ll_violence,12,False,1200,403,275,128,0.2391967329,0.01068518497
1995,song_within_year,ll_explicit_language,12,False,1200,403,275,128,0.3489751662,0.02770539373
1995,song_within_year,ll_substance_use,12,False,1200,403,275,128,0.2583367846,0.007602594793
1995,song_within_year,sentiment_positive,12,False,1200,403,275,128,0.2963920552,0.2956743762
1995,song_within_year,sentiment_negative,12,False,1200,403,275,128,0.2773746574,0.267573694
1995,song_within_year,emotion_joy,12,False,1200,403,275,128,0.03697233356,0.007525980938
1995,song_within_year,emotion_sadness,12,False,1200,403,275,128,0.0722683259,0.00664809841
1995,song_within_year,emotion_anger,12,False,1200,403,275,128,0.02292187609,0.005722544622
1996,observation,ll_sexual_content,12,False,1200,388,784,416,0.540292661,0.7482241988
1996,observation,ll_violence,12,False,1200,388,784,416,0.2067982708,0.008692002855
1996,observation,ll_explicit_language,12,False,1200,388,784,416,0.3000070581,0.02384515852
1996,observation,ll_substance_use,12,False,1200,388,784,416,0.2262267847,0.006718004122
1996,observation,sentiment_positive,12,False,1200,388,784,416,0.3028351669,0.3011329174
1996,observation,sentiment_negative,12,False,1200,388,784,416,0.2729728718,0.2575297093
1996,observation,emotion_joy,12,False,1200,388,784,416,0.03292019821,0.008312240728
1996,observation,emotion_sadness,12,False,1200,388,784,416,0.1065679347,0.008137630299
1996,observation,emotion_anger,12,False,1200,388,784,416,0.02074548976,0.005259155761
1996,song_within_year,ll_sexual_content,12,False,1200,388,250,138,0.5430108733,0.7428069413
1996,song_within_year,ll_violence,12,False,1200,388,250,138,0.2218323551,0.008752039168
1996,song_within_year,ll_explicit_language,12,False,1200,388,250,138,0.3110907989,0.02476723585
1996,song_within_year,ll_substance_use,12,False,1200,388,250,138,0.2524786484,0.007262693718
1996,song_within_year,sentiment_positive,12,False,1200,388,250,138,0.2979220271,0.2959938645
1996,song_within_year,sentiment_negative,12,False,1200,388,250,138,0.2770475654,0.2629544735
1996,song_within_year,emotion_joy,12,False,1200,388,250,138,0.03155626425,0.007580968901
1996,song_within_year,emotion_sadness,12,False,1200,388,250,138,0.1000814774,0.009581876813
1996,song_within_year,emotion_anger,12,False,1200,388,250,138,0.02058619453,0.005270845955
1997,observation,ll_sexual_content,12,False,1200,402,873,327,0.6188843054,0.9475685358
1997,observation,ll_violence,12,False,1200,402,873,327,0.2039143947,0.01176243462
1997,observation,ll_explicit_language,12,False,1200,402,873,327,0.3157203473,0.03047589213
1997,observation,ll_substance_use,12,False,1200,402,873,327,0.2427594242,0.007785758469
1997,observation,sentiment_positive,12,False,1200,402,873,327,0.29847069,0.2986772507
1997,observation,sentiment_negative,12,False,1200,402,873,327,0.2721923421,0.2629342079
1997,observation,emotion_joy,12,False,1200,402,873,327,0.02353793706,0.00648561446
1997,observation,emotion_sadness,12,False,1200,402,873,327,0.09403483146,0.01021214493
1997,observation,emotion_anger,12,False,1200,402,873,327,0.01950708425,0.006450852227
1997,song_within_year,ll_sexual_content,12,False,1200,402,286,116,0.6112415947,0.9343574047
1997,song_within_year,ll_violence,12,False,1200,402,286,116,0.2117255175,0.01053743251
1997,song_within_year,ll_explicit_language,12,False,1200,402,286,116,0.3037250996,0.02819088381
1997,song_within_year,ll_substance_use,12,False,1200,402,286,116,0.2373154044,0.006949556526
1997,song_within_year,sentiment_positive,12,False,1200,402,286,116,0.3016660919,0.2986962944
1997,song_within_year,sentiment_negative,12,False,1200,402,286,116,0.2703507964,0.2598318458
1997,song_within_year,emotion_joy,12,False,1200,402,286,116,0.03149637971,0.00718588925
1997,song_within_year,emotion_sadness,12,False,1200,402,286,116,0.07738039905,0.008280911483
1997,song_within_year,emotion_anger,12,False,1200,402,286,116,0.01850463157,0.005861422576
1998,observation,ll_sexual_content,12,False,1200,423,850,350,0.5740170425,0.8260390759
1998,observation,ll_violence,12,False,1200,423,850,350,0.2227925158,0.009442380164
1998,observation,ll_explicit_language,12,False,1200,423,850,350,0.3235980747,0.01748835668
1998,observation,ll_substance_use,12,False,1200,423,850,350,0.2193374057,0.006502988748
1998,observation,sentiment_positive,12,False,1200,423,850,350,0.2972979125,0.2994479835
1998,observation,sentiment_negative,12,False,1200,423,850,350,0.2701085093,0.2621159372
1998,observation,emotion_joy,12,False,1200,423,850,350,0.02742597031,0.006763619836
1998,observation,emotion_sadness,12,False,1200,423,850,350,0.07712987052,0.008420188911
1998,observation,emotion_anger,12,False,1200,423,850,350,0.01410675674,0.00540414534
1998,song_within_year,ll_sexual_content,12,False,1200,423,304,119,0.553131437,0.7456352115
1998,song_within_year,ll_violence,12,False,1200,423,304,119,0.2367400784,0.009381153621
1998,song_within_year,ll_explicit_language,12,False,1200,423,304,119,0.3103350917,0.01731054019
1998,song_within_year,ll_substance_use,12,False,1200,423,304,119,0.2114420046,0.006547220284
1998,song_within_year,sentiment_positive,12,False,1200,423,304,119,0.2958962812,0.2964800671
1998,song_within_year,sentiment_negative,12,False,1200,423,304,119,0.2731322663,0.2645929792
1998,song_within_year,emotion_joy,12,False,1200,423,304,119,0.03093501124,0.006417923141
1998,song_within_year,emotion_sadness,12,False,1200,423,304,119,0.0887944757,0.01078303842
1998,song_within_year,emotion_anger,12,False,1200,423,304,119,0.01529377428,0.005683505442
1999,observation,ll_sexual_content,12,False,1200,388,975,225,0.4946861301,0.4986564219
1999,observation,ll_violence,12,False,1200,388,975,225,0.1939602777,0.007932734676
1999,observation,ll_explicit_language,12,False,1200,388,975,225,0.2813868053,0.02145966887
1999,observation,ll_substance_use,12,False,1200,388,975,225,0.2008693595,0.005814091302
1999,observation,sentiment_positive,12,False,1200,388,975,225,0.2956186747,0.2955585122
1999,observation,sentiment_negative,12,False,1200,388,975,225,0.2746064562,0.2679486653
1999,observation,emotion_joy,12,False,1200,388,975,225,0.03305494636,0.007162028969
1999,observation,emotion_sadness,12,False,1200,388,975,225,0.07502845356,0.01229424087
1999,observation,emotion_anger,12,False,1200,388,975,225,0.02705899197,0.005702783354
1999,song_within_year,ll_sexual_content,12,False,1200,388,312,76,0.4995277047,0.5048813969
1999,song_within_year,ll_violence,12,False,1200,388,312,76,0.2102602405,0.009227403905
1999,song_within_year,ll_explicit_language,12,False,1200,388,312,76,0.2973051647,0.02066743467
1999,song_within_year,ll_substance_use,12,False,1200,388,312,76,0.2261454683,0.006239102921
1999,song_within_year,sentiment_positive,12,False,1200,388,312,76,0.2939044806,0.2922533005
1999,song_within_year,sentiment_negative,12,False,1200,388,312,76,0.2765447203,0.2706371546
1999,song_within_year,emotion_joy,12,False,1200,388,312,76,0.03380910887,0.007213028974
1999,song_within_year,emotion_sadness,12,False,1200,388,312,76,0.07613044377,0.01364096301
1999,song_within_year,emotion_anger,12,False,1200,388,312,76,0.02612496771,0.00576385678
2000,observation,ll_sexual_content,12,False,1200,376,977,223,0.5198134425,0.5691844821
2000,observation,ll_violence,12,False,1200,376,977,223,0.1957103661,0.008935965598
2000,observation,ll_explicit_language,12,False,1200,376,977,223,0.3147914176,0.02673056163
2000,observation,ll_substance_use,12,False,1200,376,977,223,0.1927358178,0.005610049702
2000,observation,sentiment_positive,12,False,1200,376,977,223,0.297322064,0.2929126024
2000,observation,sentiment_negative,12,False,1200,376,977,223,0.2707200137,0.2675609887
2000,observation,emotion_joy,12,False,1200,376,977,223,0.0348734478,0.006228448823
2000,observation,emotion_sadness,12,False,1200,376,977,223,0.07826005829,0.008584490445
2000,observation,emotion_anger,12,False,1200,376,977,223,0.02217172166,0.005347261671
2000,song_within_year,ll_sexual_content,12,False,1200,376,299,77,0.5285143224,0.6755992174
2000,song_within_year,ll_violence,12,False,1200,376,299,77,0.1940629388,0.009196899831
2000,song_within_year,ll_explicit_language,12,False,1200,376,299,77,0.3314806863,0.02424096316
2000,song_within_year,ll_substance_use,12,False,1200,376,299,77,0.2059965854,0.006946672685
2000,song_within_year,sentiment_positive,12,False,1200,376,299,77,0.2942323758,0.2892377885
2000,song_within_year,sentiment_negative,12,False,1200,376,299,77,0.2743743017,0.2694711608
2000,song_within_year,emotion_joy,12,False,1200,376,299,77,0.03130448755,0.006444628678
2000,song_within_year,emotion_sadness,12,False,1200,376,299,77,0.07614654614,0.008656853485
2000,song_within_year,emotion_anger,12,False,1200,376,299,77,0.02678870445,0.005724505987
2001,observation,ll_sexual_content,12,False,1200,366,975,225,0.5391092314,0.7492582202
2001,observation,ll_violence,12,False,1200,366,975,225,0.2419309941,0.009786925279
2001,observation,ll_explicit_language,12,False,1200,366,975,225,0.3843568682,0.02945726179
2001,observation,ll_substance_use,12,False,1200,366,975,225,0.2668609062,0.009944546968
2001,observation,sentiment_positive,12,False,1200,366,975,225,0.2949391929,0.2917316585
2001,observation,sentiment_negative,12,False,1200,366,975,225,0.2744851018,0.268304795
2001,observation,emotion_joy,12,False,1200,366,975,225,0.03970693797,0.007766054957
2001,observation,emotion_sadness,12,False,1200,366,975,225,0.06457115626,0.00884386641
2001,observation,emotion_anger,12,False,1200,366,975,225,0.02405269111,0.005377929658
2001,song_within_year,ll_sexual_content,12,False,1200,366,283,83,0.5463468703,0.7666915655
2001,song_within_year,ll_violence,12,False,1200,366,283,83,0.2577128915,0.01090714708
2001,song_within_year,ll_explicit_language,12,False,1200,366,283,83,0.3909205809,0.02945726179
2001,song_within_year,ll_substance_use,12,False,1200,366,283,83,0.2640851645,0.008852884173
2001,song_within_year,sentiment_positive,12,False,1200,366,283,83,0.2943418383,0.2922896147
2001,song_within_year,sentiment_negative,12,False,1200,366,283,83,0.275625017,0.2692726851
2001,song_within_year,emotion_joy,12,False,1200,366,283,83,0.04142303116,0.007395515684
2001,song_within_year,emotion_sadness,12,False,1200,366,283,83,0.06612912319,0.008611951955
2001,song_within_year,emotion_anger,12,False,1200,366,283,83,0.02541075667,0.005377929658
2002,observation,ll_sexual_content,12,False,1200,379,956,244,0.4876008138,0.3490650803
2002,observation,ll_violence,12,False,1200,379,956,244,0.2545128972,0.01390976738
2002,observation,ll_explicit_language,12,False,1200,379,956,244,0.3891156948,0.0380260013
2002,observation,ll_substance_use,12,False,1200,379,956,244,0.2342237326,0.01237167791
2002,observation,sentiment_positive,12,False,1200,379,956,244,0.288708197,0.299219659
2002,observation,sentiment_negative,12,False,1200,379,956,244,0.2848892698,0.2700328529
2002,observation,emotion_joy,12,False,1200,379,956,244,0.03313125029,0.006678371923
2002,observation,emotion_sadness,12,False,1200,379,956,244,0.08476161605,0.01247048937
2002,observation,emotion_anger,12,False,1200,379,956,244,0.02120309778,0.006186349958
2002,song_within_year,ll_sexual_content,12,False,1200,379,297,82,0.5108058942,0.6234683394
2002,song_within_year,ll_violence,12,False,1200,379,297,82,0.2639685673,0.01379348338
2002,song_within_year,ll_explicit_language,12,False,1200,379,297,82,0.3932421807,0.043862883
2002,song_within_year,ll_substance_use,12,False,1200,379,297,82,0.2453925488,0.01140660513
2002,song_within_year,sentiment_positive,12,False,1200,379,297,82,0.2913555659,0.2975474586
2002,song_within_year,sentiment_negative,12,False,1200,379,297,82,0.2812632412,0.2714324668
2002,song_within_year,emotion_joy,12,False,1200,379,297,82,0.03294171057,0.00706994487
2002,song_within_year,emotion_sadness,12,False,1200,379,297,82,0.07670462749,0.01209138893
2002,song_within_year,emotion_anger,12,False,1200,379,297,82,0.02118417727,0.006146897162
2003,observation,ll_sexual_content,12,False,1200,385,963,237,0.5063630213,0.592081666
2003,observation,ll_violence,12,False,1200,385,963,237,0.2729927432,0.01801843941
2003,observation,ll_explicit_language,12,False,1200,385,963,237,0.4606701368,0.1502743512
2003,observation,ll_substance_use,12,False,1200,385,963,237,0.2699836061,0.01144887134
2003,observation,sentiment_positive,12,False,1200,385,963,237,0.2883409011,0.2931527793
2003,observation,sentiment_negative,12,False,1200,385,963,237,0.2866745226,0.2817838192
2003,observation,emotion_joy,12,False,1200,385,963,237,0.03135403339,0.008223581128
2003,observation,emotion_sadness,12,False,1200,385,963,237,0.064939479,0.007400954375
2003,observation,emotion_anger,12,False,1200,385,963,237,0.0242303691,0.005522018157
2003,song_within_year,ll_sexual_content,12,False,1200,385,308,77,0.5166279535,0.6947704852
2003,song_within_year,ll_violence,12,False,1200,385,308,77,0.2791003121,0.01990214176
2003,song_within_year,ll_explicit_language,12,False,1200,385,308,77,0.4459882901,0.1113572493
2003,song_within_year,ll_substance_use,12,False,1200,385,308,77,0.2666011548,0.01130654057
2003,song_within_year,sentiment_positive,12,False,1200,385,308,77,0.286968921,0.2915482074
2003,song_within_year,sentiment_negative,12,False,1200,385,308,77,0.2878537474,0.2802579793
2003,song_within_year,emotion_joy,12,False,1200,385,308,77,0.03024014583,0.007239802508
2003,song_within_year,emotion_sadness,12,False,1200,385,308,77,0.06826254395,0.007655559806
2003,song_within_year,emotion_anger,12,False,1200,385,308,77,0.02634553947,0.005560798338
2004,observation,ll_sexual_content,12,False,1200,374,944,256,0.5776787188,0.8693008423
2004,observation,ll_violence,12,False,1200,374,944,256,0.2778697667,0.01684061065
2004,observation,ll_explicit_language,12,False,1200,374,944,256,0.4462132642,0.130144164
2004,observation,ll_substance_use,12,False,1200,374,944,256,0.337265875,0.0156930536
2004,observation,sentiment_positive,12,False,1200,374,944,256,0.2892143885,0.2908308272
2004,observation,sentiment_negative,12,False,1200,374,944,256,0.2859622689,0.2742269635
2004,observation,emotion_joy,12,False,1200,374,944,256,0.02774212385,0.006373884622
2004,observation,emotion_sadness,12,False,1200,374,944,256,0.08137662328,0.007270799717
2004,observation,emotion_anger,12,False,1200,374,944,256,0.03038832007,0.00552369887
2004,song_within_year,ll_sexual_content,12,False,1200,374,288,86,0.5685293465,0.8416057527
2004,song_within_year,ll_violence,12,False,1200,374,288,86,0.2796661227,0.01484629
2004,song_within_year,ll_explicit_language,12,False,1200,374,288,86,0.4408957315,0.1300074756
2004,song_within_year,ll_substance_use,12,False,1200,374,288,86,0.318822903,0.01501329895
2004,song_within_year,sentiment_positive,12,False,1200,374,288,86,0.2922904036,0.2929404321
2004,song_within_year,sentiment_negative,12,False,1200,374,288,86,0.283668881,0.2707349658
2004,song_within_year,emotion_joy,12,False,1200,374,288,86,0.03010956267,0.00727347472
2004,song_within_year,emotion_sadness,12,False,1200,374,288,86,0.07658058894,0.006822814612
2004,song_within_year,emotion_anger,12,False,1200,374,288,86,0.02933746033,0.005351395152
2005,observation,ll_sexual_content,12,False,1200,396,969,231,0.5606546635,0.7852807641
2005,observation,ll_violence,12,False,1200,396,969,231,0.2927488115,0.01554379426
2005,observation,ll_explicit_language,12,False,1200,396,969,231,0.4815075319,0.2105268091
2005,observation,ll_substance_use,12,False,1200,396,969,231,0.3267832944,0.01372653991
2005,observation,sentiment_positive,12,False,1200,396,969,231,0.2882968483,0.2948265758
2005,observation,sentiment_negative,12,False,1200,396,969,231,0.2844991718,0.269683212
2005,observation,emotion_joy,12,False,1200,396,969,231,0.02812021925,0.006302074529
2005,observation,emotion_sadness,12,False,1200,396,969,231,0.08081023081,0.009252307937
2005,observation,emotion_anger,12,False,1200,396,969,231,0.0179721991,0.006230273284
2005,song_within_year,ll_sexual_content,12,False,1200,396,308,88,0.5363744175,0.7007133365
2005,song_within_year,ll_violence,12,False,1200,396,308,88,0.3078595085,0.01723266207
2005,song_within_year,ll_explicit_language,12,False,1200,396,308,88,0.4404878162,0.1270430908
2005,song_within_year,ll_substance_use,12,False,1200,396,308,88,0.348001559,0.01694610063
2005,song_within_year,sentiment_positive,12,False,1200,396,308,88,0.2871481339,0.2924489663
2005,song_within_year,sentiment_negative,12,False,1200,396,308,88,0.2859930784,0.275384371
2005,song_within_year,emotion_joy,12,False,1200,396,308,88,0.0265491521,0.006669143506
2005,song_within_year,emotion_sadness,12,False,1200,396,308,88,0.07783449207,0.01023608132
2005,song_within_year,emotion_anger,12,False,1200,396,308,88,0.0196482679,0.00562229702
2006,observation,ll_sexual_content,12,False,1200,395,963,237,0.5274892034,0.6394292265
2006,observation,ll_violence,12,False,1200,395,963,237,0.2692539759,0.01607069373
2006,observation,ll_explicit_language,12,False,1200,395,963,237,0.44741468,0.1225764155
2006,observation,ll_substance_use,12,False,1200,395,963,237,0.3195434761,0.0134379603
2006,observation,sentiment_positive,12,False,1200,395,963,237,0.2877590153,0.2917848834
2006,observation,sentiment_negative,12,False,1200,395,963,237,0.2824777521,0.2787355781
2006,observation,emotion_joy,12,False,1200,395,963,237,0.0216983566,0.005366837926
2006,observation,emotion_sadness,12,False,1200,395,963,237,0.084110564,0.01048540872
2006,observation,emotion_anger,12,False,1200,395,963,237,0.0207439124,0.006534106098
2006,song_within_year,ll_sexual_content,12,False,1200,395,313,82,0.5319666494,0.679223001
2006,song_within_year,ll_violence,12,False,1200,395,313,82,0.2927281391,0.01841435209
2006,song_within_year,ll_explicit_language,12,False,1200,395,313,82,0.4399274835,0.1149616987
2006,song_within_year,ll_substance_use,12,False,1200,395,313,82,0.3361654788,0.01358335093
2006,song_within_year,sentiment_positive,12,False,1200,395,313,82,0.2887649772,0.2923858733
2006,song_within_year,sentiment_negative,12,False,1200,395,313,82,0.2843960413,0.2785082757
2006,song_within_year,emotion_joy,12,False,1200,395,313,82,0.02191710516,0.005770383985
2006,song_within_year,emotion_sadness,12,False,1200,395,313,82,0.08425387725,0.01066964027
2006,song_within_year,emotion_anger,12,False,1200,395,313,82,0.02418179589,0.006428815424
2007,observation,ll_sexual_content,12,False,1200,383,973,227,0.5209757667,0.5627332926
2007,observation,ll_violence,12,False,1200,383,973,227,0.2676486083,0.01611088403
2007,observation,ll_explicit_language,12,False,1200,383,973,227,0.4348337934,0.1084365621
2007,observation,ll_substance_use,12,False,1200,383,973,227,0.3323594657,0.01359140314
2007,observation,sentiment_positive,12,False,1200,383,973,227,0.290122871,0.2909034789
2007,observation,sentiment_negative,12,False,1200,383,973,227,0.2786556733,0.2734182942
2007,observation,emotion_joy,12,False,1200,383,973,227,0.03012560163,0.006099446839
2007,observation,emotion_sadness,12,False,1200,383,973,227,0.08060083235,0.01003834698
2007,observation,emotion_anger,12,False,1200,383,973,227,0.02128796873,0.005783423316
2007,song_within_year,ll_sexual_content,12,False,1200,383,302,81,0.4935104365,0.4869692326
2007,song_within_year,ll_violence,12,False,1200,383,302,81,0.2867149913,0.01606609859
2007,song_within_year,ll_explicit_language,12,False,1200,383,302,81,0.4082252682,0.0804891102
2007,song_within_year,ll_substance_use,12,False,1200,383,302,81,0.304831221,0.01191558409
2007,song_within_year,sentiment_positive,12,False,1200,383,302,81,0.2888462387,0.2899844245
2007,song_within_year,sentiment_negative,12,False,1200,383,302,81,0.2809906925,0.2762098912
2007,song_within_year,emotion_joy,12,False,1200,383,302,81,0.02694460035,0.005962278554
2007,song_within_year,emotion_sadness,12,False,1200,383,302,81,0.08590476961,0.01029358058
2007,song_within_year,emotion_anger,12,False,1200,383,302,81,0.02067444913,0.005778365827
2008,observation,ll_sexual_content,12,False,1200,402,1028,172,0.5288523028,0.624022603
2008,observation,ll_violence,12,False,1200,402,1028,172,0.2694953235,0.01387972245
2008,observation,ll_explicit_language,12,False,1200,402,1028,172,0.4044859006,0.07641128451
2008,observation,ll_substance_use,12,False,1200,402,1028,172,0.2731516634,0.009487922303
2008,observation,sentiment_positive,12,False,1200,402,1028,172,0.2917566938,0.2910651438
2008,observation,sentiment_negative,12,False,1200,402,1028,172,0.2768431218,0.2732718997
2008,observation,emotion_joy,12,False,1200,402,1028,172,0.03827373363,0.008043525741
2008,observation,emotion_sadness,12,False,1200,402,1028,172,0.07247566859,0.009609356523
2008,observation,emotion_anger,12,False,1200,402,1028,172,0.02213740365,0.005528415088
2008,song_within_year,ll_sexual_content,12,False,1200,402,335,67,0.5287810187,0.6215901971
2008,song_within_year,ll_violence,12,False,1200,402,335,67,0.2672307973,0.0137803033
2008,song_within_year,ll_explicit_language,12,False,1200,402,335,67,0.418943269,0.09622780979
2008,song_within_year,ll_substance_use,12,False,1200,402,335,67,0.2611561576,0.009254835546
2008,song_within_year,sentiment_positive,12,False,1200,402,335,67,0.2925220495,0.2927271128
2008,song_within_year,sentiment_negative,12,False,1200,402,335,67,0.2763469034,0.2716177404
2008,song_within_year,emotion_joy,12,False,1200,402,335,67,0.03543297499,0.006607519463
2008,song_within_year,emotion_sadness,12,False,1200,402,335,67,0.07112034119,0.009217513725
2008,song_within_year,emotion_anger,12,False,1200,402,335,67,0.024054012,0.005390868988
2009,observation,ll_sexual_content,12,False,1200,419,1020,180,0.5436853265,0.6548448801
2009,observation,ll_violence,12,False,1200,419,1020,180,0.2145672537,0.0162638519
2009,observation,ll_explicit_language,12,False,1200,419,1020,180,0.4796013996,0.2844845951
2009,observation,ll_substance_use,12,False,1200,419,1020,180,0.3286026067,0.0123713389
2009,observation,sentiment_positive,12,False,1200,419,1020,180,0.2974739513,0.2958588898
2009,observation,sentiment_negative,12,False,1200,419,1020,180,0.2754231629,0.2683580369
2009,observation,emotion_joy,12,False,1200,419,1020,180,0.03697434098,0.008170462134
2009,observation,emotion_sadness,12,False,1200,419,1020,180,0.06063844168,0.008187108673
2009,observation,emotion_anger,12,False,1200,419,1020,180,0.02352090492,0.005651916843
2009,song_within_year,ll_sexual_content,12,False,1200,419,342,77,0.5142948362,0.5805105567
2009,song_within_year,ll_violence,12,False,1200,419,342,77,0.2258378646,0.01456778962
2009,song_within_year,ll_explicit_language,12,False,1200,419,342,77,0.4525065316,0.1210117675
2009,song_within_year,ll_substance_use,12,False,1200,419,342,77,0.3156017326,0.01186885731
2009,song_within_year,sentiment_positive,12,False,1200,419,342,77,0.2942570937,0.294155297
2009,song_within_year,sentiment_negative,12,False,1200,419,342,77,0.2788363215,0.2718838938
2009,song_within_year,emotion_joy,12,False,1200,419,342,77,0.03316388703,0.008106993937
2009,song_within_year,emotion_sadness,12,False,1200,419,342,77,0.06149896078,0.008733401867
2009,song_within_year,emotion_anger,12,False,1200,419,342,77,0.02423587591,0.005638596136
2010,observation,ll_sexual_content,12,False,1200,400,996,204,0.5799525566,0.7951642573
2010,observation,ll_violence,12,False,1200,400,996,204,0.245367753,0.01022276655
2010,observation,ll_explicit_language,12,False,1200,400,996,204,0.4312014181,0.1040517837
2010,observation,ll_substance_use,12,False,1200,400,996,204,0.3721117362,0.02494854853
2010,observation,sentiment_positive,12,False,1200,400,996,204,0.2991595854,0.3025281578
2010,observation,sentiment_negative,12,False,1200,400,996,204,0.2732978043,0.2647245973
2010,observation,emotion_joy,12,False,1200,400,996,204,0.03573974816,0.009521350905
2010,observation,emotion_sadness,12,False,1200,400,996,204,0.05677723673,0.006244756281
2010,observation,emotion_anger,12,False,1200,400,996,204,0.02997538791,0.005458322354
2010,song_within_year,ll_sexual_content,12,False,1200,400,323,77,0.5665977883,0.7738318443
2010,song_within_year,ll_violence,12,False,1200,400,323,77,0.2507712484,0.0100320708
2010,song_within_year,ll_explicit_language,12,False,1200,400,323,77,0.4211298822,0.09291244298
2010,song_within_year,ll_substance_use,12,False,1200,400,323,77,0.3672773628,0.02231984213
2010,song_within_year,sentiment_positive,12,False,1200,400,323,77,0.2982621851,0.3013655543
2010,song_within_year,sentiment_negative,12,False,1200,400,323,77,0.2740208232,0.2643713951
2010,song_within_year,emotion_joy,12,False,1200,400,323,77,0.03378210711,0.008926852606
2010,song_within_year,emotion_sadness,12,False,1200,400,323,77,0.05305120042,0.006304630544
2010,song_within_year,emotion_anger,12,False,1200,400,323,77,0.0280125205,0.00535204215
2011,observation,ll_sexual_content,12,False,1200,410,1039,161,0.5949729087,0.9125861526
2011,observation,ll_violence,12,False,1200,410,1039,161,0.300947093,0.02700406313
2011,observation,ll_explicit_language,12,False,1200,410,1039,161,0.5006710241,0.4149827659
2011,observation,ll_substance_use,12,False,1200,410,1039,161,0.4355736214,0.05155577511
2011,observation,sentiment_positive,12,False,1200,410,1039,161,0.3038079128,0.3027447015
2011,observation,sentiment_negative,12,False,1200,410,1039,161,0.2688524922,0.2625212073
2011,observation,emotion_joy,12,False,1200,410,1039,161,0.04068947545,0.01023579203
2011,observation,emotion_sadness,12,False,1200,410,1039,161,0.04780886972,0.008978840895
2011,observation,emotion_anger,12,False,1200,410,1039,161,0.02554968893,0.006453891285
2011,song_within_year,ll_sexual_content,12,False,1200,410,341,69,0.5823310786,0.8687279224
2011,song_within_year,ll_violence,12,False,1200,410,341,69,0.2993960474,0.0252950713
2011,song_within_year,ll_explicit_language,12,False,1200,410,341,69,0.478700976,0.1907561868
2011,song_within_year,ll_substance_use,12,False,1200,410,341,69,0.4046714631,0.03148232028
2011,song_within_year,sentiment_positive,12,False,1200,410,341,69,0.2997169359,0.2976085097
2011,song_within_year,sentiment_negative,12,False,1200,410,341,69,0.2728742705,0.2680546045
2011,song_within_year,emotion_joy,12,False,1200,410,341,69,0.03684868922,0.008618215244
2011,song_within_year,emotion_sadness,12,False,1200,410,341,69,0.04804094585,0.008110361602
2011,song_within_year,emotion_anger,12,False,1200,410,341,69,0.02871799529,0.007453965954
2012,observation,ll_sexual_content,12,False,1200,367,1047,153,0.5843283256,0.8381285071
2012,observation,ll_violence,12,False,1200,367,1047,153,0.2870583944,0.02169966511
2012,observation,ll_explicit_language,12,False,1200,367,1047,153,0.4445635768,0.1218980178
2012,observation,ll_substance_use,12,False,1200,367,1047,153,0.4060345803,0.03328170255
2012,observation,sentiment_positive,12,False,1200,367,1047,153,0.3038154432,0.305909127
2012,observation,sentiment_negative,12,False,1200,367,1047,153,0.269085303,0.2681258619
2012,observation,emotion_joy,12,False,1200,367,1047,153,0.03681774068,0.007016339745
2012,observation,emotion_sadness,12,False,1200,367,1047,153,0.07086824923,0.007930856107
2012,observation,emotion_anger,12,False,1200,367,1047,153,0.02480055439,0.007131842497
2012,song_within_year,ll_sexual_content,12,False,1200,367,314,53,0.5794687002,0.8317661881
2012,song_within_year,ll_violence,12,False,1200,367,314,53,0.289188169,0.02337355353
2012,song_within_year,ll_explicit_language,12,False,1200,367,314,53,0.4496463892,0.1339466982
2012,song_within_year,ll_substance_use,12,False,1200,367,314,53,0.4228826149,0.04793222807
2012,song_within_year,sentiment_positive,12,False,1200,367,314,53,0.3048764181,0.3060471117
2012,song_within_year,sentiment_negative,12,False,1200,367,314,53,0.2673722184,0.2638120353
2012,song_within_year,emotion_joy,12,False,1200,367,314,53,0.03228692614,0.007535492303
2012,song_within_year,emotion_sadness,12,False,1200,367,314,53,0.05991871566,0.006318003871
2012,song_within_year,emotion_anger,12,False,1200,367,314,53,0.02607364582,0.006994080278
2013,observation,ll_sexual_content,12,False,1200,389,1056,144,0.5806944788,0.9005899727
2013,observation,ll_violence,12,False,1200,389,1056,144,0.3090110362,0.02030544356
2013,observation,ll_explicit_language,12,False,1200,389,1056,144,0.4410580407,0.1034703963
2013,observation,ll_substance_use,12,False,1200,389,1056,144,0.4157547731,0.06870440394
2013,observation,sentiment_positive,12,False,1200,389,1056,144,0.3108221971,0.3091514707
2013,observation,sentiment_negative,12,False,1200,389,1056,144,0.2654420764,0.2583535016
2013,observation,emotion_joy,12,False,1200,389,1056,144,0.0314304939,0.01094117676
2013,observation,emotion_sadness,12,False,1200,389,1056,144,0.0600830894,0.006076769652
2013,observation,emotion_anger,12,False,1200,389,1056,144,0.03027028643,0.005927408907
2013,song_within_year,ll_sexual_content,12,False,1200,389,336,53,0.5755002819,0.8769126236
2013,song_within_year,ll_violence,12,False,1200,389,336,53,0.2878838878,0.01982215792
2013,song_within_year,ll_explicit_language,12,False,1200,389,336,53,0.4498293047,0.1136432216
2013,song_within_year,ll_substance_use,12,False,1200,389,336,53,0.4272052589,0.05784949288
2013,song_within_year,sentiment_positive,12,False,1200,389,336,53,0.3066866992,0.3050252323
2013,song_within_year,sentiment_negative,12,False,1200,389,336,53,0.267003437,0.2627852345
2013,song_within_year,emotion_joy,12,False,1200,389,336,53,0.03277723074,0.01009182534
2013,song_within_year,emotion_sadness,12,False,1200,389,336,53,0.06014895937,0.006910174619
2013,song_within_year,emotion_anger,12,False,1200,389,336,53,0.02950022908,0.00585717216
2014,observation,ll_sexual_content,12,False,1200,373,1025,175,0.5887278322,0.8195564747
2014,observation,ll_violence,12,False,1200,373,1025,175,0.2646472694,0.01782885566
2014,observation,ll_explicit_language,12,False,1200,373,1025,175,0.4161315892,0.1234144717
2014,observation,ll_substance_use,12,False,1200,373,1025,175,0.417727449,0.05717263743
2014,observation,sentiment_positive,12,False,1200,373,1025,175,0.3078841301,0.3049700558
2014,observation,sentiment_negative,12,False,1200,373,1025,175,0.260622277,0.2594616711
2014,observation,emotion_joy,12,False,1200,373,1025,175,0.04284406896,0.008176346115
2014,observation,emotion_sadness,12,False,1200,373,1025,175,0.03919744032,0.005144091049
2014,observation,emotion_anger,12,False,1200,373,1025,175,0.03247787921,0.005884217564
2014,song_within_year,ll_sexual_content,12,False,1200,373,316,57,0.5941234303,0.8621032238
2014,song_within_year,ll_violence,12,False,1200,373,316,57,0.2688623477,0.01783164404
2014,song_within_year,ll_explicit_language,12,False,1200,373,316,57,0.423884727,0.1274367049
2014,song_within_year,ll_substance_use,12,False,1200,373,316,57,0.430070598,0.07071659341
2014,song_within_year,sentiment_positive,12,False,1200,373,316,57,0.3054034,0.3024107367
2014,song_within_year,sentiment_negative,12,False,1200,373,316,57,0.2627310973,0.258141501
2014,song_within_year,emotion_joy,12,False,1200,373,316,57,0.03383846247,0.007490928285
2014,song_within_year,emotion_sadness,12,False,1200,373,316,57,0.04138136594,0.004983893301
2014,song_within_year,emotion_anger,12,False,1200,373,316,57,0.03257317741,0.005576374691
2015,observation,ll_sexual_content,12,False,1200,373,1010,190,0.6802828346,0.9741351604
2015,observation,ll_violence,12,False,1200,373,1010,190,0.2401916003,0.01647168584
2015,observation,ll_explicit_language,12,False,1200,373,1010,190,0.4943721598,0.4189565182
2015,observation,ll_substance_use,12,False,1200,373,1010,190,0.4366007399,0.07272878289
2015,observation,sentiment_positive,12,False,1200,373,1010,190,0.2992524053,0.298465766
2015,observation,sentiment_negative,12,False,1200,373,1010,190,0.2648441461,0.2612597048
2015,observation,emotion_joy,12,False,1200,373,1010,190,0.02029833981,0.007251540019
2015,observation,emotion_sadness,12,False,1200,373,1010,190,0.05117551177,0.005017001648
2015,observation,emotion_anger,12,False,1200,373,1010,190,0.03235301868,0.007725110743
2015,song_within_year,ll_sexual_content,12,False,1200,373,305,68,0.6281020819,0.9386588335
2015,song_within_year,ll_violence,12,False,1200,373,305,68,0.2384184252,0.01522685587
2015,song_within_year,ll_explicit_language,12,False,1200,373,305,68,0.4810895729,0.2897615731
2015,song_within_year,ll_substance_use,12,False,1200,373,305,68,0.4537448044,0.07899748534
2015,song_within_year,sentiment_positive,12,False,1200,373,305,68,0.2978009726,0.2948515713
2015,song_within_year,sentiment_negative,12,False,1200,373,305,68,0.2684972894,0.2652486861
2015,song_within_year,emotion_joy,12,False,1200,373,305,68,0.02176613968,0.006445382329
2015,song_within_year,emotion_sadness,12,False,1200,373,305,68,0.05173621971,0.005665157154
2015,song_within_year,emotion_anger,12,False,1200,373,305,68,0.03401847807,0.008442665916
2016,observation,ll_sexual_content,12,False,1200,390,996,204,0.6108012544,0.9096980691
2016,observation,ll_violence,12,False,1200,390,996,204,0.2531611898,0.01726692542
2016,observation,ll_explicit_language,12,False,1200,390,996,204,0.503156146,0.3751199692
2016,observation,ll_substance_use,12,False,1200,390,996,204,0.4878587315,0.3307144791
2016,observation,sentiment_positive,12,False,1200,390,996,204,0.2949821889,0.295266421
2016,observation,sentiment_negative,12,False,1200,390,996,204,0.269672226,0.2661848813
2016,observation,emotion_joy,12,False,1200,390,996,204,0.03146180718,0.007094247267
2016,observation,emotion_sadness,12,False,1200,390,996,204,0.047687832,0.0065131637
2016,observation,emotion_anger,12,False,1200,390,996,204,0.03087716312,0.00763313961
2016,song_within_year,ll_sexual_content,12,False,1200,390,320,70,0.5958047684,0.8827840686
2016,song_within_year,ll_violence,12,False,1200,390,320,70,0.2819547372,0.01793364622
2016,song_within_year,ll_explicit_language,12,False,1200,390,320,70,0.5038988095,0.3751199692
2016,song_within_year,ll_substance_use,12,False,1200,390,320,70,0.4850624617,0.3307144791
2016,song_within_year,sentiment_positive,12,False,1200,390,320,70,0.2957454931,0.2927734554
2016,song_within_year,sentiment_negative,12,False,1200,390,320,70,0.270156089,0.2680301864
2016,song_within_year,emotion_joy,12,False,1200,390,320,70,0.03464254121,0.006592628065
2016,song_within_year,emotion_sadness,12,False,1200,390,320,70,0.04963886824,0.00620925962
2016,song_within_year,emotion_anger,12,False,1200,390,320,70,0.03070909172,0.007023328566
2017,observation,ll_sexual_content,12,False,1200,407,1059,141,0.6656012556,0.9812507033
2017,observation,ll_violence,12,False,1200,407,1059,141,0.3213225939,0.02425153926
2017,observation,ll_explicit_language,12,False,1200,407,1059,141,0.5079908263,0.3751945794
2017,observation,ll_substance_use,12,False,1200,407,1059,141,0.5382151549,0.6917286515
2017,observation,sentiment_positive,12,False,1200,407,1059,141,0.2943195857,0.2952528049
2017,observation,sentiment_negative,12,False,1200,407,1059,141,0.2706740944,0.2662159727
2017,observation,emotion_joy,12,False,1200,407,1059,141,0.0249117121,0.005206351634
2017,observation,emotion_sadness,12,False,1200,407,1059,141,0.04089140288,0.005159088643
2017,observation,emotion_anger,12,False,1200,407,1059,141,0.04871607924,0.007983741348
2017,song_within_year,ll_sexual_content,12,False,1200,407,342,65,0.654260323,0.9739066362
2017,song_within_year,ll_violence,12,False,1200,407,342,65,0.3436952266,0.03040483501
2017,song_within_year,ll_explicit_language,12,False,1200,407,342,65,0.5312441269,0.5957181752
2017,song_within_year,ll_substance_use,12,False,1200,407,342,65,0.5383318234,0.7916930914
2017,song_within_year,sentiment_positive,12,False,1200,407,342,65,0.2917600093,0.2919798046
2017,song_within_year,sentiment_negative,12,False,1200,407,342,65,0.2746845863,0.2692584126
2017,song_within_year,emotion_joy,12,False,1200,407,342,65,0.02828845018,0.004821116199
2017,song_within_year,emotion_sadness,12,False,1200,407,342,65,0.04111038143,0.005209216964
2017,song_within_year,emotion_anger,12,False,1200,407,342,65,0.05020254383,0.008943643814
2018,observation,ll_sexual_content,12,False,1200,469,994,206,0.6722063387,0.9690811634
2018,observation,ll_violence,12,False,1200,469,994,206,0.3318869541,0.03007879481
2018,observation,ll_explicit_language,12,False,1200,469,994,206,0.6051921659,0.9918666482
2018,observation,ll_substance_use,12,False,1200,469,994,206,0.5472874456,0.8250551224
2018,observation,sentiment_positive,12,False,1200,469,994,206,0.2897295376,0.2912711029
2018,observation,sentiment_negative,12,False,1200,469,994,206,0.2785503049,0.2700636089
2018,observation,emotion_joy,12,False,1200,469,994,206,0.02118838586,0.00541522284
2018,observation,emotion_sadness,12,False,1200,469,994,206,0.0533348076,0.007144275294
2018,observation,emotion_anger,12,False,1200,469,994,206,0.05456647412,0.01101103285
2018,song_within_year,ll_sexual_content,12,False,1200,469,374,95,0.6951422683,0.9891345799
2018,song_within_year,ll_violence,12,False,1200,469,374,95,0.3985082601,0.05706338584
2018,song_within_year,ll_explicit_language,12,False,1200,469,374,95,0.6227583893,0.9930814505
2018,song_within_year,ll_substance_use,12,False,1200,469,374,95,0.5524180212,0.8123514056
2018,song_within_year,sentiment_positive,12,False,1200,469,374,95,0.291874708,0.2882282648
2018,song_within_year,sentiment_negative,12,False,1200,469,374,95,0.2781562053,0.2721005117
2018,song_within_year,emotion_joy,12,False,1200,469,374,95,0.02786017292,0.005091129499
2018,song_within_year,emotion_sadness,12,False,1200,469,374,95,0.0455293133,0.005168850417
2018,song_within_year,emotion_anger,12,False,1200,469,374,95,0.06395852775,0.01355279286
2019,observation,ll_sexual_content,12,False,1200,427,1038,162,0.6549619139,0.9740381837
2019,observation,ll_violence,12,False,1200,427,1038,162,0.3568140314,0.0349957794
2019,observation,ll_explicit_language,12,False,1200,427,1038,162,0.5694000506,0.9864344597
2019,observation,ll_substance_use,12,False,1200,427,1038,162,0.4987161623,0.396794796
2019,observation,sentiment_positive,12,False,1200,427,1038,162,0.281653405,0.2804397345
2019,observation,sentiment_negative,12,False,1200,427,1038,162,0.2834861143,0.2762848139
2019,observation,emotion_joy,12,False,1200,427,1038,162,0.02029781222,0.004574323966
2019,observation,emotion_sadness,12,False,1200,427,1038,162,0.06010003579,0.006491070846
2019,observation,emotion_anger,12,False,1200,427,1038,162,0.0462511984,0.01114326898
2019,song_within_year,ll_sexual_content,12,False,1200,427,357,70,0.6572528979,0.9787716866
2019,song_within_year,ll_violence,12,False,1200,427,357,70,0.3709360383,0.04142268002
2019,song_within_year,ll_explicit_language,12,False,1200,427,357,70,0.5952873104,0.9918646216
2019,song_within_year,ll_substance_use,12,False,1200,427,357,70,0.5042759875,0.5741997361
2019,song_within_year,sentiment_positive,12,False,1200,427,357,70,0.2835735616,0.2781528533
2019,song_within_year,sentiment_negative,12,False,1200,427,357,70,0.2831535097,0.2773624957
2019,song_within_year,emotion_joy,12,False,1200,427,357,70,0.0271377696,0.004901038948
2019,song_within_year,emotion_sadness,12,False,1200,427,357,70,0.0607435724,0.006138124801
2019,song_within_year,emotion_anger,12,False,1200,427,357,70,0.05105225806,0.01308184597
2020,observation,ll_sexual_content,12,False,1200,480,1000,200,0.6278359869,0.9428024888
2020,observation,ll_violence,12,False,1200,480,1000,200,0.369087978,0.03484654427
2020,observation,ll_explicit_language,12,False,1200,480,1000,200,0.5734383338,0.9919760823
2020,observation,ll_substance_use,12,False,1200,480,1000,200,0.5443395401,0.8938019276
2020,observation,sentiment_positive,12,False,1200,480,1000,200,0.2863960523,0.2822194248
2020,observation,sentiment_negative,12,False,1200,480,1000,200,0.283124204,0.2776368856
2020,observation,emotion_joy,12,False,1200,480,1000,200,0.02150476181,0.005493487697
2020,observation,emotion_sadness,12,False,1200,480,1000,200,0.05742808328,0.005998388398
2020,observation,emotion_anger,12,False,1200,480,1000,200,0.04952089991,0.01049743406
2020,song_within_year,ll_sexual_content,12,False,1200,480,398,82,0.6432588723,0.9635786712
2020,song_within_year,ll_violence,12,False,1200,480,398,82,0.4155765031,0.05376351438
2020,song_within_year,ll_explicit_language,12,False,1200,480,398,82,0.6083144481,0.9930832052
2020,song_within_year,ll_substance_use,12,False,1200,480,398,82,0.5783770654,0.9373086989
2020,song_within_year,sentiment_positive,12,False,1200,480,398,82,0.2877231389,0.2824403569
2020,song_within_year,sentiment_negative,12,False,1200,480,398,82,0.2820766526,0.276190808
2020,song_within_year,emotion_joy,12,False,1200,480,398,82,0.0278392364,0.004905048263
2020,song_within_year,emotion_sadness,12,False,1200,480,398,82,0.05473159428,0.005906313083
2020,song_within_year,emotion_anger,12,False,1200,480,398,82,0.04898897577,0.01139413076
2021,observation,ll_sexual_content,12,False,1200,487,989,211,0.6180167863,0.9260211587
2021,observation,ll_violence,12,False,1200,487,989,211,0.3057338219,0.01467721257
2021,observation,ll_explicit_language,12,False,1200,487,989,211,0.597219871,0.9907534122
2021,observation,ll_substance_use,12,False,1200,487,989,211,0.4775020145,0.3544141352
2021,observation,sentiment_positive,12,False,1200,487,989,211,0.2955321416,0.2947989883
2021,observation,sentiment_negative,12,False,1200,487,989,211,0.2769079764,0.2689437594
2021,observation,emotion_joy,12,False,1200,487,989,211,0.03175655285,0.006228254177
2021,observation,emotion_sadness,12,False,1200,487,989,211,0.06026432246,0.00785713084
2021,observation,emotion_anger,12,False,1200,487,989,211,0.03808855732,0.009225409944
2021,song_within_year,ll_sexual_content,12,False,1200,487,386,101,0.6251004762,0.9241513908
2021,song_within_year,ll_violence,12,False,1200,487,386,101,0.365509644,0.02808818035
2021,song_within_year,ll_explicit_language,12,False,1200,487,386,101,0.5702562516,0.9905326962
2021,song_within_year,ll_substance_use,12,False,1200,487,386,101,0.4733339384,0.3494790792
2021,song_within_year,sentiment_positive,12,False,1200,487,386,101,0.2937354757,0.29017763
2021,song_within_year,sentiment_negative,12,False,1200,487,386,101,0.280372531,0.2736282349
2021,song_within_year,emotion_joy,12,False,1200,487,386,101,0.03510381287,0.005971975312
2021,song_within_year,emotion_sadness,12,False,1200,487,386,101,0.05520152851,0.007795033511
2021,song_within_year,emotion_anger,12,False,1200,487,386,101,0.04328477742,0.01051567495
2022,observation,ll_sexual_content,12,False,1200,502,1008,192,0.6048976062,0.9006353915
2022,observation,ll_violence,12,False,1200,502,1008,192,0.3059463758,0.01681058109
2022,observation,ll_explicit_language,12,False,1200,502,1008,192,0.560558591,0.9766475856
2022,observation,ll_substance_use,12,False,1200,502,1008,192,0.4713431972,0.3081364632
2022,observation,sentiment_positive,12,False,1200,502,1008,192,0.2895627613,0.2885182351
2022,observation,sentiment_negative,12,False,1200,502,1008,192,0.2812515617,0.2712005526
2022,observation,emotion_joy,12,False,1200,502,1008,192,0.02353648923,0.004643720924
2022,observation,emotion_sadness,12,False,1200,502,1008,192,0.06504249324,0.007860632613
2022,observation,emotion_anger,12,False,1200,502,1008,192,0.04081667699,0.00794833526
2022,song_within_year,ll_sexual_content,12,False,1200,502,415,87,0.6294475504,0.970158875
2022,song_within_year,ll_violence,12,False,1200,502,415,87,0.393169559,0.04420506582
2022,song_within_year,ll_explicit_language,12,False,1200,502,415,87,0.60026179,0.9918169379
2022,song_within_year,ll_substance_use,12,False,1200,502,415,87,0.4637249752,0.2270108312
2022,song_within_year,sentiment_positive,12,False,1200,502,415,87,0.2875885109,0.282749027
2022,song_within_year,sentiment_negative,12,False,1200,502,415,87,0.285653775,0.2782088816
2022,song_within_year,emotion_joy,12,False,1200,502,415,87,0.02636837746,0.004340478447
2022,song_within_year,emotion_sadness,12,False,1200,502,415,87,0.06286366641,0.008974993601
2022,song_within_year,emotion_anger,12,False,1200,502,415,87,0.05309521971,0.01027833298
2023,observation,ll_sexual_content,12,False,1200,499,1023,177,0.5700673665,0.7642361522
2023,observation,ll_violence,12,False,1200,499,1023,177,0.2928791279,0.02206663787
2023,observation,ll_explicit_language,12,False,1200,499,1023,177,0.5811349225,0.9791156054
2023,observation,ll_substance_use,12,False,1200,499,1023,177,0.5069766466,0.4529252052
2023,observation,sentiment_positive,12,False,1200,499,1023,177,0.2849836021,0.284525305
2023,observation,sentiment_negative,12,False,1200,499,1023,177,0.2884535616,0.2786252052
2023,observation,emotion_joy,12,False,1200,499,1023,177,0.0236636047,0.004042197019
2023,observation,emotion_sadness,12,False,1200,499,1023,177,0.06281694587,0.008949480951
2023,observation,emotion_anger,12,False,1200,499,1023,177,0.04830431301,0.008999478072
2023,song_within_year,ll_sexual_content,12,False,1200,499,419,80,0.5608763504,0.7435389161
2023,song_within_year,ll_violence,12,False,1200,499,419,80,0.301335218,0.01639561914
2023,song_within_year,ll_explicit_language,12,False,1200,499,419,80,0.5325720134,0.5827483535
2023,song_within_year,ll_substance_use,12,False,1200,499,419,80,0.4672248677,0.2313582301
2023,song_within_year,sentiment_positive,12,False,1200,499,419,80,0.290288225,0.2864313871
2023,song_within_year,sentiment_negative,12,False,1200,499,419,80,0.2852948455,0.2762120962
2023,song_within_year,emotion_joy,12,False,1200,499,419,80,0.02920682461,0.004227769561
2023,song_within_year,emotion_sadness,12,False,1200,499,419,80,0.05687383637,0.006625126465
2023,song_within_year,emotion_anger,12,False,1200,499,419,80,0.04514363637,0.006882819813
2024,observation,ll_sexual_content,12,False,1200,517,1018,182,0.6201202214,0.9200110435
2024,observation,ll_violence,12,False,1200,517,1018,182,0.3579190726,0.06134709902
2024,observation,ll_explicit_language,12,False,1200,517,1018,182,0.6073095435,0.9928328991
2024,observation,ll_substance_use,12,False,1200,517,1018,182,0.5076398795,0.4711524993
2024,observation,sentiment_positive,12,False,1200,517,1018,182,0.2876019134,0.2839196324
2024,observation,sentiment_negative,12,False,1200,517,1018,182,0.2889117741,0.2870454112
2024,observation,emotion_joy,12,False,1200,517,1018,182,0.0287348141,0.005303234355
2024,observation,emotion_sadness,12,False,1200,517,1018,182,0.06885449579,0.008552166633
2024,observation,emotion_anger,12,False,1200,517,1018,182,0.05838820355,0.01346527419
2024,song_within_year,ll_sexual_content,12,False,1200,517,425,92,0.6578273335,0.9727372527
2024,song_within_year,ll_violence,12,False,1200,517,425,92,0.4042231593,0.09739467502
2024,song_within_year,ll_explicit_language,12,False,1200,517,425,92,0.6317330637,0.9935882092
2024,song_within_year,ll_substance_use,12,False,1200,517,425,92,0.5173686026,0.6045282483
2024,song_within_year,sentiment_positive,12,False,1200,517,425,92,0.285961311,0.2836535424
2024,song_within_year,sentiment_negative,12,False,1200,517,425,92,0.2910169801,0.2880478799
2024,song_within_year,emotion_joy,12,False,1200,517,425,92,0.02955912955,0.00450658286
2024,song_within_year,emotion_sadness,12,False,1200,517,425,92,0.06865704513,0.007031760277
2024,song_within_year,emotion_anger,12,False,1200,517,425,92,0.06625329542,0.0163590312
2025,observation,ll_sexual_content,12,False,1200,481,1018,182,0.5792588913,0.8512547016
2025,observation,ll_violence,12,False,1200,481,1018,182,0.2689663809,0.01611102372
2025,observation,ll_explicit_language,12,False,1200,481,1018,182,0.4720791006,0.2162319124
2025,observation,ll_substance_use,12,False,1200,481,1018,182,0.4619205537,0.1323237866
2025,observation,sentiment_positive,12,False,1200,481,1018,182,0.2920914805,0.2854854465
2025,observation,sentiment_negative,12,False,1200,481,1018,182,0.2819964811,0.2739386857
2025,observation,emotion_joy,12,False,1200,481,1018,182,0.03482136598,0.005449794233
2025,observation,emotion_sadness,12,False,1200,481,1018,182,0.04970670651,0.007732936181
2025,observation,emotion_anger,12,False,1200,481,1018,182,0.03796689854,0.00752556324
2025,song_within_year,ll_sexual_content,12,False,1200,481,394,87,0.5964650532,0.8822632134
2025,song_within_year,ll_violence,12,False,1200,481,394,87,0.3083319258,0.02074584737
2025,song_within_year,ll_explicit_language,12,False,1200,481,394,87,0.5235835438,0.5280588567
2025,song_within_year,ll_substance_use,12,False,1200,481,394,87,0.4744792999,0.1942743212
2025,song_within_year,sentiment_positive,12,False,1200,481,394,87,0.2962354164,0.2899591401
2025,song_within_year,sentiment_negative,12,False,1200,481,394,87,0.278573153,0.2730721824
2025,song_within_year,emotion_joy,12,False,1200,481,394,87,0.03645949777,0.005541532999
2025,song_within_year,emotion_sadness,12,False,1200,481,394,87,0.04723067931,0.005834865791
2025,song_within_year,emotion_anger,12,False,1200,481,394,87,0.03927768153,0.00753241661
2026,observation,ll_sexual_content,9,True,900,383,738,162,0.5836319772,0.8249368668
2026,observation,ll_violence,9,True,900,383,738,162,0.3177505828,0.01447867695
2026,observation,ll_explicit_language,9,True,900,383,738,162,0.4944876115,0.3148444891
2026,observation,ll_substance_use,9,True,900,383,738,162,0.4682080376,0.1286767311
2026,observation,sentiment_positive,9,True,900,383,738,162,0.287729071,0.2868421922
2026,observation,sentiment_negative,9,True,900,383,738,162,0.2841557771,0.2798005939
2026,observation,emotion_joy,9,True,900,383,738,162,0.0266099822,0.005136988126
2026,observation,emotion_sadness,9,True,900,383,738,162,0.06278916437,0.007877537981
2026,observation,emotion_anger,9,True,900,383,738,162,0.0325118371,0.008453851566
2026,song_within_year,ll_sexual_content,9,True,900,383,314,69,0.5973169421,0.8624173701
2026,song_within_year,ll_violence,9,True,900,383,314,69,0.3354351298,0.02151619084
2026,song_within_year,ll_explicit_language,9,True,900,383,314,69,0.5668876703,0.9881751537
2026,song_within_year,ll_substance_use,9,True,900,383,314,69,0.5118406758,0.58678177
2026,song_within_year,sentiment_positive,9,True,900,383,314,69,0.2833027767,0.2811598742
2026,song_within_year,sentiment_negative,9,True,900,383,314,69,0.2867613793,0.2797640289
2026,song_within_year,emotion_joy,9,True,900,383,314,69,0.01969759864,0.004235341446
2026,song_within_year,emotion_sadness,9,True,900,383,314,69,0.06117723815,0.007776372135
2026,song_within_year,emotion_anger,9,True,900,383,314,69,0.04093203628,0.009229182062
