model,label,aggregation,sample,n,min,max,mean,median,sd,q05,q25,q75,q95,zero,one,below_01,above_99
lyriclens,sexual,mean,all_200,200,0.0008586191106587648,0.9992576241493225,0.5139171858824557,0.6103951930999756,0.44788325882834296,0.003089766297489405,0.015558527782559395,0.9916720986366272,0.9977193593978881,0,0,41,53
lyriclens,sexual,mean,core_180,180,0.0008586191106587648,0.9988585710525513,0.5077916214792316,0.5612478852272034,0.4454330186252767,0.0030070521519519394,0.017559717409312725,0.9888297766447067,0.9976117849349976,0,0,35,44
lyriclens,sexual,token_weighted_mean,all_200,200,0.0008586191106587648,0.9992576241493225,0.5139171186282042,0.6103951930999756,0.44788276945370714,0.003089766297489405,0.015558527782559395,0.9916720986366272,0.9977193593978881,0,0,41,53
lyriclens,sexual,token_weighted_mean,core_180,180,0.0008586191106587648,0.9988585710525513,0.5077915467522855,0.5612478852272034,0.44543247054575924,0.0030070521519519394,0.017559717409312725,0.9888297766447067,0.9976117849349976,0,0,35,44
lyriclens,sexual,max,all_200,200,0.0008586191106587648,0.9992576241493225,0.5145258309639757,0.6103951930999756,0.44805526666544193,0.003089766297489405,0.015558527782559395,0.9918462187051773,0.9977495074272156,0,0,41,54
lyriclens,sexual,max,core_180,180,0.0008586191106587648,0.9988585710525513,0.5084678937920317,0.5612478852272034,0.44563458881164997,0.0030070521519519394,0.017559717409312725,0.9896195977926254,0.9977193593978881,0,0,35,45
lyriclens,sexual,q90,all_200,200,0.0008586191106587648,0.9992576241493225,0.5144041019476717,0.6103951930999756,0.4480141645749323,0.003089766297489405,0.015558527782559395,0.9916720986366272,0.9977193593978881,0,0,41,53
lyriclens,sexual,q90,core_180,180,0.0008586191106587648,0.9988585710525513,0.5083326393294717,0.5612478852272034,0.44558679466247464,0.0030070521519519394,0.017559717409312725,0.9888297766447067,0.9976117849349976,0,0,35,44
lyriclens,violence,mean,all_200,200,0.0004991397727280855,0.999237060546875,0.2081218037585495,0.007363192504271865,0.37458602479095654,0.001112547644879669,0.00348652241518721,0.08581722155213356,0.9969305664300918,0,0,117,29
lyriclens,violence,mean,core_180,180,0.0004991397727280855,0.999237060546875,0.19732923123390517,0.007191936019808054,0.36802963739220307,0.0012416727608069778,0.0034121713833883405,0.05337869469076395,0.9969440966844558,0,0,108,25
lyriclens,violence,token_weighted_mean,all_200,200,0.0004991397727280855,0.999237060546875,0.2081232628188665,0.007363192504271865,0.3745879030890461,0.001112547644879669,0.00348652241518721,0.08581722155213356,0.9969305664300918,0,0,117,29
lyriclens,violence,token_weighted_mean,core_180,180,0.0004991397727280855,0.999237060546875,0.19733085241203518,0.007191936019808054,0.36803181056194784,0.0012416727608069778,0.0034121713833883405,0.05337869469076395,0.9969440966844558,0,0,108,25
lyriclens,violence,max,all_200,200,0.0004991397727280855,0.999237060546875,0.20968943905900234,0.007363192504271865,0.3772324266851831,0.001112547644879669,0.003518710669595748,0.08581722155213356,0.9969440966844558,0,0,117,30
lyriclens,violence,max,core_180,180,0.0004991397727280855,0.999237060546875,0.1990710482344083,0.007191936019808054,0.3710730835217455,0.0012416727608069778,0.00348652241518721,0.05337869469076395,0.9972072005271911,0,0,108,26
lyriclens,violence,q90,all_200,200,0.0004991397727280855,0.999237060546875,0.20937591199891176,0.007363192504271865,0.37660075751923194,0.001112547644879669,0.00348652241518721,0.08581722155213356,0.9969305664300918,0,0,117,29
lyriclens,violence,q90,core_180,180,0.0004991397727280855,0.999237060546875,0.1987226848343077,0.007191936019808054,0.3703490310197287,0.0012416727608069778,0.003428831131896004,0.05337869469076395,0.9969440966844558,0,0,108,25
lyriclens,substance,mean,all_200,200,0.0003945846692658961,0.999404788017273,0.23456611997040455,0.006828123005107045,0.4026510641794849,0.0010178715368965642,0.0028177162748761475,0.16035766527056694,0.9966511279344559,0,0,121,28
lyriclens,substance,mean,core_180,180,0.0003945846692658961,0.999404788017273,0.2156740299749395,0.006741397548466921,0.3881818261910223,0.0009555124299367892,0.0028006999637000263,0.09952283650636673,0.9954043924808502,0,0,113,20
lyriclens,substance,token_weighted_mean,all_200,200,0.0003945846692658961,0.999404788017273,0.2345663765600294,0.006828123005107045,0.4026517061023981,0.0010178715368965642,0.0028177162748761475,0.16035766527056694,0.9966511279344559,0,0,121,28
lyriclens,substance,token_weighted_mean,core_180,180,0.0003945846692658961,0.999404788017273,0.2156743150745227,0.006741397548466921,0.3881825803905162,0.0009555124299367892,0.0028006999637000263,0.09952283650636673,0.9954043924808502,0,0,113,20
lyriclens,substance,max,all_200,200,0.0003945846692658961,0.999404788017273,0.23509622632118407,0.006828123005107045,0.40328064009315334,0.0010178715368965642,0.0028177162748761475,0.16035766527056694,0.9966511279344559,0,0,121,28
lyriclens,substance,max,core_180,180,0.0003945846692658961,0.999404788017273,0.2162630370313612,0.006741397548466921,0.3889364500355987,0.0009555124299367892,0.0028006999637000263,0.10153738223016262,0.9954043924808502,0,0,113,20
lyriclens,substance,q90,all_200,200,0.0003945846692658961,0.999404788017273,0.23499020505102816,0.006828123005107045,0.4031476953881443,0.0010178715368965642,0.0028177162748761475,0.16035766527056694,0.9966511279344559,0,0,121,28
lyriclens,substance,q90,core_180,180,0.0003945846692658961,0.999404788017273,0.21614523562007687,0.006741397548466921,0.38877745515840323,0.0009555124299367892,0.0028006999637000263,0.09952283650636673,0.9954043924808502,0,0,113,20
lyriclens,explicit_language,mean,all_200,200,0.0007651577470824122,0.9996194839477539,0.2841047653724672,0.02467731386423111,0.40445696339572945,0.0017649200395680967,0.0045749632408842444,0.6198359280824661,0.9973509073257446,0,0,84,37
lyriclens,explicit_language,mean,core_180,180,0.0007651577470824122,0.9996194839477539,0.25923248976404367,0.019112030044198036,0.38998832937185335,0.0015070665103849026,0.004502118448726833,0.42041753232479095,0.9973509073257446,0,0,79,30
lyriclens,explicit_language,token_weighted_mean,all_200,200,0.0007651577470824122,0.9996194839477539,0.28410476414509284,0.02467731386423111,0.40445696336046205,0.0017649200395680967,0.0045749632408842444,0.6198359280824661,0.9973509073257446,0,0,84,37
lyriclens,explicit_language,token_weighted_mean,core_180,180,0.0007651577470824122,0.9996194839477539,0.25923248840029434,0.019112030044198036,0.3899883292437292,0.0015070665103849026,0.004502118448726833,0.42041753232479095,0.9973509073257446,0,0,79,30
lyriclens,explicit_language,max,all_200,200,0.0007651577470824122,0.9996194839477539,0.28410603480238933,0.02467731386423111,0.404457020006077,0.0017649200395680967,0.0045749632408842444,0.6198359280824661,0.9973509073257446,0,0,84,37
lyriclens,explicit_language,max,core_180,180,0.0007651577470824122,0.9996194839477539,0.25923390024173487,0.019112030044198036,0.38998848510056205,0.0015070665103849026,0.004502118448726833,0.42041753232479095,0.9973509073257446,0,0,79,30
lyriclens,explicit_language,q90,all_200,200,0.0007651577470824122,0.9996194839477539,0.2841057809164049,0.02467731386423111,0.40445700864207784,0.0017649200395680967,0.0045749632408842444,0.6198359280824661,0.9973509073257446,0,0,84,37
lyriclens,explicit_language,q90,core_180,180,0.0007651577470824122,0.9996194839477539,0.2592336181461966,0.019112030044198036,0.38998845390652165,0.0015070665103849026,0.004502118448726833,0.42041753232479095,0.9973509073257446,0,0,79,30
detoxify,toxicity,mean,all_200,200,0.00035254747490398586,0.9952962398529053,0.2118174407040351,0.036916354671120644,0.3196241966947921,0.001037886472477112,0.004822167218662798,0.27598160319030285,0.9587076693773268,0,0,71,3
detoxify,toxicity,mean,core_180,180,0.00035254747490398586,0.9952962398529053,0.19709387078171992,0.036916354671120644,0.30156788083452324,0.001037886472477112,0.00484805041924119,0.25248774141073227,0.931272479891777,0,0,65,1
detoxify,toxicity,token_weighted_mean,all_200,200,0.00035254747490398586,0.9952962398529053,0.21181816208546694,0.03692451545715443,0.3196222645509574,0.001037886472477112,0.004822167218662798,0.2762633508567774,0.9587067330534798,0,0,71,3
detoxify,toxicity,token_weighted_mean,core_180,180,0.00035254747490398586,0.9952962398529053,0.19709742057006707,0.03692451545715443,0.30156879823289096,0.001037886472477112,0.00484805041924119,0.25248774141073227,0.9312748428137366,0,0,65,1
detoxify,toxicity,max,all_200,200,0.00035254747490398586,0.996401309967041,0.23460664795406047,0.03994659334421158,0.33934524267040583,0.0011385964462533595,0.004984081839211285,0.33170026540756226,0.9807992696762085,0,0,69,5
detoxify,toxicity,max,core_180,180,0.00035254747490398586,0.996401309967041,0.2192589104975923,0.03994659334421158,0.32165447762821775,0.0011385964462533595,0.005074906046502292,0.3174719288945198,0.9667485028505325,0,0,63,2
detoxify,toxicity,q90,all_200,200,0.00035254747490398586,0.9963083744049073,0.2301230415783939,0.03955919332802296,0.33491639381336197,0.0011385964462533595,0.004969805711880326,0.3177397921332158,0.9782895776629448,0,0,70,4
detoxify,toxicity,q90,core_180,180,0.00035254747490398586,0.9963083744049073,0.21490806856457817,0.03955919332802296,0.3173041287857732,0.0011385964462533595,0.005074906046502292,0.2927343820221722,0.9601295578479766,0,0,64,1
detoxify,severe_toxicity,mean,all_200,200,1.283591359424463e-06,0.43901195128758747,0.00942882508998082,4.417115815158468e-05,0.04225982128279692,3.169544334014063e-06,1.3576101309809019e-05,0.0002765447352430783,0.04905704443032535,0,0,179,0
detoxify,severe_toxicity,mean,core_180,180,1.283591359424463e-06,0.43901195128758747,0.005583912719644272,4.282559507373662e-05,0.03466647768823424,3.169544334014063e-06,1.3576101309809019e-05,0.00023119374782254454,0.026204105699434807,0,0,166,0
detoxify,severe_toxicity,token_weighted_mean,all_200,200,1.283591359424463e-06,0.43901195128758747,0.00942858777585282,4.417115815158468e-05,0.04225976041399258,3.169544334014063e-06,1.3576101309809019e-05,0.0002765447352430783,0.04900906988750895,0,0,179,0
detoxify,severe_toxicity,token_weighted_mean,core_180,180,1.283591359424463e-06,0.43901195128758747,0.005583953163161232,4.282559507373662e-05,0.034666485600271045,3.169544334014063e-06,1.3576101309809019e-05,0.00023119374782254454,0.026204105699434807,0,0,166,0
detoxify,severe_toxicity,max,all_200,200,1.283591359424463e-06,0.4833487272262573,0.013071542788468947,4.6333379941643216e-05,0.054413717065522664,3.5842269085151207e-06,1.3725373946726904e-05,0.0003332016058266163,0.07453190945088856,0,0,178,0
detoxify,severe_toxicity,max,core_180,180,1.283591359424463e-06,0.4833487272262573,0.007666270498981475,4.499584247241728e-05,0.041096817700809335,3.5842269085151207e-06,1.3725373946726904e-05,0.0002765447352430783,0.03485665526241049,0,0,165,0
detoxify,severe_toxicity,q90,all_200,200,1.283591359424463e-06,0.48202431201934814,0.012356486434945054,4.532824959824211e-05,0.0521367076673089,3.5607556981176464e-06,1.3576101309809019e-05,0.00032335672863155197,0.06705666514579196,0,0,178,0
detoxify,severe_toxicity,q90,core_180,180,1.283591359424463e-06,0.48202431201934814,0.007257260077199135,4.472964792512357e-05,0.040116286181832786,3.5607556981176464e-06,1.3576101309809019e-05,0.0002765447352430783,0.03214550523785859,0,0,165,0
detoxify,obscene,mean,all_200,200,3.238518183934502e-05,0.979826013247172,0.12553879785689182,0.0032464134274050593,0.2777127239620461,8.650670242786875e-05,0.0005640254421450663,0.04038895247504115,0.9105251699686049,0,0,127,0
detoxify,obscene,mean,core_180,180,3.238518183934502e-05,0.9785167177518209,0.10485751179316544,0.0031137006590142846,0.2472618651344091,0.00010232492168142928,0.0005640254421450663,0.03486772580072284,0.8487715348601339,0,0,118,0
detoxify,obscene,token_weighted_mean,all_200,200,3.238518183934502e-05,0.979826013247172,0.12553933567325468,0.0032464134274050593,0.27770946901461624,8.650670242786875e-05,0.0005640254421450663,0.0403944669770259,0.9104992026164405,0,0,127,0
detoxify,obscene,token_weighted_mean,core_180,180,3.238518183934502e-05,0.9785167177518209,0.10486107296414901,0.0031137006590142846,0.24726260278894815,0.00010232492168142928,0.0005640254421450663,0.03486655420406358,0.8487715348601339,0,0,118,0
detoxify,obscene,max,all_200,200,3.238518183934502e-05,0.9865757822990417,0.14459613686733064,0.0037605150137096643,0.30450714130561485,8.650670242786875e-05,0.0006008748314343393,0.0425276393070817,0.9317670762538909,0,0,126,0
detoxify,obscene,max,core_180,180,3.238518183934502e-05,0.9823054671287537,0.12296685440103627,0.0035065707052126527,0.2758968278860251,0.00010232492168142928,0.0006008748314343393,0.03574628662317991,0.915656253695488,0,0,117,0
detoxify,obscene,q90,all_200,200,3.238518183934502e-05,0.9821986079216003,0.14063011373756673,0.003728142203181051,0.29811265888217764,8.650670242786875e-05,0.0005956304026767612,0.04191097430884838,0.9289426153898239,0,0,127,0
detoxify,obscene,q90,core_180,180,3.238518183934502e-05,0.9813060402870178,0.11917210999497507,0.0035065707052126527,0.2691601193869879,0.00010232492168142928,0.0005956304026767612,0.03541790759190917,0.8986960902810095,0,0,118,0
detoxify,identity_attack,mean,all_200,200,5.337901529856026e-05,0.7376680572827657,0.019865663583580804,0.0011415792832849547,0.07330662491903134,0.00011921562836505473,0.00040994081791723147,0.005053113825852051,0.09794484057153226,0,0,165,0
detoxify,identity_attack,mean,core_180,180,5.337901529856026e-05,0.7376680572827657,0.017597587290981244,0.001122067027608864,0.07213298823123133,0.00011921562836505473,0.00040174931928049773,0.0037390931393019855,0.08422002978622906,0,0,152,0
detoxify,identity_attack,token_weighted_mean,all_200,200,5.337901529856026e-05,0.7376680572827657,0.01986604502237153,0.0011415792832849547,0.07330962011594339,0.00011921562836505473,0.00040994081791723147,0.005052564553732142,0.09794484057153226,0,0,165,0
detoxify,identity_attack,token_weighted_mean,core_180,180,5.337901529856026e-05,0.7376680572827657,0.017597070778389082,0.001122479146568277,0.07213282633008482,0.00011921562836505473,0.00040174931928049773,0.0037390931393019855,0.08422002978622906,0,0,152,0
detoxify,identity_attack,max,all_200,200,5.337901529856026e-05,0.7437360286712646,0.027650491450440313,0.001324532786384225,0.0932771362074697,0.00011921562836505473,0.00041388718091184273,0.005130393896251917,0.18445496261119776,0,0,161,0
detoxify,identity_attack,max,core_180,180,5.337901529856026e-05,0.7437360286712646,0.023946673147818526,0.0012759710662066936,0.08834543246035713,0.00011921562836505473,0.0004116975032957271,0.004115375690162182,0.10803462937474133,0,0,149,0
detoxify,identity_attack,q90,all_200,200,5.337901529856026e-05,0.7425559759140015,0.026012078228126484,0.001305703882826492,0.08874463151178826,0.00011921562836505473,0.00041388718091184273,0.005130393896251917,0.1801417272910475,0,0,162,0
detoxify,identity_attack,q90,core_180,180,5.337901529856026e-05,0.7425559759140015,0.022650755182043618,0.0012629818287678064,0.08474141887272277,0.00011921562836505473,0.0004116975032957271,0.004062556894496083,0.08875548160634814,0,0,150,0
detoxify,insult,mean,all_200,200,0.00010439434845466167,0.8722209731737772,0.09007357410921638,0.0032497477950528264,0.19095730841071193,0.00021677840195479802,0.0007606214931001887,0.04187638033181429,0.5373457208275795,0,0,128,0
detoxify,insult,mean,core_180,180,0.00010439434845466167,0.8722209731737772,0.07952741966997834,0.003205369779607281,0.17603921928184857,0.00021677840195479802,0.0007892653302405961,0.03951254300773144,0.4993289664387701,0,0,117,0
detoxify,insult,token_weighted_mean,all_200,200,0.00010439434845466167,0.8722209731737772,0.09007270790492747,0.0032497477950528264,0.19095543775494406,0.00021677840195479802,0.0007606214931001887,0.04187638033181429,0.5373457208275795,0,0,128,0
detoxify,insult,token_weighted_mean,core_180,180,0.00010439434845466167,0.8722209731737772,0.07952881934278432,0.003205369779607281,0.17604052864463152,0.00021677840195479802,0.0007892653302405961,0.03951254300773144,0.4993289664387701,0,0,117,0
detoxify,insult,max,all_200,200,0.00010439434845466167,0.8884900808334351,0.10632326866973017,0.003467145492322743,0.21889846609897465,0.00021677840195479802,0.0008306400995934382,0.05348113551735878,0.6910448789596557,0,0,123,0
detoxify,insult,max,core_180,180,0.00010439434845466167,0.8884900808334351,0.09382507303719952,0.003467145492322743,0.2010164888379329,0.00021677840195479802,0.0008647862705402076,0.041441986337304115,0.6535130530595777,0,0,112,0
detoxify,insult,q90,all_200,200,0.00010439434845466167,0.888105833530426,0.10299234046426137,0.003467145492322743,0.21285131032276897,0.00021677840195479802,0.0008306400995934382,0.051856324682012206,0.6441783086955547,0,0,126,0
detoxify,insult,q90,core_180,180,0.00010439434845466167,0.888105833530426,0.09089245038866971,0.003467145492322743,0.19557320382240212,0.00021677840195479802,0.0008647862705402076,0.04025461710989475,0.621263876110315,0,0,115,0
detoxify,threat,mean,all_200,200,1.551954665046651e-05,0.5534355640411377,0.008278790517985423,0.00026342543424107134,0.049262858737190794,3.0115936624497408e-05,8.292840720969252e-05,0.001347583209280856,0.019370330125093437,0,0,184,0
detoxify,threat,mean,core_180,180,1.551954665046651e-05,0.5534355640411377,0.008657393030544983,0.00024764523550402373,0.051851280060206714,3.071719393119565e-05,8.587118645664304e-05,0.0012019477144349366,0.014717423178565916,0,0,167,0
detoxify,threat,token_weighted_mean,all_200,200,1.551954665046651e-05,0.5534355640411377,0.008278172759210528,0.00026342543424107134,0.04926166633700692,3.0115936624497408e-05,8.292840720969252e-05,0.001347583209280856,0.019370330125093437,0,0,184,0
detoxify,threat,token_weighted_mean,core_180,180,1.551954665046651e-05,0.5534355640411377,0.008656766078995896,0.00024764523550402373,0.05185006105801205,3.071719393119565e-05,8.585936861030908e-05,0.0012019477144349366,0.014717423178565916,0,0,167,0
detoxify,threat,max,all_200,200,1.551954665046651e-05,0.5534355640411377,0.00935691602582665,0.0002833382459357381,0.05024464080107453,3.0115936624497408e-05,9.089716513699386e-05,0.0016982904926408082,0.026206710748374436,0,0,177,0
detoxify,threat,max,core_180,180,1.551954665046651e-05,0.5534355640411377,0.009675871741759086,0.00025375260156579316,0.05280569138719607,3.071719393119565e-05,9.089716513699386e-05,0.0012804341386072338,0.02089957473799577,0,0,160,0
detoxify,threat,q90,all_200,200,1.551954665046651e-05,0.5534355640411377,0.009112939720555005,0.00027727984270313754,0.05000907369265647,3.0115936624497408e-05,9.089716513699386e-05,0.001671078530489467,0.021645566360093602,0,0,178,0
detoxify,threat,q90,core_180,180,1.551954665046651e-05,0.5534355640411377,0.009440795775222392,0.00025375260156579316,0.05257640940297711,3.071719393119565e-05,9.089716513699386e-05,0.0012804341386072338,0.02066767175216226,0,0,161,0
detoxify,sexual_explicit,mean,all_200,200,1.3729860256717075e-05,0.8855344653129578,0.03788596924009501,0.0013101130607537925,0.11605714873360556,4.389528003230226e-05,0.00032437974005006254,0.007827376772183925,0.21639838935807346,0,0,151,0
detoxify,sexual_explicit,mean,core_180,180,1.3729860256717075e-05,0.44429581239819527,0.023248531585605397,0.0012702640378847718,0.06260224821276926,4.389528003230226e-05,0.000331770112097729,0.006857729749754071,0.1425510502362157,0,0,141,0
detoxify,sexual_explicit,token_weighted_mean,all_200,200,1.3729860256717075e-05,0.8855344653129578,0.03788390792875025,0.0013103028959177657,0.11605231848629564,4.389528003230226e-05,0.00032437974005006254,0.007827090286302464,0.21640129413771061,0,0,151,0
detoxify,sexual_explicit,token_weighted_mean,core_180,180,1.3729860256717075e-05,0.44429581239819527,0.023247815140274058,0.0012702640378847718,0.06259693114725703,4.389528003230226e-05,0.000331770112097729,0.006857729749754071,0.1425510502362157,0,0,141,0
detoxify,sexual_explicit,max,all_200,200,1.3729860256717075e-05,0.9110885262489319,0.05232137285473982,0.001438431499991566,0.1503721311217894,4.389528003230226e-05,0.000333221978507936,0.011142626637592912,0.29972108155488847,0,0,148,0
detoxify,sexual_explicit,max,core_180,180,1.3729860256717075e-05,0.846077561378479,0.034942945593451846,0.0014024070696905255,0.10369722516556769,4.389528003230226e-05,0.0003413919184822589,0.006953820586204529,0.21590199097990984,0,0,138,0
detoxify,sexual_explicit,q90,all_200,200,1.3729860256717075e-05,0.9065358281135559,0.04938749100496989,0.0013948342530056834,0.14294927840666452,4.389528003230226e-05,0.00033117824932560325,0.010908818710595368,0.2698330717242778,0,0,148,0
detoxify,sexual_explicit,q90,core_180,180,1.3729860256717075e-05,0.7657212115824222,0.03251931397534463,0.0013596212957054377,0.09504586654874689,4.389528003230226e-05,0.0003413919184822589,0.006857729749754071,0.2051090686768293,0,0,138,0
emotion,admiration,mean,all_200,200,0.000515835708938539,0.7779138684272766,0.02918609636724189,0.003983529866673052,0.09337541856475423,0.0008953212178312242,0.0015834825317142531,0.011514816200360656,0.10427132026525193,0,0,141,0
emotion,admiration,mean,core_180,180,0.000515835708938539,0.7779138684272766,0.02521312669446666,0.0036915799137204885,0.07982171824728088,0.0008667596994200721,0.0015533443656750023,0.011514816200360656,0.09936901101609684,0,0,126,0
emotion,admiration,token_weighted_mean,all_200,200,0.000515835708938539,0.7779138684272766,0.0291888410044813,0.003983529866673052,0.09338598080946005,0.0008953212178312242,0.0015830942934105217,0.011514816200360656,0.10427132026525193,0,0,141,0
emotion,admiration,token_weighted_mean,core_180,180,0.000515835708938539,0.7779138684272766,0.025216217703894355,0.0036915799137204885,0.07983559816357383,0.0008667596994200721,0.0015534069918625984,0.011514816200360656,0.09936901101609684,0,0,126,0
emotion,admiration,max,all_200,200,0.000515835708938539,0.7779138684272766,0.03374201706697932,0.004198380513116717,0.10565378066294899,0.0009540649480186404,0.0017258390435017645,0.013667792780324817,0.12038608752190914,0,0,133,0
emotion,admiration,max,core_180,180,0.000515835708938539,0.7779138684272766,0.029486949506746088,0.003983529866673052,0.0915744351134567,0.0008953212178312242,0.0016711001517251134,0.013325285399332643,0.11105032525956622,0,0,119,0
emotion,admiration,q90,all_200,200,0.000515835708938539,0.7779138684272766,0.03278222911644844,0.004190067626768723,0.10291377154985973,0.0009540649480186404,0.0016851326217874885,0.013667792780324817,0.11936951539246247,0,0,135,0
emotion,admiration,q90,core_180,180,0.000515835708938539,0.7779138684272766,0.028578372278231352,0.003983529866673052,0.08889713157778244,0.0008953212178312242,0.0016047949611674994,0.013325285399332643,0.10116267155855868,0,0,121,0
emotion,amusement,mean,all_200,200,0.0004457161121536046,0.6108011156320572,0.014742801958685353,0.002168470062315464,0.05776899766320019,0.0007583403639728203,0.0012637005129363388,0.0051080356643069535,0.049896357487887094,0,0,168,0
emotion,amusement,mean,core_180,180,0.0004457161121536046,0.35244855284690857,0.010609572012402134,0.002094903029501438,0.03712584215767477,0.000752249697688967,0.0012637005129363388,0.004572448320686817,0.038687331113032984,0,0,153,0
emotion,amusement,token_weighted_mean,all_200,200,0.0004457161121536046,0.6105807476418473,0.014742560385100327,0.002168470062315464,0.05776158058707353,0.0007583403639728203,0.0012637005129363388,0.0051080356643069535,0.049896357487887094,0,0,168,0
emotion,amusement,token_weighted_mean,core_180,180,0.0004457161121536046,0.35244855284690857,0.010609770920398783,0.002094903029501438,0.03712599309046581,0.000752249697688967,0.0012637005129363388,0.004572448320686817,0.038689164089177344,0,0,153,0
emotion,amusement,max,all_200,200,0.0004457161121536046,0.8084712028503418,0.020667875468352578,0.002302489592693746,0.08521316146106352,0.0007804212422342971,0.0012788513558916748,0.00583330902736634,0.0625372169539331,0,0,163,0
emotion,amusement,max,core_180,180,0.0004457161121536046,0.5873647332191467,0.014095665223269153,0.0022395733976736665,0.05674267296947623,0.0007597652729600668,0.0012788513558916748,0.005147971445694566,0.039349319227039575,0,0,150,0
emotion,amusement,q90,all_200,200,0.0004457161121536046,0.7689371854066849,0.019266052828956163,0.0022482241212856023,0.07802449514283952,0.000761746781936381,0.0012695645826170223,0.00571007882244885,0.05987664743792259,0,0,166,0
emotion,amusement,q90,core_180,180,0.0004457161121536046,0.4711175150237978,0.01315849513491331,0.00221941398922354,0.05005223374776058,0.0007597652729600668,0.0012695645826170223,0.005145575932692737,0.039349319227039575,0,0,152,0
emotion,anger,mean,all_200,200,0.0005953662330284715,0.45302124321460724,0.028006966740552645,0.005289752967655659,0.06945437885808312,0.0012054445319032918,0.002568428695667535,0.014022971736267209,0.13880117461085242,0,0,132,0
emotion,anger,mean,core_180,180,0.0008743193466216326,0.45302124321460724,0.027351770082518836,0.005522522376850247,0.06953640728118812,0.0012715771241346375,0.0026874218019656837,0.013389558007474989,0.13880117461085242,0,0,119,0
emotion,anger,token_weighted_mean,all_200,200,0.0005953662330284715,0.45302124321460724,0.028007931312057373,0.005289752967655659,0.06945633323663947,0.0012054445319032918,0.0025683983832596145,0.014022971736267209,0.13880117461085242,0,0,132,0
emotion,anger,token_weighted_mean,core_180,180,0.0008743193466216326,0.45302124321460724,0.027352908080301285,0.005522522376850247,0.06953729792708907,0.0012715771241346375,0.0026874218019656837,0.013389558007474989,0.13880117461085242,0,0,119,0
emotion,anger,max,all_200,200,0.0005953662330284715,0.5370643138885498,0.03548196170624578,0.005668251542374492,0.08896896045050523,0.0012326825701165945,0.002715828886721283,0.01747675845399499,0.18290977180004084,0,0,131,0
emotion,anger,max,core_180,180,0.0008743193466216326,0.5370643138885498,0.034415638278005645,0.005745448172092438,0.08905589465617869,0.0013719736540224402,0.0028643093537539244,0.016434126533567905,0.17841550037264817,0,0,118,0
emotion,anger,q90,all_200,200,0.0005953662330284715,0.5128304183483123,0.033969511218369004,0.005668251542374492,0.08503978484372166,0.0012326825701165945,0.0026874218019656837,0.017271406087093055,0.1820586648769676,0,0,131,0
emotion,anger,q90,core_180,180,0.0008743193466216326,0.5128304183483123,0.03297966493468266,0.005745448172092438,0.08513923381213909,0.0013532870571361854,0.0028518731240183117,0.01585505868133623,0.15617951966822102,0,0,118,0
emotion,annoyance,mean,all_200,200,0.0018228584667667747,0.47250548005104065,0.05669309452758171,0.016677257604897022,0.09199616061343169,0.0037299545074347407,0.008334855393817028,0.05864291482915481,0.2855866871774196,0,0,61,0
emotion,annoyance,mean,core_180,180,0.002988482592627406,0.47250548005104065,0.05668032319927416,0.017715806141495705,0.09251212744320017,0.0038872817938681694,0.0086681111715734,0.056395952589809895,0.28646547347307166,0,0,52,0
emotion,annoyance,token_weighted_mean,all_200,200,0.0018228584667667747,0.47250548005104065,0.05669454004067697,0.016677257604897022,0.09199771876158876,0.0037299545074347407,0.008338691420752069,0.05864291482915481,0.2855827754212603,0,0,61,0
emotion,annoyance,token_weighted_mean,core_180,180,0.002988482592627406,0.47250548005104065,0.05668201644649643,0.017715806141495705,0.09251358876020803,0.0038872817938681694,0.0086681111715734,0.056395952589809895,0.28646547347307166,0,0,52,0
emotion,annoyance,max,all_200,200,0.0018228584667667747,0.526117205619812,0.06547060436045285,0.018284411169588566,0.10619721928397834,0.004084738111123443,0.008776013972237706,0.06351540423929691,0.3153838306665419,0,0,57,0
emotion,annoyance,max,core_180,180,0.002988482592627406,0.526117205619812,0.06513408347317536,0.018941421061754227,0.10563871921707432,0.004400801146402955,0.0093249196652323,0.06187732610851526,0.3076335072517394,0,0,49,0
emotion,annoyance,q90,all_200,200,0.0018228584667667747,0.5004512012004853,0.06360564827523195,0.018153315410017967,0.10281157787192537,0.004084738111123443,0.008724764734506608,0.06319939494132995,0.3076335072517394,0,0,57,0
emotion,annoyance,q90,core_180,180,0.002988482592627406,0.5004512012004853,0.06332236703317096,0.01834180625155568,0.10242139554396817,0.004284460606286303,0.0093249196652323,0.06187732610851526,0.2952999067306516,0,0,49,0
emotion,approval,mean,all_200,200,0.00422704080119729,0.44774460792541504,0.04948263040743768,0.02640628209337592,0.060077697086138776,0.008869542879983783,0.014410610310733318,0.0664700735360384,0.15844513028860074,0,0,17,0
emotion,approval,mean,core_180,180,0.00422704080119729,0.44774460792541504,0.047829695157620505,0.02637414401397109,0.060151797348174094,0.009031733125448227,0.014410610310733318,0.061345557565800846,0.14984417185187332,0,0,14,0
emotion,approval,token_weighted_mean,all_200,200,0.00422704080119729,0.44774460792541504,0.04948273037784394,0.026395862106456173,0.06007711970830655,0.008869542879983783,0.014410385035884741,0.0664700735360384,0.15844513028860074,0,0,17,0
emotion,approval,token_weighted_mean,core_180,180,0.00422704080119729,0.44774460792541504,0.04782956359914031,0.026363724027051342,0.06015109426579287,0.009031733125448227,0.014410385035884741,0.061345557565800846,0.14984417185187332,0,0,14,0
emotion,approval,max,all_200,200,0.00422704080119729,0.44774460792541504,0.05612610982498154,0.02998416032642126,0.06830830889139691,0.008869542879983783,0.01578344590961933,0.07174276001751423,0.18373789936304077,0,0,16,0
emotion,approval,max,core_180,180,0.00422704080119729,0.44774460792541504,0.054358090794024365,0.027937209233641624,0.06753533304484027,0.009031733125448227,0.01578344590961933,0.0696537233889103,0.18373789936304077,0,0,14,0
emotion,approval,q90,all_200,200,0.00422704080119729,0.44774460792541504,0.054796348985750226,0.029554649628698824,0.06648602173069566,0.008869542879983783,0.015529108233749866,0.06985506787896156,0.17904380047693844,0,0,16,0
emotion,approval,q90,core_180,180,0.00422704080119729,0.44774460792541504,0.053051835836376994,0.027937209233641624,0.06592165804072053,0.009031733125448227,0.015529108233749866,0.06855300422757865,0.16975999375805245,0,0,14,0
emotion,caring,mean,all_200,200,0.0004886089591309428,0.6540184020996094,0.04082137143641982,0.007241836981847882,0.10513865394107576,0.0011657296534394845,0.0026573183616468063,0.021692743292078376,0.2762888809666036,0,0,114,0
emotion,caring,mean,core_180,180,0.0004886089591309428,0.6540184020996094,0.04012898143135114,0.007533088559284806,0.10583638502623584,0.0011657296534394845,0.002820347435772419,0.021692743292078376,0.269375549443066,0,0,102,0
emotion,caring,token_weighted_mean,all_200,200,0.0004886089591309428,0.6540184020996094,0.04082058029328996,0.007241836981847882,0.1051369570506205,0.0011657296534394845,0.0026573183616468063,0.021683356036568523,0.27629271243975134,0,0,114,0
emotion,caring,token_weighted_mean,core_180,180,0.0004886089591309428,0.6540184020996094,0.04012808329564153,0.007533088559284806,0.10583451017400117,0.0011657296534394845,0.002820347435772419,0.021683356036568523,0.2693757510995475,0,0,102,0
emotion,caring,max,all_200,200,0.0004886089591309428,0.6540184020996094,0.04474655809579417,0.007930066902190447,0.1140340472136415,0.0011879187368322164,0.003108637756668031,0.024790482129901648,0.28745687156915617,0,0,110,0
emotion,caring,max,core_180,180,0.0004886089591309428,0.6540184020996094,0.04444613845100523,0.008073004428297281,0.11565501636412447,0.0011879187368322164,0.003530378802679479,0.024790482129901648,0.284134466946125,0,0,98,0
emotion,caring,q90,all_200,200,0.0004886089591309428,0.6540184020996094,0.043852003053383666,0.007930066902190447,0.11135478047717948,0.0011879187368322164,0.0029067883937386797,0.02468051454052329,0.28745687156915617,0,0,110,0
emotion,caring,q90,core_180,180,0.0004886089591309428,0.6540184020996094,0.043461363715210206,0.008008771575987339,0.11270942533174318,0.0011879187368322164,0.0034050237154588103,0.02468051454052329,0.284134466946125,0,0,98,0
emotion,confusion,mean,all_200,200,0.0004873862490057945,0.4178329408168793,0.02249054242488152,0.0032434940803796053,0.06093609231074734,0.0008846765209455043,0.0016138509527081624,0.01216242415830493,0.10014508776366587,0,0,144,0
emotion,confusion,mean,core_180,180,0.0004873862490057945,0.4178329408168793,0.023262692703132484,0.003269617212936282,0.061733237910414754,0.0008842435519909487,0.001672592683462426,0.013075547059997916,0.10014508776366587,0,0,126,0
emotion,confusion,token_weighted_mean,all_200,200,0.0004873862490057945,0.4178329408168793,0.0224914140655292,0.0032432525417979063,0.06093959588178335,0.0008846765209455043,0.0016138509527081624,0.01216242415830493,0.10014508776366587,0,0,144,0
emotion,confusion,token_weighted_mean,core_180,180,0.0004873862490057945,0.4178329408168793,0.023263751423659773,0.003269617212936282,0.061737059144839845,0.0008842435519909487,0.001672592683462426,0.013075547059997916,0.10014508776366587,0,0,126,0
emotion,confusion,max,all_200,200,0.0004873862490057945,0.4178329408168793,0.0243418212630786,0.0035477925557643175,0.0636944275273913,0.0008847295277519152,0.001775351818650961,0.013445970369502902,0.10022347830235832,0,0,136,0
emotion,confusion,max,core_180,180,0.0004873862490057945,0.4178329408168793,0.025222099715352265,0.003629826125688851,0.06474108834337342,0.0008847295277519152,0.001905704033561051,0.015567725524306297,0.10022347830235832,0,0,119,0
emotion,confusion,q90,all_200,200,0.0004873862490057945,0.4178329408168793,0.02394266667944612,0.0034505515126511455,0.06302479114074848,0.0008846765209455043,0.0017051712959073487,0.013075547059997916,0.10022347830235832,0,0,137,0
emotion,confusion,q90,core_180,180,0.0004873862490057945,0.4178329408168793,0.024798102934210975,0.0035676361294463277,0.06401278190912506,0.0008842435519909487,0.001905704033561051,0.015204060974065214,0.10022347830235832,0,0,119,0
emotion,curiosity,mean,all_200,200,0.00037668904406018555,0.6976317167282104,0.03678171749372268,0.004499284666962922,0.09365049890155167,0.0007717982327449136,0.0016645631403662264,0.021883162204176188,0.19536101818084714,0,0,125,0
emotion,curiosity,mean,core_180,180,0.00037668904406018555,0.6976317167282104,0.03759225806381976,0.004911430180072784,0.09362093816934496,0.0007459182394086383,0.001652995910262689,0.023677082353970036,0.19536101818084714,0,0,111,0
emotion,curiosity,token_weighted_mean,all_200,200,0.00037668904406018555,0.6976317167282104,0.03678067868514361,0.004499284666962922,0.09365023105708137,0.0007718068329024667,0.0016645631403662264,0.021883162204176188,0.19536101818084714,0,0,125,0
emotion,curiosity,token_weighted_mean,core_180,180,0.00037668904406018555,0.6976317167282104,0.0375913658535394,0.004911430180072784,0.09362063007936988,0.0007460816424021479,0.001652995910262689,0.023667946129639076,0.19536101818084714,0,0,111,0
emotion,curiosity,max,all_200,200,0.00037668904406018555,0.6976317167282104,0.03975758710119408,0.005067611346021295,0.09518896065032204,0.000838960285182111,0.0018641413189470768,0.025627814698964357,0.19536101818084714,0,0,121,0
emotion,curiosity,max,core_180,180,0.00037668904406018555,0.6976317167282104,0.04071303442793174,0.005442912224680185,0.09530122097634793,0.0007923993893200532,0.001757267746143043,0.028483775909990072,0.19536101818084714,0,0,107,0
emotion,curiosity,q90,all_200,200,0.00037668904406018555,0.6976317167282104,0.03908002735537593,0.004897320200689137,0.09477948228705343,0.000838960285182111,0.0017627649707719685,0.024641208443790676,0.19536101818084714,0,0,122,0
emotion,curiosity,q90,core_180,180,0.00037668904406018555,0.6976317167282104,0.03999734970721571,0.005442912224680185,0.09485694825109253,0.0007923993893200532,0.0017484813462942837,0.025899194704834372,0.19536101818084714,0,0,108,0
emotion,desire,mean,all_200,200,0.0006901943706907332,0.7707449793815613,0.06499260494310874,0.009730618447065353,0.14459815048895083,0.0011983247939497234,0.002826179872499779,0.03777872183127329,0.3524526208639134,0,0,101,0
emotion,desire,mean,core_180,180,0.0006901943706907332,0.7707449793815613,0.06930115403633358,0.010400663129985332,0.15109685845755613,0.0011412898486014456,0.002709579188376665,0.043330070562660694,0.41464573442935926,0,0,87,0
emotion,desire,token_weighted_mean,all_200,200,0.0006901943706907332,0.7707449793815613,0.06499311557774566,0.009734761696077262,0.14459759812747783,0.0011983247939497234,0.002826179872499779,0.03779434775549018,0.3524526208639134,0,0,101,0
emotion,desire,token_weighted_mean,core_180,180,0.0006901943706907332,0.7707449793815613,0.06930156128667704,0.010400663129985332,0.15109629391133145,0.0011412898486014456,0.002709579188376665,0.043330070562660694,0.41464573442935926,0,0,87,0
emotion,desire,max,all_200,200,0.0006901943706907332,0.7707449793815613,0.0689821823022794,0.011139302514493465,0.14780806920064918,0.0012361668574158104,0.0030092279775999486,0.050880986265838146,0.41464573442935926,0,0,95,0
emotion,desire,max,core_180,180,0.0006901943706907332,0.7707449793815613,0.07357661889141633,0.01238400861620903,0.1544272545013929,0.0011983247939497234,0.002922576037235558,0.06226993817836046,0.4271708250045769,0,0,82,0
emotion,desire,q90,all_200,200,0.0006901943706907332,0.7707449793815613,0.06815318459045375,0.010600399679969997,0.146986217911359,0.0012240546743851155,0.002922576037235558,0.05017674341797829,0.41464573442935926,0,0,96,0
emotion,desire,q90,core_180,180,0.0006901943706907332,0.7707449793815613,0.07269057336851903,0.011843860615044832,0.15357057360783197,0.0011983247939497234,0.002885529861669056,0.05649102833122015,0.42566528737544995,0,0,83,0
emotion,disappointment,mean,all_200,200,0.0010626206640154123,0.4384767711162567,0.0485082977579926,0.013125948995972674,0.07802506780938921,0.0018758860329398887,0.004355913959443569,0.05637631472200155,0.1984813310205934,0,0,84,0
emotion,disappointment,mean,core_180,180,0.0010626206640154123,0.4384767711162567,0.05225627331846799,0.014571554493159056,0.0811595501918575,0.0020299792959121987,0.004896934609860182,0.06542203016579151,0.21455596536397875,0,0,72,0
emotion,disappointment,token_weighted_mean,all_200,200,0.0010626206640154123,0.4384767711162567,0.048509864223450994,0.013125948995972674,0.07802496123771578,0.0018758860329398887,0.004355913959443569,0.05637631472200155,0.1984813310205934,0,0,84,0
emotion,disappointment,token_weighted_mean,core_180,180,0.0010626206640154123,0.4384767711162567,0.052257857565974834,0.014571554493159056,0.0811592095791585,0.0020299792959121987,0.004896934609860182,0.06542203016579151,0.21455596536397875,0,0,72,0
emotion,disappointment,max,all_200,200,0.0010626206640154123,0.4384767711162567,0.05337784497474786,0.015059587080031633,0.08210242828410623,0.0020297316252253952,0.004820494446903467,0.06542203016579151,0.24829094782471642,0,0,79,0
emotion,disappointment,max,core_180,180,0.0010626206640154123,0.4384767711162567,0.05707649488726424,0.01637767255306244,0.08509495705398828,0.0020368480472825468,0.005629797116853297,0.08087134920060635,0.2568228229880332,0,0,67,0
emotion,disappointment,q90,all_200,200,0.0010626206640154123,0.4384767711162567,0.05235385650736862,0.015005550626665354,0.08102179640668962,0.0019970926141832024,0.004812450730241835,0.0646579323336482,0.24829094782471642,0,0,79,0
emotion,disappointment,q90,core_180,180,0.0010626206640154123,0.4384767711162567,0.05605655834554151,0.016137505462393165,0.08404530046151952,0.002035474297008477,0.005385193921392783,0.0762162416242063,0.2568228229880332,0,0,67,0
emotion,disapproval,mean,all_200,200,0.0007395387510769069,0.4906071424484253,0.023085389631742146,0.007728677941486239,0.05510338737157395,0.0017241865939771135,0.0038912842865101993,0.018455256707966328,0.0768818382173774,0,0,119,0
emotion,disapproval,mean,core_180,180,0.0007395387510769069,0.4906071424484253,0.024749763193432483,0.00785764252456526,0.05779055108068043,0.0018040494062006474,0.004189622704870999,0.02089911443181336,0.09109680186957118,0,0,103,0
emotion,disapproval,token_weighted_mean,all_200,200,0.0007395387510769069,0.4906071424484253,0.02308482940112156,0.007728677941486239,0.05510135055530002,0.0017241951121905654,0.0038912842865101993,0.018455256707966328,0.0768818382173774,0,0,119,0
emotion,disapproval,token_weighted_mean,core_180,180,0.0007395387510769069,0.4906071424484253,0.024749106673046327,0.007857543572024187,0.05778836367697547,0.0018040494062006474,0.004189622704870999,0.02089911443181336,0.09109458576270431,0,0,103,0
emotion,disapproval,max,all_200,200,0.0007395387510769069,0.4906071424484253,0.02647949813603191,0.007940720301121473,0.061527419131173336,0.001866879634326324,0.0039379551308229566,0.022913598455488682,0.0859856564551591,0,0,114,0
emotion,disapproval,max,core_180,180,0.0007395387510769069,0.4906071424484253,0.028269905549435256,0.008500067051500082,0.06447588163545338,0.0019512475759256632,0.004200312425382435,0.024139910005033016,0.09115888699889178,0,0,100,0
emotion,disapproval,q90,all_200,200,0.0007395387510769069,0.4906071424484253,0.02582044122630032,0.00791744189336896,0.0603591332526384,0.0018435246648732574,0.0039307799655944105,0.022620565979741512,0.07961913593113402,0,0,114,0
emotion,disapproval,q90,core_180,180,0.0007395387510769069,0.4906071424484253,0.027588220036575673,0.008252826519310474,0.06326396733971253,0.0019279730424750596,0.004189622704870999,0.024139910005033016,0.09115888699889178,0,0,100,0
emotion,disgust,mean,all_200,200,0.0005199598963372409,0.0811762847006321,0.0058594244782095,0.0026656744303181767,0.009440307882841916,0.0007508653012337163,0.001453115080948919,0.006044264999218285,0.023593553124616536,0,0,173,0
emotion,disgust,mean,core_180,180,0.0005199598963372409,0.0811762847006321,0.005709688394509377,0.0027249395789112896,0.009393754952099587,0.0008176780887879432,0.001534572773380205,0.005721833906136453,0.01806492921896279,0,0,157,0
emotion,disgust,token_weighted_mean,all_200,200,0.0005199598963372409,0.0811762847006321,0.005859456375491379,0.0026656744303181767,0.009440063721943559,0.0007508653012337163,0.001453115080948919,0.0060444168288597095,0.023593553124616536,0,0,173,0
emotion,disgust,token_weighted_mean,core_180,180,0.0005199598963372409,0.0811762847006321,0.005709908970852421,0.0027249395789112896,0.00939383099249718,0.0008176780887879432,0.001534572773380205,0.005721833906136453,0.01806492921896279,0,0,157,0
emotion,disgust,max,all_200,200,0.0005199598963372409,0.08299389481544495,0.00695706105499994,0.002891285461373627,0.0115273206788699,0.0007556180935353041,0.0015215639432426542,0.0070224059745669365,0.02874355074018236,0,0,171,0
emotion,disgust,max,core_180,180,0.0005199598963372409,0.08299389481544495,0.0066426162941045025,0.003058348665945232,0.01112375830951336,0.0008339071704540401,0.0015847262693569064,0.006979771191254258,0.0246156279928982,0,0,156,0
emotion,disgust,q90,all_200,200,0.0005199598963372409,0.08263037279248238,0.006714278316445416,0.002806832315400243,0.010961316955190776,0.0007508653012337163,0.001516123942565173,0.0066550863964948805,0.026983107626438126,0,0,172,0
emotion,disgust,q90,core_180,180,0.0005199598963372409,0.08263037279248238,0.006430123885414408,0.0029165298794396224,0.010619735258191449,0.0008339071704540401,0.0015847262693569064,0.00655461658607237,0.023524523405358176,0,0,157,0
emotion,embarrassment,mean,all_200,200,0.00017833249876275659,0.2697342708706856,0.003943404363247585,0.0014221439487300813,0.019254940220981585,0.00041010509303305296,0.0007303389866137877,0.003202915278961882,0.007171959569677706,0,0,193,0
emotion,embarrassment,mean,core_180,180,0.00017833249876275659,0.2697342708706856,0.004130748481475166,0.0015553078847005963,0.020263802021854738,0.00043002807069569826,0.0007805496861692518,0.003280430333688855,0.007150767557322979,0,0,174,0
emotion,embarrassment,token_weighted_mean,all_200,200,0.00017833249876275659,0.2697342708706856,0.003943483743278228,0.0014221439487300813,0.019254942092791955,0.00041010509303305296,0.0007303389866137877,0.0032037952863281783,0.007172197406180199,0,0,193,0
emotion,embarrassment,token_weighted_mean,core_180,180,0.00017833249876275659,0.2697342708706856,0.004130844943490175,0.0015553078847005963,0.02026380262460994,0.00043002807069569826,0.0007805496861692518,0.003280430333688855,0.007150767557322979,0,0,174,0
emotion,embarrassment,max,all_200,200,0.00017833249876275659,0.3323233127593994,0.004613554096868029,0.001593993278220296,0.023689482778811,0.0004135084425797686,0.0007805496861692518,0.003520517435390502,0.010985760483890772,0,0,188,0
emotion,embarrassment,max,core_180,180,0.00017833249876275659,0.3323233127593994,0.0048213968569244675,0.0016444893553853035,0.024935032233695767,0.00045687050587730484,0.0008171214867616072,0.0036151178064756095,0.010295849060639727,0,0,170,0
emotion,embarrassment,q90,all_200,200,0.00017833249876275659,0.31980550438165667,0.004468413131216949,0.001571706577669829,0.02279361585940451,0.0004135084425797686,0.0007772366370772943,0.003423383750487119,0.010172481980116572,0,0,189,0
emotion,embarrassment,q90,core_180,180,0.00017833249876275659,0.31980550438165667,0.004671125946907624,0.001644051750190556,0.023991536238685645,0.00045687050587730484,0.0008171214867616072,0.0034905536471342203,0.009709574860753484,0,0,171,0
emotion,excitement,mean,all_200,200,0.0006034995021764189,0.4649387001991272,0.022089408666652162,0.0055831659701652825,0.053811042174478206,0.0009090070787351579,0.002452939486829564,0.016250815009698272,0.08533552933949969,0,0,130,0
emotion,excitement,mean,core_180,180,0.0006034995021764189,0.4649387001991272,0.02111257031372386,0.005115563835715875,0.053696119248243496,0.0008741091412957757,0.0023619013372808695,0.014596954511944205,0.0815970030613243,0,0,120,0
emotion,excitement,token_weighted_mean,all_200,200,0.0006034995021764189,0.4649387001991272,0.02208886335301441,0.005582068126482866,0.05381076676405318,0.0009090070787351579,0.002452939486829564,0.016250815009698272,0.08533552933949969,0,0,130,0
emotion,excitement,token_weighted_mean,core_180,180,0.0006034995021764189,0.4649387001991272,0.021111965757883534,0.005115563835715875,0.05369580156081284,0.0008741091412957757,0.0023619013372808695,0.014596954511944205,0.0815970030613243,0,0,120,0
emotion,excitement,max,all_200,200,0.0006377258687280118,0.4649387001991272,0.025514751026639713,0.0063833261374384165,0.05888076673877099,0.000956645209225826,0.002595154626760632,0.01975190732628107,0.11029568910598729,0,0,128,0
emotion,excitement,max,core_180,180,0.0006377258687280118,0.4649387001991272,0.02434982893238258,0.0060849664732813835,0.058967166236490336,0.0009529130533337594,0.002469336031936109,0.018218122888356447,0.10622304379940027,0,0,118,0
emotion,excitement,q90,all_200,200,0.0006377258687280118,0.4649387001991272,0.024844813012576197,0.006101192813366652,0.05793121740038696,0.0009400026220828295,0.002595154626760632,0.019576529855839908,0.1017329124873502,0,0,128,0
emotion,excitement,q90,core_180,180,0.0006377258687280118,0.4649387001991272,0.023719368468672553,0.006026293954346329,0.05801011312265339,0.0009333361580502242,0.002469046856276691,0.017057886347174644,0.09593428982421746,0,0,118,0
emotion,fear,mean,all_200,200,0.00031601122464053333,0.09020873554982245,0.005104939050773585,0.002445231075398624,0.009523602437216573,0.0007587632785240809,0.0014288251210624974,0.00445293322748815,0.015334060555323914,0,0,179,0
emotion,fear,mean,core_180,180,0.00031601122464053333,0.09020873554982245,0.005369767010092295,0.0024283782113343477,0.009990842849839438,0.0007470288149003561,0.0013987146085128188,0.004850611090660095,0.017879296047613017,0,0,159,0
emotion,fear,token_weighted_mean,all_200,200,0.00031601122464053333,0.09034001637776276,0.005105775470996068,0.0024455464711109617,0.009530107012024756,0.0007587671035320491,0.0014288251210624974,0.00445293322748815,0.015334060555323914,0,0,179,0
emotion,fear,token_weighted_mean,core_180,180,0.00031601122464053333,0.09034001637776276,0.005370709884832978,0.0024283782113343477,0.009997705995339163,0.0007471014900517501,0.0013987146085128188,0.004850611090660095,0.017879296047613017,0,0,159,0
emotion,fear,max,all_200,200,0.00031601122464053333,0.17619767785072327,0.006063841036375379,0.0026527297450229526,0.01531906234054236,0.0008090421761153266,0.0015111530374269933,0.004914461984299123,0.015359967108815854,0,0,178,0
emotion,fear,max,core_180,180,0.00031601122464053333,0.17619767785072327,0.006394146405930062,0.0025951846037060022,0.016107402948937997,0.0008142756501911208,0.0014257393777370453,0.005107383010908961,0.018541350029408873,0,0,158,0
emotion,fear,q90,all_200,200,0.00031601122464053333,0.1589998893905431,0.005874999588078936,0.0025981683284044266,0.014086436949938988,0.0008008690230781213,0.0015105658298125491,0.004850611090660095,0.015359967108815854,0,0,178,0
emotion,fear,q90,core_180,180,0.00031601122464053333,0.1589998893905431,0.0061926177024886585,0.0025148805580101907,0.014807035875422314,0.0008008690230781213,0.0014247835788410157,0.005107383010908961,0.018541350029408873,0,0,158,0
emotion,gratitude,mean,all_200,200,4.992881076759659e-05,0.1871483540162444,0.002883583265568935,0.0005326419995981269,0.016446229072822338,0.00010548905302130152,0.00025879776148940437,0.0012663950813778986,0.00786515548243187,0,0,196,0
emotion,gratitude,mean,core_180,180,4.992881076759659e-05,0.1871483540162444,0.00312280550698671,0.0005573468079091981,0.017322077881853574,0.00010548905302130152,0.0002644048727233894,0.0013596525241155177,0.008076866605551913,0,0,176,0
emotion,gratitude,token_weighted_mean,all_200,200,4.992881076759659e-05,0.1871483540162444,0.0028834974388196903,0.0005329337841325542,0.016446184189283723,0.00010548905302130152,0.00025879776148940437,0.0012662699170810539,0.00786515548243187,0,0,196,0
emotion,gratitude,token_weighted_mean,core_180,180,4.992881076759659e-05,0.1871483540162444,0.0031227113698583183,0.0005573468079091981,0.017322031643546777,0.00010548905302130152,0.0002644048727233894,0.0013596525241155177,0.008076866605551913,0,0,176,0
emotion,gratitude,max,all_200,200,4.992881076759659e-05,0.3468768894672394,0.0038332972260832323,0.0006317166553344578,0.02637380893996234,0.00010548905302130152,0.0003066411300096661,0.0013596525241155177,0.007869384251534934,0,0,195,0
emotion,gratitude,max,core_180,180,4.992881076759659e-05,0.3468768894672394,0.004173822788571771,0.0006430473586078733,0.027786008116826442,0.00010548905302130152,0.0003071785977226682,0.0014013478066772223,0.00816856347955763,0,0,175,0
emotion,gratitude,q90,all_200,200,4.992881076759659e-05,0.3149311823770404,0.0036413909853035874,0.0006257955290493555,0.02429103462953509,0.00010548905302130152,0.0002918370755651267,0.0013596525241155177,0.007869384251534934,0,0,195,0
emotion,gratitude,q90,core_180,180,4.992881076759659e-05,0.3149311823770404,0.003961451600532908,0.0006350301264319569,0.02559070367932052,0.00010548905302130152,0.0002999175114382524,0.0013920900353696197,0.00816856347955763,0,0,175,0
emotion,grief,mean,all_200,200,0.0002445485151838511,0.038658589124679565,0.002644155325385024,0.001132379868067801,0.004523853973365254,0.0003286866922280751,0.0006029756768839434,0.002452172979246825,0.01021556658670306,0,0,189,0
emotion,grief,mean,core_180,180,0.0002445485151838511,0.038658589124679565,0.002828540787070071,0.0012294062471482903,0.004727430842830841,0.00033365404669893906,0.0006272869431995787,0.0025422537000849843,0.010330666508525602,0,0,169,0
emotion,grief,token_weighted_mean,all_200,200,0.0002445532755582067,0.038658589124679565,0.0026441902640895153,0.001132379868067801,0.0045238514524485,0.0003286866922280751,0.0006029756768839434,0.002452172979246825,0.01021556658670306,0,0,189,0
emotion,grief,token_weighted_mean,core_180,180,0.0002445532755582067,0.038658589124679565,0.002828580985404227,0.0012290373139360266,0.004727425620293197,0.00033365404669893906,0.0006272869431995787,0.0025422537000849843,0.010330666508525602,0,0,169,0
emotion,grief,max,all_200,200,0.0002515064843464643,0.038658589124679565,0.002767976269242354,0.0012189337285235524,0.004542767566859046,0.0003357468216563575,0.0006496404530480504,0.002529244520701468,0.010329043352976434,0,0,188,0
emotion,grief,max,core_180,180,0.0002515064843464643,0.038658589124679565,0.00295676814097937,0.001339050882961601,0.0047456065032688444,0.0003357468216563575,0.0006611836870433763,0.0029158153338357806,0.010751861007884144,0,0,168,0
emotion,grief,q90,all_200,200,0.0002515064843464643,0.038658589124679565,0.0027405190703939297,0.0012176100863143802,0.0045327959251188895,0.0003338946035364643,0.0006459238938987255,0.002529244520701468,0.01021556658670306,0,0,189,0
emotion,grief,q90,core_180,180,0.0002515064843464643,0.038658589124679565,0.0029281725952185096,0.0012750008259899913,0.0047355245792231075,0.0003338946035364643,0.000654988456517458,0.0028507743525551634,0.010330666508525602,0,0,169,0
emotion,joy,mean,all_200,200,0.0007098113710526377,0.7509775161743164,0.03270864112317213,0.008038131364931662,0.09119065158201986,0.001406594121363014,0.0026509460634163893,0.021283079811837524,0.14372365009039634,0,0,112,0
emotion,joy,mean,core_180,180,0.0007098113710526377,0.7018332481384277,0.02985830371288574,0.007961936760693789,0.07909450497816001,0.001404406875371933,0.002595320314867422,0.021004661917686462,0.14372365009039634,0,0,102,0
emotion,joy,token_weighted_mean,all_200,200,0.0007098113710526377,0.7509775161743164,0.032707488498945815,0.00803769255543204,0.09118752218332622,0.001406594121363014,0.0026509460634163893,0.021283079811837524,0.14372365009039634,0,0,112,0
emotion,joy,token_weighted_mean,core_180,180,0.0007098113710526377,0.7018332481384277,0.029856973437371263,0.007961936760693789,0.07909043102875388,0.001404406875371933,0.0025951862713089625,0.021004661917686462,0.14372365009039634,0,0,102,0
emotion,joy,max,all_200,200,0.0008110347553156316,0.7509775161743164,0.03730041939765215,0.00858781673014164,0.09818703907681238,0.001406594121363014,0.0030515327234752476,0.02545638056471944,0.1440852597355841,0,0,109,0
emotion,joy,max,core_180,180,0.0008110347553156316,0.7018332481384277,0.034637831813759276,0.008187027648091316,0.08807973166730987,0.001404406875371933,0.0030197364976629615,0.02525984775274992,0.1440852597355841,0,0,101,0
emotion,joy,q90,all_200,200,0.0008110347553156316,0.7509775161743164,0.036341081430757184,0.00858781673014164,0.09655655835347131,0.001406594121363014,0.0030184014060068874,0.02518524182960391,0.1440852597355841,0,0,109,0
emotion,joy,q90,core_180,180,0.0008110347553156316,0.7018332481384277,0.03363696016277471,0.008187027648091316,0.086020204859343,0.001404406875371933,0.002943692123517394,0.02504107649438083,0.1440852597355841,0,0,101,0
emotion,love,mean,all_200,200,0.00040476827416568995,0.9718871712684631,0.19193114379874412,0.008491425309330225,0.31307500557849743,0.000679200157658973,0.0018204808584414423,0.21430043503642082,0.9018582031130788,0,0,105,0
emotion,love,mean,core_180,180,0.00040476827416568995,0.9718871712684631,0.19640316360533622,0.008491425309330225,0.3147456424527558,0.0006621024920605124,0.001643176976358518,0.2322364617139101,0.9018582031130788,0,0,93,0
emotion,love,token_weighted_mean,all_200,200,0.00040476827416568995,0.9718871712684631,0.19193407839044757,0.008491425309330225,0.3130728413923403,0.0006790810225342235,0.0018204808584414423,0.21430043503642082,0.9018571656942365,0,0,105,0
emotion,love,token_weighted_mean,core_180,180,0.00040476827416568995,0.9718871712684631,0.19640706423741836,0.008491425309330225,0.31474451709986256,0.0006621024920605124,0.0016431899565925306,0.2323231508334478,0.9018571656942365,0,0,93,0
emotion,love,max,all_200,200,0.00040476827416568995,0.9718871712684631,0.20390813197212992,0.009424093179404736,0.3220898837985869,0.0007484923640731722,0.0019926211680285633,0.29251258075237274,0.92665376663208,0,0,103,0
emotion,love,max,core_180,180,0.00040476827416568995,0.9718871712684631,0.20760543900865336,0.009475515689700842,0.3233219450021909,0.0007171785400714726,0.001959739747690037,0.2969192862510681,0.9248006045818329,0,0,92,0
emotion,love,q90,all_200,200,0.00040476827416568995,0.9718871712684631,0.2017730117196479,0.009337491355836391,0.32012606767467405,0.000723281660466455,0.001982616269378923,0.2779121544212103,0.9248006045818329,0,0,103,0
emotion,love,q90,core_180,180,0.00040476827416568995,0.9718871712684631,0.20565443148550305,0.009403766971081496,0.3214856176819059,0.0007171785400714726,0.0019395074050407857,0.2949713610112667,0.9063473477959629,0,0,92,0
emotion,nervousness,mean,all_200,200,0.00028786229086108506,0.06210764870047569,0.005846360417090182,0.0018332066247239709,0.009732203855570287,0.00041616071393946186,0.0010105244800797664,0.005334918620064855,0.024101540818810427,0,0,167,0
emotion,nervousness,mean,core_180,180,0.00028786229086108506,0.06210764870047569,0.0062567944437668535,0.001861164695583284,0.010165342350713353,0.00042380128361401147,0.001021986136038322,0.006159532931633294,0.0262136757839471,0,0,147,0
emotion,nervousness,token_weighted_mean,all_200,200,0.00028786229086108506,0.06210764870047569,0.005846730458190034,0.0018332066247239709,0.009733138623771015,0.0004161594082645297,0.0010105244800797664,0.005334865336791361,0.024101540818810427,0,0,167,0
emotion,nervousness,token_weighted_mean,core_180,180,0.00028786229086108506,0.06210764870047569,0.006257200734152472,0.001861164695583284,0.010166320097068736,0.00042380128361401147,0.001021986136038322,0.006159532931633294,0.0262136757839471,0,0,147,0
emotion,nervousness,max,all_200,200,0.00028786229086108506,0.06454797089099884,0.00645164435627521,0.0021019824780523777,0.01084931553951959,0.00045939523115521295,0.0011305048246867955,0.005534784868359566,0.03231656979769467,0,0,163,0
emotion,nervousness,max,core_180,180,0.00028786229086108506,0.06454797089099884,0.006903876069312294,0.0021295290207490325,0.011335678931037162,0.00045939523115521295,0.0011453832848928869,0.006430991925299168,0.0332267716526985,0,0,143,0
emotion,nervousness,q90,all_200,200,0.00028786229086108506,0.06210764870047569,0.006320087254767713,0.0020509409136138857,0.010554967038615966,0.00045886464082286696,0.0010931892014923506,0.005500079155899585,0.02705896849744018,0,0,163,0
emotion,nervousness,q90,core_180,180,0.00028786229086108506,0.06210764870047569,0.0067627851664373234,0.0020841729128733277,0.011026737877410719,0.00045886464082286696,0.0011393773558665999,0.006281079142354429,0.02959548324579365,0,0,143,0
emotion,optimism,mean,all_200,200,0.0013603270053863525,0.47620466351509094,0.024530005831911693,0.007968703284859657,0.05667070409766947,0.0019887087459210307,0.004001496476121247,0.018535579089075327,0.09739850200712655,0,0,110,0
emotion,optimism,mean,core_180,180,0.0014784301165491343,0.3412001815934976,0.02316088895496688,0.007851509377360344,0.049005538839024365,0.0019887087459210307,0.004093393683433533,0.01704512455035001,0.09739850200712655,0,0,101,0
emotion,optimism,token_weighted_mean,all_200,200,0.0013603270053863525,0.47620466351509094,0.02452915713914855,0.007968703284859657,0.05666388674188941,0.0019887087459210307,0.004001496476121247,0.018535579089075327,0.09739850200712655,0,0,110,0
emotion,optimism,token_weighted_mean,core_180,180,0.0014784301165491343,0.34095838900006953,0.023159893186754828,0.007851509377360344,0.04899675748320176,0.0019887087459210307,0.004093393683433533,0.017047052588963097,0.09739850200712655,0,0,101,0
emotion,optimism,max,all_200,200,0.0015538550214841962,0.4873798191547394,0.026865687505342066,0.008800164796411991,0.06255739247060661,0.0020674157422035933,0.004120698198676109,0.0208074813708663,0.12040367498993872,0,0,106,0
emotion,optimism,max,core_180,180,0.0015538550214841962,0.4873798191547394,0.025693895542968272,0.008485579397529364,0.05648155201039491,0.0020674157422035933,0.0041250737849622965,0.02002341579645872,0.12040367498993872,0,0,97,0
emotion,optimism,q90,all_200,200,0.001545627147424966,0.4864062428474426,0.026534489167446735,0.00856475387699902,0.06223877599421725,0.0020665334846125915,0.0040995980496518316,0.01991669903509319,0.12040367498993872,0,0,107,0
emotion,optimism,q90,core_180,180,0.001545627147424966,0.4864062428474426,0.025338626172354755,0.008337392006069422,0.05607790418190529,0.0020665334846125915,0.0041250737849622965,0.019613366946578024,0.12040367498993872,0,0,98,0
emotion,pride,mean,all_200,200,9.938408038578928e-05,0.17243752485956065,0.002385498126883855,0.0008211778767872602,0.012292278233602938,0.00023962456471053885,0.0004985380255675409,0.0014974248479120433,0.005605186917819076,0,0,195,0
emotion,pride,mean,core_180,180,9.938408038578928e-05,0.17243752485956065,0.002470835887746674,0.0008049381722230464,0.012943667362462703,0.00023962456471053885,0.00047561390965711325,0.0014974248479120433,0.005605186917819076,0,0,175,0
emotion,pride,token_weighted_mean,all_200,200,9.938408038578928e-05,0.17243752485956065,0.002385488431006208,0.0008212054019315621,0.012292254850910143,0.00023971556456806435,0.0004985380255675409,0.0014974248479120433,0.005605186917819076,0,0,195,0
emotion,pride,token_weighted_mean,core_180,180,9.938408038578928e-05,0.17243752485956065,0.0024708194412705322,0.0008049656973673484,0.012943643225795234,0.00023971556456806435,0.00047561390965711325,0.0014974248479120433,0.005605186917819076,0,0,175,0
emotion,pride,max,all_200,200,9.938408038578928e-05,0.3442400097846985,0.0034188167485262964,0.0008549376507289708,0.024346147068506636,0.0002688477659830824,0.0005154821265023202,0.0017940386314876378,0.006629960588179516,0,0,194,0
emotion,pride,max,core_180,180,9.938408038578928e-05,0.3442400097846985,0.0036027164986686937,0.0008470285101793706,0.02565615766890844,0.0002688477659830824,0.0004993446491425857,0.0017246686038561165,0.006629960588179516,0,0,174,0
emotion,pride,q90,all_200,200,9.938408038578928e-05,0.3098795127996709,0.0032064838715668885,0.0008443359954981133,0.02192647978978701,0.0002688477659830824,0.0005130262565216982,0.0016963800968369468,0.006566825252957629,0,0,195,0
emotion,pride,q90,core_180,180,9.938408038578928e-05,0.3098795127996709,0.003370075754315217,0.0008271841186797246,0.023104944924484287,0.0002688477659830824,0.0004991833244275768,0.0016963800968369468,0.006566825252957629,0,0,175,0
emotion,realization,mean,all_200,200,0.0029280539602041245,0.13403270114213228,0.01843859820452053,0.010971450246870518,0.021343185261215404,0.004373472393490375,0.007010253495536745,0.01966224843636155,0.06143486332148311,0,0,89,0
emotion,realization,mean,core_180,180,0.0029280539602041245,0.13403270114213228,0.018721628100913087,0.011224718182347715,0.020741160271651796,0.004373472393490375,0.007071258150972426,0.020063703879714012,0.06143486332148311,0,0,77,0
emotion,realization,token_weighted_mean,all_200,200,0.0029280539602041245,0.13403270114213228,0.01843998801316516,0.010971450246870518,0.02135015861744143,0.004373472393490375,0.0070105137840689655,0.01966224843636155,0.06143486332148311,0,0,89,0
emotion,realization,token_weighted_mean,core_180,180,0.0029280539602041245,0.13403270114213228,0.018722624811482336,0.011220355289946268,0.020746208468114917,0.004373472393490375,0.007071258150972426,0.020063703879714012,0.06143486332148311,0,0,77,0
emotion,realization,max,all_200,200,0.003157384227961302,0.2574119567871094,0.02136211597593501,0.012092530727386475,0.031972968309831096,0.004593416722491384,0.0073246610118076205,0.020109598990529776,0.06845777668058871,0,0,81,0
emotion,realization,max,core_180,180,0.003157384227961302,0.2574119567871094,0.021407945800779593,0.012872103601694107,0.030156763706953957,0.004712728410959244,0.007196967024356127,0.021986570209264755,0.06845777668058871,0,0,70,0
emotion,realization,q90,all_200,200,0.0031115181744098665,0.23273610565811395,0.020736592284287324,0.011715039517730473,0.02957798409563843,0.004572481038048863,0.007225912623107434,0.019936539698392153,0.06581528160721059,0,0,81,0
emotion,realization,q90,core_180,180,0.0031115181744098665,0.23273610565811395,0.020825301807813553,0.01270975423976779,0.027972320513679195,0.004708746802061796,0.007196967024356127,0.021812124643474817,0.06581528160721059,0,0,70,0
emotion,relief,mean,all_200,200,0.0002572366308110456,0.06359629333019257,0.002941934621036732,0.0015275852056220174,0.00595085495382053,0.000410195100994315,0.0007864567608824776,0.002793974010273814,0.008976518781855684,0,0,190,0
emotion,relief,mean,core_180,180,0.0002572366308110456,0.06359629333019257,0.002901339584557853,0.0015462380251847208,0.005829956458848478,0.000410195100994315,0.0007931349634115273,0.002725463593378663,0.008976518781855684,0,0,171,0
emotion,relief,token_weighted_mean,all_200,200,0.0002571989110235692,0.06359629333019257,0.002941910924448235,0.0015275852056220174,0.0059507757167124534,0.000410195100994315,0.0007865941345604342,0.002793974010273814,0.008976518781855684,0,0,190,0
emotion,relief,token_weighted_mean,core_180,180,0.0002571989110235692,0.06359629333019257,0.002901298863658347,0.0015462380251847208,0.0058298639576276345,0.000410195100994315,0.0007931377761047047,0.002725463593378663,0.008976518781855684,0,0,171,0
emotion,relief,max,all_200,200,0.0002973236842080951,0.06359629333019257,0.0033267331206297966,0.0015947516076266766,0.007183978034280783,0.0004194111650576815,0.000829955140943639,0.0029075684724375606,0.010057733347639425,0,0,188,0
emotion,relief,max,core_180,180,0.0002973236842080951,0.06359629333019257,0.0033097504568609616,0.00166578235803172,0.0072109489679358625,0.0004194111650576815,0.0008336864702869207,0.002793974010273814,0.010057733347639425,0,0,169,0
emotion,relief,q90,all_200,200,0.0002973236842080951,0.06359629333019257,0.003244590509486443,0.0015803186688572168,0.006871085194167186,0.000411548811243847,0.0008104116743197665,0.00288010376971215,0.010015029559144746,0,0,189,0
emotion,relief,q90,core_180,180,0.0002973236842080951,0.06359629333019257,0.0032223006326967153,0.001616768623352982,0.006863858697254266,0.000411548811243847,0.0008314520091516897,0.0027804635930806397,0.010015029559144746,0,0,170,0
emotion,remorse,mean,all_200,200,0.00012278986105229706,0.8024336695671082,0.0108728945828625,0.0013483384973369539,0.06534824375796154,0.000220930136856623,0.0005319268057064619,0.003542472783010453,0.02770115714520211,0,0,176,0
emotion,remorse,mean,core_180,180,0.00012278986105229706,0.8024336695671082,0.01193531494249732,0.0014875132619636133,0.0688170231256574,0.000220930136856623,0.0005454011115944013,0.003718621301231906,0.030598471313714935,0,0,156,0
emotion,remorse,token_weighted_mean,all_200,200,0.00012278986105229706,0.8024336695671082,0.010872935182785225,0.0013483384973369539,0.06534823778597149,0.00022092820134056535,0.0005319268057064619,0.003542472783010453,0.02770115714520211,0,0,176,0
emotion,remorse,token_weighted_mean,core_180,180,0.00012278986105229706,0.8024336695671082,0.011935365455747375,0.0014875132619636133,0.06881701533003741,0.00022092820134056535,0.0005454011115944013,0.0037191897553660496,0.030598471313714935,0,0,156,0
emotion,remorse,max,all_200,200,0.00012278986105229706,0.8024336695671082,0.01245978585408011,0.0014746151282452047,0.07669459275089949,0.00024490586874890144,0.0005575189716182649,0.004091780283488333,0.02770115714520211,0,0,176,0
emotion,remorse,max,core_180,180,0.00012278986105229706,0.8024336695671082,0.0136882488614194,0.001583978475537151,0.08076940758659684,0.00024490586874890144,0.0005905596044613048,0.004314387449994683,0.030598471313714935,0,0,156,0
emotion,remorse,q90,all_200,200,0.00012278986105229706,0.8024336695671082,0.012113965762240695,0.001432693679817021,0.07391464340664562,0.00024009125540032985,0.0005566681502386928,0.0037982412111887244,0.02770115714520211,0,0,176,0
emotion,remorse,q90,core_180,180,0.00012278986105229706,0.8024336695671082,0.013306037355731758,0.0015493824452278205,0.07784033332857022,0.00024009125540032985,0.000590263120830059,0.004168209817726165,0.030598471313714935,0,0,156,0
emotion,sadness,mean,all_200,200,0.0007414094870910048,0.8319674730300903,0.06992975213351504,0.008397323545068502,0.15830378306294543,0.0011930793843930587,0.0027647686074487865,0.053595155205888055,0.433314256370067,0,0,105,0
emotion,sadness,mean,core_180,180,0.0007414094870910048,0.8319674730300903,0.07639836866265223,0.009438771288841963,0.16551591558334702,0.001277668893453665,0.0029936382779851556,0.056011393666267395,0.47237818986177316,0,0,91,0
emotion,sadness,token_weighted_mean,all_200,200,0.0007414094870910048,0.8319674730300903,0.06993058622336208,0.008397323545068502,0.15830359174996947,0.0011930793843930587,0.002764788460668047,0.05361525936418779,0.433314256370067,0,0,105,0
emotion,sadness,token_weighted_mean,core_180,180,0.0007414094870910048,0.8319674730300903,0.07639933048563771,0.009438771288841963,0.16551565643182506,0.001277668893453665,0.0029936382779851556,0.056011393666267395,0.47237818986177316,0,0,91,0
emotion,sadness,max,all_200,200,0.0007414094870910048,0.8319674730300903,0.07343914489349118,0.009395000990480185,0.15971686938324128,0.0013514713326003402,0.0031800803262740374,0.053721572272479534,0.47121941298246295,0,0,103,0
emotion,sadness,max,core_180,180,0.0007414094870910048,0.8319674730300903,0.08005370511253002,0.01000633742660284,0.1669382265709482,0.0013703009812161327,0.003581517899874598,0.058044636622071266,0.5224017530679699,0,0,90,0
emotion,sadness,q90,all_200,200,0.0007414094870910048,0.8319674730300903,0.07262394064635737,0.009336093906313181,0.15918976082643005,0.001300363356131129,0.003137279511429369,0.053721572272479534,0.46942909359931917,0,0,105,0
emotion,sadness,q90,core_180,180,0.0007414094870910048,0.8319674730300903,0.07919724380115642,0.009610383363906294,0.16639976724081995,0.0013494299093144947,0.003512809856329113,0.058044636622071266,0.4883856847882261,0,0,91,0
emotion,surprise,mean,all_200,200,0.0004073901509400457,0.29425041005015373,0.008383327869305504,0.002505294105503708,0.025452338990612933,0.0005696315653040074,0.0012951101574193065,0.006220235154614784,0.0291843854822218,0,0,169,0
emotion,surprise,mean,core_180,180,0.0004073901509400457,0.29425041005015373,0.008645027542311086,0.002422648831270635,0.026684928356166655,0.0005696315653040074,0.0013132761523593217,0.006220235154614784,0.031556125171482506,0,0,153,0
emotion,surprise,token_weighted_mean,all_200,200,0.0004073901509400457,0.2938305385593881,0.00838123811936084,0.00250568605481828,0.025428660435153676,0.0005696365812613064,0.0012951101574193065,0.006220235154614784,0.0291843854822218,0,0,169,0
emotion,surprise,token_weighted_mean,core_180,180,0.0004073901509400457,0.2938305385593881,0.008642694758359356,0.002422648831270635,0.0266598425774342,0.0005696365812613064,0.0013132761523593217,0.006220235154614784,0.031556125171482506,0,0,153,0
emotion,surprise,max,all_200,200,0.0004073901509400457,0.5163624286651611,0.010425660498149227,0.0028072696877643466,0.039904581252167316,0.0005897898226976395,0.0013450710976030678,0.006856878171674907,0.031556125171482506,0,0,166,0
emotion,surprise,max,core_180,180,0.0004073901509400457,0.5163624286651611,0.010731064402757005,0.0027735825860872865,0.04189008733942922,0.0005897898226976395,0.0013450710976030678,0.006624694564379752,0.031556125171482506,0,0,150,0
emotion,surprise,q90,all_200,200,0.0004073901509400457,0.47194002494215964,0.010011625950181041,0.0028072696877643466,0.036888444500429565,0.0005896925984416158,0.0013429134123725817,0.006624694564379752,0.031556125171482506,0,0,167,0
emotion,surprise,q90,core_180,180,0.0004073901509400457,0.47194002494215964,0.010308003855154513,0.0027735825860872865,0.03871908307989465,0.0005896925984416158,0.0013429134123725817,0.006624694564379752,0.031556125171482506,0,0,151,0
emotion,neutral,mean,all_200,200,0.00962828565388918,0.9657362103462219,0.37503103830463563,0.2895696250100931,0.30557238852300794,0.02788948714733124,0.09489994868636131,0.6033654995262623,0.9274311870336532,0,0,1,0
emotion,neutral,mean,core_180,180,0.00962828565388918,0.9657362103462219,0.3710265235276893,0.28752215951681137,0.3070794708426931,0.02788948714733124,0.0822629105920593,0.6033654995262623,0.9274311870336532,0,0,1,0
emotion,neutral,token_weighted_mean,all_200,200,0.00962828565388918,0.9657362103462219,0.3750252990890096,0.28971622159266175,0.3055684182899213,0.02788948714733124,0.09489994868636131,0.6033654995262623,0.9274311870336532,0,0,1,0
emotion,neutral,token_weighted_mean,core_180,180,0.00962828565388918,0.9657362103462219,0.3710197264727644,0.28752215951681137,0.307075923672603,0.02788948714733124,0.08227949874814795,0.6033654995262623,0.9274311870336532,0,0,1,0
emotion,neutral,max,all_200,200,0.00962828565388918,0.9679732322692871,0.40797760725487026,0.3073062002658844,0.32616767472163466,0.030018015298992395,0.09751828201115131,0.7222022414207458,0.944082435965538,0,0,1,0
emotion,neutral,max,core_180,180,0.00962828565388918,0.9679732322692871,0.4026761359586898,0.2987230271100998,0.32771313589361556,0.030018015298992395,0.08820996060967445,0.7222022414207458,0.944082435965538,0,0,1,0
emotion,neutral,q90,all_200,200,0.00962828565388918,0.9664341032505035,0.40131233308138325,0.30273945182561873,0.3208631513636671,0.02904775792732835,0.09693327303975821,0.7102549828588963,0.9294970542192459,0,0,1,0
emotion,neutral,q90,core_180,180,0.00962828565388918,0.9664341032505035,0.396260961870042,0.29450823217630384,0.32244072418861225,0.02904775792732835,0.08701424188911915,0.7093610249459744,0.9294970542192459,0,0,1,0
sentiment,negative,mean,all_200,200,0.10829422622919083,0.5053280591964722,0.2673726059123874,0.2595634162425995,0.07448688521794743,0.15671091191470624,0.21718293987214565,0.3110128814975421,0.41359954526027043,0,0,0,0
sentiment,negative,mean,core_180,180,0.10829422622919083,0.5053280591964722,0.27008845927538694,0.2598271816968918,0.07578548864545347,0.159293807297945,0.2174240294843912,0.31437041610479355,0.4155784234404563,0,0,0,0
sentiment,negative,token_weighted_mean,all_200,200,0.10829422622919083,0.5053280591964722,0.2673721311221818,0.2595634162425995,0.07448131849689739,0.15676007201795716,0.21718293987214565,0.3110128814975421,0.41353984676908756,0,0,0,0
sentiment,negative,token_weighted_mean,core_180,180,0.10829422622919083,0.5053280591964722,0.27008812605262994,0.2598271816968918,0.07577934700376099,0.15929642035617236,0.2174240294843912,0.31437041610479355,0.4155784234404563,0,0,0,0
sentiment,negative,max,all_200,200,0.10829422622919083,0.6223961710929871,0.2739936845377088,0.2649480998516083,0.0794135967980637,0.1594018504023552,0.21768874302506447,0.314732663333416,0.4155784234404563,0,0,0,0
sentiment,negative,max,core_180,180,0.10829422622919083,0.6223961710929871,0.2766807995736599,0.26344309747219086,0.08080966046696432,0.17237285599112512,0.2180117517709732,0.3167683854699135,0.4200919896364212,0,0,0,0
sentiment,negative,q90,all_200,200,0.10829422622919083,0.593588063120842,0.2726446693316102,0.2646812915802002,0.07811510592058206,0.15934709645807743,0.2175568498671055,0.31437041610479355,0.4155784234404563,0,0,0,0
sentiment,negative,q90,core_180,180,0.10829422622919083,0.593588063120842,0.27532913282513616,0.26344309747219086,0.07947266201137974,0.16980616196990014,0.2177100270986557,0.3158887684345245,0.4200919896364212,0,0,0,0
sentiment,neutral,mean,all_200,200,0.30979958176612854,0.5388665199279785,0.42393520931402845,0.4238802418112755,0.03833961143832885,0.3504052184522152,0.4052228480577469,0.4485584869980812,0.47922089248895644,0,0,0,0
sentiment,neutral,mean,core_180,180,0.3301672637462616,0.518848717212677,0.42372375409360286,0.4238802418112755,0.03739193261179004,0.3504052184522152,0.40358253940939903,0.4485584869980812,0.4786514639854431,0,0,0,0
sentiment,neutral,token_weighted_mean,all_200,200,0.30979958176612854,0.5388665199279785,0.42393573969795695,0.4238802418112755,0.038338348479176616,0.3504047726984081,0.4052228480577469,0.4485584869980812,0.47922089248895644,0,0,0,0
sentiment,neutral,token_weighted_mean,core_180,180,0.3301672637462616,0.518848717212677,0.42372406221924547,0.4238802418112755,0.03739029341729364,0.3504047726984081,0.40358253940939903,0.4485584869980812,0.4786514639854431,0,0,0,0
sentiment,neutral,max,all_200,200,0.30979958176612854,0.5388665199279785,0.42784907162189484,0.42841507494449615,0.03891532626442757,0.356926865875721,0.40792693942785263,0.4517882317304611,0.48709008693695066,0,0,0,0
sentiment,neutral,max,core_180,180,0.3301672637462616,0.518848717212677,0.42758786413404676,0.4284646362066269,0.03763137388571872,0.356926865875721,0.40747178345918655,0.4517882317304611,0.48580753058195114,0,0,0,0
sentiment,neutral,q90,all_200,200,0.30979958176612854,0.5388665199279785,0.42711515283584595,0.42822103202342987,0.03869512605272552,0.3566584421694279,0.4073184832930565,0.4517882317304611,0.48515978172421453,0,0,0,0
sentiment,neutral,q90,core_180,180,0.3301672637462616,0.518848717212677,0.4268771744271119,0.42841507494449615,0.03747996785189234,0.3566584421694279,0.4063160985708237,0.4517882317304611,0.48346492186188694,0,0,0,0
sentiment,positive,mean,all_200,200,0.13955848664045334,0.5660786628723145,0.3086921825259924,0.30387045443058014,0.07667986282503914,0.1900240890681744,0.2619295362383127,0.34547043591737747,0.45867842510342594,0,0,0,0
sentiment,positive,mean,core_180,180,0.13955848664045334,0.539169192314148,0.3061877844510255,0.30440187454223633,0.07586057910158875,0.1759083829820156,0.257766492664814,0.34417395293712616,0.4575784206390381,0,0,0,0
sentiment,positive,token_weighted_mean,all_200,200,0.13955848664045334,0.5660786628723145,0.3086921269316076,0.30387045443058014,0.07667727617928251,0.1900240890681744,0.2619295362383127,0.34547043591737747,0.45867738027655003,0,0,0,0
sentiment,positive,token_weighted_mean,core_180,180,0.13955848664045334,0.539169192314148,0.3061878095484396,0.30440187454223633,0.07585755424701394,0.17591558207241934,0.257766492664814,0.34417395293712616,0.4575784206390381,0,0,0,0
sentiment,positive,max,all_200,200,0.15193301439285278,0.5660786628723145,0.3147176470607519,0.3096512407064438,0.07802800294086079,0.19993518888950348,0.2665160819888115,0.3555775657296181,0.4707706108689308,0,0,0,0
sentiment,positive,max,core_180,180,0.15193301439285278,0.543350100517273,0.3121348707212342,0.3096512407064438,0.07750190477483679,0.1948187328875065,0.2588117942214012,0.3542787954211235,0.46198940128087984,0,0,0,0
sentiment,positive,q90,all_200,200,0.1494581088423729,0.5660786628723145,0.31347392581403255,0.3093036562204361,0.0774443117454334,0.1989819338917732,0.2662977144122124,0.3552067168056965,0.46562656566500654,0,0,0,0
sentiment,positive,q90,core_180,180,0.1494581088423729,0.539169192314148,0.31090032640430665,0.3093036562204361,0.07683568929536262,0.1948187328875065,0.2588117942214012,0.35339944064617157,0.46172521457076066,0,0,0,0
bart,romance,mean,all_200,200,0.08524095191966302,0.999634969819379,0.8835841381455222,0.9529279387144749,0.17304350287346784,0.4641081498483427,0.863767675412263,0.9842958081874187,0.9960297630971598,0,0,0,34
bart,romance,mean,core_180,180,0.08524095191966302,0.999634969819379,0.8854484705975764,0.9547531907917637,0.17510203918851894,0.46409188444535887,0.8721019397977969,0.9858895379557795,0.9960628319116516,0,0,0,32
bart,romance,token_weighted_mean,all_200,200,0.08524095191966302,0.999634969819379,0.8835838735669312,0.9529302813732905,0.17304459274490058,0.46411275073166913,0.8637599374233865,0.9842958081874187,0.9960297630971598,0,0,0,34
bart,romance,token_weighted_mean,core_180,180,0.08524095191966302,0.999634969819379,0.8854476654121057,0.9547531907917637,0.17510452609489294,0.46409188444535887,0.8720993604681715,0.9858895379557795,0.9960628319116516,0,0,0,32
bart,romance,max,all_200,200,0.08524095191966302,0.999634969819379,0.887275520248403,0.9572194340612736,0.16931198376902495,0.5449088712027044,0.874843428827718,0.9858895379557795,0.9962000877842015,0,0,0,37
bart,romance,max,core_180,180,0.08524095191966302,0.999634969819379,0.8889994338960455,0.9580889379479558,0.17221501262478295,0.5151196188179678,0.8772194491275834,0.9867897903169149,0.9962549603698684,0,0,0,35
bart,romance,q90,all_200,200,0.08524095191966302,0.999634969819379,0.8865372438278267,0.9569421699119985,0.16991730693102272,0.5257222754789025,0.874843428827718,0.9846866910031856,0.9960297630971598,0,0,0,36
bart,romance,q90,core_180,180,0.08524095191966302,0.999634969819379,0.8882892412363517,0.9578569080707271,0.1726590944186742,0.5083362270003916,0.8754152628010896,0.9865111823154298,0.9960628319116516,0,0,0,34
bart,heartbreak,mean,all_200,200,0.03853054653266693,0.9992033324848618,0.8356536683100283,0.9299523360744908,0.21670570991904467,0.3296476433216416,0.8007617529797331,0.9812251836184899,0.9969093657892008,0,0,0,36
bart,heartbreak,mean,core_180,180,0.03853054653266693,0.9992033324848618,0.8514443494927743,0.9453468721914453,0.20614908290997164,0.3740249847419959,0.8231546709468991,0.9853441570752689,0.9974592990197777,0,0,0,36
bart,heartbreak,token_weighted_mean,all_200,200,0.03853054653266693,0.9992033324848618,0.8356517452400304,0.9299523360744908,0.21670693657596388,0.3296476433216416,0.8007617529797331,0.9812251836184899,0.9969093657892008,0,0,0,36
bart,heartbreak,token_weighted_mean,core_180,180,0.03853054653266693,0.9992033324848618,0.8514421802086892,0.9453468721914453,0.2061506766750088,0.3740249847419959,0.8231419055410834,0.9853441570752689,0.9974592990197777,0,0,0,36
bart,heartbreak,max,all_200,200,0.03853054653266693,0.9992033324848618,0.8398315211795917,0.9348543856245256,0.21551208018684842,0.33390673898355744,0.8100035201557174,0.9846504100112112,0.9974592990197777,0,0,0,39
bart,heartbreak,max,core_180,180,0.03853054653266693,0.9992033324848618,0.8560513630413025,0.948301147540102,0.2043831460964355,0.3741429860873142,0.8321579724601345,0.9858681673906935,0.9975233055996584,0,0,0,39
bart,heartbreak,q90,all_200,200,0.03853054653266693,0.9992033324848618,0.838995950605679,0.9348543856245256,0.21559170020245053,0.3311077785258128,0.8100035201557174,0.9846504100112112,0.9969093657892008,0,0,0,39
bart,heartbreak,q90,core_180,180,0.03853054653266693,0.9992033324848618,0.8551299603315968,0.9464705324168428,0.20455132530276962,0.3740249847419959,0.8321579724601345,0.9858681673906935,0.9974592990197777,0,0,0,39
bart,sexual,mean,all_200,200,0.06406215875045546,0.9969311923910547,0.7945762571804866,0.829889412067524,0.15997583259610407,0.5160038961470838,0.704212245838566,0.9161024380346059,0.9753131914882182,0,0,0,2
bart,sexual,mean,core_180,180,0.06406215875045546,0.9969311923910547,0.7957107823670375,0.8246988526550127,0.15507123160179526,0.5395193299408477,0.704212245838566,0.914827943481863,0.9732012376586355,0,0,0,1
bart,sexual,token_weighted_mean,all_200,200,0.06406215875045546,0.9969311923910547,0.7945749272866912,0.829889412067524,0.15997731923903435,0.5160038961470838,0.704212245838566,0.9161024380346059,0.9753131914882182,0,0,0,2
bart,sexual,token_weighted_mean,core_180,180,0.06406215875045546,0.9969311923910547,0.79570928793654,0.8246988526550127,0.15507292605765954,0.5393288228644868,0.704212245838566,0.914827943481863,0.9732012376586355,0,0,0,1
bart,sexual,max,all_200,200,0.06406215875045546,0.9969311923910547,0.7987685862877167,0.8356148499046867,0.1596030673638222,0.5160038961470838,0.7112821755666257,0.9227078759016323,0.9763802533758812,0,0,0,2
bart,sexual,max,core_180,180,0.06406215875045546,0.9969311923910547,0.8003508637490322,0.829889412067524,0.15457939141769209,0.5624461955362519,0.7112821755666257,0.9193631935519765,0.9735846618253681,0,0,0,1
bart,sexual,q90,all_200,200,0.06406215875045546,0.9969311923910547,0.7979301204662708,0.8356148499046867,0.15941141323984898,0.5160038961470838,0.7112821755666257,0.9210991277851823,0.9753131914882182,0,0,0,2
bart,sexual,q90,core_180,180,0.06406215875045546,0.9969311923910547,0.7994228474726333,0.829889412067524,0.1543733140231018,0.5624461955362519,0.7112821755666257,0.919107374504069,0.9732012376586355,0,0,0,1
bart,violence,mean,all_200,200,0.023367509924467438,0.99964934109565,0.4518756786866559,0.38653680027717874,0.31786132886249924,0.06218740310781455,0.16852415411543514,0.7211643611086942,0.9795861507305217,0,0,0,4
bart,violence,mean,core_180,180,0.023367509924467438,0.99964934109565,0.4466323836508403,0.378852528477009,0.3061554526776949,0.07208687972039435,0.17620093753265334,0.6940631341614591,0.9720652059899353,0,0,0,4
bart,violence,token_weighted_mean,all_200,200,0.023367509924467438,0.99964934109565,0.4518734286354073,0.38653680027717874,0.31786119705333815,0.06218740310781455,0.16852415411543514,0.7211643611086942,0.9796016412125,0,0,0,4
bart,violence,token_weighted_mean,core_180,180,0.023367509924467438,0.99964934109565,0.4466298622149707,0.378852528477009,0.30615521935372847,0.07208687972039435,0.17620093753265334,0.6940631341614591,0.9720652059899353,0,0,0,4
bart,violence,max,all_200,200,0.023367509924467438,0.99964934109565,0.4588505465641025,0.39783353514906666,0.32200724212923537,0.06218740310781455,0.16852415411543514,0.7276980218134195,0.9845018748354023,0,0,0,8
bart,violence,max,core_180,180,0.023367509924467438,0.99964934109565,0.45435921174395916,0.3922465056330008,0.31101641484828796,0.07208687972039435,0.17620093753265334,0.7202054123568642,0.9737193605966632,0,0,0,7
bart,violence,q90,all_200,200,0.023367509924467438,0.99964934109565,0.45745557298861317,0.39783353514906666,0.3209041571075661,0.06218740310781455,0.16852415411543514,0.7276980218134195,0.9844895903510992,0,0,0,7
bart,violence,q90,core_180,180,0.023367509924467438,0.99964934109565,0.4528138461253354,0.3922465056330008,0.3097314151010706,0.07208687972039435,0.17620093753265334,0.69890025070207,0.9730203749345637,0,0,0,6
bart,profanity,mean,all_200,200,0.0801860076903876,0.9967411814312804,0.7524030755663531,0.79048008020778,0.1859789922317616,0.4429249448001093,0.6276812152615125,0.8973061152091741,0.9868657421406823,0,0,0,8
bart,profanity,mean,core_180,180,0.0801860076903876,0.9967411814312804,0.7518747351716377,0.7894533020122512,0.18190479721158342,0.4536484358038679,0.6376238028450355,0.883900118642037,0.9868657421406823,0,0,0,7
bart,profanity,token_weighted_mean,all_200,200,0.0801860076903876,0.9967411814312804,0.7524019371821203,0.79048008020778,0.1859797973256695,0.4429249448001093,0.6276812152615125,0.8973061152091741,0.9868654229840627,0,0,0,8
bart,profanity,token_weighted_mean,core_180,180,0.0801860076903876,0.9967411814312804,0.7518734601113377,0.7894533020122512,0.18190569488233554,0.4536484358038679,0.6376238028450355,0.883900118642037,0.9868654229840627,0,0,0,7
bart,profanity,max,all_200,200,0.0801860076903876,0.9976019570737585,0.7551997538958289,0.7936963319016104,0.18650575286534535,0.4429249448001093,0.6376238028450355,0.9042553482867505,0.9899976536074803,0,0,0,10
bart,profanity,max,core_180,180,0.0801860076903876,0.9967411814312804,0.7549711820598094,0.7919395359944055,0.1824951685495328,0.4536484358038679,0.6443257464395711,0.8881205008248296,0.9899976536074803,0,0,0,9
bart,profanity,q90,all_200,200,0.0801860076903876,0.9972069118689059,0.7546404182299338,0.7936963319016104,0.18629341358521712,0.4429249448001093,0.6376238028450355,0.9042553482867505,0.9887298498121082,0,0,0,9
bart,profanity,q90,core_180,180,0.0801860076903876,0.9967411814312804,0.7543518926821751,0.7919395359944055,0.1822559470575562,0.4536484358038679,0.6443257464395711,0.8881205008248296,0.9887298498121082,0,0,0,8
bart,drugs,mean,all_200,200,0.041378980253836496,0.9981223200634267,0.5381835072024153,0.5262472494891759,0.26311488232890046,0.14419000564730586,0.3068909779035723,0.7566283418252286,0.9591960741062796,0,0,0,3
bart,drugs,mean,core_180,180,0.041378980253836496,0.9981223200634267,0.5327230034454773,0.5203280328809928,0.2543537950986302,0.15556383526251857,0.3068909779035723,0.7499586638263226,0.9456492089220647,0,0,0,2
bart,drugs,token_weighted_mean,all_200,200,0.041378980253836496,0.9981223200634268,0.5381846390258034,0.5262472494891759,0.26311628282237065,0.14419000564730586,0.3068909779035723,0.7566283418252286,0.9591960741062796,0,0,0,3
bart,drugs,token_weighted_mean,core_180,180,0.041378980253836496,0.9981223200634268,0.5327240049728931,0.5203280328809928,0.25435502986915065,0.15556383526251857,0.3068909779035723,0.7499586638263226,0.9456492089220647,0,0,0,2
bart,drugs,max,all_200,200,0.041378980253836496,0.998726022612179,0.5423085551124937,0.5262472494891759,0.2668068323069738,0.14419000564730586,0.3086016259608102,0.7566283418252286,0.9754247557460894,0,0,0,4
bart,drugs,max,core_180,180,0.041378980253836496,0.998726022612179,0.5370306197180075,0.5203280328809928,0.25823834857176653,0.15556383526251857,0.3086016259608102,0.7499586638263226,0.9652313668074962,0,0,0,3
bart,drugs,q90,all_200,200,0.041378980253836496,0.9986052821024286,0.541483545530478,0.5262472494891759,0.2659682708620179,0.14419000564730586,0.3086016259608102,0.7566283418252286,0.9654305048795977,0,0,0,4
bart,drugs,q90,core_180,180,0.041378980253836496,0.9986052821024286,0.5361690964635014,0.5203280328809928,0.2573504966706101,0.15556383526251857,0.3086016259608102,0.7499586638263226,0.9468658102078416,0,0,0,3
bart,alcohol,mean,all_200,200,0.09587513543461669,0.9858463854748208,0.6313685540907233,0.6310723892246524,0.23522456229296948,0.2541607098964268,0.4545295053571476,0.8488042196282539,0.9623482266080812,0,0,0,0
bart,alcohol,mean,core_180,180,0.09587513543461669,0.9858463854748208,0.6314177483800928,0.6246054705371,0.22811689584087996,0.26566842659833034,0.46015376965623755,0.8412518161409324,0.9458459522215343,0,0,0,0
bart,alcohol,token_weighted_mean,all_200,200,0.09587513543461669,0.9858463854748208,0.6313673215274134,0.6310723892246524,0.23522431659522872,0.2541607098964268,0.4545295053571476,0.848883705425607,0.9623482266080812,0,0,0,0
bart,alcohol,token_weighted_mean,core_180,180,0.09587513543461669,0.9858463854748208,0.6314163479018433,0.6246054705371,0.2281165737792093,0.26566842659833034,0.46015376965623755,0.8412518161409324,0.9458459522215343,0,0,0,0
bart,alcohol,max,all_200,200,0.09587513543461669,0.9891952999284599,0.6364989286777125,0.6550948037256357,0.2395078991547267,0.2541607098964268,0.4545295053571476,0.8522238722788457,0.9755460278357658,0,0,0,0
bart,alcohol,max,core_180,180,0.09587513543461669,0.9891952999284599,0.6370848169407581,0.636952139110175,0.23296847098870468,0.26566842659833034,0.46015376965623755,0.8495796548818143,0.9755460278357658,0,0,0,0
bart,alcohol,q90,all_200,200,0.09587513543461669,0.9858463854748208,0.6354728537603147,0.6550948037256357,0.23848036421375932,0.2541607098964268,0.4545295053571476,0.850334338482807,0.9675528579365911,0,0,0,0
bart,alcohol,q90,core_180,180,0.09587513543461669,0.9858463854748208,0.6359514032286251,0.636952139110175,0.23180488679289815,0.26566842659833034,0.46015376965623755,0.8453137010766705,0.9675528579365911,0,0,0,0
bart,crime,mean,all_200,200,0.016384202314854154,0.9941215452363368,0.4454930603081172,0.36825283250263124,0.30151239049179746,0.06936141128572296,0.19231181002356318,0.7023383766220376,0.9697264166659617,0,0,0,1
bart,crime,mean,core_180,180,0.016384202314854154,0.9941215452363368,0.44094462351021396,0.3598051067690101,0.2923561797453608,0.09450344809816844,0.19286380231697436,0.6892122940672135,0.9697264166659617,0,0,0,1
bart,crime,token_weighted_mean,all_200,200,0.016384202314854154,0.9941215452363368,0.4454914721007071,0.36825283250263124,0.3015122066895986,0.06936141128572296,0.19231181002356318,0.7023383766220376,0.9697264166659617,0,0,0,1
bart,crime,token_weighted_mean,core_180,180,0.016384202314854154,0.9941215452363368,0.4409428434019601,0.3598051067690101,0.292355915150636,0.09450344809816844,0.19286380231697436,0.6892122940672135,0.9697264166659617,0,0,0,1
bart,crime,max,all_200,200,0.016384202314854154,0.9975215104663055,0.4506272164082377,0.37576254274135457,0.30430601451889167,0.06936141128572296,0.19231181002356318,0.7132046062978094,0.9739524304723084,0,0,0,1
bart,crime,max,core_180,180,0.016384202314854154,0.9975215104663055,0.4466326196772931,0.36825283250263124,0.2956115455882746,0.0948780308788041,0.19286380231697436,0.6938420155404523,0.9739524304723084,0,0,0,1
bart,crime,q90,all_200,200,0.016384202314854154,0.9968415174203118,0.4496003851882136,0.37576254274135457,0.3035252510047124,0.06936141128572296,0.19231181002356318,0.7087692570354233,0.973278576914114,0,0,0,1
bart,crime,q90,core_180,180,0.016384202314854154,0.9968415174203118,0.4454950204438773,0.36825283250263124,0.2947076264325795,0.0948780308788041,0.19286380231697436,0.6938420155404523,0.973278576914114,0,0,0,1
bart,wealth,mean,all_200,200,0.007661758740647465,0.9970799549730731,0.46285927298467555,0.39006344599933274,0.3103955789199744,0.048074594031990436,0.18442744554710858,0.7423528352172377,0.973372976569711,0,0,1,4
bart,wealth,mean,core_180,180,0.007661758740647465,0.9970799549730731,0.4593932010584473,0.37873378607935126,0.30720009193224884,0.062073707016567475,0.18442744554710858,0.7364252295794436,0.9724781213673801,0,0,1,3
bart,wealth,token_weighted_mean,all_200,200,0.007661758740647465,0.9970799549730731,0.4628568437814639,0.39006344599933274,0.31039390075282075,0.048074594031990436,0.18442744554710858,0.7423528352172377,0.973372976569711,0,0,1,4
bart,wealth,token_weighted_mean,core_180,180,0.007661758740647465,0.9970799549730731,0.4593900774846655,0.37873378607935126,0.30719755295751144,0.062073707016567475,0.18442744554710858,0.7364252295794436,0.9724781213673801,0,0,1,3
bart,wealth,max,all_200,200,0.007661758740647465,0.9970799549730731,0.4682586596856342,0.39006344599933274,0.3153357858412971,0.048074594031990436,0.18442744554710858,0.7423528352172377,0.9845783347939249,0,0,1,6
bart,wealth,max,core_180,180,0.007661758740647465,0.9970799549730731,0.4649353771620281,0.37873378607935126,0.31209265704666533,0.062073707016567475,0.18442744554710858,0.7364252295794436,0.9764294360146746,0,0,1,4
bart,wealth,q90,all_200,200,0.007661758740647465,0.9970799549730731,0.46717878234544247,0.39006344599933274,0.3141720557769572,0.048074594031990436,0.18442744554710858,0.7423528352172377,0.9764294360146746,0,0,1,4
bart,wealth,q90,core_180,180,0.007661758740647465,0.9970799549730731,0.4638269419413119,0.37873378607935126,0.3109252645013031,0.062073707016567475,0.18442744554710858,0.7364252295794436,0.973459280026551,0,0,1,3
bart,partying,mean,all_200,200,0.017930375786847606,0.9979449277217771,0.5847262318954556,0.5917744515346935,0.2897913784499442,0.14443676752790494,0.32134124992902235,0.8531434376370214,0.9727400148343912,0,0,0,4
bart,partying,mean,core_180,180,0.017930375786847606,0.9979449277217771,0.5832701630600894,0.5819570969567671,0.28616817566228825,0.15461691714228434,0.3281683130617824,0.8484434879659445,0.9761721851534255,0,0,0,4
bart,partying,token_weighted_mean,all_200,200,0.017930375786847606,0.997944927721777,0.5847249378031268,0.5917744515346935,0.2897914241625306,0.14443676752790494,0.32134124992902235,0.8531434376370214,0.9727400148343912,0,0,0,4
bart,partying,token_weighted_mean,core_180,180,0.017930375786847606,0.997944927721777,0.5832685205875894,0.5819570969567671,0.2861679582077735,0.15461691714228434,0.3281683130617824,0.8484434879659445,0.9761721851534255,0,0,0,4
bart,partying,max,all_200,200,0.017930375786847606,0.9982980603425274,0.5896532802676168,0.597625672575933,0.2924913021543467,0.14443676752790494,0.3281683130617824,0.8656266048889099,0.9851527290874588,0,0,0,6
bart,partying,max,core_180,180,0.017930375786847606,0.9982980603425274,0.5885243155221707,0.5877193372045433,0.2889383798397984,0.15461691714228434,0.33518063465530545,0.8600917633682816,0.9851527290874588,0,0,0,6
bart,partying,q90,all_200,200,0.017930375786847606,0.9982274338183774,0.5886678705931845,0.597625672575933,0.29180314553078157,0.14443676752790494,0.3281683130617824,0.8627704298916239,0.9804090947552159,0,0,0,4
bart,partying,q90,core_180,180,0.017930375786847606,0.9982274338183774,0.5874734850297544,0.5877193372045433,0.2882200648537526,0.15461691714228434,0.33518063465530545,0.8535715316821416,0.9816016977478411,0,0,0,4
bart,family,mean,all_200,200,0.07460851602776516,0.9983285353617423,0.8899019871394669,0.9436268477115302,0.13501457889319032,0.6531714732981502,0.8609889820139021,0.9731788995987014,0.9922343029238372,0,0,0,17
bart,family,mean,core_180,180,0.07460851602776516,0.9983285353617423,0.8936299577909639,0.9449122295365577,0.12861024969420506,0.6531714732981502,0.8609889820139021,0.9747104903127342,0.9934179360614014,0,0,0,16
bart,family,token_weighted_mean,all_200,200,0.07460851602776516,0.9983285353617423,0.8899020613570872,0.9436268477115302,0.13501452130038533,0.6531714732981502,0.8609889820139021,0.9731788995987014,0.9922343029238372,0,0,0,17
bart,family,token_weighted_mean,core_180,180,0.07460851602776516,0.9983285353617423,0.8936299798147359,0.9449122295365577,0.12861028374795616,0.6531714732981502,0.8609889820139021,0.9747104903127342,0.9934179360614014,0,0,0,16
bart,family,max,all_200,200,0.07460851602776516,0.9984245250367345,0.8930853502044755,0.9449122295365577,0.13451732801233865,0.6655821065321608,0.8654864849317899,0.9750752210750306,0.9950997625737394,0,0,0,20
bart,family,max,core_180,180,0.07460851602776516,0.9984245250367345,0.8971019337134329,0.9463863786713976,0.128032151248835,0.6655821065321608,0.8672929445459143,0.9774287189601851,0.9953787373006527,0,0,0,19
bart,family,q90,all_200,200,0.07460851602776516,0.9983285353617423,0.8924486775914738,0.9442197437323478,0.13445877857359645,0.6601691396632821,0.8618548587968164,0.9750752210750306,0.9927340709903419,0,0,0,19
bart,family,q90,core_180,180,0.07460851602776516,0.9983285353617423,0.8964075385289391,0.9449122295365577,0.12796424227921657,0.6601691396632821,0.8618548587968164,0.9774287189601851,0.9934179360614014,0,0,0,18
bart,friendship,mean,all_200,200,0.08845053922798805,0.9988893977236363,0.8951602130594265,0.960930962396024,0.17105604469821628,0.49559637884069696,0.9045979675443108,0.988438036068099,0.9968970637592233,0,0,0,43
bart,friendship,mean,core_180,180,0.08845053922798805,0.9988893977236363,0.8947494550149458,0.9578860468788409,0.16654749106030275,0.4984305443044266,0.8946072592907515,0.9888458370416155,0.9968970637592233,0,0,0,40
bart,friendship,token_weighted_mean,all_200,200,0.08845053922798805,0.9988893977236363,0.8951573048088118,0.960930962396024,0.17106189126673157,0.49559637884069696,0.9045979675443108,0.988438036068099,0.9968970637592233,0,0,0,43
bart,friendship,token_weighted_mean,core_180,180,0.08845053922798805,0.9988893977236363,0.8947471389380396,0.9578860468788409,0.16655152713275578,0.4984305443044266,0.8946072592907515,0.9888458370416155,0.9968970637592233,0,0,0,40
bart,friendship,max,all_200,200,0.08845053922798805,0.9990670056013643,0.9019953751692917,0.9628202918274551,0.1628371809105665,0.5124738530291493,0.9062766244459359,0.9889885231120857,0.9969310932366188,0,0,0,46
bart,friendship,max,core_180,180,0.08845053922798805,0.9990670056013643,0.9013582878407986,0.9604431824772077,0.159592748767002,0.5124738530291493,0.9014537654260805,0.9893343707578667,0.9969310932366188,0,0,0,43
bart,friendship,q90,all_200,200,0.08845053922798805,0.9988893977236363,0.9006283427473186,0.962239279655964,0.1639227576819023,0.4984305443044266,0.9062766244459359,0.9888458370416155,0.9969203975218501,0,0,0,46
bart,friendship,q90,core_180,180,0.08845053922798805,0.9988893977236363,0.900036521275628,0.9597732633680539,0.16041975430895428,0.4984305443044266,0.9009429942489451,0.9890191336750875,0.9969203975218501,0,0,0,43
bart,spirituality,mean,all_200,200,0.01983615468499236,0.9990387042166233,0.5520172680775312,0.5391554009067482,0.24396632348505945,0.15442849262768776,0.3713961030950725,0.7565206521234165,0.9504753914306544,0,0,0,2
bart,spirituality,mean,core_180,180,0.01983615468499236,0.9990387042166233,0.5429480594995184,0.52655776104645,0.24091994313147932,0.15442849262768776,0.3701163523284956,0.7398774386354867,0.9389949421825252,0,0,0,2
bart,spirituality,token_weighted_mean,all_200,200,0.01983615468499236,0.9990387042166233,0.5520157141307787,0.5391554009067482,0.24396678732660465,0.15442849262768776,0.3713961030950725,0.7565206521234165,0.9504753914306544,0,0,0,2
bart,spirituality,token_weighted_mean,core_180,180,0.01983615468499236,0.9990387042166233,0.5429471560157364,0.52655776104645,0.24092047541970263,0.15442849262768776,0.3701163523284956,0.7398774386354867,0.9389949421825252,0,0,0,2
bart,spirituality,max,all_200,200,0.01983615468499236,0.9990387042166233,0.5599970575115303,0.5487205418517823,0.24556931649535751,0.15442849262768776,0.3755331059112217,0.7634876655811296,0.9504753914306544,0,0,0,2
bart,spirituality,max,core_180,180,0.01983615468499236,0.9990387042166233,0.5509279879566583,0.5419270288124057,0.2426975769181394,0.15442849262768776,0.37301589038188915,0.7554877938349629,0.9389949421825252,0,0,0,2
bart,spirituality,q90,all_200,200,0.01983615468499236,0.9990387042166233,0.5584010996247305,0.5441936598457298,0.24487452174202867,0.15442849262768776,0.3755331059112217,0.7634876655811296,0.9504753914306544,0,0,0,2
bart,spirituality,q90,core_180,180,0.01983615468499236,0.9990387042166233,0.5493320022652304,0.5417780913045457,0.24196579462907905,0.15442849262768776,0.37301589038188915,0.7554877938349629,0.9389949421825252,0,0,0,2
bart,politics,mean,all_200,200,0.004757705474476195,0.9674915862635226,0.5706385415159164,0.5914667951232523,0.24096936225312807,0.177667823845499,0.366380283840485,0.7827136246496316,0.9281592245240223,0,0,1,0
bart,politics,mean,core_180,180,0.004757705474476195,0.9674915862635226,0.5680965712480806,0.5767693360725841,0.23481330322128036,0.19045751440630138,0.36799184239681965,0.7530428749114836,0.9272728266446594,0,0,1,0
bart,politics,token_weighted_mean,all_200,200,0.004757705474476195,0.9674915862635226,0.5706367575745492,0.5914667951232523,0.2409688601931624,0.177667823845499,0.366380283840485,0.7827136246496316,0.9281592245240223,0,0,1,0
bart,politics,token_weighted_mean,core_180,180,0.004757705474476195,0.9674915862635226,0.5680945343686238,0.5767693360725841,0.23481265584566946,0.19045751440630138,0.36799184239681965,0.7530428749114836,0.9273274060891856,0,0,1,0
bart,politics,max,all_200,200,0.004757705474476195,0.9960323402675572,0.5768446216164124,0.5969648722998677,0.24633016781696235,0.177667823845499,0.366380283840485,0.7934351975548002,0.9487282997988585,0,0,1,1
bart,politics,max,core_180,180,0.004757705474476195,0.9960323402675572,0.5749332797986497,0.5850093631226271,0.2409259869602123,0.19045751440630138,0.36799184239681965,0.7737783149379812,0.9487282997988585,0,0,1,1
bart,politics,q90,all_200,200,0.004757705474476195,0.9822783202468834,0.5756034055963132,0.5914667951232523,0.2450583591058249,0.177667823845499,0.366380283840485,0.7887892677107198,0.9396862387016253,0,0,1,0
bart,politics,q90,core_180,180,0.004757705474476195,0.9822783202468834,0.573565938088536,0.5839116191592983,0.23947968183521046,0.19045751440630138,0.36799184239681965,0.7690314737774647,0.9357555665464916,0,0,1,0
bart,distress,mean,all_200,200,0.24641074589677017,0.998668398790176,0.8623821867075848,0.9219767792604495,0.1561977902601127,0.512292628518496,0.8188161074484075,0.9694761771179647,0.9924246162224385,0,0,0,14
bart,distress,mean,core_180,180,0.24641074589677017,0.998668398790176,0.8667882544604845,0.9299850240314584,0.1566260901619189,0.512292628518496,0.8315011386486374,0.9699956799697477,0.9928034313695411,0,0,0,14
bart,distress,token_weighted_mean,all_200,200,0.24641074589677017,0.998668398790176,0.8623815964780657,0.9219767792604495,0.1561991981261836,0.512292628518496,0.8188161074484075,0.9694761771179647,0.9924246162224385,0,0,0,14
bart,distress,token_weighted_mean,core_180,180,0.24641074589677017,0.998668398790176,0.8667875690454284,0.9299850240314584,0.1566276556827376,0.512292628518496,0.8315011386486374,0.9699956799697477,0.9928034313695411,0,0,0,14
bart,distress,max,all_200,200,0.24641074589677017,0.998668398790176,0.8663107827959463,0.9285439389227852,0.15558849296938204,0.512292628518496,0.8233430307301196,0.972952962487483,0.9928034313695411,0,0,0,16
bart,distress,max,core_180,180,0.24641074589677017,0.998668398790176,0.871121477201281,0.931970883298752,0.155805449134299,0.512292628518496,0.838345686890875,0.9730770960442424,0.9931472148246084,0,0,0,16
bart,distress,q90,all_200,200,0.24641074589677017,0.998668398790176,0.865525063578274,0.927908501246189,0.15542096701958721,0.512292628518496,0.8233430307301196,0.9717811268119714,0.9924246162224385,0,0,0,15
bart,distress,q90,core_180,180,0.24641074589677017,0.998668398790176,0.8702548326531216,0.9313815000451158,0.15564943081397156,0.512292628518496,0.838345686890875,0.9723926684281127,0.9928034313695411,0,0,0,15
bart,empowerment,mean,all_200,200,0.07370787510345324,0.9984291012635192,0.8926193062017607,0.9664535616609027,0.17771045899732085,0.47646901614285186,0.915683588621338,0.9826316298138521,0.9928886812081358,0,0,0,25
bart,empowerment,mean,core_180,180,0.07370787510345324,0.9984291012635192,0.8857702779577463,0.9640990519798691,0.18510026379818517,0.4343306693467587,0.8961611665145879,0.9820479942579416,0.9932415184963396,0,0,0,23
bart,empowerment,token_weighted_mean,all_200,200,0.07370787510345324,0.9984291012635192,0.8926183586888639,0.9664535616609027,0.17771070339363726,0.47646901614285186,0.915683588621338,0.9826316298138521,0.9928886812081358,0,0,0,25
bart,empowerment,token_weighted_mean,core_180,180,0.07370787510345324,0.9984291012635192,0.8857691971275047,0.9640990519798691,0.18510047259754753,0.4343306693467587,0.8961611665145879,0.9820479942579416,0.9932415184963396,0,0,0,23
bart,empowerment,max,all_200,200,0.07370787510345324,0.9984291012635192,0.8946524892227026,0.9680722723546746,0.17772845200897017,0.47646901614285186,0.9170730742927079,0.9835916094876356,0.9934078702826423,0,0,0,28
bart,empowerment,max,core_180,180,0.07370787510345324,0.9984291012635192,0.8879991731327384,0.9664535616609027,0.18518816700097893,0.4343306693467587,0.9085058050155969,0.9834365489767283,0.9935436441837998,0,0,0,26
bart,empowerment,q90,all_200,200,0.07370787510345324,0.9984291012635192,0.8942458526185142,0.9667318285646113,0.1776235046419978,0.47646901614285186,0.9170730742927079,0.9833133838332474,0.9932415184963396,0,0,0,26
bart,empowerment,q90,core_180,180,0.07370787510345324,0.9984291012635192,0.8875533940977399,0.9651744601741794,0.1850626810205318,0.4343306693467587,0.9085058050155969,0.9831481736092803,0.9934078702826423,0,0,0,24
bart,grief,mean,all_200,200,0.014482517712762658,0.998784824782859,0.6819635653206366,0.7512625963973147,0.2774578254196464,0.1041499950835354,0.4895409770790509,0.92126491860997,0.9858503790241893,0,0,0,9
bart,grief,mean,core_180,180,0.014482517712762658,0.998784824782859,0.6892242537558372,0.7601656895639297,0.27460589794738627,0.12663314242140564,0.5000180309737384,0.9281750682252001,0.9861559728454806,0,0,0,9
bart,grief,token_weighted_mean,all_200,200,0.014482517712762658,0.998784824782859,0.6819615315253478,0.7512625963973147,0.2774588454479065,0.1041499950835354,0.4895409770790509,0.92126491860997,0.9858503790241893,0,0,0,9
bart,grief,token_weighted_mean,core_180,180,0.014482517712762658,0.998784824782859,0.6892220972705766,0.7601656895639297,0.27460711643698754,0.12663314242140564,0.5000180309737384,0.9281750682252001,0.9861559728454806,0,0,0,9
bart,grief,max,all_200,200,0.014482517712762658,0.998784824782859,0.6893684329778805,0.7601656895639297,0.278976616365797,0.1041499950835354,0.5074270354004334,0.9276024256050486,0.993383431412982,0,0,0,13
bart,grief,max,core_180,180,0.014482517712762658,0.998784824782859,0.6973406440827981,0.7682388174365942,0.27606719367561167,0.12663314242140564,0.5112204528988898,0.9388899600177468,0.994110619899825,0,0,0,13
bart,grief,q90,all_200,200,0.014482517712762658,0.998784824782859,0.6878874594464317,0.7579436051768846,0.2783274202650552,0.1041499950835354,0.5074270354004334,0.9276024256050486,0.9889136443127228,0,0,0,9
bart,grief,q90,core_180,180,0.014482517712762658,0.998784824782859,0.695717366017406,0.7619288817855185,0.2753888044938299,0.12663314242140564,0.5107277816637243,0.9367671755920713,0.9894914175575905,0,0,0,9
