song_id,status,model,classifier_version,content_token_count,chunk_count,content_budget,source_words,normalized_words,lyrics_sha256,normalized_sha256,admiration__max,admiration__mean,admiration__q90,admiration__token_weighted_mean,amusement__max,amusement__mean,amusement__q90,amusement__token_weighted_mean,anger__max,anger__mean,anger__q90,anger__token_weighted_mean,annoyance__max,annoyance__mean,annoyance__q90,annoyance__token_weighted_mean,approval__max,approval__mean,approval__q90,approval__token_weighted_mean,caring__max,caring__mean,caring__q90,caring__token_weighted_mean,confusion__max,confusion__mean,confusion__q90,confusion__token_weighted_mean,curiosity__max,curiosity__mean,curiosity__q90,curiosity__token_weighted_mean,desire__max,desire__mean,desire__q90,desire__token_weighted_mean,disappointment__max,disappointment__mean,disappointment__q90,disappointment__token_weighted_mean,disapproval__max,disapproval__mean,disapproval__q90,disapproval__token_weighted_mean,disgust__max,disgust__mean,disgust__q90,disgust__token_weighted_mean,embarrassment__max,embarrassment__mean,embarrassment__q90,embarrassment__token_weighted_mean,excitement__max,excitement__mean,excitement__q90,excitement__token_weighted_mean,fear__max,fear__mean,fear__q90,fear__token_weighted_mean,gratitude__max,gratitude__mean,gratitude__q90,gratitude__token_weighted_mean,grief__max,grief__mean,grief__q90,grief__token_weighted_mean,joy__max,joy__mean,joy__q90,joy__token_weighted_mean,love__max,love__mean,love__q90,love__token_weighted_mean,nervousness__max,nervousness__mean,nervousness__q90,nervousness__token_weighted_mean,neutral__max,neutral__mean,neutral__q90,neutral__token_weighted_mean,optimism__max,optimism__mean,optimism__q90,optimism__token_weighted_mean,pride__max,pride__mean,pride__q90,pride__token_weighted_mean,realization__max,realization__mean,realization__q90,realization__token_weighted_mean,relief__max,relief__mean,relief__q90,relief__token_weighted_mean,remorse__max,remorse__mean,remorse__q90,remorse__token_weighted_mean,sadness__max,sadness__mean,sadness__q90,sadness__token_weighted_mean,surprise__max,surprise__mean,surprise__q90,surprise__token_weighted_mean
song_0aed0baea9ae5d346cf2c42de2f92d7bd81418aa8269b3f685d489fdbf4cc08d,success,emotion,classifier-panel-v1,259,1,510,166,166,a758d51e8542965b29d94239cf11464d8708545f2591e4c62af4e54e75af85a2,a758d51e8542965b29d94239cf11464d8708545f2591e4c62af4e54e75af85a2,0.008104459382593632,0.008104459382593632,0.008104459382593632,0.008104459382593632,0.0034672601614147425,0.0034672601614147425,0.0034672601614147425,0.0034672601614147425,0.0012013968080282211,0.0012013968080282211,0.0012013968080282211,0.0012013968080282211,0.004953835159540176,0.004953835159540176,0.004953835159540176,0.004953835159540176,0.09829814732074738,0.09829814732074738,0.09829814732074738,0.09829814732074738,0.004114624112844467,0.004114624112844467,0.004114624112844467,0.004114624112844467,0.001572545268572867,0.001572545268572867,0.001572545268572867,0.001572545268572867,0.003699583699926734,0.003699583699926734,0.003699583699926734,0.003699583699926734,0.008929101750254631,0.008929101750254631,0.008929101750254631,0.008929101750254631,0.0016970121068879962,0.0016970121068879962,0.0016970121068879962,0.0016970121068879962,0.0012315132189542055,0.0012315132189542055,0.0012315132189542055,0.0012315132189542055,0.0005692176637239754,0.0005692176637239754,0.0005692176637239754,0.0005692176637239754,0.00041015041642822325,0.00041015041642822325,0.00041015041642822325,0.00041015041642822325,0.09628470987081528,0.09628470987081528,0.09628470987081528,0.09628470987081528,0.0007831913535483181,0.0007831913535483181,0.0007831913535483181,0.0007831913535483181,0.0004352517717052251,0.0004352517717052251,0.0004352517717052251,0.0004352517717052251,0.0004157221701461822,0.0004157221701461822,0.0004157221701461822,0.0004157221701461822,0.08781442791223526,0.08781442791223526,0.08781442791223526,0.08781442791223526,0.004205713048577309,0.004205713048577309,0.004205713048577309,0.004205713048577309,0.0010316948173567653,0.0010316948173567653,0.0010316948173567653,0.0010316948173567653,0.7104146480560303,0.7104146480560303,0.7104146480560303,0.7104146480560303,0.01097995974123478,0.01097995974123478,0.01097995974123478,0.01097995974123478,0.0024196519516408443,0.0024196519516408443,0.0024196519516408443,0.0024196519516408443,0.008833258412778378,0.008833258412778378,0.008833258412778378,0.008833258412778378,0.003568702843040228,0.003568702843040228,0.003568702843040228,0.003568702843040228,0.00030941289151087403,0.00030941289151087403,0.00030941289151087403,0.00030941289151087403,0.001196171622723341,0.001196171622723341,0.001196171622723341,0.001196171622723341,0.002435968955978751,0.002435968955978751,0.002435968955978751,0.002435968955978751
song_9e3641d00273b9a3b09faf3dccb66583183d28fbee8e60268cab00bc7002cae4,success,emotion,classifier-panel-v1,276,1,510,193,193,a991e07372e3587fdce379d51914f170e256165bd1fb642fa0bc1d94db769383,a991e07372e3587fdce379d51914f170e256165bd1fb642fa0bc1d94db769383,0.008145177736878395,0.008145177736878395,0.008145177736878395,0.008145177736878395,0.0022896151058375835,0.0022896151058375835,0.0022896151058375835,0.0022896151058375835,0.005322500132024288,0.005322500132024288,0.005322500132024288,0.005322500132024288,0.00751417176797986,0.00751417176797986,0.00751417176797986,0.00751417176797986,0.030807731673121452,0.030807731673121452,0.030807731673121452,0.030807731673121452,0.016065815463662148,0.016065815463662148,0.016065815463662148,0.016065815463662148,0.0025519474875181913,0.0025519474875181913,0.0025519474875181913,0.0025519474875181913,0.006356986239552498,0.006356986239552498,0.006356986239552498,0.006356986239552498,0.6134116649627686,0.6134116649627686,0.6134116649627686,0.6134116649627686,0.008155708201229572,0.008155708201229572,0.008155708201229572,0.008155708201229572,0.00411441083997488,0.00411441083997488,0.00411441083997488,0.00411441083997488,0.004898604471236467,0.004898604471236467,0.004898604471236467,0.004898604471236467,0.0007807639194652438,0.0007807639194652438,0.0007807639194652438,0.0007807639194652438,0.009650937281548977,0.009650937281548977,0.009650937281548977,0.009650937281548977,0.0020893278997391462,0.0020893278997391462,0.0020893278997391462,0.0020893278997391462,0.0030800355598330498,0.0030800355598330498,0.0030800355598330498,0.0030800355598330498,0.0010598767548799515,0.0010598767548799515,0.0010598767548799515,0.0010598767548799515,0.008487418293952942,0.008487418293952942,0.008487418293952942,0.008487418293952942,0.6871294975280762,0.6871294975280762,0.6871294975280762,0.6871294975280762,0.001449089264497161,0.001449089264497161,0.001449089264497161,0.001449089264497161,0.04989029839634895,0.04989029839634895,0.04989029839634895,0.04989029839634895,0.028704658150672913,0.028704658150672913,0.028704658150672913,0.028704658150672913,0.0006975785945542157,0.0006975785945542157,0.0006975785945542157,0.0006975785945542157,0.005854791030287743,0.005854791030287743,0.005854791030287743,0.005854791030287743,0.0007941218209452927,0.0007941218209452927,0.0007941218209452927,0.0007941218209452927,0.003270520828664303,0.003270520828664303,0.003270520828664303,0.003270520828664303,0.008355462923645973,0.008355462923645973,0.008355462923645973,0.008355462923645973,0.001545277307741344,0.001545277307741344,0.001545277307741344,0.001545277307741344
song_59328e4ef495b0a2eead2600eb40694f1921b10840b1f242e3580ce8c59f8a86,success,emotion,classifier-panel-v1,344,1,510,234,234,6abbe2290340e13d37d5c5ef3ab7736b0b8c80565eb6b92483d56c64a2a43251,6abbe2290340e13d37d5c5ef3ab7736b0b8c80565eb6b92483d56c64a2a43251,0.0042957435362041,0.0042957435362041,0.0042957435362041,0.0042957435362041,0.030992912128567696,0.030992912128567696,0.030992912128567696,0.030992912128567696,0.003831961192190647,0.003831961192190647,0.003831961192190647,0.003831961192190647,0.01544421911239624,0.01544421911239624,0.01544421911239624,0.01544421911239624,0.010988020338118076,0.010988020338118076,0.010988020338118076,0.010988020338118076,0.001438488019630313,0.001438488019630313,0.001438488019630313,0.001438488019630313,0.0009211395517922938,0.0009211395517922938,0.0009211395517922938,0.0009211395517922938,0.0008411522139795125,0.0008411522139795125,0.0008411522139795125,0.0008411522139795125,0.0013425644719973207,0.0013425644719973207,0.0013425644719973207,0.0013425644719973207,0.007847842760384083,0.007847842760384083,0.007847842760384083,0.007847842760384083,0.0035694048274308443,0.0035694048274308443,0.0035694048274308443,0.0035694048274308443,0.0064004394225776196,0.0064004394225776196,0.0064004394225776196,0.0064004394225776196,0.003707724856212735,0.003707724856212735,0.003707724856212735,0.003707724856212735,0.006676298566162586,0.006676298566162586,0.006676298566162586,0.006676298566162586,0.015201464295387268,0.015201464295387268,0.015201464295387268,0.015201464295387268,0.00031970214331522584,0.00031970214331522584,0.00031970214331522584,0.00031970214331522584,0.0014275509165599942,0.0014275509165599942,0.0014275509165599942,0.0014275509165599942,0.011724538169801235,0.011724538169801235,0.011724538169801235,0.011724538169801235,0.0011818098137155175,0.0011818098137155175,0.0011818098137155175,0.0011818098137155175,0.002372380346059799,0.002372380346059799,0.002372380346059799,0.002372380346059799,0.8969147801399231,0.8969147801399231,0.8969147801399231,0.8969147801399231,0.0021231016144156456,0.0021231016144156456,0.0021231016144156456,0.0021231016144156456,0.0014750431291759014,0.0014750431291759014,0.0014750431291759014,0.0014750431291759014,0.014527848921716213,0.014527848921716213,0.014527848921716213,0.014527848921716213,0.0015295576304197311,0.0015295576304197311,0.0015295576304197311,0.0015295576304197311,0.0005920169060118496,0.0005920169060118496,0.0005920169060118496,0.0005920169060118496,0.008439184166491032,0.008439184166491032,0.008439184166491032,0.008439184166491032,0.004410494584590197,0.004410494584590197,0.004410494584590197,0.004410494584590197
song_c4eabeecb02281b19acf05dac0942d25da1b7cae44fc83479a18c5a5594546ab,success,emotion,classifier-panel-v1,309,1,510,196,196,389f8fe04bdf7f4bb6f46f6bd45a97b00e26a61411fbff4ae9aa073b5aa80fe2,389f8fe04bdf7f4bb6f46f6bd45a97b00e26a61411fbff4ae9aa073b5aa80fe2,0.09914325177669525,0.09914325177669525,0.09914325177669525,0.09914325177669525,0.038641203194856644,0.038641203194856644,0.038641203194856644,0.038641203194856644,0.0014461349928751588,0.0014461349928751588,0.0014461349928751588,0.0014461349928751588,0.012490716762840748,0.012490716762840748,0.012490716762840748,0.012490716762840748,0.07921157777309418,0.07921157777309418,0.07921157777309418,0.07921157777309418,0.002038625068962574,0.002038625068962574,0.002038625068962574,0.002038625068962574,0.0005516131059266627,0.0005516131059266627,0.0005516131059266627,0.0005516131059266627,0.0006398261757567525,0.0006398261757567525,0.0006398261757567525,0.0006398261757567525,0.001137919258326292,0.001137919258326292,0.001137919258326292,0.001137919258326292,0.003312920220196247,0.003312920220196247,0.003312920220196247,0.003312920220196247,0.0017908563604578376,0.0017908563604578376,0.0017908563604578376,0.0017908563604578376,0.001367809483781457,0.001367809483781457,0.001367809483781457,0.001367809483781457,0.0009762061526998878,0.0009762061526998878,0.0009762061526998878,0.0009762061526998878,0.014178303070366383,0.014178303070366383,0.014178303070366383,0.014178303070366383,0.0006990679539740086,0.0006990679539740086,0.0006990679539740086,0.0006990679539740086,0.0005367581034079194,0.0005367581034079194,0.0005367581034079194,0.0005367581034079194,0.0004269192577339709,0.0004269192577339709,0.0004269192577339709,0.0004269192577339709,0.034775663167238235,0.034775663167238235,0.034775663167238235,0.034775663167238235,0.0023425640538334846,0.0023425640538334846,0.0023425640538334846,0.0023425640538334846,0.0004593974445015192,0.0004593974445015192,0.0004593974445015192,0.0004593974445015192,0.6841419339179993,0.6841419339179993,0.6841419339179993,0.6841419339179993,0.004688504617661238,0.004688504617661238,0.004688504617661238,0.004688504617661238,0.005583818536251783,0.005583818536251783,0.005583818536251783,0.005583818536251783,0.01992124132812023,0.01992124132812023,0.01992124132812023,0.01992124132812023,0.0029086717404425144,0.0029086717404425144,0.0029086717404425144,0.0029086717404425144,0.0001979949593078345,0.0001979949593078345,0.0001979949593078345,0.0001979949593078345,0.0007414094870910048,0.0007414094870910048,0.0007414094870910048,0.0007414094870910048,0.0022488280665129423,0.0022488280665129423,0.0022488280665129423,0.0022488280665129423
song_fed7c74ad967767c8732088a2935e6279881ee63bf2cc773490807c416c8707a,success,emotion,classifier-panel-v1,268,1,510,128,128,6e22ecd5fe7ffbf1c9c0b96f62ffafff3147325f976ec3c7d0af8cde8f6b321a,6e22ecd5fe7ffbf1c9c0b96f62ffafff3147325f976ec3c7d0af8cde8f6b321a,0.0018844285514205694,0.0018844285514205694,0.0018844285514205694,0.0018844285514205694,0.002386074047535658,0.002386074047535658,0.002386074047535658,0.002386074047535658,0.003258974989876151,0.003258974989876151,0.003258974989876151,0.003258974989876151,0.008740900084376335,0.008740900084376335,0.008740900084376335,0.008740900084376335,0.013452932238578796,0.013452932238578796,0.013452932238578796,0.013452932238578796,0.0009755437495186925,0.0009755437495186925,0.0009755437495186925,0.0009755437495186925,0.002984695602208376,0.002984695602208376,0.002984695602208376,0.002984695602208376,0.0013653211062774062,0.0013653211062774062,0.0013653211062774062,0.0013653211062774062,0.000987622537650168,0.000987622537650168,0.000987622537650168,0.000987622537650168,0.003934511914849281,0.003934511914849281,0.003934511914849281,0.003934511914849281,0.008406214416027069,0.008406214416027069,0.008406214416027069,0.008406214416027069,0.002522337017580867,0.002522337017580867,0.002522337017580867,0.002522337017580867,0.0008719259058125317,0.0008719259058125317,0.0008719259058125317,0.0008719259058125317,0.0015727885765954852,0.0015727885765954852,0.0015727885765954852,0.0015727885765954852,0.0013993304455652833,0.0013993304455652833,0.0013993304455652833,0.0013993304455652833,0.0007798504666425288,0.0007798504666425288,0.0007798504666425288,0.0007798504666425288,0.0004592842306010425,0.0004592842306010425,0.0004592842306010425,0.0004592842306010425,0.0015239946078509092,0.0015239946078509092,0.0015239946078509092,0.0015239946078509092,0.001193989417515695,0.001193989417515695,0.001193989417515695,0.001193989417515695,0.0003290877502877265,0.0003290877502877265,0.0003290877502877265,0.0003290877502877265,0.9657362103462219,0.9657362103462219,0.9657362103462219,0.9657362103462219,0.0017877494683489203,0.0017877494683489203,0.0017877494683489203,0.0017877494683489203,0.0003005031612701714,0.0003005031612701714,0.0003005031612701714,0.0003005031612701714,0.007212942466139793,0.007212942466139793,0.007212942466139793,0.007212942466139793,0.0003345543809700757,0.0003345543809700757,0.0003345543809700757,0.0003345543809700757,0.0003904190380126238,0.0003904190380126238,0.0003904190380126238,0.0003904190380126238,0.002460821997374296,0.002460821997374296,0.002460821997374296,0.002460821997374296,0.0010070052230730653,0.0010070052230730653,0.0010070052230730653,0.0010070052230730653
song_0349520b5c7c2e4422a70fce1d2df78432df63f0a6e704fa01bbfef8e34ebe24,success,emotion,classifier-panel-v1,213,1,510,169,169,cbb2bb46e4369fefdab5d656dd36e415101920c937e3922faaa497bbb44604e7,cbb2bb46e4369fefdab5d656dd36e415101920c937e3922faaa497bbb44604e7,0.0022750620264559984,0.0022750620264559984,0.0022750620264559984,0.0022750620264559984,0.0016342742601409554,0.0016342742601409554,0.0016342742601409554,0.0016342742601409554,0.010904338210821152,0.010904338210821152,0.010904338210821152,0.010904338210821152,0.045910198241472244,0.045910198241472244,0.045910198241472244,0.045910198241472244,0.011271651834249496,0.011271651834249496,0.011271651834249496,0.011271651834249496,0.015074525028467178,0.015074525028467178,0.015074525028467178,0.015074525028467178,0.08403007686138153,0.08403007686138153,0.08403007686138153,0.08403007686138153,0.017744500190019608,0.017744500190019608,0.017744500190019608,0.017744500190019608,0.03491632267832756,0.03491632267832756,0.03491632267832756,0.03491632267832756,0.35655468702316284,0.35655468702316284,0.35655468702316284,0.35655468702316284,0.021052032709121704,0.021052032709121704,0.021052032709121704,0.021052032709121704,0.005049070343375206,0.005049070343375206,0.005049070343375206,0.005049070343375206,0.004999053198844194,0.004999053198844194,0.004999053198844194,0.004999053198844194,0.0031354811508208513,0.0031354811508208513,0.0031354811508208513,0.0031354811508208513,0.007573040202260017,0.007573040202260017,0.007573040202260017,0.007573040202260017,0.0008228613878600299,0.0008228613878600299,0.0008228613878600299,0.0008228613878600299,0.010782700963318348,0.010782700963318348,0.010782700963318348,0.010782700963318348,0.00605125492438674,0.00605125492438674,0.00605125492438674,0.00605125492438674,0.043749529868364334,0.043749529868364334,0.043749529868364334,0.043749529868364334,0.037004340440034866,0.037004340440034866,0.037004340440034866,0.037004340440034866,0.03398914635181427,0.03398914635181427,0.03398914635181427,0.03398914635181427,0.007176284212619066,0.007176284212619066,0.007176284212619066,0.007176284212619066,0.0005988268530927598,0.0005988268530927598,0.0005988268530927598,0.0005988268530927598,0.01752454973757267,0.01752454973757267,0.01752454973757267,0.01752454973757267,0.0027301826048642397,0.0027301826048642397,0.0027301826048642397,0.0027301826048642397,0.03817850351333618,0.03817850351333618,0.03817850351333618,0.03817850351333618,0.6130293011665344,0.6130293011665344,0.6130293011665344,0.6130293011665344,0.003979004919528961,0.003979004919528961,0.003979004919528961,0.003979004919528961
song_b32a265f2ff03acfa08f045465ca51a6fb31e221f2824a03ef7c5889cee866af,success,emotion,classifier-panel-v1,178,1,510,132,132,e9662c513697a8ff6a505aa8d0aaa5a7a41275ba9049efc772945a694373b4ee,e9662c513697a8ff6a505aa8d0aaa5a7a41275ba9049efc772945a694373b4ee,0.007463853340595961,0.007463853340595961,0.007463853340595961,0.007463853340595961,0.001288664061576128,0.001288664061576128,0.001288664061576128,0.001288664061576128,0.014428718015551567,0.014428718015551567,0.014428718015551567,0.014428718015551567,0.012172716669738293,0.012172716669738293,0.012172716669738293,0.012172716669738293,0.03910965844988823,0.03910965844988823,0.03910965844988823,0.03910965844988823,0.0919632762670517,0.0919632762670517,0.0919632762670517,0.0919632762670517,0.003067648969590664,0.003067648969590664,0.003067648969590664,0.003067648969590664,0.0028618862852454185,0.0028618862852454185,0.0028618862852454185,0.0028618862852454185,0.1384173482656479,0.1384173482656479,0.1384173482656479,0.1384173482656479,0.010529900901019573,0.010529900901019573,0.010529900901019573,0.010529900901019573,0.02413344383239746,0.02413344383239746,0.02413344383239746,0.02413344383239746,0.0031909127719700336,0.0031909127719700336,0.0031909127719700336,0.0031909127719700336,0.0008557192049920559,0.0008557192049920559,0.0008557192049920559,0.0008557192049920559,0.004674235824495554,0.004674235824495554,0.004674235824495554,0.004674235824495554,0.0025544953532516956,0.0025544953532516956,0.0025544953532516956,0.0025544953532516956,0.008157213218510151,0.008157213218510151,0.008157213218510151,0.008157213218510151,0.0016430432442575693,0.0016430432442575693,0.0016430432442575693,0.0016430432442575693,0.00791759230196476,0.00791759230196476,0.00791759230196476,0.00791759230196476,0.8939260244369507,0.8939260244369507,0.8939260244369507,0.8939260244369507,0.0018236933974549174,0.0018236933974549174,0.0018236933974549174,0.0018236933974549174,0.04640977829694748,0.04640977829694748,0.04640977829694748,0.04640977829694748,0.07002116739749908,0.07002116739749908,0.07002116739749908,0.07002116739749908,0.0010382675100117922,0.0010382675100117922,0.0010382675100117922,0.0010382675100117922,0.007734012324362993,0.007734012324362993,0.007734012324362993,0.007734012324362993,0.0013332556700333953,0.0013332556700333953,0.0013332556700333953,0.0013332556700333953,0.006043172441422939,0.006043172441422939,0.006043172441422939,0.006043172441422939,0.011609228327870369,0.011609228327870369,0.011609228327870369,0.011609228327870369,0.0014121984131634235,0.0014121984131634235,0.0014121984131634235,0.0014121984131634235
song_35ce7e7873a409ae1706d3313a3b256be8827fa7b204440d044e01006d777cb8,success,emotion,classifier-panel-v1,184,1,510,139,139,9f0ce0233b2ed90bc98a08adb36a6aa9575b95c4c7e60b47a9ba487e5264f61f,9f0ce0233b2ed90bc98a08adb36a6aa9575b95c4c7e60b47a9ba487e5264f61f,0.001176065648905933,0.001176065648905933,0.001176065648905933,0.001176065648905933,0.002128474647179246,0.002128474647179246,0.002128474647179246,0.002128474647179246,0.010318336077034473,0.010318336077034473,0.010318336077034473,0.010318336077034473,0.0741034746170044,0.0741034746170044,0.0741034746170044,0.0741034746170044,0.012429379858076572,0.012429379858076572,0.012429379858076572,0.012429379858076572,0.004978196229785681,0.004978196229785681,0.004978196229785681,0.004978196229785681,0.4178329408168793,0.4178329408168793,0.4178329408168793,0.4178329408168793,0.32003387808799744,0.32003387808799744,0.32003387808799744,0.32003387808799744,0.003927635494619608,0.003927635494619608,0.003927635494619608,0.003927635494619608,0.15870437026023865,0.15870437026023865,0.15870437026023865,0.15870437026023865,0.024105558171868324,0.024105558171868324,0.024105558171868324,0.024105558171868324,0.003794423071667552,0.003794423071667552,0.003794423071667552,0.003794423071667552,0.006251329090446234,0.006251329090446234,0.006251329090446234,0.006251329090446234,0.002352470764890313,0.002352470764890313,0.002352470764890313,0.002352470764890313,0.007883129641413689,0.007883129641413689,0.007883129641413689,0.007883129641413689,0.00010982104868162423,0.00010982104868162423,0.00010982104868162423,0.00010982104868162423,0.0025600194931030273,0.0025600194931030273,0.0025600194931030273,0.0025600194931030273,0.0022900302428752184,0.0022900302428752184,0.0022900302428752184,0.0022900302428752184,0.0045461030676960945,0.0045461030676960945,0.0045461030676960945,0.0045461030676960945,0.014728405512869358,0.014728405512869358,0.014728405512869358,0.014728405512869358,0.2477291375398636,0.2477291375398636,0.2477291375398636,0.2477291375398636,0.006844108458608389,0.006844108458608389,0.006844108458608389,0.006844108458608389,0.00020918803056702018,0.00020918803056702018,0.00020918803056702018,0.00020918803056702018,0.01887635327875614,0.01887635327875614,0.01887635327875614,0.01887635327875614,0.0008329639676958323,0.0008329639676958323,0.0008329639676958323,0.0008329639676958323,0.003678222419694066,0.003678222419694066,0.003678222419694066,0.003678222419694066,0.05648444592952728,0.05648444592952728,0.05648444592952728,0.05648444592952728,0.009004215709865093,0.009004215709865093,0.009004215709865093,0.009004215709865093
song_4a225ece50c775ee4f1d96ae38d401c088742b3f1525d0467f18be399a7233b9,success,emotion,classifier-panel-v1,207,1,510,175,175,4c5c8b4307b1ff5c1ab7043c183cbe434898fba88ed264b25b54bc610bc34d50,4c5c8b4307b1ff5c1ab7043c183cbe434898fba88ed264b25b54bc610bc34d50,0.007328531239181757,0.007328531239181757,0.007328531239181757,0.007328531239181757,0.0042766365222632885,0.0042766365222632885,0.0042766365222632885,0.0042766365222632885,0.01283564604818821,0.01283564604818821,0.01283564604818821,0.01283564604818821,0.016457227990031242,0.016457227990031242,0.016457227990031242,0.016457227990031242,0.00978789571672678,0.00978789571672678,0.00978789571672678,0.00978789571672678,0.016646219417452812,0.016646219417452812,0.016646219417452812,0.016646219417452812,0.010184775106608868,0.010184775106608868,0.010184775106608868,0.010184775106608868,0.029581066220998764,0.029581066220998764,0.029581066220998764,0.029581066220998764,0.04143921658396721,0.04143921658396721,0.04143921658396721,0.04143921658396721,0.15304718911647797,0.15304718911647797,0.15304718911647797,0.15304718911647797,0.007189273368567228,0.007189273368567228,0.007189273368567228,0.007189273368567228,0.007425662130117416,0.007425662130117416,0.007425662130117416,0.007425662130117416,0.0047415439039468765,0.0047415439039468765,0.0047415439039468765,0.0047415439039468765,0.009095723740756512,0.009095723740756512,0.009095723740756512,0.009095723740756512,0.010846366174519062,0.010846366174519062,0.010846366174519062,0.010846366174519062,0.0013834139099344611,0.0013834139099344611,0.0013834139099344611,0.0013834139099344611,0.038658589124679565,0.038658589124679565,0.038658589124679565,0.038658589124679565,0.020991897210478783,0.020991897210478783,0.020991897210478783,0.020991897210478783,0.529020369052887,0.529020369052887,0.529020369052887,0.529020369052887,0.020235523581504822,0.020235523581504822,0.020235523581504822,0.020235523581504822,0.029068786650896072,0.029068786650896072,0.029068786650896072,0.029068786650896072,0.004917776212096214,0.004917776212096214,0.004917776212096214,0.004917776212096214,0.0009625958628021181,0.0009625958628021181,0.0009625958628021181,0.0009625958628021181,0.01696711778640747,0.01696711778640747,0.01696711778640747,0.01696711778640747,0.0032466116826981306,0.0032466116826981306,0.0032466116826981306,0.0032466116826981306,0.02576611377298832,0.02576611377298832,0.02576611377298832,0.02576611377298832,0.8319674730300903,0.8319674730300903,0.8319674730300903,0.8319674730300903,0.01435963436961174,0.01435963436961174,0.01435963436961174,0.01435963436961174
song_6dc4b05872cf526300be88208f4fd48cdc16f207b865ca7c05fd42fcada13675,success,emotion,classifier-panel-v1,158,1,510,119,119,1745409b22da4b50895ff3d70ff22ba4939aadcbf6f1648fb684eb3adf0a8ae4,1745409b22da4b50895ff3d70ff22ba4939aadcbf6f1648fb684eb3adf0a8ae4,0.006600681226700544,0.006600681226700544,0.006600681226700544,0.006600681226700544,0.0031696606893092394,0.0031696606893092394,0.0031696606893092394,0.0031696606893092394,0.002153565641492605,0.002153565641492605,0.002153565641492605,0.002153565641492605,0.009771973825991154,0.009771973825991154,0.009771973825991154,0.009771973825991154,0.013490550220012665,0.013490550220012665,0.013490550220012665,0.013490550220012665,0.0050845216028392315,0.0050845216028392315,0.0050845216028392315,0.0050845216028392315,0.0009561008191667497,0.0009561008191667497,0.0009561008191667497,0.0009561008191667497,0.002164276549592614,0.002164276549592614,0.002164276549592614,0.002164276549592614,0.03267299756407738,0.03267299756407738,0.03267299756407738,0.03267299756407738,0.006083925720304251,0.006083925720304251,0.006083925720304251,0.006083925720304251,0.001952209509909153,0.001952209509909153,0.001952209509909153,0.001952209509909153,0.0012731525348499417,0.0012731525348499417,0.0012731525348499417,0.0012731525348499417,0.0010473706061020494,0.0010473706061020494,0.0010473706061020494,0.0010473706061020494,0.3249724805355072,0.3249724805355072,0.3249724805355072,0.3249724805355072,0.0018187594832852483,0.0018187594832852483,0.0018187594832852483,0.0018187594832852483,0.00508073577657342,0.00508073577657342,0.00508073577657342,0.00508073577657342,0.0016072830185294151,0.0016072830185294151,0.0016072830185294151,0.0016072830185294151,0.1742708683013916,0.1742708683013916,0.1742708683013916,0.1742708683013916,0.005386288743466139,0.005386288743466139,0.005386288743466139,0.005386288743466139,0.0025396610144525766,0.0025396610144525766,0.0025396610144525766,0.0025396610144525766,0.22354598343372345,0.22354598343372345,0.22354598343372345,0.22354598343372345,0.006649857386946678,0.006649857386946678,0.006649857386946678,0.006649857386946678,0.0035994432400912046,0.0035994432400912046,0.0035994432400912046,0.0035994432400912046,0.007974682375788689,0.007974682375788689,0.007974682375788689,0.007974682375788689,0.00623488612473011,0.00623488612473011,0.00623488612473011,0.00623488612473011,0.000830582226626575,0.000830582226626575,0.000830582226626575,0.000830582226626575,0.009064823389053345,0.009064823389053345,0.009064823389053345,0.009064823389053345,0.006252543069422245,0.006252543069422245,0.006252543069422245,0.006252543069422245
song_d92c03539e450a03b3a9eb1ff232dcc47d451ed2498faa25e75f78acef87bd6a,success,emotion,classifier-panel-v1,333,1,510,250,250,152ce1a026597c57bcd869105f3b6a2dded5f3a84d03b5639f2ca42c79323f0e,152ce1a026597c57bcd869105f3b6a2dded5f3a84d03b5639f2ca42c79323f0e,0.0010807367507368326,0.0010807367507368326,0.0010807367507368326,0.0010807367507368326,0.0009882126469165087,0.0009882126469165087,0.0009882126469165087,0.0009882126469165087,0.0708988606929779,0.0708988606929779,0.0708988606929779,0.0708988606929779,0.17321355640888214,0.17321355640888214,0.17321355640888214,0.17321355640888214,0.022147905081510544,0.022147905081510544,0.022147905081510544,0.022147905081510544,0.006856780033558607,0.006856780033558607,0.006856780033558607,0.006856780033558607,0.002828169148415327,0.002828169148415327,0.002828169148415327,0.002828169148415327,0.0011242898181080818,0.0011242898181080818,0.0011242898181080818,0.0011242898181080818,0.002664203755557537,0.002664203755557537,0.002664203755557537,0.002664203755557537,0.106773741543293,0.106773741543293,0.106773741543293,0.106773741543293,0.4906071424484253,0.4906071424484253,0.4906071424484253,0.4906071424484253,0.008516914211213589,0.008516914211213589,0.008516914211213589,0.008516914211213589,0.0032759348396211863,0.0032759348396211863,0.0032759348396211863,0.0032759348396211863,0.0006377258687280118,0.0006377258687280118,0.0006377258687280118,0.0006377258687280118,0.0013358497526496649,0.0013358497526496649,0.0013358497526496649,0.0013358497526496649,0.0006902408204041421,0.0006902408204041421,0.0006902408204041421,0.0006902408204041421,0.0014721922343596816,0.0014721922343596816,0.0014721922343596816,0.0014721922343596816,0.0013675373047590256,0.0013675373047590256,0.0013675373047590256,0.0013675373047590256,0.006302766967564821,0.006302766967564821,0.006302766967564821,0.006302766967564821,0.0012508967192843556,0.0012508967192843556,0.0012508967192843556,0.0012508967192843556,0.20796413719654083,0.20796413719654083,0.20796413719654083,0.20796413719654083,0.0028415299020707607,0.0028415299020707607,0.0028415299020707607,0.0028415299020707607,0.0004731777298729867,0.0004731777298729867,0.0004731777298729867,0.0004731777298729867,0.019864946603775024,0.019864946603775024,0.019864946603775024,0.019864946603775024,0.0009797897655516863,0.0009797897655516863,0.0009797897655516863,0.0009797897655516863,0.0034972229041159153,0.0034972229041159153,0.0034972229041159153,0.0034972229041159153,0.053323861211538315,0.053323861211538315,0.053323861211538315,0.053323861211538315,0.0012972968397662044,0.0012972968397662044,0.0012972968397662044,0.0012972968397662044
song_cc1c2453fb7685b97a44a7e916f797bdff9a23a8b50beb09f843aa71a8ee5564,success,emotion,classifier-panel-v1,187,1,510,135,135,83de0d9c00980134a7371c65eb399f5bd1590355c988c57dacaa18306b61d011,83de0d9c00980134a7371c65eb399f5bd1590355c988c57dacaa18306b61d011,0.044483184814453125,0.044483184814453125,0.044483184814453125,0.044483184814453125,0.0014746778178960085,0.0014746778178960085,0.0014746778178960085,0.0014746778178960085,0.0017454121261835098,0.0017454121261835098,0.0017454121261835098,0.0017454121261835098,0.013421623036265373,0.013421623036265373,0.013421623036265373,0.013421623036265373,0.027150118723511696,0.027150118723511696,0.027150118723511696,0.027150118723511696,0.0011902444530278444,0.0011902444530278444,0.0011902444530278444,0.0011902444530278444,0.0006196523318067193,0.0006196523318067193,0.0006196523318067193,0.0006196523318067193,0.00037668904406018555,0.00037668904406018555,0.00037668904406018555,0.00037668904406018555,0.0011008940637111664,0.0011008940637111664,0.0011008940637111664,0.0011008940637111664,0.011244221590459347,0.011244221590459347,0.011244221590459347,0.011244221590459347,0.007859178818762302,0.007859178818762302,0.007859178818762302,0.007859178818762302,0.0023309828247874975,0.0023309828247874975,0.0023309828247874975,0.0023309828247874975,0.0013453848659992218,0.0013453848659992218,0.0013453848659992218,0.0013453848659992218,0.0023040245287120342,0.0023040245287120342,0.0023040245287120342,0.0023040245287120342,0.0010310746729373932,0.0010310746729373932,0.0010310746729373932,0.0010310746729373932,0.004325952846556902,0.004325952846556902,0.004325952846556902,0.004325952846556902,0.0007073733140714467,0.0007073733140714467,0.0007073733140714467,0.0007073733140714467,0.002514418214559555,0.002514418214559555,0.002514418214559555,0.002514418214559555,0.0005874265334568918,0.0005874265334568918,0.0005874265334568918,0.0005874265334568918,0.00028786229086108506,0.00028786229086108506,0.00028786229086108506,0.00028786229086108506,0.8892720341682434,0.8892720341682434,0.8892720341682434,0.8892720341682434,0.0040113599970936775,0.0040113599970936775,0.0040113599970936775,0.0040113599970936775,0.0032113424967974424,0.0032113424967974424,0.0032113424967974424,0.0032113424967974424,0.01856846734881401,0.01856846734881401,0.01856846734881401,0.01856846734881401,0.001828020322136581,0.001828020322136581,0.001828020322136581,0.001828020322136581,0.0005593367968685925,0.0005593367968685925,0.0005593367968685925,0.0005593367968685925,0.0027260815259069204,0.0027260815259069204,0.0027260815259069204,0.0027260815259069204,0.0016070787096396089,0.0016070787096396089,0.0016070787096396089,0.0016070787096396089
song_4eedaac548f0db66c979575510092e16f414750629bddb6217182d6a43faa1ca,success,emotion,classifier-panel-v1,336,1,510,204,204,8b3bd11dbf5586187b37ac05c14b7319ad82d1bb57ec7271a74f74d1c7cde9fa,8b3bd11dbf5586187b37ac05c14b7319ad82d1bb57ec7271a74f74d1c7cde9fa,0.06233483925461769,0.06233483925461769,0.06233483925461769,0.06233483925461769,0.001259832177311182,0.001259832177311182,0.001259832177311182,0.001259832177311182,0.0038763810880482197,0.0038763810880482197,0.0038763810880482197,0.0038763810880482197,0.006322361063212156,0.006322361063212156,0.006322361063212156,0.006322361063212156,0.41479355096817017,0.41479355096817017,0.41479355096817017,0.41479355096817017,0.007282658945769072,0.007282658945769072,0.007282658945769072,0.007282658945769072,0.013788722455501556,0.013788722455501556,0.013788722455501556,0.013788722455501556,0.012456854805350304,0.012456854805350304,0.012456854805350304,0.012456854805350304,0.005065835081040859,0.005065835081040859,0.005065835081040859,0.005065835081040859,0.012414287775754929,0.012414287775754929,0.012414287775754929,0.012414287775754929,0.006855634041130543,0.006855634041130543,0.006855634041130543,0.006855634041130543,0.0014136395184323192,0.0014136395184323192,0.0014136395184323192,0.0014136395184323192,0.0022668184246867895,0.0022668184246867895,0.0022668184246867895,0.0022668184246867895,0.08052343875169754,0.08052343875169754,0.08052343875169754,0.08052343875169754,0.004916290286928415,0.004916290286928415,0.004916290286928415,0.004916290286928415,0.0010092142038047314,0.0010092142038047314,0.0010092142038047314,0.0010092142038047314,0.002512784907594323,0.002512784907594323,0.002512784907594323,0.002512784907594323,0.1435580551624298,0.1435580551624298,0.1435580551624298,0.1435580551624298,0.4438231289386749,0.4438231289386749,0.4438231289386749,0.4438231289386749,0.009110312908887863,0.009110312908887863,0.009110312908887863,0.009110312908887863,0.04525003582239151,0.04525003582239151,0.04525003582239151,0.04525003582239151,0.006665595807135105,0.006665595807135105,0.006665595807135105,0.006665595807135105,0.007907392457127571,0.007907392457127571,0.007907392457127571,0.007907392457127571,0.0411926731467247,0.0411926731467247,0.0411926731467247,0.0411926731467247,0.013138954527676105,0.013138954527676105,0.013138954527676105,0.013138954527676105,0.0020838857162743807,0.0020838857162743807,0.0020838857162743807,0.0020838857162743807,0.017870735377073288,0.017870735377073288,0.017870735377073288,0.017870735377073288,0.013729466125369072,0.013729466125369072,0.013729466125369072,0.013729466125369072
song_117729f1bc413e31e8149049b7309c6ccf166f72419ae410a62c847ad8a70059,success,emotion,classifier-panel-v1,144,1,510,110,110,825de1ff69e1292c55dbe6f39a4300c80ca70f5b14e9e5f1b4ef46b743b49132,825de1ff69e1292c55dbe6f39a4300c80ca70f5b14e9e5f1b4ef46b743b49132,0.003758861916139722,0.003758861916139722,0.003758861916139722,0.003758861916139722,0.002365717664361,0.002365717664361,0.002365717664361,0.002365717664361,0.002575856866315007,0.002575856866315007,0.002575856866315007,0.002575856866315007,0.006750419270247221,0.006750419270247221,0.006750419270247221,0.006750419270247221,0.006368767470121384,0.006368767470121384,0.006368767470121384,0.006368767470121384,0.004704845603555441,0.004704845603555441,0.004704845603555441,0.004704845603555441,0.07446952164173126,0.07446952164173126,0.07446952164173126,0.07446952164173126,0.6976317167282104,0.6976317167282104,0.6976317167282104,0.6976317167282104,0.0042738658376038074,0.0042738658376038074,0.0042738658376038074,0.0042738658376038074,0.0067649465054273605,0.0067649465054273605,0.0067649465054273605,0.0067649465054273605,0.0028345088940113783,0.0028345088940113783,0.0028345088940113783,0.0028345088940113783,0.0010661392007023096,0.0010661392007023096,0.0010661392007023096,0.0010661392007023096,0.0012846506433561444,0.0012846506433561444,0.0012846506433561444,0.0012846506433561444,0.011101008392870426,0.011101008392870426,0.011101008392870426,0.011101008392870426,0.005019159056246281,0.005019159056246281,0.005019159056246281,0.005019159056246281,0.000379284581867978,0.000379284581867978,0.000379284581867978,0.000379284581867978,0.0009368325117975473,0.0009368325117975473,0.0009368325117975473,0.0009368325117975473,0.002740446710959077,0.002740446710959077,0.002740446710959077,0.002740446710959077,0.004517715889960527,0.004517715889960527,0.004517715889960527,0.004517715889960527,0.002600767184048891,0.002600767184048891,0.002600767184048891,0.002600767184048891,0.24108187854290009,0.24108187854290009,0.24108187854290009,0.24108187854290009,0.012894022278487682,0.012894022278487682,0.012894022278487682,0.012894022278487682,0.00013125676196068525,0.00013125676196068525,0.00013125676196068525,0.00013125676196068525,0.007126970682293177,0.007126970682293177,0.007126970682293177,0.007126970682293177,0.0004967804998159409,0.0004967804998159409,0.0004967804998159409,0.0004967804998159409,0.0011753012659028172,0.0011753012659028172,0.0011753012659028172,0.0011753012659028172,0.004593078978359699,0.004593078978359699,0.004593078978359699,0.004593078978359699,0.07869752496480942,0.07869752496480942,0.07869752496480942,0.07869752496480942
song_7581bf1aa60711a8fb70d6f74beab7986e56b266a494f31317d281a2e6fbe93c,success,emotion,classifier-panel-v1,331,1,510,250,250,a0796e30d5fb31111df8aef52a5ef24693e78e95236c0f9a43b7bfb6f111c6be,a0796e30d5fb31111df8aef52a5ef24693e78e95236c0f9a43b7bfb6f111c6be,0.006816880777478218,0.006816880777478218,0.006816880777478218,0.006816880777478218,0.0020215134136378765,0.0020215134136378765,0.0020215134136378765,0.0020215134136378765,0.001405712217092514,0.001405712217092514,0.001405712217092514,0.001405712217092514,0.010997901670634747,0.010997901670634747,0.010997901670634747,0.010997901670634747,0.06067650765180588,0.06067650765180588,0.06067650765180588,0.06067650765180588,0.0025379937142133713,0.0025379937142133713,0.0025379937142133713,0.0025379937142133713,0.001111893798224628,0.001111893798224628,0.001111893798224628,0.001111893798224628,0.00043381963041611016,0.00043381963041611016,0.00043381963041611016,0.00043381963041611016,0.0012013172963634133,0.0012013172963634133,0.0012013172963634133,0.0012013172963634133,0.005683031398802996,0.005683031398802996,0.005683031398802996,0.005683031398802996,0.005697005428373814,0.005697005428373814,0.005697005428373814,0.005697005428373814,0.0015118552837520838,0.0015118552837520838,0.0015118552837520838,0.0015118552837520838,0.0005465092835947871,0.0005465092835947871,0.0005465092835947871,0.0005465092835947871,0.001207792549394071,0.001207792549394071,0.001207792549394071,0.001207792549394071,0.0008618909050710499,0.0008618909050710499,0.0008618909050710499,0.0008618909050710499,0.00044330337550491095,0.00044330337550491095,0.00044330337550491095,0.00044330337550491095,0.0003745375433936715,0.0003745375433936715,0.0003745375433936715,0.0003745375433936715,0.004026350565254688,0.004026350565254688,0.004026350565254688,0.004026350565254688,0.0018139249878004193,0.0018139249878004193,0.0018139249878004193,0.0018139249878004193,0.00042418306111358106,0.00042418306111358106,0.00042418306111358106,0.00042418306111358106,0.9294383525848389,0.9294383525848389,0.9294383525848389,0.9294383525848389,0.0044296374544501305,0.0044296374544501305,0.0044296374544501305,0.0044296374544501305,0.0009071178501471877,0.0009071178501471877,0.0009071178501471877,0.0009071178501471877,0.017048170790076256,0.017048170790076256,0.017048170790076256,0.017048170790076256,0.0011946652084589005,0.0011946652084589005,0.0011946652084589005,0.0011946652084589005,0.000372968555893749,0.000372968555893749,0.000372968555893749,0.000372968555893749,0.002279160311445594,0.002279160311445594,0.002279160311445594,0.002279160311445594,0.0004329978546593338,0.0004329978546593338,0.0004329978546593338,0.0004329978546593338
song_f0dabdf8d0646ea373fbd165249ce5d26b1ba2c6e4a65f1214d7cc750388072a,success,emotion,classifier-panel-v1,376,1,510,274,274,2766765510614aa30650d66b8f2206fb8d191b69f8cda9ac00f6c4a80a938cbe,2766765510614aa30650d66b8f2206fb8d191b69f8cda9ac00f6c4a80a938cbe,0.004877488594502211,0.004877488594502211,0.004877488594502211,0.004877488594502211,0.003006814979016781,0.003006814979016781,0.003006814979016781,0.003006814979016781,0.01042467262595892,0.01042467262595892,0.01042467262595892,0.01042467262595892,0.012977653183043003,0.012977653183043003,0.012977653183043003,0.012977653183043003,0.01353880949318409,0.01353880949318409,0.01353880949318409,0.01353880949318409,0.038172051310539246,0.038172051310539246,0.038172051310539246,0.038172051310539246,0.0035939014051109552,0.0035939014051109552,0.0035939014051109552,0.0035939014051109552,0.0037416345439851284,0.0037416345439851284,0.0037416345439851284,0.0037416345439851284,0.3249017298221588,0.3249017298221588,0.3249017298221588,0.3249017298221588,0.12960775196552277,0.12960775196552277,0.12960775196552277,0.12960775196552277,0.011006488464772701,0.011006488464772701,0.011006488464772701,0.011006488464772701,0.006316213868558407,0.006316213868558407,0.006316213868558407,0.006316213868558407,0.0036199791356921196,0.0036199791356921196,0.0036199791356921196,0.0036199791356921196,0.0060266428627073765,0.0060266428627073765,0.0060266428627073765,0.0060266428627073765,0.008088158443570137,0.008088158443570137,0.008088158443570137,0.008088158443570137,0.0014551494969055057,0.0014551494969055057,0.0014551494969055057,0.0014551494969055057,0.009526804089546204,0.009526804089546204,0.009526804089546204,0.009526804089546204,0.01779101975262165,0.01779101975262165,0.01779101975262165,0.01779101975262165,0.7567452788352966,0.7567452788352966,0.7567452788352966,0.7567452788352966,0.010911509394645691,0.010911509394645691,0.010911509394645691,0.010911509394645691,0.030480748042464256,0.030480748042464256,0.030480748042464256,0.030480748042464256,0.0966423973441124,0.0966423973441124,0.0966423973441124,0.0966423973441124,0.0014909392921254039,0.0014909392921254039,0.0014909392921254039,0.0014909392921254039,0.017970804125070572,0.017970804125070572,0.017970804125070572,0.017970804125070572,0.003397653577849269,0.003397653577849269,0.003397653577849269,0.003397653577849269,0.04015558958053589,0.04015558958053589,0.04015558958053589,0.04015558958053589,0.3212895691394806,0.3212895691394806,0.3212895691394806,0.3212895691394806,0.005279169883579016,0.005279169883579016,0.005279169883579016,0.005279169883579016
song_69477b76eb9ee69138b17fdc61df826efb06f1ca55a3f48049c74e8cc538def8,success,emotion,classifier-panel-v1,215,1,510,162,162,e0c07550ff04fc13c919034ade0e357174056225f73ed8cfad2cb13c41d49142,e0c07550ff04fc13c919034ade0e357174056225f73ed8cfad2cb13c41d49142,0.002957337535917759,0.002957337535917759,0.002957337535917759,0.002957337535917759,0.002972185146063566,0.002972185146063566,0.002972185146063566,0.002972185146063566,0.004941902123391628,0.004941902123391628,0.004941902123391628,0.004941902123391628,0.01027672365307808,0.01027672365307808,0.01027672365307808,0.01027672365307808,0.019958430901169777,0.019958430901169777,0.019958430901169777,0.019958430901169777,0.006246303673833609,0.006246303673833609,0.006246303673833609,0.006246303673833609,0.024608446285128593,0.024608446285128593,0.024608446285128593,0.024608446285128593,0.10524200648069382,0.10524200648069382,0.10524200648069382,0.10524200648069382,0.7160058617591858,0.7160058617591858,0.7160058617591858,0.7160058617591858,0.013069880194962025,0.013069880194962025,0.013069880194962025,0.013069880194962025,0.006598383188247681,0.006598383188247681,0.006598383188247681,0.006598383188247681,0.0032582562416791916,0.0032582562416791916,0.0032582562416791916,0.0032582562416791916,0.0011889220913872123,0.0011889220913872123,0.0011889220913872123,0.0011889220913872123,0.011893808841705322,0.011893808841705322,0.011893808841705322,0.011893808841705322,0.003952919039875269,0.003952919039875269,0.003952919039875269,0.003952919039875269,0.001363901887089014,0.001363901887089014,0.001363901887089014,0.001363901887089014,0.0011419414076954126,0.0011419414076954126,0.0011419414076954126,0.0011419414076954126,0.0073114074766635895,0.0073114074766635895,0.0073114074766635895,0.0073114074766635895,0.1351642906665802,0.1351642906665802,0.1351642906665802,0.1351642906665802,0.002977346070110798,0.002977346070110798,0.002977346070110798,0.002977346070110798,0.07458005845546722,0.07458005845546722,0.07458005845546722,0.07458005845546722,0.03575184941291809,0.03575184941291809,0.03575184941291809,0.03575184941291809,0.00040402350714430213,0.00040402350714430213,0.00040402350714430213,0.00040402350714430213,0.007455493323504925,0.007455493323504925,0.007455493323504925,0.007455493323504925,0.0008525032899342477,0.0008525032899342477,0.0008525032899342477,0.0008525032899342477,0.005477162543684244,0.005477162543684244,0.005477162543684244,0.005477162543684244,0.007486219052225351,0.007486219052225351,0.007486219052225351,0.007486219052225351,0.004555075895041227,0.004555075895041227,0.004555075895041227,0.004555075895041227
song_a7772f327e3a3cfafd258cd3b2e22efc03d987310de5204015249aca809adaf3,success,emotion,classifier-panel-v1,349,1,510,249,249,53bb45516cd0e7f92861dcbb4bfb89e0d635ea8b7e250fa69520955b77a595e4,53bb45516cd0e7f92861dcbb4bfb89e0d635ea8b7e250fa69520955b77a595e4,0.21889697015285492,0.21889697015285492,0.21889697015285492,0.21889697015285492,0.0008143795421347022,0.0008143795421347022,0.0008143795421347022,0.0008143795421347022,0.002673972165212035,0.002673972165212035,0.002673972165212035,0.002673972165212035,0.022590622305870056,0.022590622305870056,0.022590622305870056,0.022590622305870056,0.1678214818239212,0.1678214818239212,0.1678214818239212,0.1678214818239212,0.0669814795255661,0.0669814795255661,0.0669814795255661,0.0669814795255661,0.010412460193037987,0.010412460193037987,0.010412460193037987,0.010412460193037987,0.004864027723670006,0.004864027723670006,0.004864027723670006,0.004864027723670006,0.010096466168761253,0.010096466168761253,0.010096466168761253,0.010096466168761253,0.15086427330970764,0.15086427330970764,0.15086427330970764,0.15086427330970764,0.009697415865957737,0.009697415865957737,0.009697415865957737,0.009697415865957737,0.0014085074653849006,0.0014085074653849006,0.0014085074653849006,0.0014085074653849006,0.0036531027872115374,0.0036531027872115374,0.0036531027872115374,0.0036531027872115374,0.00796555820852518,0.00796555820852518,0.00796555820852518,0.00796555820852518,0.005259656812995672,0.005259656812995672,0.005259656812995672,0.005259656812995672,0.008922424167394638,0.008922424167394638,0.008922424167394638,0.008922424167394638,0.0086144357919693,0.0086144357919693,0.0086144357919693,0.0086144357919693,0.08079586178064346,0.08079586178064346,0.08079586178064346,0.08079586178064346,0.009966970421373844,0.009966970421373844,0.009966970421373844,0.009966970421373844,0.04535147547721863,0.04535147547721863,0.04535147547721863,0.04535147547721863,0.03727816045284271,0.03727816045284271,0.03727816045284271,0.03727816045284271,0.014639629982411861,0.014639629982411861,0.014639629982411861,0.014639629982411861,0.019527385011315346,0.019527385011315346,0.019527385011315346,0.019527385011315346,0.061367060989141464,0.061367060989141464,0.061367060989141464,0.061367060989141464,0.06359629333019257,0.06359629333019257,0.06359629333019257,0.06359629333019257,0.013571888208389282,0.013571888208389282,0.013571888208389282,0.013571888208389282,0.12934710085391998,0.12934710085391998,0.12934710085391998,0.12934710085391998,0.0022860232274979353,0.0022860232274979353,0.0022860232274979353,0.0022860232274979353
song_571748d27a47d85d6ce1e162616d66466aaeb086241c317ad91ded6a69bfaec8,success,emotion,classifier-panel-v1,459,1,510,246,246,7a532e10de9506b512e50d7cfcd4665ba64a8825630e9ff053b21144a99ae1be,7a532e10de9506b512e50d7cfcd4665ba64a8825630e9ff053b21144a99ae1be,0.0023574840743094683,0.0023574840743094683,0.0023574840743094683,0.0023574840743094683,0.004690781235694885,0.004690781235694885,0.004690781235694885,0.004690781235694885,0.019711028784513474,0.019711028784513474,0.019711028784513474,0.019711028784513474,0.06741244345903397,0.06741244345903397,0.06741244345903397,0.06741244345903397,0.01639520935714245,0.01639520935714245,0.01639520935714245,0.01639520935714245,0.01392755564302206,0.01392755564302206,0.01392755564302206,0.01392755564302206,0.004932545591145754,0.004932545591145754,0.004932545591145754,0.004932545591145754,0.021101243793964386,0.021101243793964386,0.021101243793964386,0.021101243793964386,0.01474771648645401,0.01474771648645401,0.01474771648645401,0.01474771648645401,0.019614625722169876,0.019614625722169876,0.019614625722169876,0.019614625722169876,0.006312572862952948,0.006312572862952948,0.006312572862952948,0.006312572862952948,0.00603795051574707,0.00603795051574707,0.00603795051574707,0.00603795051574707,0.0023193724919110537,0.0023193724919110537,0.0023193724919110537,0.0023193724919110537,0.014328893274068832,0.014328893274068832,0.014328893274068832,0.014328893274068832,0.002177634509280324,0.002177634509280324,0.002177634509280324,0.002177634509280324,0.00010965194087475538,0.00010965194087475538,0.00010965194087475538,0.00010965194087475538,0.0011037335498258471,0.0011037335498258471,0.0011037335498258471,0.0011037335498258471,0.013173363171517849,0.013173363171517849,0.013173363171517849,0.013173363171517849,0.14454680681228638,0.14454680681228638,0.14454680681228638,0.14454680681228638,0.0031243213452398777,0.0031243213452398777,0.0031243213452398777,0.0031243213452398777,0.4973011314868927,0.4973011314868927,0.4973011314868927,0.4973011314868927,0.0026674363762140274,0.0026674363762140274,0.0026674363762140274,0.0026674363762140274,0.000552833138499409,0.000552833138499409,0.000552833138499409,0.000552833138499409,0.00475836917757988,0.00475836917757988,0.00475836917757988,0.00475836917757988,0.0009586996166035533,0.0009586996166035533,0.0009586996166035533,0.0009586996166035533,0.0013819430023431778,0.0013819430023431778,0.0013819430023431778,0.0013819430023431778,0.015483099967241287,0.015483099967241287,0.015483099967241287,0.015483099967241287,0.0019815689884126186,0.0019815689884126186,0.0019815689884126186,0.0019815689884126186
song_38ab85ef42919e3470a0bba519d88e130e73773df3fe01aec967b66c83a71a6d,success,emotion,classifier-panel-v1,355,1,510,262,262,d95423001a1c9cc0e871bda766f2b7b1b7b8734a286da1153a8ef3e19bfc308e,d95423001a1c9cc0e871bda766f2b7b1b7b8734a286da1153a8ef3e19bfc308e,0.002917619189247489,0.002917619189247489,0.002917619189247489,0.002917619189247489,0.0022303625009953976,0.0022303625009953976,0.0022303625009953976,0.0022303625009953976,0.006027734372764826,0.006027734372764826,0.006027734372764826,0.006027734372764826,0.013705956749618053,0.013705956749618053,0.013705956749618053,0.013705956749618053,0.009707161225378513,0.009707161225378513,0.009707161225378513,0.009707161225378513,0.009949698112905025,0.009949698112905025,0.009949698112905025,0.009949698112905025,0.0016104914247989655,0.0016104914247989655,0.0016104914247989655,0.0016104914247989655,0.001731989672407508,0.001731989672407508,0.001731989672407508,0.001731989672407508,0.021018000319600105,0.021018000319600105,0.021018000319600105,0.021018000319600105,0.13922303915023804,0.13922303915023804,0.13922303915023804,0.13922303915023804,0.007839968428015709,0.007839968428015709,0.007839968428015709,0.007839968428015709,0.005094138439744711,0.005094138439744711,0.005094138439744711,0.005094138439744711,0.002686872147023678,0.002686872147023678,0.002686872147023678,0.002686872147023678,0.002223336137831211,0.002223336137831211,0.002223336137831211,0.002223336137831211,0.003538521472364664,0.003538521472364664,0.003538521472364664,0.003538521472364664,0.001358236069791019,0.001358236069791019,0.001358236069791019,0.001358236069791019,0.021408237516880035,0.021408237516880035,0.021408237516880035,0.021408237516880035,0.0065604569390416145,0.0065604569390416145,0.0065604569390416145,0.0065604569390416145,0.0870019793510437,0.0870019793510437,0.0870019793510437,0.0870019793510437,0.004841144196689129,0.004841144196689129,0.004841144196689129,0.004841144196689129,0.17175625264644623,0.17175625264644623,0.17175625264644623,0.17175625264644623,0.004721866454929113,0.004721866454929113,0.004721866454929113,0.004721866454929113,0.0006700237863697112,0.0006700237863697112,0.0006700237863697112,0.0006700237863697112,0.01644117385149002,0.01644117385149002,0.01644117385149002,0.01644117385149002,0.0020408369600772858,0.0020408369600772858,0.0020408369600772858,0.0020408369600772858,0.02140026167035103,0.02140026167035103,0.02140026167035103,0.02140026167035103,0.7811785936355591,0.7811785936355591,0.7811785936355591,0.7811785936355591,0.0031963884830474854,0.0031963884830474854,0.0031963884830474854,0.0031963884830474854
song_c0c862864db358e90588de9f7252a57d2071427842018127b437850496d715fa,success,emotion,classifier-panel-v1,164,1,510,91,91,86d995fb526510b277e7caf020897e995af8c567cfae0b94324efa01013943ab,86d995fb526510b277e7caf020897e995af8c567cfae0b94324efa01013943ab,0.010364889167249203,0.010364889167249203,0.010364889167249203,0.010364889167249203,0.008276809938251972,0.008276809938251972,0.008276809938251972,0.008276809938251972,0.0009981384500861168,0.0009981384500861168,0.0009981384500861168,0.0009981384500861168,0.002988482592627406,0.002988482592627406,0.002988482592627406,0.002988482592627406,0.03709002584218979,0.03709002584218979,0.03709002584218979,0.03709002584218979,0.005785079672932625,0.005785079672932625,0.005785079672932625,0.005785079672932625,0.0010368811199441552,0.0010368811199441552,0.0010368811199441552,0.0010368811199441552,0.001004704856313765,0.001004704856313765,0.001004704856313765,0.001004704856313765,0.002124031074345112,0.002124031074345112,0.002124031074345112,0.002124031074345112,0.0010626206640154123,0.0010626206640154123,0.0010626206640154123,0.0010626206640154123,0.0010688554029911757,0.0010688554029911757,0.0010688554029911757,0.0010688554029911757,0.0008535062661394477,0.0008535062661394477,0.0008535062661394477,0.0008535062661394477,0.0006580245099030435,0.0006580245099030435,0.0006580245099030435,0.0006580245099030435,0.03156684711575508,0.03156684711575508,0.03156684711575508,0.03156684711575508,0.001123872702009976,0.001123872702009976,0.001123872702009976,0.001123872702009976,0.006358866114169359,0.006358866114169359,0.006358866114169359,0.006358866114169359,0.0005989239434711635,0.0005989239434711635,0.0005989239434711635,0.0005989239434711635,0.08538169413805008,0.08538169413805008,0.08538169413805008,0.08538169413805008,0.0032960327807813883,0.0032960327807813883,0.0032960327807813883,0.0032960327807813883,0.0008243442280218005,0.0008243442280218005,0.0008243442280218005,0.0008243442280218005,0.8243650794029236,0.8243650794029236,0.8243650794029236,0.8243650794029236,0.003969571087509394,0.003969571087509394,0.003969571087509394,0.003969571087509394,0.002967779990285635,0.002967779990285635,0.002967779990285635,0.002967779990285635,0.0055076442658901215,0.0055076442658901215,0.0055076442658901215,0.0055076442658901215,0.0036191947292536497,0.0036191947292536497,0.0036191947292536497,0.0036191947292536497,0.0005861876998096704,0.0005861876998096704,0.0005861876998096704,0.0005861876998096704,0.0016758872661739588,0.0016758872661739588,0.0016758872661739588,0.0016758872661739588,0.0009605002705939114,0.0009605002705939114,0.0009605002705939114,0.0009605002705939114
song_cf6aea8f1076b117bb1b0f6699facf83cd915c937f0d9375348ac11f8981b63b,success,emotion,classifier-panel-v1,346,1,510,259,259,f8bd778c80dabff00770f6b8d788020c2964bec778afe7a8bd42c9e57a2556ab,f8bd778c80dabff00770f6b8d788020c2964bec778afe7a8bd42c9e57a2556ab,0.04454997554421425,0.04454997554421425,0.04454997554421425,0.04454997554421425,0.001769159804098308,0.001769159804098308,0.001769159804098308,0.001769159804098308,0.0029477274511009455,0.0029477274511009455,0.0029477274511009455,0.0029477274511009455,0.01158332359045744,0.01158332359045744,0.01158332359045744,0.01158332359045744,0.04685554653406143,0.04685554653406143,0.04685554653406143,0.04685554653406143,0.008052056655287743,0.008052056655287743,0.008052056655287743,0.008052056655287743,0.0004873862490057945,0.0004873862490057945,0.0004873862490057945,0.0004873862490057945,0.0005029569147154689,0.0005029569147154689,0.0005029569147154689,0.0005029569147154689,0.0026118075475096703,0.0026118075475096703,0.0026118075475096703,0.0026118075475096703,0.016003739088773727,0.016003739088773727,0.016003739088773727,0.016003739088773727,0.00393851101398468,0.00393851101398468,0.00393851101398468,0.00393851101398468,0.002711209002882242,0.002711209002882242,0.002711209002882242,0.002711209002882242,0.0014099407708272338,0.0014099407708272338,0.0014099407708272338,0.0014099407708272338,0.002599800005555153,0.002599800005555153,0.002599800005555153,0.002599800005555153,0.002874254947528243,0.002874254947528243,0.002874254947528243,0.002874254947528243,0.001048133708536625,0.001048133708536625,0.001048133708536625,0.001048133708536625,0.0033495095558464527,0.0033495095558464527,0.0033495095558464527,0.0033495095558464527,0.005452193319797516,0.005452193319797516,0.005452193319797516,0.005452193319797516,0.002119566546753049,0.002119566546753049,0.002119566546753049,0.002119566546753049,0.0012059721630066633,0.0012059721630066633,0.0012059721630066633,0.0012059721630066633,0.8656582236289978,0.8656582236289978,0.8656582236289978,0.8656582236289978,0.003281722543761134,0.003281722543761134,0.003281722543761134,0.003281722543761134,0.0038242002483457327,0.0038242002483457327,0.0038242002483457327,0.0038242002483457327,0.01856330595910549,0.01856330595910549,0.01856330595910549,0.01856330595910549,0.0029072007164359093,0.0029072007164359093,0.0029072007164359093,0.0029072007164359093,0.001232452574186027,0.001232452574186027,0.001232452574186027,0.001232452574186027,0.03358736261725426,0.03358736261725426,0.03358736261725426,0.03358736261725426,0.0010410333052277565,0.0010410333052277565,0.0010410333052277565,0.0010410333052277565
song_4193018621671b33686f0f4a8f71a8dce155ed2550680eadcf1af84134cfd4ad,success,emotion,classifier-panel-v1,280,1,510,211,211,5e7995f8030049686d1418bc1627d2a606166e98d8c2cb17339bb0288da08cf1,5e7995f8030049686d1418bc1627d2a606166e98d8c2cb17339bb0288da08cf1,0.061286021023988724,0.061286021023988724,0.061286021023988724,0.061286021023988724,0.0012239423813298345,0.0012239423813298345,0.0012239423813298345,0.0012239423813298345,0.011064132675528526,0.011064132675528526,0.011064132675528526,0.011064132675528526,0.012689969502389431,0.012689969502389431,0.012689969502389431,0.012689969502389431,0.07447256147861481,0.07447256147861481,0.07447256147861481,0.07447256147861481,0.6388198733329773,0.6388198733329773,0.6388198733329773,0.6388198733329773,0.0019254302605986595,0.0019254302605986595,0.0019254302605986595,0.0019254302605986595,0.0036327580455690622,0.0036327580455690622,0.0036327580455690622,0.0036327580455690622,0.06168610230088234,0.06168610230088234,0.06168610230088234,0.06168610230088234,0.010354241356253624,0.010354241356253624,0.010354241356253624,0.010354241356253624,0.01299341395497322,0.01299341395497322,0.01299341395497322,0.01299341395497322,0.0032056511845439672,0.0032056511845439672,0.0032056511845439672,0.0032056511845439672,0.0007799069862812757,0.0007799069862812757,0.0007799069862812757,0.0007799069862812757,0.004166319500654936,0.004166319500654936,0.004166319500654936,0.004166319500654936,0.0036494163796305656,0.0036494163796305656,0.0036494163796305656,0.0036494163796305656,0.013058893382549286,0.013058893382549286,0.013058893382549286,0.013058893382549286,0.004491087049245834,0.004491087049245834,0.004491087049245834,0.004491087049245834,0.014068764634430408,0.014068764634430408,0.014068764634430408,0.014068764634430408,0.6687658429145813,0.6687658429145813,0.6687658429145813,0.6687658429145813,0.0042427615262568,0.0042427615262568,0.0042427615262568,0.0042427615262568,0.018820112571120262,0.018820112571120262,0.018820112571120262,0.018820112571120262,0.06959810107946396,0.06959810107946396,0.06959810107946396,0.06959810107946396,0.0023462320677936077,0.0023462320677936077,0.0023462320677936077,0.0023462320677936077,0.005188250448554754,0.005188250448554754,0.005188250448554754,0.005188250448554754,0.004215755965560675,0.004215755965560675,0.004215755965560675,0.004215755965560675,0.010627534240484238,0.010627534240484238,0.010627534240484238,0.010627534240484238,0.04158927872776985,0.04158927872776985,0.04158927872776985,0.04158927872776985,0.0007891997811384499,0.0007891997811384499,0.0007891997811384499,0.0007891997811384499
song_be7eac0fa653c7531ff79984dc290b805f805913ea19ea18c4e8bb0a26a7930b,success,emotion,classifier-panel-v1,315,1,510,207,207,dfacfa55b032a85644f299106732c3c6a755de658c3afdd8dbc49c4498068ffb,dfacfa55b032a85644f299106732c3c6a755de658c3afdd8dbc49c4498068ffb,0.010478673502802849,0.010478673502802849,0.010478673502802849,0.010478673502802849,0.0025769888889044523,0.0025769888889044523,0.0025769888889044523,0.0025769888889044523,0.032234810292720795,0.032234810292720795,0.032234810292720795,0.032234810292720795,0.024723423644900322,0.024723423644900322,0.024723423644900322,0.024723423644900322,0.02286563813686371,0.02286563813686371,0.02286563813686371,0.02286563813686371,0.02638005092740059,0.02638005092740059,0.02638005092740059,0.02638005092740059,0.029252592474222183,0.029252592474222183,0.029252592474222183,0.029252592474222183,0.06371724605560303,0.06371724605560303,0.06371724605560303,0.06371724605560303,0.024851340800523758,0.024851340800523758,0.024851340800523758,0.024851340800523758,0.03430716693401337,0.03430716693401337,0.03430716693401337,0.03430716693401337,0.02734779752790928,0.02734779752790928,0.02734779752790928,0.02734779752790928,0.007771059405058622,0.007771059405058622,0.007771059405058622,0.007771059405058622,0.0027175534050911665,0.0027175534050911665,0.0027175534050911665,0.0027175534050911665,0.010302712209522724,0.010302712209522724,0.010302712209522724,0.010302712209522724,0.01247284933924675,0.01247284933924675,0.01247284933924675,0.01247284933924675,0.0011762963840737939,0.0011762963840737939,0.0011762963840737939,0.0011762963840737939,0.0034514397848397493,0.0034514397848397493,0.0034514397848397493,0.0034514397848397493,0.012573270127177238,0.012573270127177238,0.012573270127177238,0.012573270127177238,0.952578067779541,0.952578067779541,0.952578067779541,0.952578067779541,0.010135538876056671,0.010135538876056671,0.010135538876056671,0.010135538876056671,0.02227696031332016,0.02227696031332016,0.02227696031332016,0.02227696031332016,0.008495675399899483,0.008495675399899483,0.008495675399899483,0.008495675399899483,0.0005598654388450086,0.0005598654388450086,0.0005598654388450086,0.0005598654388450086,0.011217263527214527,0.011217263527214527,0.011217263527214527,0.011217263527214527,0.0012200245400890708,0.0012200245400890708,0.0012200245400890708,0.0012200245400890708,0.007900124415755272,0.007900124415755272,0.007900124415755272,0.007900124415755272,0.06417744606733322,0.06417744606733322,0.06417744606733322,0.06417744606733322,0.00799291580915451,0.00799291580915451,0.00799291580915451,0.00799291580915451
song_70c1dfe984e3e546f3fbcec256b41023637c8fd480ba3adfb34647894f32f4f0,success,emotion,classifier-panel-v1,139,1,510,106,106,90eba220c121668d69b0b6f2e5b6d2e759500d9ce5f204186facbed266ef1719,90eba220c121668d69b0b6f2e5b6d2e759500d9ce5f204186facbed266ef1719,0.016087327152490616,0.016087327152490616,0.016087327152490616,0.016087327152490616,0.0008116741664707661,0.0008116741664707661,0.0008116741664707661,0.0008116741664707661,0.0037079202011227608,0.0037079202011227608,0.0037079202011227608,0.0037079202011227608,0.004604713059961796,0.004604713059961796,0.004604713059961796,0.004604713059961796,0.08999836444854736,0.08999836444854736,0.08999836444854736,0.08999836444854736,0.10664581507444382,0.10664581507444382,0.10664581507444382,0.10664581507444382,0.001254133298061788,0.001254133298061788,0.001254133298061788,0.001254133298061788,0.0022871491964906454,0.0022871491964906454,0.0022871491964906454,0.0022871491964906454,0.07433529943227768,0.07433529943227768,0.07433529943227768,0.07433529943227768,0.00263218954205513,0.00263218954205513,0.00263218954205513,0.00263218954205513,0.003394929226487875,0.003394929226487875,0.003394929226487875,0.003394929226487875,0.001596913207322359,0.001596913207322359,0.001596913207322359,0.001596913207322359,0.00040466702193953097,0.00040466702193953097,0.00040466702193953097,0.00040466702193953097,0.010070749558508396,0.010070749558508396,0.010070749558508396,0.010070749558508396,0.0014423473039641976,0.0014423473039641976,0.0014423473039641976,0.0014423473039641976,0.009202606976032257,0.009202606976032257,0.009202606976032257,0.009202606976032257,0.0008290107361972332,0.0008290107361972332,0.0008290107361972332,0.0008290107361972332,0.011867689900100231,0.011867689900100231,0.011867689900100231,0.011867689900100231,0.8151458501815796,0.8151458501815796,0.8151458501815796,0.8151458501815796,0.0010500536300241947,0.0010500536300241947,0.0010500536300241947,0.0010500536300241947,0.08941274136304855,0.08941274136304855,0.08941274136304855,0.08941274136304855,0.02859976328909397,0.02859976328909397,0.02859976328909397,0.02859976328909397,0.0012031685328111053,0.0012031685328111053,0.0012031685328111053,0.0012031685328111053,0.003930780105292797,0.003930780105292797,0.003930780105292797,0.003930780105292797,0.001599997514858842,0.001599997514858842,0.001599997514858842,0.001599997514858842,0.0023726217914372683,0.0023726217914372683,0.0023726217914372683,0.0023726217914372683,0.0038313311524689198,0.0038313311524689198,0.0038313311524689198,0.0038313311524689198,0.0007537017809227109,0.0007537017809227109,0.0007537017809227109,0.0007537017809227109
song_95608ea2e15a20489c14c3226405cb9cf2ea0862cd77e786705f890b46a97925,success,emotion,classifier-panel-v1,169,1,510,117,117,2428729cef323a9fcc2f0023871080fdcb29c43383b011e938c6288997538b8a,2428729cef323a9fcc2f0023871080fdcb29c43383b011e938c6288997538b8a,0.002704794518649578,0.002704794518649578,0.002704794518649578,0.002704794518649578,0.005728676449507475,0.005728676449507475,0.005728676449507475,0.005728676449507475,0.004279051907360554,0.004279051907360554,0.004279051907360554,0.004279051907360554,0.008032203651964664,0.008032203651964664,0.008032203651964664,0.008032203651964664,0.019423535093665123,0.019423535093665123,0.019423535093665123,0.019423535093665123,0.005168132949620485,0.005168132949620485,0.005168132949620485,0.005168132949620485,0.0036657508462667465,0.0036657508462667465,0.0036657508462667465,0.0036657508462667465,0.0014653450343757868,0.0014653450343757868,0.0014653450343757868,0.0014653450343757868,0.013319112360477448,0.013319112360477448,0.013319112360477448,0.013319112360477448,0.020298710092902184,0.020298710092902184,0.020298710092902184,0.020298710092902184,0.0030526157934218645,0.0030526157934218645,0.0030526157934218645,0.0030526157934218645,0.0037950919941067696,0.0037950919941067696,0.0037950919941067696,0.0037950919941067696,0.0024004082661122084,0.0024004082661122084,0.0024004082661122084,0.0024004082661122084,0.016088942065835,0.016088942065835,0.016088942065835,0.016088942065835,0.005476219579577446,0.005476219579577446,0.005476219579577446,0.005476219579577446,0.0006831884384155273,0.0006831884384155273,0.0006831884384155273,0.0006831884384155273,0.0042125387117266655,0.0042125387117266655,0.0042125387117266655,0.0042125387117266655,0.08034985512495041,0.08034985512495041,0.08034985512495041,0.08034985512495041,0.617729127407074,0.617729127407074,0.617729127407074,0.617729127407074,0.006249486468732357,0.006249486468732357,0.006249486468732357,0.006249486468732357,0.3690463602542877,0.3690463602542877,0.3690463602542877,0.3690463602542877,0.006285930518060923,0.006285930518060923,0.006285930518060923,0.006285930518060923,0.0016399549786001444,0.0016399549786001444,0.0016399549786001444,0.0016399549786001444,0.0324607715010643,0.0324607715010643,0.0324607715010643,0.0324607715010643,0.003938169218599796,0.003938169218599796,0.003938169218599796,0.003938169218599796,0.003179184626787901,0.003179184626787901,0.003179184626787901,0.003179184626787901,0.06272520869970322,0.06272520869970322,0.06272520869970322,0.06272520869970322,0.0072119347751140594,0.0072119347751140594,0.0072119347751140594,0.0072119347751140594
song_9072c5ee05fedc84220a23ef4901f2e73eedea66b912cb96f14d1a9a3fbe167a,success,emotion,classifier-panel-v1,343,1,510,204,204,d88b20e14bfc6848a024cc519fbdc8f28d4ca2264a17f2b9cfadef527eeaaa56,d88b20e14bfc6848a024cc519fbdc8f28d4ca2264a17f2b9cfadef527eeaaa56,0.0012427031761035323,0.0012427031761035323,0.0012427031761035323,0.0012427031761035323,0.0010487789986655116,0.0010487789986655116,0.0010487789986655116,0.0010487789986655116,0.0030356324277818203,0.0030356324277818203,0.0030356324277818203,0.0030356324277818203,0.01440474670380354,0.01440474670380354,0.01440474670380354,0.01440474670380354,0.022512448951601982,0.022512448951601982,0.022512448951601982,0.022512448951601982,0.027109047397971153,0.027109047397971153,0.027109047397971153,0.027109047397971153,0.07551734894514084,0.07551734894514084,0.07551734894514084,0.07551734894514084,0.11452346295118332,0.11452346295118332,0.11452346295118332,0.11452346295118332,0.003563785692676902,0.003563785692676902,0.003563785692676902,0.003563785692676902,0.016494276002049446,0.016494276002049446,0.016494276002049446,0.016494276002049446,0.004686170723289251,0.004686170723289251,0.004686170723289251,0.004686170723289251,0.0017715952126309276,0.0017715952126309276,0.0017715952126309276,0.0017715952126309276,0.0018468167399987578,0.0018468167399987578,0.0018468167399987578,0.0018468167399987578,0.003274289658293128,0.003274289658293128,0.003274289658293128,0.003274289658293128,0.037405844777822495,0.037405844777822495,0.037405844777822495,0.037405844777822495,8.890424942364916e-05,8.890424942364916e-05,8.890424942364916e-05,8.890424942364916e-05,0.001893661799840629,0.001893661799840629,0.001893661799840629,0.001893661799840629,0.002340977545827627,0.002340977545827627,0.002340977545827627,0.002340977545827627,0.003419020213186741,0.003419020213186741,0.003419020213186741,0.003419020213186741,0.021507585421204567,0.021507585421204567,0.021507585421204567,0.021507585421204567,0.6013163328170776,0.6013163328170776,0.6013163328170776,0.6013163328170776,0.014012213796377182,0.014012213796377182,0.014012213796377182,0.014012213796377182,0.0003006037441082299,0.0003006037441082299,0.0003006037441082299,0.0003006037441082299,0.022645752876996994,0.022645752876996994,0.022645752876996994,0.022645752876996994,0.0015711316373199224,0.0015711316373199224,0.0015711316373199224,0.0015711316373199224,0.0018356721848249435,0.0018356721848249435,0.0018356721848249435,0.0018356721848249435,0.021111400797963142,0.021111400797963142,0.021111400797963142,0.021111400797963142,0.0090034706518054,0.0090034706518054,0.0090034706518054,0.0090034706518054
song_2a783aa21125846631c321e170948f1689071a051714cf6e57c7cfb4ba6c8b89,success,emotion,classifier-panel-v1,416,1,510,252,252,4617af1916d56fb2180a8f53de20c100c72d5d51b2acaff355aef37bb94cb74c,4617af1916d56fb2180a8f53de20c100c72d5d51b2acaff355aef37bb94cb74c,0.016544600948691368,0.016544600948691368,0.016544600948691368,0.016544600948691368,0.0007815049611963332,0.0007815049611963332,0.0007815049611963332,0.0007815049611963332,0.004846610128879547,0.004846610128879547,0.004846610128879547,0.004846610128879547,0.006964316591620445,0.006964316591620445,0.006964316591620445,0.006964316591620445,0.15795163810253143,0.15795163810253143,0.15795163810253143,0.15795163810253143,0.3530939817428589,0.3530939817428589,0.3530939817428589,0.3530939817428589,0.003816357348114252,0.003816357348114252,0.003816357348114252,0.003816357348114252,0.015179899521172047,0.015179899521172047,0.015179899521172047,0.015179899521172047,0.03481853008270264,0.03481853008270264,0.03481853008270264,0.03481853008270264,0.0026211566291749477,0.0026211566291749477,0.0026211566291749477,0.0026211566291749477,0.006853400729596615,0.006853400729596615,0.006853400729596615,0.006853400729596615,0.0009642664808779955,0.0009642664808779955,0.0009642664808779955,0.0009642664808779955,0.0004092439485248178,0.0004092439485248178,0.0004092439485248178,0.0004092439485248178,0.01686239056289196,0.01686239056289196,0.01686239056289196,0.01686239056289196,0.0026418413035571575,0.0026418413035571575,0.0026418413035571575,0.0026418413035571575,0.0011145146563649178,0.0011145146563649178,0.0011145146563649178,0.0011145146563649178,0.0010079483035951853,0.0010079483035951853,0.0010079483035951853,0.0010079483035951853,0.02361978404223919,0.02361978404223919,0.02361978404223919,0.02361978404223919,0.6610280871391296,0.6610280871391296,0.6610280871391296,0.6610280871391296,0.0030545261688530445,0.0030545261688530445,0.0030545261688530445,0.0030545261688530445,0.15347477793693542,0.15347477793693542,0.15347477793693542,0.15347477793693542,0.019496582448482513,0.019496582448482513,0.019496582448482513,0.019496582448482513,0.0012338520027697086,0.0012338520027697086,0.0012338520027697086,0.0012338520027697086,0.004575520753860474,0.004575520753860474,0.004575520753860474,0.004575520753860474,0.0029479407239705324,0.0029479407239705324,0.0029479407239705324,0.0029479407239705324,0.0016353062819689512,0.0016353062819689512,0.0016353062819689512,0.0016353062819689512,0.0034853429533541203,0.0034853429533541203,0.0034853429533541203,0.0034853429533541203,0.0008612312958575785,0.0008612312958575785,0.0008612312958575785,0.0008612312958575785
song_bfce50e15f1789f7ca376150665063761fdbef5af253e2d162514a8ae0316025,success,emotion,classifier-panel-v1,378,1,510,270,270,517488f68fecd31ea303b48e5dc09e54b6dec6afe0945445289b1132f96ca1b5,517488f68fecd31ea303b48e5dc09e54b6dec6afe0945445289b1132f96ca1b5,0.0021828690078109503,0.0021828690078109503,0.0021828690078109503,0.0021828690078109503,0.0007918713963590562,0.0007918713963590562,0.0007918713963590562,0.0007918713963590562,0.002537056803703308,0.002537056803703308,0.002537056803703308,0.002537056803703308,0.013745797798037529,0.013745797798037529,0.013745797798037529,0.013745797798037529,0.04174201563000679,0.04174201563000679,0.04174201563000679,0.04174201563000679,0.31294184923171997,0.31294184923171997,0.31294184923171997,0.31294184923171997,0.0008639122825115919,0.0008639122825115919,0.0008639122825115919,0.0008639122825115919,0.0013171221362426877,0.0013171221362426877,0.0013171221362426877,0.0013171221362426877,0.06010942533612251,0.06010942533612251,0.06010942533612251,0.06010942533612251,0.026456180959939957,0.026456180959939957,0.026456180959939957,0.026456180959939957,0.006898014340549707,0.006898014340549707,0.006898014340549707,0.006898014340549707,0.0015783649869263172,0.0015783649869263172,0.0015783649869263172,0.0015783649869263172,0.0009909005602821708,0.0009909005602821708,0.0009909005602821708,0.0009909005602821708,0.001169315306469798,0.001169315306469798,0.001169315306469798,0.001169315306469798,0.0022108962293714285,0.0022108962293714285,0.0022108962293714285,0.0022108962293714285,0.0010305208852514625,0.0010305208852514625,0.0010305208852514625,0.0010305208852514625,0.0034698443487286568,0.0034698443487286568,0.0034698443487286568,0.0034698443487286568,0.0030755028128623962,0.0030755028128623962,0.0030755028128623962,0.0030755028128623962,0.005794323980808258,0.005794323980808258,0.005794323980808258,0.005794323980808258,0.005331001710146666,0.005331001710146666,0.005331001710146666,0.005331001710146666,0.48989126086235046,0.48989126086235046,0.48989126086235046,0.48989126086235046,0.04271381348371506,0.04271381348371506,0.04271381348371506,0.04271381348371506,0.0010173681657761335,0.0010173681657761335,0.0010173681657761335,0.0010173681657761335,0.013818959705531597,0.013818959705531597,0.013818959705531597,0.013818959705531597,0.004739874508231878,0.004739874508231878,0.004739874508231878,0.004739874508231878,0.007881145924329758,0.007881145924329758,0.007881145924329758,0.007881145924329758,0.09012144058942795,0.09012144058942795,0.09012144058942795,0.09012144058942795,0.0004929747083224356,0.0004929747083224356,0.0004929747083224356,0.0004929747083224356
song_21c7c8f7417b94a8c111b2a1c7570396b0e49f3c9f7cbbdd593d6d1c03d738d9,success,emotion,classifier-panel-v1,244,1,510,180,180,46156e8df294a41177a857509efd632b6c5f7f02e9c19ecdd0e030ff57a4f55b,46156e8df294a41177a857509efd632b6c5f7f02e9c19ecdd0e030ff57a4f55b,0.06752211600542068,0.06752211600542068,0.06752211600542068,0.06752211600542068,0.0009968882659450173,0.0009968882659450173,0.0009968882659450173,0.0009968882659450173,0.005613958463072777,0.005613958463072777,0.005613958463072777,0.005613958463072777,0.00546914990991354,0.00546914990991354,0.00546914990991354,0.00546914990991354,0.0674995556473732,0.0674995556473732,0.0674995556473732,0.0674995556473732,0.08742590993642807,0.08742590993642807,0.08742590993642807,0.08742590993642807,0.009090323001146317,0.009090323001146317,0.009090323001146317,0.009090323001146317,0.017021015286445618,0.017021015286445618,0.017021015286445618,0.017021015286445618,0.029847022145986557,0.029847022145986557,0.029847022145986557,0.029847022145986557,0.007589341606944799,0.007589341606944799,0.007589341606944799,0.007589341606944799,0.0067789494059979916,0.0067789494059979916,0.0067789494059979916,0.0067789494059979916,0.0016564021352678537,0.0016564021352678537,0.0016564021352678537,0.0016564021352678537,0.0006922992179170251,0.0006922992179170251,0.0006922992179170251,0.0006922992179170251,0.007239443250000477,0.007239443250000477,0.007239443250000477,0.007239443250000477,0.003790472401306033,0.003790472401306033,0.003790472401306033,0.003790472401306033,0.0033649106044322252,0.0033649106044322252,0.0033649106044322252,0.0033649106044322252,0.0021082928869873285,0.0021082928869873285,0.0021082928869873285,0.0021082928869873285,0.016576644033193588,0.016576644033193588,0.016576644033193588,0.016576644033193588,0.9520373940467834,0.9520373940467834,0.9520373940467834,0.9520373940467834,0.0035751350224018097,0.0035751350224018097,0.0035751350224018097,0.0035751350224018097,0.01934267021715641,0.01934267021715641,0.01934267021715641,0.01934267021715641,0.033383868634700775,0.033383868634700775,0.033383868634700775,0.033383868634700775,0.0012029840145260096,0.0012029840145260096,0.0012029840145260096,0.0012029840145260096,0.00918592233210802,0.00918592233210802,0.00918592233210802,0.00918592233210802,0.001543835154734552,0.001543835154734552,0.001543835154734552,0.001543835154734552,0.005452141631394625,0.005452141631394625,0.005452141631394625,0.005452141631394625,0.01747230440378189,0.01747230440378189,0.01747230440378189,0.01747230440378189,0.0028277819510549307,0.0028277819510549307,0.0028277819510549307,0.0028277819510549307
song_f41a534741f51cde1d600b6ee480a6cec27c432d48b34b9d946bd8331f5d2a74,success,emotion,classifier-panel-v1,302,1,510,195,195,c1d5fa184a8663f1edfa9d361b355a812c70ac740c15689f5910f25caa8150f3,c1d5fa184a8663f1edfa9d361b355a812c70ac740c15689f5910f25caa8150f3,0.0065283081494271755,0.0065283081494271755,0.0065283081494271755,0.0065283081494271755,0.0013492536963894963,0.0013492536963894963,0.0013492536963894963,0.0013492536963894963,0.001272107707336545,0.001272107707336545,0.001272107707336545,0.001272107707336545,0.009733001701533794,0.009733001701533794,0.009733001701533794,0.009733001701533794,0.023008964955806732,0.023008964955806732,0.023008964955806732,0.023008964955806732,0.00151717325206846,0.00151717325206846,0.00151717325206846,0.00151717325206846,0.2451479583978653,0.2451479583978653,0.2451479583978653,0.2451479583978653,0.434540718793869,0.434540718793869,0.434540718793869,0.434540718793869,0.005038876552134752,0.005038876552134752,0.005038876552134752,0.005038876552134752,0.030779574066400528,0.030779574066400528,0.030779574066400528,0.030779574066400528,0.018172286450862885,0.018172286450862885,0.018172286450862885,0.018172286450862885,0.0013375665294006467,0.0013375665294006467,0.0013375665294006467,0.0013375665294006467,0.0013732421211898327,0.0013732421211898327,0.0013732421211898327,0.0013732421211898327,0.010768108069896698,0.010768108069896698,0.010768108069896698,0.010768108069896698,0.003321299096569419,0.003321299096569419,0.003321299096569419,0.003321299096569419,0.00018995851860381663,0.00018995851860381663,0.00018995851860381663,0.00018995851860381663,0.0006065561901777983,0.0006065561901777983,0.0006065561901777983,0.0006065561901777983,0.0026515345089137554,0.0026515345089137554,0.0026515345089137554,0.0026515345089137554,0.002694572787731886,0.002694572787731886,0.002694572787731886,0.002694572787731886,0.0023956228978931904,0.0023956228978931904,0.0023956228978931904,0.0023956228978931904,0.34305861592292786,0.34305861592292786,0.34305861592292786,0.34305861592292786,0.021385496482253075,0.021385496482253075,0.021385496482253075,0.021385496482253075,0.00022475491277873516,0.00022475491277873516,0.00022475491277873516,0.00022475491277873516,0.019982434809207916,0.019982434809207916,0.019982434809207916,0.019982434809207916,0.000642821192741394,0.000642821192741394,0.000642821192741394,0.000642821192741394,0.0006156141171231866,0.0006156141171231866,0.0006156141171231866,0.0006156141171231866,0.0040994989685714245,0.0040994989685714245,0.0040994989685714245,0.0040994989685714245,0.029068609699606895,0.029068609699606895,0.029068609699606895,0.029068609699606895
song_cd492e6096df3dd73a9047f8aef5c25a526b7b1384aaafac4f4c0ce7c690f5d1,success,emotion,classifier-panel-v1,718,2,510,427,427,0df6752d4e03b0d94b71fd47709c87ae1f62d41686edd34b56e1d587078ef1c9,0df6752d4e03b0d94b71fd47709c87ae1f62d41686edd34b56e1d587078ef1c9,0.027077876031398773,0.015669064596295357,0.024796113744378092,0.015669064596295357,0.004960173740983009,0.0030568105867132545,0.004579501110129058,0.0030568105867132545,0.007049398496747017,0.004539865767583251,0.006547491950914264,0.004539865767583251,0.013654792681336403,0.009543193038553,0.012832472752779722,0.009543193038553,0.3046180307865143,0.18886854499578476,0.2814681336283684,0.18886854499578476,0.014553835615515709,0.011530209798365831,0.013949110452085734,0.011530209798365831,0.0016563902609050274,0.0015183070790953934,0.0016287736245431006,0.0015183070790953934,0.004128226079046726,0.0035427839029580355,0.004011137643828988,0.0035427839029580355,0.003688154276460409,0.003225973341614008,0.003595718089491129,0.003225973341614008,0.0020834137685596943,0.0016759195714257658,0.0020019149291329087,0.0016759195714257658,0.002778460970148444,0.00218400452286005,0.0026595696806907656,0.00218400452286005,0.0012621983187273145,0.001086521486286074,0.0012270629522390664,0.001086521486286074,0.0004390959511511028,0.00041147864249069244,0.00043357248941902073,0.00041147864249069244,0.04169182851910591,0.023054055869579315,0.037964273989200596,0.023054055869579315,0.0008088682661764324,0.000791397353168577,0.0008053740835748613,0.000791397353168577,0.00026829782291315496,0.00023374835291178897,0.00026138792891288175,0.00023374835291178897,0.0003365492448210716,0.00032888507121242583,0.00033501641009934244,0.00032888507121242583,0.04760695621371269,0.02576733217574656,0.04323903140611947,0.02576733217574656,0.20934920012950897,0.12469927407801151,0.1924192149192095,0.12469927407801151,0.0006088402587920427,0.00046509581443388015,0.0005800913699204103,0.00046509581443388015,0.8797206282615662,0.6382768452167511,0.8314318716526032,0.6382768452167511,0.0091046541929245,0.006750544998794794,0.008633832354098559,0.006750544998794794,0.0017800512723624706,0.001145560061559081,0.0016531530302017928,0.001145560061559081,0.011223966255784035,0.008104309672489762,0.010600034939125182,0.008104309672489762,0.002121045719832182,0.0013370427477639169,0.0019642451254185287,0.0013370427477639169,0.0003326997102703899,0.0003051215462619439,0.00032718407746870073,0.0003051215462619439,0.0011845496483147144,0.0009989445679821074,0.001147428632248193,0.0009989445679821074,0.0019697132520377636,0.0013199574605096132,0.0018397620937321336,0.0013199574605096132
song_23d90431f2ad7d4f8d31fc70fb9bc9aad106a4f8849752e76e878e6e017eb477,success,emotion,classifier-panel-v1,208,1,510,137,137,ef47eec02090cfc129a4b05ce093981cf8f39ced5dabf10c8174f43e0123085b,ef47eec02090cfc129a4b05ce093981cf8f39ced5dabf10c8174f43e0123085b,0.0036028618924319744,0.0036028618924319744,0.0036028618924319744,0.0036028618924319744,0.006462234538048506,0.006462234538048506,0.006462234538048506,0.006462234538048506,0.0012343291891738772,0.0012343291891738772,0.0012343291891738772,0.0012343291891738772,0.004094699397683144,0.004094699397683144,0.004094699397683144,0.004094699397683144,0.019643861800432205,0.019643861800432205,0.019643861800432205,0.019643861800432205,0.007318987511098385,0.007318987511098385,0.007318987511098385,0.007318987511098385,0.0026365183293819427,0.0026365183293819427,0.0026365183293819427,0.0026365183293819427,0.011936762370169163,0.011936762370169163,0.011936762370169163,0.011936762370169163,0.15305578708648682,0.15305578708648682,0.15305578708648682,0.15305578708648682,0.004365131258964539,0.004365131258964539,0.004365131258964539,0.004365131258964539,0.002526943339034915,0.002526943339034915,0.002526943339034915,0.002526943339034915,0.0010167669970542192,0.0010167669970542192,0.0010167669970542192,0.0010167669970542192,0.00047022406943142414,0.00047022406943142414,0.00047022406943142414,0.00047022406943142414,0.037470851093530655,0.037470851093530655,0.037470851093530655,0.037470851093530655,0.002791798673570156,0.002791798673570156,0.002791798673570156,0.002791798673570156,0.000629065150860697,0.000629065150860697,0.000629065150860697,0.000629065150860697,0.0005716972518712282,0.0005716972518712282,0.0005716972518712282,0.0005716972518712282,0.008747736923396587,0.008747736923396587,0.008747736923396587,0.008747736923396587,0.002524803625419736,0.002524803625419736,0.002524803625419736,0.002524803625419736,0.0013292314251884818,0.0013292314251884818,0.0013292314251884818,0.0013292314251884818,0.393709659576416,0.393709659576416,0.393709659576416,0.393709659576416,0.47620466351509094,0.47620466351509094,0.47620466351509094,0.47620466351509094,0.0007926286198198795,0.0007926286198198795,0.0007926286198198795,0.0007926286198198795,0.00825438927859068,0.00825438927859068,0.00825438927859068,0.00825438927859068,0.0011195003753528,0.0011195003753528,0.0011195003753528,0.0011195003753528,0.0009322139667347074,0.0009322139667347074,0.0009322139667347074,0.0009322139667347074,0.001990488963201642,0.001990488963201642,0.001990488963201642,0.001990488963201642,0.01202305220067501,0.01202305220067501,0.01202305220067501,0.01202305220067501
song_a0d2022d699c35704ab0f0e43a6856fcd3fa30930d806529eb228106de34770e,success,emotion,classifier-panel-v1,365,1,510,268,268,bfa8b3b036bba5010406e0ecd48bf0447c52d71f0fcc924d81f328083f2f3476,bfa8b3b036bba5010406e0ecd48bf0447c52d71f0fcc924d81f328083f2f3476,0.002050257520750165,0.002050257520750165,0.002050257520750165,0.002050257520750165,0.0011541178682819009,0.0011541178682819009,0.0011541178682819009,0.0011541178682819009,0.0005953662330284715,0.0005953662330284715,0.0005953662330284715,0.0005953662330284715,0.0036114894319325686,0.0036114894319325686,0.0036114894319325686,0.0036114894319325686,0.06040870398283005,0.06040870398283005,0.06040870398283005,0.06040870398283005,0.005456626880913973,0.005456626880913973,0.005456626880913973,0.005456626880913973,0.0026301799807697535,0.0026301799807697535,0.0026301799807697535,0.0026301799807697535,0.0015997507143765688,0.0015997507143765688,0.0015997507143765688,0.0015997507143765688,0.00456911651417613,0.00456911651417613,0.00456911651417613,0.00456911651417613,0.003352688392624259,0.003352688392624259,0.003352688392624259,0.003352688392624259,0.0016984078101813793,0.0016984078101813793,0.0016984078101813793,0.0016984078101813793,0.0008376133628189564,0.0008376133628189564,0.0008376133628189564,0.0008376133628189564,0.00033437515958212316,0.00033437515958212316,0.00033437515958212316,0.00033437515958212316,0.002638729754835367,0.002638729754835367,0.002638729754835367,0.002638729754835367,0.0017339264741167426,0.0017339264741167426,0.0017339264741167426,0.0017339264741167426,0.0007042220677249134,0.0007042220677249134,0.0007042220677249134,0.0007042220677249134,0.000470046594273299,0.000470046594273299,0.000470046594273299,0.000470046594273299,0.002632708055898547,0.002632708055898547,0.002632708055898547,0.002632708055898547,0.000789182900916785,0.000789182900916785,0.000789182900916785,0.000789182900916785,0.0010525755351409316,0.0010525755351409316,0.0010525755351409316,0.0010525755351409316,0.9107359051704407,0.9107359051704407,0.9107359051704407,0.9107359051704407,0.024728531017899513,0.024728531017899513,0.024728531017899513,0.024728531017899513,0.0005346220568753779,0.0005346220568753779,0.0005346220568753779,0.0005346220568753779,0.01989063434302807,0.01989063434302807,0.01989063434302807,0.01989063434302807,0.0014403954846784472,0.0014403954846784472,0.0014403954846784472,0.0014403954846784472,0.0005579928401857615,0.0005579928401857615,0.0005579928401857615,0.0005579928401857615,0.002744073048233986,0.002744073048233986,0.002744073048233986,0.002744073048233986,0.0010255317902192473,0.0010255317902192473,0.0010255317902192473,0.0010255317902192473
song_5f0eaf882be171e9e96fec731f59733be3990d8ac7eaf8a258c5eb15da894eb3,success,emotion,classifier-panel-v1,404,1,510,284,284,ca449669634be69391e989ac31a7cc96e28784f1bb1f510d6873ec1469708dde,ca449669634be69391e989ac31a7cc96e28784f1bb1f510d6873ec1469708dde,0.006330781616270542,0.006330781616270542,0.006330781616270542,0.006330781616270542,0.0014897116925567389,0.0014897116925567389,0.0014897116925567389,0.0014897116925567389,0.0021829449106007814,0.0021829449106007814,0.0021829449106007814,0.0021829449106007814,0.011591586284339428,0.011591586284339428,0.011591586284339428,0.011591586284339428,0.182310089468956,0.182310089468956,0.182310089468956,0.182310089468956,0.04838630184531212,0.04838630184531212,0.04838630184531212,0.04838630184531212,0.006617342121899128,0.006617342121899128,0.006617342121899128,0.006617342121899128,0.04605141282081604,0.04605141282081604,0.04605141282081604,0.04605141282081604,0.004642299842089415,0.004642299842089415,0.004642299842089415,0.004642299842089415,0.004645672161132097,0.004645672161132097,0.004645672161132097,0.004645672161132097,0.003462426131591201,0.003462426131591201,0.003462426131591201,0.003462426131591201,0.0006230996223166585,0.0006230996223166585,0.0006230996223166585,0.0006230996223166585,0.00039434005157090724,0.00039434005157090724,0.00039434005157090724,0.00039434005157090724,0.012256269343197346,0.012256269343197346,0.012256269343197346,0.012256269343197346,0.003627345897257328,0.003627345897257328,0.003627345897257328,0.003627345897257328,6.210922583704814e-05,6.210922583704814e-05,6.210922583704814e-05,6.210922583704814e-05,0.00069018779322505,0.00069018779322505,0.00069018779322505,0.00069018779322505,0.011472543701529503,0.011472543701529503,0.011472543701529503,0.011472543701529503,0.003412713995203376,0.003412713995203376,0.003412713995203376,0.003412713995203376,0.003960081841796637,0.003960081841796637,0.003960081841796637,0.003960081841796637,0.5376137495040894,0.5376137495040894,0.5376137495040894,0.5376137495040894,0.028228437528014183,0.028228437528014183,0.028228437528014183,0.028228437528014183,0.0006897696293890476,0.0006897696293890476,0.0006897696293890476,0.0006897696293890476,0.01387958973646164,0.01387958973646164,0.01387958973646164,0.01387958973646164,0.0031682688277214766,0.0031682688277214766,0.0031682688277214766,0.0031682688277214766,0.00034996517933905125,0.00034996517933905125,0.00034996517933905125,0.00034996517933905125,0.004703389946371317,0.004703389946371317,0.004703389946371317,0.004703389946371317,0.0029816196765750647,0.0029816196765750647,0.0029816196765750647,0.0029816196765750647
song_a12befe03d55c5fa6fd9c903788a0badba25b5b7525255fc222d72e21ba6dc12,success,emotion,classifier-panel-v1,399,1,510,298,298,c0560330cb05ab64d7eac78b5e226050179915c3ed36b46d03d7e5cef167f789,c0560330cb05ab64d7eac78b5e226050179915c3ed36b46d03d7e5cef167f789,0.0007584195700474083,0.0007584195700474083,0.0007584195700474083,0.0007584195700474083,0.05280352383852005,0.05280352383852005,0.05280352383852005,0.05280352383852005,0.02300039678812027,0.02300039678812027,0.02300039678812027,0.02300039678812027,0.16401167213916779,0.16401167213916779,0.16401167213916779,0.16401167213916779,0.023384444415569305,0.023384444415569305,0.023384444415569305,0.023384444415569305,0.005786687135696411,0.005786687135696411,0.005786687135696411,0.005786687135696411,0.002097310498356819,0.002097310498356819,0.002097310498356819,0.002097310498356819,0.0009122724877670407,0.0009122724877670407,0.0009122724877670407,0.0009122724877670407,0.0010590975871309638,0.0010590975871309638,0.0010590975871309638,0.0010590975871309638,0.00675450311973691,0.00675450311973691,0.00675450311973691,0.00675450311973691,0.047025516629219055,0.047025516629219055,0.047025516629219055,0.047025516629219055,0.0020380381029099226,0.0020380381029099226,0.0020380381029099226,0.0020380381029099226,0.0018079715082421899,0.0018079715082421899,0.0018079715082421899,0.0018079715082421899,0.000865629524923861,0.000865629524923861,0.000865629524923861,0.000865629524923861,0.000489788712002337,0.000489788712002337,0.000489788712002337,0.000489788712002337,0.0003086686774622649,0.0003086686774622649,0.0003086686774622649,0.0003086686774622649,0.000301904248772189,0.000301904248772189,0.000301904248772189,0.000301904248772189,0.008367774076759815,0.008367774076759815,0.008367774076759815,0.008367774076759815,0.00040476827416568995,0.00040476827416568995,0.00040476827416568995,0.00040476827416568995,0.0005036523216404021,0.0005036523216404021,0.0005036523216404021,0.0005036523216404021,0.7600738406181335,0.7600738406181335,0.7600738406181335,0.7600738406181335,0.007768159732222557,0.007768159732222557,0.007768159732222557,0.007768159732222557,0.0005022306577302516,0.0005022306577302516,0.0005022306577302516,0.0005022306577302516,0.01482041459530592,0.01482041459530592,0.01482041459530592,0.01482041459530592,0.0009310782770626247,0.0009310782770626247,0.0009310782770626247,0.0009310782770626247,0.00044504867400974035,0.00044504867400974035,0.00044504867400974035,0.00044504867400974035,0.0016784550389274955,0.0016784550389274955,0.0016784550389274955,0.0016784550389274955,0.0004610895412042737,0.0004610895412042737,0.0004610895412042737,0.0004610895412042737
song_690e3e60b5c5037449b2757dda9d6757ed3ec925b71a0e80ad7109d85f8667b5,success,emotion,classifier-panel-v1,647,2,510,359,359,8950a55950e9862196a5e95e3179c34bfa1a9f51e54fe20cd05cef9e7f631f85,8950a55950e9862196a5e95e3179c34bfa1a9f51e54fe20cd05cef9e7f631f85,0.49249267578125,0.25877933483570814,0.4457500075921416,0.2591405610195498,0.0022607387509196997,0.0021206047385931015,0.00223271194845438,0.002120388148156739,0.01884532906115055,0.012315855827182531,0.017539434414356948,0.012305763905646258,0.07130277156829834,0.04019180778414011,0.0650805788114667,0.04014372283238716,0.07166866213083267,0.05427052453160286,0.06818903461098672,0.05429741500702671,0.0017733341082930565,0.0016319265705533326,0.0017450526007451116,0.0016321451293442749,0.003554214257746935,0.003241663333028555,0.003491704072803259,0.003241180255865157,0.016275247558951378,0.01002453244291246,0.015025104535743595,0.010014871368544547,0.0436808317899704,0.024366851430386305,0.039818035718053583,0.024336999837867627,0.02079913392663002,0.012118507758714259,0.01906300869304687,0.012105091025842674,0.02603314071893692,0.017514693085104227,0.024329451192170382,0.0175015270145728,0.007072716951370239,0.0046127334935590625,0.006580720259808004,0.004608931355293512,0.0007209620089270175,0.0005791445582872257,0.000692598518799059,0.0005789253659369323,0.07039406895637512,0.06179397739470005,0.06867405064404011,0.06178068513571756,0.0009060199954546988,0.0007616684306412935,0.0008771496824920178,0.0007614453215766669,0.0009060950833372772,0.0005285258957883343,0.0008305812458274886,0.0005291094648571889,0.00041928081191144884,0.00037271100154612213,0.0004099668498383835,0.0003726390234775513,0.03029865212738514,0.01820605550892651,0.027880132803693416,0.018224745766451177,0.5937299728393555,0.3087746761739254,0.5367389135062695,0.3092151016710899,0.0006654761964455247,0.0004931916628265753,0.0006310192897217349,0.0004929253807035166,0.31223592162132263,0.17265120148658752,0.28431897759437563,0.17243546003351992,0.002482952084392309,0.002240070956759155,0.002434375858865678,0.002240446352628758,0.0020810498390346766,0.0014400387008208781,0.0019528476113919169,0.0014410294444657217,0.0040871030651032925,0.0036517386324703693,0.004000030178576708,0.003652411529584176,0.0007475120364688337,0.000639695703284815,0.00072594876983203,0.0006398623436761349,0.00024587297230027616,0.00022082739451434463,0.00024086385674308984,0.00022078868419319171,0.0031446563079953194,0.002194445172790438,0.0029546140809543434,0.0021929765311595184,0.003609677543863654,0.0034354644594714046,0.003574834926985204,0.003435195196589809
song_a5796aaae59d201c1e3deeacae5e2109ffeaf8181d6a0cc53d4179eef0117ee2,success,emotion,classifier-panel-v1,141,1,510,103,103,571daa6af317ae37fe23634d31aa33f4e4fd82168aaab8edbaaf0f8ffe5d9723,571daa6af317ae37fe23634d31aa33f4e4fd82168aaab8edbaaf0f8ffe5d9723,0.012284483760595322,0.012284483760595322,0.012284483760595322,0.012284483760595322,0.005233017727732658,0.005233017727732658,0.005233017727732658,0.005233017727732658,0.001976270694285631,0.001976270694285631,0.001976270694285631,0.001976270694285631,0.00441407598555088,0.00441407598555088,0.00441407598555088,0.00441407598555088,0.03285307437181473,0.03285307437181473,0.03285307437181473,0.03285307437181473,0.006730169989168644,0.006730169989168644,0.006730169989168644,0.006730169989168644,0.0009818662656471133,0.0009818662656471133,0.0009818662656471133,0.0009818662656471133,0.0025145055260509253,0.0025145055260509253,0.0025145055260509253,0.0025145055260509253,0.23719510436058044,0.23719510436058044,0.23719510436058044,0.23719510436058044,0.0023907290305942297,0.0023907290305942297,0.0023907290305942297,0.0023907290305942297,0.0013514463789761066,0.0013514463789761066,0.0013514463789761066,0.0013514463789761066,0.0011301246704533696,0.0011301246704533696,0.0011301246704533696,0.0011301246704533696,0.00046616766485385597,0.00046616766485385597,0.00046616766485385597,0.00046616766485385597,0.14580711722373962,0.14580711722373962,0.14580711722373962,0.14580711722373962,0.0009570117108523846,0.0009570117108523846,0.0009570117108523846,0.0009570117108523846,0.0021501060109585524,0.0021501060109585524,0.0021501060109585524,0.0021501060109585524,0.0007372276159003377,0.0007372276159003377,0.0007372276159003377,0.0007372276159003377,0.20476864278316498,0.20476864278316498,0.20476864278316498,0.20476864278316498,0.1126386821269989,0.1126386821269989,0.1126386821269989,0.1126386821269989,0.0010436548618599772,0.0010436548618599772,0.0010436548618599772,0.0010436548618599772,0.14620628952980042,0.14620628952980042,0.14620628952980042,0.14620628952980042,0.01952558569610119,0.01952558569610119,0.01952558569610119,0.01952558569610119,0.002679630648344755,0.002679630648344755,0.002679630648344755,0.002679630648344755,0.00438280263915658,0.00438280263915658,0.00438280263915658,0.00438280263915658,0.0025655911304056644,0.0025655911304056644,0.0025655911304056644,0.0025655911304056644,0.0009214463643729687,0.0009214463643729687,0.0009214463643729687,0.0009214463643729687,0.002767310244962573,0.002767310244962573,0.002767310244962573,0.002767310244962573,0.0018903572345152497,0.0018903572345152497,0.0018903572345152497,0.0018903572345152497
song_64d37feb1fa3da190b5b48cdf28bee0181308224ba28cffb740e5048b0ab4306,success,emotion,classifier-panel-v1,354,1,510,273,273,a887cb9e13aa0c2305d15376a53e54e8112adee579e92bba5b6d4be382cf9ada,a887cb9e13aa0c2305d15376a53e54e8112adee579e92bba5b6d4be382cf9ada,0.0017833062447607517,0.0017833062447607517,0.0017833062447607517,0.0017833062447607517,0.0007832435658201575,0.0007832435658201575,0.0007832435658201575,0.0007832435658201575,0.0026919050142169,0.0026919050142169,0.0026919050142169,0.0026919050142169,0.015059524215757847,0.015059524215757847,0.015059524215757847,0.015059524215757847,0.015423610806465149,0.015423610806465149,0.015423610806465149,0.015423610806465149,0.4349607527256012,0.4349607527256012,0.4349607527256012,0.4349607527256012,0.00278126890771091,0.00278126890771091,0.00278126890771091,0.00278126890771091,0.006507524289190769,0.006507524289190769,0.006507524289190769,0.006507524289190769,0.08404970169067383,0.08404970169067383,0.08404970169067383,0.08404970169067383,0.01054040901362896,0.01054040901362896,0.01054040901362896,0.01054040901362896,0.009964674711227417,0.009964674711227417,0.009964674711227417,0.009964674711227417,0.0018281327793374658,0.0018281327793374658,0.0018281327793374658,0.0018281327793374658,0.0007285632891580462,0.0007285632891580462,0.0007285632891580462,0.0007285632891580462,0.0016454871511086822,0.0016454871511086822,0.0016454871511086822,0.0016454871511086822,0.0036474803928285837,0.0036474803928285837,0.0036474803928285837,0.0036474803928285837,0.0015925324987620115,0.0015925324987620115,0.0015925324987620115,0.0015925324987620115,0.002160953124985099,0.002160953124985099,0.002160953124985099,0.002160953124985099,0.002272941404953599,0.002272941404953599,0.002272941404953599,0.002272941404953599,0.003460366977378726,0.003460366977378726,0.003460366977378726,0.003460366977378726,0.006129548419266939,0.006129548419266939,0.006129548419266939,0.006129548419266939,0.5675680637359619,0.5675680637359619,0.5675680637359619,0.5675680637359619,0.022230831906199455,0.022230831906199455,0.022230831906199455,0.022230831906199455,0.0005791884032078087,0.0005791884032078087,0.0005791884032078087,0.0005791884032078087,0.005221034400165081,0.005221034400165081,0.005221034400165081,0.005221034400165081,0.003083176212385297,0.003083176212385297,0.003083176212385297,0.003083176212385297,0.003762871026992798,0.003762871026992798,0.003762871026992798,0.003762871026992798,0.02791229449212551,0.02791229449212551,0.02791229449212551,0.02791229449212551,0.0005698405439034104,0.0005698405439034104,0.0005698405439034104,0.0005698405439034104
song_1130d71736864e2f32c66a5784e269842b861afc685af864962777b4ea459b76,success,emotion,classifier-panel-v1,258,1,510,183,183,30eaab82be73f7a7030180f2bb4f725d3abbe0335368cb84948065ffb5d38c38,30eaab82be73f7a7030180f2bb4f725d3abbe0335368cb84948065ffb5d38c38,0.03186824172735214,0.03186824172735214,0.03186824172735214,0.03186824172735214,0.0011684746714308858,0.0011684746714308858,0.0011684746714308858,0.0011684746714308858,0.0020750742405653,0.0020750742405653,0.0020750742405653,0.0020750742405653,0.00491625489667058,0.00491625489667058,0.00491625489667058,0.00491625489667058,0.2959122359752655,0.2959122359752655,0.2959122359752655,0.2959122359752655,0.5276656150817871,0.5276656150817871,0.5276656150817871,0.5276656150817871,0.0010577302891761065,0.0010577302891761065,0.0010577302891761065,0.0010577302891761065,0.0011116110254079103,0.0011116110254079103,0.0011116110254079103,0.0011116110254079103,0.007793003227561712,0.007793003227561712,0.007793003227561712,0.007793003227561712,0.002036910504102707,0.002036910504102707,0.002036910504102707,0.002036910504102707,0.004302528686821461,0.004302528686821461,0.004302528686821461,0.004302528686821461,0.0006988108507357538,0.0006988108507357538,0.0006988108507357538,0.0006988108507357538,0.00041162496199831367,0.00041162496199831367,0.00041162496199831367,0.00041162496199831367,0.010825942270457745,0.010825942270457745,0.010825942270457745,0.010825942270457745,0.0024307069834321737,0.0024307069834321737,0.0024307069834321737,0.0024307069834321737,0.002540076617151499,0.002540076617151499,0.002540076617151499,0.002540076617151499,0.0012139318278059363,0.0012139318278059363,0.0012139318278059363,0.0012139318278059363,0.04222797974944115,0.04222797974944115,0.04222797974944115,0.04222797974944115,0.11464329808950424,0.11464329808950424,0.11464329808950424,0.11464329808950424,0.002611808944493532,0.002611808944493532,0.002611808944493532,0.002611808944493532,0.22042728960514069,0.22042728960514069,0.22042728960514069,0.22042728960514069,0.04359558969736099,0.04359558969736099,0.04359558969736099,0.04359558969736099,0.004230184946209192,0.004230184946209192,0.004230184946209192,0.004230184946209192,0.007018405012786388,0.007018405012786388,0.007018405012786388,0.007018405012786388,0.013211366720497608,0.013211366720497608,0.013211366720497608,0.013211366720497608,0.0012920702574774623,0.0012920702574774623,0.0012920702574774623,0.0012920702574774623,0.002970861503854394,0.002970861503854394,0.002970861503854394,0.002970861503854394,0.0004976997734047472,0.0004976997734047472,0.0004976997734047472,0.0004976997734047472
song_c3db28de2fa21737c828f45aa697bf98c14ad08a22646c2f0114dd15614a1503,success,emotion,classifier-panel-v1,457,1,510,333,333,dcad334273497ae54054e4b2c0336fa1057289719ca650b6f7d3cd5656c2e7fd,dcad334273497ae54054e4b2c0336fa1057289719ca650b6f7d3cd5656c2e7fd,0.07777552306652069,0.07777552306652069,0.07777552306652069,0.07777552306652069,0.0007548436406068504,0.0007548436406068504,0.0007548436406068504,0.0007548436406068504,0.0018756301142275333,0.0018756301142275333,0.0018756301142275333,0.0018756301142275333,0.022563578560948372,0.022563578560948372,0.022563578560948372,0.022563578560948372,0.0740380510687828,0.0740380510687828,0.0740380510687828,0.0740380510687828,0.002659097546711564,0.002659097546711564,0.002659097546711564,0.002659097546711564,0.004277946427464485,0.004277946427464485,0.004277946427464485,0.004277946427464485,0.005709165241569281,0.005709165241569281,0.005709165241569281,0.005709165241569281,0.005288989748805761,0.005288989748805761,0.005288989748805761,0.005288989748805761,0.1977275311946869,0.1977275311946869,0.1977275311946869,0.1977275311946869,0.007750981021672487,0.007750981021672487,0.007750981021672487,0.007750981021672487,0.0011965117882937193,0.0011965117882937193,0.0011965117882937193,0.0011965117882937193,0.001799886580556631,0.001799886580556631,0.001799886580556631,0.001799886580556631,0.0037931795231997967,0.0037931795231997967,0.0037931795231997967,0.0037931795231997967,0.0012756099458783865,0.0012756099458783865,0.0012756099458783865,0.0012756099458783865,0.004044891335070133,0.004044891335070133,0.004044891335070133,0.004044891335070133,0.004859070293605328,0.004859070293605328,0.004859070293605328,0.004859070293605328,0.008006281219422817,0.008006281219422817,0.008006281219422817,0.008006281219422817,0.0015006075846031308,0.0015006075846031308,0.0015006075846031308,0.0015006075846031308,0.0034877501893788576,0.0034877501893788576,0.0034877501893788576,0.0034877501893788576,0.211189404129982,0.211189404129982,0.211189404129982,0.211189404129982,0.0056096455082297325,0.0056096455082297325,0.0056096455082297325,0.0056096455082297325,0.002833453705534339,0.002833453705534339,0.002833453705534339,0.002833453705534339,0.04181390628218651,0.04181390628218651,0.04181390628218651,0.04181390628218651,0.007925105281174183,0.007925105281174183,0.007925105281174183,0.007925105281174183,0.0017451629973948002,0.0017451629973948002,0.0017451629973948002,0.0017451629973948002,0.13986070454120636,0.13986070454120636,0.13986070454120636,0.13986070454120636,0.003386839758604765,0.003386839758604765,0.003386839758604765,0.003386839758604765
song_72f1e6ab0eb9c3eea261bf3418510cf8ca46eb5d09386d74e937ff2a0b7160f0,success,emotion,classifier-panel-v1,1140,3,510,734,734,36333c7328a05143d6b6f00349e3e9af361424d7b615eaf16651bbdcfd39666d,36333c7328a05143d6b6f00349e3e9af361424d7b615eaf16651bbdcfd39666d,0.08689416199922562,0.03500393141681949,0.07194164488464594,0.03500393141681949,0.010005887597799301,0.00916814555724462,0.00993297528475523,0.00916814555724462,0.0013770085060968995,0.0012056575700019796,0.0013535775477066636,0.0012056575700019796,0.004739420022815466,0.0036980020813643932,0.004475439200177789,0.0036980020813643932,0.22609969973564148,0.1699869086345037,0.22084618508815765,0.1699869086345037,0.013398886658251286,0.005820690149751802,0.011147669656202197,0.005820690149751802,0.002913381904363632,0.0020338297084284327,0.0027976070065051316,0.0020338297084284327,0.003652463899925351,0.002837773102025191,0.0035921799950301646,0.002837773102025191,0.007522319909185171,0.00450399424880743,0.006654337234795094,0.00450399424880743,0.001451148185878992,0.0012487583056402702,0.0014338794397190213,0.0012487583056402702,0.0025172291789203882,0.001724314681875209,0.0023489636834710835,0.001724314681875209,0.00094390515005216,0.0007549019646830857,0.0009189566946588457,0.0007549019646830857,0.0007072239532135427,0.0005861628063333532,0.0007064230507239699,0.0005861628063333532,0.38077592849731445,0.2706292122602463,0.3671183466911316,0.2706292122602463,0.0012131405528634787,0.0010715630875589948,0.0012127632275223733,0.0010715630875589948,0.00240033189766109,0.0017315306855986516,0.0022416113410145045,0.0017315306855986516,0.0004933382733725011,0.000465830749211212,0.0004892759898211807,0.000465830749211212,0.236655592918396,0.17214376479387283,0.22133341133594514,0.17214376479387283,0.045046985149383545,0.019125269105037052,0.03742155143991113,0.019125269105037052,0.0013935586903244257,0.0012001174036413431,0.0013592340284958482,0.0012001174036413431,0.5205767154693604,0.3277755528688431,0.4880467474460602,0.3277755528688431,0.023364132270216942,0.01171958353370428,0.02019281219691038,0.01171958353370428,0.006519851740449667,0.003926441927130024,0.005873359180986882,0.003926441927130024,0.015193535014986992,0.010423306686182817,0.0142170125618577,0.010423306686182817,0.004689134191721678,0.004618456897636254,0.004677640087902546,0.004618456897636254,0.00039564986946061254,0.00029660579942477244,0.00036669286782853305,0.00029660579942477244,0.0013866494409739971,0.0010769406605201464,0.0012944396468810738,0.0010769406605201464,0.008639798499643803,0.005824000341817737,0.008405430056154729,0.005824000341817737
song_2f2e2e33ff00857bf87196f06b1edcad41ac31b6bf4f2b322bcb169c7c18c6cb,success,emotion,classifier-panel-v1,297,1,510,210,210,123856af95255b1a6c92568f01462152c1c87bbd96b9bf6d4452204215eea68f,123856af95255b1a6c92568f01462152c1c87bbd96b9bf6d4452204215eea68f,0.009749933145940304,0.009749933145940304,0.009749933145940304,0.009749933145940304,0.0015750539023429155,0.0015750539023429155,0.0015750539023429155,0.0015750539023429155,0.005018396768718958,0.005018396768718958,0.005018396768718958,0.005018396768718958,0.004740639589726925,0.004740639589726925,0.004740639589726925,0.004740639589726925,0.025428466498851776,0.025428466498851776,0.025428466498851776,0.025428466498851776,0.01753317378461361,0.01753317378461361,0.01753317378461361,0.01753317378461361,0.0050219884142279625,0.0050219884142279625,0.0050219884142279625,0.0050219884142279625,0.009000038728117943,0.009000038728117943,0.009000038728117943,0.009000038728117943,0.03725529834628105,0.03725529834628105,0.03725529834628105,0.03725529834628105,0.0037540544290095568,0.0037540544290095568,0.0037540544290095568,0.0037540544290095568,0.006050999742001295,0.006050999742001295,0.006050999742001295,0.006050999742001295,0.0016381003661081195,0.0016381003661081195,0.0016381003661081195,0.0016381003661081195,0.000653439958114177,0.000653439958114177,0.000653439958114177,0.000653439958114177,0.021792827174067497,0.021792827174067497,0.021792827174067497,0.021792827174067497,0.0028328620828688145,0.0028328620828688145,0.0028328620828688145,0.0028328620828688145,0.0011887912405654788,0.0011887912405654788,0.0011887912405654788,0.0011887912405654788,0.0007175930077210069,0.0007175930077210069,0.0007175930077210069,0.0007175930077210069,0.016306286677718163,0.016306286677718163,0.016306286677718163,0.016306286677718163,0.9247103333473206,0.9247103333473206,0.9247103333473206,0.9247103333473206,0.001664401963353157,0.001664401963353157,0.001664401963353157,0.001664401963353157,0.06420934200286865,0.06420934200286865,0.06420934200286865,0.06420934200286865,0.015000621788203716,0.015000621788203716,0.015000621788203716,0.015000621788203716,0.0005496837547980249,0.0005496837547980249,0.0005496837547980249,0.0005496837547980249,0.005441870540380478,0.005441870540380478,0.005441870540380478,0.005441870540380478,0.0006727530853822827,0.0006727530853822827,0.0006727530853822827,0.0006727530853822827,0.0014971792697906494,0.0014971792697906494,0.0014971792697906494,0.0014971792697906494,0.004135916009545326,0.004135916009545326,0.004135916009545326,0.004135916009545326,0.003351203864440322,0.003351203864440322,0.003351203864440322,0.003351203864440322
song_605aa2d6a4f3053ca131f40f66d3ff6cfb4822fd5d6a277d77a6032d02c7746d,success,emotion,classifier-panel-v1,1087,3,510,550,550,b2bb036269cde21cb0ad60960add5ee0e7b4e9301131cb03c00fdaccb5fbf48c,b2bb036269cde21cb0ad60960add5ee0e7b4e9301131cb03c00fdaccb5fbf48c,0.043017301708459854,0.018013158657898504,0.035680650547146794,0.018000900120369014,0.01390115637332201,0.010640710281829039,0.013033847324550152,0.010638700763025795,0.0036054544616490602,0.0023911669462298355,0.0033183582592755554,0.002392284046060028,0.013773414306342602,0.008364828769117594,0.012319320347160101,0.008369804468783854,0.046162791550159454,0.03168343318005403,0.0430175494402647,0.0316712597612953,0.006466270890086889,0.0032618270876506963,0.005623306706547737,0.0032608975778850484,0.0011243707267567515,0.000915063195861876,0.0010915213148109614,0.0009148291866603481,0.0018969571683555841,0.0012732805723013978,0.001753978570923209,0.0012727907285065988,0.0022644491400569677,0.0018682399143775303,0.002160833729431033,0.0018681278004608328,0.003605130361393094,0.00246914643018196,0.003279161686077714,0.002470191493596138,0.002004137961193919,0.0015982579595098894,0.0019282326335087418,0.001598631354175652,0.002713413443416357,0.0018364169324437778,0.002459947997704148,0.0018372237369616918,0.0013115598121657968,0.0010423280376320083,0.0012330060242675244,0.0010425757209572464,0.1095510870218277,0.05269368148098389,0.09566130340099335,0.052652958488364286,0.003384806215763092,0.0022861886924753585,0.0031917926389724016,0.0022863115532291162,0.0007555849151685834,0.0006268435099627823,0.0007436017738655209,0.0006266617554973763,0.0006618377519771457,0.0005424284415009121,0.0006360660772770643,0.0005424197487106415,0.07562319934368134,0.04565462749451399,0.0707773134112358,0.045621777711592086,0.004414939787238836,0.002561620630634328,0.003949796734377742,0.002560350232245272,0.002001728629693389,0.0011799332957404356,0.0017796902102418244,0.0011796679813307713,0.9491721391677856,0.8644241293271383,0.938766610622406,0.8645020943775896,0.0038605607114732265,0.002988330010945598,0.003647855622693896,0.002988154026821064,0.0038037083577364683,0.0024477216647937894,0.0034797707106918097,0.002446716802649666,0.008784119039773941,0.007953459396958351,0.008569489326328039,0.007952918301541238,0.002986897248774767,0.002108300648008784,0.0028213723096996548,0.0021074454791898726,0.0003536224539857358,0.0003001082465440656,0.0003516855591442436,0.00030015747764566787,0.0025872569531202316,0.0018703475943766534,0.0025011347606778145,0.0018710071246054883,0.0045430720783770084,0.00274349853862077,0.004045400116592646,0.002742476655207163
song_d6fa79aae091c9b9eefa30e3a78f93ecdbbb66c8c1befb282bb7324a03578d7a,success,emotion,classifier-panel-v1,415,1,510,317,317,235995321c7c1f0f7414cf2650f9dfef92cb760d09dcf807e2a60d78675f6961,235995321c7c1f0f7414cf2650f9dfef92cb760d09dcf807e2a60d78675f6961,0.002742888405919075,0.002742888405919075,0.002742888405919075,0.002742888405919075,0.08916562795639038,0.08916562795639038,0.08916562795639038,0.08916562795639038,0.002646411070600152,0.002646411070600152,0.002646411070600152,0.002646411070600152,0.024835320189595222,0.024835320189595222,0.024835320189595222,0.024835320189595222,0.020295657217502594,0.020295657217502594,0.020295657217502594,0.020295657217502594,0.003849624888971448,0.003849624888971448,0.003849624888971448,0.003849624888971448,0.021370863541960716,0.021370863541960716,0.021370863541960716,0.021370863541960716,0.07317354530096054,0.07317354530096054,0.07317354530096054,0.07317354530096054,0.001681181020103395,0.001681181020103395,0.001681181020103395,0.001681181020103395,0.006969871930778027,0.006969871930778027,0.006969871930778027,0.006969871930778027,0.005148447118699551,0.005148447118699551,0.005148447118699551,0.005148447118699551,0.0012514269910752773,0.0012514269910752773,0.0012514269910752773,0.0012514269910752773,0.0015748731093481183,0.0015748731093481183,0.0015748731093481183,0.0015748731093481183,0.0051923575811088085,0.0051923575811088085,0.0051923575811088085,0.0051923575811088085,0.0014332679565995932,0.0014332679565995932,0.0014332679565995932,0.0014332679565995932,7.146909047150984e-05,7.146909047150984e-05,7.146909047150984e-05,7.146909047150984e-05,0.0006292447214946151,0.0006292447214946151,0.0006292447214946151,0.0006292447214946151,0.01815701089799404,0.01815701089799404,0.01815701089799404,0.01815701089799404,0.0005664018099196255,0.0005664018099196255,0.0005664018099196255,0.0005664018099196255,0.002345398534089327,0.002345398534089327,0.002345398534089327,0.002345398534089327,0.7031036019325256,0.7031036019325256,0.7031036019325256,0.7031036019325256,0.008156880736351013,0.008156880736351013,0.008156880736351013,0.008156880736351013,0.0003717031504493207,0.0003717031504493207,0.0003717031504493207,0.0003717031504493207,0.01309219654649496,0.01309219654649496,0.01309219654649496,0.01309219654649496,0.0012853041989728808,0.0012853041989728808,0.0012853041989728808,0.0012853041989728808,0.00041855682502500713,0.00041855682502500713,0.00041855682502500713,0.00041855682502500713,0.004039855673909187,0.004039855673909187,0.004039855673909187,0.004039855673909187,0.003159730928018689,0.003159730928018689,0.003159730928018689,0.003159730928018689
song_1110ad0e721685ec873afc6cc8372d1da569f6f1d519bdd799cd7c8d00631393,success,emotion,classifier-panel-v1,222,1,510,158,158,ae0ebb31f09cd48b53c0988b9454fd6713459e073ae11f09782cbed75a966703,ae0ebb31f09cd48b53c0988b9454fd6713459e073ae11f09782cbed75a966703,0.0011825879337266088,0.0011825879337266088,0.0011825879337266088,0.0011825879337266088,0.0018362218979746103,0.0018362218979746103,0.0018362218979746103,0.0018362218979746103,0.006040563806891441,0.006040563806891441,0.006040563806891441,0.006040563806891441,0.058013517409563065,0.058013517409563065,0.058013517409563065,0.058013517409563065,0.0252385176718235,0.0252385176718235,0.0252385176718235,0.0252385176718235,0.003434292506426573,0.003434292506426573,0.003434292506426573,0.003434292506426573,0.0008393070893362164,0.0008393070893362164,0.0008393070893362164,0.0008393070893362164,0.0004421514458954334,0.0004421514458954334,0.0004421514458954334,0.0004421514458954334,0.0020891528110951185,0.0020891528110951185,0.0020891528110951185,0.0020891528110951185,0.022612305358052254,0.022612305358052254,0.022612305358052254,0.022612305358052254,0.026435483247041702,0.026435483247041702,0.026435483247041702,0.026435483247041702,0.0031052790582180023,0.0031052790582180023,0.0031052790582180023,0.0031052790582180023,0.0012444319436326623,0.0012444319436326623,0.0012444319436326623,0.0012444319436326623,0.0007114536711014807,0.0007114536711014807,0.0007114536711014807,0.0007114536711014807,0.001042475807480514,0.001042475807480514,0.001042475807480514,0.001042475807480514,0.00026617900584824383,0.00026617900584824383,0.00026617900584824383,0.00026617900584824383,0.0006043262546882033,0.0006043262546882033,0.0006043262546882033,0.0006043262546882033,0.001405285787768662,0.001405285787768662,0.001405285787768662,0.001405285787768662,0.0010104129323735833,0.0010104129323735833,0.0010104129323735833,0.0010104129323735833,0.0006097008590586483,0.0006097008590586483,0.0006097008590586483,0.0006097008590586483,0.9029713869094849,0.9029713869094849,0.9029713869094849,0.9029713869094849,0.003958837129175663,0.003958837129175663,0.003958837129175663,0.003958837129175663,0.0004389771493151784,0.0004389771493151784,0.0004389771493151784,0.0004389771493151784,0.017721036449074745,0.017721036449074745,0.017721036449074745,0.017721036449074745,0.0007986854179762304,0.0007986854179762304,0.0007986854179762304,0.0007986854179762304,0.0005452577024698257,0.0005452577024698257,0.0005452577024698257,0.0005452577024698257,0.007183557841926813,0.007183557841926813,0.007183557841926813,0.007183557841926813,0.0006891358643770218,0.0006891358643770218,0.0006891358643770218,0.0006891358643770218
song_109e58fdb577eb713ec9844630010a1ea9f502a212041ef4edd19d8d91f292d2,success,emotion,classifier-panel-v1,476,1,510,324,324,134ad0c187c25be5f5b1333e1426b1961fe623b3f80e8a28215e11f0325bbbf8,134ad0c187c25be5f5b1333e1426b1961fe623b3f80e8a28215e11f0325bbbf8,0.02771051786839962,0.02771051786839962,0.02771051786839962,0.02771051786839962,0.0011195344850420952,0.0011195344850420952,0.0011195344850420952,0.0011195344850420952,0.004875198006629944,0.004875198006629944,0.004875198006629944,0.004875198006629944,0.00546954944729805,0.00546954944729805,0.00546954944729805,0.00546954944729805,0.03224388137459755,0.03224388137459755,0.03224388137459755,0.03224388137459755,0.027286218479275703,0.027286218479275703,0.027286218479275703,0.027286218479275703,0.0023568482138216496,0.0023568482138216496,0.0023568482138216496,0.0023568482138216496,0.006743057165294886,0.006743057165294886,0.006743057165294886,0.006743057165294886,0.10506834834814072,0.10506834834814072,0.10506834834814072,0.10506834834814072,0.0037653171457350254,0.0037653171457350254,0.0037653171457350254,0.0037653171457350254,0.0034732527565211058,0.0034732527565211058,0.0034732527565211058,0.0034732527565211058,0.0017231764504685998,0.0017231764504685998,0.0017231764504685998,0.0017231764504685998,0.0004253792285453528,0.0004253792285453528,0.0004253792285453528,0.0004253792285453528,0.012260899879038334,0.012260899879038334,0.012260899879038334,0.012260899879038334,0.0013186351861804724,0.0013186351861804724,0.0013186351861804724,0.0013186351861804724,0.0015099706361070275,0.0015099706361070275,0.0015099706361070275,0.0015099706361070275,0.0007189225871115923,0.0007189225871115923,0.0007189225871115923,0.0007189225871115923,0.016218209639191628,0.016218209639191628,0.016218209639191628,0.016218209639191628,0.8962253928184509,0.8962253928184509,0.8962253928184509,0.8962253928184509,0.000992506742477417,0.000992506742477417,0.000992506742477417,0.000992506742477417,0.05858621001243591,0.05858621001243591,0.05858621001243591,0.05858621001243591,0.01181731279939413,0.01181731279939413,0.01181731279939413,0.01181731279939413,0.0006986143998801708,0.0006986143998801708,0.0006986143998801708,0.0006986143998801708,0.003596372902393341,0.003596372902393341,0.003596372902393341,0.003596372902393341,0.0006844071322120726,0.0006844071322120726,0.0006844071322120726,0.0006844071322120726,0.0012540844036266208,0.0012540844036266208,0.0012540844036266208,0.0012540844036266208,0.004383420571684837,0.004383420571684837,0.004383420571684837,0.004383420571684837,0.0015744308475404978,0.0015744308475404978,0.0015744308475404978,0.0015744308475404978
song_a9417fe5b49241ddee5b63be9a3fe138548c5ec77db57e1201268cae0273529e,success,emotion,classifier-panel-v1,173,1,510,128,128,55b3db10589e34a825dc197902d4ffae09e784e117b7cc9c2e66be9eb96bc418,55b3db10589e34a825dc197902d4ffae09e784e117b7cc9c2e66be9eb96bc418,0.007844613865017891,0.007844613865017891,0.007844613865017891,0.007844613865017891,0.0040382081642746925,0.0040382081642746925,0.0040382081642746925,0.0040382081642746925,0.022332416847348213,0.022332416847348213,0.022332416847348213,0.022332416847348213,0.021972794085741043,0.021972794085741043,0.021972794085741043,0.021972794085741043,0.017929615452885628,0.017929615452885628,0.017929615452885628,0.017929615452885628,0.02661370486021042,0.02661370486021042,0.02661370486021042,0.02661370486021042,0.01228558924049139,0.01228558924049139,0.01228558924049139,0.01228558924049139,0.012502863071858883,0.012502863071858883,0.012502863071858883,0.012502863071858883,0.028540462255477905,0.028540462255477905,0.028540462255477905,0.028540462255477905,0.15928909182548523,0.15928909182548523,0.15928909182548523,0.15928909182548523,0.018395140767097473,0.018395140767097473,0.018395140767097473,0.018395140767097473,0.008788242004811764,0.008788242004811764,0.008788242004811764,0.008788242004811764,0.0034895241260528564,0.0034895241260528564,0.0034895241260528564,0.0034895241260528564,0.003972644917666912,0.003972644917666912,0.003972644917666912,0.003972644917666912,0.007720717694610357,0.007720717694610357,0.007720717694610357,0.007720717694610357,0.0027080727741122246,0.0027080727741122246,0.0027080727741122246,0.0027080727741122246,0.016739821061491966,0.016739821061491966,0.016739821061491966,0.016739821061491966,0.011640929616987705,0.011640929616987705,0.011640929616987705,0.011640929616987705,0.847308874130249,0.847308874130249,0.847308874130249,0.847308874130249,0.011474702507257462,0.011474702507257462,0.011474702507257462,0.011474702507257462,0.01303352415561676,0.01303352415561676,0.01303352415561676,0.01303352415561676,0.010443761013448238,0.010443761013448238,0.010443761013448238,0.010443761013448238,0.0007271583308465779,0.0007271583308465779,0.0007271583308465779,0.0007271583308465779,0.01512349583208561,0.01512349583208561,0.01512349583208561,0.01512349583208561,0.0025426247157156467,0.0025426247157156467,0.0025426247157156467,0.0025426247157156467,0.033185966312885284,0.033185966312885284,0.033185966312885284,0.033185966312885284,0.6590403318405151,0.6590403318405151,0.6590403318405151,0.6590403318405151,0.005248133558779955,0.005248133558779955,0.005248133558779955,0.005248133558779955
song_815056a3d0f74d832a9989d4bcb3e56697b29dd14bd3aaa012fb8c5b6ffde806,success,emotion,classifier-panel-v1,255,1,510,182,182,57c0900a4d44709ba98da965f974c68d55f5afd1d69790c8c7197a5402dbb721,57c0900a4d44709ba98da965f974c68d55f5afd1d69790c8c7197a5402dbb721,0.0018981590401381254,0.0018981590401381254,0.0018981590401381254,0.0018981590401381254,0.0011325199156999588,0.0011325199156999588,0.0011325199156999588,0.0011325199156999588,0.008053621277213097,0.008053621277213097,0.008053621277213097,0.008053621277213097,0.1609259992837906,0.1609259992837906,0.1609259992837906,0.1609259992837906,0.04737226292490959,0.04737226292490959,0.04737226292490959,0.04737226292490959,0.0012367323506623507,0.0012367323506623507,0.0012367323506623507,0.0012367323506623507,0.002185272751376033,0.002185272751376033,0.002185272751376033,0.002185272751376033,0.0023462967947125435,0.0023462967947125435,0.0023462967947125435,0.0023462967947125435,0.0025704449508339167,0.0025704449508339167,0.0025704449508339167,0.0025704449508339167,0.03745940700173378,0.03745940700173378,0.03745940700173378,0.03745940700173378,0.036871615797281265,0.036871615797281265,0.036871615797281265,0.036871615797281265,0.0026554022915661335,0.0026554022915661335,0.0026554022915661335,0.0026554022915661335,0.001331332023255527,0.001331332023255527,0.001331332023255527,0.001331332023255527,0.0013513755984604359,0.0013513755984604359,0.0013513755984604359,0.0013513755984604359,0.00031601122464053333,0.00031601122464053333,0.00031601122464053333,0.00031601122464053333,0.00018195304437540472,0.00018195304437540472,0.00018195304437540472,0.00018195304437540472,0.0003249174915254116,0.0003249174915254116,0.0003249174915254116,0.0003249174915254116,0.0011642593890428543,0.0011642593890428543,0.0011642593890428543,0.0011642593890428543,0.0007199743413366377,0.0007199743413366377,0.0007199743413366377,0.0007199743413366377,0.00032823203946463764,0.00032823203946463764,0.00032823203946463764,0.00032823203946463764,0.7588040232658386,0.7588040232658386,0.7588040232658386,0.7588040232658386,0.002343607135117054,0.002343607135117054,0.002343607135117054,0.002343607135117054,0.00040751814958639443,0.00040751814958639443,0.00040751814958639443,0.00040751814958639443,0.017216503620147705,0.017216503620147705,0.017216503620147705,0.017216503620147705,0.000522174290381372,0.000522174290381372,0.000522174290381372,0.000522174290381372,0.00029133865609765053,0.00029133865609765053,0.00029133865609765053,0.00029133865609765053,0.0027493080124258995,0.0027493080124258995,0.0027493080124258995,0.0027493080124258995,0.0012445226311683655,0.0012445226311683655,0.0012445226311683655,0.0012445226311683655
song_585e5f8e13012f0a37638839f84b3f23db3e9edc4ff58f0f075f4c7d20e18fe9,success,emotion,classifier-panel-v1,299,1,510,223,223,e8ddc86a49c7d4d83c2bcf67bc9edf67d20118895b626e536eaa73f22ffa0eb2,e8ddc86a49c7d4d83c2bcf67bc9edf67d20118895b626e536eaa73f22ffa0eb2,0.0008340461063198745,0.0008340461063198745,0.0008340461063198745,0.0008340461063198745,0.0012810413027182221,0.0012810413027182221,0.0012810413027182221,0.0012810413027182221,0.002877439372241497,0.002877439372241497,0.002877439372241497,0.002877439372241497,0.012981965206563473,0.012981965206563473,0.012981965206563473,0.012981965206563473,0.013660176657140255,0.013660176657140255,0.013660176657140255,0.013660176657140255,0.007901675067842007,0.007901675067842007,0.007901675067842007,0.007901675067842007,0.006265521980822086,0.006265521980822086,0.006265521980822086,0.006265521980822086,0.007083299569785595,0.007083299569785595,0.007083299569785595,0.007083299569785595,0.025467172265052795,0.025467172265052795,0.025467172265052795,0.025467172265052795,0.027090778574347496,0.027090778574347496,0.027090778574347496,0.027090778574347496,0.006296385079622269,0.006296385079622269,0.006296385079622269,0.006296385079622269,0.0021032358054071665,0.0021032358054071665,0.0021032358054071665,0.0021032358054071665,0.0013278345577418804,0.0013278345577418804,0.0013278345577418804,0.0013278345577418804,0.0015506602358072996,0.0015506602358072996,0.0015506602358072996,0.0015506602358072996,0.0026645914185792208,0.0026645914185792208,0.0026645914185792208,0.0026645914185792208,0.00017771631246432662,0.00017771631246432662,0.00017771631246432662,0.00017771631246432662,0.0023885725531727076,0.0023885725531727076,0.0023885725531727076,0.0023885725531727076,0.002862915163859725,0.002862915163859725,0.002862915163859725,0.002862915163859725,0.009293907321989536,0.009293907321989536,0.009293907321989536,0.009293907321989536,0.0028594746254384518,0.0028594746254384518,0.0028594746254384518,0.0028594746254384518,0.8145624995231628,0.8145624995231628,0.8145624995231628,0.8145624995231628,0.00793485902249813,0.00793485902249813,0.00793485902249813,0.00793485902249813,0.00032670353539288044,0.00032670353539288044,0.00032670353539288044,0.00032670353539288044,0.018194537609815598,0.018194537609815598,0.018194537609815598,0.018194537609815598,0.0010788177605718374,0.0010788177605718374,0.0010788177605718374,0.0010788177605718374,0.0024725242983549833,0.0024725242983549833,0.0024725242983549833,0.0024725242983549833,0.05496834218502045,0.05496834218502045,0.05496834218502045,0.05496834218502045,0.0022435146383941174,0.0022435146383941174,0.0022435146383941174,0.0022435146383941174
song_dd86150211a00481ca2a80067939457ef346cce917ed900d58478305c74811a2,success,emotion,classifier-panel-v1,213,1,510,165,165,d40f236fb86e7b3833c14985e86d4f6b6ab840c66531385c50c98480ae898e88,d40f236fb86e7b3833c14985e86d4f6b6ab840c66531385c50c98480ae898e88,0.010537445545196533,0.010537445545196533,0.010537445545196533,0.010537445545196533,0.0016266938764601946,0.0016266938764601946,0.0016266938764601946,0.0016266938764601946,0.00425633043050766,0.00425633043050766,0.00425633043050766,0.00425633043050766,0.005546891130506992,0.005546891130506992,0.005546891130506992,0.005546891130506992,0.038032568991184235,0.038032568991184235,0.038032568991184235,0.038032568991184235,0.1106097400188446,0.1106097400188446,0.1106097400188446,0.1106097400188446,0.0020746851805597544,0.0020746851805597544,0.0020746851805597544,0.0020746851805597544,0.003797272453084588,0.003797272453084588,0.003797272453084588,0.003797272453084588,0.414095938205719,0.414095938205719,0.414095938205719,0.414095938205719,0.00668862322345376,0.00668862322345376,0.00668862322345376,0.00668862322345376,0.005563982762396336,0.005563982762396336,0.005563982762396336,0.005563982762396336,0.0021366653963923454,0.0021366653963923454,0.0021366653963923454,0.0021366653963923454,0.0005359358037821949,0.0005359358037821949,0.0005359358037821949,0.0005359358037821949,0.007574896793812513,0.007574896793812513,0.007574896793812513,0.007574896793812513,0.0029404237866401672,0.0029404237866401672,0.0029404237866401672,0.0029404237866401672,0.0083842184394598,0.0083842184394598,0.0083842184394598,0.0083842184394598,0.0012470233486965299,0.0012470233486965299,0.0012470233486965299,0.0012470233486965299,0.00974433682858944,0.00974433682858944,0.00974433682858944,0.00974433682858944,0.7262595295906067,0.7262595295906067,0.7262595295906067,0.7262595295906067,0.0016522194491699338,0.0016522194491699338,0.0016522194491699338,0.0016522194491699338,0.045873306691646576,0.045873306691646576,0.045873306691646576,0.045873306691646576,0.32854846119880676,0.32854846119880676,0.32854846119880676,0.32854846119880676,0.0010575298219919205,0.0010575298219919205,0.0010575298219919205,0.0010575298219919205,0.005822120234370232,0.005822120234370232,0.005822120234370232,0.005822120234370232,0.0013301584403961897,0.0013301584403961897,0.0013301584403961897,0.0013301584403961897,0.004472796339541674,0.004472796339541674,0.004472796339541674,0.004472796339541674,0.006048218812793493,0.006048218812793493,0.006048218812793493,0.006048218812793493,0.0012838017428293824,0.0012838017428293824,0.0012838017428293824,0.0012838017428293824
song_41cdcd17020b65b4e4437210a8c492aaa7bdc0500b9ef269cc7168648a893175,success,emotion,classifier-panel-v1,374,1,510,241,241,cf22ce8924858f4d3e539e4d2c1849f4a0b845f56d3e97f13df0ae81564a720c,cf22ce8924858f4d3e539e4d2c1849f4a0b845f56d3e97f13df0ae81564a720c,0.02742093801498413,0.02742093801498413,0.02742093801498413,0.02742093801498413,0.0025882746558636427,0.0025882746558636427,0.0025882746558636427,0.0025882746558636427,0.00587830925360322,0.00587830925360322,0.00587830925360322,0.00587830925360322,0.005367515608668327,0.005367515608668327,0.005367515608668327,0.005367515608668327,0.03957251086831093,0.03957251086831093,0.03957251086831093,0.03957251086831093,0.017667414620518684,0.017667414620518684,0.017667414620518684,0.017667414620518684,0.035933203995227814,0.035933203995227814,0.035933203995227814,0.035933203995227814,0.11279600113630295,0.11279600113630295,0.11279600113630295,0.11279600113630295,0.013978694565594196,0.013978694565594196,0.013978694565594196,0.013978694565594196,0.006507919169962406,0.006507919169962406,0.006507919169962406,0.006507919169962406,0.0063502187840640545,0.0063502187840640545,0.0063502187840640545,0.0063502187840640545,0.002483989344909787,0.002483989344909787,0.002483989344909787,0.002483989344909787,0.0012118639424443245,0.0012118639424443245,0.0012118639424443245,0.0012118639424443245,0.024695921689271927,0.024695921689271927,0.024695921689271927,0.024695921689271927,0.010155173018574715,0.010155173018574715,0.010155173018574715,0.010155173018574715,0.0015744202537462115,0.0015744202537462115,0.0015744202537462115,0.0015744202537462115,0.001450302661396563,0.001450302661396563,0.001450302661396563,0.001450302661396563,0.0199029128998518,0.0199029128998518,0.0199029128998518,0.0199029128998518,0.9526029229164124,0.9526029229164124,0.9526029229164124,0.9526029229164124,0.005713573656976223,0.005713573656976223,0.005713573656976223,0.005713573656976223,0.026854336261749268,0.026854336261749268,0.026854336261749268,0.026854336261749268,0.015804026275873184,0.015804026275873184,0.015804026275873184,0.015804026275873184,0.0006280599045567214,0.0006280599045567214,0.0006280599045567214,0.0006280599045567214,0.01000775396823883,0.01000775396823883,0.01000775396823883,0.01000775396823883,0.0010464604711160064,0.0010464604711160064,0.0010464604711160064,0.0010464604711160064,0.0025307307951152325,0.0025307307951152325,0.0025307307951152325,0.0025307307951152325,0.010804017074406147,0.010804017074406147,0.010804017074406147,0.010804017074406147,0.013264086097478867,0.013264086097478867,0.013264086097478867,0.013264086097478867
song_0213bb2ca26a8b0e613f83fdc3a1bf713269c08a2c6cbcb19d0e85cd0bb40e4f,success,emotion,classifier-panel-v1,459,1,510,252,252,04777903aa8c02a62328e5ba61e2ad3f54cab587c6bcb354cc4f87633894498e,04777903aa8c02a62328e5ba61e2ad3f54cab587c6bcb354cc4f87633894498e,0.03310483694076538,0.03310483694076538,0.03310483694076538,0.03310483694076538,0.018075931817293167,0.018075931817293167,0.018075931817293167,0.018075931817293167,0.0013722693547606468,0.0013722693547606468,0.0013722693547606468,0.0013722693547606468,0.003418545937165618,0.003418545937165618,0.003418545937165618,0.003418545937165618,0.09361729025840759,0.09361729025840759,0.09361729025840759,0.09361729025840759,0.013834811747074127,0.013834811747074127,0.013834811747074127,0.013834811747074127,0.004890788812190294,0.004890788812190294,0.004890788812190294,0.004890788812190294,0.019484512507915497,0.019484512507915497,0.019484512507915497,0.019484512507915497,0.021443728357553482,0.021443728357553482,0.021443728357553482,0.021443728357553482,0.0013142130337655544,0.0013142130337655544,0.0013142130337655544,0.0013142130337655544,0.0037698240485042334,0.0037698240485042334,0.0037698240485042334,0.0037698240485042334,0.0005199598963372409,0.0005199598963372409,0.0005199598963372409,0.0005199598963372409,0.000430272746598348,0.000430272746598348,0.000430272746598348,0.000430272746598348,0.2563912868499756,0.2563912868499756,0.2563912868499756,0.2563912868499756,0.0012034355895593762,0.0012034355895593762,0.0012034355895593762,0.0012034355895593762,0.0012526087230071425,0.0012526087230071425,0.0012526087230071425,0.0012526087230071425,0.0005424669361673295,0.0005424669361673295,0.0005424669361673295,0.0005424669361673295,0.5548717975616455,0.5548717975616455,0.5548717975616455,0.5548717975616455,0.0181922297924757,0.0181922297924757,0.0181922297924757,0.0181922297924757,0.0018796095391735435,0.0018796095391735435,0.0018796095391735435,0.0018796095391735435,0.12411109358072281,0.12411109358072281,0.12411109358072281,0.12411109358072281,0.04274512827396393,0.04274512827396393,0.04274512827396393,0.04274512827396393,0.003522271756082773,0.003522271756082773,0.003522271756082773,0.003522271756082773,0.0047189584001898766,0.0047189584001898766,0.0047189584001898766,0.0047189584001898766,0.007643121760338545,0.007643121760338545,0.007643121760338545,0.007643121760338545,0.000616938341408968,0.000616938341408968,0.000616938341408968,0.000616938341408968,0.0014034396735951304,0.0014034396735951304,0.0014034396735951304,0.0014034396735951304,0.0027867574244737625,0.0027867574244737625,0.0027867574244737625,0.0027867574244737625
song_f90b9bd84fe6f81a6e4f326cb0b6f4451a734bc2b6c6aad81544fd16972b8863,success,emotion,classifier-panel-v1,339,1,510,203,203,db0c5dce942a1b6ef7f0dcfc6d4cd24542fe1774f48165840f14784f26c51ff1,db0c5dce942a1b6ef7f0dcfc6d4cd24542fe1774f48165840f14784f26c51ff1,0.013132594525814056,0.013132594525814056,0.013132594525814056,0.013132594525814056,0.0011451254831627011,0.0011451254831627011,0.0011451254831627011,0.0011451254831627011,0.017932327464222908,0.017932327464222908,0.017932327464222908,0.017932327464222908,0.02541496232151985,0.02541496232151985,0.02541496232151985,0.02541496232151985,0.24101974070072174,0.24101974070072174,0.24101974070072174,0.24101974070072174,0.6540184020996094,0.6540184020996094,0.6540184020996094,0.6540184020996094,0.0023809184785932302,0.0023809184785932302,0.0023809184785932302,0.0023809184785932302,0.004423925653100014,0.004423925653100014,0.004423925653100014,0.004423925653100014,0.009734757244586945,0.009734757244586945,0.009734757244586945,0.009734757244586945,0.007280511781573296,0.007280511781573296,0.007280511781573296,0.007280511781573296,0.01863560453057289,0.01863560453057289,0.01863560453057289,0.01863560453057289,0.002260991372168064,0.002260991372168064,0.002260991372168064,0.002260991372168064,0.0009312272886745632,0.0009312272886745632,0.0009312272886745632,0.0009312272886745632,0.0048093851655721664,0.0048093851655721664,0.0048093851655721664,0.0048093851655721664,0.004445840138942003,0.004445840138942003,0.004445840138942003,0.004445840138942003,0.0008906360599212348,0.0008906360599212348,0.0008906360599212348,0.0008906360599212348,0.002526882104575634,0.002526882104575634,0.002526882104575634,0.002526882104575634,0.00892696250230074,0.00892696250230074,0.00892696250230074,0.00892696250230074,0.4853224456310272,0.4853224456310272,0.4853224456310272,0.4853224456310272,0.004809558857232332,0.004809558857232332,0.004809558857232332,0.004809558857232332,0.13686203956604004,0.13686203956604004,0.13686203956604004,0.13686203956604004,0.033747218549251556,0.033747218549251556,0.033747218549251556,0.033747218549251556,0.0018360007088631392,0.0018360007088631392,0.0018360007088631392,0.0018360007088631392,0.012984598986804485,0.012984598986804485,0.012984598986804485,0.012984598986804485,0.004942638333886862,0.004942638333886862,0.004942638333886862,0.004942638333886862,0.002833464415743947,0.002833464415743947,0.002833464415743947,0.002833464415743947,0.014665370807051659,0.014665370807051659,0.014665370807051659,0.014665370807051659,0.000942499260418117,0.000942499260418117,0.000942499260418117,0.000942499260418117
song_68dc4986474def8d475f2c997d665706774730408ee1330071322a31354abc97,success,emotion,classifier-panel-v1,287,1,510,190,190,012b3e82ddbe9894c4ed9a201d4dda6cc8d2c92b832fa70cd1ffd5689e167bde,012b3e82ddbe9894c4ed9a201d4dda6cc8d2c92b832fa70cd1ffd5689e167bde,0.04283415898680687,0.04283415898680687,0.04283415898680687,0.04283415898680687,0.01224492583423853,0.01224492583423853,0.01224492583423853,0.01224492583423853,0.001889794017188251,0.001889794017188251,0.001889794017188251,0.001889794017188251,0.004936319775879383,0.004936319775879383,0.004936319775879383,0.004936319775879383,0.03182040527462959,0.03182040527462959,0.03182040527462959,0.03182040527462959,0.004649400245398283,0.004649400245398283,0.004649400245398283,0.004649400245398283,0.007496284786611795,0.007496284786611795,0.007496284786611795,0.007496284786611795,0.03217077627778053,0.03217077627778053,0.03217077627778053,0.03217077627778053,0.0029274066910147667,0.0029274066910147667,0.0029274066910147667,0.0029274066910147667,0.0028466794174164534,0.0028466794174164534,0.0028466794174164534,0.0028466794174164534,0.0024017663672566414,0.0024017663672566414,0.0024017663672566414,0.0024017663672566414,0.000666565727442503,0.000666565727442503,0.000666565727442503,0.000666565727442503,0.0008197497227229178,0.0008197497227229178,0.0008197497227229178,0.0008197497227229178,0.17094995081424713,0.17094995081424713,0.17094995081424713,0.17094995081424713,0.0018386284355074167,0.0018386284355074167,0.0018386284355074167,0.0018386284355074167,0.00047671125503256917,0.00047671125503256917,0.00047671125503256917,0.00047671125503256917,0.0007334344554692507,0.0007334344554692507,0.0007334344554692507,0.0007334344554692507,0.12252075225114822,0.12252075225114822,0.12252075225114822,0.12252075225114822,0.306792676448822,0.306792676448822,0.306792676448822,0.306792676448822,0.0018427198519930243,0.0018427198519930243,0.0018427198519930243,0.0018427198519930243,0.1405865103006363,0.1405865103006363,0.1405865103006363,0.1405865103006363,0.006108179688453674,0.006108179688453674,0.006108179688453674,0.006108179688453674,0.001430508797056973,0.001430508797056973,0.001430508797056973,0.001430508797056973,0.006802871357649565,0.006802871357649565,0.006802871357649565,0.006802871357649565,0.0019011815311387181,0.0019011815311387181,0.0019011815311387181,0.0019011815311387181,0.00043153009028173983,0.00043153009028173983,0.00043153009028173983,0.00043153009028173983,0.0020194423850625753,0.0020194423850625753,0.0020194423850625753,0.0020194423850625753,0.046441737562417984,0.046441737562417984,0.046441737562417984,0.046441737562417984
song_49444e52efc677ac5bbdb87422be8b88c555f18f38a1301ade4d6d7dc7acc9c3,success,emotion,classifier-panel-v1,339,1,510,255,255,338015977a8545751ac88f9304454e71c771ded90df612a4d19af2f18f86b4e2,338015977a8545751ac88f9304454e71c771ded90df612a4d19af2f18f86b4e2,0.013267050497233868,0.013267050497233868,0.013267050497233868,0.013267050497233868,0.00047492829617112875,0.00047492829617112875,0.00047492829617112875,0.00047492829617112875,0.008547117933630943,0.008547117933630943,0.008547117933630943,0.008547117933630943,0.016897287219762802,0.016897287219762802,0.016897287219762802,0.016897287219762802,0.44774460792541504,0.44774460792541504,0.44774460792541504,0.44774460792541504,0.2840301990509033,0.2840301990509033,0.2840301990509033,0.2840301990509033,0.007652505300939083,0.007652505300939083,0.007652505300939083,0.007652505300939083,0.020204560831189156,0.020204560831189156,0.020204560831189156,0.020204560831189156,0.005586051382124424,0.005586051382124424,0.005586051382124424,0.005586051382124424,0.003377377986907959,0.003377377986907959,0.003377377986907959,0.003377377986907959,0.04578785598278046,0.04578785598278046,0.04578785598278046,0.04578785598278046,0.0006704715779051185,0.0006704715779051185,0.0006704715779051185,0.0006704715779051185,0.00045788451097905636,0.00045788451097905636,0.00045788451097905636,0.00045788451097905636,0.007964507676661015,0.007964507676661015,0.007964507676661015,0.007964507676661015,0.001259415876120329,0.001259415876120329,0.001259415876120329,0.001259415876120329,0.0006736342911608517,0.0006736342911608517,0.0006736342911608517,0.0006736342911608517,0.0008238644804805517,0.0008238644804805517,0.0008238644804805517,0.0008238644804805517,0.013949084095656872,0.013949084095656872,0.013949084095656872,0.013949084095656872,0.12631146609783173,0.12631146609783173,0.12631146609783173,0.12631146609783173,0.0013356717536225915,0.0013356717536225915,0.0013356717536225915,0.0013356717536225915,0.2803244888782501,0.2803244888782501,0.2803244888782501,0.2803244888782501,0.025979941710829735,0.025979941710829735,0.025979941710829735,0.025979941710829735,0.0015168815152719617,0.0015168815152719617,0.0015168815152719617,0.0015168815152719617,0.011284997686743736,0.011284997686743736,0.011284997686743736,0.011284997686743736,0.00441717216745019,0.00441717216745019,0.00441717216745019,0.00441717216745019,0.0012052400270476937,0.0012052400270476937,0.0012052400270476937,0.0012052400270476937,0.0024595989380031824,0.0024595989380031824,0.0024595989380031824,0.0024595989380031824,0.0009533987031318247,0.0009533987031318247,0.0009533987031318247,0.0009533987031318247
song_9277254377f0ed6ea2c94d6f5d17ee81782d30bd4f80f6185a6d4d87c99850f7,success,emotion,classifier-panel-v1,224,1,510,162,162,e1e034cab6b7bffe3b2337283d429cfb178fed63cf7061204ec4510828ce9f6b,e1e034cab6b7bffe3b2337283d429cfb178fed63cf7061204ec4510828ce9f6b,0.0011766079114750028,0.0011766079114750028,0.0011766079114750028,0.0011766079114750028,0.0019067480461671948,0.0019067480461671948,0.0019067480461671948,0.0019067480461671948,0.0012366133742034435,0.0012366133742034435,0.0012366133742034435,0.0012366133742034435,0.011331546120345592,0.011331546120345592,0.011331546120345592,0.011331546120345592,0.00422704080119729,0.00422704080119729,0.00422704080119729,0.00422704080119729,0.0023554437793791294,0.0023554437793791294,0.0023554437793791294,0.0023554437793791294,0.030302006751298904,0.030302006751298904,0.030302006751298904,0.030302006751298904,0.04952291399240494,0.04952291399240494,0.04952291399240494,0.04952291399240494,0.010119343176484108,0.010119343176484108,0.010119343176484108,0.010119343176484108,0.12619958817958832,0.12619958817958832,0.12619958817958832,0.12619958817958832,0.004676783457398415,0.004676783457398415,0.004676783457398415,0.004676783457398415,0.0014418646460399032,0.0014418646460399032,0.0014418646460399032,0.0014418646460399032,0.003777718637138605,0.003777718637138605,0.003777718637138605,0.003777718637138605,0.007751127704977989,0.007751127704977989,0.007751127704977989,0.007751127704977989,0.008830278180539608,0.008830278180539608,0.008830278180539608,0.008830278180539608,0.00036052026553079486,0.00036052026553079486,0.00036052026553079486,0.00036052026553079486,0.0044648009352386,0.0044648009352386,0.0044648009352386,0.0044648009352386,0.0033319531939923763,0.0033319531939923763,0.0033319531939923763,0.0033319531939923763,0.0014506978914141655,0.0014506978914141655,0.0014506978914141655,0.0014506978914141655,0.018640529364347458,0.018640529364347458,0.018640529364347458,0.018640529364347458,0.4061161279678345,0.4061161279678345,0.4061161279678345,0.4061161279678345,0.011028992012143135,0.011028992012143135,0.011028992012143135,0.011028992012143135,0.00032018349156714976,0.00032018349156714976,0.00032018349156714976,0.00032018349156714976,0.03826551511883736,0.03826551511883736,0.03826551511883736,0.03826551511883736,0.002077659824863076,0.002077659824863076,0.002077659824863076,0.002077659824863076,0.0032828969415277243,0.0032828969415277243,0.0032828969415277243,0.0032828969415277243,0.1057874858379364,0.1057874858379364,0.1057874858379364,0.1057874858379364,0.11235105246305466,0.11235105246305466,0.11235105246305466,0.11235105246305466
song_f2d23f623a8d6f5bf76ea6360fcde2c59706ecf953032d31f7cc5c3d44aaeb35,success,emotion,classifier-panel-v1,324,1,510,198,198,0ee1e4113bd3ca62b3ae6ce63c209326815e8ab2a3b6aedfd3130d64ebef9841,0ee1e4113bd3ca62b3ae6ce63c209326815e8ab2a3b6aedfd3130d64ebef9841,0.0052345143631100655,0.0052345143631100655,0.0052345143631100655,0.0052345143631100655,0.0069906753487885,0.0069906753487885,0.0069906753487885,0.0069906753487885,0.0017981610726565123,0.0017981610726565123,0.0017981610726565123,0.0017981610726565123,0.004462760407477617,0.004462760407477617,0.004462760407477617,0.004462760407477617,0.02427506446838379,0.02427506446838379,0.02427506446838379,0.02427506446838379,0.00184708833694458,0.00184708833694458,0.00184708833694458,0.00184708833694458,0.0014557538088411093,0.0014557538088411093,0.0014557538088411093,0.0014557538088411093,0.0012844341108575463,0.0012844341108575463,0.0012844341108575463,0.0012844341108575463,0.002908084075897932,0.002908084075897932,0.002908084075897932,0.002908084075897932,0.0025658621452748775,0.0025658621452748775,0.0025658621452748775,0.0025658621452748775,0.0015472288941964507,0.0015472288941964507,0.0015472288941964507,0.0015472288941964507,0.0014051260659471154,0.0014051260659471154,0.0014051260659471154,0.0014051260659471154,0.0010094518074765801,0.0010094518074765801,0.0010094518074765801,0.0010094518074765801,0.025472331792116165,0.025472331792116165,0.025472331792116165,0.025472331792116165,0.002274189842864871,0.002274189842864871,0.002274189842864871,0.002274189842864871,0.0006356920930556953,0.0006356920930556953,0.0006356920930556953,0.0006356920930556953,0.000690782384481281,0.000690782384481281,0.000690782384481281,0.000690782384481281,0.026738544926047325,0.026738544926047325,0.026738544926047325,0.026738544926047325,0.005294461734592915,0.005294461734592915,0.005294461734592915,0.005294461734592915,0.0009283936815336347,0.0009283936815336347,0.0009283936815336347,0.0009283936815336347,0.9273255467414856,0.9273255467414856,0.9273255467414856,0.9273255467414856,0.0031469499226659536,0.0031469499226659536,0.0031469499226659536,0.0031469499226659536,0.0016032005660235882,0.0016032005660235882,0.0016032005660235882,0.0016032005660235882,0.011120062321424484,0.011120062321424484,0.011120062321424484,0.011120062321424484,0.0014612587401643395,0.0014612587401643395,0.0014612587401643395,0.0014612587401643395,0.0005232365219853818,0.0005232365219853818,0.0005232365219853818,0.0005232365219853818,0.0021534468978643417,0.0021534468978643417,0.0021534468978643417,0.0021534468978643417,0.003226878587156534,0.003226878587156534,0.003226878587156534,0.003226878587156534
song_3c3af25ff5690d56f5ebd59c52a0273a923d9b3511e8e0c1970e11cc7cda487c,success,emotion,classifier-panel-v1,364,1,510,242,242,3a7b0a4fd3266faa4cd5f745d6080eabdfa5234ce4315621c70a385426cfdb55,3a7b0a4fd3266faa4cd5f745d6080eabdfa5234ce4315621c70a385426cfdb55,0.07657667994499207,0.07657667994499207,0.07657667994499207,0.07657667994499207,0.0016966921975836158,0.0016966921975836158,0.0016966921975836158,0.0016966921975836158,0.006494724657386541,0.006494724657386541,0.006494724657386541,0.006494724657386541,0.018073419108986855,0.018073419108986855,0.018073419108986855,0.018073419108986855,0.01611865684390068,0.01611865684390068,0.01611865684390068,0.01611865684390068,0.006501568015664816,0.006501568015664816,0.006501568015664816,0.006501568015664816,0.0008552529034204781,0.0008552529034204781,0.0008552529034204781,0.0008552529034204781,0.0007973136380314827,0.0007973136380314827,0.0007973136380314827,0.0007973136380314827,0.013776285573840141,0.013776285573840141,0.013776285573840141,0.013776285573840141,0.14023466408252716,0.14023466408252716,0.14023466408252716,0.14023466408252716,0.008930852636694908,0.008930852636694908,0.008930852636694908,0.008930852636694908,0.0051682209596037865,0.0051682209596037865,0.0051682209596037865,0.0051682209596037865,0.0018987237708643079,0.0018987237708643079,0.0018987237708643079,0.0018987237708643079,0.005189092364162207,0.005189092364162207,0.005189092364162207,0.005189092364162207,0.0040023853071033955,0.0040023853071033955,0.0040023853071033955,0.0040023853071033955,0.0005102904979139566,0.0005102904979139566,0.0005102904979139566,0.0005102904979139566,0.008814324624836445,0.008814324624836445,0.008814324624836445,0.008814324624836445,0.010761212557554245,0.010761212557554245,0.010761212557554245,0.010761212557554245,0.19742919504642487,0.19742919504642487,0.19742919504642487,0.19742919504642487,0.0037044042255729437,0.0037044042255729437,0.0037044042255729437,0.0037044042255729437,0.115205317735672,0.115205317735672,0.115205317735672,0.115205317735672,0.003754480741918087,0.003754480741918087,0.003754480741918087,0.003754480741918087,0.002242268528789282,0.002242268528789282,0.002242268528789282,0.002242268528789282,0.012988125905394554,0.012988125905394554,0.012988125905394554,0.012988125905394554,0.001886060694232583,0.001886060694232583,0.001886060694232583,0.001886060694232583,0.0028686230070888996,0.0028686230070888996,0.0028686230070888996,0.0028686230070888996,0.31654083728790283,0.31654083728790283,0.31654083728790283,0.31654083728790283,0.003683107905089855,0.003683107905089855,0.003683107905089855,0.003683107905089855
song_9d821af9a1e2446b36ca98875f174e35acda58d417c5ae54ee1782d1b5ca2245,success,emotion,classifier-panel-v1,334,1,510,244,244,97d324e6e43657d5ffda2f01753c708bb2d8ade01eae94d3ab9d0b58d0e50df6,97d324e6e43657d5ffda2f01753c708bb2d8ade01eae94d3ab9d0b58d0e50df6,0.014679819345474243,0.014679819345474243,0.014679819345474243,0.014679819345474243,0.000937274016905576,0.000937274016905576,0.000937274016905576,0.000937274016905576,0.005072477273643017,0.005072477273643017,0.005072477273643017,0.005072477273643017,0.008449744433164597,0.008449744433164597,0.008449744433164597,0.008449744433164597,0.050500839948654175,0.050500839948654175,0.050500839948654175,0.050500839948654175,0.5588545799255371,0.5588545799255371,0.5588545799255371,0.5588545799255371,0.0014905943535268307,0.0014905943535268307,0.0014905943535268307,0.0014905943535268307,0.003923514857888222,0.003923514857888222,0.003923514857888222,0.003923514857888222,0.29126864671707153,0.29126864671707153,0.29126864671707153,0.29126864671707153,0.004125668667256832,0.004125668667256832,0.004125668667256832,0.004125668667256832,0.0070343175902962685,0.0070343175902962685,0.0070343175902962685,0.0070343175902962685,0.00203643087297678,0.00203643087297678,0.00203643087297678,0.00203643087297678,0.0007309308857657015,0.0007309308857657015,0.0007309308857657015,0.0007309308857657015,0.007238090503960848,0.007238090503960848,0.007238090503960848,0.007238090503960848,0.0020859462674707174,0.0020859462674707174,0.0020859462674707174,0.0020859462674707174,0.13894324004650116,0.13894324004650116,0.13894324004650116,0.13894324004650116,0.0031723331194370985,0.0031723331194370985,0.0031723331194370985,0.0031723331194370985,0.02325398288667202,0.02325398288667202,0.02325398288667202,0.02325398288667202,0.21964628994464874,0.21964628994464874,0.21964628994464874,0.21964628994464874,0.0022366256453096867,0.0022366256453096867,0.0022366256453096867,0.0022366256453096867,0.07711688429117203,0.07711688429117203,0.07711688429117203,0.07711688429117203,0.046071600168943405,0.046071600168943405,0.046071600168943405,0.046071600168943405,0.002939094789326191,0.002939094789326191,0.002939094789326191,0.002939094789326191,0.0033962747547775507,0.0033962747547775507,0.0033962747547775507,0.0033962747547775507,0.007249079644680023,0.007249079644680023,0.007249079644680023,0.007249079644680023,0.011075247079133987,0.011075247079133987,0.011075247079133987,0.011075247079133987,0.013826915994286537,0.013826915994286537,0.013826915994286537,0.013826915994286537,0.00048329157289117575,0.00048329157289117575,0.00048329157289117575,0.00048329157289117575
song_546ed553b9ad74026dc908d24d608c1b1e265d99490a9ca6b420a65bdf3a3eca,success,emotion,classifier-panel-v1,326,1,510,243,243,9398db50fdef9f906b8bba7f4637a285d5f1444de0228dfdcf5a7d9caa87dec3,9398db50fdef9f906b8bba7f4637a285d5f1444de0228dfdcf5a7d9caa87dec3,0.002758470829576254,0.002758470829576254,0.002758470829576254,0.002758470829576254,0.0023153640795499086,0.0023153640795499086,0.0023153640795499086,0.0023153640795499086,0.059879086911678314,0.059879086911678314,0.059879086911678314,0.059879086911678314,0.08477751910686493,0.08477751910686493,0.08477751910686493,0.08477751910686493,0.015564274042844772,0.015564274042844772,0.015564274042844772,0.015564274042844772,0.02815116010606289,0.02815116010606289,0.02815116010606289,0.02815116010606289,0.012990156188607216,0.012990156188607216,0.012990156188607216,0.012990156188607216,0.022533711045980453,0.022533711045980453,0.022533711045980453,0.022533711045980453,0.0199278574436903,0.0199278574436903,0.0199278574436903,0.0199278574436903,0.25662562251091003,0.25662562251091003,0.25662562251091003,0.25662562251091003,0.0324404314160347,0.0324404314160347,0.0324404314160347,0.0324404314160347,0.013925518840551376,0.013925518840551376,0.013925518840551376,0.013925518840551376,0.004841286223381758,0.004841286223381758,0.004841286223381758,0.004841286223381758,0.002244393341243267,0.002244393341243267,0.002244393341243267,0.002244393341243267,0.009894746355712414,0.009894746355712414,0.009894746355712414,0.009894746355712414,0.00026537751546129584,0.00026537751546129584,0.00026537751546129584,0.00026537751546129584,0.013594471849501133,0.013594471849501133,0.013594471849501133,0.013594471849501133,0.004196000751107931,0.004196000751107931,0.004196000751107931,0.004196000751107931,0.15221120417118073,0.15221120417118073,0.15221120417118073,0.15221120417118073,0.018174974247813225,0.018174974247813225,0.018174974247813225,0.018174974247813225,0.03326816111803055,0.03326816111803055,0.03326816111803055,0.03326816111803055,0.005420440807938576,0.005420440807938576,0.005420440807938576,0.005420440807938576,0.0005292900023050606,0.0005292900023050606,0.0005292900023050606,0.0005292900023050606,0.013219847343862057,0.013219847343862057,0.013219847343862057,0.013219847343862057,0.0015441433060914278,0.0015441433060914278,0.0015441433060914278,0.0015441433060914278,0.015057218261063099,0.015057218261063099,0.015057218261063099,0.015057218261063099,0.7365060448646545,0.7365060448646545,0.7365060448646545,0.7365060448646545,0.0029124661814421415,0.0029124661814421415,0.0029124661814421415,0.0029124661814421415
song_0ae5f6cefc72dd648e4af242ede9fc3a429075b6a2fa40106e6966410ea88dc5,success,emotion,classifier-panel-v1,526,2,510,320,320,3310e1410814685aa1b4a016b1f959501a635777698f4cc64047642382e20561,3310e1410814685aa1b4a016b1f959501a635777698f4cc64047642382e20561,0.6473135948181152,0.5279369056224823,0.6234382569789887,0.5279369056224823,0.0082662682980299,0.005121184862218797,0.00763725161086768,0.005121184862218797,0.0025343287270516157,0.002196044777520001,0.002466671937145293,0.002196044777520001,0.005923455115407705,0.0052792534697800875,0.005794614786282182,0.0052792534697800875,0.11355466395616531,0.11110685020685196,0.11306510120630264,0.11110685020685196,0.0031178321223706007,0.0021243973751552403,0.002919145172927529,0.0021243973751552403,0.0011938187526538968,0.0011399410432204604,0.0011830432107672096,0.0011399410432204604,0.00260740309022367,0.00183628941886127,0.00245318035595119,0.00183628941886127,0.0025451970286667347,0.002092408947646618,0.0024546394124627113,0.002092408947646618,0.0019170665182173252,0.00171614286955446,0.0018768817884847523,0.00171614286955446,0.0030333183240145445,0.002431530272588134,0.0029129607137292624,0.002431530272588134,0.0027124430052936077,0.0018863769946619868,0.0025472298031672834,0.0018863769946619868,0.0006250020232982934,0.0004898255720036104,0.0005979667330393568,0.0004898255720036104,0.12444312870502472,0.06902070669457316,0.11335864430293441,0.06902070669457316,0.0019021996995434165,0.0012665946560446173,0.0017750786908436566,0.0012665946560446173,0.0008775079622864723,0.0005693002167390659,0.000815866413176991,0.0005693002167390659,0.0003333280037622899,0.00030941603472456336,0.00032854560995474456,0.00030941603472456336,0.04049841687083244,0.032863155007362366,0.03897136449813843,0.032863155007362366,0.4595180153846741,0.2569971214979887,0.419013836607337,0.2569971214979887,0.0005665859207510948,0.00038446402322733775,0.0005301615412463434,0.00038446402322733775,0.14803573489189148,0.10669466480612755,0.1397675208747387,0.10669466480612755,0.0033776762429624796,0.003044198267161846,0.003310980647802353,0.003044198267161846,0.004734467715024948,0.0040473631815984845,0.004597046808339655,0.0040473631815984845,0.008117787539958954,0.006639641709625721,0.007822158373892307,0.006639641709625721,0.0012509372318163514,0.001054105581715703,0.0012115709017962218,0.001054105581715703,0.0002124479360645637,0.00016843824414536357,0.00020364599768072367,0.00016843824414536357,0.000844443216919899,0.0007547834247816354,0.0008265112584922463,0.0007547834247816354,0.005403813440352678,0.003472845535725355,0.005017619859427214,0.003472845535725355
song_b10199f4fcf60c75729c81ed97259c8e6aa9673cdcb93acdc6f4171e7cf8d945,success,emotion,classifier-panel-v1,169,1,510,123,123,e728af2ca76a971563b9d859c6f7bb450627bad781cf460efe15745dbe20fea7,e728af2ca76a971563b9d859c6f7bb450627bad781cf460efe15745dbe20fea7,0.6052367091178894,0.6052367091178894,0.6052367091178894,0.6052367091178894,0.0042200698517262936,0.0042200698517262936,0.0042200698517262936,0.0042200698517262936,0.0007257318939082325,0.0007257318939082325,0.0007257318939082325,0.0007257318939082325,0.0018228584667667747,0.0018228584667667747,0.0018228584667667747,0.0018228584667667747,0.0719650536775589,0.0719650536775589,0.0719650536775589,0.0719650536775589,0.0034958391916006804,0.0034958391916006804,0.0034958391916006804,0.0034958391916006804,0.0016401861794292927,0.0016401861794292927,0.0016401861794292927,0.0016401861794292927,0.0037456676363945007,0.0037456676363945007,0.0037456676363945007,0.0037456676363945007,0.006549563724547625,0.006549563724547625,0.006549563724547625,0.006549563724547625,0.002109377644956112,0.002109377644956112,0.002109377644956112,0.002109377644956112,0.0018437718972563744,0.0018437718972563744,0.0018437718972563744,0.0018437718972563744,0.0007682853029109538,0.0007682853029109538,0.0007682853029109538,0.0007682853029109538,0.000399220734834671,0.000399220734834671,0.000399220734834671,0.000399220734834671,0.2411613017320633,0.2411613017320633,0.2411613017320633,0.2411613017320633,0.0037010761443525553,0.0037010761443525553,0.0037010761443525553,0.0037010761443525553,0.002044528955593705,0.002044528955593705,0.002044528955593705,0.002044528955593705,0.0009421230060979724,0.0009421230060979724,0.0009421230060979724,0.0009421230060979724,0.10400302708148956,0.10400302708148956,0.10400302708148956,0.10400302708148956,0.0816611498594284,0.0816611498594284,0.0816611498594284,0.0816611498594284,0.0016755890101194382,0.0016755890101194382,0.0016755890101194382,0.0016755890101194382,0.03869589418172836,0.03869589418172836,0.03869589418172836,0.03869589418172836,0.018215244635939598,0.018215244635939598,0.018215244635939598,0.018215244635939598,0.007909050211310387,0.007909050211310387,0.007909050211310387,0.007909050211310387,0.01034793071448803,0.01034793071448803,0.01034793071448803,0.01034793071448803,0.003285536542534828,0.003285536542534828,0.003285536542534828,0.003285536542534828,0.0002947030297946185,0.0002947030297946185,0.0002947030297946185,0.0002947030297946185,0.0024769785813987255,0.0024769785813987255,0.0024769785813987255,0.0024769785813987255,0.016628306359052658,0.016628306359052658,0.016628306359052658,0.016628306359052658
song_a84a10eb92bed9d061cf1c2808e9ed888d108308663802e0618fbb34a235137c,success,emotion,classifier-panel-v1,412,1,510,304,304,ff606ef35f1d229632789e458aee4c7d16547a40ee39858937cd010e4b6a1f9a,ff606ef35f1d229632789e458aee4c7d16547a40ee39858937cd010e4b6a1f9a,0.0022747707553207874,0.0022747707553207874,0.0022747707553207874,0.0022747707553207874,0.0017108918400481343,0.0017108918400481343,0.0017108918400481343,0.0017108918400481343,0.008297532796859741,0.008297532796859741,0.008297532796859741,0.008297532796859741,0.11809446662664413,0.11809446662664413,0.11809446662664413,0.11809446662664413,0.01991642825305462,0.01991642825305462,0.01991642825305462,0.01991642825305462,0.0019355944823473692,0.0019355944823473692,0.0019355944823473692,0.0019355944823473692,0.014847556129097939,0.014847556129097939,0.014847556129097939,0.014847556129097939,0.06464734673500061,0.06464734673500061,0.06464734673500061,0.06464734673500061,0.002255868399515748,0.002255868399515748,0.002255868399515748,0.002255868399515748,0.32561683654785156,0.32561683654785156,0.32561683654785156,0.32561683654785156,0.013673880137503147,0.013673880137503147,0.013673880137503147,0.013673880137503147,0.0031720208935439587,0.0031720208935439587,0.0031720208935439587,0.0031720208935439587,0.007392702158540487,0.007392702158540487,0.007392702158540487,0.007392702158540487,0.004240147303789854,0.004240147303789854,0.004240147303789854,0.004240147303789854,0.004396010190248489,0.004396010190248489,0.004396010190248489,0.004396010190248489,5.8742985856952146e-05,5.8742985856952146e-05,5.8742985856952146e-05,5.8742985856952146e-05,0.0021814724896103144,0.0021814724896103144,0.0021814724896103144,0.0021814724896103144,0.0024396588560193777,0.0024396588560193777,0.0024396588560193777,0.0024396588560193777,0.0008168323547579348,0.0008168323547579348,0.0008168323547579348,0.0008168323547579348,0.007896719500422478,0.007896719500422478,0.007896719500422478,0.007896719500422478,0.3740905523300171,0.3740905523300171,0.3740905523300171,0.3740905523300171,0.009177250787615776,0.009177250787615776,0.009177250787615776,0.009177250787615776,0.000445148820290342,0.000445148820290342,0.000445148820290342,0.000445148820290342,0.03476614132523537,0.03476614132523537,0.03476614132523537,0.03476614132523537,0.0015895057003945112,0.0015895057003945112,0.0015895057003945112,0.0015895057003945112,0.0012222076766192913,0.0012222076766192913,0.0012222076766192913,0.0012222076766192913,0.04694913700222969,0.04694913700222969,0.04694913700222969,0.04694913700222969,0.04317096248269081,0.04317096248269081,0.04317096248269081,0.04317096248269081
song_e850a0ebd5865cbcde0d7358f03fb5b1793e1d046b07f23d6f6f42c012be6355,success,emotion,classifier-panel-v1,333,1,510,260,260,1550b4edd6c865de6f3a8277f6ad5dc3f8d936cb074ba5f76f7c9a424fe8f5b1,1550b4edd6c865de6f3a8277f6ad5dc3f8d936cb074ba5f76f7c9a424fe8f5b1,0.013499990105628967,0.013499990105628967,0.013499990105628967,0.013499990105628967,0.007889109663665295,0.007889109663665295,0.007889109663665295,0.007889109663665295,0.028055734932422638,0.028055734932422638,0.028055734932422638,0.028055734932422638,0.01466120220720768,0.01466120220720768,0.01466120220720768,0.01466120220720768,0.017169691622257233,0.017169691622257233,0.017169691622257233,0.017169691622257233,0.07191743701696396,0.07191743701696396,0.07191743701696396,0.07191743701696396,0.026705197989940643,0.026705197989940643,0.026705197989940643,0.026705197989940643,0.06293682754039764,0.06293682754039764,0.06293682754039764,0.06293682754039764,0.153065487742424,0.153065487742424,0.153065487742424,0.153065487742424,0.040652357041835785,0.040652357041835785,0.040652357041835785,0.040652357041835785,0.031145460903644562,0.031145460903644562,0.031145460903644562,0.031145460903644562,0.007551006507128477,0.007551006507128477,0.007551006507128477,0.007551006507128477,0.002576312515884638,0.002576312515884638,0.002576312515884638,0.002576312515884638,0.010866264812648296,0.010866264812648296,0.010866264812648296,0.010866264812648296,0.018371520563960075,0.018371520563960075,0.018371520563960075,0.018371520563960075,0.007854235358536243,0.007854235358536243,0.007854235358536243,0.007854235358536243,0.006813179235905409,0.006813179235905409,0.006813179235905409,0.006813179235905409,0.021630609408020973,0.021630609408020973,0.021630609408020973,0.021630609408020973,0.9718871712684631,0.9718871712684631,0.9718871712684631,0.9718871712684631,0.012061414308845997,0.012061414308845997,0.012061414308845997,0.012061414308845997,0.00962828565388918,0.00962828565388918,0.00962828565388918,0.00962828565388918,0.21879629790782928,0.21879629790782928,0.21879629790782928,0.21879629790782928,0.001012910739518702,0.001012910739518702,0.001012910739518702,0.001012910739518702,0.015244727022945881,0.015244727022945881,0.015244727022945881,0.015244727022945881,0.0021369114983826876,0.0021369114983826876,0.0021369114983826876,0.0021369114983826876,0.027555834501981735,0.027555834501981735,0.027555834501981735,0.027555834501981735,0.08530651032924652,0.08530651032924652,0.08530651032924652,0.08530651032924652,0.012059931643307209,0.012059931643307209,0.012059931643307209,0.012059931643307209
song_85e6b8fd6d29f033e4eb7cb7429a786911bc55d88ba57c397123fb7cb5ff9c89,success,emotion,classifier-panel-v1,264,1,510,193,193,74391f6fc75c3b0b2e6de9b827d8167d1c7b3436d4e00d48f2e8fba97d529974,74391f6fc75c3b0b2e6de9b827d8167d1c7b3436d4e00d48f2e8fba97d529974,0.023336507380008698,0.023336507380008698,0.023336507380008698,0.023336507380008698,0.002107237698510289,0.002107237698510289,0.002107237698510289,0.002107237698510289,0.006265988107770681,0.006265988107770681,0.006265988107770681,0.006265988107770681,0.038554076105356216,0.038554076105356216,0.038554076105356216,0.038554076105356216,0.014485836029052734,0.014485836029052734,0.014485836029052734,0.014485836029052734,0.0027472900692373514,0.0027472900692373514,0.0027472900692373514,0.0027472900692373514,0.0019506800454109907,0.0019506800454109907,0.0019506800454109907,0.0019506800454109907,0.0035825115628540516,0.0035825115628540516,0.0035825115628540516,0.0035825115628540516,0.5000554919242859,0.5000554919242859,0.5000554919242859,0.5000554919242859,0.10561825335025787,0.10561825335025787,0.10561825335025787,0.10561825335025787,0.007706374861299992,0.007706374861299992,0.007706374861299992,0.007706374861299992,0.008657967671751976,0.008657967671751976,0.008657967671751976,0.008657967671751976,0.0025844441261142492,0.0025844441261142492,0.0025844441261142492,0.0025844441261142492,0.014988326467573643,0.014988326467573643,0.014988326467573643,0.014988326467573643,0.0022978419438004494,0.0022978419438004494,0.0022978419438004494,0.0022978419438004494,0.0004299308347981423,0.0004299308347981423,0.0004299308347981423,0.0004299308347981423,0.0033875673543661833,0.0033875673543661833,0.0033875673543661833,0.0033875673543661833,0.009664135053753853,0.009664135053753853,0.009664135053753853,0.009664135053753853,0.020107492804527283,0.020107492804527283,0.020107492804527283,0.020107492804527283,0.004036128055304289,0.004036128055304289,0.004036128055304289,0.004036128055304289,0.1684853583574295,0.1684853583574295,0.1684853583574295,0.1684853583574295,0.006549476645886898,0.006549476645886898,0.006549476645886898,0.006549476645886898,0.0025707336608320475,0.0025707336608320475,0.0025707336608320475,0.0025707336608320475,0.013400096446275711,0.013400096446275711,0.013400096446275711,0.013400096446275711,0.0018309541046619415,0.0018309541046619415,0.0018309541046619415,0.0018309541046619415,0.0023494097404181957,0.0023494097404181957,0.0023494097404181957,0.0023494097404181957,0.0558537095785141,0.0558537095785141,0.0558537095785141,0.0558537095785141,0.006328610237687826,0.006328610237687826,0.006328610237687826,0.006328610237687826
song_4db06392bfcf969f7324a5b9dc24bde01061fbef474f64154ea5b116a503c454,success,emotion,classifier-panel-v1,365,1,510,267,267,5b7acfdb26019dc618895141d31a3d193c4eab8275f8ab84990aafe10025766c,5b7acfdb26019dc618895141d31a3d193c4eab8275f8ab84990aafe10025766c,0.0008967338362708688,0.0008967338362708688,0.0008967338362708688,0.0008967338362708688,0.022197114303708076,0.022197114303708076,0.022197114303708076,0.022197114303708076,0.0034278312232345343,0.0034278312232345343,0.0034278312232345343,0.0034278312232345343,0.04024840146303177,0.04024840146303177,0.04024840146303177,0.04024840146303177,0.009038621559739113,0.009038621559739113,0.009038621559739113,0.009038621559739113,0.0032008171547204256,0.0032008171547204256,0.0032008171547204256,0.0032008171547204256,0.09425365924835205,0.09425365924835205,0.09425365924835205,0.09425365924835205,0.14068977534770966,0.14068977534770966,0.14068977534770966,0.14068977534770966,0.006390143185853958,0.006390143185853958,0.006390143185853958,0.006390143185853958,0.12703214585781097,0.12703214585781097,0.12703214585781097,0.12703214585781097,0.033365484327077866,0.033365484327077866,0.033365484327077866,0.033365484327077866,0.0014369332930073142,0.0014369332930073142,0.0014369332930073142,0.0014369332930073142,0.004077198915183544,0.004077198915183544,0.004077198915183544,0.004077198915183544,0.003558682044968009,0.003558682044968009,0.003558682044968009,0.003558682044968009,0.005078263580799103,0.005078263580799103,0.005078263580799103,0.005078263580799103,0.00010565560660324991,0.00010565560660324991,0.00010565560660324991,0.00010565560660324991,0.001695453654974699,0.001695453654974699,0.001695453654974699,0.001695453654974699,0.008626441471278667,0.008626441471278667,0.008626441471278667,0.008626441471278667,0.0008058014791458845,0.0008058014791458845,0.0008058014791458845,0.0008058014791458845,0.008955399505794048,0.008955399505794048,0.008955399505794048,0.008955399505794048,0.401444673538208,0.401444673538208,0.401444673538208,0.401444673538208,0.030076347291469574,0.030076347291469574,0.030076347291469574,0.030076347291469574,0.00028924550861120224,0.00028924550861120224,0.00028924550861120224,0.00028924550861120224,0.02984321489930153,0.02984321489930153,0.02984321489930153,0.02984321489930153,0.0016982119996100664,0.0016982119996100664,0.0016982119996100664,0.0016982119996100664,0.0017661484889686108,0.0017661484889686108,0.0017661484889686108,0.0017661484889686108,0.0242760069668293,0.0242760069668293,0.0242760069668293,0.0242760069668293,0.015938637778162956,0.015938637778162956,0.015938637778162956,0.015938637778162956
song_998bc37c190dff49fde971e79accf4badc8b6cfaf976b48a0ee35395bfbd062d,success,emotion,classifier-panel-v1,576,2,510,349,349,e6b51130e8f2916ecc678063f1636030ff340dfcb6bd02955f28adffa45029ee,e6b51130e8f2916ecc678063f1636030ff340dfcb6bd02955f28adffa45029ee,0.011711550876498222,0.0112582603469491,0.011620892770588398,0.0112582603469491,0.06216226890683174,0.049743348732590675,0.05967848487198353,0.049743348732590675,0.0013663553399965167,0.001273417321499437,0.0013477677362971007,0.001273417321499437,0.004872133489698172,0.004557432373985648,0.004809193266555667,0.004557432373985648,0.15455667674541473,0.10910080000758171,0.14546550139784814,0.10910080000758171,0.0025528278201818466,0.0023892958415672183,0.002520121424458921,0.0023892958415672183,0.0019559527281671762,0.0018052994273602962,0.0019258220680058002,0.0018052994273602962,0.0020666588097810745,0.002024390152655542,0.002058205078355968,0.002024390152655542,0.0025584932882338762,0.002470659324899316,0.002540926495566964,0.002470659324899316,0.0015706276753917336,0.0012526829086709768,0.0015070387220475824,0.0012526829086709768,0.0019329708302393556,0.0018833207432180643,0.0019230408128350974,0.0018833207432180643,0.0007558625075034797,0.0007060677744448185,0.0007459035608917475,0.0007060677744448185,0.0007780667510814965,0.0005756437458330765,0.0007375821500318126,0.0005756437458330765,0.10604788362979889,0.08141362480819225,0.10112103186547756,0.08141362480819225,0.0006804771837778389,0.0006251412269193679,0.0006694099924061447,0.0006251412269193679,0.001284817699342966,0.0010965998226311058,0.001247174124000594,0.0010965998226311058,0.0004890005802735686,0.00037932467239443213,0.00046706539869774134,0.00037932467239443213,0.503711998462677,0.34991423785686493,0.4729524463415146,0.34991423785686493,0.006581660360097885,0.004977776086889207,0.006260883505456149,0.004977776086889207,0.001232185517437756,0.0009279454534407705,0.001171337504638359,0.0009279454534407705,0.5592535734176636,0.43964576721191406,0.5353320121765137,0.43964576721191406,0.007804345339536667,0.006159624317660928,0.007475401135161519,0.006159624317660928,0.003083568997681141,0.0025352786760777235,0.0029739109333604572,0.0025352786760777235,0.013119165785610676,0.010822838172316551,0.012659900262951851,0.010822838172316551,0.006506248377263546,0.0051663300255313516,0.006238264706917107,0.0051663300255313516,0.0003108688397333026,0.00025389597431058064,0.0002994742666487582,0.00025389597431058064,0.0013711648061871529,0.0010215120564680547,0.0013012342562433333,0.0010215120564680547,0.002264556009322405,0.0016124910325743258,0.002134143013972789,0.0016124910325743258
song_dd485d25877ca1180d8dfe3c9fd36a556c930b5c2f8cf45973c034db9ddaf484,success,emotion,classifier-panel-v1,490,1,510,370,370,44a31895c5882a530e97940a2f8cd853412fd30e2b977f7c30ca64dcee02c6a5,44a31895c5882a530e97940a2f8cd853412fd30e2b977f7c30ca64dcee02c6a5,0.001403059926815331,0.001403059926815331,0.001403059926815331,0.001403059926815331,0.0012649899581447244,0.0012649899581447244,0.0012649899581447244,0.0012649899581447244,0.004479032475501299,0.004479032475501299,0.004479032475501299,0.004479032475501299,0.011928828433156013,0.011928828433156013,0.011928828433156013,0.011928828433156013,0.024601871147751808,0.024601871147751808,0.024601871147751808,0.024601871147751808,0.05002285912632942,0.05002285912632942,0.05002285912632942,0.05002285912632942,0.03156721964478493,0.03156721964478493,0.03156721964478493,0.03156721964478493,0.013154668733477592,0.013154668733477592,0.013154668733477592,0.013154668733477592,0.07419786602258682,0.07419786602258682,0.07419786602258682,0.07419786602258682,0.14998063445091248,0.14998063445091248,0.14998063445091248,0.14998063445091248,0.006778763607144356,0.006778763607144356,0.006778763607144356,0.006778763607144356,0.002557409228757024,0.002557409228757024,0.002557409228757024,0.002557409228757024,0.003401336958631873,0.003401336958631873,0.003401336958631873,0.003401336958631873,0.0026361483614891768,0.0026361483614891768,0.0026361483614891768,0.0026361483614891768,0.013106688857078552,0.013106688857078552,0.013106688857078552,0.013106688857078552,0.0007393767009489238,0.0007393767009489238,0.0007393767009489238,0.0007393767009489238,0.013832157477736473,0.013832157477736473,0.013832157477736473,0.013832157477736473,0.005189063027501106,0.005189063027501106,0.005189063027501106,0.005189063027501106,0.09423639625310898,0.09423639625310898,0.09423639625310898,0.09423639625310898,0.03404355049133301,0.03404355049133301,0.03404355049133301,0.03404355049133301,0.11857050657272339,0.11857050657272339,0.11857050657272339,0.11857050657272339,0.031305331736803055,0.031305331736803055,0.031305331736803055,0.031305331736803055,0.0007407586090266705,0.0007407586090266705,0.0007407586090266705,0.0007407586090266705,0.028587836772203445,0.028587836772203445,0.028587836772203445,0.028587836772203445,0.0036223565693944693,0.0036223565693944693,0.0036223565693944693,0.0036223565693944693,0.09572185575962067,0.09572185575962067,0.09572185575962067,0.09572185575962067,0.5469269752502441,0.5469269752502441,0.5469269752502441,0.5469269752502441,0.0032084754202514887,0.0032084754202514887,0.0032084754202514887,0.0032084754202514887
song_97cfc67489dd849a26253fcdefcaff63ecc2b80e39a5a4b394c09a496e723f59,success,emotion,classifier-panel-v1,780,2,510,544,544,aba667bab7bddcfb779f882997eb7e9f6378c7babd8919ebcfbf7022eabe6e53,aba667bab7bddcfb779f882997eb7e9f6378c7babd8919ebcfbf7022eabe6e53,0.017824914306402206,0.010945246322080493,0.016448980709537864,0.010945246322080493,0.003222322091460228,0.002279771084431559,0.0030338118900544945,0.002279771084431559,0.009383308701217175,0.0074709150940179825,0.009000829979777336,0.0074709150940179825,0.01774228923022747,0.015705515630543232,0.017334934510290622,0.015705515630543232,0.07385067641735077,0.0528306495398283,0.06964667104184627,0.0528306495398283,0.011321277357637882,0.008966087363660336,0.010850239358842374,0.008966087363660336,0.008119887672364712,0.004422758414875716,0.007380461820866913,0.004422758414875716,0.023691488429903984,0.01226924653747119,0.021407040051417425,0.01226924653747119,0.018009420484304428,0.01724521815776825,0.017856580018997193,0.01724521815776825,0.010909358970820904,0.010002775583416224,0.010728042293339967,0.010002775583416224,0.003926764242351055,0.0038642301224172115,0.003914257418364287,0.0038642301224172115,0.0033987064380198717,0.0033845220459625125,0.0033958695596083997,0.0033845220459625125,0.0014141821302473545,0.0011570508941076696,0.0013627558830194176,0.0011570508941076696,0.02129138447344303,0.01763978973031044,0.020561065524816513,0.01763978973031044,0.002635873854160309,0.0019643890555016696,0.002501576894428581,0.0019643890555016696,0.0005498637328855693,0.00036045628075953573,0.0005119822424603626,0.00036045628075953573,0.0009754865895956755,0.0008661386964377016,0.0009536170109640807,0.0008661386964377016,0.02704487554728985,0.020099205896258354,0.02565574161708355,0.020099205896258354,0.77150958776474,0.7529041767120361,0.7677885055541992,0.7529041767120361,0.002349869115278125,0.0017361284117214382,0.0022271209745667875,0.0017361284117214382,0.24478009343147278,0.21794262528419495,0.2394125998020172,0.21794262528419495,0.006599287036806345,0.006554054794833064,0.006590240588411689,0.006554054794833064,0.0019027148373425007,0.0011588047782424837,0.0017539328255224973,0.0011588047782424837,0.008780275471508503,0.0074023897759616375,0.00850469833239913,0.0074023897759616375,0.0017559578409418464,0.001237153948750347,0.0016521970625035464,0.001237153948750347,0.0014056800864636898,0.0011138667177874595,0.0013473174127284437,0.0011138667177874595,0.009951713494956493,0.007881158264353871,0.00953760244883597,0.007881158264353871,0.004244518466293812,0.002765457611531019,0.003948706295341253,0.002765457611531019
song_e0a36a17d8a781eb85e23d922f0348860628a7b53cfa659379924565775bb4b5,success,emotion,classifier-panel-v1,464,1,510,332,332,f5ac341ab7e369a0a144ae7c07f6059edd83fc6fbcb5ca04a698421dd613abec,f5ac341ab7e369a0a144ae7c07f6059edd83fc6fbcb5ca04a698421dd613abec,0.000999807845801115,0.000999807845801115,0.000999807845801115,0.000999807845801115,0.0012130198301747441,0.0012130198301747441,0.0012130198301747441,0.0012130198301747441,0.12532588839530945,0.12532588839530945,0.12532588839530945,0.12532588839530945,0.4619198739528656,0.4619198739528656,0.4619198739528656,0.4619198739528656,0.016994070261716843,0.016994070261716843,0.016994070261716843,0.016994070261716843,0.004251384176313877,0.004251384176313877,0.004251384176313877,0.004251384176313877,0.02779671736061573,0.02779671736061573,0.02779671736061573,0.02779671736061573,0.02626039832830429,0.02626039832830429,0.02626039832830429,0.02626039832830429,0.0019577667117118835,0.0019577667117118835,0.0019577667117118835,0.0019577667117118835,0.0552033893764019,0.0552033893764019,0.0552033893764019,0.0552033893764019,0.24226556718349457,0.24226556718349457,0.24226556718349457,0.24226556718349457,0.01048402488231659,0.01048402488231659,0.01048402488231659,0.01048402488231659,0.004869993310421705,0.004869993310421705,0.004869993310421705,0.004869993310421705,0.0009108203230425715,0.0009108203230425715,0.0009108203230425715,0.0009108203230425715,0.0018563591875135899,0.0018563591875135899,0.0018563591875135899,0.0018563591875135899,0.00018865834863390774,0.00018865834863390774,0.00018865834863390774,0.00018865834863390774,0.000659221492242068,0.000659221492242068,0.000659221492242068,0.000659221492242068,0.0008110347553156316,0.0008110347553156316,0.0008110347553156316,0.0008110347553156316,0.0007998667424544692,0.0007998667424544692,0.0007998667424544692,0.0007998667424544692,0.001739571220241487,0.001739571220241487,0.001739571220241487,0.001739571220241487,0.3287479281425476,0.3287479281425476,0.3287479281425476,0.3287479281425476,0.00312557490542531,0.00312557490542531,0.00312557490542531,0.00312557490542531,0.0003112591220997274,0.0003112591220997274,0.0003112591220997274,0.0003112591220997274,0.00940078403800726,0.00940078403800726,0.00940078403800726,0.00940078403800726,0.0003967375960201025,0.0003967375960201025,0.0003967375960201025,0.0003967375960201025,0.0006972189876250923,0.0006972189876250923,0.0006972189876250923,0.0006972189876250923,0.006057505030184984,0.006057505030184984,0.006057505030184984,0.006057505030184984,0.002365273190662265,0.002365273190662265,0.002365273190662265,0.002365273190662265
song_1412311414a73f8a8432337045a7f785b4dab467abd618d008b2ae0948df2b24,success,emotion,classifier-panel-v1,489,1,510,340,340,c3e9036e09adee353d2fb23239719248a5f4c21960e04cae22e272ef77120a87,c3e9036e09adee353d2fb23239719248a5f4c21960e04cae22e272ef77120a87,0.0015905889449641109,0.0015905889449641109,0.0015905889449641109,0.0015905889449641109,0.0008264800417236984,0.0008264800417236984,0.0008264800417236984,0.0008264800417236984,0.005793807562440634,0.005793807562440634,0.005793807562440634,0.005793807562440634,0.01305412594228983,0.01305412594228983,0.01305412594228983,0.01305412594228983,0.00977512076497078,0.00977512076497078,0.00977512076497078,0.00977512076497078,0.00916333869099617,0.00916333869099617,0.00916333869099617,0.00916333869099617,0.04164957255125046,0.04164957255125046,0.04164957255125046,0.04164957255125046,0.3628847599029541,0.3628847599029541,0.3628847599029541,0.3628847599029541,0.10788765549659729,0.10788765549659729,0.10788765549659729,0.10788765549659729,0.02188398316502571,0.02188398316502571,0.02188398316502571,0.02188398316502571,0.006248926743865013,0.006248926743865013,0.006248926743865013,0.006248926743865013,0.0019840325694531202,0.0019840325694531202,0.0019840325694531202,0.0019840325694531202,0.0011204674374312162,0.0011204674374312162,0.0011204674374312162,0.0011204674374312162,0.0057254997082054615,0.0057254997082054615,0.0057254997082054615,0.0057254997082054615,0.003736009355634451,0.003736009355634451,0.003736009355634451,0.003736009355634451,0.0002473198692314327,0.0002473198692314327,0.0002473198692314327,0.0002473198692314327,0.0014305924996733665,0.0014305924996733665,0.0014305924996733665,0.0014305924996733665,0.0016660253750160336,0.0016660253750160336,0.0016660253750160336,0.0016660253750160336,0.0576208233833313,0.0576208233833313,0.0576208233833313,0.0576208233833313,0.002946155611425638,0.002946155611425638,0.002946155611425638,0.002946155611425638,0.3023293614387512,0.3023293614387512,0.3023293614387512,0.3023293614387512,0.010674256831407547,0.010674256831407547,0.010674256831407547,0.010674256831407547,0.00013872855925001204,0.00013872855925001204,0.00013872855925001204,0.00013872855925001204,0.005034885834902525,0.005034885834902525,0.005034885834902525,0.005034885834902525,0.0004115533665753901,0.0004115533665753901,0.0004115533665753901,0.0004115533665753901,0.003306169295683503,0.003306169295683503,0.003306169295683503,0.003306169295683503,0.02312653325498104,0.02312653325498104,0.02312653325498104,0.02312653325498104,0.007210897281765938,0.007210897281765938,0.007210897281765938,0.007210897281765938
song_120331d2247754424d30484b3670c2d5c1ce827e7072814177b00993de5c5d32,success,emotion,classifier-panel-v1,183,1,510,133,133,f945a430a894028fda2ebbe7467094a60bdc688b4cdd58844ebf4c6ab7df8e83,f945a430a894028fda2ebbe7467094a60bdc688b4cdd58844ebf4c6ab7df8e83,0.0023668974172323942,0.0023668974172323942,0.0023668974172323942,0.0023668974172323942,0.0016668075695633888,0.0016668075695633888,0.0016668075695633888,0.0016668075695633888,0.0009949194500222802,0.0009949194500222802,0.0009949194500222802,0.0009949194500222802,0.00747791538015008,0.00747791538015008,0.00747791538015008,0.00747791538015008,0.019257232546806335,0.019257232546806335,0.019257232546806335,0.019257232546806335,0.013811669312417507,0.013811669312417507,0.013811669312417507,0.013811669312417507,0.0011095047229900956,0.0011095047229900956,0.0011095047229900956,0.0011095047229900956,0.000699028663802892,0.000699028663802892,0.000699028663802892,0.000699028663802892,0.09485488384962082,0.09485488384962082,0.09485488384962082,0.09485488384962082,0.02875887043774128,0.02875887043774128,0.02875887043774128,0.02875887043774128,0.006891925353556871,0.006891925353556871,0.006891925353556871,0.006891925353556871,0.0012109183007851243,0.0012109183007851243,0.0012109183007851243,0.0012109183007851243,0.0006468607462011278,0.0006468607462011278,0.0006468607462011278,0.0006468607462011278,0.0028009696397930384,0.0028009696397930384,0.0028009696397930384,0.0028009696397930384,0.0035389941185712814,0.0035389941185712814,0.0035389941185712814,0.0035389941185712814,0.0015359078533947468,0.0015359078533947468,0.0015359078533947468,0.0015359078533947468,0.0012909404467791319,0.0012909404467791319,0.0012909404467791319,0.0012909404467791319,0.007085268851369619,0.007085268851369619,0.007085268851369619,0.007085268851369619,0.0014178588753566146,0.0014178588753566146,0.0014178588753566146,0.0014178588753566146,0.0032449362333863974,0.0032449362333863974,0.0032449362333863974,0.0032449362333863974,0.5407466292381287,0.5407466292381287,0.5407466292381287,0.5407466292381287,0.2768534719944,0.2768534719944,0.2768534719944,0.2768534719944,0.001385762239806354,0.001385762239806354,0.001385762239806354,0.001385762239806354,0.01406619232147932,0.01406619232147932,0.01406619232147932,0.01406619232147932,0.003244236344471574,0.003244236344471574,0.003244236344471574,0.003244236344471574,0.002574186073616147,0.002574186073616147,0.002574186073616147,0.002574186073616147,0.017802154645323753,0.017802154645323753,0.017802154645323753,0.017802154645323753,0.0009551210678182542,0.0009551210678182542,0.0009551210678182542,0.0009551210678182542
song_78c324bb1753edee02a96e81fa7c91ef1a4f1af07ad7ab4255aea291c7478be7,success,emotion,classifier-panel-v1,261,1,510,197,197,2f9298cc68f3d392d1c6a354ab91ced7c5c6aca30507851e3a4973ee65b66cea,2f9298cc68f3d392d1c6a354ab91ced7c5c6aca30507851e3a4973ee65b66cea,0.04041177034378052,0.04041177034378052,0.04041177034378052,0.04041177034378052,0.0012419819831848145,0.0012419819831848145,0.0012419819831848145,0.0012419819831848145,0.003191789612174034,0.003191789612174034,0.003191789612174034,0.003191789612174034,0.0032812762074172497,0.0032812762074172497,0.0032812762074172497,0.0032812762074172497,0.04727386683225632,0.04727386683225632,0.04727386683225632,0.04727386683225632,0.01475201454013586,0.01475201454013586,0.01475201454013586,0.01475201454013586,0.012354135513305664,0.012354135513305664,0.012354135513305664,0.012354135513305664,0.03164255991578102,0.03164255991578102,0.03164255991578102,0.03164255991578102,0.008637601509690285,0.008637601509690285,0.008637601509690285,0.008637601509690285,0.002191194798797369,0.002191194798797369,0.002191194798797369,0.002191194798797369,0.0029071206226944923,0.0029071206226944923,0.0029071206226944923,0.0029071206226944923,0.0010673231445252895,0.0010673231445252895,0.0010673231445252895,0.0010673231445252895,0.00043760440894402564,0.00043760440894402564,0.00043760440894402564,0.00043760440894402564,0.009849117137491703,0.009849117137491703,0.009849117137491703,0.009849117137491703,0.0019662983249872923,0.0019662983249872923,0.0019662983249872923,0.0019662983249872923,0.0024335067719221115,0.0024335067719221115,0.0024335067719221115,0.0024335067719221115,0.000555636128410697,0.000555636128410697,0.000555636128410697,0.000555636128410697,0.014569935388863087,0.014569935388863087,0.014569935388863087,0.014569935388863087,0.9265157580375671,0.9265157580375671,0.9265157580375671,0.9265157580375671,0.0011499773245304823,0.0011499773245304823,0.0011499773245304823,0.0011499773245304823,0.03991226479411125,0.03991226479411125,0.03991226479411125,0.03991226479411125,0.011987912468612194,0.011987912468612194,0.011987912468612194,0.011987912468612194,0.00047950720181688666,0.00047950720181688666,0.00047950720181688666,0.00047950720181688666,0.0060064904391765594,0.0060064904391765594,0.0060064904391765594,0.0060064904391765594,0.0006288164295256138,0.0006288164295256138,0.0006288164295256138,0.0006288164295256138,0.0012682974338531494,0.0012682974338531494,0.0012682974338531494,0.0012682974338531494,0.0026162746362388134,0.0026162746362388134,0.0026162746362388134,0.0026162746362388134,0.0032457460183650255,0.0032457460183650255,0.0032457460183650255,0.0032457460183650255
song_f808ae4b4563a70d26400ffefa5cf76248b7c2025e1b427ec117cf0e0aee87de,success,emotion,classifier-panel-v1,483,1,510,357,357,162aa0fd04e69ac9b264d945c4b5fc067d17769fdb2a487bffc7cde87c75765b,162aa0fd04e69ac9b264d945c4b5fc067d17769fdb2a487bffc7cde87c75765b,0.003558763302862644,0.003558763302862644,0.003558763302862644,0.003558763302862644,0.0007585244020447135,0.0007585244020447135,0.0007585244020447135,0.0007585244020447135,0.0009248172864317894,0.0009248172864317894,0.0009248172864317894,0.0009248172864317894,0.006111680995672941,0.006111680995672941,0.006111680995672941,0.006111680995672941,0.06470896303653717,0.06470896303653717,0.06470896303653717,0.06470896303653717,0.004431646317243576,0.004431646317243576,0.004431646317243576,0.004431646317243576,0.005459968466311693,0.005459968466311693,0.005459968466311693,0.005459968466311693,0.0173301063477993,0.0173301063477993,0.0173301063477993,0.0173301063477993,0.020685676485300064,0.020685676485300064,0.020685676485300064,0.020685676485300064,0.0027185226790606976,0.0027185226790606976,0.0027185226790606976,0.0027185226790606976,0.002292706398293376,0.002292706398293376,0.002292706398293376,0.002292706398293376,0.0005237482255324721,0.0005237482255324721,0.0005237482255324721,0.0005237482255324721,0.00017833249876275659,0.00017833249876275659,0.00017833249876275659,0.00017833249876275659,0.006132462993264198,0.006132462993264198,0.006132462993264198,0.006132462993264198,0.000682286627124995,0.000682286627124995,0.000682286627124995,0.000682286627124995,0.00019386403437238187,0.00019386403437238187,0.00019386403437238187,0.00019386403437238187,0.0002515064843464643,0.0002515064843464643,0.0002515064843464643,0.0002515064843464643,0.0034356198739260435,0.0034356198739260435,0.0034356198739260435,0.0034356198739260435,0.0014447778230533004,0.0014447778230533004,0.0014447778230533004,0.0014447778230533004,0.0005508586182259023,0.0005508586182259023,0.0005508586182259023,0.0005508586182259023,0.8404248356819153,0.8404248356819153,0.8404248356819153,0.8404248356819153,0.021370887756347656,0.021370887756347656,0.021370887756347656,0.021370887756347656,0.0004147410800214857,0.0004147410800214857,0.0004147410800214857,0.0004147410800214857,0.007433109916746616,0.007433109916746616,0.007433109916746616,0.007433109916746616,0.0007482004584744573,0.0007482004584744573,0.0007482004584744573,0.0007482004584744573,0.00021894695237278938,0.00021894695237278938,0.00021894695237278938,0.00021894695237278938,0.0012974716955795884,0.0012974716955795884,0.0012974716955795884,0.0012974716955795884,0.001102680922485888,0.001102680922485888,0.001102680922485888,0.001102680922485888
song_4881f8befad3c29b4557c7e7b5c098ce567212185b88f68f63c0717cfc803994,success,emotion,classifier-panel-v1,756,2,510,544,544,94cd605226c99db1089209666ce0516e29d85760e83f21a160364b8032a0b1dc,94cd605226c99db1089209666ce0516e29d85760e83f21a160364b8032a0b1dc,0.011523624882102013,0.0065210332395508885,0.010523106553591788,0.0065210332395508885,0.003907287027686834,0.0030856041703373194,0.0037429504562169315,0.0030856041703373194,0.003037563990801573,0.002154032699763775,0.0028608577325940133,0.002154032699763775,0.02941519394516945,0.019607681781053543,0.02745369151234627,0.019607681781053543,0.18326662480831146,0.11333560198545456,0.1692804202437401,0.11333560198545456,0.01602468080818653,0.009538616403006017,0.014727467927150429,0.009538616403006017,0.020741090178489685,0.010675554629415274,0.018727983068674802,0.010675554629415274,0.023053251206874847,0.011834040400572121,0.0208094090456143,0.011834040400572121,0.0072203692980110645,0.006735028466209769,0.007123301131650805,0.006735028466209769,0.12798690795898438,0.06480274966452271,0.11535007630009204,0.06480274966452271,0.005095745902508497,0.00463952636346221,0.005004501994699239,0.00463952636346221,0.00220060208812356,0.0014382918598130345,0.002048140042461455,0.0014382918598130345,0.008609005250036716,0.004442108984221704,0.007775625996873714,0.004442108984221704,0.008751930668950081,0.005042035307269543,0.008009951596613975,0.005042035307269543,0.004352892283350229,0.002419921729597263,0.003966298172599636,0.002419921729597263,0.0005590064101852477,0.00032798965185065754,0.0005128030585183297,0.00032798965185065754,0.003574722446501255,0.0019123581441817805,0.00324224958603736,0.0019123581441817805,0.023977987468242645,0.01352801255416125,0.021887992485426368,0.01352801255416125,0.0027619819156825542,0.0018843142315745354,0.0025864483788609503,0.0018843142315745354,0.009474537335336208,0.004979372679372318,0.00857550440414343,0.004979372679372318,0.7389355897903442,0.5493501275777817,0.7010184973478317,0.5493501275777817,0.029457444325089455,0.022371858824044466,0.02804032722488046,0.022371858824044466,0.0021361876279115677,0.0013883021892979741,0.001986610540188849,0.0013883021892979741,0.2574119567871094,0.13403270114213228,0.23273610565811395,0.13403270114213228,0.004298943094909191,0.003492069779895246,0.0041375684319064025,0.003492069779895246,0.007203275803476572,0.0037018377261119895,0.0065029881880036555,0.0037018377261119895,0.11313512921333313,0.05694780044723302,0.10189766346011311,0.05694780044723302,0.008200818672776222,0.004325469184550457,0.007425748775131069,0.004325469184550457
song_ce55a9b58d73f0eaccd32f2d0b15687e9ff76c2ac47b5977a2c0507e07f966cc,success,emotion,classifier-panel-v1,397,1,510,287,287,d1df3456db7ff04ef49c3e37a4a145cc8dfeb1a69317bdfc2a25aba20a8c74a9,d1df3456db7ff04ef49c3e37a4a145cc8dfeb1a69317bdfc2a25aba20a8c74a9,0.001587297534570098,0.001587297534570098,0.001587297534570098,0.001587297534570098,0.20344707369804382,0.20344707369804382,0.20344707369804382,0.20344707369804382,0.13653486967086792,0.13653486967086792,0.13653486967086792,0.13653486967086792,0.31495991349220276,0.31495991349220276,0.31495991349220276,0.31495991349220276,0.007469621486961842,0.007469621486961842,0.007469621486961842,0.007469621486961842,0.0009100235183723271,0.0009100235183723271,0.0009100235183723271,0.0009100235183723271,0.0019326746696606278,0.0019326746696606278,0.0019326746696606278,0.0019326746696606278,0.0014753611758351326,0.0014753611758351326,0.0014753611758351326,0.0014753611758351326,0.0012998488964512944,0.0012998488964512944,0.0012998488964512944,0.0012998488964512944,0.018822040408849716,0.018822040408849716,0.018822040408849716,0.018822040408849716,0.02255825884640217,0.02255825884640217,0.02255825884640217,0.02255825884640217,0.038520097732543945,0.038520097732543945,0.038520097732543945,0.038520097732543945,0.010996864177286625,0.010996864177286625,0.010996864177286625,0.010996864177286625,0.0013693574583157897,0.0013693574583157897,0.0013693574583157897,0.0013693574583157897,0.0016464799409732223,0.0016464799409732223,0.0016464799409732223,0.0016464799409732223,0.00022997417545411736,0.00022997417545411736,0.00022997417545411736,0.00022997417545411736,0.0005412918981164694,0.0005412918981164694,0.0005412918981164694,0.0005412918981164694,0.003112322185188532,0.003112322185188532,0.003112322185188532,0.003112322185188532,0.0006249418365769088,0.0006249418365769088,0.0006249418365769088,0.0006249418365769088,0.0007197009981609881,0.0007197009981609881,0.0007197009981609881,0.0007197009981609881,0.24147039651870728,0.24147039651870728,0.24147039651870728,0.24147039651870728,0.0017437306232750416,0.0017437306232750416,0.0017437306232750416,0.0017437306232750416,0.0005698446184396744,0.0005698446184396744,0.0005698446184396744,0.0005698446184396744,0.012759608216583729,0.012759608216583729,0.012759608216583729,0.012759608216583729,0.00043172985897399485,0.00043172985897399485,0.00043172985897399485,0.00043172985897399485,0.000528219505213201,0.000528219505213201,0.000528219505213201,0.000528219505213201,0.005180157255381346,0.005180157255381346,0.005180157255381346,0.005180157255381346,0.002645703963935375,0.002645703963935375,0.002645703963935375,0.002645703963935375
song_afd6a3e1bb701e4109e7db538528052981f38587e8a519600ab7591d040fd1d1,success,emotion,classifier-panel-v1,685,2,510,461,461,4096d1c07903f55868bdf7d8db1ad892df7c25b96c500c18e1e0af435517a1cd,4096d1c07903f55868bdf7d8db1ad892df7c25b96c500c18e1e0af435517a1cd,0.012358901090919971,0.009928532876074314,0.01187282744795084,0.009924984893278919,0.00198250450193882,0.0019010510295629501,0.001966213807463646,0.0019009321193842992,0.004745215643197298,0.003935899003408849,0.0045833523152396085,0.003937080487554526,0.02370976284146309,0.020416724495589733,0.023051155172288416,0.020421531850839184,0.08567879348993301,0.07451451942324638,0.0834459386765957,0.07453081763356272,0.004710500594228506,0.004323306260630488,0.004633061727508903,0.004323871507832821,0.0017919068923220038,0.0013848794042132795,0.0017105013947002591,0.001385473604925847,0.0011376006295904517,0.0011097187525592744,0.0011320242541842163,0.001109759456029393,0.01844669133424759,0.017997738905251026,0.018356900848448276,0.017997083500245193,0.103916697204113,0.10106353461742401,0.10334606468677521,0.1010676998182805,0.0060923052951693535,0.005180639680474997,0.005909972172230482,0.00518197057918258,0.0030360205564647913,0.002522874274291098,0.0029333913000300525,0.002523623392951206,0.005099145695567131,0.004209694336168468,0.004921255423687399,0.004210992805306276,0.042149972170591354,0.03687252663075924,0.041094483062624934,0.03686482233070109,0.003617878071963787,0.0027236486203037202,0.0034390321816317737,0.0027249540647586983,0.0007798608276061714,0.0006431910442188382,0.0007525268709287047,0.0006429915262868859,0.00541550200432539,0.005342395044863224,0.005400880612432957,0.0053425017703514896,0.14237704873085022,0.1219976544380188,0.13830116987228394,0.12196790349744532,0.25387486815452576,0.19466391950845718,0.24203267842531206,0.19475035884954633,0.011163873597979546,0.008142255945131183,0.010559550067409874,0.008146667065792276,0.19810670614242554,0.18251867592334747,0.19498910009860992,0.18249591967485246,0.004468121565878391,0.004356190096586943,0.004445735272020102,0.004356026692982138,0.006594187114387751,0.006261895876377821,0.006527728866785765,0.006261410779679996,0.06893374025821686,0.052652645856142044,0.06567752137780189,0.05267641387716697,0.014168602414429188,0.013857247307896614,0.014106331393122673,0.013856792774894378,0.0038710732478648424,0.0032950410386547446,0.003755866806022823,0.003295881961587898,0.09401336312294006,0.08945408090949059,0.09310150668025016,0.08946073679593358,0.012811857275664806,0.012155161239206791,0.012680518068373203,0.012156119919551985
song_3a96b875068a9d12032c2372e69e8054ed77f3ae4351d6222ca3dbd78800372c,success,emotion,classifier-panel-v1,294,1,510,213,213,19524f31f0e95e96ff0717a68dd9e90ea1074cb8c1735a1ecfdb30ce6cc6e1a9,19524f31f0e95e96ff0717a68dd9e90ea1074cb8c1735a1ecfdb30ce6cc6e1a9,0.006813624408096075,0.006813624408096075,0.006813624408096075,0.006813624408096075,0.002398574026301503,0.002398574026301503,0.002398574026301503,0.002398574026301503,0.015697261318564415,0.015697261318564415,0.015697261318564415,0.015697261318564415,0.023237444460392,0.023237444460392,0.023237444460392,0.023237444460392,0.013538757339119911,0.013538757339119911,0.013538757339119911,0.013538757339119911,0.02311699092388153,0.02311699092388153,0.02311699092388153,0.02311699092388153,0.019195834174752235,0.019195834174752235,0.019195834174752235,0.019195834174752235,0.041471898555755615,0.041471898555755615,0.041471898555755615,0.041471898555755615,0.09369863569736481,0.09369863569736481,0.09369863569736481,0.09369863569736481,0.24785228073596954,0.24785228073596954,0.24785228073596954,0.24785228073596954,0.013354782946407795,0.013354782946407795,0.013354782946407795,0.013354782946407795,0.008361153304576874,0.008361153304576874,0.008361153304576874,0.008361153304576874,0.004813303239643574,0.004813303239643574,0.004813303239643574,0.004813303239643574,0.008547594770789146,0.008547594770789146,0.008547594770789146,0.008547594770789146,0.012337436899542809,0.012337436899542809,0.012337436899542809,0.012337436899542809,0.0011226219357922673,0.0011226219357922673,0.0011226219357922673,0.0011226219357922673,0.019214173778891563,0.019214173778891563,0.019214173778891563,0.019214173778891563,0.010079747065901756,0.010079747065901756,0.010079747065901756,0.010079747065901756,0.7167043089866638,0.7167043089866638,0.7167043089866638,0.7167043089866638,0.026184795424342155,0.026184795424342155,0.026184795424342155,0.026184795424342155,0.027943968772888184,0.027943968772888184,0.027943968772888184,0.027943968772888184,0.01075065415352583,0.01075065415352583,0.01075065415352583,0.01075065415352583,0.0007896899478510022,0.0007896899478510022,0.0007896899478510022,0.0007896899478510022,0.01856974884867668,0.01856974884867668,0.01856974884867668,0.01856974884867668,0.002766827354207635,0.002766827354207635,0.002766827354207635,0.002766827354207635,0.03046228736639023,0.03046228736639023,0.03046228736639023,0.03046228736639023,0.6558687090873718,0.6558687090873718,0.6558687090873718,0.6558687090873718,0.016157595440745354,0.016157595440745354,0.016157595440745354,0.016157595440745354
song_063fd071844935e8fd4f1395eeee736a147d3f13acd2103cd7ddd076c93ada6a,success,emotion,classifier-panel-v1,369,1,510,244,244,fe9113b89c7f45c684ee1bf60fe54f0a9eab5ef7c9cd75174bd349e2ba825db1,fe9113b89c7f45c684ee1bf60fe54f0a9eab5ef7c9cd75174bd349e2ba825db1,0.021746354177594185,0.021746354177594185,0.021746354177594185,0.021746354177594185,0.0020115182269364595,0.0020115182269364595,0.0020115182269364595,0.0020115182269364595,0.008237356320023537,0.008237356320023537,0.008237356320023537,0.008237356320023537,0.007856952026486397,0.007856952026486397,0.007856952026486397,0.007856952026486397,0.07487539201974869,0.07487539201974869,0.07487539201974869,0.07487539201974869,0.061151884496212006,0.061151884496212006,0.061151884496212006,0.061151884496212006,0.0019036089070141315,0.0019036089070141315,0.0019036089070141315,0.0019036089070141315,0.0021834196522831917,0.0021834196522831917,0.0021834196522831917,0.0021834196522831917,0.018713250756263733,0.018713250756263733,0.018713250756263733,0.018713250756263733,0.00288208806887269,0.00288208806887269,0.00288208806887269,0.00288208806887269,0.00533949164673686,0.00533949164673686,0.00533949164673686,0.00533949164673686,0.0021090805530548096,0.0021090805530548096,0.0021090805530548096,0.0021090805530548096,0.0005739390035159886,0.0005739390035159886,0.0005739390035159886,0.0005739390035159886,0.007255877368152142,0.007255877368152142,0.007255877368152142,0.007255877368152142,0.001753342803567648,0.001753342803567648,0.001753342803567648,0.001753342803567648,0.0022194699849933386,0.0022194699849933386,0.0022194699849933386,0.0022194699849933386,0.0008212155662477016,0.0008212155662477016,0.0008212155662477016,0.0008212155662477016,0.025493955239653587,0.025493955239653587,0.025493955239653587,0.025493955239653587,0.9385750889778137,0.9385750889778137,0.9385750889778137,0.9385750889778137,0.0013032921124249697,0.0013032921124249697,0.0013032921124249697,0.0013032921124249697,0.04035564884543419,0.04035564884543419,0.04035564884543419,0.04035564884543419,0.01814415492117405,0.01814415492117405,0.01814415492117405,0.01814415492117405,0.0009951333049684763,0.0009951333049684763,0.0009951333049684763,0.0009951333049684763,0.006344192195683718,0.006344192195683718,0.006344192195683718,0.006344192195683718,0.0012695029145106673,0.0012695029145106673,0.0012695029145106673,0.0012695029145106673,0.0018164373468607664,0.0018164373468607664,0.0018164373468607664,0.0018164373468607664,0.0043970453552901745,0.0043970453552901745,0.0043970453552901745,0.0043970453552901745,0.0012074301484972239,0.0012074301484972239,0.0012074301484972239,0.0012074301484972239
song_e162690ceb18a23db578427f419ce7ba989a0b27499e2b403a37fe3ad800b82c,success,emotion,classifier-panel-v1,296,1,510,194,194,452ca70787376afcb53dd4a72e7b8ecbc25dfac1e58547d4d16e5e4e7e708211,452ca70787376afcb53dd4a72e7b8ecbc25dfac1e58547d4d16e5e4e7e708211,0.0034366841427981853,0.0034366841427981853,0.0034366841427981853,0.0034366841427981853,0.0013658616226166487,0.0013658616226166487,0.0013658616226166487,0.0013658616226166487,0.02022526040673256,0.02022526040673256,0.02022526040673256,0.02022526040673256,0.039690807461738586,0.039690807461738586,0.039690807461738586,0.039690807461738586,0.011159420013427734,0.011159420013427734,0.011159420013427734,0.011159420013427734,0.011734344065189362,0.011734344065189362,0.011734344065189362,0.011734344065189362,0.054472312331199646,0.054472312331199646,0.054472312331199646,0.054472312331199646,0.480624258518219,0.480624258518219,0.480624258518219,0.480624258518219,0.025617942214012146,0.025617942214012146,0.025617942214012146,0.025617942214012146,0.1501300036907196,0.1501300036907196,0.1501300036907196,0.1501300036907196,0.015898974612355232,0.015898974612355232,0.015898974612355232,0.015898974612355232,0.006883845664560795,0.006883845664560795,0.006883845664560795,0.006883845664560795,0.005068226717412472,0.005068226717412472,0.005068226717412472,0.005068226717412472,0.004375239368528128,0.004375239368528128,0.004375239368528128,0.004375239368528128,0.007277624681591988,0.007277624681591988,0.007277624681591988,0.007277624681591988,0.00022427861404139549,0.00022427861404139549,0.00022427861404139549,0.00022427861404139549,0.0054247560910880566,0.0054247560910880566,0.0054247560910880566,0.0054247560910880566,0.002385798143222928,0.002385798143222928,0.002385798143222928,0.002385798143222928,0.13969765603542328,0.13969765603542328,0.13969765603542328,0.13969765603542328,0.008273456245660782,0.008273456245660782,0.008273456245660782,0.008273456245660782,0.13042961061000824,0.13042961061000824,0.13042961061000824,0.13042961061000824,0.0048948125913739204,0.0048948125913739204,0.0048948125913739204,0.0048948125913739204,0.00020089362806174904,0.00020089362806174904,0.00020089362806174904,0.00020089362806174904,0.009180238470435143,0.009180238470435143,0.009180238470435143,0.009180238470435143,0.0007426762604154646,0.0007426762604154646,0.0007426762604154646,0.0007426762604154646,0.009855377487838268,0.009855377487838268,0.009855377487838268,0.009855377487838268,0.222635880112648,0.222635880112648,0.222635880112648,0.222635880112648,0.011609343811869621,0.011609343811869621,0.011609343811869621,0.011609343811869621
song_e1a7f29430e196c1d83a8f58a4a17f41d5c2fadde8c3cf34dee5280016e53eda,success,emotion,classifier-panel-v1,315,1,510,249,249,6acfe31e48297ff2c767eb4afb5623166de0ac96a5c7c4fa83c5ef53ed1bda21,6acfe31e48297ff2c767eb4afb5623166de0ac96a5c7c4fa83c5ef53ed1bda21,0.007854495197534561,0.007854495197534561,0.007854495197534561,0.007854495197534561,0.005354113411158323,0.005354113411158323,0.005354113411158323,0.005354113411158323,0.0008743193466216326,0.0008743193466216326,0.0008743193466216326,0.0008743193466216326,0.009522602893412113,0.009522602893412113,0.009522602893412113,0.009522602893412113,0.07744058221578598,0.07744058221578598,0.07744058221578598,0.07744058221578598,0.0025089860428124666,0.0025089860428124666,0.0025089860428124666,0.0025089860428124666,0.001234996016137302,0.001234996016137302,0.001234996016137302,0.001234996016137302,0.0009365197038277984,0.0009365197038277984,0.0009365197038277984,0.0009365197038277984,0.003202597377821803,0.003202597377821803,0.003202597377821803,0.003202597377821803,0.012208167463541031,0.012208167463541031,0.012208167463541031,0.012208167463541031,0.002917214296758175,0.002917214296758175,0.002917214296758175,0.002917214296758175,0.0015384627040475607,0.0015384627040475607,0.0015384627040475607,0.0015384627040475607,0.001924925367347896,0.001924925367347896,0.001924925367347896,0.001924925367347896,0.030845725908875465,0.030845725908875465,0.030845725908875465,0.030845725908875465,0.002927337074652314,0.002927337074652314,0.002927337074652314,0.002927337074652314,0.0004824706120416522,0.0004824706120416522,0.0004824706120416522,0.0004824706120416522,0.001582328462973237,0.001582328462973237,0.001582328462973237,0.001582328462973237,0.05754820629954338,0.05754820629954338,0.05754820629954338,0.05754820629954338,0.0026181391440331936,0.0026181391440331936,0.0026181391440331936,0.0026181391440331936,0.004304514732211828,0.004304514732211828,0.004304514732211828,0.004304514732211828,0.7140123844146729,0.7140123844146729,0.7140123844146729,0.7140123844146729,0.005643781740218401,0.005643781740218401,0.005643781740218401,0.005643781740218401,0.0034835829865187407,0.0034835829865187407,0.0034835829865187407,0.0034835829865187407,0.0792561024427414,0.0792561024427414,0.0792561024427414,0.0792561024427414,0.012673025950789452,0.012673025950789452,0.012673025950789452,0.012673025950789452,0.0006017771665938199,0.0006017771665938199,0.0006017771665938199,0.0006017771665938199,0.009435715153813362,0.009435715153813362,0.009435715153813362,0.009435715153813362,0.007887543179094791,0.007887543179094791,0.007887543179094791,0.007887543179094791
song_8c9359eb2bcab6780ed3a7cdca143da09375324d2952065a07d7adb88bf11161,success,emotion,classifier-panel-v1,269,1,510,174,174,ab956efd346e8066610ccb4d9914b6578d8bf3b173e177655f925c6a54ad8690,ab956efd346e8066610ccb4d9914b6578d8bf3b173e177655f925c6a54ad8690,0.0009570823749527335,0.0009570823749527335,0.0009570823749527335,0.0009570823749527335,0.0006190640851855278,0.0006190640851855278,0.0006190640851855278,0.0006190640851855278,0.032265521585941315,0.032265521585941315,0.032265521585941315,0.032265521585941315,0.13063372671604156,0.13063372671604156,0.13063372671604156,0.13063372671604156,0.025866487994790077,0.025866487994790077,0.025866487994790077,0.025866487994790077,0.03658442944288254,0.03658442944288254,0.03658442944288254,0.03658442944288254,0.013331719674170017,0.013331719674170017,0.013331719674170017,0.013331719674170017,0.03454004228115082,0.03454004228115082,0.03454004228115082,0.03454004228115082,0.131061390042305,0.131061390042305,0.131061390042305,0.131061390042305,0.21280352771282196,0.21280352771282196,0.21280352771282196,0.21280352771282196,0.07613720744848251,0.07613720744848251,0.07613720744848251,0.07613720744848251,0.00543775362893939,0.00543775362893939,0.00543775362893939,0.00543775362893939,0.0029338174499571323,0.0029338174499571323,0.0029338174499571323,0.0029338174499571323,0.0023522693663835526,0.0023522693663835526,0.0023522693663835526,0.0023522693663835526,0.004674145020544529,0.004674145020544529,0.004674145020544529,0.004674145020544529,0.00019463787612039596,0.00019463787612039596,0.00019463787612039596,0.00019463787612039596,0.0025891857221722603,0.0025891857221722603,0.0025891857221722603,0.0025891857221722603,0.0019798572175204754,0.0019798572175204754,0.0019798572175204754,0.0019798572175204754,0.02379731461405754,0.02379731461405754,0.02379731461405754,0.02379731461405754,0.010289524681866169,0.010289524681866169,0.010289524681866169,0.010289524681866169,0.16528397798538208,0.16528397798538208,0.16528397798538208,0.16528397798538208,0.016427937895059586,0.016427937895059586,0.016427937895059586,0.016427937895059586,0.00044165519648231566,0.00044165519648231566,0.00044165519648231566,0.00044165519648231566,0.012549009174108505,0.012549009174108505,0.012549009174108505,0.012549009174108505,0.0013211159966886044,0.0013211159966886044,0.0013211159966886044,0.0013211159966886044,0.008197104558348656,0.008197104558348656,0.008197104558348656,0.008197104558348656,0.10881097614765167,0.10881097614765167,0.10881097614765167,0.10881097614765167,0.0018906289478763938,0.0018906289478763938,0.0018906289478763938,0.0018906289478763938
song_c43007be651fa0550c65f2144da21b53f1782e23930c836fda226c0c04eec799,success,emotion,classifier-panel-v1,314,1,510,216,216,61d9dd6f78420df505df853530a02793952fd2b9552cebafcf5aef24b633e771,61d9dd6f78420df505df853530a02793952fd2b9552cebafcf5aef24b633e771,0.0007409065729007125,0.0007409065729007125,0.0007409065729007125,0.0007409065729007125,0.0010342745808884501,0.0010342745808884501,0.0010342745808884501,0.0010342745808884501,0.0044999816454946995,0.0044999816454946995,0.0044999816454946995,0.0044999816454946995,0.05585676431655884,0.05585676431655884,0.05585676431655884,0.05585676431655884,0.030083315446972847,0.030083315446972847,0.030083315446972847,0.030083315446972847,0.002411014400422573,0.002411014400422573,0.002411014400422573,0.002411014400422573,0.0032521297689527273,0.0032521297689527273,0.0032521297689527273,0.0032521297689527273,0.004958832636475563,0.004958832636475563,0.004958832636475563,0.004958832636475563,0.02467416040599346,0.02467416040599346,0.02467416040599346,0.02467416040599346,0.0656244084239006,0.0656244084239006,0.0656244084239006,0.0656244084239006,0.006996029522269964,0.006996029522269964,0.006996029522269964,0.006996029522269964,0.002863017376512289,0.002863017376512289,0.002863017376512289,0.002863017376512289,0.0019153704633936286,0.0019153704633936286,0.0019153704633936286,0.0019153704633936286,0.0012074577389284968,0.0012074577389284968,0.0012074577389284968,0.0012074577389284968,0.0013517998158931732,0.0013517998158931732,0.0013517998158931732,0.0013517998158931732,9.379695256939158e-05,9.379695256939158e-05,9.379695256939158e-05,9.379695256939158e-05,0.0014464828418567777,0.0014464828418567777,0.0014464828418567777,0.0014464828418567777,0.0014852371532469988,0.0014852371532469988,0.0014852371532469988,0.0014852371532469988,0.001973218284547329,0.001973218284547329,0.001973218284547329,0.001973218284547329,0.002568865893408656,0.002568865893408656,0.002568865893408656,0.002568865893408656,0.6733608245849609,0.6733608245849609,0.6733608245849609,0.6733608245849609,0.003659019013866782,0.003659019013866782,0.003659019013866782,0.003659019013866782,0.0003623075899668038,0.0003623075899668038,0.0003623075899668038,0.0003623075899668038,0.06337124109268188,0.06337124109268188,0.06337124109268188,0.06337124109268188,0.0011296344455331564,0.0011296344455331564,0.0011296344455331564,0.0011296344455331564,0.0014311062404885888,0.0014311062404885888,0.0014311062404885888,0.0014311062404885888,0.03689343109726906,0.03689343109726906,0.03689343109726906,0.03689343109726906,0.0033269578125327826,0.0033269578125327826,0.0033269578125327826,0.0033269578125327826
song_dde6cccf06049e639f7a816a60982f1646926c7007a974ecfcd938c2dbf1c191,success,emotion,classifier-panel-v1,369,1,510,277,277,dfcc53f438e29b462ef13ef1a805ad403fce0600bd2126d65288b1d743027d0c,dfcc53f438e29b462ef13ef1a805ad403fce0600bd2126d65288b1d743027d0c,0.028293216601014137,0.028293216601014137,0.028293216601014137,0.028293216601014137,0.010407626628875732,0.010407626628875732,0.010407626628875732,0.010407626628875732,0.00642715860158205,0.00642715860158205,0.00642715860158205,0.00642715860158205,0.03285014256834984,0.03285014256834984,0.03285014256834984,0.03285014256834984,0.06968015432357788,0.06968015432357788,0.06968015432357788,0.06968015432357788,0.0004886089591309428,0.0004886089591309428,0.0004886089591309428,0.0004886089591309428,0.0019064024090766907,0.0019064024090766907,0.0019064024090766907,0.0019064024090766907,0.0024400255642831326,0.0024400255642831326,0.0024400255642831326,0.0024400255642831326,0.0016301001887768507,0.0016301001887768507,0.0016301001887768507,0.0016301001887768507,0.004564495291560888,0.004564495291560888,0.004564495291560888,0.004564495291560888,0.0032957803923636675,0.0032957803923636675,0.0032957803923636675,0.0032957803923636675,0.0038624019362032413,0.0038624019362032413,0.0038624019362032413,0.0038624019362032413,0.0019173530163243413,0.0019173530163243413,0.0019173530163243413,0.0019173530163243413,0.05484693497419357,0.05484693497419357,0.05484693497419357,0.05484693497419357,0.0041122171096503735,0.0041122171096503735,0.0041122171096503735,0.0041122171096503735,0.0001709322677925229,0.0001709322677925229,0.0001709322677925229,0.0001709322677925229,0.000527466123457998,0.000527466123457998,0.000527466123457998,0.000527466123457998,0.009108738042414188,0.009108738042414188,0.009108738042414188,0.009108738042414188,0.0005703529459424317,0.0005703529459424317,0.0005703529459424317,0.0005703529459424317,0.0010076501639559865,0.0010076501639559865,0.0010076501639559865,0.0010076501639559865,0.7186998724937439,0.7186998724937439,0.7186998724937439,0.7186998724937439,0.004159554839134216,0.004159554839134216,0.004159554839134216,0.004159554839134216,0.0037799268029630184,0.0037799268029630184,0.0037799268029630184,0.0037799268029630184,0.02986820787191391,0.02986820787191391,0.02986820787191391,0.02986820787191391,0.0015256127808243036,0.0015256127808243036,0.0015256127808243036,0.0015256127808243036,0.00012278986105229706,0.00012278986105229706,0.00012278986105229706,0.00012278986105229706,0.0007664045551791787,0.0007664045551791787,0.0007664045551791787,0.0007664045551791787,0.03482412174344063,0.03482412174344063,0.03482412174344063,0.03482412174344063
song_48c9a31f32d37489d6e49c8e3c9c2b203b5393562fbdbb3ce735de99f9c08e9e,success,emotion,classifier-panel-v1,131,1,510,105,105,52fbd43eb3bfb03a39083bfb08add19b7d8c650a5a586ca28572a17b511de240,52fbd43eb3bfb03a39083bfb08add19b7d8c650a5a586ca28572a17b511de240,0.014171200804412365,0.014171200804412365,0.014171200804412365,0.014171200804412365,0.0013761917361989617,0.0013761917361989617,0.0013761917361989617,0.0013761917361989617,0.0020704425405710936,0.0020704425405710936,0.0020704425405710936,0.0020704425405710936,0.00301358662545681,0.00301358662545681,0.00301358662545681,0.00301358662545681,0.03318478912115097,0.03318478912115097,0.03318478912115097,0.03318478912115097,0.004732569679617882,0.004732569679617882,0.004732569679617882,0.004732569679617882,0.0021590208634734154,0.0021590208634734154,0.0021590208634734154,0.0021590208634734154,0.0012635720195248723,0.0012635720195248723,0.0012635720195248723,0.0012635720195248723,0.008685177192091942,0.008685177192091942,0.008685177192091942,0.008685177192091942,0.0034880635794252157,0.0034880635794252157,0.0034880635794252157,0.0034880635794252157,0.0018047437770292163,0.0018047437770292163,0.0018047437770292163,0.0018047437770292163,0.001522902981378138,0.001522902981378138,0.001522902981378138,0.001522902981378138,0.0005451017641462386,0.0005451017641462386,0.0005451017641462386,0.0005451017641462386,0.015209432691335678,0.015209432691335678,0.015209432691335678,0.015209432691335678,0.0018593566492199898,0.0018593566492199898,0.0018593566492199898,0.0018593566492199898,0.0010558374924585223,0.0010558374924585223,0.0010558374924585223,0.0010558374924585223,0.0006567232776433229,0.0006567232776433229,0.0006567232776433229,0.0006567232776433229,0.02053185924887657,0.02053185924887657,0.02053185924887657,0.02053185924887657,0.86640465259552,0.86640465259552,0.86640465259552,0.86640465259552,0.0010254873195663095,0.0010254873195663095,0.0010254873195663095,0.0010254873195663095,0.213378444314003,0.213378444314003,0.213378444314003,0.213378444314003,0.008476229384541512,0.008476229384541512,0.008476229384541512,0.008476229384541512,0.0010578028159216046,0.0010578028159216046,0.0010578028159216046,0.0010578028159216046,0.009770737029612064,0.009770737029612064,0.009770737029612064,0.009770737029612064,0.0008777784532867372,0.0008777784532867372,0.0008777784532867372,0.0008777784532867372,0.0007900560740381479,0.0007900560740381479,0.0007900560740381479,0.0007900560740381479,0.003087847726419568,0.003087847726419568,0.003087847726419568,0.003087847726419568,0.0033811936154961586,0.0033811936154961586,0.0033811936154961586,0.0033811936154961586
song_05be1f29e67911d8e269dbbba495ee25b92120a0aba32db094923f7adf2183b7,success,emotion,classifier-panel-v1,198,1,510,135,135,5f676f570f4e80fc37b6829f69be6719808857161a27368334d1569f38fc5bf4,5f676f570f4e80fc37b6829f69be6719808857161a27368334d1569f38fc5bf4,0.0011611859081313014,0.0011611859081313014,0.0011611859081313014,0.0011611859081313014,0.0015440359711647034,0.0015440359711647034,0.0015440359711647034,0.0015440359711647034,0.0015949878143146634,0.0015949878143146634,0.0015949878143146634,0.0015949878143146634,0.00817499402910471,0.00817499402910471,0.00817499402910471,0.00817499402910471,0.01118839718401432,0.01118839718401432,0.01118839718401432,0.01118839718401432,0.0014922829577699304,0.0014922829577699304,0.0014922829577699304,0.0014922829577699304,0.36818909645080566,0.36818909645080566,0.36818909645080566,0.36818909645080566,0.39980626106262207,0.39980626106262207,0.39980626106262207,0.39980626106262207,0.0012380010448396206,0.0012380010448396206,0.0012380010448396206,0.0012380010448396206,0.005147775635123253,0.005147775635123253,0.005147775635123253,0.005147775635123253,0.004226617515087128,0.004226617515087128,0.004226617515087128,0.004226617515087128,0.0016200407408177853,0.0016200407408177853,0.0016200407408177853,0.0016200407408177853,0.0016178279183804989,0.0016178279183804989,0.0016178279183804989,0.0016178279183804989,0.002142384648323059,0.002142384648323059,0.002142384648323059,0.002142384648323059,0.002507725963369012,0.002507725963369012,0.002507725963369012,0.002507725963369012,0.000359100493369624,0.000359100493369624,0.000359100493369624,0.000359100493369624,0.000573617173358798,0.000573617173358798,0.000573617173358798,0.000573617173358798,0.0009842774597927928,0.0009842774597927928,0.0009842774597927928,0.0009842774597927928,0.0012903374154120684,0.0012903374154120684,0.0012903374154120684,0.0012903374154120684,0.0012739415979012847,0.0012739415979012847,0.0012739415979012847,0.0012739415979012847,0.5074334740638733,0.5074334740638733,0.5074334740638733,0.5074334740638733,0.00498210871592164,0.00498210871592164,0.00498210871592164,0.00498210871592164,9.938408038578928e-05,9.938408038578928e-05,9.938408038578928e-05,9.938408038578928e-05,0.019570225849747658,0.019570225849747658,0.019570225849747658,0.019570225849747658,0.0003100108297076076,0.0003100108297076076,0.0003100108297076076,0.0003100108297076076,0.0006824271404184401,0.0006824271404184401,0.0006824271404184401,0.0006824271404184401,0.002860947512090206,0.002860947512090206,0.002860947512090206,0.002860947512090206,0.01759297214448452,0.01759297214448452,0.01759297214448452,0.01759297214448452
song_56bdd8217899c9e589dcd9c9815cd8a10cefaf5d231d74e390d1dde403f23b9e,success,emotion,classifier-panel-v1,325,1,510,232,232,26a2e19f699a808ed931c421693dbcafdc37085de49dacb827af3f005899c698,26a2e19f699a808ed931c421693dbcafdc37085de49dacb827af3f005899c698,0.000515835708938539,0.000515835708938539,0.000515835708938539,0.000515835708938539,0.0014420156367123127,0.0014420156367123127,0.0014420156367123127,0.0014420156367123127,0.0020438022911548615,0.0020438022911548615,0.0020438022911548615,0.0020438022911548615,0.017358193174004555,0.017358193174004555,0.017358193174004555,0.017358193174004555,0.018255431205034256,0.018255431205034256,0.018255431205034256,0.018255431205034256,0.0015161529881879687,0.0015161529881879687,0.0015161529881879687,0.0015161529881879687,0.03174075856804848,0.03174075856804848,0.03174075856804848,0.03174075856804848,0.03717052564024925,0.03717052564024925,0.03717052564024925,0.03717052564024925,0.004366662818938494,0.004366662818938494,0.004366662818938494,0.004366662818938494,0.01531558483839035,0.01531558483839035,0.01531558483839035,0.01531558483839035,0.007418201770633459,0.007418201770633459,0.007418201770633459,0.007418201770633459,0.0015481654554605484,0.0015481654554605484,0.0015481654554605484,0.0015481654554605484,0.0011737535241991282,0.0011737535241991282,0.0011737535241991282,0.0011737535241991282,0.002573625650256872,0.002573625650256872,0.002573625650256872,0.002573625650256872,0.003322544740512967,0.003322544740512967,0.003322544740512967,0.003322544740512967,0.00011597694538068026,0.00011597694538068026,0.00011597694538068026,0.00011597694538068026,0.000649783993139863,0.000649783993139863,0.000649783993139863,0.000649783993139863,0.0014066629810258746,0.0014066629810258746,0.0014066629810258746,0.0014066629810258746,0.0007713751983828843,0.0007713751983828843,0.0007713751983828843,0.0007713751983828843,0.0018173065036535263,0.0018173065036535263,0.0018173065036535263,0.0018173065036535263,0.8310251235961914,0.8310251235961914,0.8310251235961914,0.8310251235961914,0.009672828949987888,0.009672828949987888,0.009672828949987888,0.009672828949987888,0.00016928753757383674,0.00016928753757383674,0.00016928753757383674,0.00016928753757383674,0.02682553417980671,0.02682553417980671,0.02682553417980671,0.02682553417980671,0.0005779361235909164,0.0005779361235909164,0.0005779361235909164,0.0005779361235909164,0.0004572991456370801,0.0004572991456370801,0.0004572991456370801,0.0004572991456370801,0.006193753331899643,0.006193753331899643,0.006193753331899643,0.006193753331899643,0.00851676519960165,0.00851676519960165,0.00851676519960165,0.00851676519960165
song_e860962415e52ac4be856ff3fa67796897ffd7bed74fc6959aa53ced2839c9e0,success,emotion,classifier-panel-v1,351,1,510,245,245,1a9a4b93dfeb310e9537823ae838ff8d4f4e9305d9049fcd6029d7754748e231,1a9a4b93dfeb310e9537823ae838ff8d4f4e9305d9049fcd6029d7754748e231,0.0057385764084756374,0.0057385764084756374,0.0057385764084756374,0.0057385764084756374,0.004760987125337124,0.004760987125337124,0.004760987125337124,0.004760987125337124,0.0028249192982912064,0.0028249192982912064,0.0028249192982912064,0.0028249192982912064,0.010046135634183884,0.010046135634183884,0.010046135634183884,0.010046135634183884,0.03310645371675491,0.03310645371675491,0.03310645371675491,0.03310645371675491,0.007958458736538887,0.007958458736538887,0.007958458736538887,0.007958458736538887,0.0011257168371230364,0.0011257168371230364,0.0011257168371230364,0.0011257168371230364,0.0013004279462620616,0.0013004279462620616,0.0013004279462620616,0.0013004279462620616,0.014605743810534477,0.014605743810534477,0.014605743810534477,0.014605743810534477,0.03319978341460228,0.03319978341460228,0.03319978341460228,0.03319978341460228,0.0025299738626927137,0.0025299738626927137,0.0025299738626927137,0.0025299738626927137,0.001937728258781135,0.001937728258781135,0.001937728258781135,0.001937728258781135,0.0036134973634034395,0.0036134973634034395,0.0036134973634034395,0.0036134973634034395,0.04232607036828995,0.04232607036828995,0.04232607036828995,0.04232607036828995,0.013459953479468822,0.013459953479468822,0.013459953479468822,0.013459953479468822,0.0009435751708224416,0.0009435751708224416,0.0009435751708224416,0.0009435751708224416,0.00948011502623558,0.00948011502623558,0.00948011502623558,0.00948011502623558,0.1541021466255188,0.1541021466255188,0.1541021466255188,0.1541021466255188,0.004210238810628653,0.004210238810628653,0.004210238810628653,0.004210238810628653,0.019826112315058708,0.019826112315058708,0.019826112315058708,0.019826112315058708,0.5360283851623535,0.5360283851623535,0.5360283851623535,0.5360283851623535,0.008198554627597332,0.008198554627597332,0.008198554627597332,0.008198554627597332,0.010239280760288239,0.010239280760288239,0.010239280760288239,0.010239280760288239,0.030465826392173767,0.030465826392173767,0.030465826392173767,0.030465826392173767,0.021913299337029457,0.021913299337029457,0.021913299337029457,0.021913299337029457,0.002404994796961546,0.002404994796961546,0.002404994796961546,0.002404994796961546,0.11366009712219238,0.11366009712219238,0.11366009712219238,0.11366009712219238,0.006543436087667942,0.006543436087667942,0.006543436087667942,0.006543436087667942
song_179feb8a79929d69156bfaf7c8ed48a7d01d17db6762f40e1d540507cc4f76e6,success,emotion,classifier-panel-v1,951,2,510,611,611,91de81a8c96dfb3a9f7e59c48337c7869766e31704c97c08960861fd4ca830a9,91de81a8c96dfb3a9f7e59c48337c7869766e31704c97c08960861fd4ca830a9,0.001702544861473143,0.001271879969863221,0.0016164118831511589,0.001272332824638836,0.47075366973876953,0.23676268989220262,0.42395547376945614,0.23700873718962276,0.11695265769958496,0.08094195649027824,0.10975051745772361,0.08090409034810232,0.364073783159256,0.2896721810102463,0.34919346272945406,0.2895939458870612,0.010379733517765999,0.00913896644487977,0.010131580103188754,0.009140271142117296,0.0018133466364815831,0.0016654077335260808,0.0017837588558904827,0.00166525217211393,0.0016994454199448228,0.0013887358363717794,0.0016373035032302141,0.0013890625551767983,0.0020320843905210495,0.0013717559922952205,0.0019000187108758838,0.0013724503439232181,0.001997236395254731,0.001790025387890637,0.0019557941937819122,0.0017902432753852365,0.045087751001119614,0.02756697917357087,0.041583596635609864,0.02754855564904138,0.021073156967759132,0.017151222564280033,0.020288770087063313,0.01714709855334052,0.04635534808039665,0.026526704663410783,0.04238961939699948,0.026505854354875572,0.00818938110023737,0.005534649011678994,0.007658434682525694,0.0055318574952872394,0.0031902773771435022,0.002017426071688533,0.0029557071160525084,0.0020186593538183487,0.003475131234154105,0.0020490238384809345,0.0031899097550194713,0.0020475242513140856,0.00030795205384492874,0.0002521937058190815,0.0002968003842397593,0.00025213507453829726,0.0011359190102666616,0.0007166323921410367,0.0010520616866415366,0.000716191501901157,0.014715872704982758,0.007880420191213489,0.013348782202228904,0.007887607838441427,0.0009784008143469691,0.0007680601556785405,0.0009363326826132834,0.0007682813340788228,0.0012858136324211955,0.0009214561723638326,0.001212942140409723,0.0009210730414910067,0.5130658149719238,0.4481363296508789,0.5000799179077149,0.4480680546926023,0.00397597486153245,0.0029324564384296536,0.0037672711769118905,0.0029335537238377534,0.0005513319047167897,0.0005444117123261094,0.0005499478662386537,0.000544404435572807,0.00980477873235941,0.008765160106122494,0.009596855007112026,0.008764066921447166,0.0005998413544148207,0.0005509201728273183,0.0005900571180973202,0.0005509716146586406,0.000683203455992043,0.0004934820608468726,0.0006452591769630089,0.0004932825641117042,0.018186498433351517,0.010123973828740418,0.016573993512429296,0.010115495884886989,0.001604665070772171,0.0015818295069038868,0.0016000979579985143,0.0015818054947441935
song_a9824e4acd085fbd53e561a95b0a44b852833928c774ab7affba998ddfec95a6,success,emotion,classifier-panel-v1,251,1,510,191,191,7358e388ec50d62a98dff15f2987b7f389927888d53b9bf7e4906549542b36d0,7358e388ec50d62a98dff15f2987b7f389927888d53b9bf7e4906549542b36d0,0.002599305473268032,0.002599305473268032,0.002599305473268032,0.002599305473268032,0.001050021150149405,0.001050021150149405,0.001050021150149405,0.001050021150149405,0.07965777069330215,0.07965777069330215,0.07965777069330215,0.07965777069330215,0.1446005254983902,0.1446005254983902,0.1446005254983902,0.1446005254983902,0.022100290283560753,0.022100290283560753,0.022100290283560753,0.022100290283560753,0.011745086871087551,0.011745086871087551,0.011745086871087551,0.011745086871087551,0.0012577980523929,0.0012577980523929,0.0012577980523929,0.0012577980523929,0.001631775638088584,0.001631775638088584,0.001631775638088584,0.001631775638088584,0.1551656872034073,0.1551656872034073,0.1551656872034073,0.1551656872034073,0.023551732301712036,0.023551732301712036,0.023551732301712036,0.023551732301712036,0.009010200388729572,0.009010200388729572,0.009010200388729572,0.009010200388729572,0.024003220722079277,0.024003220722079277,0.024003220722079277,0.024003220722079277,0.0014893640764057636,0.0014893640764057636,0.0014893640764057636,0.0014893640764057636,0.0024260079953819513,0.0024260079953819513,0.0024260079953819513,0.0024260079953819513,0.002471179235726595,0.002471179235726595,0.002471179235726595,0.002471179235726595,0.000371519970940426,0.000371519970940426,0.000371519970940426,0.000371519970940426,0.0011555980890989304,0.0011555980890989304,0.0011555980890989304,0.0011555980890989304,0.002143349265679717,0.002143349265679717,0.002143349265679717,0.002143349265679717,0.022229723632335663,0.022229723632335663,0.022229723632335663,0.022229723632335663,0.0013230375479906797,0.0013230375479906797,0.0013230375479906797,0.0013230375479906797,0.3575442135334015,0.3575442135334015,0.3575442135334015,0.3575442135334015,0.0046527995727956295,0.0046527995727956295,0.0046527995727956295,0.0046527995727956295,0.0008742772624827921,0.0008742772624827921,0.0008742772624827921,0.0008742772624827921,0.006752507295459509,0.006752507295459509,0.006752507295459509,0.006752507295459509,0.0006354143260978162,0.0006354143260978162,0.0006354143260978162,0.0006354143260978162,0.0010938664199784398,0.0010938664199784398,0.0010938664199784398,0.0010938664199784398,0.02007719688117504,0.02007719688117504,0.02007719688117504,0.02007719688117504,0.0006628351402468979,0.0006628351402468979,0.0006628351402468979,0.0006628351402468979
song_8dc915eed4c70e3c837e01cd5e20204612237664f511b3bef8fbde1bbd51f7d9,success,emotion,classifier-panel-v1,784,2,510,505,505,65c9dffb0d36140aec24016299e3e0a7def5f523feb0653f39e807b807820ea8,65c9dffb0d36140aec24016299e3e0a7def5f523feb0653f39e807b807820ea8,0.003213579300791025,0.0023772408021613955,0.003046311601065099,0.0023772408021613955,0.007015680894255638,0.005721566034480929,0.0067568579223006965,0.005721566034480929,0.003621205687522888,0.0028701985720545053,0.003471004264429212,0.0028701985720545053,0.023895300924777985,0.01571559440344572,0.02225935962051153,0.01571559440344572,0.024173447862267494,0.020456301048398018,0.0234300184994936,0.020456301048398018,0.02993396483361721,0.01880882796831429,0.027708937460556627,0.01880882796831429,0.0011685392819344997,0.0009738449880387634,0.0011296004231553525,0.0009738449880387634,0.0037744182627648115,0.0025594839826226234,0.003531431406736374,0.0025594839826226234,0.03199112042784691,0.02001555636525154,0.029596007615327834,0.02001555636525154,0.008047590032219887,0.004917254555039108,0.007421522936783731,0.004917254555039108,0.008867980912327766,0.005025269463658333,0.00809943862259388,0.005025269463658333,0.0026465619448572397,0.0018336949869990349,0.002483988553285599,0.0018336949869990349,0.0007059926865622401,0.0005620994488708675,0.0006772140390239657,0.0005620994488708675,0.03609326481819153,0.020006256410852075,0.03287586313672364,0.020006256410852075,0.002401981269940734,0.0016191887843888253,0.002245422772830352,0.0016191887843888253,0.0004106877895537764,0.00031982469954527915,0.000392515171552077,0.00031982469954527915,0.000689998734742403,0.000531791549292393,0.000658357297652401,0.000531791549292393,0.03468038886785507,0.021167236613109708,0.031977758416906005,0.021167236613109708,0.004337473772466183,0.002705403370782733,0.0040110596921294935,0.002705403370782733,0.0022594451438635588,0.0015421143034473062,0.0021159789757803082,0.0015421143034473062,0.8729371428489685,0.8517825901508331,0.8687062323093414,0.8517825901508331,0.007091205567121506,0.005823661806061864,0.006837696814909578,0.005823661806061864,0.0008535782108083367,0.0006759299722034484,0.0008180485630873591,0.0006759299722034484,0.004594358615577221,0.004196197725832462,0.004514726437628269,0.004196197725832462,0.001697571249678731,0.0015158195747062564,0.001661220914684236,0.0015158195747062564,0.00044775992864742875,0.0004006589879281819,0.0004383397405035794,0.0004006589879281819,0.009354286827147007,0.005463599576614797,0.008576149377040565,0.005463599576614797,0.0010620488319545984,0.0007798816368449479,0.0010056153929326682,0.0007798816368449479
song_fcee43b920ec51e027d82e5ebc7bf690e03815c44a91d5aaaa74f62fb232fd79,success,emotion,classifier-panel-v1,1268,3,510,544,544,fd30e27cd6b03f3ecc6612c75779cb3d2557980893c704cac146fd2198390a4a,fd30e27cd6b03f3ecc6612c75779cb3d2557980893c704cac146fd2198390a4a,0.0036069639027118683,0.0034125278859088817,0.0035883802454918625,0.003412374545201624,0.008966684341430664,0.00749330036342144,0.008701991941779851,0.007492138388675376,0.003978781867772341,0.003461025500049194,0.0038697672076523303,0.003461047043371652,0.00878771860152483,0.008244935267915329,0.008676358684897422,0.008245352276656718,0.015327527187764645,0.01418493315577507,0.01512730736285448,0.014184032056380757,0.002082513878121972,0.001955350007240971,0.002050248277373612,0.001955376950563416,0.0011357978219166398,0.0010680710353578131,0.0011155304266139865,0.0010680979411910973,0.001510361791588366,0.0014463044159735243,0.00149214044213295,0.0014462538975384969,0.0022152080200612545,0.0018443419054771464,0.0021239181281998754,0.001844566891888709,0.00325855053961277,0.002983048635845383,0.003185094753280282,0.0029831935292806136,0.0022538257762789726,0.001908738127288719,0.0021563449641689657,0.001908898041513822,0.003157668048515916,0.0029745803525050483,0.003132793214172125,0.0029747710474737413,0.001487345201894641,0.0013518179378782709,0.0014485810417681933,0.0013518788477579243,0.00968182273209095,0.008305753115564585,0.00946100391447544,0.008305538623822906,0.0018707311246544123,0.0017866917575399082,0.0018467954127117992,0.0017867198641586767,0.0010361257009208202,0.0009297101836030682,0.001014244183897972,0.0009297917478377064,0.0007058046758174896,0.0006736338254995644,0.0006965219043195247,0.0006736479641771244,0.00936383567750454,0.008069981510440508,0.009327629022300244,0.008069103891441264,0.003583634737879038,0.0033824825659394264,0.0035661972127854825,0.0033823239285798528,0.0005737172323279083,0.0005400129011832178,0.0005642319214530289,0.0005400237231258279,0.960818886756897,0.955860435962677,0.959385097026825,0.9558621792575163,0.0018607784295454621,0.0017299118529384334,0.001824298407882452,0.001729974418431256,0.0010532651795074344,0.0009266634782155355,0.0010278342990204692,0.0009266639140997176,0.0061785937286913395,0.0056407225007812185,0.00603583287447691,0.005640861249237971,0.0008563248557038605,0.0007901743908102313,0.0008402415667660534,0.0007901856415829406,0.0006105765933170915,0.0005805323404880861,0.0006071689538657665,0.0005805662918354058,0.0028573109302669764,0.002757143694907427,0.0028373831417411568,0.0027572231077844693,0.0020029519218951464,0.001810219488106668,0.0019619740545749665,0.001810229075569454
song_e5a9b37663cfbdb5ae172e52dd414002d0cd701bc5969a41cb382007b35a9092,success,emotion,classifier-panel-v1,1495,3,510,946,946,b0e1d82b974c4e7db52113930dfc0c8257d0b6153980baff5f54d92317b0167f,b0e1d82b974c4e7db52113930dfc0c8257d0b6153980baff5f54d92317b0167f,0.0017392807640135288,0.0011544498265720904,0.001568179833702743,0.00115426877392051,0.016001524403691292,0.010557545504222313,0.015116450004279613,0.010553222704354836,0.07393994182348251,0.055697280913591385,0.07020412161946296,0.05568537039800631,0.18930752575397491,0.17212331295013428,0.18908460438251495,0.1721010695931106,0.024483349174261093,0.016548178469141323,0.022378433123230936,0.016544602709171366,0.0015462457668036222,0.0014177874351541202,0.0015113382367417216,0.001417756612867391,0.005996270105242729,0.0047431879211217165,0.0057529379613697525,0.004744026103184674,0.010520962066948414,0.00628664957669874,0.00946292346343398,0.006285943302098525,0.0013051069108769298,0.0009991973832560082,0.0012252513784915208,0.0009990552150999448,0.0056851767003536224,0.005394012822459142,0.005664000473916531,0.005394136757406104,0.028426187112927437,0.019205112010240555,0.0272967129945755,0.019207502448040505,0.006971149705350399,0.006063208449631929,0.00687818480655551,0.006063815768197627,0.0017626817570999265,0.0015336614257345598,0.001714567095041275,0.0015338146165916602,0.006248391233384609,0.0028232720214873552,0.005221739644184709,0.002822129453772237,0.0010429546236991882,0.0008695285650901496,0.0010197454714216292,0.0008696445691427309,0.00018584297504276037,0.0001467165663295115,0.00018020814459305257,0.0001467427378403565,0.0002543154114391655,0.0002445485151838511,0.00025378538412041963,0.0002445532755582067,0.0031962303910404444,0.0019430489434550207,0.002905435720458627,0.0019423450039618689,0.001149990945123136,0.0006799970966919014,0.0010184959624893962,0.0006798716912974282,0.00039354932960122824,0.00035229047837977606,0.0003871970227919519,0.00035229683110029453,0.8626722097396851,0.804376502831777,0.8491276502609253,0.8044154966156618,0.0028832380194216967,0.0025354376217971244,0.002875554235652089,0.0025349980352577257,0.00044468865962699056,0.00030473279184661806,0.00040728937601670624,0.000304670641132565,0.006586725823581219,0.006144073015699784,0.006580351199954748,0.006143502157841837,0.00033106363844126463,0.0002572366308110456,0.0003128110518446192,0.0002571989110235692,0.00018474685202818364,0.00016488212956270823,0.00018138687591999768,0.0001648954170024845,0.0010826555080711842,0.0009681808102565507,0.0010792699875310063,0.0009682460591496034,0.004108893219381571,0.0022195386700332165,0.003571545728482306,0.002219005303541479
song_ddd4c1911d61ba872c932e1ebf7bab492d51ca29e94feea236ab5efa08127983,success,emotion,classifier-panel-v1,226,1,510,167,167,f060bb8cfbf9898dacf180043c1a9c73db68ad03773eb70ae15ffdf9883492ad,f060bb8cfbf9898dacf180043c1a9c73db68ad03773eb70ae15ffdf9883492ad,0.004095443990081549,0.004095443990081549,0.004095443990081549,0.004095443990081549,0.0033492534421384335,0.0033492534421384335,0.0033492534421384335,0.0033492534421384335,0.005768351722508669,0.005768351722508669,0.005768351722508669,0.005768351722508669,0.018419397994875908,0.018419397994875908,0.018419397994875908,0.018419397994875908,0.011203336529433727,0.011203336529433727,0.011203336529433727,0.011203336529433727,0.009861787781119347,0.009861787781119347,0.009861787781119347,0.009861787781119347,0.0019460207549855113,0.0019460207549855113,0.0019460207549855113,0.0019460207549855113,0.005633880849927664,0.005633880849927664,0.005633880849927664,0.005633880849927664,0.7707449793815613,0.7707449793815613,0.7707449793815613,0.7707449793815613,0.05942486599087715,0.05942486599087715,0.05942486599087715,0.05942486599087715,0.00596418883651495,0.00596418883651495,0.00596418883651495,0.00596418883651495,0.00905455369502306,0.00905455369502306,0.00905455369502306,0.00905455369502306,0.002038408536463976,0.002038408536463976,0.002038408536463976,0.002038408536463976,0.017017751932144165,0.017017751932144165,0.017017751932144165,0.017017751932144165,0.0034131843131035566,0.0034131843131035566,0.0034131843131035566,0.0034131843131035566,0.0018749901792034507,0.0018749901792034507,0.0018749901792034507,0.0018749901792034507,0.003910047933459282,0.003910047933459282,0.003910047933459282,0.003910047933459282,0.011884337291121483,0.011884337291121483,0.011884337291121483,0.011884337291121483,0.1089073047041893,0.1089073047041893,0.1089073047041893,0.1089073047041893,0.005284516140818596,0.005284516140818596,0.005284516140818596,0.005284516140818596,0.07296780496835709,0.07296780496835709,0.07296780496835709,0.07296780496835709,0.016874870285391808,0.016874870285391808,0.016874870285391808,0.016874870285391808,0.0011174376122653484,0.0011174376122653484,0.0011174376122653484,0.0011174376122653484,0.008902283385396004,0.008902283385396004,0.008902283385396004,0.008902283385396004,0.0018345445860177279,0.0018345445860177279,0.0018345445860177279,0.0018345445860177279,0.007514975965023041,0.007514975965023041,0.007514975965023041,0.007514975965023041,0.10232134908437729,0.10232134908437729,0.10232134908437729,0.10232134908437729,0.00341157428920269,0.00341157428920269,0.00341157428920269,0.00341157428920269
song_982e85e0772bde84905c4e66075cab71738b9c33711f12180e2c9ebc6a30e58e,success,emotion,classifier-panel-v1,655,2,510,464,464,c741b6bb93c8833631da7b1881fe696c8a08b08e57bfa36e287141cd97e74e89,c741b6bb93c8833631da7b1881fe696c8a08b08e57bfa36e287141cd97e74e89,0.011489872820675373,0.010918994434177876,0.011375697143375874,0.010919866004233596,0.0028085741214454174,0.0026615404058247805,0.00277916737832129,0.0026617648847799265,0.016184814274311066,0.012620036955922842,0.015471858810633421,0.012625479364042519,0.01229981891810894,0.010361092630773783,0.011912073660641908,0.010364052518235363,0.023439157754182816,0.022789754904806614,0.023309277184307576,0.02278876345007474,0.01790400967001915,0.014542045537382364,0.017231616843491792,0.014547178307050513,0.028546195477247238,0.021936811041086912,0.027224318590015173,0.021926720377825597,0.014806246384978294,0.010302763897925615,0.013905549887567759,0.010295888352143855,0.35230502486228943,0.1819905643351376,0.3182421327568591,0.18173054225799692,0.018602479249238968,0.01502356817945838,0.01788669703528285,0.015029032165824458,0.017012272030115128,0.015423561446368694,0.01669452991336584,0.015421135934027096,0.008252843283116817,0.006709575187414885,0.00794418966397643,0.006711931321912139,0.0033745765686035156,0.0023153130896389484,0.0031627238728106025,0.0023169302857900392,0.02093895524740219,0.01743140583857894,0.02023744536563754,0.01743676087584432,0.17619767785072327,0.09020873554982245,0.1589998893905431,0.09034001637776276,0.022601528093218803,0.012325001531280577,0.02054622278083116,0.0123093121777509,0.0032546825241297483,0.002368748711887747,0.003077495761681348,0.0023701012825934602,0.02147548645734787,0.020381624810397625,0.02125671412795782,0.02038329482817923,0.9292759299278259,0.9156857430934906,0.9265578925609589,0.9156649947166443,0.03227092698216438,0.017723164288327098,0.029361374443396926,0.017745374613050514,0.03076273947954178,0.022713900078088045,0.02915297159925103,0.022726188382517745,0.04855707660317421,0.03329266142100096,0.045504193566739556,0.03326935697034115,0.0016430879477411509,0.0012804966827388853,0.0015705696947406977,0.0012810502571892705,0.025449519976973534,0.01750241033732891,0.023860098049044612,0.017514543329145163,0.0020540759433060884,0.0016184882842935622,0.0019669584115035834,0.001619153303620299,0.0070741805247962475,0.005246519227512181,0.006708648265339434,0.005243728904920908,0.02643488720059395,0.01740488549694419,0.024628886859864,0.017418671759087165,0.017522728070616722,0.011766964569687843,0.01637157537043095,0.011775751994880101
song_a6cc3d1c997f8e07adade9fd28c157e4d03f4f8f4987adaac8a306b72b6f13a6,success,emotion,classifier-panel-v1,359,1,510,258,258,2e1a0cdf870cfd21b467587a6983ef260320cda0cd2c0e9a3e4e65119bda72c4,2e1a0cdf870cfd21b467587a6983ef260320cda0cd2c0e9a3e4e65119bda72c4,0.11591611057519913,0.11591611057519913,0.11591611057519913,0.11591611057519913,0.0016047705430537462,0.0016047705430537462,0.0016047705430537462,0.0016047705430537462,0.0021029305644333363,0.0021029305644333363,0.0021029305644333363,0.0021029305644333363,0.0030656864400953054,0.0030656864400953054,0.0030656864400953054,0.0030656864400953054,0.06964491307735443,0.06964491307735443,0.06964491307735443,0.06964491307735443,0.035718437284231186,0.035718437284231186,0.035718437284231186,0.035718437284231186,0.0019263742724433541,0.0019263742724433541,0.0019263742724433541,0.0019263742724433541,0.0022914165165275335,0.0022914165165275335,0.0022914165165275335,0.0022914165165275335,0.06489963829517365,0.06489963829517365,0.06489963829517365,0.06489963829517365,0.005224510096013546,0.005224510096013546,0.005224510096013546,0.005224510096013546,0.003936287481337786,0.003936287481337786,0.003936287481337786,0.003936287481337786,0.0009402950527146459,0.0009402950527146459,0.0009402950527146459,0.0009402950527146459,0.0005353589076548815,0.0005353589076548815,0.0005353589076548815,0.0005353589076548815,0.019356224685907364,0.019356224685907364,0.019356224685907364,0.019356224685907364,0.0019462327472865582,0.0019462327472865582,0.0019462327472865582,0.0019462327472865582,0.00156292668543756,0.00156292668543756,0.00156292668543756,0.00156292668543756,0.0009106207871809602,0.0009106207871809602,0.0009106207871809602,0.0009106207871809602,0.0465875007212162,0.0465875007212162,0.0465875007212162,0.0465875007212162,0.8331623077392578,0.8331623077392578,0.8331623077392578,0.8331623077392578,0.0012236754409968853,0.0012236754409968853,0.0012236754409968853,0.0012236754409968853,0.05685746669769287,0.05685746669769287,0.05685746669769287,0.05685746669769287,0.19742810726165771,0.19742810726165771,0.19742810726165771,0.19742810726165771,0.002974261762574315,0.002974261762574315,0.002974261762574315,0.002974261762574315,0.009141932241618633,0.009141932241618633,0.009141932241618633,0.009141932241618633,0.001823466969653964,0.001823466969653964,0.001823466969653964,0.001823466969653964,0.0020378956105560064,0.0020378956105560064,0.0020378956105560064,0.0020378956105560064,0.003540519392117858,0.003540519392117858,0.003540519392117858,0.003540519392117858,0.0027604077477008104,0.0027604077477008104,0.0027604077477008104,0.0027604077477008104
song_3be80d6898e6d7126085bef1a2e577252c3acb8d6fb29059cd60aa374c032093,success,emotion,classifier-panel-v1,856,2,510,596,596,b58577a84a6d3c8ca87d5d624ee4fe7dc17460b9d63fd368addbe07a7e7fc203,b58577a84a6d3c8ca87d5d624ee4fe7dc17460b9d63fd368addbe07a7e7fc203,0.0014991958159953356,0.0011802235967479646,0.0014354013721458614,0.0011802235967479646,0.026803964748978615,0.014448382542468607,0.024332848307676614,0.014448382542468607,0.015769455581903458,0.012742575258016586,0.015164079517126084,0.012742575258016586,0.08794038742780685,0.08661403506994247,0.08767511695623398,0.08661403506994247,0.011714227497577667,0.011394499335438013,0.011650281865149737,0.011394499335438013,0.001227174187079072,0.0011668875231407583,0.0012151168542914093,0.0011668875231407583,0.01400174293667078,0.0073664464871399105,0.012674683646764606,0.0073664464871399105,0.004310842603445053,0.00248106534127146,0.003944887151010335,0.00248106534127146,0.001353049767203629,0.0013184844865463674,0.0013461367110721768,0.0013184844865463674,0.008813483640551567,0.0077512909192591906,0.008601045096293091,0.0077512909192591906,0.012965600937604904,0.009958407375961542,0.012364162225276233,0.009958407375961542,0.00413967901840806,0.0032853769371286035,0.003968818602152169,0.0032853769371286035,0.0018499389989301562,0.0013848497183062136,0.0017569211428053676,0.0013848497183062136,0.0036733713932335377,0.0023643402382731438,0.003411565162241459,0.0023643402382731438,0.0013507637195289135,0.0009978012240026146,0.0012801712204236538,0.0009978012240026146,0.00025368770002387464,0.00019848218653351068,0.00024264659732580184,0.00019848218653351068,0.00033583276672288775,0.0003053120744880289,0.000329728628275916,0.0003053120744880289,0.00448091235011816,0.0027813202468678355,0.004140993929468095,0.0027813202468678355,0.0005398590001277626,0.00044726098712999374,0.0005213393975282088,0.00044726098712999374,0.0005024444544687867,0.0004936727636959404,0.0005006901163142174,0.0004936727636959404,0.8764538168907166,0.875375509262085,0.8762381553649903,0.875375509262085,0.0035369398538023233,0.003278032294474542,0.003485158341936767,0.003278032294474542,0.0006443991442210972,0.0004239123809384182,0.0006003017915645614,0.0004239123809384182,0.010235685855150223,0.00910940021276474,0.010010428726673126,0.00910940021276474,0.0006150034023448825,0.00044368205999489874,0.0005807391338748858,0.00044368205999489874,0.0002265309012727812,0.00022093554434832186,0.00022541182988788933,0.00022093554434832186,0.0018277367344126105,0.0018191724666394293,0.0018260238808579742,0.0018191724666394293,0.001830321503803134,0.0016300021088682115,0.0017902576248161495,0.0016300021088682115
song_59b578620c6f147ffde7e2fc69ee9a4809e9a70977488526ad587f45fee9ae3c,success,emotion,classifier-panel-v1,842,2,510,547,547,1c9e200d0c2541e800905a8908921c3f77e632a00f26db2a89294ea3389ad70d,1c9e200d0c2541e800905a8908921c3f77e632a00f26db2a89294ea3389ad70d,0.018648268654942513,0.015482141636312008,0.01801504325121641,0.015482141636312008,0.0015225970419123769,0.0012778739910572767,0.0014736524317413568,0.0012778739910572767,0.008924431167542934,0.007631352171301842,0.008665815368294716,0.007631352171301842,0.013271401636302471,0.012156587094068527,0.013048438727855683,0.012156587094068527,0.06893517822027206,0.059755608439445496,0.06709926426410676,0.059755608439445496,0.011619464494287968,0.007783518172800541,0.010852275229990483,0.007783518172800541,0.0030929071363061666,0.003045423422008753,0.003083410393446684,0.003045423422008753,0.004356357268989086,0.003975316416472197,0.004280149098485708,0.003975316416472197,0.0471155159175396,0.031709310598671436,0.044034274853765966,0.031709310598671436,0.011101887561380863,0.008127827197313309,0.010507075488567353,0.008127827197313309,0.007540161721408367,0.0065864804200828075,0.007349425461143255,0.0065864804200828075,0.003801740938797593,0.0027914178208447993,0.0035996763152070345,0.0027914178208447993,0.0011341058416292071,0.0010733242379501462,0.001121949520893395,0.0010733242379501462,0.16995030641555786,0.09016797924414277,0.15399384098127486,0.09016797924414277,0.0017966707237064838,0.0017515007057227194,0.001787636720109731,0.0017515007057227194,0.0006631542346440256,0.00046001259761396796,0.0006225259072380141,0.00046001259761396796,0.001025727717205882,0.0009183949150610715,0.00100426115677692,0.0009183949150610715,0.040530528873205185,0.02681700512766838,0.03778782412409783,0.02681700512766838,0.9306672215461731,0.7016049027442932,0.8848547577857971,0.7016049027442932,0.0017789232078939676,0.0017320752958767116,0.0017695536254905165,0.0017320752958767116,0.24702803790569305,0.15116051211953163,0.22785453274846076,0.15116051211953163,0.007924397476017475,0.005510574439540505,0.007441632868722081,0.005510574439540505,0.002118221716955304,0.0015545115456916392,0.0020054796827025712,0.0015545115456916392,0.013719293288886547,0.012651428114622831,0.013505720254033803,0.012651428114622831,0.0017149999039247632,0.0013076990435365587,0.0016335397318471222,0.0013076990435365587,0.0016835026908665895,0.0010837796871783212,0.0015635580901289358,0.0010837796871783212,0.009339980781078339,0.006240157876163721,0.008720016200095417,0.006240157876163721,0.01422099582850933,0.009064431069418788,0.013189682876691223,0.009064431069418788
song_4cc7506f1e8d8210be05ab31ae91bd610554d866b02bf85d1040cd114b42b273,success,emotion,classifier-panel-v1,268,1,510,207,207,d36ca61a7d48378819d322639e6131ba77ae0f6e031ba61562c95a7bb9640d0c,d36ca61a7d48378819d322639e6131ba77ae0f6e031ba61562c95a7bb9640d0c,0.004558644723147154,0.004558644723147154,0.004558644723147154,0.004558644723147154,0.0018281647935509682,0.0018281647935509682,0.0018281647935509682,0.0018281647935509682,0.004579529631882906,0.004579529631882906,0.004579529631882906,0.004579529631882906,0.011632614769041538,0.011632614769041538,0.011632614769041538,0.011632614769041538,0.010681123472750187,0.010681123472750187,0.010681123472750187,0.010681123472750187,0.013993174768984318,0.013993174768984318,0.013993174768984318,0.013993174768984318,0.006942588370293379,0.006942588370293379,0.006942588370293379,0.006942588370293379,0.008494961075484753,0.008494961075484753,0.008494961075484753,0.008494961075484753,0.018528735265135765,0.018528735265135765,0.018528735265135765,0.018528735265135765,0.174195796251297,0.174195796251297,0.174195796251297,0.174195796251297,0.007975704967975616,0.007975704967975616,0.007975704967975616,0.007975704967975616,0.004406825639307499,0.004406825639307499,0.004406825639307499,0.004406825639307499,0.0022364447358995676,0.0022364447358995676,0.0022364447358995676,0.0022364447358995676,0.0029453630559146404,0.0029453630559146404,0.0029453630559146404,0.0029453630559146404,0.05511859431862831,0.05511859431862831,0.05511859431862831,0.05511859431862831,0.0005531831993721426,0.0005531831993721426,0.0005531831993721426,0.0005531831993721426,0.02669883891940117,0.02669883891940117,0.02669883891940117,0.02669883891940117,0.00365633238106966,0.00365633238106966,0.00365633238106966,0.00365633238106966,0.013372733257710934,0.013372733257710934,0.013372733257710934,0.013372733257710934,0.04800310730934143,0.04800310730934143,0.04800310730934143,0.04800310730934143,0.061774082481861115,0.061774082481861115,0.061774082481861115,0.061774082481861115,0.008002547547221184,0.008002547547221184,0.008002547547221184,0.008002547547221184,0.0006611632416024804,0.0006611632416024804,0.0006611632416024804,0.0006611632416024804,0.021587911993265152,0.021587911993265152,0.021587911993265152,0.021587911993265152,0.0025950083509087563,0.0025950083509087563,0.0025950083509087563,0.0025950083509087563,0.008716261014342308,0.008716261014342308,0.008716261014342308,0.008716261014342308,0.8283973336219788,0.8283973336219788,0.8283973336219788,0.8283973336219788,0.007408093195408583,0.007408093195408583,0.007408093195408583,0.007408093195408583
song_a22606f73b2eb26912bcd4c63b31ac5c72f573b98d06a74097ac6988b8a4761a,success,emotion,classifier-panel-v1,393,1,510,295,295,71be88344ade240a4fdc3028ae667a26144994cfa3b944161876d4db0a475fd3,71be88344ade240a4fdc3028ae667a26144994cfa3b944161876d4db0a475fd3,0.23208601772785187,0.23208601772785187,0.23208601772785187,0.23208601772785187,0.000564762216527015,0.000564762216527015,0.000564762216527015,0.000564762216527015,0.003058671485632658,0.003058671485632658,0.003058671485632658,0.003058671485632658,0.005230112001299858,0.005230112001299858,0.005230112001299858,0.005230112001299858,0.15344750881195068,0.15344750881195068,0.15344750881195068,0.15344750881195068,0.011397371999919415,0.011397371999919415,0.011397371999919415,0.011397371999919415,0.03493259474635124,0.03493259474635124,0.03493259474635124,0.03493259474635124,0.18193180859088898,0.18193180859088898,0.18193180859088898,0.18193180859088898,0.00840227585285902,0.00840227585285902,0.00840227585285902,0.00840227585285902,0.011416880413889885,0.011416880413889885,0.011416880413889885,0.011416880413889885,0.004895588383078575,0.004895588383078575,0.004895588383078575,0.004895588383078575,0.0010434972355142236,0.0010434972355142236,0.0010434972355142236,0.0010434972355142236,0.0012267756974324584,0.0012267756974324584,0.0012267756974324584,0.0012267756974324584,0.08508118987083435,0.08508118987083435,0.08508118987083435,0.08508118987083435,0.00508926622569561,0.00508926622569561,0.00508926622569561,0.00508926622569561,0.0009312685579061508,0.0009312685579061508,0.0009312685579061508,0.0009312685579061508,0.0025068067479878664,0.0025068067479878664,0.0025068067479878664,0.0025068067479878664,0.025443855673074722,0.025443855673074722,0.025443855673074722,0.025443855673074722,0.31599050760269165,0.31599050760269165,0.31599050760269165,0.31599050760269165,0.005082520190626383,0.005082520190626383,0.005082520190626383,0.005082520190626383,0.056390758603811264,0.056390758603811264,0.056390758603811264,0.056390758603811264,0.010234628804028034,0.010234628804028034,0.010234628804028034,0.010234628804028034,0.003399719251319766,0.003399719251319766,0.003399719251319766,0.003399719251319766,0.03207174688577652,0.03207174688577652,0.03207174688577652,0.03207174688577652,0.004355075303465128,0.004355075303465128,0.004355075303465128,0.004355075303465128,0.001535206800326705,0.001535206800326705,0.001535206800326705,0.001535206800326705,0.012482961639761925,0.012482961639761925,0.012482961639761925,0.012482961639761925,0.1320333033800125,0.1320333033800125,0.1320333033800125,0.1320333033800125
song_be18506dff183b6a8ee7e34e0063fde1d8f047a431bce1ad15210cd247070d71,success,emotion,classifier-panel-v1,802,2,510,586,586,4fbbe99b5fad58cc08f65a272f03ee53ea321adc274ab546e3f5fed321e06a4e,4fbbe99b5fad58cc08f65a272f03ee53ea321adc274ab546e3f5fed321e06a4e,0.0011556580429896712,0.0010529074061196297,0.001135107915615663,0.0010529074061196297,0.0036529554054141045,0.002884597284719348,0.0034992837812751532,0.002884597284719348,0.09048879146575928,0.08011652901768684,0.08841433897614479,0.08011652901768684,0.21025151014328003,0.169563390314579,0.20211388617753984,0.169563390314579,0.014956329017877579,0.012651780620217323,0.014495419338345528,0.012651780620217323,0.0035624075680971146,0.002858957974240184,0.0034217176493257285,0.002858957974240184,0.0017256865976378322,0.0015431586070917547,0.0016891809995286168,0.0015431586070917547,0.0008945121080614626,0.0007730304496362805,0.0008702157763764262,0.0007730304496362805,0.0013338945573195815,0.0012979099992662668,0.0013266976457089186,0.0012979099992662668,0.016658172011375427,0.013702909927815199,0.016067119594663382,0.013702909927815199,0.3466760516166687,0.26485709846019745,0.3303122609853745,0.26485709846019745,0.008087645284831524,0.007918518967926502,0.00805382002145052,0.007918518967926502,0.002121955156326294,0.002068446367047727,0.0021112533984705808,0.002068446367047727,0.0009551284601911902,0.0008520921692252159,0.0009345212019979954,0.0008520921692252159,0.0009653318556956947,0.0009535699500702322,0.0009629794745706022,0.0009535699500702322,0.000700113654602319,0.0005943100841250271,0.0006789529405068606,0.0005943100841250271,0.00044107227586209774,0.000435599111369811,0.00043997764296364037,0.000435599111369811,0.0015522054163739085,0.0014379315543919802,0.0015293506439775229,0.0014379315543919802,0.0013476110761985183,0.0011814093450084329,0.0013143707299605012,0.0011814093450084329,0.0004593531775753945,0.0004062941443407908,0.00044874137092847376,0.0004062941443407908,0.6970621943473816,0.595292255282402,0.6767082065343857,0.595292255282402,0.0017969290493056178,0.0014784301165491343,0.001733229262754321,0.0014784301165491343,0.0003865268954541534,0.00034699070965871215,0.0003786196582950652,0.00034699070965871215,0.008223402313888073,0.00711419340223074,0.008001560531556606,0.00711419340223074,0.0005252828123047948,0.0004567994474200532,0.0005115861393278464,0.0004567994474200532,0.0006512943073175848,0.0005740540800616145,0.0006358462618663907,0.0005740540800616145,0.004196478985249996,0.0038545209681615233,0.004128087381832302,0.0038545209681615233,0.0009393574437126517,0.0008764321682974696,0.0009267723886296153,0.0008764321682974696
song_431842b1312020e5d414f0de65e5c9ec072969ac8df182145eb4f25f39e9a5d3,success,emotion,classifier-panel-v1,404,1,510,296,296,e4468202ca6130c0bc322d6de2293247f257d7a08b84b9ac3de9132daf56ff47,e4468202ca6130c0bc322d6de2293247f257d7a08b84b9ac3de9132daf56ff47,0.010584091767668724,0.010584091767668724,0.010584091767668724,0.010584091767668724,0.0009239902137778699,0.0009239902137778699,0.0009239902137778699,0.0009239902137778699,0.0031353856902569532,0.0031353856902569532,0.0031353856902569532,0.0031353856902569532,0.004148579202592373,0.004148579202592373,0.004148579202592373,0.004148579202592373,0.14965452253818512,0.14965452253818512,0.14965452253818512,0.14965452253818512,0.017147529870271683,0.017147529870271683,0.017147529870271683,0.017147529870271683,0.005772132892161608,0.005772132892161608,0.005772132892161608,0.005772132892161608,0.0032459835056215525,0.0032459835056215525,0.0032459835056215525,0.0032459835056215525,0.07975205034017563,0.07975205034017563,0.07975205034017563,0.07975205034017563,0.006282146088778973,0.006282146088778973,0.006282146088778973,0.006282146088778973,0.005312005989253521,0.005312005989253521,0.005312005989253521,0.005312005989253521,0.0017562564462423325,0.0017562564462423325,0.0017562564462423325,0.0017562564462423325,0.000580749474465847,0.000580749474465847,0.000580749474465847,0.000580749474465847,0.006037469953298569,0.006037469953298569,0.006037469953298569,0.006037469953298569,0.0024029731284826994,0.0024029731284826994,0.0024029731284826994,0.0024029731284826994,0.0012320305686444044,0.0012320305686444044,0.0012320305686444044,0.0012320305686444044,0.000706637219991535,0.000706637219991535,0.000706637219991535,0.000706637219991535,0.00785640999674797,0.00785640999674797,0.00785640999674797,0.00785640999674797,0.8219587802886963,0.8219587802886963,0.8219587802886963,0.8219587802886963,0.001517727505415678,0.001517727505415678,0.001517727505415678,0.001517727505415678,0.07985679060220718,0.07985679060220718,0.07985679060220718,0.07985679060220718,0.1203526109457016,0.1203526109457016,0.1203526109457016,0.1203526109457016,0.0009568589739501476,0.0009568589739501476,0.0009568589739501476,0.0009568589739501476,0.015865562483668327,0.015865562483668327,0.015865562483668327,0.015865562483668327,0.0010852111736312509,0.0010852111736312509,0.0010852111736312509,0.0010852111736312509,0.0020715086720883846,0.0020715086720883846,0.0020715086720883846,0.0020715086720883846,0.0038888631388545036,0.0038888631388545036,0.0038888631388545036,0.0038888631388545036,0.001430837786756456,0.001430837786756456,0.001430837786756456,0.001430837786756456
song_a774cd098b6d541712b9c125d8283d2050e37bbd30ccb15a2f46def348e4cd32,success,emotion,classifier-panel-v1,343,1,510,208,208,4316181b1d7967eb4750ec778c6111a095eec8f3522f51902e26dd093ff386d1,4316181b1d7967eb4750ec778c6111a095eec8f3522f51902e26dd093ff386d1,0.0016784550389274955,0.0016784550389274955,0.0016784550389274955,0.0016784550389274955,0.004533004015684128,0.004533004015684128,0.004533004015684128,0.004533004015684128,0.0016674632206559181,0.0016674632206559181,0.0016674632206559181,0.0016674632206559181,0.01949058100581169,0.01949058100581169,0.01949058100581169,0.01949058100581169,0.02228143811225891,0.02228143811225891,0.02228143811225891,0.02228143811225891,0.002143146237358451,0.002143146237358451,0.002143146237358451,0.002143146237358451,0.0021021831780672073,0.0021021831780672073,0.0021021831780672073,0.0021021831780672073,0.000433039094787091,0.000433039094787091,0.000433039094787091,0.000433039094787091,0.0007372764521278441,0.0007372764521278441,0.0007372764521278441,0.0007372764521278441,0.027199141681194305,0.027199141681194305,0.027199141681194305,0.027199141681194305,0.014316661283373833,0.014316661283373833,0.014316661283373833,0.014316661283373833,0.002047689398750663,0.002047689398750663,0.002047689398750663,0.002047689398750663,0.0031262466218322515,0.0031262466218322515,0.0031262466218322515,0.0031262466218322515,0.0012359486427158117,0.0012359486427158117,0.0012359486427158117,0.0012359486427158117,0.0016087995609268546,0.0016087995609268546,0.0016087995609268546,0.0016087995609268546,0.001667235279455781,0.001667235279455781,0.001667235279455781,0.001667235279455781,0.0020215886179357767,0.0020215886179357767,0.0020215886179357767,0.0020215886179357767,0.02598109468817711,0.02598109468817711,0.02598109468817711,0.02598109468817711,0.0006640583160333335,0.0006640583160333335,0.0006640583160333335,0.0006640583160333335,0.0021969154477119446,0.0021969154477119446,0.0021969154477119446,0.0021969154477119446,0.7637420296669006,0.7637420296669006,0.7637420296669006,0.7637420296669006,0.0017896821955218911,0.0017896821955218911,0.0017896821955218911,0.0017896821955218911,0.0012772614136338234,0.0012772614136338234,0.0012772614136338234,0.0012772614136338234,0.05003087967634201,0.05003087967634201,0.05003087967634201,0.05003087967634201,0.008922412060201168,0.008922412060201168,0.008922412060201168,0.008922412060201168,0.0016327501507475972,0.0016327501507475972,0.0016327501507475972,0.0016327501507475972,0.03366527706384659,0.03366527706384659,0.03366527706384659,0.03366527706384659,0.0013186025898903608,0.0013186025898903608,0.0013186025898903608,0.0013186025898903608
song_bc36f76c0600a69cd4e5b99246c99c1d53f92053556b363163a3317600484a6a,success,emotion,classifier-panel-v1,477,1,510,338,338,24d2b1adbe6d78329e83ef6faef6f282650be1be197119fc4948dea87e77cd22,24d2b1adbe6d78329e83ef6faef6f282650be1be197119fc4948dea87e77cd22,0.0044804229401052,0.0044804229401052,0.0044804229401052,0.0044804229401052,0.001639084774069488,0.001639084774069488,0.001639084774069488,0.001639084774069488,0.01615111529827118,0.01615111529827118,0.01615111529827118,0.01615111529827118,0.026195717975497246,0.026195717975497246,0.026195717975497246,0.026195717975497246,0.05491979047656059,0.05491979047656059,0.05491979047656059,0.05491979047656059,0.028164895251393318,0.028164895251393318,0.028164895251393318,0.028164895251393318,0.003409398952499032,0.003409398952499032,0.003409398952499032,0.003409398952499032,0.0026692356914281845,0.0026692356914281845,0.0026692356914281845,0.0026692356914281845,0.11389247328042984,0.11389247328042984,0.11389247328042984,0.11389247328042984,0.034817446023225784,0.034817446023225784,0.034817446023225784,0.034817446023225784,0.023979617282748222,0.023979617282748222,0.023979617282748222,0.023979617282748222,0.007728038355708122,0.007728038355708122,0.007728038355708122,0.007728038355708122,0.001694425824098289,0.001694425824098289,0.001694425824098289,0.001694425824098289,0.003221629885956645,0.003221629885956645,0.003221629885956645,0.003221629885956645,0.0016231107292696834,0.0016231107292696834,0.0016231107292696834,0.0016231107292696834,0.0009270235896110535,0.0009270235896110535,0.0009270235896110535,0.0009270235896110535,0.00149429717566818,0.00149429717566818,0.00149429717566818,0.00149429717566818,0.006845955736935139,0.006845955736935139,0.006845955736935139,0.006845955736935139,0.8769745230674744,0.8769745230674744,0.8769745230674744,0.8769745230674744,0.001880723750218749,0.001880723750218749,0.001880723750218749,0.001880723750218749,0.05893748998641968,0.05893748998641968,0.05893748998641968,0.05893748998641968,0.025022152811288834,0.025022152811288834,0.025022152811288834,0.025022152811288834,0.0007220649276860058,0.0007220649276860058,0.0007220649276860058,0.0007220649276860058,0.013537471182644367,0.013537471182644367,0.013537471182644367,0.013537471182644367,0.0009934811387211084,0.0009934811387211084,0.0009934811387211084,0.0009934811387211084,0.006490402854979038,0.006490402854979038,0.006490402854979038,0.006490402854979038,0.027730371803045273,0.027730371803045273,0.027730371803045273,0.027730371803045273,0.0011292212875559926,0.0011292212875559926,0.0011292212875559926,0.0011292212875559926
song_668b336197fa733f28d2114cb0d4483a98714bc5a9eccdd49869518404fafff0,success,emotion,classifier-panel-v1,437,1,510,230,230,7a4ce57a61053412580d2ecd67ffdf825e8b4fb67c5cea8d2a6d25031daf6d9a,7a4ce57a61053412580d2ecd67ffdf825e8b4fb67c5cea8d2a6d25031daf6d9a,0.0034245881251990795,0.0034245881251990795,0.0034245881251990795,0.0034245881251990795,0.0012722815154120326,0.0012722815154120326,0.0012722815154120326,0.0012722815154120326,0.005964081734418869,0.005964081734418869,0.005964081734418869,0.005964081734418869,0.01619766652584076,0.01619766652584076,0.01619766652584076,0.01619766652584076,0.02634773775935173,0.02634773775935173,0.02634773775935173,0.02634773775935173,0.0176700372248888,0.0176700372248888,0.0176700372248888,0.0176700372248888,0.006851628888398409,0.006851628888398409,0.006851628888398409,0.006851628888398409,0.023586388677358627,0.023586388677358627,0.023586388677358627,0.023586388677358627,0.0045033665373921394,0.0045033665373921394,0.0045033665373921394,0.0045033665373921394,0.02133837528526783,0.02133837528526783,0.02133837528526783,0.02133837528526783,0.00899585522711277,0.00899585522711277,0.00899585522711277,0.00899585522711277,0.0013925967505201697,0.0013925967505201697,0.0013925967505201697,0.0013925967505201697,0.0008209210354834795,0.0008209210354834795,0.0008209210354834795,0.0008209210354834795,0.0027309798169881105,0.0027309798169881105,0.0027309798169881105,0.0027309798169881105,0.001113430131226778,0.001113430131226778,0.001113430131226778,0.001113430131226778,9.717376087792218e-05,9.717376087792218e-05,9.717376087792218e-05,9.717376087792218e-05,0.0011415650369599462,0.0011415650369599462,0.0011415650369599462,0.0011415650369599462,0.0052619799971580505,0.0052619799971580505,0.0052619799971580505,0.0052619799971580505,0.08933256566524506,0.08933256566524506,0.08933256566524506,0.08933256566524506,0.0013591444585472345,0.0013591444585472345,0.0013591444585472345,0.0013591444585472345,0.7277789115905762,0.7277789115905762,0.7277789115905762,0.7277789115905762,0.004120738245546818,0.004120738245546818,0.004120738245546818,0.004120738245546818,0.00030797612271271646,0.00030797612271271646,0.00030797612271271646,0.00030797612271271646,0.00544325914233923,0.00544325914233923,0.00544325914233923,0.00544325914233923,0.0008520642877556384,0.0008520642877556384,0.0008520642877556384,0.0008520642877556384,0.001434281119145453,0.001434281119145453,0.001434281119145453,0.001434281119145453,0.01797023043036461,0.01797023043036461,0.01797023043036461,0.01797023043036461,0.0013302249135449529,0.0013302249135449529,0.0013302249135449529,0.0013302249135449529
song_a5ffceb48df141a6ead277d91c687b6b6f87f4e4a27eaca6b77af8deac820a52,success,emotion,classifier-panel-v1,351,1,510,245,245,2740d098d210ac5fea54a7260629d3c1ba0b0d0fc1d1adec66910b88f35e49f8,2740d098d210ac5fea54a7260629d3c1ba0b0d0fc1d1adec66910b88f35e49f8,0.07764653861522675,0.07764653861522675,0.07764653861522675,0.07764653861522675,0.002208465477451682,0.002208465477451682,0.002208465477451682,0.002208465477451682,0.0025089990813285112,0.0025089990813285112,0.0025089990813285112,0.0025089990813285112,0.0038954736664891243,0.0038954736664891243,0.0038954736664891243,0.0038954736664891243,0.08813600987195969,0.08813600987195969,0.08813600987195969,0.08813600987195969,0.023094890639185905,0.023094890639185905,0.023094890639185905,0.023094890639185905,0.0012215489987283945,0.0012215489987283945,0.0012215489987283945,0.0012215489987283945,0.001352790859527886,0.001352790859527886,0.001352790859527886,0.001352790859527886,0.02805923856794834,0.02805923856794834,0.02805923856794834,0.02805923856794834,0.0034727046731859446,0.0034727046731859446,0.0034727046731859446,0.0034727046731859446,0.0030484420713037252,0.0030484420713037252,0.0030484420713037252,0.0030484420713037252,0.0013641879195347428,0.0013641879195347428,0.0013641879195347428,0.0013641879195347428,0.0005999182467348874,0.0005999182467348874,0.0005999182467348874,0.0005999182467348874,0.03925547003746033,0.03925547003746033,0.03925547003746033,0.03925547003746033,0.001986278221011162,0.001986278221011162,0.001986278221011162,0.001986278221011162,0.0037339353002607822,0.0037339353002607822,0.0037339353002607822,0.0037339353002607822,0.0008828943828120828,0.0008828943828120828,0.0008828943828120828,0.0008828943828120828,0.10702816396951675,0.10702816396951675,0.10702816396951675,0.10702816396951675,0.9011304378509521,0.9011304378509521,0.9011304378509521,0.9011304378509521,0.0013857102021574974,0.0013857102021574974,0.0013857102021574974,0.0013857102021574974,0.02216492034494877,0.02216492034494877,0.02216492034494877,0.02216492034494877,0.04865652695298195,0.04865652695298195,0.04865652695298195,0.04865652695298195,0.0028879959136247635,0.0028879959136247635,0.0028879959136247635,0.0028879959136247635,0.00736190052703023,0.00736190052703023,0.00736190052703023,0.00736190052703023,0.0024702379014343023,0.0024702379014343023,0.0024702379014343023,0.0024702379014343023,0.0012352925259619951,0.0012352925259619951,0.0012352925259619951,0.0012352925259619951,0.0036549291107803583,0.0036549291107803583,0.0036549291107803583,0.0036549291107803583,0.003163947956636548,0.003163947956636548,0.003163947956636548,0.003163947956636548
song_828a2fabc32543ca52c9c7d0e53a3f25f6182b996df6b3fcb860b8c631774b4c,success,emotion,classifier-panel-v1,506,1,510,381,381,7fa24083cf5458524659a61a207327cb7cf66d84f6ad333830e803d010eba06a,7fa24083cf5458524659a61a207327cb7cf66d84f6ad333830e803d010eba06a,0.23862610757350922,0.23862610757350922,0.23862610757350922,0.23862610757350922,0.013207660987973213,0.013207660987973213,0.013207660987973213,0.013207660987973213,0.0018550008535385132,0.0018550008535385132,0.0018550008535385132,0.0018550008535385132,0.005043518729507923,0.005043518729507923,0.005043518729507923,0.005043518729507923,0.12470102310180664,0.12470102310180664,0.12470102310180664,0.12470102310180664,0.012390387244522572,0.012390387244522572,0.012390387244522572,0.012390387244522572,0.0014132942305877805,0.0014132942305877805,0.0014132942305877805,0.0014132942305877805,0.001975782448425889,0.001975782448425889,0.001975782448425889,0.001975782448425889,0.005909701809287071,0.005909701809287071,0.005909701809287071,0.005909701809287071,0.0034069924149662256,0.0034069924149662256,0.0034069924149662256,0.0034069924149662256,0.003050042549148202,0.003050042549148202,0.003050042549148202,0.003050042549148202,0.0007487956900149584,0.0007487956900149584,0.0007487956900149584,0.0007487956900149584,0.0006280987872742116,0.0006280987872742116,0.0006280987872742116,0.0006280987872742116,0.04018954932689667,0.04018954932689667,0.04018954932689667,0.04018954932689667,0.0005570718785747886,0.0005570718785747886,0.0005570718785747886,0.0005570718785747886,0.001734099816530943,0.001734099816530943,0.001734099816530943,0.001734099816530943,0.0010625214781612158,0.0010625214781612158,0.0010625214781612158,0.0010625214781612158,0.7018332481384277,0.7018332481384277,0.7018332481384277,0.7018332481384277,0.3603762686252594,0.3603762686252594,0.3603762686252594,0.3603762686252594,0.0012465453473851085,0.0012465453473851085,0.0012465453473851085,0.0012465453473851085,0.059220679104328156,0.059220679104328156,0.059220679104328156,0.059220679104328156,0.006496580317616463,0.006496580317616463,0.006496580317616463,0.006496580317616463,0.007309656590223312,0.007309656590223312,0.007309656590223312,0.007309656590223312,0.007149040699005127,0.007149040699005127,0.007149040699005127,0.007149040699005127,0.010004546493291855,0.010004546493291855,0.010004546493291855,0.010004546493291855,0.0005454489146359265,0.0005454489146359265,0.0005454489146359265,0.0005454489146359265,0.004095521755516529,0.004095521755516529,0.004095521755516529,0.004095521755516529,0.001389218377880752,0.001389218377880752,0.001389218377880752,0.001389218377880752
song_73fbb9f604cb292bdaf3f319390e188d21615475a6a3d28edf6ac1e542bb9ab8,success,emotion,classifier-panel-v1,808,2,510,521,521,846c27ada5a5e772d75a8325d2f63a63ee1b7bb675451599a68496f57695e96a,846c27ada5a5e772d75a8325d2f63a63ee1b7bb675451599a68496f57695e96a,0.000616500445175916,0.0005897366208955646,0.0006111476803198456,0.0005897366208955646,0.004591799341142178,0.004299201536923647,0.004533279780298471,0.004299201536923647,0.04179573059082031,0.038140786811709404,0.04106474183499813,0.038140786811709404,0.2696877419948578,0.2227083221077919,0.2602918580174446,0.2227083221077919,0.05062014237046242,0.034054421819746494,0.047306998260319234,0.034054421819746494,0.005308250896632671,0.003951272345148027,0.005036855186335743,0.003951272345148027,0.06217705458402634,0.05917206034064293,0.061576055735349654,0.05917206034064293,0.07950016111135483,0.07310866191983223,0.07822186127305031,0.07310866191983223,0.001523090060800314,0.0015087651554495096,0.001520225079730153,0.0015087651554495096,0.11100415885448456,0.07002226635813713,0.10280778035521508,0.07002226635813713,0.06567434221506119,0.058141106739640236,0.064167695119977,0.058141106739640236,0.01966720074415207,0.01599440723657608,0.018932642042636873,0.01599440723657608,0.3323233127593994,0.2697342708706856,0.31980550438165667,0.2697342708706856,0.0015043016755953431,0.001462733547668904,0.0014959880500100553,0.001462733547668904,0.009388934820890427,0.007409950019791722,0.008993137860670686,0.007409950019791722,0.000492697989102453,0.0004289872304070741,0.0004799558373633772,0.0004289872304070741,0.003331259824335575,0.0028030743123963475,0.0032256227219477295,0.0028030743123963475,0.0021434491500258446,0.0021013040095567703,0.0021350201219320296,0.0021013040095567703,0.001217292039655149,0.0012132744304835796,0.0012164885178208352,0.0012132744304835796,0.011739963665604591,0.009202699409797788,0.011232510814443231,0.009202699409797788,0.1423730105161667,0.1301567181944847,0.13992975205183028,0.1301567181944847,0.0032890252768993378,0.0029132491908967495,0.0032138700596988203,0.0029132491908967495,0.0008139086421579123,0.0007809411908965558,0.0008073151519056409,0.0007809411908965558,0.11163788288831711,0.11102256923913956,0.1115148201584816,0.11102256923913956,0.0023766783997416496,0.002211033715866506,0.002343549462966621,0.002211033715866506,0.04786137863993645,0.042226484045386314,0.04673439972102642,0.042226484045386314,0.049360599368810654,0.034859344363212585,0.04646034836769104,0.034859344363212585,0.018923843279480934,0.014472885057330132,0.018033651635050774,0.014472885057330132
song_e319997d3f69b195d329284eff16e1d5872564140a461c7a55a80ac6bddbc9cc,success,emotion,classifier-panel-v1,386,1,510,278,278,301fbf834772eaf6cb76a454093446522108faef542df7765454831e60af04d7,301fbf834772eaf6cb76a454093446522108faef542df7765454831e60af04d7,0.0026329157408326864,0.0026329157408326864,0.0026329157408326864,0.0026329157408326864,0.0005306837265379727,0.0005306837265379727,0.0005306837265379727,0.0005306837265379727,0.005995366722345352,0.005995366722345352,0.005995366722345352,0.005995366722345352,0.019463444128632545,0.019463444128632545,0.019463444128632545,0.019463444128632545,0.030571313574910164,0.030571313574910164,0.030571313574910164,0.030571313574910164,0.02731476165354252,0.02731476165354252,0.02731476165354252,0.02731476165354252,0.17847125232219696,0.17847125232219696,0.17847125232219696,0.17847125232219696,0.41624248027801514,0.41624248027801514,0.41624248027801514,0.41624248027801514,0.010389495640993118,0.010389495640993118,0.010389495640993118,0.010389495640993118,0.032144542783498764,0.032144542783498764,0.032144542783498764,0.032144542783498764,0.024159308522939682,0.024159308522939682,0.024159308522939682,0.024159308522939682,0.002321230247616768,0.002321230247616768,0.002321230247616768,0.002321230247616768,0.0019276546081528068,0.0019276546081528068,0.0019276546081528068,0.0019276546081528068,0.0014124822337180376,0.0014124822337180376,0.0014124822337180376,0.0014124822337180376,0.00784583855420351,0.00784583855420351,0.00784583855420351,0.00784583855420351,0.00017614215903449804,0.00017614215903449804,0.00017614215903449804,0.00017614215903449804,0.0018470232607796788,0.0018470232607796788,0.0018470232607796788,0.0018470232607796788,0.000916363496799022,0.000916363496799022,0.000916363496799022,0.000916363496799022,0.015351827256381512,0.015351827256381512,0.015351827256381512,0.015351827256381512,0.005430673714727163,0.005430673714727163,0.005430673714727163,0.005430673714727163,0.29511669278144836,0.29511669278144836,0.29511669278144836,0.29511669278144836,0.007156697567552328,0.007156697567552328,0.007156697567552328,0.007156697567552328,0.00017238424334209412,0.00017238424334209412,0.00017238424334209412,0.00017238424334209412,0.0101410998031497,0.0101410998031497,0.0101410998031497,0.0101410998031497,0.0006772800115868449,0.0006772800115868449,0.0006772800115868449,0.0006772800115868449,0.004560856614261866,0.004560856614261866,0.004560856614261866,0.004560856614261866,0.03874548524618149,0.03874548524618149,0.03874548524618149,0.03874548524618149,0.0024527153000235558,0.0024527153000235558,0.0024527153000235558,0.0024527153000235558
song_7ca9c9ba50368ace4ab1ebc78a7987f6aec3f2ebfc55805c5aa8c879175e0b2a,success,emotion,classifier-panel-v1,311,1,510,251,251,5f877006745ae5ae552b997af50020326f6480745e9a510af809ca545bc80984,5f877006745ae5ae552b997af50020326f6480745e9a510af809ca545bc80984,0.017548514530062675,0.017548514530062675,0.017548514530062675,0.017548514530062675,0.0015121489996090531,0.0015121489996090531,0.0015121489996090531,0.0015121489996090531,0.005722544621676207,0.005722544621676207,0.005722544621676207,0.005722544621676207,0.010256295092403889,0.010256295092403889,0.010256295092403889,0.010256295092403889,0.06752753257751465,0.06752753257751465,0.06752753257751465,0.06752753257751465,0.10127314180135727,0.10127314180135727,0.10127314180135727,0.10127314180135727,0.0014009025180712342,0.0014009025180712342,0.0014009025180712342,0.0014009025180712342,0.004441705532371998,0.004441705532371998,0.004441705532371998,0.004441705532371998,0.7058394551277161,0.7058394551277161,0.7058394551277161,0.7058394551277161,0.0057495213113725185,0.0057495213113725185,0.0057495213113725185,0.0057495213113725185,0.004214693326503038,0.004214693326503038,0.004214693326503038,0.004214693326503038,0.004204061813652515,0.004204061813652515,0.004204061813652515,0.004204061813652515,0.0006967972149141133,0.0006967972149141133,0.0006967972149141133,0.0006967972149141133,0.009383955970406532,0.009383955970406532,0.009383955970406532,0.009383955970406532,0.0020628839265555143,0.0020628839265555143,0.0020628839265555143,0.0020628839265555143,0.008877553977072239,0.008877553977072239,0.008877553977072239,0.008877553977072239,0.0013586978893727064,0.0013586978893727064,0.0013586978893727064,0.0013586978893727064,0.009626462124288082,0.009626462124288082,0.009626462124288082,0.009626462124288082,0.2921407222747803,0.2921407222747803,0.2921407222747803,0.2921407222747803,0.0017573576187714934,0.0017573576187714934,0.0017573576187714934,0.0017573576187714934,0.05833170562982559,0.05833170562982559,0.05833170562982559,0.05833170562982559,0.045404303818941116,0.045404303818941116,0.045404303818941116,0.045404303818941116,0.001687557902187109,0.001687557902187109,0.001687557902187109,0.001687557902187109,0.005210002884268761,0.005210002884268761,0.005210002884268761,0.005210002884268761,0.0018734898185357451,0.0018734898185357451,0.0018734898185357451,0.0018734898185357451,0.0038984171114861965,0.0038984171114861965,0.0038984171114861965,0.0038984171114861965,0.00800381600856781,0.00800381600856781,0.00800381600856781,0.00800381600856781,0.0007520141080021858,0.0007520141080021858,0.0007520141080021858,0.0007520141080021858
song_316a0b9ba7277c09179f346f5f806cf819a8fc0641ac5d42b6558a4c972dc6aa,success,emotion,classifier-panel-v1,482,1,510,319,319,23eedc49777f9e3075879a19c3bbed4f9a91be8a4933f3bc606ac2f5217248ef,23eedc49777f9e3075879a19c3bbed4f9a91be8a4933f3bc606ac2f5217248ef,0.0026031110901385546,0.0026031110901385546,0.0026031110901385546,0.0026031110901385546,0.006147206760942936,0.006147206760942936,0.006147206760942936,0.006147206760942936,0.011947670951485634,0.011947670951485634,0.011947670951485634,0.011947670951485634,0.0625988319516182,0.0625988319516182,0.0625988319516182,0.0625988319516182,0.0060503543354570866,0.0060503543354570866,0.0060503543354570866,0.0060503543354570866,0.002819729968905449,0.002819729968905449,0.002819729968905449,0.002819729968905449,0.01963253691792488,0.01963253691792488,0.01963253691792488,0.01963253691792488,0.04033298045396805,0.04033298045396805,0.04033298045396805,0.04033298045396805,0.3492082357406616,0.3492082357406616,0.3492082357406616,0.3492082357406616,0.26056963205337524,0.26056963205337524,0.26056963205337524,0.26056963205337524,0.01299096830189228,0.01299096830189228,0.01299096830189228,0.01299096830189228,0.018115520477294922,0.018115520477294922,0.018115520477294922,0.018115520477294922,0.006698124576359987,0.006698124576359987,0.006698124576359987,0.006698124576359987,0.012058572843670845,0.012058572843670845,0.012058572843670845,0.012058572843670845,0.033850934356451035,0.033850934356451035,0.033850934356451035,0.033850934356451035,0.0002588278439361602,0.0002588278439361602,0.0002588278439361602,0.0002588278439361602,0.008897240273654461,0.008897240273654461,0.008897240273654461,0.008897240273654461,0.006244460120797157,0.006244460120797157,0.006244460120797157,0.006244460120797157,0.0066263508051633835,0.0066263508051633835,0.0066263508051633835,0.0066263508051633835,0.04181142523884773,0.04181142523884773,0.04181142523884773,0.04181142523884773,0.10910526663064957,0.10910526663064957,0.10910526663064957,0.10910526663064957,0.01139154378324747,0.01139154378324747,0.01139154378324747,0.01139154378324747,0.0009300280944444239,0.0009300280944444239,0.0009300280944444239,0.0009300280944444239,0.022723490372300148,0.022723490372300148,0.022723490372300148,0.022723490372300148,0.002098444616422057,0.002098444616422057,0.002098444616422057,0.002098444616422057,0.004492441192269325,0.004492441192269325,0.004492441192269325,0.004492441192269325,0.25409209728240967,0.25409209728240967,0.25409209728240967,0.25409209728240967,0.02077496610581875,0.02077496610581875,0.02077496610581875,0.02077496610581875
song_e12f73c01a9b74f42d83be6090427aacf2b73668f80c0ff93c72f9ce5a7a0f79,success,emotion,classifier-panel-v1,167,1,510,131,131,7e68773f828f1c770bae174f0a47b898fae1717a4f11583ba24c41707e143074,7e68773f828f1c770bae174f0a47b898fae1717a4f11583ba24c41707e143074,0.004431103356182575,0.004431103356182575,0.004431103356182575,0.004431103356182575,0.01037363801151514,0.01037363801151514,0.01037363801151514,0.01037363801151514,0.003953953273594379,0.003953953273594379,0.003953953273594379,0.003953953273594379,0.01823321171104908,0.01823321171104908,0.01823321171104908,0.01823321171104908,0.011611619964241982,0.011611619964241982,0.011611619964241982,0.011611619964241982,0.014317784458398819,0.014317784458398819,0.014317784458398819,0.014317784458398819,0.09429772943258286,0.09429772943258286,0.09429772943258286,0.09429772943258286,0.07335422188043594,0.07335422188043594,0.07335422188043594,0.07335422188043594,0.10536343604326248,0.10536343604326248,0.10536343604326248,0.10536343604326248,0.35188472270965576,0.35188472270965576,0.35188472270965576,0.35188472270965576,0.02473326399922371,0.02473326399922371,0.02473326399922371,0.02473326399922371,0.0024927419144660234,0.0024927419144660234,0.0024927419144660234,0.0024927419144660234,0.004250706173479557,0.004250706173479557,0.004250706173479557,0.004250706173479557,0.007761880289763212,0.007761880289763212,0.007761880289763212,0.007761880289763212,0.021768109872937202,0.021768109872937202,0.021768109872937202,0.021768109872937202,0.0006504026241600513,0.0006504026241600513,0.0006504026241600513,0.0006504026241600513,0.010210760869085789,0.010210760869085789,0.010210760869085789,0.010210760869085789,0.027463190257549286,0.027463190257549286,0.027463190257549286,0.027463190257549286,0.010869812220335007,0.010869812220335007,0.010869812220335007,0.010869812220335007,0.06210764870047569,0.06210764870047569,0.06210764870047569,0.06210764870047569,0.03302378207445145,0.03302378207445145,0.03302378207445145,0.03302378207445145,0.12137389183044434,0.12137389183044434,0.12137389183044434,0.12137389183044434,0.0009331804467365146,0.0009331804467365146,0.0009331804467365146,0.0009331804467365146,0.02897963672876358,0.02897963672876358,0.02897963672876358,0.02897963672876358,0.005064157769083977,0.005064157769083977,0.005064157769083977,0.005064157769083977,0.04080449789762497,0.04080449789762497,0.04080449789762497,0.04080449789762497,0.4314578175544739,0.4314578175544739,0.4314578175544739,0.4314578175544739,0.008041943423449993,0.008041943423449993,0.008041943423449993,0.008041943423449993
song_60e2979073e5573acf270d7fd14a51c86cbc41f3db455270246563c9aa8ece7d,success,emotion,classifier-panel-v1,368,1,510,272,272,dc6c546a68039ca1a149e990301e96d93bf075d1352ba0272b634d4a63275c84,dc6c546a68039ca1a149e990301e96d93bf075d1352ba0272b634d4a63275c84,0.0033876446541398764,0.0033876446541398764,0.0033876446541398764,0.0033876446541398764,0.0007598305819556117,0.0007598305819556117,0.0007598305819556117,0.0007598305819556117,0.002723803510889411,0.002723803510889411,0.002723803510889411,0.002723803510889411,0.010129379108548164,0.010129379108548164,0.010129379108548164,0.010129379108548164,0.07793930172920227,0.07793930172920227,0.07793930172920227,0.07793930172920227,0.26903313398361206,0.26903313398361206,0.26903313398361206,0.26903313398361206,0.0008858871879056096,0.0008858871879056096,0.0008858871879056096,0.0008858871879056096,0.0020755936857312918,0.0020755936857312918,0.0020755936857312918,0.0020755936857312918,0.3015727400779724,0.3015727400779724,0.3015727400779724,0.3015727400779724,0.010610750876367092,0.010610750876367092,0.010610750876367092,0.010610750876367092,0.004253791179507971,0.004253791179507971,0.004253791179507971,0.004253791179507971,0.0017150130588561296,0.0017150130588561296,0.0017150130588561296,0.0017150130588561296,0.0005334995803423226,0.0005334995803423226,0.0005334995803423226,0.0005334995803423226,0.003091648919507861,0.003091648919507861,0.003091648919507861,0.003091648919507861,0.0026636181864887476,0.0026636181864887476,0.0026636181864887476,0.0026636181864887476,0.001088376040570438,0.001088376040570438,0.001088376040570438,0.001088376040570438,0.0018562143668532372,0.0018562143668532372,0.0018562143668532372,0.0018562143668532372,0.0032894506584852934,0.0032894506584852934,0.0032894506584852934,0.0032894506584852934,0.03680889308452606,0.03680889308452606,0.03680889308452606,0.03680889308452606,0.003930841572582722,0.003930841572582722,0.003930841572582722,0.003930841572582722,0.2791769206523895,0.2791769206523895,0.2791769206523895,0.2791769206523895,0.044865552335977554,0.044865552335977554,0.044865552335977554,0.044865552335977554,0.0010032615391537547,0.0010032615391537547,0.0010032615391537547,0.0010032615391537547,0.010025768540799618,0.010025768540799618,0.010025768540799618,0.010025768540799618,0.002875413978472352,0.002875413978472352,0.002875413978472352,0.002875413978472352,0.004528857301920652,0.004528857301920652,0.004528857301920652,0.004528857301920652,0.024523653090000153,0.024523653090000153,0.024523653090000153,0.024523653090000153,0.0005907374434173107,0.0005907374434173107,0.0005907374434173107,0.0005907374434173107
song_0b640ff50889535179208394488f8a0238ceb517a43c66b5928d1e8be421878e,success,emotion,classifier-panel-v1,349,1,510,246,246,4aeb3cb26e4e238b0469c1c13e9f93e79d143329c07a5f5ea89ec00685124879,4aeb3cb26e4e238b0469c1c13e9f93e79d143329c07a5f5ea89ec00685124879,0.0014720956096425653,0.0014720956096425653,0.0014720956096425653,0.0014720956096425653,0.0007029647822491825,0.0007029647822491825,0.0007029647822491825,0.0007029647822491825,0.0020711678080260754,0.0020711678080260754,0.0020711678080260754,0.0020711678080260754,0.01213018223643303,0.01213018223643303,0.01213018223643303,0.01213018223643303,0.12585914134979248,0.12585914134979248,0.12585914134979248,0.12585914134979248,0.06261248141527176,0.06261248141527176,0.06261248141527176,0.06261248141527176,0.012121369130909443,0.012121369130909443,0.012121369130909443,0.012121369130909443,0.02143089473247528,0.02143089473247528,0.02143089473247528,0.02143089473247528,0.0027888996992260218,0.0027888996992260218,0.0027888996992260218,0.0027888996992260218,0.004906564950942993,0.004906564950942993,0.004906564950942993,0.004906564950942993,0.006454295013099909,0.006454295013099909,0.006454295013099909,0.006454295013099909,0.0006001043948344886,0.0006001043948344886,0.0006001043948344886,0.0006001043948344886,0.000400391174480319,0.000400391174480319,0.000400391174480319,0.000400391174480319,0.0012143609346821904,0.0012143609346821904,0.0012143609346821904,0.0012143609346821904,0.0020250643137842417,0.0020250643137842417,0.0020250643137842417,0.0020250643137842417,0.00010232453496428207,0.00010232453496428207,0.00010232453496428207,0.00010232453496428207,0.0004977818462066352,0.0004977818462066352,0.0004977818462066352,0.0004977818462066352,0.0014742187922820449,0.0014742187922820449,0.0014742187922820449,0.0014742187922820449,0.0014597177505493164,0.0014597177505493164,0.0014597177505493164,0.0014597177505493164,0.0020818975754082203,0.0020818975754082203,0.0020818975754082203,0.0020818975754082203,0.7662351727485657,0.7662351727485657,0.7662351727485657,0.7662351727485657,0.02328598126769066,0.02328598126769066,0.02328598126769066,0.02328598126769066,0.00033546972554177046,0.00033546972554177046,0.00033546972554177046,0.00033546972554177046,0.02706778235733509,0.02706778235733509,0.02706778235733509,0.02706778235733509,0.0015614950098097324,0.0015614950098097324,0.0015614950098097324,0.0015614950098097324,0.0005526940803974867,0.0005526940803974867,0.0005526940803974867,0.0005526940803974867,0.0033908274490386248,0.0033908274490386248,0.0033908274490386248,0.0033908274490386248,0.0010018135653808713,0.0010018135653808713,0.0010018135653808713,0.0010018135653808713
song_7cfaf4be60351ae529bbb4b6a7b493826b52baf2985f565b0e889b3c23ab5e29,success,emotion,classifier-panel-v1,456,1,510,355,355,38e1376bd07c94c48aecd9afde6a4f5ac5430ade8b0c8a54dcab7d11aa9d82c8,38e1376bd07c94c48aecd9afde6a4f5ac5430ade8b0c8a54dcab7d11aa9d82c8,0.7779138684272766,0.7779138684272766,0.7779138684272766,0.7779138684272766,0.001246310886926949,0.001246310886926949,0.001246310886926949,0.001246310886926949,0.0014915072824805975,0.0014915072824805975,0.0014915072824805975,0.0014915072824805975,0.0032028169371187687,0.0032028169371187687,0.0032028169371187687,0.0032028169371187687,0.09409300237894058,0.09409300237894058,0.09409300237894058,0.09409300237894058,0.007131344638764858,0.007131344638764858,0.007131344638764858,0.007131344638764858,0.002079585799947381,0.002079585799947381,0.002079585799947381,0.002079585799947381,0.005624792538583279,0.005624792538583279,0.005624792538583279,0.005624792538583279,0.06508972495794296,0.06508972495794296,0.06508972495794296,0.06508972495794296,0.008170201443135738,0.008170201443135738,0.008170201443135738,0.008170201443135738,0.0037766762543469667,0.0037766762543469667,0.0037766762543469667,0.0037766762543469667,0.0009085702477023005,0.0009085702477023005,0.0009085702477023005,0.0009085702477023005,0.0004136075731366873,0.0004136075731366873,0.0004136075731366873,0.0004136075731366873,0.05722787231206894,0.05722787231206894,0.05722787231206894,0.05722787231206894,0.0024260494392365217,0.0024260494392365217,0.0024260494392365217,0.0024260494392365217,0.0012214791495352983,0.0012214791495352983,0.0012214791495352983,0.0012214791495352983,0.0014151791110634804,0.0014151791110634804,0.0014151791110634804,0.0014151791110634804,0.05102274566888809,0.05102274566888809,0.05102274566888809,0.05102274566888809,0.0510498583316803,0.0510498583316803,0.0510498583316803,0.0510498583316803,0.0013012145645916462,0.0013012145645916462,0.0013012145645916462,0.0013012145645916462,0.042707789689302444,0.042707789689302444,0.042707789689302444,0.042707789689302444,0.11176449060440063,0.11176449060440063,0.11176449060440063,0.11176449060440063,0.012916933745145798,0.012916933745145798,0.012916933745145798,0.012916933745145798,0.00758871715515852,0.00758871715515852,0.00758871715515852,0.00758871715515852,0.0035104958806186914,0.0035104958806186914,0.0035104958806186914,0.0035104958806186914,0.0007429250981658697,0.0007429250981658697,0.0007429250981658697,0.0007429250981658697,0.005166103597730398,0.005166103597730398,0.005166103597730398,0.005166103597730398,0.006868469994515181,0.006868469994515181,0.006868469994515181,0.006868469994515181
song_9a299229172ef4247b522973a28a572e71a62970370c1d7d60113d13f53c10fe,success,emotion,classifier-panel-v1,470,1,510,334,334,34b35e5584493469293cf2c71beec6d84307ec645748c7e5512aabadec72a302,34b35e5584493469293cf2c71beec6d84307ec645748c7e5512aabadec72a302,0.0012727275025099516,0.0012727275025099516,0.0012727275025099516,0.0012727275025099516,0.001399883534759283,0.001399883534759283,0.001399883534759283,0.001399883534759283,0.18186096847057343,0.18186096847057343,0.18186096847057343,0.18186096847057343,0.30724790692329407,0.30724790692329407,0.30724790692329407,0.30724790692329407,0.02020314149558544,0.02020314149558544,0.02020314149558544,0.02020314149558544,0.027059171348810196,0.027059171348810196,0.027059171348810196,0.027059171348810196,0.0016655989456921816,0.0016655989456921816,0.0016655989456921816,0.0016655989456921816,0.003983524162322283,0.003983524162322283,0.003983524162322283,0.003983524162322283,0.04900263249874115,0.04900263249874115,0.04900263249874115,0.04900263249874115,0.028878120705485344,0.028878120705485344,0.028878120705485344,0.028878120705485344,0.030507219955325127,0.030507219955325127,0.030507219955325127,0.030507219955325127,0.016945594921708107,0.016945594921708107,0.016945594921708107,0.016945594921708107,0.0014703386696055532,0.0014703386696055532,0.0014703386696055532,0.0014703386696055532,0.002470864448696375,0.002470864448696375,0.002470864448696375,0.002470864448696375,0.0018392105121165514,0.0018392105121165514,0.0018392105121165514,0.0018392105121165514,0.0002460554242134094,0.0002460554242134094,0.0002460554242134094,0.0002460554242134094,0.0007427070522680879,0.0007427070522680879,0.0007427070522680879,0.0007427070522680879,0.002457972150295973,0.002457972150295973,0.002457972150295973,0.002457972150295973,0.01724935509264469,0.01724935509264469,0.01724935509264469,0.01724935509264469,0.0013131439918652177,0.0013131439918652177,0.0013131439918652177,0.0013131439918652177,0.2719555199146271,0.2719555199146271,0.2719555199146271,0.2719555199146271,0.01171410083770752,0.01171410083770752,0.01171410083770752,0.01171410083770752,0.0005371972802095115,0.0005371972802095115,0.0005371972802095115,0.0005371972802095115,0.0041199615225195885,0.0041199615225195885,0.0041199615225195885,0.0041199615225195885,0.0005209200317040086,0.0005209200317040086,0.0005209200317040086,0.0005209200317040086,0.0007952224696055055,0.0007952224696055055,0.0007952224696055055,0.0007952224696055055,0.010060961358249187,0.010060961358249187,0.010060961358249187,0.010060961358249187,0.0006686128326691687,0.0006686128326691687,0.0006686128326691687,0.0006686128326691687
song_aa13e5b19bab07dc2e5fc83d007dd90e21decb27057023685ff0ca1d8ba13b42,success,emotion,classifier-panel-v1,859,2,510,580,580,195bce8d27cd3879dab10ac995d29211d2cf82eb561e1128eda0f59f59d58dfd,195bce8d27cd3879dab10ac995d29211d2cf82eb561e1128eda0f59f59d58dfd,0.0019411792745813727,0.001849066058639437,0.0019227566313929855,0.0018489588255591787,0.010347159579396248,0.009226645343005657,0.01012305673211813,0.009227949783327416,0.0067717102356255054,0.005437220213934779,0.00650481223128736,0.005438773752958866,0.020860794931650162,0.01771946018561721,0.02023252798244357,0.017723117152725513,0.011811668053269386,0.01013615122064948,0.011476564686745405,0.010134200677188922,0.0019567040726542473,0.0017949509783647954,0.001924353453796357,0.0017947626744133525,0.002160857431590557,0.0020715739810839295,0.0021430007414892315,0.0020714700422591256,0.0030026354361325502,0.002582808956503868,0.002918670140206814,0.0025823202178779908,0.003959320485591888,0.0033197380835190415,0.003831404005177319,0.003318993517276815,0.0033695048186928034,0.0029013784369453788,0.0032758795423433185,0.002901923403629602,0.001868095831014216,0.0017217529239133,0.0018388272495940329,0.001721923288182335,0.004966028034687042,0.003799569676630199,0.004732736363075673,0.0038009276025417903,0.0021102982573211193,0.001540653349366039,0.0019963692757301033,0.0015413164982693627,0.008506354875862598,0.00823108572512865,0.00845130104571581,0.00823140617815628,0.004188766703009605,0.0030635070870630443,0.0039637147798202935,0.0030648170516916202,0.00031944713555276394,0.00030912553484085947,0.00031738281541038305,0.00030913755067405146,0.0005675260908901691,0.00047446008829865605,0.0005489128903718665,0.000474568430560113,0.004791598301380873,0.0046552009880542755,0.004764318838715554,0.004655359774216472,0.0013051149435341358,0.0012037698179483414,0.001284845918416977,0.0012036518375925954,0.0011406438425183296,0.0009076837741304189,0.0010940518288407475,0.0009079549732787168,0.9510776996612549,0.9471695721149445,0.9502960741519928,0.9471650224903271,0.003499646671116352,0.0029754677088931203,0.0033948108786717055,0.002974857488913815,0.0007049015257507563,0.0006107383815106004,0.0006860688969027251,0.0006108480010033131,0.007880150340497494,0.006985798943787813,0.007701280061155558,0.006986840097916695,0.0006249861908145249,0.0005711349949706346,0.0006142159516457468,0.000571197685536227,0.0003778995596803725,0.0003383813746040687,0.0003699959226651117,0.00033842737947610167,0.0022954698652029037,0.0018922110321000218,0.0022148180985823275,0.0018926804835937387,0.0032312418334186077,0.0025578729109838605,0.0030965680489316583,0.0025586568096130045
song_84fb3306a13f9324e94484bea63edeaa1e6248de1587badbb758a41c3fef27e6,success,emotion,classifier-panel-v1,897,2,510,614,614,b99fd7c8fdcdae963fd4b72ddb7490964f4eb965f023fd71acf91aa3319ed5bc,b99fd7c8fdcdae963fd4b72ddb7490964f4eb965f023fd71acf91aa3319ed5bc,0.01566750928759575,0.008823435520753264,0.014298694534227252,0.008815805561146974,0.8084712028503418,0.6108011156320572,0.7689371854066849,0.6105807476418473,0.021626681089401245,0.013826207956299186,0.020066586462780832,0.01381751177666362,0.12452114373445511,0.09824670478701591,0.11926625594496727,0.0982174133277657,0.035490624606609344,0.026329852640628815,0.03365847021341324,0.02634006531840583,0.001426064409315586,0.001175426266854629,0.0013759367808233946,0.0011751468486356088,0.0037392606027424335,0.003533986280672252,0.003698205738328397,0.0035337574352741806,0.0024146216455847025,0.0017849518917500973,0.0022886876948177816,0.001784249918780382,0.0031189273577183485,0.0028770684730261564,0.0030705555807799103,0.0028767988421625084,0.0682075172662735,0.04929852858185768,0.06442571952939033,0.049277448326914074,0.024597810581326485,0.015646194573491812,0.02280748737975955,0.015636215068466356,0.013964217156171799,0.009797126287594438,0.013130798982456327,0.009792480701341843,0.013651427812874317,0.01276323338970542,0.013473788928240537,0.012762243206401997,0.006285450886934996,0.005231889197602868,0.00607473854906857,0.005233063736832893,0.0030123491305857897,0.002446529222652316,0.002899185148999095,0.002447160014076991,0.0006636236794292927,0.0005225986969890073,0.0006354186829412357,0.0005224414785024518,0.001671301550231874,0.0016428320668637753,0.0016656076535582543,0.0016428638054182547,0.06219306215643883,0.05331519432365894,0.060417488589882856,0.053325091612212765,0.01763099618256092,0.0093925358960405,0.015983304125256836,0.00938335143641227,0.005046788603067398,0.004089426249265671,0.004855316132307053,0.004090493542859653,0.25837263464927673,0.14014100283384323,0.23472630828619004,0.14027281067310235,0.004952732939273119,0.004321887041442096,0.004826563759706914,0.004322590325609132,0.002422245452180505,0.0018792413757182658,0.002313644636888057,0.0018798467314333853,0.2165652960538864,0.12759761698544025,0.1987717602401972,0.1276968005741453,0.006358215119689703,0.004340345156379044,0.005954641127027571,0.004342594732703805,0.0024390926118940115,0.0018352383631281555,0.0023183217621408404,0.0018345651699857187,0.038181811571121216,0.025474398862570524,0.03564032902941108,0.02546023229321874,0.006853014230728149,0.005014632013626397,0.0064853377873077996,0.005016681492129297
song_70546899a6e183f6372805a853d775765a7e8a8830aa028622ddbb39c3c6887a,success,emotion,classifier-panel-v1,234,1,510,176,176,854c70104acf7e541369ce1f8fa5f7e9b16180fa7bce69fb5dae5a4d03087063,854c70104acf7e541369ce1f8fa5f7e9b16180fa7bce69fb5dae5a4d03087063,0.0009987776866182685,0.0009987776866182685,0.0009987776866182685,0.0009987776866182685,0.0011815977049991488,0.0011815977049991488,0.0011815977049991488,0.0011815977049991488,0.009408002719283104,0.009408002719283104,0.009408002719283104,0.009408002719283104,0.019727375358343124,0.019727375358343124,0.019727375358343124,0.019727375358343124,0.01580512337386608,0.01580512337386608,0.01580512337386608,0.01580512337386608,0.17505690455436707,0.17505690455436707,0.17505690455436707,0.17505690455436707,0.0059506939724087715,0.0059506939724087715,0.0059506939724087715,0.0059506939724087715,0.016004303470253944,0.016004303470253944,0.016004303470253944,0.016004303470253944,0.034491781145334244,0.034491781145334244,0.034491781145334244,0.034491781145334244,0.06535457074642181,0.06535457074642181,0.06535457074642181,0.06535457074642181,0.008653384633362293,0.008653384633362293,0.008653384633362293,0.008653384633362293,0.003360448870807886,0.003360448870807886,0.003360448870807886,0.003360448870807886,0.001400413573719561,0.001400413573719561,0.001400413573719561,0.001400413573719561,0.0009885140461847186,0.0009885140461847186,0.0009885140461847186,0.0009885140461847186,0.005161733366549015,0.005161733366549015,0.005161733366549015,0.005161733366549015,0.0003905332996509969,0.0003905332996509969,0.0003905332996509969,0.0003905332996509969,0.01163928396999836,0.01163928396999836,0.01163928396999836,0.01163928396999836,0.002106841653585434,0.002106841653585434,0.002106841653585434,0.002106841653585434,0.01633657142519951,0.01633657142519951,0.01633657142519951,0.01633657142519951,0.010335251688957214,0.010335251688957214,0.010335251688957214,0.010335251688957214,0.28678834438323975,0.28678834438323975,0.28678834438323975,0.28678834438323975,0.03346278890967369,0.03346278890967369,0.03346278890967369,0.03346278890967369,0.00040756710222922266,0.00040756710222922266,0.00040756710222922266,0.00040756710222922266,0.010746314190328121,0.010746314190328121,0.010746314190328121,0.010746314190328121,0.002021648222580552,0.002021648222580552,0.002021648222580552,0.002021648222580552,0.021886512637138367,0.021886512637138367,0.021886512637138367,0.021886512637138367,0.5444185137748718,0.5444185137748718,0.5444185137748718,0.5444185137748718,0.0012764435959979892,0.0012764435959979892,0.0012764435959979892,0.0012764435959979892
song_be496be8f147804f19e5da1c133d50508585f40e981a49067a86443a2c7dc9a8,success,emotion,classifier-panel-v1,710,2,510,543,543,e39e40d3c92d3f292cb27f1029a99ab7a7c604aa6dcc77a0ba59e1d7818a2f58,e39e40d3c92d3f292cb27f1029a99ab7a7c604aa6dcc77a0ba59e1d7818a2f58,0.0011159569257870317,0.0009382668358739465,0.0010804189078044146,0.0009382668358739465,0.0010575242340564728,0.0007815361605025828,0.001002326619345695,0.0007815361605025828,0.02047734707593918,0.013223503017798066,0.019026578264310957,0.013223503017798066,0.1133480966091156,0.08084221370518208,0.1068469200283289,0.08084221370518208,0.050923071801662445,0.03855788055807352,0.048450033552944666,0.03855788055807352,0.08059609681367874,0.04795728251338005,0.074068333953619,0.04795728251338005,0.00223531830124557,0.0016149707953445613,0.0021112488000653686,0.0016149707953445613,0.0028785013128072023,0.0018452012445777655,0.002671841299161315,0.0018452012445777655,0.007508263923227787,0.005090884165838361,0.007024787971749902,0.005090884165838361,0.15417344868183136,0.11646906286478043,0.14663257151842118,0.11646906286478043,0.08572017401456833,0.052212171256542206,0.07901857346296311,0.052212171256542206,0.0029195535462349653,0.0028863796032965183,0.002912918757647276,0.0028863796032965183,0.0016187031287699938,0.001610713778063655,0.001617105258628726,0.001610713778063655,0.0007868373650126159,0.0006034995021764189,0.0007501697924453765,0.0006034995021764189,0.0015359611716121435,0.0015123911434784532,0.0015312471659854054,0.0015123911434784532,0.00038712244713678956,0.0003529574314597994,0.00038028944400139155,0.0003529574314597994,0.002899456536397338,0.00262524641584605,0.0028446145122870805,0.00262524641584605,0.002967806765809655,0.002460014191456139,0.002866248250938952,0.002460014191456139,0.007969871163368225,0.00475587515393272,0.007327071961481124,0.00475587515393272,0.003706124145537615,0.003007592516951263,0.0035664178198203445,0.003007592516951263,0.7444434762001038,0.5732349008321762,0.7102017611265183,0.5732349008321762,0.008222830481827259,0.006214541383087635,0.007821172662079334,0.006214541383087635,0.000637881166767329,0.0005124283779878169,0.0006127906090114266,0.0005124283779878169,0.020657671615481377,0.017709408421069384,0.02006801897659898,0.017709408421069384,0.0026226467452943325,0.0021357994992285967,0.0025252772960811854,0.0021357994992285967,0.004670900758355856,0.0034555470338091254,0.00442783001344651,0.0034555470338091254,0.1532304584980011,0.13805457577109337,0.15019528195261955,0.13805457577109337,0.0004676150274462998,0.0004510519211180508,0.00046430240618065,0.0004510519211180508
song_751d25e9b99372f7eda29a930ec0da919ff16f4b64b750d2e0374512195983b1,success,emotion,classifier-panel-v1,1047,3,510,661,661,4de28232f83c3c5c018f36a9eec0a7bb407158bae867e696c56de9e4498c7e80,4de28232f83c3c5c018f36a9eec0a7bb407158bae867e696c56de9e4498c7e80,0.011279195547103882,0.004996859856570761,0.009517613472416997,0.004996859856570761,0.5873647332191467,0.1998270076389114,0.4711175150237978,0.1998270076389114,0.0038499285001307726,0.0024584093674396477,0.0035556822549551725,0.0024584093674396477,0.029098765924572945,0.021011079506327707,0.02869948521256447,0.021011079506327707,0.1376347839832306,0.056403130292892456,0.1138060536235571,0.056403130292892456,0.003598543582484126,0.0026519808064525328,0.003528485028073192,0.0026519808064525328,0.025373904034495354,0.009234404230179885,0.02055619729217142,0.009234404230179885,0.005242948420345783,0.0024585732414076724,0.0044671913608908655,0.0024585732414076724,0.019925804808735847,0.008519314811564982,0.016751391254365443,0.008519314811564982,0.04570132866501808,0.02093766680142532,0.03961973767727614,0.02093766680142532,0.006899876520037651,0.0043141973825792474,0.0061565695330500604,0.0043141973825792474,0.005088179837912321,0.002738670154940337,0.004534926684573293,0.002738670154940337,0.01334941852837801,0.00545317807700485,0.011135634779930115,0.00545317807700485,0.02557043358683586,0.014381885528564453,0.023046130128204823,0.014381885528564453,0.0075569478794932365,0.004215655324514955,0.006875915825366974,0.004215655324514955,0.0016476066084578633,0.0008359763499659797,0.0014181184116750956,0.0008359763499659797,0.0021974381525069475,0.0013186101568862796,0.0020197439705953004,0.0013186101568862796,0.1394127458333969,0.07729122911890347,0.12841744124889373,0.07729122911890347,0.0018332106992602348,0.0014172784285619855,0.0017620835453271866,0.0014172784285619855,0.033183783292770386,0.012066613649949431,0.02693778923712671,0.012066613649949431,0.8949437737464905,0.5889918555816015,0.864032757282257,0.5889918555816015,0.011599330231547356,0.0071065255130330724,0.010274070780724287,0.0071065255130330724,0.00479644862934947,0.002500795371209582,0.004158281767740846,0.002500795371209582,0.11073377728462219,0.04866710305213928,0.09243211634457112,0.04866710305213928,0.01000840961933136,0.006616874287525813,0.009657108411192893,0.006616874287525813,0.0056283194571733475,0.002143726946087554,0.004613412218168378,0.002143726946087554,0.050007373094558716,0.020268560425999265,0.04193306118249893,0.020268560425999265,0.0047836825251579285,0.003534591174684465,0.004724226333200932,0.003534591174684465
song_098c94ccca359db8e6a9a7a5e4d678f28906d0b215ea72e613efcb940a06511c,success,emotion,classifier-panel-v1,463,1,510,353,353,b976bb66079218f4427c551e44212d74cea29eb09c9b0e12d6aea499d51a35ab,b976bb66079218f4427c551e44212d74cea29eb09c9b0e12d6aea499d51a35ab,0.0014356161700561643,0.0014356161700561643,0.0014356161700561643,0.0014356161700561643,0.0004457161121536046,0.0004457161121536046,0.0004457161121536046,0.0004457161121536046,0.010355263017117977,0.010355263017117977,0.010355263017117977,0.010355263017117977,0.11794814467430115,0.11794814467430115,0.11794814467430115,0.11794814467430115,0.029885005205869675,0.029885005205869675,0.029885005205869675,0.029885005205869675,0.015264725312590599,0.015264725312590599,0.015264725312590599,0.015264725312590599,0.006403578445315361,0.006403578445315361,0.006403578445315361,0.006403578445315361,0.0016292708460241556,0.0016292708460241556,0.0016292708460241556,0.0016292708460241556,0.003227521199733019,0.003227521199733019,0.003227521199733019,0.003227521199733019,0.38093847036361694,0.38093847036361694,0.38093847036361694,0.38093847036361694,0.09361110627651215,0.09361110627651215,0.09361110627651215,0.09361110627651215,0.0030806767754256725,0.0030806767754256725,0.0030806767754256725,0.0030806767754256725,0.004942361265420914,0.004942361265420914,0.004942361265420914,0.004942361265420914,0.0007356454152613878,0.0007356454152613878,0.0007356454152613878,0.0007356454152613878,0.010324464179575443,0.010324464179575443,0.010324464179575443,0.010324464179575443,0.0003357416717335582,0.0003357416717335582,0.0003357416717335582,0.0003357416717335582,0.0023780581541359425,0.0023780581541359425,0.0023780581541359425,0.0023780581541359425,0.0013877075398340821,0.0013877075398340821,0.0013877075398340821,0.0013877075398340821,0.0011746662203222513,0.0011746662203222513,0.0011746662203222513,0.0011746662203222513,0.0204195287078619,0.0204195287078619,0.0204195287078619,0.0204195287078619,0.3189353048801422,0.3189353048801422,0.3189353048801422,0.3189353048801422,0.010544790886342525,0.010544790886342525,0.010544790886342525,0.010544790886342525,0.0007090876461006701,0.0007090876461006701,0.0007090876461006701,0.0007090876461006701,0.040446601808071136,0.040446601808071136,0.040446601808071136,0.040446601808071136,0.0031504270154982805,0.0031504270154982805,0.0031504270154982805,0.0031504270154982805,0.0037263650447130203,0.0037263650447130203,0.0037263650447130203,0.0037263650447130203,0.10088517516851425,0.10088517516851425,0.10088517516851425,0.10088517516851425,0.0012041212758049369,0.0012041212758049369,0.0012041212758049369,0.0012041212758049369
song_e6845230ff4465513b07c709ef9606b96c83f7f91b85e8fdec7c2de6a73d283e,success,emotion,classifier-panel-v1,1197,3,510,813,813,ebffa7e7ffef069deefa9fbab7640daa9c9752e7ab84efd83f89eef431968c09,ebffa7e7ffef069deefa9fbab7640daa9c9752e7ab84efd83f89eef431968c09,0.0011021416867151856,0.0007377529206375281,0.0010284828022122383,0.0007377529206375281,0.006872653961181641,0.002929742525642117,0.0057038796134293085,0.002929742525642117,0.06163828819990158,0.043782297521829605,0.05785044357180595,0.043782297521829605,0.28658631443977356,0.20047926902770996,0.26585128605365754,0.20047926902770996,0.024402188137173653,0.015619067785640558,0.02212123963981867,0.015619067785640558,0.007715919055044651,0.004192562967849274,0.0068036729469895365,0.004192562967849274,0.03743618726730347,0.01758581989755233,0.03256927989423275,0.01758581989755233,0.11934003978967667,0.050644416556072734,0.10161954686045648,0.050644416556072734,0.024811841547489166,0.010572031295547882,0.02076849238947034,0.010572031295547882,0.04024505242705345,0.030668194095293682,0.03810269460082054,0.030668194095293682,0.016393788158893585,0.010360782189915577,0.014828437194228172,0.010360782189915577,0.007250459864735603,0.005616461702932914,0.007195699401199818,0.005616461702932914,0.006435729563236237,0.0033521909499540925,0.005525710713118315,0.0033521909499540925,0.009177861735224724,0.004170977413499107,0.007837652135640383,0.004170977413499107,0.006035138387233019,0.004474212493126591,0.005921485833823681,0.004474212493126591,0.00028957330505363643,0.00020974328314575055,0.00028618108481168745,0.00020974328314575055,0.0013689310289919376,0.0009330509734960893,0.001272608805447817,0.0009330509734960893,0.003705668030306697,0.001988433514876912,0.003227547463029623,0.001988433514876912,0.000749993312638253,0.0005642016282460341,0.0007234557298943401,0.0005642016282460341,0.0065963962115347385,0.0032671798641482988,0.005651862360537052,0.0032671798641482988,0.607722282409668,0.5402134557565054,0.6001713991165161,0.5402134557565054,0.054476216435432434,0.026541860308498144,0.04781097508966923,0.026541860308498144,0.00045888949534855783,0.00043677484306196374,0.00045282397186383603,0.00043677484306196374,0.01572788693010807,0.01374091332157453,0.015416335128247739,0.01374091332157453,0.0007290317444130778,0.000660533686944594,0.0007172935176640749,0.000660533686944594,0.001504234503954649,0.0007637998496647924,0.0012970785377547146,0.0007637998496647924,0.025996381416916847,0.010841762802253166,0.021616628114134073,0.010841762802253166,0.02829606831073761,0.012762929468105236,0.024337770231068135,0.012762929468105236
song_0c97bdf048572221cf295545083a45a1572bcc8f0c307a006c0956c93c908099,success,emotion,classifier-panel-v1,537,2,510,361,361,302f16c08b138c7cc1dfc023e02404a5f6cf1343ef09d6f19ea9bce800018474,302f16c08b138c7cc1dfc023e02404a5f6cf1343ef09d6f19ea9bce800018474,0.0011996444081887603,0.0009333541675005108,0.0011463863600511103,0.0009338500524924815,0.0012837069807574153,0.0011230124509893358,0.0012515680748037994,0.001123311695923727,0.03255895525217056,0.026185564696788788,0.031284277141094205,0.026173696185512473,0.2387191504240036,0.2057061716914177,0.23211655467748643,0.20564469500848923,0.14313583076000214,0.08235719334334135,0.13098010327666998,0.08247037516348411,0.004224580712616444,0.0038802435155957937,0.004155713273212314,0.003879602291765215,0.0032078109215945005,0.002912389929406345,0.0031487267231568696,0.0029129400616078127,0.0012575950240716338,0.000863025285070762,0.0011786810762714596,0.0008622905183314681,0.005228814203292131,0.004023303044959903,0.004987711971625686,0.004021058145223716,0.2851918935775757,0.18845844641327858,0.26584520414471624,0.1882783096401607,0.11617039144039154,0.09236940369009972,0.11141019389033319,0.09232508155276212,0.0059451451525092125,0.005016352282837033,0.005759386578574777,0.005014622687176564,0.006013797130435705,0.005291315959766507,0.005869300896301865,0.005292661362318964,0.0016423551132902503,0.0014001115341670811,0.0015939063974656164,0.0014005626395285767,0.0038932410534471273,0.003475942532531917,0.0038097813492640855,0.003476719624749636,0.00027856294764205813,0.0002580628643045202,0.00027446293097455055,0.00025810103950626604,0.00230906973592937,0.0018383130081929266,0.0022149183903820814,0.0018374363662418346,0.0051056500524282455,0.003768123686313629,0.004838144779205323,0.0037706144244255744,0.0013202594127506018,0.001316926907747984,0.0013195929117500783,0.0013169207019658562,0.005994710139930248,0.0056303925812244415,0.005921846628189087,0.005629714150016423,0.30764880776405334,0.28515248000621796,0.30314954221248624,0.28519437260911895,0.006486219819635153,0.004800461581908166,0.006149068172089756,0.004803600796503561,0.0022791081573814154,0.0014566742174793035,0.002114621369400993,0.0014582057518180412,0.22327348589897156,0.13296522945165634,0.2052118346095085,0.13313340125137202,0.005572653375566006,0.003809694084338844,0.005220061517320573,0.0038129770625347976,0.0019285236485302448,0.001608910271897912,0.0018646009732037783,0.0016083150887012039,0.12236962467432022,0.07109107170253992,0.11211391407996417,0.07099558091488298,0.004235062748193741,0.0032726690405979753,0.004042584006674588,0.0032744612076512263
song_beae324dbfbd3d29294643d2f1938b0205c4b9c455a55bd53f5c494c91253adb,success,emotion,classifier-panel-v1,808,2,510,591,591,7ddeb2702b08dd18b8543a074b8077987e58ea91a33914f50e2d2df3d67813d8,7ddeb2702b08dd18b8543a074b8077987e58ea91a33914f50e2d2df3d67813d8,0.20531564950942993,0.10365843656472862,0.18498420692048967,0.10365843656472862,0.004375002812594175,0.0026549873873591423,0.004030999727547169,0.0026549873873591423,0.007282593287527561,0.004439881362486631,0.006714050902519375,0.004439881362486631,0.018335610628128052,0.011123624164611101,0.016893213335424664,0.011123624164611101,0.25972801446914673,0.1378206219524145,0.2353465359658003,0.1378206219524145,0.01965627633035183,0.01104293274693191,0.017933607613667846,0.01104293274693191,0.0026187817566096783,0.001893369189929217,0.0024736992432735864,0.001893369189929217,0.002880787942558527,0.0016235500515904278,0.002629340364364907,0.0016235500515904278,0.012290003709495068,0.007596281939186156,0.011351259355433286,0.007596281939186156,0.013613495044410229,0.007778183848131448,0.012446432805154473,0.007778183848131448,0.007866662926971912,0.00495707243680954,0.007284744828939438,0.00495707243680954,0.003789620939642191,0.00245045026531443,0.003521786804776639,0.00245045026531443,0.011239689774811268,0.0059626933361869305,0.010184290487086401,0.0059626933361869305,0.021611148491501808,0.01673643384128809,0.020636205561459064,0.01673643384128809,0.006889102980494499,0.004404340055771172,0.006392150395549834,0.004404340055771172,0.015292519703507423,0.008072637836448848,0.013848543330095709,0.008072637836448848,0.005909264553338289,0.0031886570795904845,0.005365143058588729,0.0031886570795904845,0.052753034979104996,0.03349577775225043,0.04890158353373408,0.03349577775225043,0.0029821270145475864,0.0021487200865522027,0.0028154456289485098,0.0021487200865522027,0.004992191214114428,0.0029245336772873998,0.004578659706749023,0.0029245336772873998,0.9460279941558838,0.5745047852396965,0.8717233523726463,0.5745047852396965,0.0239790640771389,0.01455388544127345,0.02209402834996581,0.01455388544127345,0.3442400097846985,0.17243752485956065,0.3098795127996709,0.17243752485956065,0.0800049677491188,0.042881222907453775,0.0725802187807858,0.042881222907453775,0.05988788977265358,0.030435156368184835,0.05399734309175983,0.030435156368184835,0.004261584486812353,0.002372651404584758,0.003883797870366834,0.002372651404584758,0.009061411023139954,0.005516829201951623,0.008352494658902289,0.005516829201951623,0.004664263688027859,0.0030866801971569657,0.0043487469898536805,0.0030866801971569657
song_f0e2473fede1564596bf6745d8c08d49d8691d1b0400bea70977b13783733095,success,emotion,classifier-panel-v1,472,1,510,350,350,b56a0c68c87b01003268cfc565f22a392a7e662b792a6235c5c8df3c270f83fa,b56a0c68c87b01003268cfc565f22a392a7e662b792a6235c5c8df3c270f83fa,0.000773792271502316,0.000773792271502316,0.000773792271502316,0.000773792271502316,0.003019681666046381,0.003019681666046381,0.003019681666046381,0.003019681666046381,0.0035391554702073336,0.0035391554702073336,0.0035391554702073336,0.0035391554702073336,0.019650932401418686,0.019650932401418686,0.019650932401418686,0.019650932401418686,0.016992507502436638,0.016992507502436638,0.016992507502436638,0.016992507502436638,0.004389113746583462,0.004389113746583462,0.004389113746583462,0.004389113746583462,0.0014871590537950397,0.0014871590537950397,0.0014871590537950397,0.0014871590537950397,0.001544220489449799,0.001544220489449799,0.001544220489449799,0.001544220489449799,0.012849199585616589,0.012849199585616589,0.012849199585616589,0.012849199585616589,0.018070578575134277,0.018070578575134277,0.018070578575134277,0.018070578575134277,0.0037833505775779486,0.0037833505775779486,0.0037833505775779486,0.0037833505775779486,0.00267594656907022,0.00267594656907022,0.00267594656907022,0.00267594656907022,0.0016131134470924735,0.0016131134470924735,0.0016131134470924735,0.0016131134470924735,0.0022569119464606047,0.0022569119464606047,0.0022569119464606047,0.0022569119464606047,0.002367570763453841,0.002367570763453841,0.002367570763453841,0.002367570763453841,0.0003353111387696117,0.0003353111387696117,0.0003353111387696117,0.0003353111387696117,0.002183422679081559,0.002183422679081559,0.002183422679081559,0.002183422679081559,0.0054032038897275925,0.0054032038897275925,0.0054032038897275925,0.0054032038897275925,0.00320666772313416,0.00320666772313416,0.00320666772313416,0.00320666772313416,0.0021449774503707886,0.0021449774503707886,0.0021449774503707886,0.0021449774503707886,0.85442054271698,0.85442054271698,0.85442054271698,0.85442054271698,0.006073019001632929,0.006073019001632929,0.006073019001632929,0.006073019001632929,0.000596466357819736,0.000596466357819736,0.000596466357819736,0.000596466357819736,0.022484762594103813,0.022484762594103813,0.022484762594103813,0.022484762594103813,0.001841342425905168,0.001841342425905168,0.001841342425905168,0.001841342425905168,0.0013834763085469604,0.0013834763085469604,0.0013834763085469604,0.0013834763085469604,0.04073364660143852,0.04073364660143852,0.04073364660143852,0.04073364660143852,0.0019761042203754187,0.0019761042203754187,0.0019761042203754187,0.0019761042203754187
song_2a152a848f4917084d006e080ecbb3c882aeafefc1a851978231c794e8f12e5a,success,emotion,classifier-panel-v1,785,2,510,485,485,87d75fbc73517d65e07cff554ecd37683973602a26d9dfb0026c6235f55b7946,87d75fbc73517d65e07cff554ecd37683973602a26d9dfb0026c6235f55b7946,0.006979701109230518,0.006238109664991498,0.0068313828203827144,0.0062371649625147605,0.00198617996647954,0.0017218768480233848,0.0019333193427883088,0.0017222135398940297,0.002735453424975276,0.0023380439379252493,0.0026559715275652706,0.002337537683801619,0.0051957969553768635,0.00493987207300961,0.005144611978903413,0.00494019809196804,0.2136836051940918,0.17398841679096222,0.20574456751346587,0.1740389839099471,0.031334828585386276,0.02150950115174055,0.02936976309865713,0.021496984811060747,0.004919911734759808,0.0034332264331169426,0.004622574674431235,0.003435120299743239,0.055658236145973206,0.02971603046171367,0.0504697950091213,0.0297490778574898,0.041511792689561844,0.029325515031814575,0.03907453715801239,0.02930999111123146,0.0016434126300737262,0.0012926830095238984,0.0015732667059637608,0.0012922362201983572,0.0021915126126259565,0.001942516420967877,0.0021417133742943407,0.0019421992283670385,0.0012069207150489092,0.000866490590851754,0.0011388346902094781,0.0008660569219037321,0.0002564798924140632,0.00022806091146776453,0.0002507960962248035,0.00022802470894426607,0.04635899141430855,0.027918402571231127,0.042670873645693067,0.02794189376720957,0.0011707859812304378,0.0010160348901990801,0.0011398357630241663,0.0010158377550512695,0.0005731515702791512,0.0004665594606194645,0.0005518331483472139,0.0004664236744925095,0.0004294321115594357,0.0003478126600384712,0.00041310822125524284,0.00034770868621487763,0.012016654014587402,0.01021694066002965,0.011656711343675852,0.010219233288506793,0.634434163570404,0.32434734934940934,0.5724168007262052,0.3239523342994463,0.0007760577718727291,0.000706700113369152,0.0007621862401720137,0.0007066117596640518,0.5626655220985413,0.40994301438331604,0.5321210205554963,0.4101375653485584,0.014247692190110683,0.01287988992407918,0.013974131736904382,0.01288163234734801,0.0005158320418559015,0.0005037910013925284,0.0005134238337632269,0.0005038063402975773,0.005008931737393141,0.004935860401019454,0.004994317470118403,0.004935767316514519,0.0012292583705857396,0.0009998649766203016,0.001183379691792652,0.001000157197504334,0.0007142311660572886,0.0004924012027913705,0.000669865173404105,0.0004921186168509043,0.0019628379959613085,0.0013892764691263437,0.0018481256905943156,0.0013885458174998024,0.001754844095557928,0.0011972823995165527,0.001643331756349653,0.0011979926691930386
song_30ef708150de2342873ae91612db8d453d9c140ebfc4c161dee823d8c97e9a0c,success,emotion,classifier-panel-v1,379,1,510,283,283,34ff920f2147b0cf4424547793975c9407a504860fe5f5ec7023ce38104700e2,34ff920f2147b0cf4424547793975c9407a504860fe5f5ec7023ce38104700e2,0.0016095302999019623,0.0016095302999019623,0.0016095302999019623,0.0016095302999019623,0.0020384329836815596,0.0020384329836815596,0.0020384329836815596,0.0020384329836815596,0.00977953989058733,0.00977953989058733,0.00977953989058733,0.00977953989058733,0.03687901049852371,0.03687901049852371,0.03687901049852371,0.03687901049852371,0.008274652995169163,0.008274652995169163,0.008274652995169163,0.008274652995169163,0.0243274737149477,0.0243274737149477,0.0243274737149477,0.0243274737149477,0.0023943947162479162,0.0023943947162479162,0.0023943947162479162,0.0023943947162479162,0.005261031910777092,0.005261031910777092,0.005261031910777092,0.005261031910777092,0.4922362267971039,0.4922362267971039,0.4922362267971039,0.4922362267971039,0.10468021780252457,0.10468021780252457,0.10468021780252457,0.10468021780252457,0.010054328478872776,0.010054328478872776,0.010054328478872776,0.010054328478872776,0.009329811669886112,0.009329811669886112,0.009329811669886112,0.009329811669886112,0.0022953988518565893,0.0022953988518565893,0.0022953988518565893,0.0022953988518565893,0.003560234559699893,0.003560234559699893,0.003560234559699893,0.003560234559699893,0.004536566324532032,0.004536566324532032,0.004536566324532032,0.004536566324532032,0.001082079135812819,0.001082079135812819,0.001082079135812819,0.001082079135812819,0.008729958906769753,0.008729958906769753,0.008729958906769753,0.008729958906769753,0.005436059087514877,0.005436059087514877,0.005436059087514877,0.005436059087514877,0.012147387489676476,0.012147387489676476,0.012147387489676476,0.012147387489676476,0.010227728635072708,0.010227728635072708,0.010227728635072708,0.010227728635072708,0.14367526769638062,0.14367526769638062,0.14367526769638062,0.14367526769638062,0.010275626555085182,0.010275626555085182,0.010275626555085182,0.010275626555085182,0.0008431346504949033,0.0008431346504949033,0.0008431346504949033,0.0008431346504949033,0.011394073255360126,0.011394073255360126,0.011394073255360126,0.011394073255360126,0.002287373412400484,0.002287373412400484,0.002287373412400484,0.002287373412400484,0.01117550116032362,0.01117550116032362,0.01117550116032362,0.01117550116032362,0.40394216775894165,0.40394216775894165,0.40394216775894165,0.40394216775894165,0.0019592982716858387,0.0019592982716858387,0.0019592982716858387,0.0019592982716858387
song_d49d1d25e207f2554afb89b51e0aa1da3d223127e941457fd797a5d7b01d75de,success,emotion,classifier-panel-v1,369,1,510,273,273,7240ff03c3faeae0c70619b8b70a79bb8b9d15504879ed7671bd879bee63eba5,7240ff03c3faeae0c70619b8b70a79bb8b9d15504879ed7671bd879bee63eba5,0.001224737730808556,0.001224737730808556,0.001224737730808556,0.001224737730808556,0.0008317976607941091,0.0008317976607941091,0.0008317976607941091,0.0008317976607941091,0.003111697966232896,0.003111697966232896,0.003111697966232896,0.003111697966232896,0.036145757883787155,0.036145757883787155,0.036145757883787155,0.036145757883787155,0.07037980854511261,0.07037980854511261,0.07037980854511261,0.07037980854511261,0.009662192314863205,0.009662192314863205,0.009662192314863205,0.009662192314863205,0.0008524947916157544,0.0008524947916157544,0.0008524947916157544,0.0008524947916157544,0.0005489237955771387,0.0005489237955771387,0.0005489237955771387,0.0005489237955771387,0.015294084325432777,0.015294084325432777,0.015294084325432777,0.015294084325432777,0.1222812607884407,0.1222812607884407,0.1222812607884407,0.1222812607884407,0.01965758018195629,0.01965758018195629,0.01965758018195629,0.01965758018195629,0.002461235038936138,0.002461235038936138,0.002461235038936138,0.002461235038936138,0.003293916815891862,0.003293916815891862,0.003293916815891862,0.003293916815891862,0.0006888984935358167,0.0006888984935358167,0.0006888984935358167,0.0006888984935358167,0.0009194017620757222,0.0009194017620757222,0.0009194017620757222,0.0009194017620757222,0.0006876292754895985,0.0006876292754895985,0.0006876292754895985,0.0006876292754895985,0.002060631290078163,0.002060631290078163,0.002060631290078163,0.002060631290078163,0.002795265754684806,0.002795265754684806,0.002795265754684806,0.002795265754684806,0.002874762052670121,0.002874762052670121,0.002874762052670121,0.002874762052670121,0.0017464924603700638,0.0017464924603700638,0.0017464924603700638,0.0017464924603700638,0.5678552985191345,0.5678552985191345,0.5678552985191345,0.5678552985191345,0.01021460723131895,0.01021460723131895,0.01021460723131895,0.01021460723131895,0.0009253188036382198,0.0009253188036382198,0.0009253188036382198,0.0009253188036382198,0.036093324422836304,0.036093324422836304,0.036093324422836304,0.036093324422836304,0.003236981574445963,0.003236981574445963,0.003236981574445963,0.003236981574445963,0.01870507374405861,0.01870507374405861,0.01870507374405861,0.01870507374405861,0.10350082069635391,0.10350082069635391,0.10350082069635391,0.10350082069635391,0.0005243186606094241,0.0005243186606094241,0.0005243186606094241,0.0005243186606094241
song_e8f0cbf6b127bb0d2d327524f99a3faffc1aa86c24cd4d6f2f351910f8dba31c,success,emotion,classifier-panel-v1,1189,3,510,670,670,560c15b6492a2caa65bce128162ae1d84b3708a741c134d4fea58a02148804db,560c15b6492a2caa65bce128162ae1d84b3708a741c134d4fea58a02148804db,0.016533084213733673,0.009672529374559721,0.014763924106955529,0.009668429030451682,0.007830316200852394,0.003939131449442357,0.006926436815410853,0.00394240410272361,0.003663799026980996,0.002986345711785058,0.0036260096821933985,0.00298691547908127,0.03295871615409851,0.015368688851594925,0.02786867264658213,0.015383482819048671,0.2829352021217346,0.20035784070690474,0.279976087808609,0.2002313822113084,0.5562896132469177,0.23502716422080994,0.47152182161808015,0.23484323996521025,0.0020616180263459682,0.0015655045863240957,0.0020495818462222815,0.001564720695676976,0.003507929388433695,0.0020328215517414114,0.0032429333310574297,0.002031454659069836,0.029015928506851196,0.02255251134435336,0.028756896033883095,0.02254272860931538,0.08296243846416473,0.030222300440073013,0.06741398684680462,0.030266657158343906,0.013130375184118748,0.00841436441987753,0.01202439833432436,0.008413679917367243,0.003126181196421385,0.0015516491257585585,0.0026700628339312972,0.0015529733747666854,0.0023885713890194893,0.0012008214155988146,0.002076883683912456,0.0012018203642728438,0.018696166574954987,0.00857815247339507,0.015875984262675048,0.008572992577144674,0.010769572108983994,0.008435746344427267,0.010747488960623741,0.008437709192000487,0.004710891284048557,0.001946979444862033,0.003936165955383331,0.0019455881942017747,0.005702229216694832,0.0030453045619651675,0.00502739567309618,0.0030475391495637626,0.08310842514038086,0.03732690758382281,0.07133517600595951,0.03731590276623193,0.0059519181959331036,0.003332761776012679,0.005254365177825094,0.0033312894902689442,0.01141915749758482,0.007704878381143014,0.011061863601207733,0.007708002249197212,0.4305955767631531,0.28919629752635956,0.3963287591934204,0.2893152203852635,0.4873798191547394,0.3412001815934976,0.4864062428474426,0.34095838900006953,0.00947770569473505,0.005581384291872382,0.008344201324507593,0.00557989463632295,0.05317915230989456,0.029665516689419746,0.04783947058022023,0.02968529266555135,0.03207354620099068,0.016404088431348402,0.027873471565544605,0.016399604902830666,0.0018124697962775826,0.0017375587097679575,0.0017934784293174744,0.0017376217132048875,0.1500244140625,0.05440903718893727,0.12214532066136599,0.05448945382213623,0.0018588710809126496,0.0013921473291702569,0.0017795535270124674,0.0013922063165396777
song_49d0dea7fd546e82089ee720332cf4ab5b94fa2b3087f810f10461310152399a,success,emotion,classifier-panel-v1,529,2,510,406,406,50cb5c7cdf5486ef56299fb65791ddaae4da84bc5380e4b7f38f9554f5535e2c,50cb5c7cdf5486ef56299fb65791ddaae4da84bc5380e4b7f38f9554f5535e2c,0.0023935497738420963,0.0015720375231467187,0.002229247323703021,0.0015704845699317936,0.024684278294444084,0.01330894895363599,0.022409212426282465,0.013287445495524823,0.03258834779262543,0.01760343846399337,0.029591365926899017,0.017631765324728026,0.13135933876037598,0.07046440988779068,0.11918035298585893,0.07057952317488442,0.00827130489051342,0.007918230490759015,0.008200690010562539,0.007918897928187662,0.0029479279182851315,0.002529980964027345,0.0028643385274335744,0.0025307710338841652,0.32202571630477905,0.18993519991636276,0.2956076130270958,0.19018489843505543,0.17190898954868317,0.12989943102002144,0.16350707784295082,0.129820017865903,0.06402144581079483,0.03637488931417465,0.0584921345114708,0.03642715123571836,0.1551956832408905,0.08430021675303578,0.14101658994331956,0.08443423464809789,0.02730061486363411,0.015729136997833848,0.024986319290474058,0.015751011247107573,0.010305605828762054,0.006203973083756864,0.009485279279761016,0.006211726642821146,0.010259568691253662,0.007387945428490639,0.009685244038701059,0.007393373827853139,0.047673072665929794,0.03115489613264799,0.044369437359273435,0.03112367084619566,0.058085691183805466,0.041117231361567974,0.05469199921935797,0.041149307845163886,0.0004627859452739358,0.0003939392481697723,0.00044901660585310314,0.0003938091031846983,0.0029648917261511087,0.0025742590660229325,0.0028867651941254734,0.0025749975020534204,0.01605653017759323,0.010886050295084715,0.015022434201091528,0.010876276231034604,0.007944933138787746,0.006841873284429312,0.00772432116791606,0.006843958463738118,0.06454797089099884,0.041641478426754475,0.05996667239814997,0.04168477992479652,0.09405955672264099,0.08235937729477882,0.09171952083706855,0.08238149483623036,0.013259180821478367,0.012986133806407452,0.013204571418464183,0.01298561764947915,0.0006421090802177787,0.0005716910236515105,0.0006280254689045251,0.0005718241390703503,0.0594530925154686,0.05107736028730869,0.05777794606983662,0.05106152714510045,0.002249786863103509,0.002104041981510818,0.0022206378867849707,0.002103766471337675,0.00258651259355247,0.0020233233808539808,0.0024738747510127724,0.0020243880107456602,0.03358437493443489,0.021743102930486202,0.031216120533645152,0.021765487187582512,0.5163624286651611,0.29425041005015373,0.47194002494215964,0.2938305385593881
song_a7ba1698c332881371ca56c4d18a568ac6781ccade4939e9b958bf3d29384d7a,success,emotion,classifier-panel-v1,374,1,510,282,282,566d091cb8f38e14ca6b3b78cdd23880640147350c7a09d552ad94bf253594ef,566d091cb8f38e14ca6b3b78cdd23880640147350c7a09d552ad94bf253594ef,0.0028918462339788675,0.0028918462339788675,0.0028918462339788675,0.0028918462339788675,0.0032118172384798527,0.0032118172384798527,0.0032118172384798527,0.0032118172384798527,0.0009882051963359118,0.0009882051963359118,0.0009882051963359118,0.0009882051963359118,0.003476543352007866,0.003476543352007866,0.003476543352007866,0.003476543352007866,0.049174368381500244,0.049174368381500244,0.049174368381500244,0.049174368381500244,0.005031275097280741,0.005031275097280741,0.005031275097280741,0.005031275097280741,0.001329598599113524,0.001329598599113524,0.001329598599113524,0.001329598599113524,0.0016609042650088668,0.0016609042650088668,0.0016609042650088668,0.0016609042650088668,0.004863709677010775,0.004863709677010775,0.004863709677010775,0.004863709677010775,0.0016586831770837307,0.0016586831770837307,0.0016586831770837307,0.0016586831770837307,0.0007395387510769069,0.0007395387510769069,0.0007395387510769069,0.0007395387510769069,0.0008608268108218908,0.0008608268108218908,0.0008608268108218908,0.0008608268108218908,0.0006154945003800094,0.0006154945003800094,0.0006154945003800094,0.0006154945003800094,0.04223277419805527,0.04223277419805527,0.04223277419805527,0.04223277419805527,0.0030717113986611366,0.0030717113986611366,0.0030717113986611366,0.0030717113986611366,0.001015476998873055,0.001015476998873055,0.001015476998873055,0.001015476998873055,0.0006492098327726126,0.0006492098327726126,0.0006492098327726126,0.0006492098327726126,0.022739693522453308,0.022739693522453308,0.022739693522453308,0.022739693522453308,0.0019827631767839193,0.0019827631767839193,0.0019827631767839193,0.0019827631767839193,0.0018956258427351713,0.0018956258427351713,0.0018956258427351713,0.0018956258427351713,0.8779684901237488,0.8779684901237488,0.8779684901237488,0.8779684901237488,0.012708897702395916,0.012708897702395916,0.012708897702395916,0.012708897702395916,0.0015991468681022525,0.0015991468681022525,0.0015991468681022525,0.0015991468681022525,0.020491091534495354,0.020491091534495354,0.020491091534495354,0.020491091534495354,0.0026558341924101114,0.0026558341924101114,0.0026558341924101114,0.0026558341924101114,0.0004994886112399399,0.0004994886112399399,0.0004994886112399399,0.0004994886112399399,0.0018907315097749233,0.0018907315097749233,0.0018907315097749233,0.0018907315097749233,0.0036961419973522425,0.0036961419973522425,0.0036961419973522425,0.0036961419973522425
song_5d5af3444c66dfa9b904e41deae67f9dc3da2e8afe113f76d35d7c17893c4021,success,emotion,classifier-panel-v1,658,2,510,457,457,9d40b4d041a784aa65d082a41ede82adb528d72d91f20932464b3b3e87138a3c,9d40b4d041a784aa65d082a41ede82adb528d72d91f20932464b3b3e87138a3c,0.0012845729943364859,0.0010401112958788872,0.0012356806546449661,0.0010401112958788872,0.0008491918561048806,0.0008184163307305425,0.0008430367510300129,0.0008184163307305425,0.48424282670021057,0.45302124321460724,0.4779985100030899,0.45302124321460724,0.32343825697898865,0.3121478110551834,0.3211801677942276,0.3121478110551834,0.012495911680161953,0.010396800935268402,0.012076089531183243,0.010396800935268402,0.011187026277184486,0.011145980563014746,0.011178817134350538,0.011145980563014746,0.007123657967895269,0.004539901274256408,0.006606906629167498,0.004539901274256408,0.013467883691191673,0.007755291182547808,0.0123253651894629,0.007755291182547808,0.013065667822957039,0.01285207038745284,0.0130229483358562,0.01285207038745284,0.03972278907895088,0.031345454044640064,0.03804732207208872,0.031345454044640064,0.0537082776427269,0.05032087303698063,0.05303079672157764,0.05032087303698063,0.02862490713596344,0.025317177176475525,0.027963361144065856,0.025317177176475525,0.003192061325535178,0.002727680141106248,0.003099185088649392,0.002727680141106248,0.0009567250381223857,0.0008745554368942976,0.0009402911178767681,0.0008745554368942976,0.004407641477882862,0.003663870971649885,0.004258887376636267,0.003663870971649885,0.0004139091179240495,0.0003448307834332809,0.0004000934510258958,0.0003448307834332809,0.001876422087661922,0.001532417896669358,0.0018076212494634093,0.001532417896669358,0.0010049102129414678,0.0008868051809258759,0.0009812892065383493,0.0008868051809258759,0.0024164842907339334,0.0024018195690587163,0.00241355134639889,0.0024018195690587163,0.001944074872881174,0.0014123155851848423,0.0018377230153419077,0.0014123155851848423,0.34777870774269104,0.288255974650383,0.3358741611242294,0.288255974650383,0.0037766459863632917,0.0036145251942798495,0.0037442218279466035,0.0036145251942798495,0.0004900502390228212,0.000421643111621961,0.00047636881354264917,0.000421643111621961,0.0060070171020925045,0.005976623855531216,0.006000938452780246,0.005976623855531216,0.00037728348979726434,0.0003707853757077828,0.00037598386697936805,0.0003707853757077828,0.001886235666461289,0.0015291667077690363,0.0018148218747228383,0.0015291667077690363,0.04003890976309776,0.02967354841530323,0.03796583749353886,0.02967354841530323,0.001243670005351305,0.0009299085650127381,0.0011809177172835915,0.0009299085650127381
song_f1bddb6c30e8373851eaf182907b098d1766fc67c2fc89c0c55665db81104c46,success,emotion,classifier-panel-v1,421,1,510,307,307,9a3c0ba28629bc1c8ae1c0aa412bed2668ca9089038f855b481fe4053435d9dd,9a3c0ba28629bc1c8ae1c0aa412bed2668ca9089038f855b481fe4053435d9dd,0.0028694006614387035,0.0028694006614387035,0.0028694006614387035,0.0028694006614387035,0.0007960579823702574,0.0007960579823702574,0.0007960579823702574,0.0007960579823702574,0.034499391913414,0.034499391913414,0.034499391913414,0.034499391913414,0.07451954483985901,0.07451954483985901,0.07451954483985901,0.07451954483985901,0.06472254544496536,0.06472254544496536,0.06472254544496536,0.06472254544496536,0.039473045617341995,0.039473045617341995,0.039473045617341995,0.039473045617341995,0.001674923929385841,0.001674923929385841,0.001674923929385841,0.001674923929385841,0.0010024785296991467,0.0010024785296991467,0.0010024785296991467,0.0010024785296991467,0.08846939355134964,0.08846939355134964,0.08846939355134964,0.08846939355134964,0.1619921326637268,0.1619921326637268,0.1619921326637268,0.1619921326637268,0.030773373320698738,0.030773373320698738,0.030773373320698738,0.030773373320698738,0.008976499550044537,0.008976499550044537,0.008976499550044537,0.008976499550044537,0.003059307113289833,0.003059307113289833,0.003059307113289833,0.003059307113289833,0.0010278288973495364,0.0010278288973495364,0.0010278288973495364,0.0010278288973495364,0.002683871192857623,0.002683871192857623,0.002683871192857623,0.002683871192857623,0.0003441511944402009,0.0003441511944402009,0.0003441511944402009,0.0003441511944402009,0.0049103423953056335,0.0049103423953056335,0.0049103423953056335,0.0049103423953056335,0.003032173728570342,0.003032173728570342,0.003032173728570342,0.003032173728570342,0.15622098743915558,0.15622098743915558,0.15622098743915558,0.15622098743915558,0.00417123269289732,0.00417123269289732,0.00417123269289732,0.00417123269289732,0.189431831240654,0.189431831240654,0.189431831240654,0.189431831240654,0.019824661314487457,0.019824661314487457,0.019824661314487457,0.019824661314487457,0.001526272390037775,0.001526272390037775,0.001526272390037775,0.001526272390037775,0.036806926131248474,0.036806926131248474,0.036806926131248474,0.036806926131248474,0.0021479392889887094,0.0021479392889887094,0.0021479392889887094,0.0021479392889887094,0.015010200440883636,0.015010200440883636,0.015010200440883636,0.015010200440883636,0.2339945137500763,0.2339945137500763,0.2339945137500763,0.2339945137500763,0.0009538629092276096,0.0009538629092276096,0.0009538629092276096,0.0009538629092276096
song_a6eab6eaa3a8765b9bc855a359e190d3b1b2ca7572976e67d194886ec9081a52,success,emotion,classifier-panel-v1,344,1,510,270,270,f7c32b121fe3dff298f0bb44080915ee6336d5cd7179342af31fa033d8de22b6,f7c32b121fe3dff298f0bb44080915ee6336d5cd7179342af31fa033d8de22b6,0.0014271634863689542,0.0014271634863689542,0.0014271634863689542,0.0014271634863689542,0.0008210020023398101,0.0008210020023398101,0.0008210020023398101,0.0008210020023398101,0.0038940683007240295,0.0038940683007240295,0.0038940683007240295,0.0038940683007240295,0.05033131688833237,0.05033131688833237,0.05033131688833237,0.05033131688833237,0.07383060455322266,0.07383060455322266,0.07383060455322266,0.07383060455322266,0.054489824920892715,0.054489824920892715,0.054489824920892715,0.054489824920892715,0.0018658245680853724,0.0018658245680853724,0.0018658245680853724,0.0018658245680853724,0.0008962139836512506,0.0008962139836512506,0.0008962139836512506,0.0008962139836512506,0.003821067977696657,0.003821067977696657,0.003821067977696657,0.003821067977696657,0.07549731433391571,0.07549731433391571,0.07549731433391571,0.07549731433391571,0.011975928209722042,0.011975928209722042,0.011975928209722042,0.011975928209722042,0.002037597820162773,0.002037597820162773,0.002037597820162773,0.002037597820162773,0.00192715460434556,0.00192715460434556,0.00192715460434556,0.00192715460434556,0.0008391031879000366,0.0008391031879000366,0.0008391031879000366,0.0008391031879000366,0.00637431675568223,0.00637431675568223,0.00637431675568223,0.00637431675568223,0.000181232753675431,0.000181232753675431,0.000181232753675431,0.000181232753675431,0.0020123282447457314,0.0020123282447457314,0.0020123282447457314,0.0020123282447457314,0.0022846958599984646,0.0022846958599984646,0.0022846958599984646,0.0022846958599984646,0.0013203651178628206,0.0013203651178628206,0.0013203651178628206,0.0013203651178628206,0.01582947000861168,0.01582947000861168,0.01582947000861168,0.01582947000861168,0.49202850461006165,0.49202850461006165,0.49202850461006165,0.49202850461006165,0.0134578887373209,0.0134578887373209,0.0134578887373209,0.0134578887373209,0.0007850234396755695,0.0007850234396755695,0.0007850234396755695,0.0007850234396755695,0.07489030808210373,0.07489030808210373,0.07489030808210373,0.07489030808210373,0.005380008369684219,0.005380008369684219,0.005380008369684219,0.005380008369684219,0.002357941586524248,0.002357941586524248,0.002357941586524248,0.002357941586524248,0.07178724557161331,0.07178724557161331,0.07178724557161331,0.07178724557161331,0.0009271738235838711,0.0009271738235838711,0.0009271738235838711,0.0009271738235838711
song_16908002829a856192b2e3b24d6c58c39106117ffcc515d050022040305006b9,success,emotion,classifier-panel-v1,1187,3,510,866,866,fafec8a70cfa786877db3a346949df496f8c17f41958ede6fc08361d199966c5,fafec8a70cfa786877db3a346949df496f8c17f41958ede6fc08361d199966c5,0.2209063619375229,0.15037000179290771,0.2072906494140625,0.15036793119684427,0.0044500017538666725,0.003068996981407205,0.00411800630390644,0.0030692320045557662,0.0022001289762556553,0.001724866102449596,0.002083956333808601,0.001724465712496937,0.004447953309863806,0.004144038461769621,0.004445727542042732,0.004144541158363625,0.15453682839870453,0.09854015459616979,0.14327386319637297,0.09854042262667452,0.00809395220130682,0.006063970426718394,0.007965486496686935,0.006062260248306778,0.004882230889052153,0.0026611025289942822,0.004227819852530956,0.002659231317233492,0.029588080942630768,0.013990547197560469,0.02533054202795029,0.013977406899544404,0.012478013522922993,0.01079705823212862,0.012093999423086643,0.010797259677123049,0.006495293695479631,0.002900547037521998,0.005438755196519196,0.0029019690643432654,0.002616652986034751,0.0019553034799173474,0.0024591189809143542,0.001955409899900064,0.0011380581418052316,0.0008702989240797857,0.0010734265786595642,0.0008704778294038991,0.0005949886981397867,0.00034317686610544723,0.0005296925955917686,0.0003432397714809365,0.05085339397192001,0.033177404974897705,0.04766993522644043,0.033175923344510486,0.0008922418346628547,0.0006562452957344552,0.0008318386971950531,0.0006563009142251128,0.000531682453583926,0.0004074840301958223,0.0005004029429983347,0.00040737939799414744,0.0007505048415623605,0.0003882180802368869,0.0006493490829598159,0.00038833896653148447,0.07105101644992828,0.0343383071012795,0.06210123673081398,0.034345077269137055,0.6867637038230896,0.4536920872827371,0.6815174102783204,0.45349573377259356,0.0007424625800922513,0.0004604812662970896,0.0006788407743442803,0.0004605117024512131,0.7004665732383728,0.28994295249382657,0.5776288956403732,0.29011722280005997,0.020619679242372513,0.013895161605129639,0.019542935490608215,0.013894032035729116,0.00201234919950366,0.0012520623470967014,0.0018005204037763178,0.001252451083176042,0.0051888758316636086,0.004043266565228502,0.004848637524992228,0.004043734621055731,0.0012533642584457994,0.0008207520974489549,0.0011327970307320357,0.000820973148993542,0.00046922671026550233,0.00033719079025710624,0.00044308153446763753,0.0003371896865999714,0.004265187308192253,0.0018323094894488652,0.0035554248490370813,0.0018332496195895835,0.003692284692078829,0.0020336359933329127,0.0033192462055012585,0.0020338099981636977
song_fd806b3821bf03e97e417fa26b068546358a5dc336dc9669759f406326f62c9d,success,emotion,classifier-panel-v1,324,1,510,212,212,fba71acd733a8fd1e5ec7eb31135061041a5b1dc0cc783b5168b1fed34287994,fba71acd733a8fd1e5ec7eb31135061041a5b1dc0cc783b5168b1fed34287994,0.0015116315335035324,0.0015116315335035324,0.0015116315335035324,0.0015116315335035324,0.0016707717441022396,0.0016707717441022396,0.0016707717441022396,0.0016707717441022396,0.0011985296150669456,0.0011985296150669456,0.0011985296150669456,0.0011985296150669456,0.00985015369951725,0.00985015369951725,0.00985015369951725,0.00985015369951725,0.03607558459043503,0.03607558459043503,0.03607558459043503,0.03607558459043503,0.0006256176275201142,0.0006256176275201142,0.0006256176275201142,0.0006256176275201142,0.00310070370323956,0.00310070370323956,0.00310070370323956,0.00310070370323956,0.0012724027037620544,0.0012724027037620544,0.0012724027037620544,0.0012724027037620544,0.0006901943706907332,0.0006901943706907332,0.0006901943706907332,0.0006901943706907332,0.004328262060880661,0.004328262060880661,0.004328262060880661,0.004328262060880661,0.01118490006774664,0.01118490006774664,0.01118490006774664,0.01118490006774664,0.0008345874375663698,0.0008345874375663698,0.0008345874375663698,0.0008345874375663698,0.0005976437241770327,0.0005976437241770327,0.0005976437241770327,0.0005976437241770327,0.002440954325720668,0.002440954325720668,0.002440954325720668,0.002440954325720668,0.0007593039772473276,0.0007593039772473276,0.0007593039772473276,0.0007593039772473276,0.00044345087371766567,0.00044345087371766567,0.00044345087371766567,0.00044345087371766567,0.00025885648210532963,0.00025885648210532963,0.00025885648210532963,0.00025885648210532963,0.0024472801014781,0.0024472801014781,0.0024472801014781,0.0024472801014781,0.0006216753972694278,0.0006216753972694278,0.0006216753972694278,0.0006216753972694278,0.0004006160597782582,0.0004006160597782582,0.0004006160597782582,0.0004006160597782582,0.9306123852729797,0.9306123852729797,0.9306123852729797,0.9306123852729797,0.0021172845736145973,0.0021172845736145973,0.0021172845736145973,0.0021172845736145973,0.0003327295708004385,0.0003327295708004385,0.0003327295708004385,0.0003327295708004385,0.01959468238055706,0.01959468238055706,0.01959468238055706,0.01959468238055706,0.000646066851913929,0.000646066851913929,0.000646066851913929,0.000646066851913929,0.00017320772167295218,0.00017320772167295218,0.00017320772167295218,0.00017320772167295218,0.0013519665226340294,0.0013519665226340294,0.0013519665226340294,0.0013519665226340294,0.0016083944356068969,0.0016083944356068969,0.0016083944356068969,0.0016083944356068969
song_89d75c9f3c3a88e6888930caa50d728f6bdfa0b90fe8fa2978b32e8582e20df0,success,emotion,classifier-panel-v1,409,1,510,279,279,54642e9b27b04fe38f49a8d7ec0abfb1dd684ece536fce5aefd3eb9f035fd7fd,54642e9b27b04fe38f49a8d7ec0abfb1dd684ece536fce5aefd3eb9f035fd7fd,0.0035002436488866806,0.0035002436488866806,0.0035002436488866806,0.0035002436488866806,0.007331230212002993,0.007331230212002993,0.007331230212002993,0.007331230212002993,0.003722758963704109,0.003722758963704109,0.003722758963704109,0.003722758963704109,0.011570903472602367,0.011570903472602367,0.011570903472602367,0.011570903472602367,0.024352358654141426,0.024352358654141426,0.024352358654141426,0.024352358654141426,0.004551582969725132,0.004551582969725132,0.004551582969725132,0.004551582969725132,0.0008129226043820381,0.0008129226043820381,0.0008129226043820381,0.0008129226043820381,0.0017656937707215548,0.0017656937707215548,0.0017656937707215548,0.0017656937707215548,0.00803763885051012,0.00803763885051012,0.00803763885051012,0.00803763885051012,0.001490552444010973,0.001490552444010973,0.001490552444010973,0.001490552444010973,0.0011689233360812068,0.0011689233360812068,0.0011689233360812068,0.0011689233360812068,0.0010955078760161996,0.0010955078760161996,0.0010955078760161996,0.0010955078760161996,0.0006049261428415775,0.0006049261428415775,0.0006049261428415775,0.0006049261428415775,0.05933308228850365,0.05933308228850365,0.05933308228850365,0.05933308228850365,0.0008581337169744074,0.0008581337169744074,0.0008581337169744074,0.0008581337169744074,0.0008672683616168797,0.0008672683616168797,0.0008672683616168797,0.0008672683616168797,0.000268342875642702,0.000268342875642702,0.000268342875642702,0.000268342875642702,0.030252501368522644,0.030252501368522644,0.030252501368522644,0.030252501368522644,0.0023695144336670637,0.0023695144336670637,0.0023695144336670637,0.0023695144336670637,0.0005166818737052381,0.0005166818737052381,0.0005166818737052381,0.0005166818737052381,0.839506208896637,0.839506208896637,0.839506208896637,0.839506208896637,0.00670121842995286,0.00670121842995286,0.00670121842995286,0.00670121842995286,0.0011774443555623293,0.0011774443555623293,0.0011774443555623293,0.0011774443555623293,0.003530096495524049,0.003530096495524049,0.003530096495524049,0.003530096495524049,0.0013115190668031573,0.0013115190668031573,0.0013115190668031573,0.0013115190668031573,0.00027996371500194073,0.00027996371500194073,0.00027996371500194073,0.00027996371500194073,0.0007878014585003257,0.0007878014585003257,0.0007878014585003257,0.0007878014585003257,0.0015102430479601026,0.0015102430479601026,0.0015102430479601026,0.0015102430479601026
song_a88716a9c9d7b095702f94b087ee37326a0dc5655ecf93a84a87b71aa1b66a68,success,emotion,classifier-panel-v1,821,2,510,584,584,6090bcdbece03d95ac7b774e8c44d252a3f8945e4072fddda6f52c52294bf524,6090bcdbece03d95ac7b774e8c44d252a3f8945e4072fddda6f52c52294bf524,0.0027001036796718836,0.002266689494717866,0.0026134208426810803,0.0022661615846265703,0.0696612298488617,0.0395637615583837,0.0636417361907661,0.03960042108127101,0.009988090954720974,0.006518737645819783,0.009294220292940737,0.006522963411116862,0.1146988645195961,0.06487793941050768,0.10473467949777841,0.06493862263232143,0.04351016879081726,0.02640055026859045,0.040088245086371904,0.026379710294750953,0.0022516073659062386,0.002093141374643892,0.0022199141676537693,0.0020933343904675976,0.002611571690067649,0.002495118067599833,0.0025882809655740856,0.0024952599112325587,0.0071507403627038,0.006002506241202354,0.006921093538403511,0.006001107661273607,0.21245399117469788,0.15779760479927063,0.20152271389961243,0.15786417774248065,0.29298630356788635,0.14859881903976202,0.2641088066622615,0.14877468686500944,0.06552861630916595,0.034515270846895874,0.05932594721671194,0.03455304593272081,0.0070840646512806416,0.004223790776450187,0.0065120098763145505,0.004227274666675315,0.0038317644502967596,0.0021411532507045195,0.0034936422103783115,0.002143212460448237,0.022583652287721634,0.014338756911456585,0.020934673212468627,0.014328714407953217,0.0014031536411494017,0.0011277405137661844,0.0013480710156727584,0.0011280759743354698,0.0004930130089633167,0.0003609901468735188,0.00046660843654535713,0.00036115095425730666,0.0013474250445142388,0.000827713796752505,0.001243482794961892,0.0008283468189787678,0.010856766253709793,0.010561063420027494,0.010797625686973334,0.010561423594002747,0.004281250294297934,0.0034309838665649295,0.004111197008751333,0.003432019513858149,0.0025216161739081144,0.0015490054502151906,0.0023270940291695297,0.001550190116139299,0.7542703747749329,0.4402214586734772,0.6914605915546418,0.4398389386782257,0.04522915184497833,0.03248108271509409,0.042679538019001484,0.032496610204899065,0.0007574682822450995,0.0007473274017684162,0.0007554401061497628,0.0007473150499042546,0.009603173471987247,0.007725924951955676,0.009227723767980932,0.007728211490956933,0.0014412859454751015,0.0011169861536473036,0.0013764259871095418,0.0011173811594838783,0.004081891383975744,0.0022173170873429626,0.003708976524649188,0.0022195881888004932,0.04289828985929489,0.02203942369669676,0.038726516626775266,0.022064830354629278,0.00177231733687222,0.0015072744572535157,0.0017193087609484793,0.0015075972865831366
song_61a93b5d45b99392acf44f79106a72ee8e87dee118e990895eafdece3a01ebe9,success,emotion,classifier-panel-v1,448,1,510,341,341,841d6e6573a1a43336eb7a878f38ebab26e0355d8f61217640e49264b396f608,841d6e6573a1a43336eb7a878f38ebab26e0355d8f61217640e49264b396f608,0.000973565096501261,0.000973565096501261,0.000973565096501261,0.000973565096501261,0.0012228073319420218,0.0012228073319420218,0.0012228073319420218,0.0012228073319420218,0.002130833687260747,0.002130833687260747,0.002130833687260747,0.002130833687260747,0.020392553880810738,0.020392553880810738,0.020392553880810738,0.020392553880810738,0.05213465541601181,0.05213465541601181,0.05213465541601181,0.05213465541601181,0.015665486454963684,0.015665486454963684,0.015665486454963684,0.015665486454963684,0.03461524471640587,0.03461524471640587,0.03461524471640587,0.03461524471640587,0.19530828297138214,0.19530828297138214,0.19530828297138214,0.19530828297138214,0.010411830618977547,0.010411830618977547,0.010411830618977547,0.010411830618977547,0.023289520293474197,0.023289520293474197,0.023289520293474197,0.023289520293474197,0.017179526388645172,0.017179526388645172,0.017179526388645172,0.017179526388645172,0.0008209820953197777,0.0008209820953197777,0.0008209820953197777,0.0008209820953197777,0.001075682113878429,0.001075682113878429,0.001075682113878429,0.001075682113878429,0.0029687704518437386,0.0029687704518437386,0.0029687704518437386,0.0029687704518437386,0.002290340606123209,0.002290340606123209,0.002290340606123209,0.002290340606123209,0.00012733896437566727,0.00012733896437566727,0.00012733896437566727,0.00012733896437566727,0.0009275431511923671,0.0009275431511923671,0.0009275431511923671,0.0009275431511923671,0.005830320529639721,0.005830320529639721,0.005830320529639721,0.005830320529639721,0.0010285744210705161,0.0010285744210705161,0.0010285744210705161,0.0010285744210705161,0.0033112657256424427,0.0033112657256424427,0.0033112657256424427,0.0033112657256424427,0.48912203311920166,0.48912203311920166,0.48912203311920166,0.48912203311920166,0.03232206031680107,0.03232206031680107,0.03232206031680107,0.03232206031680107,0.0002979013661388308,0.0002979013661388308,0.0002979013661388308,0.0002979013661388308,0.015670370310544968,0.015670370310544968,0.015670370310544968,0.015670370310544968,0.002000819891691208,0.002000819891691208,0.002000819891691208,0.002000819891691208,0.0015149241080507636,0.0015149241080507636,0.0015149241080507636,0.0015149241080507636,0.01276608556509018,0.01276608556509018,0.01276608556509018,0.01276608556509018,0.0033179419115185738,0.0033179419115185738,0.0033179419115185738,0.0033179419115185738
song_f4185aea5cd17f1abea03ccb1fa6b853bc8cc48352e792e4aa84bd5673669c5e,success,emotion,classifier-panel-v1,719,2,510,383,383,dbea5d09d748938f278db5d33e8815a1576118865cde1b4ff2471938e85e6bab,dbea5d09d748938f278db5d33e8815a1576118865cde1b4ff2471938e85e6bab,0.0006365609006024897,0.0005641850875690579,0.0006220857379958033,0.0005642857493396191,0.00500604510307312,0.00349612720310688,0.004704061523079872,0.003498227228002522,0.07556390762329102,0.04446766618639231,0.06934465933591127,0.04451091547907228,0.2838108539581299,0.1971677765250206,0.26648223847150804,0.19728828150058822,0.011254718527197838,0.010596288833767176,0.011123032588511706,0.01059537307619634,0.017100410535931587,0.010955575853586197,0.01587144359946251,0.01096412221614857,0.011429788544774055,0.007394954212941229,0.010622821678407491,0.007389342482298902,0.028118012472987175,0.016421917593106627,0.025778793497011065,0.01640565042359358,0.09033552557229996,0.07938870415091515,0.088146161288023,0.07940392921547897,0.09404222667217255,0.07050525210797787,0.08933483175933361,0.07053798781669024,0.03512457758188248,0.022325731348246336,0.03256480833515525,0.02234353224704138,0.01769166812300682,0.012919374275952578,0.016737209353595975,0.012926011680468648,0.004933299496769905,0.004032238153740764,0.004753087228164077,0.004033491368404226,0.007056571077555418,0.005477871862240136,0.006740831234492362,0.005475676174875302,0.008930173702538013,0.007827455876395106,0.008709630137309432,0.007825922193744004,0.0001552885805722326,0.0001389230601489544,0.00015201547648757696,0.00013894582165162932,0.00239434908144176,0.0019745745230466127,0.0023103941697627307,0.0019751583541431287,0.004193425644189119,0.00325435574632138,0.004005611664615572,0.003255661824065285,0.0066283089108765125,0.0038825409719720483,0.00607915532309562,0.003886359842540761,0.013793431222438812,0.01266288012266159,0.013567321002483368,0.012661307728920592,0.5672100782394409,0.41722601652145386,0.5372132658958435,0.4170174156011229,0.0039941975846886635,0.0035871847067028284,0.003912795009091497,0.003587750788591543,0.0007289109053090215,0.0005515110970009118,0.0006934309436473996,0.0005517578283059301,0.01371554471552372,0.013076466973870993,0.013587729167193174,0.013075578131393033,0.0014379339991137385,0.0013581901439465582,0.0014219852280803024,0.0013583010533417838,0.003090004902333021,0.002111562411300838,0.0028943164041265847,0.0021129232492577673,0.09458298236131668,0.06349766626954079,0.0883659191429615,0.06354090036702587,0.004986768122762442,0.003316315240226686,0.00465267754625529,0.0033139919399728115
song_df65c35504bb4ab737bbde1916d9226388671296143f32de56be3bcd942836de,success,emotion,classifier-panel-v1,566,2,510,355,355,ebea2f2eff10d9dfdd8dd70f8b7456673727a29201577172ee934f552fbd0898,ebea2f2eff10d9dfdd8dd70f8b7456673727a29201577172ee934f552fbd0898,0.001193316886201501,0.001190239330753684,0.0011927013751119376,0.001190239330753684,0.00224378053098917,0.00197371729882434,0.002189767884556204,0.00197371729882434,0.5370643138885498,0.41265128552913666,0.5121817082166672,0.41265128552913666,0.4176841378211975,0.4049902558326721,0.41514536142349245,0.4049902558326721,0.01608082838356495,0.012049952056258917,0.015274653118103743,0.012049952056258917,0.004914580378681421,0.004604136338457465,0.00485249157063663,0.004604136338457465,0.00204511359333992,0.0018123210757039487,0.0019985550898127258,0.0018123210757039487,0.0014899153029546142,0.0012651808210648596,0.0014449684065766632,0.0012651808210648596,0.003896008711308241,0.003502287669107318,0.003817264502868056,0.003502287669107318,0.02234896458685398,0.02129051648080349,0.022137274965643883,0.02129051648080349,0.02431626431643963,0.023654168471693993,0.0241838451474905,0.023654168471693993,0.015761783346533775,0.012742077931761742,0.015157842263579368,0.012742077931761742,0.0038249760400503874,0.0034668059088289738,0.0037533420138061045,0.0034668059088289738,0.0027858775574713945,0.0024569345405325294,0.0027200889540836214,0.0024569345405325294,0.0037413144018501043,0.0029743389459326863,0.003587919310666621,0.0029743389459326863,0.0003027083585038781,0.00024895701062632725,0.00029195808892836796,0.00024895701062632725,0.0009408165351487696,0.0008550664933864027,0.0009236665267962962,0.0008550664933864027,0.0030529059004038572,0.0026737985899671912,0.002977084438316524,0.0026737985899671912,0.0014821599470451474,0.0014690369716845453,0.001479535351973027,0.0014690369716845453,0.0013293327065184712,0.0012771927285939455,0.001318904710933566,0.0012771927285939455,0.4085482656955719,0.34103333950042725,0.39504528045654297,0.34103333950042725,0.0036657422315329313,0.003628634614869952,0.0036583207082003357,0.003628634614869952,0.0011022608960047364,0.000969117070781067,0.0010756321309600026,0.000969117070781067,0.011717374436557293,0.009769291151314974,0.01132775777950883,0.009769291151314974,0.0007640958065167069,0.0006328177114482969,0.000737840187503025,0.0006328177114482969,0.0006085127824917436,0.0005381571827456355,0.000594441662542522,0.0005381571827456355,0.007630361709743738,0.006534922868013382,0.007411273941397668,0.006534922868013382,0.002855154452845454,0.002772636478766799,0.002838650858029723,0.002772636478766799
song_91746aa1c606d87c92ae335386faf16eecbaf2fd760ffb105d9375f1ae0fe4b4,success,emotion,classifier-panel-v1,335,1,510,251,251,3714141b866fd1cb2fd6091ed15df14603b3caf618e0200bbe38d199ab06b270,3714141b866fd1cb2fd6091ed15df14603b3caf618e0200bbe38d199ab06b270,0.08527909219264984,0.08527909219264984,0.08527909219264984,0.08527909219264984,0.0025182084646075964,0.0025182084646075964,0.0025182084646075964,0.0025182084646075964,0.0035460011567920446,0.0035460011567920446,0.0035460011567920446,0.0035460011567920446,0.009403559379279613,0.009403559379279613,0.009403559379279613,0.009403559379279613,0.058060597628355026,0.058060597628355026,0.058060597628355026,0.058060597628355026,0.009070543572306633,0.009070543572306633,0.009070543572306633,0.009070543572306633,0.0014379230560734868,0.0014379230560734868,0.0014379230560734868,0.0014379230560734868,0.005935887340456247,0.005935887340456247,0.005935887340456247,0.005935887340456247,0.7590417861938477,0.7590417861938477,0.7590417861938477,0.7590417861938477,0.00867445208132267,0.00867445208132267,0.00867445208132267,0.00867445208132267,0.003228351240977645,0.003228351240977645,0.003228351240977645,0.003228351240977645,0.0042451354674994946,0.0042451354674994946,0.0042451354674994946,0.0042451354674994946,0.0008250137907452881,0.0008250137907452881,0.0008250137907452881,0.0008250137907452881,0.0442301444709301,0.0442301444709301,0.0442301444709301,0.0442301444709301,0.001835293835029006,0.001835293835029006,0.001835293835029006,0.001835293835029006,0.0019390907837077975,0.0019390907837077975,0.0019390907837077975,0.0019390907837077975,0.0014024681877344847,0.0014024681877344847,0.0014024681877344847,0.0014024681877344847,0.026058156043291092,0.026058156043291092,0.026058156043291092,0.026058156043291092,0.1279439777135849,0.1279439777135849,0.1279439777135849,0.1279439777135849,0.0016711861826479435,0.0016711861826479435,0.0016711861826479435,0.0016711861826479435,0.05231589823961258,0.05231589823961258,0.05231589823961258,0.05231589823961258,0.02422267384827137,0.02422267384827137,0.02422267384827137,0.02422267384827137,0.0032358018215745687,0.0032358018215745687,0.0032358018215745687,0.0032358018215745687,0.006429065018892288,0.006429065018892288,0.006429065018892288,0.006429065018892288,0.0018463210435584188,0.0018463210435584188,0.0018463210435584188,0.0018463210435584188,0.00131473399233073,0.00131473399233073,0.00131473399233073,0.00131473399233073,0.007396156899631023,0.007396156899631023,0.007396156899631023,0.007396156899631023,0.002831554738804698,0.002831554738804698,0.002831554738804698,0.002831554738804698
song_bebe4b11a673cfb47ec460528a0c2f75529ba518b5e923d1958b2e9aee9ea323,success,emotion,classifier-panel-v1,272,1,510,196,196,e8c264b19bfa7d3fbf6dd0eb77f239f14f1584202a71705e5da02499f5223020,e8c264b19bfa7d3fbf6dd0eb77f239f14f1584202a71705e5da02499f5223020,0.0014274917775765061,0.0014274917775765061,0.0014274917775765061,0.0014274917775765061,0.0011297581950202584,0.0011297581950202584,0.0011297581950202584,0.0011297581950202584,0.005046603735536337,0.005046603735536337,0.005046603735536337,0.005046603735536337,0.026624107733368874,0.026624107733368874,0.026624107733368874,0.026624107733368874,0.008900852873921394,0.008900852873921394,0.008900852873921394,0.008900852873921394,0.02617950737476349,0.02617950737476349,0.02617950737476349,0.02617950737476349,0.019732626155018806,0.019732626155018806,0.019732626155018806,0.019732626155018806,0.14333878457546234,0.14333878457546234,0.14333878457546234,0.14333878457546234,0.14161433279514313,0.14161433279514313,0.14161433279514313,0.14161433279514313,0.15932202339172363,0.15932202339172363,0.15932202339172363,0.15932202339172363,0.009443329647183418,0.009443329647183418,0.009443329647183418,0.009443329647183418,0.0033567617647349834,0.0033567617647349834,0.0033567617647349834,0.0033567617647349834,0.0031409692019224167,0.0031409692019224167,0.0031409692019224167,0.0031409692019224167,0.0045309774577617645,0.0045309774577617645,0.0045309774577617645,0.0045309774577617645,0.01026576291769743,0.01026576291769743,0.01026576291769743,0.01026576291769743,0.0003245608531869948,0.0003245608531869948,0.0003245608531869948,0.0003245608531869948,0.006410600151866674,0.006410600151866674,0.006410600151866674,0.006410600151866674,0.0018841110868379474,0.0018841110868379474,0.0018841110868379474,0.0018841110868379474,0.004073345568031073,0.004073345568031073,0.004073345568031073,0.004073345568031073,0.023991895839571953,0.023991895839571953,0.023991895839571953,0.023991895839571953,0.1866500824689865,0.1866500824689865,0.1866500824689865,0.1866500824689865,0.016630709171295166,0.016630709171295166,0.016630709171295166,0.016630709171295166,0.00035075441701337695,0.00035075441701337695,0.00035075441701337695,0.00035075441701337695,0.01010306365787983,0.01010306365787983,0.01010306365787983,0.01010306365787983,0.0016339934663847089,0.0016339934663847089,0.0016339934663847089,0.0016339934663847089,0.01144462451338768,0.01144462451338768,0.01144462451338768,0.01144462451338768,0.31842780113220215,0.31842780113220215,0.31842780113220215,0.31842780113220215,0.007158663123846054,0.007158663123846054,0.007158663123846054,0.007158663123846054
song_69823ed1beab1c15adab303458294de6aa805b844e4d9bc1cb759b53d8e1d0b8,success,emotion,classifier-panel-v1,929,2,510,635,635,d7a7f03575fafd2da31ec8415232bc7aecc50e5bca0bb24bb71a59b509a56df9,d7a7f03575fafd2da31ec8415232bc7aecc50e5bca0bb24bb71a59b509a56df9,0.0014189239591360092,0.0011560835118871182,0.001366355869686231,0.0011558005835262475,0.2028597593307495,0.1020570884575136,0.18269922515610235,0.10194858181502357,0.3589786887168884,0.2968733459711075,0.3465576201677322,0.2969401977932235,0.38065987825393677,0.2852209135890007,0.36157208532094953,0.28532364659725146,0.006764645222574472,0.0058036367408931255,0.006572443526238203,0.005804671195663504,0.002053395612165332,0.001912308216560632,0.002025178133044392,0.0019124600867388931,0.010204959660768509,0.00608717231079936,0.00938140219077468,0.0060916048052557315,0.004393898416310549,0.0030362949473783374,0.0041223777225241065,0.0030377563074094806,0.002486086217686534,0.0023473945911973715,0.0024583478923887016,0.0023475438825068325,0.13880017399787903,0.07559018954634666,0.12615817710757254,0.07565823043380795,0.059556618332862854,0.037563030142337084,0.0551579006947577,0.03758670461832258,0.03319820761680603,0.02755608595907688,0.0320697832852602,0.0275500126311353,0.011907861568033695,0.009562039515003562,0.01143869715742767,0.009564564619473992,0.0030702792573720217,0.002625447930768132,0.002981312992051244,0.0026249691026447694,0.00922599621117115,0.00890453951433301,0.009161704871803521,0.008904885538764482,0.00027022758149541914,0.00023105001309886575,0.0002623920678161085,0.00023109218486247883,0.002049919916316867,0.001575806934852153,0.0019550973200239243,0.0015763172825178848,0.008499871008098125,0.005380432936362922,0.007875983393751085,0.005377075091291087,0.009467110969126225,0.005362060212064534,0.008646100817713886,0.005366478996517776,0.004761549644172192,0.0033354974002577364,0.004476339195389301,0.003337032440348064,0.2827630937099457,0.21732941269874573,0.2696763575077057,0.21725897816590267,0.002127711195498705,0.0021090555237606168,0.0021239800611510874,0.0021090756052156634,0.0008409895235672593,0.0007681722927372903,0.0008264260774012655,0.0007680939103574949,0.013714957982301712,0.011277415789663792,0.013227449543774129,0.011280039624101507,0.000650649715680629,0.0006354788201861084,0.0006476155365817248,0.0006354951505364793,0.0014576605753973126,0.000981464283540845,0.001362421317026019,0.0009819768737366,0.04703583940863609,0.028775150422006845,0.04338370161131024,0.028794806707245414,0.009028689004480839,0.006372756906785071,0.008497502584941686,0.0063756158218525585
song_8e7a07712e424d6dc71b31f594afafc6604cf5d4f09fcf81c91908a2c45b979d,success,emotion,classifier-panel-v1,924,2,510,600,600,d868c469225d1d282edddf3eba7ad0ef912497c27c0eeaf3afd93fd024db6f29,d868c469225d1d282edddf3eba7ad0ef912497c27c0eeaf3afd93fd024db6f29,0.007400271017104387,0.004340778803452849,0.0067883725743740795,0.004340778803452849,0.03405275195837021,0.02071541966870427,0.031385285500437024,0.02071541966870427,0.2028370350599289,0.11772634275257587,0.1858148965984583,0.11772634275257587,0.13957829773426056,0.12415377423167229,0.13649339303374292,0.12415377423167229,0.007221504580229521,0.006969512673094869,0.007171106198802591,0.006969512673094869,0.0010272444924339652,0.0008694184361957014,0.0009956792811863125,0.0008694184361957014,0.0036047999747097492,0.003434695885516703,0.00357077915687114,0.003434695885516703,0.00535993929952383,0.00512538175098598,0.005313027789816261,0.00512538175098598,0.00397890480235219,0.0028386065969243646,0.003750845161266625,0.0028386065969243646,0.014803589321672916,0.01085059274919331,0.014012990007176995,0.01085059274919331,0.014849524013698101,0.009998679161071777,0.013879355043172836,0.009998679161071777,0.04271509125828743,0.026002822443842888,0.03937263749539852,0.026002822443842888,0.006432489957660437,0.004314991179853678,0.0060089902020990845,0.004314991179853678,0.04596104100346565,0.02445495966821909,0.04165982473641634,0.02445495966821909,0.003809905145317316,0.0027253603911958635,0.0035929961944930256,0.0027253603911958635,0.00022348242055159062,0.00018637975881574675,0.00021606188820442185,0.00018637975881574675,0.000928925524931401,0.0006661601655650884,0.0008763724530581386,0.0006661601655650884,0.01301451027393341,0.007454798324033618,0.011902567883953453,0.007454798324033618,0.025809137150645256,0.01332825716235675,0.023312961152987557,0.01332825716235675,0.00112721580080688,0.0008308108954224735,0.0010679348197299987,0.0008308108954224735,0.8798998594284058,0.5949220657348633,0.8229043006896973,0.5949220657348633,0.001708227558992803,0.0013603270053863525,0.001638647448271513,0.0013603270053863525,0.0013987894635647535,0.0008740201883483678,0.0012938356085214764,0.0008740201883483678,0.0070573934353888035,0.0060574442613869905,0.006857403600588441,0.0060574442613869905,0.0006268465658649802,0.0004640809493139386,0.000594293442554772,0.0004640809493139386,0.0003490658418741077,0.00029212358640506864,0.0003376773907802999,0.00029212358640506864,0.0030229033436626196,0.0024879449047148228,0.00291591165587306,0.0024879449047148228,0.04781192168593407,0.025755911832675338,0.043400719715282324,0.025755911832675338
song_dcd6fc07dd41fb2112e83cc37ad3cb0288359e4b90661faeb2891c6a2a7f5e89,success,emotion,classifier-panel-v1,595,2,510,434,434,071ad23f2d71e54d71ca4d8e83294665e3646c7b87a3eb08094cefa19801d87e,071ad23f2d71e54d71ca4d8e83294665e3646c7b87a3eb08094cefa19801d87e,0.009019751101732254,0.008952505886554718,0.009006302058696746,0.008952618903723083,0.005032019689679146,0.0034878391306847334,0.004723183577880263,0.0034852438692410453,0.048119232058525085,0.028027070220559835,0.04410079969093204,0.027993301881336363,0.035718612372875214,0.02706417441368103,0.03398772478103638,0.02704962913980003,0.09592478722333908,0.07624616101384163,0.0919890619814396,0.07627923433520213,0.013611356727778912,0.011286563705652952,0.01314639812335372,0.01129047092081619,0.02581968903541565,0.01352223235880956,0.023360197700094433,0.013501564364395096,0.058499183505773544,0.02986250858521089,0.052771848521661016,0.029814379719798178,0.049233317375183105,0.03169933147728443,0.04572652019560337,0.03172880036114645,0.012295683845877647,0.011728330980986357,0.01218221327289939,0.011727377446759649,0.01105348952114582,0.008903291076421738,0.010623449832201004,0.008899677297523043,0.006771206855773926,0.004918978665955365,0.006400761217810214,0.004915865677401048,0.001895311987027526,0.0013635543873533607,0.001788960467092693,0.0013626606771018075,0.008465319871902466,0.006982506951317191,0.00816875728778541,0.006980014828761586,0.0048000323586165905,0.0028837740828748792,0.004416780703468248,0.0028805534807307756,0.000463462492916733,0.0004283547750674188,0.0004564409493468702,0.00042829577049960485,0.0012165791122242808,0.0009443681046832353,0.0011621369107160718,0.0009439106071915697,0.01677740179002285,0.013825529720634222,0.016187027376145125,0.013820568591105838,0.9399354457855225,0.874168336391449,0.9267820239067077,0.8740578034344841,0.0028223497793078423,0.001861751195974648,0.0026302300626412038,0.001860136744574088,0.1521742343902588,0.10036280192434788,0.14181194789707663,0.1004498799621057,0.020406141877174377,0.015474011655896902,0.019419715832918884,0.015482300950386444,0.0009292211616411805,0.0006960560713196173,0.000882588143576868,0.0006964479454209981,0.015368400141596794,0.013463468290865421,0.01498741377145052,0.013460266724729738,0.0009745729621499777,0.000849381904117763,0.0009495347505435348,0.0008495923092573129,0.0019887052476406097,0.0015970133827067912,0.001910366874653846,0.0015963550770514401,0.010211222805082798,0.00795534485951066,0.00976004721596837,0.007951553468005497,0.0055164918303489685,0.003304783022031188,0.005074150068685413,0.00330106586437015
song_a7464a3d004fed14e1824802fca94ffd5af3ac71e2e2e34435fccd0ff534a2ed,success,emotion,classifier-panel-v1,502,1,510,357,357,333f8ef4afb37bd3c5cb5974052eaed1c4fd01b1bc710a4cec7e792ea7b9e670,333f8ef4afb37bd3c5cb5974052eaed1c4fd01b1bc710a4cec7e792ea7b9e670,0.006679011974483728,0.006679011974483728,0.006679011974483728,0.006679011974483728,0.019071172922849655,0.019071172922849655,0.019071172922849655,0.019071172922849655,0.0031334608793258667,0.0031334608793258667,0.0031334608793258667,0.0031334608793258667,0.012142707593739033,0.012142707593739033,0.012142707593739033,0.012142707593739033,0.09596358984708786,0.09596358984708786,0.09596358984708786,0.09596358984708786,0.07086948305368423,0.07086948305368423,0.07086948305368423,0.07086948305368423,0.0014230967499315739,0.0014230967499315739,0.0014230967499315739,0.0014230967499315739,0.0017229369841516018,0.0017229369841516018,0.0017229369841516018,0.0017229369841516018,0.00514361122623086,0.00514361122623086,0.00514361122623086,0.00514361122623086,0.002559173386543989,0.002559173386543989,0.002559173386543989,0.002559173386543989,0.003900302341207862,0.003900302341207862,0.003900302341207862,0.003900302341207862,0.0007509742281399667,0.0007509742281399667,0.0007509742281399667,0.0007509742281399667,0.0009512754622846842,0.0009512754622846842,0.0009512754622846842,0.0009512754622846842,0.044373687356710434,0.044373687356710434,0.044373687356710434,0.044373687356710434,0.0018104987684637308,0.0018104987684637308,0.0018104987684637308,0.0018104987684637308,0.001717081991955638,0.001717081991955638,0.001717081991955638,0.001717081991955638,0.001221288344822824,0.001221288344822824,0.001221288344822824,0.001221288344822824,0.7509775161743164,0.7509775161743164,0.7509775161743164,0.7509775161743164,0.009381075389683247,0.009381075389683247,0.009381075389683247,0.009381075389683247,0.005140435416251421,0.005140435416251421,0.005140435416251421,0.005140435416251421,0.19085800647735596,0.19085800647735596,0.19085800647735596,0.19085800647735596,0.01550560537725687,0.01550560537725687,0.01550560537725687,0.01550560537725687,0.004498990718275309,0.004498990718275309,0.004498990718275309,0.004498990718275309,0.00969774555414915,0.00969774555414915,0.00969774555414915,0.00969774555414915,0.03292306512594223,0.03292306512594223,0.03292306512594223,0.03292306512594223,0.0008109079790301621,0.0008109079790301621,0.0008109079790301621,0.0008109079790301621,0.005094853695482016,0.005094853695482016,0.005094853695482016,0.005094853695482016,0.0008835651678964496,0.0008835651678964496,0.0008835651678964496,0.0008835651678964496
song_1d68186326e359b9669b2f7c11d69a9643793fb708e6fe1003c21e5c3aa6232a,success,emotion,classifier-panel-v1,622,2,510,426,426,62d433d8d0173b5391815435bc7c22c658f2aba8c3db1c6389b574c94bb1f15f,62d433d8d0173b5391815435bc7c22c658f2aba8c3db1c6389b574c94bb1f15f,0.0016490354901179671,0.0013249730109237134,0.0015842229942791164,0.0013249730109237134,0.005119622685015202,0.005103652598336339,0.005116428667679429,0.005103652598336339,0.01732490211725235,0.009482257242780179,0.015756373142357914,0.009482257242780179,0.08106442540884018,0.043536766432225704,0.07355889361351729,0.043536766432225704,0.017885195091366768,0.013224476482719183,0.01695305136963725,0.013224476482719183,0.0013670047046616673,0.0012275691260583699,0.0013391175889410079,0.0012275691260583699,0.011346886865794659,0.006132126611191779,0.010303934814874084,0.006132126611191779,0.06924609839916229,0.034998662100406364,0.062396611139411105,0.034998662100406364,0.0037070782855153084,0.0025990442372858524,0.003485471475869417,0.0025990442372858524,0.007089698221534491,0.004814043175429106,0.0066345672123134134,0.004814043175429106,0.00413864478468895,0.0027061564032919705,0.0038521471084095537,0.0027061564032919705,0.006648994516581297,0.0038215522072277963,0.006083506054710597,0.0038215522072277963,0.0023519503884017467,0.0016462458879686892,0.002210809488315135,0.0016462458879686892,0.05055824667215347,0.026181330264080316,0.04568286339053884,0.026181330264080316,0.0014855815097689629,0.001473837357480079,0.001483232679311186,0.001473837357480079,0.00039001894765533507,0.00037071117549203336,0.00038615739322267473,0.00037071117549203336,0.00046107813250273466,0.00042963080340996385,0.0004547886666841805,0.00042963080340996385,0.016647638753056526,0.009193132747896016,0.015156737552024424,0.009193132747896016,0.002146057551726699,0.001326647528912872,0.0019821755471639336,0.001326647528912872,0.0012416454264894128,0.0008490127365803346,0.0011631188885075972,0.0008490127365803346,0.9127872586250305,0.8255486190319061,0.8953395307064056,0.8255486190319061,0.002968990709632635,0.0028281243285164237,0.0029408174334093927,0.0028281243285164237,0.0004650576738640666,0.00042352617310825735,0.00045675137371290473,0.00042352617310825735,0.007725004106760025,0.007088875863701105,0.007597778458148241,0.007088875863701105,0.000978329568170011,0.0006921251479070634,0.0009210886841174215,0.0006921251479070634,0.00038919903454370797,0.0003856240655295551,0.0003884840407408774,0.0003856240655295551,0.00263991835527122,0.0022431918187066913,0.0025605730479583144,0.0022431918187066913,0.011158746667206287,0.006209465849678963,0.010168890503700822,0.006209465849678963
song_bf6ecd59e1d9609355146c4e3f9531132411aebc5b877ee12a5f15343b056d23,success,emotion,classifier-panel-v1,471,1,510,345,345,ed823d409fbbeb3fbf705a9c4260c6478756e92e0e03ff4773e9fe3e87707297,ed823d409fbbeb3fbf705a9c4260c6478756e92e0e03ff4773e9fe3e87707297,0.00220629689283669,0.00220629689283669,0.00220629689283669,0.00220629689283669,0.001744997687637806,0.001744997687637806,0.001744997687637806,0.001744997687637806,0.019014474004507065,0.019014474004507065,0.019014474004507065,0.019014474004507065,0.04137246310710907,0.04137246310710907,0.04137246310710907,0.04137246310710907,0.026412013918161392,0.026412013918161392,0.026412013918161392,0.026412013918161392,0.004517799708992243,0.004517799708992243,0.004517799708992243,0.004517799708992243,0.0015615582233294845,0.0015615582233294845,0.0015615582233294845,0.0015615582233294845,0.0013407774968072772,0.0013407774968072772,0.0013407774968072772,0.0013407774968072772,0.026723256334662437,0.026723256334662437,0.026723256334662437,0.026723256334662437,0.014389238320291042,0.014389238320291042,0.014389238320291042,0.014389238320291042,0.011074865236878395,0.011074865236878395,0.011074865236878395,0.011074865236878395,0.009608780033886433,0.009608780033886433,0.009608780033886433,0.009608780033886433,0.0015357426600530744,0.0015357426600530744,0.0015357426600530744,0.0015357426600530744,0.009381810203194618,0.009381810203194618,0.009381810203194618,0.009381810203194618,0.002443932928144932,0.002443932928144932,0.002443932928144932,0.002443932928144932,0.00019123901438433677,0.00019123901438433677,0.00019123901438433677,0.00019123901438433677,0.000881813233718276,0.000881813233718276,0.000881813233718276,0.000881813233718276,0.007636512629687786,0.007636512629687786,0.007636512629687786,0.007636512629687786,0.21251848340034485,0.21251848340034485,0.21251848340034485,0.21251848340034485,0.001212016330100596,0.001212016330100596,0.001212016330100596,0.001212016330100596,0.5722621083259583,0.5722621083259583,0.5722621083259583,0.5722621083259583,0.0025885787326842546,0.0025885787326842546,0.0025885787326842546,0.0025885787326842546,0.0008221693569794297,0.0008221693569794297,0.0008221693569794297,0.0008221693569794297,0.00825593899935484,0.00825593899935484,0.00825593899935484,0.00825593899935484,0.0008017455111257732,0.0008017455111257732,0.0008017455111257732,0.0008017455111257732,0.0007644023862667382,0.0007644023862667382,0.0007644023862667382,0.0007644023862667382,0.009441827423870564,0.009441827423870564,0.009441827423870564,0.009441827423870564,0.0018080970039591193,0.0018080970039591193,0.0018080970039591193,0.0018080970039591193
song_214d22efee01afd6925d10528d80a2c2f994a8fd4a37f100a0179fea51af725e,success,emotion,classifier-panel-v1,404,1,510,296,296,6efaf81e628b8e5d134c8cfb974761c5c0ba0e2566de0327a6031420ea69d2e4,6efaf81e628b8e5d134c8cfb974761c5c0ba0e2566de0327a6031420ea69d2e4,0.004660192411392927,0.004660192411392927,0.004660192411392927,0.004660192411392927,0.0005365573451854289,0.0005365573451854289,0.0005365573451854289,0.0005365573451854289,0.12302739173173904,0.12302739173173904,0.12302739173173904,0.12302739173173904,0.06160881370306015,0.06160881370306015,0.06160881370306015,0.06160881370306015,0.07965365052223206,0.07965365052223206,0.07965365052223206,0.07965365052223206,0.2861155569553375,0.2861155569553375,0.2861155569553375,0.2861155569553375,0.006873623467981815,0.006873623467981815,0.006873623467981815,0.006873623467981815,0.006082512903958559,0.006082512903958559,0.006082512903958559,0.006082512903958559,0.024668898433446884,0.024668898433446884,0.024668898433446884,0.024668898433446884,0.009655422531068325,0.009655422531068325,0.009655422531068325,0.009655422531068325,0.07265691459178925,0.07265691459178925,0.07265691459178925,0.07265691459178925,0.004090299364179373,0.004090299364179373,0.004090299364179373,0.004090299364179373,0.001144302194006741,0.001144302194006741,0.001144302194006741,0.001144302194006741,0.0042816693894565105,0.0042816693894565105,0.0042816693894565105,0.0042816693894565105,0.006120172794908285,0.006120172794908285,0.006120172794908285,0.006120172794908285,0.0009398937108926475,0.0009398937108926475,0.0009398937108926475,0.0009398937108926475,0.0022289028856903315,0.0022289028856903315,0.0022289028856903315,0.0022289028856903315,0.005826416425406933,0.005826416425406933,0.005826416425406933,0.005826416425406933,0.44235914945602417,0.44235914945602417,0.44235914945602417,0.44235914945602417,0.0037683218251913786,0.0037683218251913786,0.0037683218251913786,0.0037683218251913786,0.20032615959644318,0.20032615959644318,0.20032615959644318,0.20032615959644318,0.012769000604748726,0.012769000604748726,0.012769000604748726,0.012769000604748726,0.0013084087986499071,0.0013084087986499071,0.0013084087986499071,0.0013084087986499071,0.010811164043843746,0.010811164043843746,0.010811164043843746,0.010811164043843746,0.0019605481065809727,0.0019605481065809727,0.0019605481065809727,0.0019605481065809727,0.002536121988669038,0.002536121988669038,0.002536121988669038,0.002536121988669038,0.01143698301166296,0.01143698301166296,0.01143698301166296,0.01143698301166296,0.0011049543973058462,0.0011049543973058462,0.0011049543973058462,0.0011049543973058462
song_b5dba8821898b6e121e493b47cf4d536d7a7c5d16bcc38aaedc2b4899288889d,success,emotion,classifier-panel-v1,777,2,510,488,488,5f973904dbfdef3856d7cb62f81232215c53eef4133bebaf0c9903a63fd4fbf6,5f973904dbfdef3856d7cb62f81232215c53eef4133bebaf0c9903a63fd4fbf6,0.001430068165063858,0.001323418109677732,0.0014087381539866328,0.0013232808509191913,0.002235366264358163,0.001549206965137273,0.002098134404513985,0.001548323877236088,0.08884323388338089,0.060564933344721794,0.08318757377564907,0.060601327553909255,0.1594838798046112,0.13356120884418488,0.15429934561252595,0.13352784633329629,0.059636544436216354,0.044107766821980476,0.056530788913369184,0.0440877812652054,0.020652132108807564,0.011875590309500694,0.01889682374894619,0.011886885730091824,0.002792514394968748,0.002073360315989703,0.0026486835791729394,0.0020742858682149014,0.000882032560184598,0.0007483861118089408,0.0008553032705094666,0.0007485581149600034,0.011888687498867512,0.006390093709342182,0.010788968740962445,0.006397170406625998,0.046578750014305115,0.02546410053037107,0.04235582011751831,0.025491275111431472,0.07144024968147278,0.0501082930713892,0.06717385835945607,0.05013574732700063,0.007005635648965836,0.004707034211605787,0.006545915361493826,0.004709992514613973,0.0021556406281888485,0.0016709453775547445,0.0020587015780620275,0.001671569180966114,0.001907804748043418,0.0016879999893717468,0.0018638437963090838,0.0016877171003644473,0.0046827783808112144,0.002724627236602828,0.0042911481519695375,0.0027271473796455672,0.0003502028121147305,0.00028535705496324226,0.0003372336606844328,0.0002854405115361528,0.0017615173710510135,0.0010024633884313516,0.001609706574527081,0.0010034402918838866,0.002608149778097868,0.00237895455211401,0.0025623107329010965,0.002379249526664826,0.15248776972293854,0.07643314480083063,0.13727684473851695,0.07653102720098778,0.0025918963365256786,0.0014716750010848045,0.002367852069437504,0.0014731167273852432,0.7316758036613464,0.5743864327669144,0.70021792948246,0.5741840011441416,0.008494929410517216,0.006327798357233405,0.008061503199860454,0.006330587457688082,0.0008629604708403349,0.0008201863965950906,0.0008544056559912861,0.0008202414468836945,0.023390276357531548,0.022489728406071663,0.02321016676723957,0.022488569399699128,0.0011657408904284239,0.0009819327970035374,0.0011289792717434465,0.0009821693582563365,0.0024419298861175776,0.0013043791695963591,0.002214419742813334,0.0013058431988325512,0.029758242890238762,0.015330626250943169,0.026872719562379643,0.015349194612126303,0.0013500198256224394,0.0013356352574191988,0.0013471429119817913,0.0013356167444614083
song_52d717b9eb2516949c777c9c8731a532ce779c0eb5872d6023ce3b1b2fae8d86,success,emotion,classifier-panel-v1,1126,3,510,585,585,3051755095da0e34bbfafa3b56619ef70112fbc543ff996d9b0c5fbf9095a5de,3051755095da0e34bbfafa3b56619ef70112fbc543ff996d9b0c5fbf9095a5de,0.013130499050021172,0.008225709820787111,0.012342781759798527,0.00822656790495951,0.030477482825517654,0.011400299146771431,0.024813986057415607,0.011417241583431064,0.007818655110895634,0.006274976457158725,0.007430689595639706,0.006273957336615924,0.020430950447916985,0.013193045742809772,0.018264214508235455,0.013189852336954267,0.0907273069024086,0.053473603601257004,0.08144163042306901,0.05346545557364107,0.5113618969917297,0.27588144317269325,0.4651740670204163,0.27588547630232246,0.0008649724186398089,0.0007663216868725916,0.0008533459040336311,0.0007664092985349071,0.0025688267778605223,0.001449549978133291,0.002292425581254065,0.0014505440072627113,0.019057076424360275,0.009726479649543762,0.01660974118858576,0.009734766147567579,0.012643977999687195,0.0066048990314205485,0.01110686520114541,0.006603436788947687,0.0109025277197361,0.007856106230368217,0.010248675197362899,0.007855908325286069,0.003357446286827326,0.001899115430812041,0.0029201410012319687,0.0018984669980553325,0.0011558517580851912,0.0007055395011169215,0.0010350031312555074,0.0007054027951869213,0.004602515138685703,0.0029374537601446113,0.004173465818166733,0.0029370273079030004,0.002122702542692423,0.0015966860810294747,0.002062700595706701,0.001596018209636582,0.0024304226972162724,0.0012734107052286465,0.002086272300221026,0.0012729100480412677,0.0023963432759046555,0.001852423301897943,0.0023167730774730443,0.0018525530256828886,0.033424247056245804,0.018114839835713308,0.029392144829034805,0.018128436112108095,0.3170304000377655,0.2013432284196218,0.303463277220726,0.20144597013509083,0.0013601557584479451,0.0012630066291118662,0.0013424035860225558,0.001262912901406231,0.8555835485458374,0.5357265472412109,0.7676482558250428,0.5355488940094123,0.026239773258566856,0.01755588734522462,0.025761689618229867,0.017563599499676966,0.0014668836956843734,0.0010275552437330286,0.0013351656496524813,0.0010273605174646377,0.007890241220593452,0.005472791536400716,0.007230236008763314,0.005472007720792405,0.0031112334690988064,0.0023299872797603407,0.0028941731434315443,0.002329717248286986,0.00356283038854599,0.002190035884268582,0.003176021529361606,0.0021912550623363236,0.03204149752855301,0.019166653432572883,0.030079754069447517,0.019169376458150547,0.0005717850290238857,0.00041931002245595056,0.0005409863078966737,0.0004191759581508886
song_11fde80db739a6f64d0a9d9b691cf7b6526c1ba2e830f676d5e4a336c17c9df8,success,emotion,classifier-panel-v1,349,1,510,268,268,b64e0458bcdb43dd03961b4227afe5e5b6b77ffe3258c294aac2450c685a7536,b64e0458bcdb43dd03961b4227afe5e5b6b77ffe3258c294aac2450c685a7536,0.0012585105141624808,0.0012585105141624808,0.0012585105141624808,0.0012585105141624808,0.0032572855707257986,0.0032572855707257986,0.0032572855707257986,0.0032572855707257986,0.00508482800796628,0.00508482800796628,0.00508482800796628,0.00508482800796628,0.02117946930229664,0.02117946930229664,0.02117946930229664,0.02117946930229664,0.01040719449520111,0.01040719449520111,0.01040719449520111,0.01040719449520111,0.0025503714568912983,0.0025503714568912983,0.0025503714568912983,0.0025503714568912983,0.008750325068831444,0.008750325068831444,0.008750325068831444,0.008750325068831444,0.021666312590241432,0.021666312590241432,0.021666312590241432,0.021666312590241432,0.0016308516496792436,0.0016308516496792436,0.0016308516496792436,0.0016308516496792436,0.0027645574882626534,0.0027645574882626534,0.0027645574882626534,0.0027645574882626534,0.002644518855959177,0.002644518855959177,0.002644518855959177,0.002644518855959177,0.0019275012891739607,0.0019275012891739607,0.0019275012891739607,0.0019275012891739607,0.0008543728035874665,0.0008543728035874665,0.0008543728035874665,0.0008543728035874665,0.002463594079017639,0.002463594079017639,0.002463594079017639,0.002463594079017639,0.0011377556947991252,0.0011377556947991252,0.0011377556947991252,0.0011377556947991252,0.00018182938219979405,0.00018182938219979405,0.00018182938219979405,0.00018182938219979405,0.0003341138653922826,0.0003341138653922826,0.0003341138653922826,0.0003341138653922826,0.001571433967910707,0.001571433967910707,0.001571433967910707,0.001571433967910707,0.0008076721569523215,0.0008076721569523215,0.0008076721569523215,0.0008076721569523215,0.0005081717390567064,0.0005081717390567064,0.0005081717390567064,0.0005081717390567064,0.9439800381660461,0.9439800381660461,0.9439800381660461,0.9439800381660461,0.0024893982335925102,0.0024893982335925102,0.0024893982335925102,0.0024893982335925102,0.00019068658002652228,0.00019068658002652228,0.00019068658002652228,0.00019068658002652228,0.004845724906772375,0.004845724906772375,0.004845724906772375,0.004845724906772375,0.0002973236842080951,0.0002973236842080951,0.0002973236842080951,0.0002973236842080951,0.000270617165369913,0.000270617165369913,0.000270617165369913,0.000270617165369913,0.0013764381874352694,0.0013764381874352694,0.0013764381874352694,0.0013764381874352694,0.0020621821749955416,0.0020621821749955416,0.0020621821749955416,0.0020621821749955416
song_e974a41fe0c5464980062ef5bfe8c01e1fb90ce11c92a2aa9e4e4dc84512c6aa,success,emotion,classifier-panel-v1,1140,3,510,724,724,85414987ead8d9b4f61c926b55ccfdcb6a49f5ff1013df2668efe5d1d29f9ba2,85414987ead8d9b4f61c926b55ccfdcb6a49f5ff1013df2668efe5d1d29f9ba2,0.010697349905967712,0.004599716902400057,0.00899438918568194,0.004599716902400057,0.005674267187714577,0.0045306395428876085,0.005405861418694258,0.0045306395428876085,0.441207617521286,0.29791367799043655,0.43139339089393614,0.29791367799043655,0.27893945574760437,0.2077083388964335,0.2675850987434387,0.2077083388964335,0.16885915398597717,0.06335270730778575,0.13783142827451228,0.06335270730778575,0.006150674074888229,0.005680535299082597,0.006051051337271929,0.005680535299082597,0.03767937421798706,0.013760637220305702,0.030641328589990736,0.013760637220305702,0.09538175910711288,0.03267753772282352,0.07670300621539354,0.03267753772282352,0.008705781772732735,0.005721288345133265,0.008184228651225567,0.005721288345133265,0.016021808609366417,0.012801807994643847,0.015257230587303638,0.012801807994643847,0.019936291500926018,0.01282988116145134,0.017823847569525243,0.01282988116145134,0.015971729531884193,0.011765836427609125,0.015176665410399437,0.011765836427609125,0.003028271021321416,0.002443473980141183,0.0029407138470560314,0.002443473980141183,0.03122572973370552,0.014466497193401059,0.026903387531638148,0.014466497193401059,0.004167471081018448,0.003786561001713077,0.004148384090512991,0.003786561001713077,0.0003639080678112805,0.00025870751414913684,0.00033965697803068907,0.00025870751414913684,0.0010920537170022726,0.0008715856044242779,0.0010313676903024316,0.0008715856044242779,0.02250411920249462,0.010864258122940859,0.019550935178995133,0.010864258122940859,0.1899351328611374,0.1119749875118335,0.17784493565559387,0.1119749875118335,0.0021872888319194317,0.0018229612226908405,0.002086448250338435,0.0018229612226908405,0.29002517461776733,0.2548196067412694,0.2858605027198792,0.2548196067412694,0.004628287628293037,0.003905302146449685,0.004608761053532362,0.003905302146449685,0.003631806932389736,0.0016107329138321802,0.0030968176084570586,0.0016107329138321802,0.017584368586540222,0.009787830679366985,0.015392737369984389,0.009787830679366985,0.0021925275214016438,0.0010382712450033675,0.0018786826287396253,0.0010382712450033675,0.0006056181155145168,0.00048600812442600727,0.0005916215945035219,0.00048600812442600727,0.008998601697385311,0.00596606801263988,0.008358080126345157,0.00596606801263988,0.0056627593003213406,0.004157205810770392,0.0052399429958313705,0.004157205810770392
song_6f4dfcd36cc7c0bd6c33b7074f8be8254768e06df0d3616b1aa5940c9bcf8caa,success,emotion,classifier-panel-v1,890,2,510,547,547,23d1a36f74ba9072d6d89587af73c4bd86e454499429160e2551d8b9f7614dd5,23d1a36f74ba9072d6d89587af73c4bd86e454499429160e2551d8b9f7614dd5,0.11079423129558563,0.05875394865870476,0.10038617476820946,0.05875394865870476,0.019848668947815895,0.015670779161155224,0.01901309099048376,0.015670779161155224,0.0025327394250780344,0.0020111475023441017,0.0024284210405312477,0.0020111475023441017,0.010917739011347294,0.008805041434243321,0.0104951994959265,0.008805041434243321,0.1926921159029007,0.1235909890383482,0.1788718905299902,0.1235909890383482,0.004867847077548504,0.0038638681871816516,0.004667051299475133,0.0038638681871816516,0.002061173552647233,0.0015750076272524893,0.0019639403675682844,0.0015750076272524893,0.0036322795785963535,0.002468798600602895,0.003399583382997662,0.002468798600602895,0.0030352831818163395,0.002320938103366643,0.0028924141661264002,0.002320938103366643,0.002035661367699504,0.0018982863402925432,0.0020081863622181118,0.0018982863402925432,0.004157169722020626,0.0034427097998559475,0.004014277737587691,0.0034427097998559475,0.0011245978530496359,0.0009390067716594785,0.0010874796367716043,0.0009390067716594785,0.0010420221369713545,0.0008463433769065887,0.0010028863849584012,0.0008463433769065887,0.1407332867383957,0.09577585756778717,0.131741800904274,0.09577585756778717,0.0011001796228811145,0.0010285341122653335,0.0010858505207579582,0.0010285341122653335,0.0007715685060247779,0.0005263465136522427,0.0007225241075502709,0.0005263465136522427,0.0004984684055671096,0.00041411253914702684,0.00048159723228309305,0.00041411253914702684,0.24559856951236725,0.1468699537217617,0.22585284635424616,0.1468699537217617,0.011144612915813923,0.007143602706491947,0.010344410873949529,0.007143602706491947,0.0011316011659801006,0.0010114825854543597,0.0011075774498749524,0.0010114825854543597,0.8108505606651306,0.6095129996538162,0.7705830484628677,0.6095129996538162,0.006207396276295185,0.004187923274002969,0.005803501675836742,0.004187923274002969,0.010548129677772522,0.006011186167597771,0.009640740975737572,0.006011186167597771,0.011671587824821472,0.010355948470532894,0.011408459953963756,0.010355948470532894,0.006956976838409901,0.004503556760028005,0.006466292822733521,0.004503556760028005,0.00021444378944579512,0.00020790573762496933,0.00021313617908162995,0.00020790573762496933,0.00095929711824283,0.0008860759844537824,0.0009446528914850205,0.0008860759844537824,0.002592975040897727,0.0023925823625177145,0.0025528965052217245,0.0023925823625177145
song_02774fe4f56b6d0a37952e7ecde8456be181bcb74ccb21de416a2aaf61e6f01c,success,emotion,classifier-panel-v1,744,2,510,294,294,4d70fc4227138ad3717ab54a0b9660fd2c220b52ffb6acfc1330f9929bf12508,4d70fc4227138ad3717ab54a0b9660fd2c220b52ffb6acfc1330f9929bf12508,0.00242661964148283,0.0020472370670177042,0.002350743126589805,0.0020472370670177042,0.003436249913647771,0.0031858624424785376,0.0033861724194139244,0.0031858624424785376,0.0021946984343230724,0.001735511759761721,0.002102861099410802,0.001735511759761721,0.007229477167129517,0.007220880361273885,0.00722775780595839,0.007220880361273885,0.03131195902824402,0.024404854513704777,0.02993053812533617,0.024404854513704777,0.0016253144713118672,0.0015226518153212965,0.0016047819401137531,0.0015226518153212965,0.0030359122902154922,0.002489861741196364,0.0029267021804116667,0.002489861741196364,0.0015586036024615169,0.0014633841346949339,0.0015395597089082002,0.0014633841346949339,0.0017354994779452682,0.0017174372333101928,0.0017318870290182532,0.0017174372333101928,0.0029763311613351107,0.0028075185837224126,0.002942568645812571,0.0028075185837224126,0.0024287966080009937,0.0022158141946420074,0.0023862001253291965,0.0022158141946420074,0.002553109312430024,0.0023078774102032185,0.002504062931984663,0.0023078774102032185,0.0008878971566446126,0.000847522693220526,0.0008798222639597953,0.000847522693220526,0.0034165142569690943,0.0032985559664666653,0.0033929225988686084,0.0032985559664666653,0.001716864644549787,0.0016825043130666018,0.00170999257825315,0.0016825043130666018,0.0009065190679393709,0.0007364342454820871,0.0008725021034479141,0.0007364342454820871,0.0005328419501893222,0.0004666051099775359,0.0005195945821469649,0.0004666051099775359,0.002957902615889907,0.002950610825791955,0.0029564442578703166,0.002950610825791955,0.0019193041371181607,0.0015146572841331363,0.0018383747665211558,0.0015146572841331363,0.0006968078087083995,0.0005899679235881194,0.0006754398316843435,0.0005899679235881194,0.9679732322692871,0.9602775871753693,0.9664341032505035,0.9602775871753693,0.003511671908199787,0.002910536713898182,0.0033914448693394663,0.002910536713898182,0.0004906866233795881,0.00048746012907940894,0.0004900413245195523,0.00048746012907940894,0.01641647145152092,0.012115547899156809,0.015556286741048097,0.012115547899156809,0.0007509509450756013,0.0006651331786997616,0.0007337873918004334,0.0006651331786997616,0.0004564956179820001,0.00040122777863871306,0.0004454420501133427,0.00040122777863871306,0.002448643557727337,0.00210553384386003,0.0023800216149538755,0.00210553384386003,0.0013784137554466724,0.0012790682958438993,0.0013585446635261179,0.0012790682958438993
song_a2b0d57e3aeceb90c67f1e0c89daa02a72b08196d8d9b1caf4efa7677c4a847b,success,emotion,classifier-panel-v1,776,2,510,489,489,af2f35da5c1298489110ab0dc79190e6916df6d9ad3fabd1d43596b1499697e4,af2f35da5c1298489110ab0dc79190e6916df6d9ad3fabd1d43596b1499697e4,0.002833779901266098,0.0027196090668439865,0.0028109457343816757,0.0027196090668439865,0.25015518069267273,0.17519192397594452,0.2351625293493271,0.17519192397594452,0.014152114279568195,0.011343462392687798,0.013590383902192117,0.011343462392687798,0.03331741318106651,0.027183269150555134,0.03209058437496424,0.027183269150555134,0.015873776748776436,0.013322258368134499,0.01536347307264805,0.013322258368134499,0.008402661420404911,0.007201015017926693,0.008162332139909268,0.007201015017926693,0.0027549983933568,0.0021257047192193568,0.0026291396585293118,0.0021257047192193568,0.011804144829511642,0.007785163936205208,0.011000348650850356,0.007785163936205208,0.004636138677597046,0.004491702653467655,0.004607251472771167,0.004491702653467655,0.001910762395709753,0.001884293567854911,0.0019054686301387847,0.001884293567854911,0.0019219128880649805,0.0017169589991681278,0.00188092211028561,0.0017169589991681278,0.0021464996971189976,0.001977044972591102,0.0021126087522134185,0.001977044972591102,0.0014043875271454453,0.0013558649807237089,0.001394683017861098,0.0013558649807237089,0.02623145282268524,0.02099517546594143,0.02518419735133648,0.02099517546594143,0.0008145506144501269,0.0007192662451416254,0.0007954937405884266,0.0007192662451416254,0.0002859251690097153,0.00026148694450967014,0.0002810375241097063,0.00026148694450967014,0.00035625940654426813,0.00034253417106810957,0.00035351435944903643,0.00034253417106810957,0.09777774661779404,0.07348828203976154,0.09291985370218754,0.07348828203976154,0.009657124057412148,0.008939636871218681,0.009513626620173455,0.008939636871218681,0.0006725671701133251,0.0006180745258461684,0.0006616686412598937,0.0006180745258461684,0.7474444508552551,0.6474528908729553,0.7274461388587952,0.6474528908729553,0.007106350269168615,0.005493720411323011,0.0067838242975994945,0.005493720411323011,0.0007233687210828066,0.0007065040990710258,0.0007199957966804504,0.0007065040990710258,0.003157384227961302,0.0029280539602041245,0.0031115181744098665,0.0029280539602041245,0.001114437123760581,0.0009969690872821957,0.0010909435164649039,0.0009969690872821957,0.0005445656133815646,0.0005346693797037005,0.0005425863666459918,0.0005346693797037005,0.0013420627219602466,0.0011343268561176956,0.0013005155487917364,0.0011343268561176956,0.001226720749400556,0.0011252089752815664,0.001206418394576758,0.0011252089752815664
song_d8612d69df57efd627cfddf3eaa4c951f3a07bfcf200df32ff761955816080d8,success,emotion,classifier-panel-v1,870,2,510,552,552,fd2af2006f78ad631a17c897cc8a327940afffa88b6d417b87f840aacfa48eb9,fd2af2006f78ad631a17c897cc8a327940afffa88b6d417b87f840aacfa48eb9,0.0009855038952082396,0.0008996246033348143,0.0009683280368335545,0.0008996246033348143,0.017150534316897392,0.011259269202128053,0.015972281293943527,0.011259269202128053,0.32709088921546936,0.23638909310102463,0.30895052999258044,0.23638909310102463,0.4693695306777954,0.3653208911418915,0.44855980277061464,0.3653208911418915,0.005963957402855158,0.005485383793711662,0.005868242681026458,0.005485383793711662,0.0010707725305110216,0.0010449320543557405,0.0010656044352799654,0.0010449320543557405,0.0022721122950315475,0.0022013974376022816,0.0022579693235456944,0.0022013974376022816,0.0029166650492697954,0.002208761405199766,0.0027750843204557897,0.002208761405199766,0.002614967292174697,0.002114382921718061,0.00251485041808337,0.002114382921718061,0.027707144618034363,0.023389531299471855,0.026843621954321863,0.023389531299471855,0.028913704678416252,0.01738020800985396,0.026607005344703793,0.01738020800985396,0.03667115792632103,0.02820074837654829,0.03497707601636648,0.02820074837654829,0.007335462141782045,0.0071502504870295525,0.0072984198108315464,0.0071502504870295525,0.006589025724679232,0.004282132489606738,0.006127647077664733,0.004282132489606738,0.004913852550089359,0.0036083325976505876,0.004652748559601605,0.0036083325976505876,0.0003145710797980428,0.0002545689421822317,0.00030257065227488054,0.0002545689421822317,0.0011794924503192306,0.000923715386306867,0.0011283370375167578,0.000923715386306867,0.0057027293369174,0.0038514548214152455,0.00533247443381697,0.0038514548214152455,0.0012177495518699288,0.0010176777432207018,0.0011777351901400834,0.0010176777432207018,0.00213699066080153,0.0015519586158916354,0.002019984251819551,0.0015519586158916354,0.5112413167953491,0.4093977212905884,0.49087259769439695,0.4093977212905884,0.0023459207732230425,0.001990821387153119,0.0022749008960090576,0.001990821387153119,0.000835443614050746,0.0007170633471105248,0.0008117675606627017,0.0007170633471105248,0.012467687018215656,0.010237347334623337,0.012021619081497192,0.010237347334623337,0.0007307905470952392,0.0005787531845271587,0.0007003830745816232,0.0005787531845271587,0.000439230352640152,0.00043690008169505745,0.00043876429845113307,0.00043690008169505745,0.006130405701696873,0.005723130190744996,0.006048950599506497,0.005723130190744996,0.022836899384856224,0.013895932585000992,0.021048706024885178,0.013895932585000992
song_e8d12bd574eb26390ca5a7305f06d31dfc884bedad4f378b2c5bb7a1072900a6,success,emotion,classifier-panel-v1,425,1,510,324,324,6d53e98ec61a364b62d5be781fe9c79f8fa73450d89bb21bb72dcf809ab19e87,6d53e98ec61a364b62d5be781fe9c79f8fa73450d89bb21bb72dcf809ab19e87,0.030103148892521858,0.030103148892521858,0.030103148892521858,0.030103148892521858,0.001355744432657957,0.001355744432657957,0.001355744432657957,0.001355744432657957,0.003321881638839841,0.003321881638839841,0.003321881638839841,0.003321881638839841,0.00506085529923439,0.00506085529923439,0.00506085529923439,0.00506085529923439,0.06612691283226013,0.06612691283226013,0.06612691283226013,0.06612691283226013,0.006213685497641563,0.006213685497641563,0.006213685497641563,0.006213685497641563,0.0061211539432406425,0.0061211539432406425,0.0061211539432406425,0.0061211539432406425,0.003632357344031334,0.003632357344031334,0.003632357344031334,0.003632357344031334,0.011593721807003021,0.011593721807003021,0.011593721807003021,0.011593721807003021,0.004043990280479193,0.004043990280479193,0.004043990280479193,0.004043990280479193,0.004359847865998745,0.004359847865998745,0.004359847865998745,0.004359847865998745,0.0015175468288362026,0.0015175468288362026,0.0015175468288362026,0.0015175468288362026,0.0005927141755819321,0.0005927141755819321,0.0005927141755819321,0.0005927141755819321,0.008033270947635174,0.008033270947635174,0.008033270947635174,0.008033270947635174,0.0013968670973554254,0.0013968670973554254,0.0013968670973554254,0.0013968670973554254,0.000836360442917794,0.000836360442917794,0.000836360442917794,0.000836360442917794,0.0005415292689576745,0.0005415292689576745,0.0005415292689576745,0.0005415292689576745,0.013120153918862343,0.013120153918862343,0.013120153918862343,0.013120153918862343,0.93485027551651,0.93485027551651,0.93485027551651,0.93485027551651,0.001006266800686717,0.001006266800686717,0.001006266800686717,0.001006266800686717,0.06227361038327217,0.06227361038327217,0.06227361038327217,0.06227361038327217,0.013547414913773537,0.013547414913773537,0.013547414913773537,0.013547414913773537,0.0007773523102514446,0.0007773523102514446,0.0007773523102514446,0.0007773523102514446,0.015229787677526474,0.015229787677526474,0.015229787677526474,0.015229787677526474,0.0006800052360631526,0.0006800052360631526,0.0006800052360631526,0.0006800052360631526,0.000944491766858846,0.000944491766858846,0.000944491766858846,0.000944491766858846,0.002708577550947666,0.002708577550947666,0.002708577550947666,0.002708577550947666,0.00372239644639194,0.00372239644639194,0.00372239644639194,0.00372239644639194
song_12e5afc3faa7419560ec277fc93b2f9c2313f0d785af09170a1f2f2f60c5fa8e,success,emotion,classifier-panel-v1,862,2,510,429,429,1ccbc52d9cc7453c36f90888feb17cbcdab6b94765dcabbdb4b7fc12da846469,1ccbc52d9cc7453c36f90888feb17cbcdab6b94765dcabbdb4b7fc12da846469,0.004653550684452057,0.0027813860797323287,0.004279117763508112,0.0027813860797323287,0.011574231088161469,0.0074620358645915985,0.010751792043447495,0.0074620358645915985,0.021366603672504425,0.011521876323968172,0.019397658202797177,0.011521876323968172,0.08579881489276886,0.04617314715869725,0.07787368134595454,0.04617314715869725,0.05979212373495102,0.03576739365234971,0.05498717771843076,0.03576739365234971,0.004911002237349749,0.0039995769038796425,0.004728717170655728,0.0039995769038796425,0.0013500538188964128,0.0011013333860319108,0.0013003097323235125,0.0011013333860319108,0.00169893738348037,0.0011309305264148861,0.0015853360120672733,0.0011309305264148861,0.002931062364950776,0.0025551404105499387,0.0028558779740706086,0.0025551404105499387,0.013324689120054245,0.007594779250212014,0.012178707146085798,0.007594779250212014,0.00790573563426733,0.004956112592481077,0.00731581102591008,0.004956112592481077,0.009643356315791607,0.005237423232756555,0.008762169699184598,0.005237423232756555,0.0020091610495001078,0.0013007780944462866,0.0018674844584893435,0.0013007780944462866,0.01729424297809601,0.009219145635142922,0.015679223509505392,0.009219145635142922,0.0016731953946873546,0.001333172433078289,0.0016051908023655415,0.001333172433078289,0.00031903566559776664,0.0002942883729701862,0.00031408620707225056,0.0002942883729701862,0.0008231024839915335,0.0006214136083144695,0.0007827647088561207,0.0006214136083144695,0.06006960570812225,0.031151378876529634,0.05428596034180373,0.031151378876529634,0.003868924221023917,0.002800314745400101,0.0036552023258991538,0.002800314745400101,0.0011024929117411375,0.0009161258931271732,0.0010652195080183447,0.0009161258931271732,0.8854640126228333,0.871900200843811,0.8827512502670288,0.871900200843811,0.003550558350980282,0.002801198046654463,0.003400686290115118,0.002801198046654463,0.0011766079114750028,0.0008329324482474476,0.0011078728188294918,0.0008329324482474476,0.010947871021926403,0.009983047842979431,0.01075490638613701,0.009983047842979431,0.0025686633307486773,0.0015986987855285406,0.00237467042170465,0.0015986987855285406,0.0005861756508238614,0.0004496440524235368,0.0005588693311437964,0.0004496440524235368,0.010553272441029549,0.006202731630764902,0.009683164278976619,0.006202731630764902,0.0008668198133818805,0.0008331859426107258,0.0008600930392276496,0.0008331859426107258
song_68d640ac4fc975b64ce9e4bbc60e2ec30d3246571962c1f2a6fff343b9086273,success,emotion,classifier-panel-v1,555,2,510,394,394,394e6cfeea32d75e0124d47fb131ef2623f23bcf1b329954b12770070541f37a,394e6cfeea32d75e0124d47fb131ef2623f23bcf1b329954b12770070541f37a,0.6678990721702576,0.546685591340065,0.6436563760042191,0.5469039940082275,0.00622937548905611,0.004177491879090667,0.005818998767063021,0.004173794791505143,0.0017401857767254114,0.001574225607328117,0.0017069937428459525,0.0015745246346603643,0.005554540548473597,0.004565503681078553,0.005356733174994588,0.004563721632668832,0.09301326423883438,0.0913543738424778,0.09268148615956306,0.09135736283418294,0.007842620834708214,0.005547010456211865,0.007383498759008944,0.005551146691128075,0.0008464979473501444,0.0008274605788756162,0.0008426904736552387,0.0008274262773107972,0.0011596942786127329,0.0010534596513025463,0.0011384473531506956,0.0010536510650454474,0.01068488322198391,0.00697327870875597,0.009942562319338322,0.00697996628445548,0.00593184819445014,0.004303424037061632,0.0056061633629724385,0.004300489939480751,0.0027760074008256197,0.0025112436851486564,0.002723054657690227,0.0025107666334086977,0.0009528242517262697,0.0008471302571706474,0.0009316854528151452,0.0008469398175408174,0.0008029948221519589,0.0005980689311400056,0.0007620096439495683,0.0005976996953003445,0.07401996105909348,0.05846614018082619,0.07090919688344002,0.05843811527834282,0.0009379698894917965,0.0009115098509937525,0.0009326778817921877,0.000911462175248711,0.002603342290967703,0.002584897563792765,0.0025996533455327152,0.0025849307975354227,0.0016543965321034193,0.0012448806664906442,0.0015724933589808645,0.0012441428000661166,0.39776772260665894,0.2771517038345337,0.37364451885223393,0.2769343776745839,0.4624568223953247,0.2700069770216942,0.42396685332059864,0.2703537334998449,0.0012824696023017168,0.0009529005910735577,0.001216555800056085,0.0009523067730353088,0.038359176367521286,0.03248301241546869,0.037183943577110766,0.0324724247326722,0.010266349650919437,0.007091849576681852,0.009631449636071921,0.0070975693966354335,0.01357969082891941,0.010706528089940548,0.013005058281123638,0.010701351220140586,0.016074983403086662,0.011232172837480903,0.01510642128996551,0.011223447052678009,0.010994884185492992,0.007091502309776843,0.010214207810349762,0.007084469189280056,0.0004151536850258708,0.0004119067161809653,0.0004145042912568897,0.00041190086578665015,0.005080032162368298,0.0037525828229263425,0.004814542294479907,0.0037501910223147355,0.010026209056377411,0.00665005634073168,0.009350978513248266,0.006643973182685472
song_5194b6c0df56b87df950120af2c8399eb039c29f29878b87ff284b768eb9ab5a,success,emotion,classifier-panel-v1,1065,3,510,624,624,ece1ae6838ba480755c42cc28fb4a9ca48668ba66a2773d8b60fd099e4b0dfd7,ece1ae6838ba480755c42cc28fb4a9ca48668ba66a2773d8b60fd099e4b0dfd7,0.002408429514616728,0.002033887431025505,0.0023089135531336067,0.002033887431025505,0.0039010546170175076,0.0030918874156971774,0.003678965847939253,0.0030918874156971774,0.5348999500274658,0.4463259776433309,0.5128304183483123,0.4463259776433309,0.39213746786117554,0.35820035139719647,0.38462228178977964,0.35820035139719647,0.012095523998141289,0.011654774658381939,0.011986328288912773,0.011654774658381939,0.0037160906940698624,0.002907365715752045,0.0035137229599058626,0.002907365715752045,0.005157251842319965,0.0045365341162929935,0.005061694141477347,0.0045365341162929935,0.002218443900346756,0.002101826093470057,0.0021838446147739886,0.002101826093470057,0.001373344101011753,0.0013630811590701342,0.0013722607865929604,0.0013630811590701342,0.016261069104075432,0.01524041872471571,0.01620789133012295,0.01524041872471571,0.39575013518333435,0.32845116158326465,0.39100308418273927,0.32845116158326465,0.05756498500704765,0.056838277727365494,0.057387690991163254,0.056838277727365494,0.004777352791279554,0.004478254976371924,0.0047166704200208185,0.004478254976371924,0.0016695314552634954,0.0015143906930461526,0.0016428757691755891,0.0015143906930461526,0.004792548716068268,0.002751827511625985,0.004213663213886321,0.002751827511625985,0.0017258049920201302,0.001427558056699733,0.0016743453918024898,0.001427558056699733,0.0005538191762752831,0.000467496245012929,0.0005316722439602017,0.000467496245012929,0.002187864389270544,0.0018075009575113654,0.0020812364760786294,0.0018075009575113654,0.0021813346538692713,0.0018226661486551166,0.002075474336743355,0.0018226661486551166,0.0009039819124154747,0.000669014446126918,0.0008419833029620349,0.000669014446126918,0.08860156685113907,0.08197351048390071,0.08695154190063477,0.08197351048390071,0.0022163032554090023,0.0019912430240462222,0.00215911278501153,0.0019912430240462222,0.0005084324511699378,0.00047642596958515543,0.0005075503839179873,0.00047642596958515543,0.006472121924161911,0.00606065196916461,0.0064047593623399734,0.00606065196916461,0.0004995300550945103,0.0004267929180059582,0.000482889951672405,0.0004267929180059582,0.0008831918239593506,0.0007624110827843348,0.0008643293636851013,0.0007624110827843348,0.005822001490741968,0.004703473454962174,0.005602183751761913,0.004703473454962174,0.0016451776027679443,0.0015158971073105931,0.001619794685393572,0.0015158971073105931
song_87e53fe885bfd4484f1ebd768210f7c20f4ff3e5232d7ecb256c0eb84c118eb1,success,emotion,classifier-panel-v1,402,1,510,260,260,2fc41a09568f02c4a616effcd8afa9e154b984cd2651876defe99ecaf91b7733,2fc41a09568f02c4a616effcd8afa9e154b984cd2651876defe99ecaf91b7733,0.006102708168327808,0.006102708168327808,0.006102708168327808,0.006102708168327808,0.004726549610495567,0.004726549610495567,0.004726549610495567,0.004726549610495567,0.0015741317765787244,0.0015741317765787244,0.0015741317765787244,0.0015741317765787244,0.006925645750015974,0.006925645750015974,0.006925645750015974,0.006925645750015974,0.03526909276843071,0.03526909276843071,0.03526909276843071,0.03526909276843071,0.0018438332481309772,0.0018438332481309772,0.0018438332481309772,0.0018438332481309772,0.01012225728482008,0.01012225728482008,0.01012225728482008,0.01012225728482008,0.07662180811166763,0.07662180811166763,0.07662180811166763,0.07662180811166763,0.014550551772117615,0.014550551772117615,0.014550551772117615,0.014550551772117615,0.003692744532600045,0.003692744532600045,0.003692744532600045,0.003692744532600045,0.004930828232318163,0.004930828232318163,0.004930828232318163,0.004930828232318163,0.0011483561247587204,0.0011483561247587204,0.0011483561247587204,0.0011483561247587204,0.0008768176194280386,0.0008768176194280386,0.0008768176194280386,0.0008768176194280386,0.4649387001991272,0.4649387001991272,0.4649387001991272,0.4649387001991272,0.0018089785007759929,0.0018089785007759929,0.0018089785007759929,0.0018089785007759929,0.0003251077432651073,0.0003251077432651073,0.0003251077432651073,0.0003251077432651073,0.00040163955418393016,0.00040163955418393016,0.00040163955418393016,0.00040163955418393016,0.017054427415132523,0.017054427415132523,0.017054427415132523,0.017054427415132523,0.007584003731608391,0.007584003731608391,0.007584003731608391,0.007584003731608391,0.002122067380696535,0.002122067380696535,0.002122067380696535,0.002122067380696535,0.30696359276771545,0.30696359276771545,0.30696359276771545,0.30696359276771545,0.00511643011122942,0.00511643011122942,0.00511643011122942,0.00511643011122942,0.0006427540793083608,0.0006427540793083608,0.0006427540793083608,0.0006427540793083608,0.007374819368124008,0.007374819368124008,0.007374819368124008,0.007374819368124008,0.0011468874290585518,0.0011468874290585518,0.0011468874290585518,0.0011468874290585518,0.00034560952917672694,0.00034560952917672694,0.00034560952917672694,0.00034560952917672694,0.0013538883067667484,0.0013538883067667484,0.0013538883067667484,0.0013538883067667484,0.03138412535190582,0.03138412535190582,0.03138412535190582,0.03138412535190582
song_d86e59f3a47090f8d0e393978a66012120bcd864bc0d5e43c29e36afd84f6bd6,success,emotion,classifier-panel-v1,287,1,510,188,188,cc31a7d4f43dd7fe890be82eee881cbaf62fca04be0b1f3ebad810c1118241c5,cc31a7d4f43dd7fe890be82eee881cbaf62fca04be0b1f3ebad810c1118241c5,0.05058083310723305,0.05058083310723305,0.05058083310723305,0.05058083310723305,0.0012176433810964227,0.0012176433810964227,0.0012176433810964227,0.0012176433810964227,0.005108498968183994,0.005108498968183994,0.005108498968183994,0.005108498968183994,0.007656728848814964,0.007656728848814964,0.007656728848814964,0.007656728848814964,0.043335217982530594,0.043335217982530594,0.043335217982530594,0.043335217982530594,0.013119296170771122,0.013119296170771122,0.013119296170771122,0.013119296170771122,0.0009751237230375409,0.0009751237230375409,0.0009751237230375409,0.0009751237230375409,0.0010951353469863534,0.0010951353469863534,0.0010951353469863534,0.0010951353469863534,0.05582399293780327,0.05582399293780327,0.05582399293780327,0.05582399293780327,0.004868043586611748,0.004868043586611748,0.004868043586611748,0.004868043586611748,0.0027694678865373135,0.0027694678865373135,0.0027694678865373135,0.0027694678865373135,0.0025924399960786104,0.0025924399960786104,0.0025924399960786104,0.0025924399960786104,0.0008092367788776755,0.0008092367788776755,0.0008092367788776755,0.0008092367788776755,0.038287632167339325,0.038287632167339325,0.038287632167339325,0.038287632167339325,0.0024081431329250336,0.0024081431329250336,0.0024081431329250336,0.0024081431329250336,0.0023451296146959066,0.0023451296146959066,0.0023451296146959066,0.0023451296146959066,0.001170418574474752,0.001170418574474752,0.001170418574474752,0.001170418574474752,0.038167934864759445,0.038167934864759445,0.038167934864759445,0.038167934864759445,0.8446658253669739,0.8446658253669739,0.8446658253669739,0.8446658253669739,0.0014570144703611732,0.0014570144703611732,0.0014570144703611732,0.0014570144703611732,0.04872172325849533,0.04872172325849533,0.04872172325849533,0.04872172325849533,0.0076553476974368095,0.0076553476974368095,0.0076553476974368095,0.0076553476974368095,0.0027412024792283773,0.0027412024792283773,0.0027412024792283773,0.0027412024792283773,0.008459762670099735,0.008459762670099735,0.008459762670099735,0.008459762670099735,0.001835159375332296,0.001835159375332296,0.001835159375332296,0.001835159375332296,0.00117793632671237,0.00117793632671237,0.00117793632671237,0.00117793632671237,0.005791843868792057,0.005791843868792057,0.005791843868792057,0.005791843868792057,0.006049036048352718,0.006049036048352718,0.006049036048352718,0.006049036048352718
song_1f59bcb3858288796e7add8880d6482962907aa5058d20eb280e07d4e087a402,success,emotion,classifier-panel-v1,603,2,510,436,436,9581bdef665e5aa9185183e81e3892ee8d4497d9f91c89b1363930c6fe706369,9581bdef665e5aa9185183e81e3892ee8d4497d9f91c89b1363930c6fe706369,0.0018493157112970948,0.0014015314227435738,0.0017597588535863905,0.0014022740169202794,0.0008634987752884626,0.0006693059112876654,0.0008246602024883032,0.0006696279558382471,0.013593296520411968,0.011628846172243357,0.013200406450778246,0.011625588377304437,0.03900987654924393,0.034234209917485714,0.03805474322289228,0.03422629007232525,0.07771728187799454,0.05747814476490021,0.07366945445537568,0.05744458069008579,0.01043606549501419,0.010045506991446018,0.010357953794300555,0.010044859299068625,0.017728233709931374,0.010454942705109715,0.01627357550896704,0.010442880862647325,0.0029156487435102463,0.0025951735442504287,0.002851553703658283,0.002595705012242568,0.23377661406993866,0.12135957879945636,0.2112932070158422,0.12154600837701934,0.08017431944608688,0.0711678396910429,0.07837302349507809,0.07118277581003965,0.24639198184013367,0.1294900388456881,0.22301159324124456,0.1292961716102081,0.006318662781268358,0.004969430970959365,0.00604881641920656,0.004971668502983095,0.0030177615117281675,0.0026856237091124058,0.0029513339512050154,0.002685072900152844,0.006385458167642355,0.0045878925593569875,0.006025945045985281,0.004590873596849998,0.004465356469154358,0.003964353702031076,0.004365155915729701,0.003963522851671004,0.0003290874301455915,0.0003189781418768689,0.000327065572491847,0.0003189613768880319,0.0029837549664080143,0.0024112495011650026,0.002869253873359412,0.0024121989297972465,0.006304027512669563,0.004880589782260358,0.0060193399665877225,0.004882950375511451,0.29362815618515015,0.19133386760950089,0.2731692984700203,0.19150350987911224,0.005475188605487347,0.005346669349819422,0.005449484754353762,0.005346456216725445,0.2511183023452759,0.2494879886507988,0.2507922396063805,0.24948528497966369,0.007820071652531624,0.005996117601171136,0.007455280842259526,0.0059991424005929606,0.001081108464859426,0.0009120879403781146,0.0010473043599631636,0.0009123682397553639,0.06507398933172226,0.04443483706563711,0.060946158878505234,0.04440060961577627,0.0023488786537200212,0.002145167556591332,0.0023081364342942834,0.0021448297272428597,0.004173077177256346,0.0037160400534048676,0.0040816697524860505,0.0037167979922503925,0.09585399925708771,0.07229412719607353,0.09114202484488487,0.07233319829401882,0.005079193506389856,0.0040707162115722895,0.004877498047426343,0.00406904377824755
song_135e7438aaef177afce073c2af4f316d524a74e7e8848905f85e853f7173573d,success,emotion,classifier-panel-v1,776,2,510,600,600,01fb4d8e7b61911e57064bccce6b5b4be008be109766ccf3564d5779d234bec4,01fb4d8e7b61911e57064bccce6b5b4be008be109766ccf3564d5779d234bec4,0.050421372056007385,0.04592712223529816,0.04952252209186554,0.04592712223529816,0.002797231078147888,0.0026290006935596466,0.0027635850012302397,0.0026290006935596466,0.002530574332922697,0.002044095250312239,0.0024332785164006055,0.002044095250312239,0.004431606270372868,0.003731636214070022,0.004291612259112299,0.003731636214070022,0.08110201358795166,0.06807565130293369,0.07849674113094807,0.06807565130293369,0.004402850288897753,0.0040190075524151325,0.004326081741601229,0.0040190075524151325,0.0015599902253597975,0.001558007497806102,0.0015595936798490583,0.001558007497806102,0.0012612849241122603,0.0012560902396216989,0.001260245987214148,0.0012560902396216989,0.005418271757662296,0.0045891329646110535,0.0052524439990520476,0.0045891329646110535,0.0024808826856315136,0.0020626766490750015,0.002397241478320211,0.0020626766490750015,0.0029643953312188387,0.0023504619020968676,0.0028416086453944443,0.0023504619020968676,0.001383120776154101,0.0012645634124055505,0.0013594093034043908,0.0012645634124055505,0.00047435390297323465,0.00040205655386671424,0.0004598944331519306,0.00040205655386671424,0.011843673884868622,0.01082884892821312,0.011640708893537521,0.01082884892821312,0.0006984909414313734,0.0006600068882107735,0.0006907941307872534,0.0006600068882107735,0.0012795201037079096,0.0009682329255156219,0.001217262668069452,0.0009682329255156219,0.00030932441586628556,0.0002894056378863752,0.00030534066027030347,0.0002894056378863752,0.02519851177930832,0.024314734153449535,0.02502175625413656,0.024314734153449535,0.9217610359191895,0.8398602306842804,0.9053808748722076,0.8398602306842804,0.00047922894009388983,0.00041654751112218946,0.00046669265429954976,0.00041654751112218946,0.20968832075595856,0.12549761310219765,0.1928501792252064,0.12549761310219765,0.006241259165108204,0.005097548011690378,0.006012516934424639,0.005097548011690378,0.000850922369863838,0.0008239972230512649,0.0008455373405013234,0.0008239972230512649,0.006140545010566711,0.00585979875177145,0.006084395758807659,0.00585979875177145,0.000712111999746412,0.0006617250037379563,0.0007020346005447209,0.0006617250037379563,0.000633981020655483,0.0005331625725375488,0.0006138173310318961,0.0005331625725375488,0.0015333360061049461,0.0012781446566805243,0.0014822977362200617,0.0012781446566805243,0.0017443298129364848,0.0013900624471716583,0.0016734763397835196,0.0013900624471716583
song_4f1614f26569f3e8f2b5fbcdb394c409cfc3f9fc150fbbb6f65025d66f9a2401,success,emotion,classifier-panel-v1,528,2,510,329,329,57e0b31c66d899bfceb162db2914854bf57c85ac0db2050c3316eeecbf661923,57e0b31c66d899bfceb162db2914854bf57c85ac0db2050c3316eeecbf661923,0.00240511167794466,0.002344860346056521,0.0023930614115670323,0.002344860346056521,0.015375914983451366,0.013644177466630936,0.01502956748008728,0.013644177466630936,0.008798632770776749,0.008409279398620129,0.008720762096345425,0.008409279398620129,0.08649953454732895,0.08353118225932121,0.0859058640897274,0.08353118225932121,0.012945528142154217,0.012237099930644035,0.01280384249985218,0.012237099930644035,0.0014196443371474743,0.0014080496039241552,0.0014173253905028105,0.0014080496039241552,0.19739896059036255,0.16844476759433746,0.19160812199115754,0.16844476759433746,0.484947144985199,0.4385986328125,0.4756774425506592,0.4385986328125,0.0028999201022088528,0.002724704332649708,0.002864876948297024,0.002724704332649708,0.016752814874053,0.015960916876792908,0.016594435274600982,0.015960916876792908,0.012760215438902378,0.010874682106077671,0.012383108772337437,0.010874682106077671,0.08299389481544495,0.0811762847006321,0.08263037279248238,0.0811762847006321,0.03587721288204193,0.03470168262720108,0.03564210683107376,0.03470168262720108,0.00988997332751751,0.007857693592086434,0.009483517380431294,0.007857693592086434,0.02281327359378338,0.017853389494121075,0.021821296773850918,0.017853389494121075,0.00020767288515344262,0.0001879075207398273,0.00020371981227071956,0.0001879075207398273,0.0015922262100502849,0.0013563118991442025,0.0015450433478690685,0.0013563118991442025,0.0032084984704852104,0.00261830713134259,0.0030904602026566863,0.00261830713134259,0.0027372909244149923,0.0026593258371576667,0.002721697906963527,0.0026593258371576667,0.010762233287096024,0.00839086133055389,0.010287958895787597,0.00839086133055389,0.2947165071964264,0.29063282907009125,0.2938997715711594,0.29063282907009125,0.0019681416451931,0.0019485685625113547,0.001964227028656751,0.0019485685625113547,0.00036663131322711706,0.000316354664391838,0.00035657598346006125,0.000316354664391838,0.028375908732414246,0.024567107670009136,0.027614148519933223,0.024567107670009136,0.000839181593619287,0.0007097756024450064,0.0008133003953844309,0.0007097756024450064,0.0010297283297404647,0.001015841553453356,0.0010269509744830429,0.001015841553453356,0.006843430921435356,0.005637573078274727,0.00660225935280323,0.005637573078274727,0.05614108964800835,0.043596649542450905,0.05363220162689686,0.043596649542450905
song_1e523b8a34f3b5d309a467bfc9d134b74834090161cbaf0a73603f782ea9ee29,success,emotion,classifier-panel-v1,425,1,510,338,338,e81e5109ddba6a6d1bbb479fe029692e6978f3d5d74fbe34b01467822f38d947,e81e5109ddba6a6d1bbb479fe029692e6978f3d5d74fbe34b01467822f38d947,0.002918922109529376,0.002918922109529376,0.002918922109529376,0.002918922109529376,0.004235147498548031,0.004235147498548031,0.004235147498548031,0.004235147498548031,0.007876774296164513,0.007876774296164513,0.007876774296164513,0.007876774296164513,0.012267802841961384,0.012267802841961384,0.012267802841961384,0.012267802841961384,0.0250130333006382,0.0250130333006382,0.0250130333006382,0.0250130333006382,0.05308210849761963,0.05308210849761963,0.05308210849761963,0.05308210849761963,0.04310279339551926,0.04310279339551926,0.04310279339551926,0.04310279339551926,0.19636298716068268,0.19636298716068268,0.19636298716068268,0.19636298716068268,0.02581130713224411,0.02581130713224411,0.02581130713224411,0.02581130713224411,0.04268008470535278,0.04268008470535278,0.04268008470535278,0.04268008470535278,0.01721343770623207,0.01721343770623207,0.01721343770623207,0.01721343770623207,0.004261341877281666,0.004261341877281666,0.004261341877281666,0.004261341877281666,0.018383322283625603,0.018383322283625603,0.018383322283625603,0.018383322283625603,0.0026595601812005043,0.0026595601812005043,0.0026595601812005043,0.0026595601812005043,0.005648236256092787,0.005648236256092787,0.005648236256092787,0.005648236256092787,0.0038784551434218884,0.0038784551434218884,0.0038784551434218884,0.0038784551434218884,0.008685443550348282,0.008685443550348282,0.008685443550348282,0.008685443550348282,0.0033496750984340906,0.0033496750984340906,0.0033496750984340906,0.0033496750984340906,0.008043213747441769,0.008043213747441769,0.008043213747441769,0.008043213747441769,0.009901601821184158,0.009901601821184158,0.009901601821184158,0.009901601821184158,0.025801805779337883,0.025801805779337883,0.025801805779337883,0.025801805779337883,0.03788001835346222,0.03788001835346222,0.03788001835346222,0.03788001835346222,0.0005623131874017417,0.0005623131874017417,0.0005623131874017417,0.0005623131874017417,0.015822988003492355,0.015822988003492355,0.015822988003492355,0.015822988003492355,0.0022825836203992367,0.0022825836203992367,0.0022825836203992367,0.0022825836203992367,0.8024336695671082,0.8024336695671082,0.8024336695671082,0.8024336695671082,0.2875800132751465,0.2875800132751465,0.2875800132751465,0.2875800132751465,0.0032019398640841246,0.0032019398640841246,0.0032019398640841246,0.0032019398640841246
song_8b956e0bcda8fd9258e29036463ab076ecd11f90f5146f347d5bb1f339a87454,success,emotion,classifier-panel-v1,354,1,510,278,278,97df64ce2dfbaa675d904c53f110c3cdf2ce457cd6462fc256312d85f6d03160,97df64ce2dfbaa675d904c53f110c3cdf2ce457cd6462fc256312d85f6d03160,0.004928729962557554,0.004928729962557554,0.004928729962557554,0.004928729962557554,0.001158112776465714,0.001158112776465714,0.001158112776465714,0.001158112776465714,0.007400347851216793,0.007400347851216793,0.007400347851216793,0.007400347851216793,0.011192787438631058,0.011192787438631058,0.011192787438631058,0.011192787438631058,0.019164513796567917,0.019164513796567917,0.019164513796567917,0.019164513796567917,0.4196004271507263,0.4196004271507263,0.4196004271507263,0.4196004271507263,0.006409704219549894,0.006409704219549894,0.006409704219549894,0.006409704219549894,0.04218926280736923,0.04218926280736923,0.04218926280736923,0.04218926280736923,0.42509186267852783,0.42509186267852783,0.42509186267852783,0.42509186267852783,0.018848758190870285,0.018848758190870285,0.018848758190870285,0.018848758190870285,0.006943305488675833,0.006943305488675833,0.006943305488675833,0.006943305488675833,0.002360226586461067,0.002360226586461067,0.002360226586461067,0.002360226586461067,0.0007692255894653499,0.0007692255894653499,0.0007692255894653499,0.0007692255894653499,0.0049857343547046185,0.0049857343547046185,0.0049857343547046185,0.0049857343547046185,0.005299692507833242,0.005299692507833242,0.005299692507833242,0.005299692507833242,0.0022019969765096903,0.0022019969765096903,0.0022019969765096903,0.0022019969765096903,0.004053256008774042,0.004053256008774042,0.004053256008774042,0.004053256008774042,0.004764501936733723,0.004764501936733723,0.004764501936733723,0.004764501936733723,0.3176244795322418,0.3176244795322418,0.3176244795322418,0.3176244795322418,0.006869425997138023,0.006869425997138023,0.006869425997138023,0.006869425997138023,0.08703514188528061,0.08703514188528061,0.08703514188528061,0.08703514188528061,0.13612835109233856,0.13612835109233856,0.13612835109233856,0.13612835109233856,0.0006735498900525272,0.0006735498900525272,0.0006735498900525272,0.0006735498900525272,0.0052468618378043175,0.0052468618378043175,0.0052468618378043175,0.0052468618378043175,0.001961087342351675,0.001961087342351675,0.001961087342351675,0.001961087342351675,0.017495371401309967,0.017495371401309967,0.017495371401309967,0.017495371401309967,0.05491470545530319,0.05491470545530319,0.05491470545530319,0.05491470545530319,0.00186250451952219,0.00186250451952219,0.00186250451952219,0.00186250451952219
song_10f21a7ac2fc5e27711d31d4a39dd3e60c793cda1e918d41a79a3b7b83519df3,success,emotion,classifier-panel-v1,566,2,510,384,384,462d1cfea5f79e6ab1b359c8e3fc074e24869ba6f997c6e4ddda3df0cef633db,462d1cfea5f79e6ab1b359c8e3fc074e24869ba6f997c6e4ddda3df0cef633db,0.02573634684085846,0.019196389708667994,0.024428355414420365,0.019196389708667994,0.0013009574031457305,0.0011516176746226847,0.0012710894574411214,0.0011516176746226847,0.2916504740715027,0.24251145869493484,0.28182267099618913,0.24251145869493484,0.4917985498905182,0.47250548005104065,0.4879399359226227,0.47250548005104065,0.025202829390764236,0.02157245483249426,0.02447675447911024,0.02157245483249426,0.0027086844202131033,0.002403823076747358,0.002647712151519954,0.002403823076747358,0.010813169181346893,0.006749519379809499,0.010000439221039416,0.006749519379809499,0.005111172795295715,0.003304782905615866,0.004749894817359745,0.003304782905615866,0.0025197614450007677,0.002269130200147629,0.00246963519603014,0.002269130200147629,0.046876415610313416,0.04225844889879227,0.04595282226800919,0.04225844889879227,0.300603449344635,0.28619512915611267,0.29772178530693055,0.28619512915611267,0.0639905035495758,0.04984452575445175,0.061161307990551,0.04984452575445175,0.0037615057080984116,0.00376134947873652,0.0037614744622260334,0.00376134947873652,0.0013983119279146194,0.0013595337513834238,0.0013905562926083803,0.0013595337513834238,0.0009758626692928374,0.0009404900774825364,0.0009687881509307771,0.0009404900774825364,0.001214263727888465,0.0010275785461999476,0.0011769266915507615,0.0010275785461999476,0.00043398523121140897,0.0004322636523284018,0.00043364091543480755,0.0004322636523284018,0.0012299458030611277,0.0011291224509477615,0.0012097811326384545,0.0011291224509477615,0.0017893805634230375,0.0016640633693896234,0.0017643171246163546,0.0016640633693896234,0.0005216325516812503,0.00045285996748134494,0.0005078780348412692,0.00045285996748134494,0.11226757615804672,0.10531159490346909,0.1108763799071312,0.10531159490346909,0.0021902984008193016,0.002130034496076405,0.002178245619870722,0.002130034496076405,0.0009881025180220604,0.000823875074274838,0.000955257029272616,0.000823875074274838,0.00679809832945466,0.006111537804827094,0.006660786224529147,0.006111537804827094,0.0005373632302507758,0.00044393214921001345,0.0005186770140426233,0.00044393214921001345,0.0006408291519619524,0.0006123783823568374,0.0006351389980409295,0.0006123783823568374,0.0031918883323669434,0.003001230536028743,0.003153756773099303,0.003001230536028743,0.0014411122538149357,0.0013714925153180957,0.0014271883061155676,0.0013714925153180957
song_249218b68f57a8b663a85a56fc31a2ffce59bf3a4037819cb256ba761c69aa3d,success,emotion,classifier-panel-v1,339,1,510,245,245,507b7015a896d75078cfb3873eb959913f2ab0a2f0c3891f458c4f43ab43cbdc,507b7015a896d75078cfb3873eb959913f2ab0a2f0c3891f458c4f43ab43cbdc,0.0017760220216587186,0.0017760220216587186,0.0017760220216587186,0.0017760220216587186,0.0954933762550354,0.0954933762550354,0.0954933762550354,0.0954933762550354,0.005257005803287029,0.005257005803287029,0.005257005803287029,0.005257005803287029,0.07032953202724457,0.07032953202724457,0.07032953202724457,0.07032953202724457,0.021565744653344154,0.021565744653344154,0.021565744653344154,0.021565744653344154,0.002820553258061409,0.002820553258061409,0.002820553258061409,0.002820553258061409,0.3981422781944275,0.3981422781944275,0.3981422781944275,0.3981422781944275,0.024411430582404137,0.024411430582404137,0.024411430582404137,0.024411430582404137,0.021482359617948532,0.021482359617948532,0.021482359617948532,0.021482359617948532,0.06372582167387009,0.06372582167387009,0.06372582167387009,0.06372582167387009,0.020853370428085327,0.020853370428085327,0.020853370428085327,0.020853370428085327,0.004757145885378122,0.004757145885378122,0.004757145885378122,0.004757145885378122,0.007087107747793198,0.007087107747793198,0.007087107747793198,0.007087107747793198,0.006777530070394278,0.006777530070394278,0.006777530070394278,0.006777530070394278,0.0043065426871180534,0.0043065426871180534,0.0043065426871180534,0.0043065426871180534,0.00023141331621445715,0.00023141331621445715,0.00023141331621445715,0.00023141331621445715,0.0016960049979388714,0.0016960049979388714,0.0016960049979388714,0.0016960049979388714,0.03549462556838989,0.03549462556838989,0.03549462556838989,0.03549462556838989,0.0033075993414968252,0.0033075993414968252,0.0033075993414968252,0.0033075993414968252,0.02359388768672943,0.02359388768672943,0.02359388768672943,0.02359388768672943,0.13591738045215607,0.13591738045215607,0.13591738045215607,0.13591738045215607,0.00958795566111803,0.00958795566111803,0.00958795566111803,0.00958795566111803,0.000888800248503685,0.000888800248503685,0.000888800248503685,0.000888800248503685,0.07870082557201385,0.07870082557201385,0.07870082557201385,0.07870082557201385,0.003454275196418166,0.003454275196418166,0.003454275196418166,0.003454275196418166,0.00309205474331975,0.00309205474331975,0.00309205474331975,0.00309205474331975,0.022502370178699493,0.022502370178699493,0.022502370178699493,0.022502370178699493,0.007547423709183931,0.007547423709183931,0.007547423709183931,0.007547423709183931
song_2d1e136f70b14cbd83c69d01eb86a415f2edaab314e912aa55ae921ce76f9873,success,emotion,classifier-panel-v1,384,1,510,272,272,57f627b67ea3bce2bf8d4edede06321117ebe3d73f08f49bc170ef45a0eef517,57f627b67ea3bce2bf8d4edede06321117ebe3d73f08f49bc170ef45a0eef517,0.0013612637994810939,0.0013612637994810939,0.0013612637994810939,0.0013612637994810939,0.0011791122378781438,0.0011791122378781438,0.0011791122378781438,0.0011791122378781438,0.004732913337647915,0.004732913337647915,0.004732913337647915,0.004732913337647915,0.01504652202129364,0.01504652202129364,0.01504652202129364,0.01504652202129364,0.01945202797651291,0.01945202797651291,0.01945202797651291,0.01945202797651291,0.03889437019824982,0.03889437019824982,0.03889437019824982,0.03889437019824982,0.0008857693755999207,0.0008857693755999207,0.0008857693755999207,0.0008857693755999207,0.0016657827654853463,0.0016657827654853463,0.0016657827654853463,0.0016657827654853463,0.20673467218875885,0.20673467218875885,0.20673467218875885,0.20673467218875885,0.008861511945724487,0.008861511945724487,0.008861511945724487,0.008861511945724487,0.006751225329935551,0.006751225329935551,0.006751225329935551,0.006751225329935551,0.0027506472542881966,0.0027506472542881966,0.0027506472542881966,0.0027506472542881966,0.0007982833194546402,0.0007982833194546402,0.0007982833194546402,0.0007982833194546402,0.0019286171300336719,0.0019286171300336719,0.0019286171300336719,0.0019286171300336719,0.00151967687997967,0.00151967687997967,0.00151967687997967,0.00151967687997967,0.00092945626238361,0.00092945626238361,0.00092945626238361,0.00092945626238361,0.001277392846532166,0.001277392846532166,0.001277392846532166,0.001277392846532166,0.003047413192689419,0.003047413192689419,0.003047413192689419,0.003047413192689419,0.012935294769704342,0.012935294769704342,0.012935294769704342,0.012935294769704342,0.0010906013194471598,0.0010906013194471598,0.0010906013194471598,0.0010906013194471598,0.7203433513641357,0.7203433513641357,0.7203433513641357,0.7203433513641357,0.009349568746984005,0.009349568746984005,0.009349568746984005,0.009349568746984005,0.0005635364796034992,0.0005635364796034992,0.0005635364796034992,0.0005635364796034992,0.005558100063353777,0.005558100063353777,0.005558100063353777,0.005558100063353777,0.0009425688767805696,0.0009425688767805696,0.0009425688767805696,0.0009425688767805696,0.003375271102413535,0.003375271102413535,0.003375271102413535,0.003375271102413535,0.017088593915104866,0.017088593915104866,0.017088593915104866,0.017088593915104866,0.0004073901509400457,0.0004073901509400457,0.0004073901509400457,0.0004073901509400457
song_97dde8742e0cc2461773a6d71873bf7831160cc7b3b82fcb096f1022b4c12759,success,emotion,classifier-panel-v1,1077,3,510,717,717,8f514804229065aae1fa66939d3392c7acde845e3368bbd98d62e5186f81c364,8f514804229065aae1fa66939d3392c7acde845e3368bbd98d62e5186f81c364,0.001829570741392672,0.0014754673854137461,0.0017242678441107273,0.0014754673854137461,0.010778241790831089,0.006774529426669081,0.009807172138243914,0.006774529426669081,0.03370698541402817,0.025505945396920044,0.03275242522358894,0.025505945396920044,0.06626512110233307,0.060531107087930046,0.06500108391046525,0.060531107087930046,0.014108053408563137,0.011689366462330023,0.01351497434079647,0.011689366462330023,0.0030810546595603228,0.0023330835004647574,0.0028697180561721323,0.0023330835004647574,0.001610865001566708,0.001430935924872756,0.001575884153135121,0.001430935924872756,0.002286585746333003,0.0021476262093832097,0.002256929595023394,0.0021476262093832097,0.013768894597887993,0.0062536937184631824,0.011620865762233734,0.0062536937184631824,0.005508174188435078,0.004475251849119862,0.0053463859483599665,0.004475251849119862,0.006129937712103128,0.004144630239655574,0.005664101941511035,0.004144630239655574,0.00969075970351696,0.008461020421236753,0.009456956386566162,0.008461020421236753,0.0016938806511461735,0.001251085118080179,0.00156854004599154,0.001251085118080179,0.005716502666473389,0.0033501844154670835,0.005210903799161315,0.0033501844154670835,0.0017150798812508583,0.0014154966144512098,0.0016404613619670273,0.0014154966144512098,0.0003136583254672587,0.00021522700262721628,0.00029147403547540306,0.00021522700262721628,0.00047763503971509635,0.0003758575670265903,0.00044969102600589395,0.0003758575670265903,0.0034616892226040363,0.0023767181361714997,0.0031421181512996553,0.0023767181361714997,0.0028952111024409533,0.001981155170748631,0.0026673160027712584,0.001981155170748631,0.0004024599038530141,0.0003839666217875977,0.00040012251120060684,0.0003839666217875977,0.9033678770065308,0.8830613295237223,0.8994597792625427,0.8830613295237223,0.0035885353572666645,0.0025782034111519656,0.0033343178685754536,0.0025782034111519656,0.0005144323804415762,0.00038565277160766226,0.0004824779229238629,0.00038565277160766226,0.004041327629238367,0.0037168340447048345,0.003980882978066802,0.0037168340447048345,0.00036909192567691207,0.000327953554612274,0.0003624589531682432,0.000327953554612274,0.00029833056032657623,0.0002776938199531287,0.00029828563565388323,0.0002776938199531287,0.0037375804968178272,0.0023195758694782853,0.0033597643952816723,0.0023195758694782853,0.0022294798400253057,0.001288550110378613,0.001981261046603322,0.001288550110378613
song_a2a8832b12a9464aa23538c26dd64ffc912252f6a19c73d3b5c0ec754be945a7,success,emotion,classifier-panel-v1,556,2,510,378,378,ccdf459101c5691850a6dbc7047f03378b9e1900f5fd44a3ccb735efafcd9b8b,ccdf459101c5691850a6dbc7047f03378b9e1900f5fd44a3ccb735efafcd9b8b,0.08483009040355682,0.06581048294901848,0.08102616891264916,0.06581048294901848,0.0031702136620879173,0.0029430424328893423,0.0031247794162482024,0.0029430424328893423,0.0056045036762952805,0.00413369492162019,0.005310341925360262,0.00413369492162019,0.010957262478768826,0.007606429746374488,0.010287095932289958,0.007606429746374488,0.08177922666072845,0.07317346334457397,0.08005807399749756,0.07317346334457397,0.009732749313116074,0.008058591047301888,0.009397917659953237,0.008058591047301888,0.002974289935082197,0.002811513841152191,0.002941734716296196,0.002811513841152191,0.00242774304933846,0.0019246095325797796,0.002327116345986724,0.0019246095325797796,0.007011486683040857,0.006130080204457045,0.006835205387324095,0.006130080204457045,0.012780877761542797,0.007700133719481528,0.011764728953130544,0.007700133719481528,0.01889660954475403,0.011235557962208986,0.017364399228245023,0.011235557962208986,0.002473629079759121,0.0020068271551281214,0.002380268694832921,0.0020068271551281214,0.0008994836825877428,0.0006576646555913612,0.0008511198771884665,0.0006576646555913612,0.006381194107234478,0.00468108500353992,0.006041172286495566,0.00468108500353992,0.0009745279676280916,0.0009108333033509552,0.0009617890347726644,0.0009108333033509552,0.0025852075777947903,0.0018621233175508678,0.002440590725746006,0.0018621233175508678,0.0007817105506546795,0.0005723761714762077,0.0007398436748189852,0.0005723761714762077,0.019657056778669357,0.01702725049108267,0.019131095521152018,0.01702725049108267,0.949920654296875,0.9468683004379272,0.9493101835250854,0.9468683004379272,0.0009488165960647166,0.0007510925643146038,0.000909271789714694,0.0007510925643146038,0.03006797470152378,0.022969162091612816,0.02864821217954159,0.022969162091612816,0.010511207394301891,0.008568753954023123,0.010122716706246138,0.008568753954023123,0.0008562970906496048,0.0007358060393016785,0.0008321988803800196,0.0007358060393016785,0.010945537127554417,0.008678742917254567,0.010492178285494447,0.008678742917254567,0.0010058882180601358,0.0007877626921981573,0.0009622631128877402,0.0007877626921981573,0.0022103292867541313,0.0014778472541365772,0.002063832880230621,0.0014778472541365772,0.009239946492016315,0.005646872334182262,0.008521331660449504,0.005646872334182262,0.0018481744918972254,0.0016135068144649267,0.0018012409564107656,0.0016135068144649267
song_fcece81d4ce48c45670077783d519702d20ce3c27d5489f2eeba0f033d95faaa,success,emotion,classifier-panel-v1,473,1,510,355,355,8e792ed3bce275dbab493c3f5a3a8a9bc8417189c688fe977f1ac13ad64ec811,8e792ed3bce275dbab493c3f5a3a8a9bc8417189c688fe977f1ac13ad64ec811,0.003871615743264556,0.003871615743264556,0.003871615743264556,0.003871615743264556,0.003632414387539029,0.003632414387539029,0.003632414387539029,0.003632414387539029,0.017182063311338425,0.017182063311338425,0.017182063311338425,0.017182063311338425,0.04830801114439964,0.04830801114439964,0.04830801114439964,0.04830801114439964,0.013126692734658718,0.013126692734658718,0.013126692734658718,0.013126692734658718,0.015592523850500584,0.015592523850500584,0.015592523850500584,0.015592523850500584,0.003287104656919837,0.003287104656919837,0.003287104656919837,0.003287104656919837,0.008478193543851376,0.008478193543851376,0.008478193543851376,0.008478193543851376,0.7445790767669678,0.7445790767669678,0.7445790767669678,0.7445790767669678,0.0912235826253891,0.0912235826253891,0.0912235826253891,0.0912235826253891,0.01533777266740799,0.01533777266740799,0.01533777266740799,0.01533777266740799,0.023470759391784668,0.023470759391784668,0.023470759391784668,0.023470759391784668,0.002440192736685276,0.002440192736685276,0.002440192736685276,0.002440192736685276,0.004227020777761936,0.004227020777761936,0.004227020777761936,0.004227020777761936,0.0041046650148928165,0.0041046650148928165,0.0041046650148928165,0.0041046650148928165,0.0007733315578661859,0.0007733315578661859,0.0007733315578661859,0.0007733315578661859,0.005304407794028521,0.005304407794028521,0.005304407794028521,0.005304407794028521,0.004751777742058039,0.004751777742058039,0.004751777742058039,0.004751777742058039,0.0409049391746521,0.0409049391746521,0.0409049391746521,0.0409049391746521,0.006375857163220644,0.006375857163220644,0.006375857163220644,0.006375857163220644,0.07122447341680527,0.07122447341680527,0.07122447341680527,0.07122447341680527,0.01252678781747818,0.01252678781747818,0.01252678781747818,0.01252678781747818,0.0010169142624363303,0.0010169142624363303,0.0010169142624363303,0.0010169142624363303,0.009389551356434822,0.009389551356434822,0.009389551356434822,0.009389551356434822,0.0015483327442780137,0.0015483327442780137,0.0015483327442780137,0.0015483327442780137,0.006499347276985645,0.006499347276985645,0.006499347276985645,0.006499347276985645,0.1903097927570343,0.1903097927570343,0.1903097927570343,0.1903097927570343,0.001756981248036027,0.001756981248036027,0.001756981248036027,0.001756981248036027
song_d92c9c969ef6faa0d0b2115b652c61268381ee491bc4f03c32990feb5a3c9e45,success,emotion,classifier-panel-v1,1067,3,510,742,742,0287681f86be33f9e0b2ee88743f318aa6c1d0b46b0028607e852811d6fe1aca,0287681f86be33f9e0b2ee88743f318aa6c1d0b46b0028607e852811d6fe1aca,0.0026172702200710773,0.001733217543611924,0.0024578134529292584,0.0017341274044527946,0.028831105679273605,0.01171208561087648,0.023759386222809556,0.011719807801330017,0.27784764766693115,0.18271566679080328,0.25325775146484375,0.18277875440162034,0.526117205619812,0.4356417655944824,0.5004512012004853,0.4356910822373634,0.026078825816512108,0.01887498361368974,0.024616045504808427,0.01888163195750148,0.003684562398120761,0.0024488790271182856,0.0033549419138580562,0.002449650596303563,0.00712024187669158,0.0030593463646558425,0.005951202870346606,0.003055540464457121,0.008674181066453457,0.0032960615547684333,0.007104935974348337,0.0032910211428549513,0.002425055019557476,0.0017752768471837044,0.0022622460033744573,0.0017757318717983553,0.017185388132929802,0.015019416498641172,0.016963501647114753,0.015022436658753172,0.04639827832579613,0.03222003517051538,0.04300406724214554,0.03222265261406081,0.030997779220342636,0.015864227587978046,0.026931515336036684,0.015873539475366235,0.00404402706772089,0.0031785754254087806,0.003948237840086221,0.0031797487685638424,0.003079094225540757,0.0016978577089806397,0.0026794130448251964,0.001698436124526111,0.0008090513292700052,0.0007484900027823945,0.000801151932682842,0.0007485665029417566,0.0004325271293055266,0.00033272861522467184,0.00042866935837082565,0.0003328976013291594,0.0005388496210798621,0.00039534719932513934,0.0005016412353143096,0.000395441822487915,0.03377733379602432,0.011924973514396697,0.027246329630725086,0.011935329371694503,0.002379370853304863,0.0011442056954062234,0.0020535794901661575,0.0011449942366434339,0.0006677474011667073,0.00048114126548171043,0.0006122556864283979,0.0004812264130337316,0.6436110138893127,0.41157052914301556,0.5751067459583283,0.41135305914793935,0.004120578058063984,0.0033865521351496377,0.004036177461966872,0.0033858642008263817,0.002003453439101577,0.0009537613853656998,0.0017228466807864607,0.0009544140098417036,0.010553277097642422,0.008443487963328758,0.0101576030254364,0.008445588439343376,0.0017886279383674264,0.0007825389669354385,0.0015034545212984085,0.0007830884616472649,0.000515549152623862,0.00038672139635309577,0.0004975930612999945,0.0003868787300512422,0.0036217474844306707,0.002518103690817952,0.0034296812489628794,0.0025192723472470865,0.00233160937204957,0.0014383705177654822,0.0020682010101154445,0.0014375333679489087
song_490e143d0fd6a02b0ba3c323afbcb0dce7212b54f94f8761250dc778ada4125c,success,emotion,classifier-panel-v1,990,2,510,647,647,96b635add3a0506821cdc6066fa681d63aac09483095c17a54012d7fc986a449,96b635add3a0506821cdc6066fa681d63aac09483095c17a54012d7fc986a449,0.0063165281899273396,0.006034064805135131,0.006260035512968898,0.006034064805135131,0.0007883879588916898,0.00065568633726798,0.0007618476345669478,0.00065568633726798,0.008390543982386589,0.005965001066215336,0.007905435399152339,0.005965001066215336,0.051942359656095505,0.0352329034358263,0.048600468412041666,0.0352329034358263,0.05593295022845268,0.03856436535716057,0.052459233254194264,0.03856436535716057,0.022091655060648918,0.015622631181031466,0.02079785028472543,0.015622631181031466,0.003681299276649952,0.002188223967095837,0.003382684214739129,0.002188223967095837,0.022487839683890343,0.011550430324859917,0.02030035781208426,0.011550430324859917,0.005094015039503574,0.003211714676581323,0.004717554966919124,0.003211714676581323,0.0046778470277786255,0.0029593888903036714,0.004334155400283635,0.0029593888903036714,0.008962266147136688,0.006460909964516759,0.008461994910612704,0.006460909964516759,0.002302464097738266,0.001456865225918591,0.0021333443233743313,0.001456865225918591,0.0011636329581961036,0.000769058198784478,0.0010847180063137786,0.000769058198784478,0.04402735084295273,0.02573432424105704,0.04036874552257359,0.02573432424105704,0.0008358011837117374,0.0007971367449499667,0.0008280682959593832,0.0007971367449499667,0.3468768894672394,0.1871483540162444,0.3149311823770404,0.1871483540162444,0.0009740517125464976,0.0006608462572330609,0.0009114106214838102,0.0006608462572330609,0.015780828893184662,0.013660814613103867,0.015356826037168503,0.013660814613103867,0.0008855673368088901,0.0008650895324535668,0.0008814717759378255,0.0008650895324535668,0.0006834971136413515,0.0006205016106832772,0.0006708980130497366,0.0006205016106832772,0.5231558084487915,0.4117836505174637,0.500881376862526,0.4117836505174637,0.009590157307684422,0.005739128799177706,0.00881995160598308,0.005739128799177706,0.002126612002030015,0.0017101679695770144,0.002043323195539415,0.0017101679695770144,0.005717177409678698,0.004514551139436662,0.00547665215563029,0.004514551139436662,0.0064123705960810184,0.004914281773380935,0.006112752831541002,0.004914281773380935,0.0005560973659157753,0.00040779543633107096,0.0005264369799988344,0.00040779543633107096,0.0045752450823783875,0.002626819594297558,0.004185559984762222,0.002626819594297558,0.0025147052947431803,0.0017758283065631986,0.002366929897107184,0.0017758283065631986
song_346bca84137dbd74e43284cf566dedc6006e063e11a233e48ad457348c6349af,success,emotion,classifier-panel-v1,379,1,510,269,269,52ba5df07f5d9790c694577bea5db8269103ec5610fbf03f80a5c852b5a17896,52ba5df07f5d9790c694577bea5db8269103ec5610fbf03f80a5c852b5a17896,0.011237300001084805,0.011237300001084805,0.011237300001084805,0.011237300001084805,0.001741223968565464,0.001741223968565464,0.001741223968565464,0.001741223968565464,0.032206688076257706,0.032206688076257706,0.032206688076257706,0.032206688076257706,0.02119239792227745,0.02119239792227745,0.02119239792227745,0.02119239792227745,0.07796285301446915,0.07796285301446915,0.07796285301446915,0.07796285301446915,0.0751383975148201,0.0751383975148201,0.0751383975148201,0.0751383975148201,0.0035413708537817,0.0035413708537817,0.0035413708537817,0.0035413708537817,0.0023161463905125856,0.0023161463905125856,0.0023161463905125856,0.0023161463905125856,0.09905928373336792,0.09905928373336792,0.09905928373336792,0.09905928373336792,0.014753870666027069,0.014753870666027069,0.014753870666027069,0.014753870666027069,0.0910298228263855,0.0910298228263855,0.0910298228263855,0.0910298228263855,0.005356069188565016,0.005356069188565016,0.005356069188565016,0.005356069188565016,0.0014245705679059029,0.0014245705679059029,0.0014245705679059029,0.0014245705679059029,0.004539418499916792,0.004539418499916792,0.004539418499916792,0.004539418499916792,0.00294871861115098,0.00294871861115098,0.00294871861115098,0.00294871861115098,0.0038531064055860043,0.0038531064055860043,0.0038531064055860043,0.0038531064055860043,0.0017383834347128868,0.0017383834347128868,0.0017383834347128868,0.0017383834347128868,0.011384494602680206,0.011384494602680206,0.011384494602680206,0.011384494602680206,0.8960511088371277,0.8960511088371277,0.8960511088371277,0.8960511088371277,0.0019456050358712673,0.0019456050358712673,0.0019456050358712673,0.0019456050358712673,0.034312792122364044,0.034312792122364044,0.034312792122364044,0.034312792122364044,0.07188844680786133,0.07188844680786133,0.07188844680786133,0.07188844680786133,0.0016253561479970813,0.0016253561479970813,0.0016253561479970813,0.0016253561479970813,0.011145527474582195,0.011145527474582195,0.011145527474582195,0.011145527474582195,0.001776767778210342,0.001776767778210342,0.001776767778210342,0.001776767778210342,0.005785735324025154,0.005785735324025154,0.005785735324025154,0.005785735324025154,0.011237772181630135,0.011237772181630135,0.011237772181630135,0.011237772181630135,0.001233385526575148,0.001233385526575148,0.001233385526575148,0.001233385526575148
song_e2c1ed4ba63771b7e206087975fadfe2d4942fdc015891840947f04e2959c89b,success,emotion,classifier-panel-v1,1266,3,510,828,828,5867f40386a7f9811be2f794853581a9806d3773f9625e0aa980c1f4f529402b,5867f40386a7f9811be2f794853581a9806d3773f9625e0aa980c1f4f529402b,0.031117253005504608,0.011168973695021123,0.0252075387397781,0.011168973695021123,0.010845516808331013,0.005588477399821083,0.009417097922414542,0.005588477399821083,0.17823415994644165,0.08841682101289432,0.1548278644680977,0.08841682101289432,0.3286907374858856,0.1975694795449575,0.2946710646152496,0.1975694795449575,0.01571841351687908,0.013400460903843244,0.01566319614648819,0.013400460903843244,0.0045291283167898655,0.0026199251684981086,0.004103449173271656,0.0026199251684981086,0.012678921222686768,0.0047061891527846456,0.010322030028328301,0.0047061891527846456,0.024528203532099724,0.00850494701686936,0.019747207697946578,0.00850494701686936,0.002196794142946601,0.001581466485125323,0.002044292096979916,0.001581466485125323,0.025712525472044945,0.013182017796983322,0.022386429458856584,0.013182017796983322,0.01545594073832035,0.010233529222508272,0.013912881724536419,0.010233529222508272,0.06057365611195564,0.023571991672118504,0.04966982826590538,0.023571991672118504,0.005548590794205666,0.002745829949465891,0.004740432975813747,0.002745829949465891,0.0044844853691756725,0.0023545846343040466,0.0038760769879445434,0.0023545846343040466,0.0027421857230365276,0.00175393916045626,0.0025220351526513696,0.00175393916045626,0.000470293773105368,0.00033203608472831547,0.0004521506722085178,0.00033203608472831547,0.0005723446956835687,0.0004733841148360322,0.0005703052156604826,0.0004733841148360322,0.004570682533085346,0.0026491807269242904,0.004149597091600299,0.0026491807269242904,0.0012348395539447665,0.0008031700175100317,0.0011294506839476526,0.0008031700175100317,0.0006005736067891121,0.0005466523095189283,0.0005963935516774654,0.0005466523095189283,0.879266619682312,0.6697665055592855,0.8663207173347474,0.6697665055592855,0.0032611023634672165,0.0027821329422295094,0.0031567713245749473,0.0027821329422295094,0.002697454998269677,0.0012173406867077574,0.002315202041063458,0.0012173406867077574,0.0073698218911886215,0.006116590928286314,0.007331890519708395,0.006116590928286314,0.0008267986704595387,0.0005657155221949021,0.0007988330675289035,0.0005657155221949021,0.0004170206666458398,0.00029216390976216644,0.00038829243276268245,0.00029216390976216644,0.0048277718015015125,0.002856508440648516,0.004364302102476359,0.002856508440648516,0.002697537187486887,0.0017331138951703906,0.002523122075945139,0.0017331138951703906
song_0952b517e2fef799bf238e7dc58b1371cc57ea3450759f0c13ba18c1ca658fc1,success,emotion,classifier-panel-v1,1156,3,510,709,709,de972cfadf494f258289a3ddde387c2bf7cc2ccfe11dbd320e6c13f4824417dd,de972cfadf494f258289a3ddde387c2bf7cc2ccfe11dbd320e6c13f4824417dd,0.002025250345468521,0.0016048817972963054,0.001969308126717806,0.0016043964806850678,0.0036708887200802565,0.0019156397320330143,0.003179815667681396,0.0019171581135105638,0.0733344778418541,0.03213234090556701,0.06159013826400042,0.03216798289253612,0.17364899814128876,0.07531312480568886,0.14580696597695353,0.07539819044006221,0.030119875445961952,0.025182422250509262,0.029224294051527978,0.025182819781844282,0.031121745705604553,0.012945067758361498,0.02573963701725006,0.012936899235478529,0.004668256733566523,0.003107963828369975,0.0044978957157582045,0.003108576707103673,0.04285191372036934,0.015203833075550696,0.034613059088587764,0.01519211491593643,0.06495638936758041,0.025627283845096827,0.0536990761756897,0.02561261476167384,0.04703279212117195,0.02039795384431879,0.039094452094286684,0.020420994361859318,0.029613235965371132,0.015542680552850166,0.02604042235761881,0.015554852313587641,0.00921322125941515,0.0050320922552297516,0.00807608859613538,0.005035709148831988,0.003778196172788739,0.0015940784166256587,0.0031336494837887587,0.0015959677918472531,0.0030350463930517435,0.0024641689378768206,0.0028983882628381254,0.0024646627765058647,0.0020405410323292017,0.0015014826785773039,0.0019195132656022907,0.0015019489920321065,0.0002427863801131025,0.00019646041619125754,0.00023044187109917403,0.0001964336606698267,0.0009434125386178493,0.0006762406264897436,0.00089633883908391,0.0006764717440607887,0.004173376131802797,0.0023946208336080113,0.003678475134074688,0.0023961595492638893,0.06746658682823181,0.04877469316124916,0.06738887429237365,0.048790526492553395,0.0013755273539572954,0.0008425951624910036,0.0012699183193035425,0.0008430561764974624,0.8865576982498169,0.6683166722456614,0.839632534980774,0.6681420561248456,0.014068394899368286,0.0077334910941620665,0.012559494469314814,0.007738971114754805,0.000764360127504915,0.0004218133641794945,0.0006810399005189538,0.00042210968490901475,0.02182050608098507,0.009558945971851548,0.0183255672454834,0.009569552857759102,0.0007139643421396613,0.0004617018954983602,0.0006396558193955571,0.0004619201156079115,0.0014915696810930967,0.0010298284178134054,0.001454071863554418,0.0010302278479719519,0.009328599087893963,0.0068420124395440025,0.009045350179076195,0.006844163466056416,0.0034539764747023582,0.0015383747522719204,0.002890641475096345,0.0015400318471875177
song_ed5fc8c4fed301a8e973065316ce27e8c6f68575411890467a66fd5ba26d8bed,success,emotion,classifier-panel-v1,502,1,510,360,360,cb2d682fd0ce547a3a599429332f1582c36f4a21393ba5547824d8e16c3dca08,cb2d682fd0ce547a3a599429332f1582c36f4a21393ba5547824d8e16c3dca08,0.0016873584827408195,0.0016873584827408195,0.0016873584827408195,0.0016873584827408195,0.00099527882412076,0.00099527882412076,0.00099527882412076,0.00099527882412076,0.012915085069835186,0.012915085069835186,0.012915085069835186,0.012915085069835186,0.13952571153640747,0.13952571153640747,0.13952571153640747,0.13952571153640747,0.07244560122489929,0.07244560122489929,0.07244560122489929,0.07244560122489929,0.0063007003627717495,0.0063007003627717495,0.0063007003627717495,0.0063007003627717495,0.17001257836818695,0.17001257836818695,0.17001257836818695,0.17001257836818695,0.015979330986738205,0.015979330986738205,0.015979330986738205,0.015979330986738205,0.003203081665560603,0.003203081665560603,0.003203081665560603,0.003203081665560603,0.4384767711162567,0.4384767711162567,0.4384767711162567,0.4384767711162567,0.20680862665176392,0.20680862665176392,0.20680862665176392,0.20680862665176392,0.003527755383402109,0.003527755383402109,0.003527755383402109,0.003527755383402109,0.007160591892898083,0.007160591892898083,0.007160591892898083,0.007160591892898083,0.0017722893971949816,0.0017722893971949816,0.0017722893971949816,0.0017722893971949816,0.00761989364400506,0.00761989364400506,0.00761989364400506,0.00761989364400506,0.00018808020104188472,0.00018808020104188472,0.00018808020104188472,0.00018808020104188472,0.002433961722999811,0.002433961722999811,0.002433961722999811,0.002433961722999811,0.0037591138388961554,0.0037591138388961554,0.0037591138388961554,0.0037591138388961554,0.005997281987220049,0.005997281987220049,0.005997281987220049,0.005997281987220049,0.023530468344688416,0.023530468344688416,0.023530468344688416,0.023530468344688416,0.1535770297050476,0.1535770297050476,0.1535770297050476,0.1535770297050476,0.011791925877332687,0.011791925877332687,0.011791925877332687,0.011791925877332687,0.0006451673107221723,0.0006451673107221723,0.0006451673107221723,0.0006451673107221723,0.06843272596597672,0.06843272596597672,0.06843272596597672,0.06843272596597672,0.0033119753934442997,0.0033119753934442997,0.0033119753934442997,0.0033119753934442997,0.004671066999435425,0.004671066999435425,0.004671066999435425,0.004671066999435425,0.07655860483646393,0.07655860483646393,0.07655860483646393,0.07655860483646393,0.004500472918152809,0.004500472918152809,0.004500472918152809,0.004500472918152809
song_34d6442d537339653898feaa82efde7ab052800a222946d57c2706fc09340503,success,emotion,classifier-panel-v1,454,1,510,347,347,1521ae1783d6dc51715fa59555f1f873e7b5cdc7e178135a26f0d6cf1ea9aaf5,1521ae1783d6dc51715fa59555f1f873e7b5cdc7e178135a26f0d6cf1ea9aaf5,0.007370017468929291,0.007370017468929291,0.007370017468929291,0.007370017468929291,0.015557093545794487,0.015557093545794487,0.015557093545794487,0.015557093545794487,0.006063051056116819,0.006063051056116819,0.006063051056116819,0.006063051056116819,0.09907513856887817,0.09907513856887817,0.09907513856887817,0.09907513856887817,0.014108730480074883,0.014108730480074883,0.014108730480074883,0.014108730480074883,0.0014587700134143233,0.0014587700134143233,0.0014587700134143233,0.0014587700134143233,0.0014080528635531664,0.0014080528635531664,0.0014080528635531664,0.0014080528635531664,0.0006839923444204032,0.0006839923444204032,0.0006839923444204032,0.0006839923444204032,0.0011414672480896115,0.0011414672480896115,0.0011414672480896115,0.0011414672480896115,0.17919550836086273,0.17919550836086273,0.17919550836086273,0.17919550836086273,0.02699631080031395,0.02699631080031395,0.02699631080031395,0.02699631080031395,0.012652565725147724,0.012652565725147724,0.012652565725147724,0.012652565725147724,0.012643568217754364,0.012643568217754364,0.012643568217754364,0.012643568217754364,0.0015386597951874137,0.0015386597951874137,0.0015386597951874137,0.0015386597951874137,0.004828718025237322,0.004828718025237322,0.004828718025237322,0.004828718025237322,0.00010098461643792689,0.00010098461643792689,0.00010098461643792689,0.00010098461643792689,0.00253633176907897,0.00253633176907897,0.00253633176907897,0.00253633176907897,0.005916936323046684,0.005916936323046684,0.005916936323046684,0.005916936323046684,0.001484654494561255,0.001484654494561255,0.001484654494561255,0.001484654494561255,0.005197443533688784,0.005197443533688784,0.005197443533688784,0.005197443533688784,0.44439348578453064,0.44439348578453064,0.44439348578453064,0.44439348578453064,0.0018139767926186323,0.0018139767926186323,0.0018139767926186323,0.0018139767926186323,0.0012102039763703942,0.0012102039763703942,0.0012102039763703942,0.0012102039763703942,0.03626865893602371,0.03626865893602371,0.03626865893602371,0.03626865893602371,0.001870101084932685,0.001870101084932685,0.001870101084932685,0.001870101084932685,0.0010717782424762845,0.0010717782424762845,0.0010717782424762845,0.0010717782424762845,0.0874408632516861,0.0874408632516861,0.0874408632516861,0.0874408632516861,0.0019780828151851892,0.0019780828151851892,0.0019780828151851892,0.0019780828151851892
song_58d6b7d9f8c8feebefe6c1f2e0edad83f12c28ca40a88354a70bf690997c68a2,success,emotion,classifier-panel-v1,501,1,510,376,376,92931111a3c746df0ddf0ca714379d906b7b4ab525849615801e90c2f979d464,92931111a3c746df0ddf0ca714379d906b7b4ab525849615801e90c2f979d464,0.004101017490029335,0.004101017490029335,0.004101017490029335,0.004101017490029335,0.0013666136655956507,0.0013666136655956507,0.0013666136655956507,0.0013666136655956507,0.035490311682224274,0.035490311682224274,0.035490311682224274,0.035490311682224274,0.03208423778414726,0.03208423778414726,0.03208423778414726,0.03208423778414726,0.028724299743771553,0.028724299743771553,0.028724299743771553,0.028724299743771553,0.01857742853462696,0.01857742853462696,0.01857742853462696,0.01857742853462696,0.0032453248277306557,0.0032453248277306557,0.0032453248277306557,0.0032453248277306557,0.003687717951834202,0.003687717951834202,0.003687717951834202,0.003687717951834202,0.24373862147331238,0.24373862147331238,0.24373862147331238,0.24373862147331238,0.01688031293451786,0.01688031293451786,0.01688031293451786,0.01688031293451786,0.06781277060508728,0.06781277060508728,0.06781277060508728,0.06781277060508728,0.009663364849984646,0.009663364849984646,0.009663364849984646,0.009663364849984646,0.0014197173295542598,0.0014197173295542598,0.0014197173295542598,0.0014197173295542598,0.006937967613339424,0.006937967613339424,0.006937967613339424,0.006937967613339424,0.0024501068983227015,0.0024501068983227015,0.0024501068983227015,0.0024501068983227015,0.001264056540094316,0.001264056540094316,0.001264056540094316,0.001264056540094316,0.0011231946991756558,0.0011231946991756558,0.0011231946991756558,0.0011231946991756558,0.006360236555337906,0.006360236555337906,0.006360236555337906,0.006360236555337906,0.6473315358161926,0.6473315358161926,0.6473315358161926,0.6473315358161926,0.0013443076750263572,0.0013443076750263572,0.0013443076750263572,0.0013443076750263572,0.09867119044065475,0.09867119044065475,0.09867119044065475,0.09867119044065475,0.012473907321691513,0.012473907321691513,0.012473907321691513,0.012473907321691513,0.000778629386331886,0.000778629386331886,0.000778629386331886,0.000778629386331886,0.006291535682976246,0.006291535682976246,0.006291535682976246,0.006291535682976246,0.0008269161335192621,0.0008269161335192621,0.0008269161335192621,0.0008269161335192621,0.0026281869504600763,0.0026281869504600763,0.0026281869504600763,0.0026281869504600763,0.009236472658813,0.009236472658813,0.009236472658813,0.009236472658813,0.0016225283034145832,0.0016225283034145832,0.0016225283034145832,0.0016225283034145832
song_9dbb323d50307798742301129921ec5b11ae34a454a7ed4fbbd105278a4e07c1,success,emotion,classifier-panel-v1,949,2,510,422,422,498912130234e2077b24460304ec0eb1eaf183f83a56fb0d509f34148e439803,498912130234e2077b24460304ec0eb1eaf183f83a56fb0d509f34148e439803,0.0017336037708446383,0.0015244741807691753,0.0016917778528295457,0.001524694549146494,0.004231446888297796,0.003704114118590951,0.0041259803343564275,0.003704669790634899,0.003303423523902893,0.002899755025282502,0.003222689824178815,0.0029001803872410062,0.01152762770652771,0.010551298502832651,0.011332361865788699,0.010550269704936239,0.01329993735998869,0.012764296028763056,0.013192809093743563,0.012764860455877098,0.0010323348687961698,0.000924580090213567,0.0010107839130796491,0.0009246936358179744,0.02449377067387104,0.013519612839445472,0.022298939106985927,0.013508048921811726,0.02541695348918438,0.013658770301844925,0.023065316851716488,0.01364638022472444,0.0010228294413536787,0.0008950752089731395,0.000997278594877571,0.0008952098288175868,0.004153718240559101,0.003858770476654172,0.0040947286877781154,0.003858459678167444,0.009204228408634663,0.007396175526082516,0.008842617832124233,0.007394270307028193,0.0019386793719604611,0.0018854931695386767,0.0019280421314761043,0.0018855492140090896,0.0011877493234351277,0.0010362504981458187,0.001157449558377266,0.0010360908576555244,0.0024647507816553116,0.0021893606754019856,0.0024096727604046462,0.0021896508651872894,0.001251980196684599,0.0011864429689012468,0.0012388727511279285,0.001186512028150755,0.0004852580314036459,0.0004254566883901134,0.0004732977628009394,0.00042551970350393167,0.000436615024227649,0.0004182477277936414,0.00043294156494084747,0.000418267082162908,0.0024973549880087376,0.001905556011479348,0.00237899519270286,0.0019061796141943421,0.0015900499420240521,0.0012489284563343972,0.0015218256448861212,0.0012492879099547235,0.0004691810754593462,0.00043039824231527746,0.00046142450883053244,0.0004303573752624386,0.9620257019996643,0.9453141689300537,0.9586833953857422,0.9453317785539416,0.0015538550214841962,0.0015127156511880457,0.001545627147424966,0.0015127590014201808,0.0003312483022455126,0.00024034423404373229,0.00031306748860515654,0.00024044002336744334,0.006766289006918669,0.006712447851896286,0.006755520775914192,0.006712391117275609,0.0003621747891884297,0.00031403396860696375,0.00035254662507213654,0.00031408469655278194,0.0004006979870609939,0.0003741054388228804,0.0003953794774133712,0.00037407741717036396,0.0023682613391429186,0.0021690420107915998,0.002328417473472655,0.0021692519363220013,0.0025060507468879223,0.0018885326571762562,0.002382547128945589,0.0018878819531828826
song_cba5c90b4d96ba8398dbcda9b64df8f65f27556d422548e4fd0f85d665ffee84,success,emotion,classifier-panel-v1,348,1,510,261,261,0f0c5d0e94f85af902c8bf5673de845e78be61fd175ba2a81356375dccfa9d9f,0f0c5d0e94f85af902c8bf5673de845e78be61fd175ba2a81356375dccfa9d9f,0.0520487055182457,0.0520487055182457,0.0520487055182457,0.0520487055182457,0.0016271253116428852,0.0016271253116428852,0.0016271253116428852,0.0016271253116428852,0.0073262769728899,0.0073262769728899,0.0073262769728899,0.0073262769728899,0.061636824160814285,0.061636824160814285,0.061636824160814285,0.061636824160814285,0.031214062124490738,0.031214062124490738,0.031214062124490738,0.031214062124490738,0.0005700864130631089,0.0005700864130631089,0.0005700864130631089,0.0005700864130631089,0.0051893433555960655,0.0051893433555960655,0.0051893433555960655,0.0051893433555960655,0.006189275532960892,0.006189275532960892,0.006189275532960892,0.006189275532960892,0.00199706619605422,0.00199706619605422,0.00199706619605422,0.00199706619605422,0.055360130965709686,0.055360130965709686,0.055360130965709686,0.055360130965709686,0.027623040601611137,0.027623040601611137,0.027623040601611137,0.027623040601611137,0.01135990396142006,0.01135990396142006,0.01135990396142006,0.01135990396142006,0.002742998069152236,0.002742998069152236,0.002742998069152236,0.002742998069152236,0.006888838484883308,0.006888838484883308,0.006888838484883308,0.006888838484883308,0.005182052496820688,0.005182052496820688,0.005182052496820688,0.005182052496820688,4.992881076759659e-05,4.992881076759659e-05,4.992881076759659e-05,4.992881076759659e-05,0.0007780285668559372,0.0007780285668559372,0.0007780285668559372,0.0007780285668559372,0.0020323009230196476,0.0020323009230196476,0.0020323009230196476,0.0020323009230196476,0.0019959071651101112,0.0019959071651101112,0.0019959071651101112,0.0019959071651101112,0.001619130838662386,0.001619130838662386,0.001619130838662386,0.001619130838662386,0.42655089497566223,0.42655089497566223,0.42655089497566223,0.42655089497566223,0.004126518964767456,0.004126518964767456,0.004126518964767456,0.004126518964767456,0.0010508091654628515,0.0010508091654628515,0.0010508091654628515,0.0010508091654628515,0.024042963981628418,0.024042963981628418,0.024042963981628418,0.024042963981628418,0.0006587847601622343,0.0006587847601622343,0.0006587847601622343,0.0006587847601622343,0.0002069733163807541,0.0002069733163807541,0.0002069733163807541,0.0002069733163807541,0.005566009785979986,0.005566009785979986,0.005566009785979986,0.005566009785979986,0.01754935458302498,0.01754935458302498,0.01754935458302498,0.01754935458302498
song_f1d664029f6e73d8332f2a5ef74f4733ea56bbd946340d01b4c5169b617c7d8f,success,emotion,classifier-panel-v1,465,1,510,223,223,707a7a4c8a8e2384fa24660f0cd87e8469667ce63eabf893bcbc4d64ce4d749e,707a7a4c8a8e2384fa24660f0cd87e8469667ce63eabf893bcbc4d64ce4d749e,0.0017535522347316146,0.0017535522347316146,0.0017535522347316146,0.0017535522347316146,0.002690288471058011,0.002690288471058011,0.002690288471058011,0.002690288471058011,0.0021713224705308676,0.0021713224705308676,0.0021713224705308676,0.0021713224705308676,0.009089000523090363,0.009089000523090363,0.009089000523090363,0.009089000523090363,0.022503597661852837,0.022503597661852837,0.022503597661852837,0.022503597661852837,0.0011437301291152835,0.0011437301291152835,0.0011437301291152835,0.0011437301291152835,0.0022231540642678738,0.0022231540642678738,0.0022231540642678738,0.0022231540642678738,0.001458688173443079,0.001458688173443079,0.001458688173443079,0.001458688173443079,0.0010630185715854168,0.0010630185715854168,0.0010630185715854168,0.0010630185715854168,0.0036789877340197563,0.0036789877340197563,0.0036789877340197563,0.0036789877340197563,0.0072624958120286465,0.0072624958120286465,0.0072624958120286465,0.0072624958120286465,0.00197879271581769,0.00197879271581769,0.00197879271581769,0.00197879271581769,0.0007201129337772727,0.0007201129337772727,0.0007201129337772727,0.0007201129337772727,0.001669830409809947,0.001669830409809947,0.001669830409809947,0.001669830409809947,0.0009312242036685348,0.0009312242036685348,0.0009312242036685348,0.0009312242036685348,0.0005281948251649737,0.0005281948251649737,0.0005281948251649737,0.0005281948251649737,0.00037550891283899546,0.00037550891283899546,0.00037550891283899546,0.00037550891283899546,0.0018243497470393777,0.0018243497470393777,0.0018243497470393777,0.0018243497470393777,0.0015047336928546429,0.0015047336928546429,0.0015047336928546429,0.0015047336928546429,0.0002992249792441726,0.0002992249792441726,0.0002992249792441726,0.0002992249792441726,0.9564173817634583,0.9564173817634583,0.9564173817634583,0.9564173817634583,0.0017247069627046585,0.0017247069627046585,0.0017247069627046585,0.0017247069627046585,0.0003150594129692763,0.0003150594129692763,0.0003150594129692763,0.0003150594129692763,0.008106648921966553,0.008106648921966553,0.008106648921966553,0.008106648921966553,0.00041090339072979987,0.00041090339072979987,0.00041090339072979987,0.00041090339072979987,0.0003544711507856846,0.0003544711507856846,0.0003544711507856846,0.0003544711507856846,0.002286781556904316,0.002286781556904316,0.002286781556904316,0.002286781556904316,0.0008334764279425144,0.0008334764279425144,0.0008334764279425144,0.0008334764279425144
song_9516d36aedd98b099b12edb7e8583f29c12aa762b3a6497bc93b0b23acf9f418,success,emotion,classifier-panel-v1,1110,3,510,763,763,923c9d18597ae9bf98accaaef9ce0350303a7a5d7da2786c1a43e1175aae3f07,923c9d18597ae9bf98accaaef9ce0350303a7a5d7da2786c1a43e1175aae3f07,0.0030797997023910284,0.0016457280920197566,0.0026515901903621853,0.0016457280920197566,0.004585045389831066,0.0035567243273059526,0.00448924619704485,0.0035567243273059526,0.1321207880973816,0.0671052560210228,0.11532353907823563,0.0671052560210228,0.16855689883232117,0.10039618487159412,0.1562732130289078,0.10039618487159412,0.02399859018623829,0.019451272673904896,0.023673531040549277,0.019451272673904896,0.027829891070723534,0.020613892003893852,0.026835737749934196,0.020613892003893852,0.005139162763953209,0.0038101117437084517,0.00482762991450727,0.0038101117437084517,0.006768722087144852,0.0047317555484672385,0.0063073945231735705,0.0047317555484672385,0.007993048056960106,0.005254198020944993,0.007259657885879279,0.005254198020944993,0.0965745821595192,0.08670766154925029,0.09481029808521271,0.08670766154925029,0.06331099569797516,0.038982302571336426,0.05639691166579723,0.038982302571336426,0.01523576769977808,0.012628733490904173,0.014955015853047371,0.012628733490904173,0.03428509458899498,0.025359278544783592,0.03172696717083454,0.025359278544783592,0.0015573707642033696,0.0009953936872382958,0.001397947908844799,0.0009953936872382958,0.0027772432658821344,0.0025181466868768134,0.002751631382852793,0.0025181466868768134,0.0033155789133161306,0.0024321920160825052,0.003126522246748209,0.0024321920160825052,0.010750237852334976,0.007031361262003581,0.009637202229350807,0.007031361262003581,0.0035973726771771908,0.0023064068906630078,0.003227189020253718,0.0023064068906630078,0.050117719918489456,0.018288925833379228,0.04058493673801422,0.018288925833379228,0.0049743568524718285,0.0037647110099593797,0.004659970151260495,0.0037647110099593797,0.06958194077014923,0.052617806320389114,0.06891754418611526,0.052617806320389114,0.007238426245748997,0.005231218567738931,0.0066968590952456,0.005231218567738931,0.0006545399664901197,0.0005759427634378275,0.0006367653724737466,0.0005759427634378275,0.014521719887852669,0.014378496756156286,0.014496688917279243,0.014378496756156286,0.001968411495909095,0.0014775920814524095,0.001826293976046145,0.0014775920814524095,0.7289562821388245,0.45179782807826996,0.6682482421398163,0.45179782807826996,0.5212429761886597,0.39680883288383484,0.4854365885257721,0.39680883288383484,0.000981199904344976,0.0006904726615175605,0.0008969885180704296,0.0006904726615175605
song_cffa8f01b4504b05fce295326727af806635a4c532bd69e16f74e64a773bfaf9,success,emotion,classifier-panel-v1,563,2,510,407,407,dfff6295d42447d8fbc43753581b443868a40863987eb0f7fd91cce37dc88175,dfff6295d42447d8fbc43753581b443868a40863987eb0f7fd91cce37dc88175,0.0027769131120294333,0.0017991571221500635,0.0025813619140535593,0.0017974204330028533,0.002321264473721385,0.0018938523717224598,0.0022357820533216,0.0018930932028023908,0.03113705664873123,0.01760651101358235,0.028430947521701454,0.017630543954319736,0.035919658839702606,0.022154996171593666,0.03316672630608082,0.022179444950755495,0.03185174614191055,0.0220350818708539,0.029888413287699225,0.02201764552223746,0.020459316670894623,0.014308471232652664,0.01922914758324623,0.014319396357764995,0.0018953589024022222,0.0016606365679763258,0.0018484144355170428,0.001661053481536585,0.0016288108890876174,0.0015033743693493307,0.00160372358513996,0.0015035971695620096,0.07453857362270355,0.039348992286249995,0.06750065735541284,0.039411495983117585,0.02046455815434456,0.011515215039253235,0.018674689531326293,0.011531110852956772,0.019565455615520477,0.01112954260315746,0.017878273013047875,0.011144526462859704,0.006440210621803999,0.004155113478191197,0.0059831911930814385,0.004159172265302409,0.0011629558866843581,0.0008124423038680106,0.0010928531701210886,0.0008130648857202599,0.0019692471250891685,0.0015686199767515063,0.0018891216954216362,0.0015679083832375851,0.003169133560732007,0.0020546386076603085,0.0029462345701176673,0.0020566181724082154,0.0005210163653828204,0.0004935736942570657,0.0005155278311576694,0.000493622437900273,0.0013219568645581603,0.0008682639891048893,0.001231218289467506,0.0008690698379067601,0.0028282259590923786,0.0025263598654419184,0.0027678527403622866,0.002525823691208081,0.07940591126680374,0.051592023111879826,0.07384313363581896,0.0516414261103788,0.0011000224621966481,0.0007038236508378759,0.0010207826999248937,0.0007045273787443747,0.948304295539856,0.7594054043292999,0.9105245172977448,0.7590698823200449,0.0544414222240448,0.030354689341038465,0.04962407564744353,0.030397472170315566,0.00046569734695367515,0.00043273039045743644,0.00045910395565442743,0.00043278894633043153,0.00664827274158597,0.006047333357855678,0.0065280848648399115,0.006048400745748627,0.000533225538674742,0.00048515347589273006,0.0005236111261183396,0.00048523886143941213,0.0041214469820261,0.0023628236958757043,0.003769722324796021,0.0023659473606823657,0.018675198778510094,0.010108877439051867,0.016961934510618448,0.010124092929885718,0.0006221406511031091,0.0005656609719153494,0.0006108447152655572,0.0005657612910613312
song_5b6151e450109eb89d22335df7f3d97858a0b0d0e06a7b9670968701042ab43e,success,emotion,classifier-panel-v1,914,2,510,616,616,73dcfe41835d5c2ae3b7804869eaa40ac2e76b106689b5d585a75232e55b1270,73dcfe41835d5c2ae3b7804869eaa40ac2e76b106689b5d585a75232e55b1270,0.00482433196157217,0.0036242979113012552,0.004584325151517988,0.0036242979113012552,0.0014525419101119041,0.0013521573273465037,0.001432464993558824,0.0013521573273465037,0.37558937072753906,0.1973850168287754,0.33994849994778636,0.1973850168287754,0.2839012145996094,0.1511961380019784,0.2573601992800832,0.1511961380019784,0.01299025397747755,0.010805023368448019,0.012553207855671645,0.010805023368448019,0.047961924225091934,0.02900301292538643,0.04417014196515084,0.02900301292538643,0.03982425108551979,0.025923926383256912,0.037044186145067215,0.025923926383256912,0.11752736568450928,0.06879483256489038,0.1077808590605855,0.06879483256489038,0.10129132121801376,0.07353474013507366,0.09574000500142574,0.07353474013507366,0.20211926102638245,0.11776057258248329,0.1852475233376026,0.11776057258248329,0.04521002620458603,0.026753028389066458,0.04151862664148211,0.026753028389066458,0.02453397773206234,0.013741690199822187,0.02237552022561431,0.013741690199822187,0.008628464303910732,0.005818740697577596,0.008066519582644104,0.005818740697577596,0.03338651731610298,0.01907068700529635,0.030523351253941657,0.01907068700529635,0.08880597352981567,0.0475557679310441,0.08055593241006136,0.0475557679310441,0.0007396462606266141,0.0005615104164462537,0.000704019091790542,0.0005615104164462537,0.004342221189290285,0.004092875402420759,0.00429235203191638,0.004092875402420759,0.009538996033370495,0.007027562707662582,0.009036709368228913,0.007027562707662582,0.2615399658679962,0.2075028494000435,0.2507325425744057,0.2075028494000435,0.04684535041451454,0.02676240261644125,0.04282876085489989,0.02676240261644125,0.06185951828956604,0.0494244210422039,0.059372498840093615,0.0494244210422039,0.17171382904052734,0.09114452870562673,0.15559996897354722,0.09114452870562673,0.0011748871766030788,0.0010387428337708116,0.0011476583080366255,0.0010387428337708116,0.019009720534086227,0.015072911977767944,0.01822235882282257,0.015072911977767944,0.0024466083850711584,0.0017090873734559864,0.002299104182748124,0.0017090873734559864,0.018099073320627213,0.012005533557385206,0.016880365367978812,0.012005533557385206,0.128750279545784,0.07696936279535294,0.11839409619569778,0.07696936279535294,0.12228405475616455,0.06443068850785494,0.11071338150650263,0.06443068850785494
song_664173d13f04a2a5f88c02ccd3d38716d26298f2fac6ddfcf6de0871346f004e,success,emotion,classifier-panel-v1,968,2,510,649,649,a68507300ddffd3b9127b4e8b48fc0ba18b73bb9f9506566f07c5f109d5bd750,a68507300ddffd3b9127b4e8b48fc0ba18b73bb9f9506566f07c5f109d5bd750,0.001408203737810254,0.0009392100910190493,0.0013144050084520132,0.0009392100910190493,0.0021178910974413157,0.0015448722406290472,0.002003287326078862,0.0015448722406290472,0.08476710319519043,0.048205654602497816,0.07745481347665191,0.048205654602497816,0.2088070958852768,0.18183956295251846,0.20341358929872513,0.18183956295251846,0.01275666430592537,0.011483182199299335,0.012501967884600163,0.011483182199299335,0.0016608387231826782,0.0014112833887338638,0.0016109276562929153,0.0014112833887338638,0.02258031629025936,0.01545389462262392,0.021155031956732274,0.01545389462262392,0.05496475100517273,0.03003081399947405,0.049977963604033,0.03003081399947405,0.0016177123179659247,0.0013039263430982828,0.0015549551229923964,0.0013039263430982828,0.09290044754743576,0.05256496835500002,0.08483335170894861,0.05256496835500002,0.050365105271339417,0.030959944240748882,0.04648407306522131,0.030959944240748882,0.01301141083240509,0.010465788654983044,0.012502286396920682,0.010465788654983044,0.0109851760789752,0.006918598082847893,0.01017186047974974,0.006918598082847893,0.0008142309379763901,0.000767386140068993,0.0008048619783949107,0.000767386140068993,0.006904148496687412,0.004392899398226291,0.006401898676995188,0.004392899398226291,0.0001227414031745866,0.00011793533121817745,0.00012178018878330476,0.00011793533121817745,0.0013306767214089632,0.0009208422270603478,0.00124870982253924,0.0009208422270603478,0.0008824692340567708,0.0007098113710526377,0.0008479376614559443,0.0007098113710526377,0.0005131607758812606,0.0004238079709466547,0.0004952902148943394,0.0004238079709466547,0.005448946729302406,0.0030530890508089215,0.0049697751936037095,0.0030530890508089215,0.7164357304573059,0.679660975933075,0.7090807795524597,0.679660975933075,0.002386601874604821,0.0020486898720264435,0.002319019474089146,0.0020486898720264435,0.0003387856122571975,0.0002523838702472858,0.00032150526385521516,0.0002523838702472858,0.029454275965690613,0.01756085571832955,0.0270755919162184,0.01756085571832955,0.0008309681434184313,0.0004916468533338048,0.000763103885401506,0.0004916468533338048,0.0009231418953277171,0.0005737161409342661,0.0008532567444490269,0.0005737161409342661,0.024889543652534485,0.014034591498784721,0.022718553221784534,0.014034591498784721,0.00405203178524971,0.003499351441860199,0.003941495716571808,0.003499351441860199
song_90fa6eda34632da86df5a152c10fd3e9b281052a2a3c6c568a90c8d9a6627b50,success,emotion,classifier-panel-v1,576,2,510,389,389,7284d6b9a7843bc15021d573dc6807d4f8654be6c7043992c5be0829bb5d684d,7284d6b9a7843bc15021d573dc6807d4f8654be6c7043992c5be0829bb5d684d,0.009594026021659374,0.00897076353430748,0.009469373524188996,0.00897076353430748,0.0023374499287456274,0.001953531231265515,0.002260666189249605,0.001953531231265515,0.003416009247303009,0.003238400793634355,0.0033804875565692782,0.003238400793634355,0.006665479391813278,0.005341144977137446,0.0064006125088781115,0.005341144977137446,0.10589664429426193,0.07817601971328259,0.10035251937806607,0.07817601971328259,0.09628059715032578,0.061183469370007515,0.08926117159426213,0.061183469370007515,0.002089486923068762,0.0018143166089430451,0.0020344528602436185,0.0018143166089430451,0.005024049896746874,0.004556863801553845,0.004930612677708268,0.004556863801553845,0.4666711091995239,0.3161173462867737,0.4365603566169739,0.3161173462867737,0.0054700942710042,0.003891825210303068,0.005154440458863974,0.003891825210303068,0.0034083593636751175,0.0032948332373052835,0.003385654138401151,0.0032948332373052835,0.0026599448174238205,0.001934356929268688,0.002514827239792794,0.001934356929268688,0.0005810548318549991,0.000447301848907955,0.0005543042352655903,0.000447301848907955,0.0180587749928236,0.01365634799003601,0.017178289592266083,0.01365634799003601,0.0012941263848915696,0.0012939636944793165,0.001294093846809119,0.0012939636944793165,0.002916267141699791,0.0027777531649917364,0.00288856434635818,0.0027777531649917364,0.000851611839607358,0.0007427289092447609,0.0008298352535348385,0.0007427289092447609,0.026113057509064674,0.0210429560393095,0.02509903721511364,0.0210429560393095,0.745895266532898,0.7163810133934021,0.7399924159049988,0.7163810133934021,0.00132408004719764,0.0011125070741400123,0.0012817654525861144,0.0011125070741400123,0.12271636724472046,0.09672901779413223,0.11751889735460282,0.09672901779413223,0.13629509508609772,0.08039337396621704,0.1251147508621216,0.08039337396621704,0.0009810597402974963,0.0008896892250049859,0.0009627856372389943,0.0008896892250049859,0.0053324452601373196,0.004924317356199026,0.005250819679349661,0.004924317356199026,0.0014252917608246207,0.0013498311745934188,0.0014101996435783803,0.0013498311745934188,0.002015298930928111,0.001831650035455823,0.0019785691518336536,0.001831650035455823,0.005732621531933546,0.0038767665391787887,0.005361450533382595,0.0038767665391787887,0.0011893275659531355,0.0009289165027439594,0.0011372453533113002,0.0009289165027439594
song_bf360f56da3572e8620b9132cd3751862eec7362dcce1703b91d8655dd4c76b3,success,emotion,classifier-panel-v1,415,1,510,287,287,143ba3004e847875a9a8afca8d9e6608f67773c1caf187da45f9bf4570f27d82,143ba3004e847875a9a8afca8d9e6608f67773c1caf187da45f9bf4570f27d82,0.0008684814674779773,0.0008684814674779773,0.0008684814674779773,0.0008684814674779773,0.002082568360492587,0.002082568360492587,0.002082568360492587,0.002082568360492587,0.007893702015280724,0.007893702015280724,0.007893702015280724,0.007893702015280724,0.05502386763691902,0.05502386763691902,0.05502386763691902,0.05502386763691902,0.009424000978469849,0.009424000978469849,0.009424000978469849,0.009424000978469849,0.005637528840452433,0.005637528840452433,0.005637528840452433,0.005637528840452433,0.2510409951210022,0.2510409951210022,0.2510409951210022,0.2510409951210022,0.0681726485490799,0.0681726485490799,0.0681726485490799,0.0681726485490799,0.13102467358112335,0.13102467358112335,0.13102467358112335,0.13102467358112335,0.12881165742874146,0.12881165742874146,0.12881165742874146,0.12881165742874146,0.015169176273047924,0.015169176273047924,0.015169176273047924,0.015169176273047924,0.006432861555367708,0.006432861555367708,0.006432861555367708,0.006432861555367708,0.006014703772962093,0.006014703772962093,0.006014703772962093,0.006014703772962093,0.003155573271214962,0.003155573271214962,0.003155573271214962,0.003155573271214962,0.028149394318461418,0.028149394318461418,0.028149394318461418,0.028149394318461418,0.00038118433440104127,0.00038118433440104127,0.00038118433440104127,0.00038118433440104127,0.0035659349523484707,0.0035659349523484707,0.0035659349523484707,0.0035659349523484707,0.003458533901721239,0.003458533901721239,0.003458533901721239,0.003458533901721239,0.004085645545274019,0.004085645545274019,0.004085645545274019,0.004085645545274019,0.04219553619623184,0.04219553619623184,0.04219553619623184,0.04219553619623184,0.16850994527339935,0.16850994527339935,0.16850994527339935,0.16850994527339935,0.01408213097602129,0.01408213097602129,0.01408213097602129,0.01408213097602129,0.0005118335247971117,0.0005118335247971117,0.0005118335247971117,0.0005118335247971117,0.02446080558001995,0.02446080558001995,0.02446080558001995,0.02446080558001995,0.0015218411572277546,0.0015218411572277546,0.0015218411572277546,0.0015218411572277546,0.007833977229893208,0.007833977229893208,0.007833977229893208,0.007833977229893208,0.08003474771976471,0.08003474771976471,0.08003474771976471,0.08003474771976471,0.006044275593012571,0.006044275593012571,0.006044275593012571,0.006044275593012571
song_7b39fa8565b77206c6f3d1bb4aa7b3ff89f36a80a58190cf6714a3a2ce1ba216,success,emotion,classifier-panel-v1,587,2,510,263,263,e49a07d7cb2bc1cea1b3bf06b29d2ea0a3bf48231381230b778be27cfed8c14a,e49a07d7cb2bc1cea1b3bf06b29d2ea0a3bf48231381230b778be27cfed8c14a,0.001699895248748362,0.0015528489602729678,0.0016704859910532833,0.0015530994650233517,0.0036748338025063276,0.003505971049889922,0.0036410612519830465,0.003506258720678025,0.0026173177175223827,0.0025461441837251186,0.00260308301076293,0.002546022934093437,0.00814982783049345,0.008126890752464533,0.008145240414887667,0.008126851677374194,0.018152041360735893,0.016486690379679203,0.017818971164524557,0.016489527434161412,0.0014283538330346346,0.001336707966402173,0.0014100246597081422,0.001336864092239707,0.024394383653998375,0.013431356521323323,0.022201778227463366,0.013412680154828136,0.04540101811289787,0.02394916338380426,0.04111064716707915,0.023912618486480422,0.001508651184849441,0.0013624842395074666,0.0014794177957810461,0.0013627332462286623,0.0026475589256733656,0.0023766346275806427,0.002593374066054821,0.0023770961681225384,0.003208329202607274,0.0031199632212519646,0.003190656006336212,0.003120113759550696,0.0015322844265028834,0.0014263367629610002,0.0015110948937945069,0.0014265172530181414,0.0006978371529839933,0.0006976519944146276,0.0006978001212701202,0.0006976523098466026,0.003085241885855794,0.00298745883628726,0.003065685275942087,0.0029876254172916355,0.001085291733033955,0.0010586121352389455,0.0010799558134749533,0.001058657586001799,0.0004370372334960848,0.00036574584373738617,0.0004227789555443451,0.0003658672941458337,0.00038879987550899386,0.0003659685462480411,0.00038423360965680333,0.00036600744118715686,0.0029824248049408197,0.0023814401938579977,0.0028622278827242554,0.0023824640177269635,0.0016109953867271543,0.0015805177972652018,0.0016048998688347638,0.0015805697182012528,0.0004241401911713183,0.00040881156746763736,0.0004210744664305821,0.00040878545396899396,0.9601424336433411,0.9444233179092407,0.956998610496521,0.9444500966413261,0.0020726406946778297,0.0020690273959189653,0.0020719180349260567,0.002069033551453478,0.0003467481001280248,0.00024901422148104757,0.0003272013243986294,0.00024918071871894704,0.006421214435249567,0.005776725243777037,0.006292316596955061,0.005777823181070857,0.0004269841592758894,0.0003493746626190841,0.0004114622599445284,0.0003495068764123666,0.0003497842117212713,0.0003406138712307438,0.0003479501436231658,0.000340629493616588,0.001996896928176284,0.0017184719908982515,0.0019412119407206775,0.0017189463093603948,0.0023306943476200104,0.0017101470730267465,0.0022065848927013574,0.0017090899226441345
song_57b6fb5de42d0b76a982ad6d6b780aa368d65adfecd872c1522c7c3660a04cb4,success,emotion,classifier-panel-v1,413,1,510,287,287,2a1cbd8ba1febade322795616e7c03696b175c24cbbc68aa00cceea3136f42d5,2a1cbd8ba1febade322795616e7c03696b175c24cbbc68aa00cceea3136f42d5,0.0007599761011078954,0.0007599761011078954,0.0007599761011078954,0.0007599761011078954,0.0018730075098574162,0.0018730075098574162,0.0018730075098574162,0.0018730075098574162,0.004604636691510677,0.004604636691510677,0.004604636691510677,0.004604636691510677,0.027475615963339806,0.027475615963339806,0.027475615963339806,0.027475615963339806,0.007687447592616081,0.007687447592616081,0.007687447592616081,0.007687447592616081,0.00470671895891428,0.00470671895891428,0.00470671895891428,0.00470671895891428,0.20994316041469574,0.20994316041469574,0.20994316041469574,0.20994316041469574,0.1653025597333908,0.1653025597333908,0.1653025597333908,0.1653025597333908,0.00456203892827034,0.00456203892827034,0.00456203892827034,0.00456203892827034,0.08579544723033905,0.08579544723033905,0.08579544723033905,0.08579544723033905,0.008001328445971012,0.008001328445971012,0.008001328445971012,0.008001328445971012,0.0031968546099960804,0.0031968546099960804,0.0031968546099960804,0.0031968546099960804,0.005253809969872236,0.005253809969872236,0.005253809969872236,0.005253809969872236,0.0016056860331445932,0.0016056860331445932,0.0016056860331445932,0.0016056860331445932,0.011184895411133766,0.011184895411133766,0.011184895411133766,0.011184895411133766,0.00018279417417943478,0.00018279417417943478,0.00018279417417943478,0.00018279417417943478,0.005905976984649897,0.005905976984649897,0.005905976984649897,0.005905976984649897,0.002006915397942066,0.002006915397942066,0.002006915397942066,0.002006915397942066,0.0028272198978811502,0.0028272198978811502,0.0028272198978811502,0.0028272198978811502,0.014809389598667622,0.014809389598667622,0.014809389598667622,0.014809389598667622,0.424017071723938,0.424017071723938,0.424017071723938,0.424017071723938,0.004526935983449221,0.004526935983449221,0.004526935983449221,0.004526935983449221,0.00022595084737986326,0.00022595084737986326,0.00022595084737986326,0.00022595084737986326,0.035587128251791,0.035587128251791,0.035587128251791,0.035587128251791,0.001177717582322657,0.001177717582322657,0.001177717582322657,0.001177717582322657,0.004850742407143116,0.004850742407143116,0.004850742407143116,0.004850742407143116,0.17732195556163788,0.17732195556163788,0.17732195556163788,0.17732195556163788,0.018411314114928246,0.018411314114928246,0.018411314114928246,0.018411314114928246
song_341d5e61c3771b2583160580b52ebf1a8e95798d167c3120383be6d5c367dcd6,success,emotion,classifier-panel-v1,508,1,510,309,309,d38187f87450181baaa04b673014ad72b552e6a6b1ed0343f1a2528c50b44acc,d38187f87450181baaa04b673014ad72b552e6a6b1ed0343f1a2528c50b44acc,0.007418945897370577,0.007418945897370577,0.007418945897370577,0.007418945897370577,0.35244855284690857,0.35244855284690857,0.35244855284690857,0.35244855284690857,0.013887722976505756,0.013887722976505756,0.013887722976505756,0.013887722976505756,0.02694832906126976,0.02694832906126976,0.02694832906126976,0.02694832906126976,0.026754304766654968,0.026754304766654968,0.026754304766654968,0.026754304766654968,0.00374476402066648,0.00374476402066648,0.00374476402066648,0.00374476402066648,0.02741643600165844,0.02741643600165844,0.02741643600165844,0.02741643600165844,0.1989622414112091,0.1989622414112091,0.1989622414112091,0.1989622414112091,0.002278958447277546,0.002278958447277546,0.002278958447277546,0.002278958447277546,0.0034701493568718433,0.0034701493568718433,0.0034701493568718433,0.0034701493568718433,0.010527228936553001,0.010527228936553001,0.010527228936553001,0.010527228936553001,0.003421451896429062,0.003421451896429062,0.003421451896429062,0.003421451896429062,0.002117607044056058,0.002117607044056058,0.002117607044056058,0.002117607044056058,0.005688460078090429,0.005688460078090429,0.005688460078090429,0.005688460078090429,0.001215580734424293,0.001215580734424293,0.001215580734424293,0.001215580734424293,0.0001505593681940809,0.0001505593681940809,0.0001505593681940809,0.0001505593681940809,0.0005199244478717446,0.0005199244478717446,0.0005199244478717446,0.0005199244478717446,0.027017273008823395,0.027017273008823395,0.027017273008823395,0.027017273008823395,0.05752190575003624,0.05752190575003624,0.05752190575003624,0.05752190575003624,0.0008784412057138979,0.0008784412057138979,0.0008784412057138979,0.0008784412057138979,0.30952978134155273,0.30952978134155273,0.30952978134155273,0.30952978134155273,0.003971905913203955,0.003971905913203955,0.003971905913203955,0.003971905913203955,0.0002711054985411465,0.0002711054985411465,0.0002711054985411465,0.0002711054985411465,0.0062939925119280815,0.0062939925119280815,0.0062939925119280815,0.0062939925119280815,0.0006723688566125929,0.0006723688566125929,0.0006723688566125929,0.0006723688566125929,0.0008585528121329844,0.0008585528121329844,0.0008585528121329844,0.0008585528121329844,0.002353871241211891,0.002353871241211891,0.002353871241211891,0.002353871241211891,0.0017318816389888525,0.0017318816389888525,0.0017318816389888525,0.0017318816389888525
song_c0eeb4729f1ae33d58424899c3c15392241f8e296e88cad503bcb8fe60060eed,success,emotion,classifier-panel-v1,822,2,510,529,529,825aed9c3ddaacfe2ec7af2790bd49e976e997f4c94ce36e7be314b7c097ac56,825aed9c3ddaacfe2ec7af2790bd49e976e997f4c94ce36e7be314b7c097ac56,0.011804590933024883,0.00682282610796392,0.010808237968012691,0.00682282610796392,0.007188436575233936,0.0057946613524109125,0.006909681530669332,0.0057946613524109125,0.11698228865861893,0.09100125730037689,0.11178608238697052,0.09100125730037689,0.289235919713974,0.28537166118621826,0.28846306800842286,0.28537166118621826,0.058012112975120544,0.04175714496523142,0.05476111937314272,0.04175714496523142,0.0016762303421273828,0.0015041918377391994,0.001641822641249746,0.0015041918377391994,0.012732966803014278,0.007567745866253972,0.011699922615662217,0.007567745866253972,0.025097796693444252,0.013928184285759926,0.022863874211907387,0.013928184285759926,0.001962961396202445,0.0017560153501108289,0.0019215721869841218,0.0017560153501108289,0.012264803983271122,0.011008359026163816,0.012013514991849661,0.011008359026163816,0.03508063033223152,0.021036346442997456,0.03227177355438471,0.021036346442997456,0.02616698294878006,0.018062266521155834,0.024546039663255213,0.018062266521155834,0.002795575186610222,0.0024186966475099325,0.002720199478790164,0.0024186966475099325,0.0052328710444271564,0.00400175154209137,0.004986647143959999,0.00400175154209137,0.0019474178552627563,0.00156876421533525,0.001871687127277255,0.00156876421533525,0.00010030647536041215,9.396619498147629e-05,9.903841928462497e-05,9.396619498147629e-05,0.00032530585303902626,0.0003075189742958173,0.00032174847729038447,0.0003075189742958173,0.0024736514315009117,0.0024304076796397567,0.002465002681128681,0.0024304076796397567,0.004225048236548901,0.0024258182384073734,0.0038652022369205954,0.0024258182384073734,0.0006300191162154078,0.0006072510732337832,0.0006254655076190829,0.0006072510732337832,0.6936079859733582,0.5400562286376953,0.6628976345062256,0.5400562286376953,0.003988325130194426,0.0033062401926144958,0.0038519081426784396,0.0033062401926144958,0.0006034134421497583,0.0005903086857870221,0.0006007924908772111,0.0005903086857870221,0.008228832855820656,0.007579804863780737,0.008099027257412673,0.007579804863780737,0.00041982473339885473,0.0003814476076513529,0.0004121493082493544,0.0003814476076513529,0.00020075842621736228,0.00017395205941284075,0.00019539715285645797,0.00017395205941284075,0.0013941049110144377,0.001268629392143339,0.0013690098072402178,0.001268629392143339,0.0038933390751481056,0.0027940647560171783,0.0036734842113219203,0.0027940647560171783
song_cb60240680fd61f42fe313701e8d2b29be19573c172c701900be7999b84fb987,success,emotion,classifier-panel-v1,295,1,510,208,208,0434f473634fc26d2e9246d9109d6ea91657543f2445646e85edf53fc0fd7f5a,0434f473634fc26d2e9246d9109d6ea91657543f2445646e85edf53fc0fd7f5a,0.009202410466969013,0.009202410466969013,0.009202410466969013,0.009202410466969013,0.0017164201708510518,0.0017164201708510518,0.0017164201708510518,0.0017164201708510518,0.013023456558585167,0.013023456558585167,0.013023456558585167,0.013023456558585167,0.023183131590485573,0.023183131590485573,0.023183131590485573,0.023183131590485573,0.035878922790288925,0.035878922790288925,0.035878922790288925,0.035878922790288925,0.02224246971309185,0.02224246971309185,0.02224246971309185,0.02224246971309185,0.07511492818593979,0.07511492818593979,0.07511492818593979,0.07511492818593979,0.045320749282836914,0.045320749282836914,0.045320749282836914,0.045320749282836914,0.012877984903752804,0.012877984903752804,0.012877984903752804,0.012877984903752804,0.2869514524936676,0.2869514524936676,0.2869514524936676,0.2869514524936676,0.0494844913482666,0.0494844913482666,0.0494844913482666,0.0494844913482666,0.004953896161168814,0.004953896161168814,0.004953896161168814,0.004953896161168814,0.0060217236168682575,0.0060217236168682575,0.0060217236168682575,0.0060217236168682575,0.004594705067574978,0.004594705067574978,0.004594705067574978,0.004594705067574978,0.010431969538331032,0.010431969538331032,0.010431969538331032,0.010431969538331032,0.000603815889917314,0.000603815889917314,0.000603815889917314,0.000603815889917314,0.010306875221431255,0.010306875221431255,0.010306875221431255,0.010306875221431255,0.008549191989004612,0.008549191989004612,0.008549191989004612,0.008549191989004612,0.6843246817588806,0.6843246817588806,0.6843246817588806,0.6843246817588806,0.02067067101597786,0.02067067101597786,0.02067067101597786,0.02067067101597786,0.035805534571409225,0.035805534571409225,0.035805534571409225,0.035805534571409225,0.010548543184995651,0.010548543184995651,0.010548543184995651,0.010548543184995651,0.0007215826772153378,0.0007215826772153378,0.0007215826772153378,0.0007215826772153378,0.030101267620921135,0.030101267620921135,0.030101267620921135,0.030101267620921135,0.0027238905895501375,0.0027238905895501375,0.0027238905895501375,0.0027238905895501375,0.046714190393686295,0.046714190393686295,0.046714190393686295,0.046714190393686295,0.46858659386634827,0.46858659386634827,0.46858659386634827,0.46858659386634827,0.008255431428551674,0.008255431428551674,0.008255431428551674,0.008255431428551674
song_685e4dd20b5670c8c388340a9c8da88eade91a4734f2035e159fd6818dcb01ff,success,emotion,classifier-panel-v1,387,1,510,277,277,5e2fef94d09821a13dfe35e2896fd5a72c16694ba3702d93cf32b121632f4a31,5e2fef94d09821a13dfe35e2896fd5a72c16694ba3702d93cf32b121632f4a31,0.0015535095008090138,0.0015535095008090138,0.0015535095008090138,0.0015535095008090138,0.001136931125074625,0.001136931125074625,0.001136931125074625,0.001136931125074625,0.0009442550363019109,0.0009442550363019109,0.0009442550363019109,0.0009442550363019109,0.007652787491679192,0.007652787491679192,0.007652787491679192,0.007652787491679192,0.012164393439888954,0.012164393439888954,0.012164393439888954,0.012164393439888954,0.0006433106027543545,0.0006433106027543545,0.0006433106027543545,0.0006433106027543545,0.0965503677725792,0.0965503677725792,0.0965503677725792,0.0965503677725792,0.009005947969853878,0.009005947969853878,0.009005947969853878,0.009005947969853878,0.001332164159975946,0.001332164159975946,0.001332164159975946,0.001332164159975946,0.013450774364173412,0.013450774364173412,0.013450774364173412,0.013450774364173412,0.008593919686973095,0.008593919686973095,0.008593919686973095,0.008593919686973095,0.001232034177519381,0.001232034177519381,0.001232034177519381,0.001232034177519381,0.0016702755820006132,0.0016702755820006132,0.0016702755820006132,0.0016702755820006132,0.0025812184903770685,0.0025812184903770685,0.0025812184903770685,0.0025812184903770685,0.0018940133741125464,0.0018940133741125464,0.0018940133741125464,0.0018940133741125464,0.0006343681598082185,0.0006343681598082185,0.0006343681598082185,0.0006343681598082185,0.0007098513306118548,0.0007098513306118548,0.0007098513306118548,0.0007098513306118548,0.0018864385783672333,0.0018864385783672333,0.0018864385783672333,0.0018864385783672333,0.0010959869250655174,0.0010959869250655174,0.0010959869250655174,0.0010959869250655174,0.001654587802477181,0.001654587802477181,0.001654587802477181,0.001654587802477181,0.874829888343811,0.874829888343811,0.874829888343811,0.874829888343811,0.005079173948615789,0.005079173948615789,0.005079173948615789,0.005079173948615789,0.00035968399606645107,0.00035968399606645107,0.00035968399606645107,0.00035968399606645107,0.06272310763597488,0.06272310763597488,0.06272310763597488,0.06272310763597488,0.0008339273044839501,0.0008339273044839501,0.0008339273044839501,0.0008339273044839501,0.0007536526536568999,0.0007536526536568999,0.0007536526536568999,0.0007536526536568999,0.0035951840691268444,0.0035951840691268444,0.0035951840691268444,0.0035951840691268444,0.017877675592899323,0.017877675592899323,0.017877675592899323,0.017877675592899323
