song_id,status,model,classifier_version,content_token_count,chunk_count,content_budget,source_words,normalized_words,lyrics_sha256,normalized_sha256,explicit_language__max,explicit_language__mean,explicit_language__q90,explicit_language__token_weighted_mean,sexual__max,sexual__mean,sexual__q90,sexual__token_weighted_mean,substance__max,substance__mean,substance__q90,substance__token_weighted_mean,violence__max,violence__mean,violence__q90,violence__token_weighted_mean
song_0aed0baea9ae5d346cf2c42de2f92d7bd81418aa8269b3f685d489fdbf4cc08d,success,lyriclens,classifier-panel-v1,181,1,1022,166,171,a758d51e8542965b29d94239cf11464d8708545f2591e4c62af4e54e75af85a2,1ec9d86140b6a86a7d64d0838b04f219466a844f4f45095ccdb23031a0be3ad2,0.018540220335125923,0.018540220335125923,0.018540220335125923,0.018540220335125923,0.6315861940383911,0.6315861940383911,0.6315861940383911,0.6315861940383911,0.0024292112793773413,0.0024292112793773413,0.0024292112793773413,0.0024292112793773413,0.0007344101322814822,0.0007344101322814822,0.0007344101322814822,0.0007344101322814822
song_9e3641d00273b9a3b09faf3dccb66583183d28fbee8e60268cab00bc7002cae4,success,lyriclens,classifier-panel-v1,203,1,1022,193,201,a991e07372e3587fdce379d51914f170e256165bd1fb642fa0bc1d94db769383,35c6886033475c8e208970e154bf3c85393e58f6d9b60ca1c8b0cae905af63ba,0.005479734856635332,0.005479734856635332,0.005479734856635332,0.005479734856635332,0.8620597124099731,0.8620597124099731,0.8620597124099731,0.8620597124099731,0.001066982513293624,0.001066982513293624,0.001066982513293624,0.001066982513293624,0.0038681102450937033,0.0038681102450937033,0.0038681102450937033,0.0038681102450937033
song_59328e4ef495b0a2eead2600eb40694f1921b10840b1f242e3580ce8c59f8a86,success,lyriclens,classifier-panel-v1,262,1,1022,234,238,6abbe2290340e13d37d5c5ef3ab7736b0b8c80565eb6b92483d56c64a2a43251,406c5760518aacb6b09ee7d10807b9edaf9be231bc275cc6002c9df869517cc5,0.02233409322798252,0.02233409322798252,0.02233409322798252,0.02233409322798252,0.02029837854206562,0.02029837854206562,0.02029837854206562,0.02029837854206562,0.0018952848622575402,0.0018952848622575402,0.0018952848622575402,0.0018952848622575402,0.6230904459953308,0.6230904459953308,0.6230904459953308,0.6230904459953308
song_c4eabeecb02281b19acf05dac0942d25da1b7cae44fc83479a18c5a5594546ab,success,lyriclens,classifier-panel-v1,231,1,1022,196,200,389f8fe04bdf7f4bb6f46f6bd45a97b00e26a61411fbff4ae9aa073b5aa80fe2,0a8927d4071e5965024087432ae5b9a0b9535f26e1796e3c6aeaf7743ee8d046,0.003980282694101334,0.003980282694101334,0.003980282694101334,0.003980282694101334,0.9910869002342224,0.9910869002342224,0.9910869002342224,0.9910869002342224,0.005071892868727446,0.005071892868727446,0.005071892868727446,0.005071892868727446,0.006347002927213907,0.006347002927213907,0.006347002927213907,0.006347002927213907
song_fed7c74ad967767c8732088a2935e6279881ee63bf2cc773490807c416c8707a,success,lyriclens,classifier-panel-v1,204,1,1022,128,128,6e22ecd5fe7ffbf1c9c0b96f62ffafff3147325f976ec3c7d0af8cde8f6b321a,3ea471e4c331ca2da8505a14ea188f5ddad7aeb70c9de5cba59cd721a2ec5e0a,0.14854557812213898,0.14854557812213898,0.14854557812213898,0.14854557812213898,0.03600286319851875,0.03600286319851875,0.03600286319851875,0.03600286319851875,0.021917138248682022,0.021917138248682022,0.021917138248682022,0.021917138248682022,0.0018909977516159415,0.0018909977516159415,0.0018909977516159415,0.0018909977516159415
song_0349520b5c7c2e4422a70fce1d2df78432df63f0a6e704fa01bbfef8e34ebe24,success,lyriclens,classifier-panel-v1,183,1,1022,169,181,cbb2bb46e4369fefdab5d656dd36e415101920c937e3922faaa497bbb44604e7,977bbe55cea7f68f30cc371ffd6c9ab2522df084bc00e0914a72680f71e9947d,0.0019303886219859123,0.0019303886219859123,0.0019303886219859123,0.0019303886219859123,0.9142897129058838,0.9142897129058838,0.9142897129058838,0.9142897129058838,0.003500421531498432,0.003500421531498432,0.003500421531498432,0.003500421531498432,0.0029325387440621853,0.0029325387440621853,0.0029325387440621853,0.0029325387440621853
song_b32a265f2ff03acfa08f045465ca51a6fb31e221f2824a03ef7c5889cee866af,success,lyriclens,classifier-panel-v1,138,1,1022,132,138,e9662c513697a8ff6a505aa8d0aaa5a7a41275ba9049efc772945a694373b4ee,3763b6dc435435c3405757cd0629cf72a2f32ff1fcffee3596848ae097b7dd80,0.0045623984187841415,0.0045623984187841415,0.0045623984187841415,0.0045623984187841415,0.009059286676347256,0.009059286676347256,0.009059286676347256,0.009059286676347256,0.00421231659129262,0.00421231659129262,0.00421231659129262,0.00421231659129262,0.005197226535528898,0.005197226535528898,0.005197226535528898,0.005197226535528898
song_35ce7e7873a409ae1706d3313a3b256be8827fa7b204440d044e01006d777cb8,success,lyriclens,classifier-panel-v1,139,1,1022,139,139,9f0ce0233b2ed90bc98a08adb36a6aa9575b95c4c7e60b47a9ba487e5264f61f,9484d51f6bb76d43b1190c9587c6c8196a7a8a0ba57415f781aac6d5daf075cc,0.002342989668250084,0.002342989668250084,0.002342989668250084,0.002342989668250084,0.9920933842658997,0.9920933842658997,0.9920933842658997,0.9920933842658997,0.006185208912938833,0.006185208912938833,0.006185208912938833,0.006185208912938833,0.02760530635714531,0.02760530635714531,0.02760530635714531,0.02760530635714531
song_4a225ece50c775ee4f1d96ae38d401c088742b3f1525d0467f18be399a7233b9,success,lyriclens,classifier-panel-v1,173,1,1022,175,173,4c5c8b4307b1ff5c1ab7043c183cbe434898fba88ed264b25b54bc610bc34d50,6c0ed8cea071e7ea1ee1054b512f3069c96d282405216d1948e7e9f24c41be2d,0.0011943085119128227,0.0011943085119128227,0.0011943085119128227,0.0011943085119128227,0.830767035484314,0.830767035484314,0.830767035484314,0.830767035484314,0.00278276763856411,0.00278276763856411,0.00278276763856411,0.00278276763856411,0.018877513706684113,0.018877513706684113,0.018877513706684113,0.018877513706684113
song_6dc4b05872cf526300be88208f4fd48cdc16f207b865ca7c05fd42fcada13675,success,lyriclens,classifier-panel-v1,137,1,1022,119,122,1745409b22da4b50895ff3d70ff22ba4939aadcbf6f1648fb684eb3adf0a8ae4,06b82a7dc054288e0216e5f6bf43ce780dfae5a4feef730fc9f87c3c549a7034,0.005478687584400177,0.005478687584400177,0.005478687584400177,0.005478687584400177,0.005797978490591049,0.005797978490591049,0.005797978490591049,0.005797978490591049,0.004868514370173216,0.004868514370173216,0.004868514370173216,0.004868514370173216,0.006606536917388439,0.006606536917388439,0.006606536917388439,0.006606536917388439
song_d92c03539e450a03b3a9eb1ff232dcc47d451ed2498faa25e75f78acef87bd6a,success,lyriclens,classifier-panel-v1,283,1,1022,250,276,152ce1a026597c57bcd869105f3b6a2dded5f3a84d03b5639f2ca42c79323f0e,b8da6699cc39b3491e3ce0079e608566afa33651488c6c396b87abe0ff678158,0.9167596101760864,0.9167596101760864,0.9167596101760864,0.9167596101760864,0.04353925958275795,0.04353925958275795,0.04353925958275795,0.04353925958275795,0.0034803913440555334,0.0034803913440555334,0.0034803913440555334,0.0034803913440555334,0.0017559153493493795,0.0017559153493493795,0.0017559153493493795,0.0017559153493493795
song_cc1c2453fb7685b97a44a7e916f797bdff9a23a8b50beb09f843aa71a8ee5564,success,lyriclens,classifier-panel-v1,147,1,1022,135,137,83de0d9c00980134a7371c65eb399f5bd1590355c988c57dacaa18306b61d011,c9b9b48cc0c936906b7c48f8475e3ab68fb9f3ca7596430d57861921087cbc5f,0.0287241879850626,0.0287241879850626,0.0287241879850626,0.0287241879850626,0.0009784656576812267,0.0009784656576812267,0.0009784656576812267,0.0009784656576812267,0.004957449156790972,0.004957449156790972,0.004957449156790972,0.004957449156790972,0.8601902723312378,0.8601902723312378,0.8601902723312378,0.8601902723312378
song_4eedaac548f0db66c979575510092e16f414750629bddb6217182d6a43faa1ca,success,lyriclens,classifier-panel-v1,231,1,1022,204,214,8b3bd11dbf5586187b37ac05c14b7319ad82d1bb57ec7271a74f74d1c7cde9fa,3a11fc0281df7e5365e01d554fa9c50ba31ba9d621021e4254468e5b76210fe0,0.002484153490513563,0.002484153490513563,0.002484153490513563,0.002484153490513563,0.5973220467567444,0.5973220467567444,0.5973220467567444,0.5973220467567444,0.009359948337078094,0.009359948337078094,0.009359948337078094,0.009359948337078094,0.0009404759621247649,0.0009404759621247649,0.0009404759621247649,0.0009404759621247649
song_117729f1bc413e31e8149049b7309c6ccf166f72419ae410a62c847ad8a70059,success,lyriclens,classifier-panel-v1,111,1,1022,110,111,825de1ff69e1292c55dbe6f39a4300c80ca70f5b14e9e5f1b4ef46b743b49132,ab979b3b1515446c6ad5f0b27ffa8966cd64aa59c523a04b9a1be1c1cc1d8d4b,0.003821759717538953,0.003821759717538953,0.003821759717538953,0.003821759717538953,0.009646225720643997,0.009646225720643997,0.009646225720643997,0.009646225720643997,0.006746992934495211,0.006746992934495211,0.006746992934495211,0.006746992934495211,0.1291998028755188,0.1291998028755188,0.1291998028755188,0.1291998028755188
song_7581bf1aa60711a8fb70d6f74beab7986e56b266a494f31317d281a2e6fbe93c,success,lyriclens,classifier-panel-v1,280,1,1022,250,259,a0796e30d5fb31111df8aef52a5ef24693e78e95236c0f9a43b7bfb6f111c6be,03a646c0aa3a06db970dd2186ee67e9081be88fdcea3bae6e10660b16ad229b0,0.005534668453037739,0.005534668453037739,0.005534668453037739,0.005534668453037739,0.14211319386959076,0.14211319386959076,0.14211319386959076,0.14211319386959076,0.003743519075214863,0.003743519075214863,0.003743519075214863,0.003743519075214863,0.9909857511520386,0.9909857511520386,0.9909857511520386,0.9909857511520386
song_f0dabdf8d0646ea373fbd165249ce5d26b1ba2c6e4a65f1214d7cc750388072a,success,lyriclens,classifier-panel-v1,289,1,1022,274,281,2766765510614aa30650d66b8f2206fb8d191b69f8cda9ac00f6c4a80a938cbe,7794379b7338e9d7f5cf00a1fb9bdc4ca061501e796bf45a2350eb904dff9838,0.004724674858152866,0.004724674858152866,0.004724674858152866,0.004724674858152866,0.0114834513515234,0.0114834513515234,0.0114834513515234,0.0114834513515234,0.002213065279647708,0.002213065279647708,0.002213065279647708,0.002213065279647708,0.007194203324615955,0.007194203324615955,0.007194203324615955,0.007194203324615955
song_69477b76eb9ee69138b17fdc61df826efb06f1ca55a3f48049c74e8cc538def8,success,lyriclens,classifier-panel-v1,173,1,1022,162,172,e0c07550ff04fc13c919034ade0e357174056225f73ed8cfad2cb13c41d49142,5c73119509f2a0aaa1be37fd8ec938b37a7411b423a9dfd8f01284d108b095de,0.0018073123646900058,0.0018073123646900058,0.0018073123646900058,0.0018073123646900058,0.9891304969787598,0.9891304969787598,0.9891304969787598,0.9891304969787598,0.006800690200179815,0.006800690200179815,0.006800690200179815,0.006800690200179815,0.01630721241235733,0.01630721241235733,0.01630721241235733,0.01630721241235733
song_a7772f327e3a3cfafd258cd3b2e22efc03d987310de5204015249aca809adaf3,success,lyriclens,classifier-panel-v1,256,1,1022,249,255,53bb45516cd0e7f92861dcbb4bfb89e0d635ea8b7e250fa69520955b77a595e4,d752880978637c12cded16e2f4f639c6e96793cd52d078f62deee7f8cb1051c9,0.006809372920542955,0.006809372920542955,0.006809372920542955,0.006809372920542955,0.0037644030526280403,0.0037644030526280403,0.0037644030526280403,0.0037644030526280403,0.011163699440658092,0.011163699440658092,0.011163699440658092,0.011163699440658092,0.005288753658533096,0.005288753658533096,0.005288753658533096,0.005288753658533096
song_571748d27a47d85d6ce1e162616d66466aaeb086241c317ad91ded6a69bfaec8,success,lyriclens,classifier-panel-v1,337,1,1022,246,260,7a532e10de9506b512e50d7cfcd4665ba64a8825630e9ff053b21144a99ae1be,92fe9f54147d87fb967726eac98da0e091bd161941809a63a91f21a2fe4412ab,0.8792439699172974,0.8792439699172974,0.8792439699172974,0.8792439699172974,0.9984524250030518,0.9984524250030518,0.9984524250030518,0.9984524250030518,0.007047615945339203,0.007047615945339203,0.007047615945339203,0.007047615945339203,0.010370348580181599,0.010370348580181599,0.010370348580181599,0.010370348580181599
song_38ab85ef42919e3470a0bba519d88e130e73773df3fe01aec967b66c83a71a6d,success,lyriclens,classifier-panel-v1,288,1,1022,262,274,d95423001a1c9cc0e871bda766f2b7b1b7b8734a286da1153a8ef3e19bfc308e,a0a5f2dc13c4e198437ee64d71ee0d29d00fbdfbb2c3dce499de70a3c2d5eea1,0.0009586123051121831,0.0009586123051121831,0.0009586123051121831,0.0009586123051121831,0.011022559367120266,0.011022559367120266,0.011022559367120266,0.011022559367120266,0.009181908331811428,0.009181908331811428,0.009181908331811428,0.009181908331811428,0.022182045504450798,0.022182045504450798,0.022182045504450798,0.022182045504450798
song_c0c862864db358e90588de9f7252a57d2071427842018127b437850496d715fa,success,lyriclens,classifier-panel-v1,104,1,1022,91,91,86d995fb526510b277e7caf020897e995af8c567cfae0b94324efa01013943ab,2d17ba8d53023741af8fa7e8a5d7c27356df6ef2f2713ef1749e1d584b420dc0,0.016172003000974655,0.016172003000974655,0.016172003000974655,0.016172003000974655,0.0031169578433036804,0.0031169578433036804,0.0031169578433036804,0.0031169578433036804,0.007819517515599728,0.007819517515599728,0.007819517515599728,0.007819517515599728,0.020007962360978127,0.020007962360978127,0.020007962360978127,0.020007962360978127
song_cf6aea8f1076b117bb1b0f6699facf83cd915c937f0d9375348ac11f8981b63b,success,lyriclens,classifier-panel-v1,281,1,1022,259,255,f8bd778c80dabff00770f6b8d788020c2964bec778afe7a8bd42c9e57a2556ab,ef4ff8e797a0192c7330bf3f3e2c7052a50ce829fa85c83ba36ddbde27d58c9f,0.006437553558498621,0.006437553558498621,0.006437553558498621,0.006437553558498621,0.004312681034207344,0.004312681034207344,0.004312681034207344,0.004312681034207344,0.017352307215332985,0.017352307215332985,0.017352307215332985,0.017352307215332985,0.9953773021697998,0.9953773021697998,0.9953773021697998,0.9953773021697998
song_4193018621671b33686f0f4a8f71a8dce155ed2550680eadcf1af84134cfd4ad,success,lyriclens,classifier-panel-v1,229,1,1022,211,226,5e7995f8030049686d1418bc1627d2a606166e98d8c2cb17339bb0288da08cf1,ae7ac2515d98053a507dcb4fdb6832e7a29a028f67115435255ebf205ff881e5,0.004470917861908674,0.004470917861908674,0.004470917861908674,0.004470917861908674,0.21325282752513885,0.21325282752513885,0.21325282752513885,0.21325282752513885,0.00048072481877170503,0.00048072481877170503,0.00048072481877170503,0.00048072481877170503,0.3326220214366913,0.3326220214366913,0.3326220214366913,0.3326220214366913
song_be7eac0fa653c7531ff79984dc290b805f805913ea19ea18c4e8bb0a26a7930b,success,lyriclens,classifier-panel-v1,241,1,1022,207,238,dfacfa55b032a85644f299106732c3c6a755de658c3afdd8dbc49c4498068ffb,13b5b4f84b0c026591dc69a1940597255c192f495514705bfb963d08e3a098d7,0.006805442739278078,0.006805442739278078,0.006805442739278078,0.006805442739278078,0.0146424425765872,0.0146424425765872,0.0146424425765872,0.0146424425765872,0.9866062998771667,0.9866062998771667,0.9866062998771667,0.9866062998771667,0.00382612063549459,0.00382612063549459,0.00382612063549459,0.00382612063549459
song_70c1dfe984e3e546f3fbcec256b41023637c8fd480ba3adfb34647894f32f4f0,success,lyriclens,classifier-panel-v1,118,1,1022,106,108,90eba220c121668d69b0b6f2e5b6d2e759500d9ce5f204186facbed266ef1719,a0345cba03858f61379055ab4862e7e804d4c64344f8635449d04b948a745c18,0.002050632145255804,0.002050632145255804,0.002050632145255804,0.002050632145255804,0.9103488326072693,0.9103488326072693,0.9103488326072693,0.9103488326072693,0.002022460335865617,0.002022460335865617,0.002022460335865617,0.002022460335865617,0.007667535915970802,0.007667535915970802,0.007667535915970802,0.007667535915970802
song_95608ea2e15a20489c14c3226405cb9cf2ea0862cd77e786705f890b46a97925,success,lyriclens,classifier-panel-v1,113,1,1022,117,113,2428729cef323a9fcc2f0023871080fdcb29c43383b011e938c6288997538b8a,e353b7284472d3116a12ab6b9e48780e9831fd3b7397da183d90de29858b747f,0.004417086485773325,0.004417086485773325,0.004417086485773325,0.004417086485773325,0.005053614266216755,0.005053614266216755,0.005053614266216755,0.005053614266216755,0.04149878770112991,0.04149878770112991,0.04149878770112991,0.04149878770112991,0.0035444749519228935,0.0035444749519228935,0.0035444749519228935,0.0035444749519228935
song_9072c5ee05fedc84220a23ef4901f2e73eedea66b912cb96f14d1a9a3fbe167a,success,lyriclens,classifier-panel-v1,247,1,1022,204,207,d88b20e14bfc6848a024cc519fbdc8f28d4ca2264a17f2b9cfadef527eeaaa56,52ee11504f036e4f203e76feb3179a4b4d021e97ad2531c1fa18dbad417bedce,0.001516778371296823,0.001516778371296823,0.001516778371296823,0.001516778371296823,0.7527281045913696,0.7527281045913696,0.7527281045913696,0.7527281045913696,0.00296007189899683,0.00296007189899683,0.00296007189899683,0.00296007189899683,0.004128867294639349,0.004128867294639349,0.004128867294639349,0.004128867294639349
song_2a783aa21125846631c321e170948f1689071a051714cf6e57c7cfb4ba6c8b89,success,lyriclens,classifier-panel-v1,271,1,1022,252,263,4617af1916d56fb2180a8f53de20c100c72d5d51b2acaff355aef37bb94cb74c,f30037f1f9ada66758d8fa19c6c2c948ea190537a966ef8f0f355245771b02d0,0.619537353515625,0.619537353515625,0.619537353515625,0.619537353515625,0.9951528310775757,0.9951528310775757,0.9951528310775757,0.9951528310775757,0.0033059804700315,0.0033059804700315,0.0033059804700315,0.0033059804700315,0.003524253610521555,0.003524253610521555,0.003524253610521555,0.003524253610521555
song_bfce50e15f1789f7ca376150665063761fdbef5af253e2d162514a8ae0316025,success,lyriclens,classifier-panel-v1,284,1,1022,270,284,517488f68fecd31ea303b48e5dc09e54b6dec6afe0945445289b1132f96ca1b5,5463e22ffcff34ad8e6fa329cf9f62229304aed82c19ea0de54723d1e2a31e34,0.04756518453359604,0.04756518453359604,0.04756518453359604,0.04756518453359604,0.0060424599796533585,0.0060424599796533585,0.0060424599796533585,0.0060424599796533585,0.004199580755084753,0.004199580755084753,0.004199580755084753,0.004199580755084753,0.003588337218388915,0.003588337218388915,0.003588337218388915,0.003588337218388915
song_21c7c8f7417b94a8c111b2a1c7570396b0e49f3c9f7cbbdd593d6d1c03d738d9,success,lyriclens,classifier-panel-v1,189,1,1022,180,189,46156e8df294a41177a857509efd632b6c5f7f02e9c19ecdd0e030ff57a4f55b,bf0f166655c1e6732a379fb0c184d674f55d91c36521264a1519e785f81593b0,0.0020082530099898577,0.0020082530099898577,0.0020082530099898577,0.0020082530099898577,0.019491935148835182,0.019491935148835182,0.019491935148835182,0.019491935148835182,0.004418590106070042,0.004418590106070042,0.004418590106070042,0.004418590106070042,0.0063695828430354595,0.0063695828430354595,0.0063695828430354595,0.0063695828430354595
song_f41a534741f51cde1d600b6ee480a6cec27c432d48b34b9d946bd8331f5d2a74,success,lyriclens,classifier-panel-v1,209,1,1022,195,202,c1d5fa184a8663f1edfa9d361b355a812c70ac740c15689f5910f25caa8150f3,c3371f80805ecd0e326e774d0c6f208707ed89ac3f9a30e544d2bb4dc96c1b93,0.001957823522388935,0.001957823522388935,0.001957823522388935,0.001957823522388935,0.01926778443157673,0.01926778443157673,0.01926778443157673,0.01926778443157673,0.010502759367227554,0.010502759367227554,0.010502759367227554,0.010502759367227554,0.003369405400007963,0.003369405400007963,0.003369405400007963,0.003369405400007963
song_cd492e6096df3dd73a9047f8aef5c25a526b7b1384aaafac4f4c0ce7c690f5d1,success,lyriclens,classifier-panel-v1,456,1,1022,427,437,0df6752d4e03b0d94b71fd47709c87ae1f62d41686edd34b56e1d587078ef1c9,1648c6736f4740ba31bb5f0fafd57b7a9e1a77fa80d5927f73f1fbebbe8e9a16,0.3137635886669159,0.3137635886669159,0.3137635886669159,0.3137635886669159,0.7284404635429382,0.7284404635429382,0.7284404635429382,0.7284404635429382,0.0010205728467553854,0.0010205728467553854,0.0010205728467553854,0.0010205728467553854,0.0011152597144246101,0.0011152597144246101,0.0011152597144246101,0.0011152597144246101
song_23d90431f2ad7d4f8d31fc70fb9bc9aad106a4f8849752e76e878e6e017eb477,success,lyriclens,classifier-panel-v1,154,1,1022,137,142,ef47eec02090cfc129a4b05ce093981cf8f39ced5dabf10c8174f43e0123085b,5db0c784bb69aa48be0ddcceed196b1ff704b8c6599d67f17007bad0f22c4159,0.9927974343299866,0.9927974343299866,0.9927974343299866,0.9927974343299866,0.00755851436406374,0.00755851436406374,0.00755851436406374,0.00755851436406374,0.03590836003422737,0.03590836003422737,0.03590836003422737,0.03590836003422737,0.9949536919593811,0.9949536919593811,0.9949536919593811,0.9949536919593811
song_a0d2022d699c35704ab0f0e43a6856fcd3fa30930d806529eb228106de34770e,success,lyriclens,classifier-panel-v1,269,1,1022,268,267,bfa8b3b036bba5010406e0ecd48bf0447c52d71f0fcc924d81f328083f2f3476,5d92bd4f10bf17b9a71526471ff228dac44783e1cc6482392c783d4dddbec13a,0.0048196688294410706,0.0048196688294410706,0.0048196688294410706,0.0048196688294410706,0.0035002122167497873,0.0035002122167497873,0.0035002122167497873,0.0035002122167497873,0.012801241129636765,0.012801241129636765,0.012801241129636765,0.012801241129636765,0.006324958987534046,0.006324958987534046,0.006324958987534046,0.006324958987534046
song_5f0eaf882be171e9e96fec731f59733be3990d8ac7eaf8a258c5eb15da894eb3,success,lyriclens,classifier-panel-v1,309,1,1022,284,308,ca449669634be69391e989ac31a7cc96e28784f1bb1f510d6873ec1469708dde,707359a6b10fe4c1002ee56fcc4026e45e50de8cfca8b5b9183ad7dcfce1dc1f,0.0047912136651575565,0.0047912136651575565,0.0047912136651575565,0.0047912136651575565,0.004763667471706867,0.004763667471706867,0.004763667471706867,0.004763667471706867,0.001519678276963532,0.001519678276963532,0.001519678276963532,0.001519678276963532,0.6004038453102112,0.6004038453102112,0.6004038453102112,0.6004038453102112
song_a12befe03d55c5fa6fd9c903788a0badba25b5b7525255fc222d72e21ba6dc12,success,lyriclens,classifier-panel-v1,307,1,1022,298,305,c0560330cb05ab64d7eac78b5e226050179915c3ed36b46d03d7e5cef167f789,af7118d3fd505b7ffe1d1756e230ea64b59394d400de91edce4bbe3763c447e0,0.07465420663356781,0.07465420663356781,0.07465420663356781,0.07465420663356781,0.004760736599564552,0.004760736599564552,0.004760736599564552,0.004760736599564552,0.0031392229720950127,0.0031392229720950127,0.0031392229720950127,0.0031392229720950127,0.005430174525827169,0.005430174525827169,0.005430174525827169,0.005430174525827169
song_690e3e60b5c5037449b2757dda9d6757ed3ec925b71a0e80ad7109d85f8667b5,success,lyriclens,classifier-panel-v1,415,1,1022,359,361,8950a55950e9862196a5e95e3179c34bfa1a9f51e54fe20cd05cef9e7f631f85,afd22a9431f1ab0d3a16d76289aaa06434fafea5c1cc117179a1d8c4e874852e,0.008189156651496887,0.008189156651496887,0.008189156651496887,0.008189156651496887,0.9943048357963562,0.9943048357963562,0.9943048357963562,0.9943048357963562,0.03768407553434372,0.03768407553434372,0.03768407553434372,0.03768407553434372,0.0023399631027132273,0.0023399631027132273,0.0023399631027132273,0.0023399631027132273
song_a5796aaae59d201c1e3deeacae5e2109ffeaf8181d6a0cc53d4179eef0117ee2,success,lyriclens,classifier-panel-v1,112,1,1022,103,105,571daa6af317ae37fe23634d31aa33f4e4fd82168aaab8edbaaf0f8ffe5d9723,207e3ecb924dff2c8c92652630992e7f774736fbeda4ee310bb7b6d2701f2198,0.0047731357626616955,0.0047731357626616955,0.0047731357626616955,0.0047731357626616955,0.8991127014160156,0.8991127014160156,0.8991127014160156,0.8991127014160156,0.003263178514316678,0.003263178514316678,0.003263178514316678,0.003263178514316678,0.0021729720756411552,0.0021729720756411552,0.0021729720756411552,0.0021729720756411552
song_64d37feb1fa3da190b5b48cdf28bee0181308224ba28cffb740e5048b0ab4306,success,lyriclens,classifier-panel-v1,284,1,1022,273,280,a887cb9e13aa0c2305d15376a53e54e8112adee579e92bba5b6d4be382cf9ada,43eb04d9a20464bedd0a44ca5913282757831951c4683949f0ac2df25b182360,0.11390332132577896,0.11390332132577896,0.11390332132577896,0.11390332132577896,0.012140339240431786,0.012140339240431786,0.012140339240431786,0.012140339240431786,0.0012962698237970471,0.0012962698237970471,0.0012962698237970471,0.0012962698237970471,0.006609034724533558,0.006609034724533558,0.006609034724533558,0.006609034724533558
song_1130d71736864e2f32c66a5784e269842b861afc685af864962777b4ea459b76,success,lyriclens,classifier-panel-v1,212,1,1022,183,208,30eaab82be73f7a7030180f2bb4f725d3abbe0335368cb84948065ffb5d38c38,3bed1db55e2232a86f3c04d634ee2f02adee2a80d5d520c61daa4a145a8e1a46,0.016056561842560768,0.016056561842560768,0.016056561842560768,0.016056561842560768,0.9967592358589172,0.9967592358589172,0.9967592358589172,0.9967592358589172,0.006654628086835146,0.006654628086835146,0.006654628086835146,0.006654628086835146,0.006690201349556446,0.006690201349556446,0.006690201349556446,0.006690201349556446
song_c3db28de2fa21737c828f45aa697bf98c14ad08a22646c2f0114dd15614a1503,success,lyriclens,classifier-panel-v1,357,1,1022,333,354,dcad334273497ae54054e4b2c0336fa1057289719ca650b6f7d3cd5656c2e7fd,6a5b08d42e6b9cee780093deaa7bfb0476854153ff7eb14704db898c4e98f2f2,0.12204403430223465,0.12204403430223465,0.12204403430223465,0.12204403430223465,0.011097443290054798,0.011097443290054798,0.011097443290054798,0.011097443290054798,0.9976673126220703,0.9976673126220703,0.9976673126220703,0.9976673126220703,0.007084839511662722,0.007084839511662722,0.007084839511662722,0.007084839511662722
song_72f1e6ab0eb9c3eea261bf3418510cf8ca46eb5d09386d74e937ff2a0b7160f0,success,lyriclens,classifier-panel-v1,815,1,1022,734,805,36333c7328a05143d6b6f00349e3e9af361424d7b615eaf16651bbdcfd39666d,f693f1e5567a3e356c1f8cd9559a76e0e9444c6fb6f501a7c32bf445e0ccec50,0.09799260646104813,0.09799260646104813,0.09799260646104813,0.09799260646104813,0.9503945708274841,0.9503945708274841,0.9503945708274841,0.9503945708274841,0.0033807663712650537,0.0033807663712650537,0.0033807663712650537,0.0033807663712650537,0.0010610183235257864,0.0010610183235257864,0.0010610183235257864,0.0010610183235257864
song_2f2e2e33ff00857bf87196f06b1edcad41ac31b6bf4f2b322bcb169c7c18c6cb,success,lyriclens,classifier-panel-v1,221,1,1022,210,218,123856af95255b1a6c92568f01462152c1c87bbd96b9bf6d4452204215eea68f,8032ea2c0170394c75a53f172722671bfe74c616eb892ba86b0daa045d8003b9,0.008909492753446102,0.008909492753446102,0.008909492753446102,0.008909492753446102,0.9941304326057434,0.9941304326057434,0.9941304326057434,0.9941304326057434,0.0035953770857304335,0.0035953770857304335,0.0035953770857304335,0.0035953770857304335,0.007658558432012796,0.007658558432012796,0.007658558432012796,0.007658558432012796
song_605aa2d6a4f3053ca131f40f66d3ff6cfb4822fd5d6a277d77a6032d02c7746d,success,lyriclens,classifier-panel-v1,718,1,1022,550,538,b2bb036269cde21cb0ad60960add5ee0e7b4e9301131cb03c00fdaccb5fbf48c,4065376b37d3e5bcefecf969cf599e86d37765d9c2ea4ce5ec6a61b76e8a3fc5,0.24691374599933624,0.24691374599933624,0.24691374599933624,0.24691374599933624,0.9793955683708191,0.9793955683708191,0.9793955683708191,0.9793955683708191,0.1519773006439209,0.1519773006439209,0.1519773006439209,0.1519773006439209,0.0010326785268262029,0.0010326785268262029,0.0010326785268262029,0.0010326785268262029
song_d6fa79aae091c9b9eefa30e3a78f93ecdbbb66c8c1befb282bb7324a03578d7a,success,lyriclens,classifier-panel-v1,329,1,1022,317,320,235995321c7c1f0f7414cf2650f9dfef92cb760d09dcf807e2a60d78675f6961,b75470d61d80a41014f6dc80be69fd5c2f1cfcefd6a494a32b098291f71a993d,0.011426614597439766,0.011426614597439766,0.011426614597439766,0.011426614597439766,0.004544454626739025,0.004544454626739025,0.004544454626739025,0.004544454626739025,0.0054871635511517525,0.0054871635511517525,0.0054871635511517525,0.0054871635511517525,0.9906328916549683,0.9906328916549683,0.9906328916549683,0.9906328916549683
song_1110ad0e721685ec873afc6cc8372d1da569f6f1d519bdd799cd7c8d00631393,success,lyriclens,classifier-panel-v1,189,1,1022,158,184,ae0ebb31f09cd48b53c0988b9454fd6713459e073ae11f09782cbed75a966703,f02345c2ff5aec1b1c66f7f54af0368738075f243e1b72d472680265a303279c,0.8159404397010803,0.8159404397010803,0.8159404397010803,0.8159404397010803,0.9963201284408569,0.9963201284408569,0.9963201284408569,0.9963201284408569,0.9953770637512207,0.9953770637512207,0.9953770637512207,0.9953770637512207,0.007791742216795683,0.007791742216795683,0.007791742216795683,0.007791742216795683
song_109e58fdb577eb713ec9844630010a1ea9f502a212041ef4edd19d8d91f292d2,success,lyriclens,classifier-panel-v1,371,1,1022,324,339,134ad0c187c25be5f5b1333e1426b1961fe623b3f80e8a28215e11f0325bbbf8,4976ba9f00822d66e5eb47d0648c07f2feeab6c74712b8464bf105309572f2a1,0.31612080335617065,0.31612080335617065,0.31612080335617065,0.31612080335617065,0.997002899646759,0.997002899646759,0.997002899646759,0.997002899646759,0.0031197683420032263,0.0031197683420032263,0.0031197683420032263,0.0031197683420032263,0.005749649368226528,0.005749649368226528,0.005749649368226528,0.005749649368226528
song_a9417fe5b49241ddee5b63be9a3fe138548c5ec77db57e1201268cae0273529e,success,lyriclens,classifier-panel-v1,139,1,1022,128,138,55b3db10589e34a825dc197902d4ffae09e784e117b7cc9c2e66be9eb96bc418,51ba29612b78157ab15581cc8f979c7ea8cd82d7901f394d173e25139c146ff7,0.0035021519288420677,0.0035021519288420677,0.0035021519288420677,0.0035021519288420677,0.06718418002128601,0.06718418002128601,0.06718418002128601,0.06718418002128601,0.0013115060282871127,0.0013115060282871127,0.0013115060282871127,0.0013115060282871127,0.00525028258562088,0.00525028258562088,0.00525028258562088,0.00525028258562088
song_815056a3d0f74d832a9989d4bcb3e56697b29dd14bd3aaa012fb8c5b6ffde806,success,lyriclens,classifier-panel-v1,196,1,1022,182,192,57c0900a4d44709ba98da965f974c68d55f5afd1d69790c8c7197a5402dbb721,b18439bb09d0088b319f780a6855810fbe5b8c18118131061cf5e54303f1cc2d,0.0343448668718338,0.0343448668718338,0.0343448668718338,0.0343448668718338,0.03727852925658226,0.03727852925658226,0.03727852925658226,0.03727852925658226,0.0014702456537634134,0.0014702456537634134,0.0014702456537634134,0.0014702456537634134,0.002075310330837965,0.002075310330837965,0.002075310330837965,0.002075310330837965
song_585e5f8e13012f0a37638839f84b3f23db3e9edc4ff58f0f075f4c7d20e18fe9,success,lyriclens,classifier-panel-v1,259,1,1022,223,240,e8ddc86a49c7d4d83c2bcf67bc9edf67d20118895b626e536eaa73f22ffa0eb2,3659fcb2a39ab91d318e09d9df2c11945653f0b11e2d89e39fa2c1699d77d051,0.005566426552832127,0.005566426552832127,0.005566426552832127,0.005566426552832127,0.018826644867658615,0.018826644867658615,0.018826644867658615,0.018826644867658615,0.0014492362970486283,0.0014492362970486283,0.0014492362970486283,0.0014492362970486283,0.008849922567605972,0.008849922567605972,0.008849922567605972,0.008849922567605972
song_dd86150211a00481ca2a80067939457ef346cce917ed900d58478305c74811a2,success,lyriclens,classifier-panel-v1,176,1,1022,165,176,d40f236fb86e7b3833c14985e86d4f6b6ab840c66531385c50c98480ae898e88,3545cca9e981bbecd31643b4367ca8e511052282ad21684fe8605419407ebcdd,0.0068251765333116055,0.0068251765333116055,0.0068251765333116055,0.0068251765333116055,0.005014186725020409,0.005014186725020409,0.005014186725020409,0.005014186725020409,0.0031606892589479685,0.0031606892589479685,0.0031606892589479685,0.0031606892589479685,0.009006037376821041,0.009006037376821041,0.009006037376821041,0.009006037376821041
song_41cdcd17020b65b4e4437210a8c492aaa7bdc0500b9ef269cc7168648a893175,success,lyriclens,classifier-panel-v1,246,1,1022,241,242,cf22ce8924858f4d3e539e4d2c1849f4a0b845f56d3e97f13df0ae81564a720c,7f47ac3182c2e2b57c39d41ed41e8fe8beca14c19781df45cc12b866c580e479,0.0011666746577247977,0.0011666746577247977,0.0011666746577247977,0.0011666746577247977,0.036691512912511826,0.036691512912511826,0.036691512912511826,0.036691512912511826,0.8709298372268677,0.8709298372268677,0.8709298372268677,0.8709298372268677,0.003782739629969001,0.003782739629969001,0.003782739629969001,0.003782739629969001
song_0213bb2ca26a8b0e613f83fdc3a1bf713269c08a2c6cbcb19d0e85cd0bb40e4f,success,lyriclens,classifier-panel-v1,326,1,1022,252,259,04777903aa8c02a62328e5ba61e2ad3f54cab587c6bcb354cc4f87633894498e,694ee1846b888406c8bd58e677ed3d20c3355e75081eba36f7f4cf6f7977dc1e,0.0041030594147741795,0.0041030594147741795,0.0041030594147741795,0.0041030594147741795,0.9925670623779297,0.9925670623779297,0.9925670623779297,0.9925670623779297,0.006735802162438631,0.006735802162438631,0.006735802162438631,0.006735802162438631,0.00673894165083766,0.00673894165083766,0.00673894165083766,0.00673894165083766
song_f90b9bd84fe6f81a6e4f326cb0b6f4451a734bc2b6c6aad81544fd16972b8863,success,lyriclens,classifier-panel-v1,235,1,1022,203,224,db0c5dce942a1b6ef7f0dcfc6d4cd24542fe1774f48165840f14784f26c51ff1,e7ee083936234cfed0ceaf5f80fe45e919615c08916ff725b846c052ae5cd803,0.02076861634850502,0.02076861634850502,0.02076861634850502,0.02076861634850502,0.061092641204595566,0.061092641204595566,0.061092641204595566,0.061092641204595566,0.0006378769176080823,0.0006378769176080823,0.0006378769176080823,0.0006378769176080823,0.006064862012863159,0.006064862012863159,0.006064862012863159,0.006064862012863159
song_68dc4986474def8d475f2c997d665706774730408ee1330071322a31354abc97,success,lyriclens,classifier-panel-v1,211,1,1022,190,199,012b3e82ddbe9894c4ed9a201d4dda6cc8d2c92b832fa70cd1ffd5689e167bde,3ef6e6581e19e469892719d01a9e42ff79f43691779f781623ab11e114667ee1,0.009161537513136864,0.009161537513136864,0.009161537513136864,0.009161537513136864,0.9974713325500488,0.9974713325500488,0.9974713325500488,0.9974713325500488,0.007744854781776667,0.007744854781776667,0.007744854781776667,0.007744854781776667,0.014896214939653873,0.014896214939653873,0.014896214939653873,0.014896214939653873
song_49444e52efc677ac5bbdb87422be8b88c555f18f38a1301ade4d6d7dc7acc9c3,success,lyriclens,classifier-panel-v1,272,1,1022,255,272,338015977a8545751ac88f9304454e71c771ded90df612a4d19af2f18f86b4e2,2a94f8a7304e087b015b5abe59f765390edba4bee231fa41a310dba3b334f42f,0.0026486357674002647,0.0026486357674002647,0.0026486357674002647,0.0026486357674002647,0.14709100127220154,0.14709100127220154,0.14709100127220154,0.14709100127220154,0.0017751820851117373,0.0017751820851117373,0.0017751820851117373,0.0017751820851117373,0.0034398441202938557,0.0034398441202938557,0.0034398441202938557,0.0034398441202938557
song_9277254377f0ed6ea2c94d6f5d17ee81782d30bd4f80f6185a6d4d87c99850f7,success,lyriclens,classifier-panel-v1,179,1,1022,162,172,e1e034cab6b7bffe3b2337283d429cfb178fed63cf7061204ec4510828ce9f6b,7333e0c32282f7bad45883c7a7e40a481a3354c45cf5ef94feadf762241c2bfb,0.007274902891367674,0.007274902891367674,0.007274902891367674,0.007274902891367674,0.0038846239913254976,0.0038846239913254976,0.0038846239913254976,0.0038846239913254976,0.02969694323837757,0.02969694323837757,0.02969694323837757,0.02969694323837757,0.0026979795657098293,0.0026979795657098293,0.0026979795657098293,0.0026979795657098293
song_f2d23f623a8d6f5bf76ea6360fcde2c59706ecf953032d31f7cc5c3d44aaeb35,success,lyriclens,classifier-panel-v1,219,1,1022,198,197,0ee1e4113bd3ca62b3ae6ce63c209326815e8ab2a3b6aedfd3130d64ebef9841,51860fff7c71c84c15f3098c1602d8826aaff81594ab1ee1fa9c317d353d0d55,0.0031680972315371037,0.0031680972315371037,0.0031680972315371037,0.0031680972315371037,0.9762745499610901,0.9762745499610901,0.9762745499610901,0.9762745499610901,0.008023037575185299,0.008023037575185299,0.008023037575185299,0.008023037575185299,0.0023629306815564632,0.0023629306815564632,0.0023629306815564632,0.0023629306815564632
song_3c3af25ff5690d56f5ebd59c52a0273a923d9b3511e8e0c1970e11cc7cda487c,success,lyriclens,classifier-panel-v1,301,1,1022,242,257,3a7b0a4fd3266faa4cd5f745d6080eabdfa5234ce4315621c70a385426cfdb55,adba98018477b1aed7098b17b64b8098963ced9e22f8be062bc30a88add89d0b,0.003964039497077465,0.003964039497077465,0.003964039497077465,0.003964039497077465,0.7044967412948608,0.7044967412948608,0.7044967412948608,0.7044967412948608,0.002567573683336377,0.002567573683336377,0.002567573683336377,0.002567573683336377,0.004044706933200359,0.004044706933200359,0.004044706933200359,0.004044706933200359
song_9d821af9a1e2446b36ca98875f174e35acda58d417c5ae54ee1782d1b5ca2245,success,lyriclens,classifier-panel-v1,272,1,1022,244,260,97d324e6e43657d5ffda2f01753c708bb2d8ade01eae94d3ab9d0b58d0e50df6,a418378c84cce2f7df99c6e776173b2c79f1171fe023ab91f8b599131e7f905a,0.002603758592158556,0.002603758592158556,0.002603758592158556,0.002603758592158556,0.962092399597168,0.962092399597168,0.962092399597168,0.962092399597168,0.9367891550064087,0.9367891550064087,0.9367891550064087,0.9367891550064087,0.04393957555294037,0.04393957555294037,0.04393957555294037,0.04393957555294037
song_546ed553b9ad74026dc908d24d608c1b1e265d99490a9ca6b420a65bdf3a3eca,success,lyriclens,classifier-panel-v1,268,1,1022,243,257,9398db50fdef9f906b8bba7f4637a285d5f1444de0228dfdcf5a7d9caa87dec3,f21d3e02ae95b6f90ec2242299fb0de0d3257afbaf1a517fa6fa18c3a40b0a02,0.10007426142692566,0.10007426142692566,0.10007426142692566,0.10007426142692566,0.7269721627235413,0.7269721627235413,0.7269721627235413,0.7269721627235413,0.0013285998720675707,0.0013285998720675707,0.0013285998720675707,0.0013285998720675707,0.0012580803595483303,0.0012580803595483303,0.0012580803595483303,0.0012580803595483303
song_0ae5f6cefc72dd648e4af242ede9fc3a429075b6a2fa40106e6966410ea88dc5,success,lyriclens,classifier-panel-v1,348,1,1022,320,331,3310e1410814685aa1b4a016b1f959501a635777698f4cc64047642382e20561,ce97b3df700e5676926dc786b034d9aa405763627f26ada50efd3072f0cb21b8,0.13568449020385742,0.13568449020385742,0.13568449020385742,0.13568449020385742,0.9973880648612976,0.9973880648612976,0.9973880648612976,0.9973880648612976,0.9966260194778442,0.9966260194778442,0.9966260194778442,0.9966260194778442,0.030352158471941948,0.030352158471941948,0.030352158471941948,0.030352158471941948
song_b10199f4fcf60c75729c81ed97259c8e6aa9673cdcb93acdc6f4171e7cf8d945,success,lyriclens,classifier-panel-v1,127,1,1022,123,126,e728af2ca76a971563b9d859c6f7bb450627bad781cf460efe15745dbe20fea7,013f70c656baf8a99e9cddf7c26613ef4c1f573d2c88f075f1029ae308576b98,0.002617967315018177,0.002617967315018177,0.002617967315018177,0.002617967315018177,0.009896484203636646,0.009896484203636646,0.009896484203636646,0.009896484203636646,0.004784799180924892,0.004784799180924892,0.004784799180924892,0.004784799180924892,0.00761577719822526,0.00761577719822526,0.00761577719822526,0.00761577719822526
song_a84a10eb92bed9d061cf1c2808e9ed888d108308663802e0618fbb34a235137c,success,lyriclens,classifier-panel-v1,337,1,1022,304,325,ff606ef35f1d229632789e458aee4c7d16547a40ee39858937cd010e4b6a1f9a,a3a06486e2a77d88eeb4cd143db321487daddf037db718e71cb1bbfccdad18c8,0.9957844614982605,0.9957844614982605,0.9957844614982605,0.9957844614982605,0.04319731518626213,0.04319731518626213,0.04319731518626213,0.04319731518626213,0.006859644316136837,0.006859644316136837,0.006859644316136837,0.006859644316136837,0.005931940861046314,0.005931940861046314,0.005931940861046314,0.005931940861046314
song_e850a0ebd5865cbcde0d7358f03fb5b1793e1d046b07f23d6f6f42c012be6355,success,lyriclens,classifier-panel-v1,276,1,1022,260,274,1550b4edd6c865de6f3a8277f6ad5dc3f8d936cb074ba5f76f7c9a424fe8f5b1,5a8ecdb140ccc08a382256829534f193f4e47d6d522d14a021ea4b39fe97d4b9,0.0026977628003805876,0.0026977628003805876,0.0026977628003805876,0.0026977628003805876,0.05893915891647339,0.05893915891647339,0.05893915891647339,0.05893915891647339,0.0009665466495789587,0.0009665466495789587,0.0009665466495789587,0.0009665466495789587,0.38186323642730713,0.38186323642730713,0.38186323642730713,0.38186323642730713
song_85e6b8fd6d29f033e4eb7cb7429a786911bc55d88ba57c397123fb7cb5ff9c89,success,lyriclens,classifier-panel-v1,201,1,1022,193,198,74391f6fc75c3b0b2e6de9b827d8167d1c7b3436d4e00d48f2e8fba97d529974,5ed2aad8cd9b7325a0a9c111cd90c0dd17c4bf5fe7c5ed0d5e4626c9f006bc2e,0.008024722337722778,0.008024722337722778,0.008024722337722778,0.008024722337722778,0.9931382536888123,0.9931382536888123,0.9931382536888123,0.9931382536888123,0.00257841101847589,0.00257841101847589,0.00257841101847589,0.00257841101847589,0.010900039225816727,0.010900039225816727,0.010900039225816727,0.010900039225816727
song_4db06392bfcf969f7324a5b9dc24bde01061fbef474f64154ea5b116a503c454,success,lyriclens,classifier-panel-v1,281,1,1022,267,276,5b7acfdb26019dc618895141d31a3d193c4eab8275f8ab84990aafe10025766c,cedeb41d93d504f0758b96b390687756b2b33890a8aa398dbeb3d1a10ca9f7f3,0.26486143469810486,0.26486143469810486,0.26486143469810486,0.26486143469810486,0.005184653680771589,0.005184653680771589,0.005184653680771589,0.005184653680771589,0.0037673336919397116,0.0037673336919397116,0.0037673336919397116,0.0037673336919397116,0.004737477283924818,0.004737477283924818,0.004737477283924818,0.004737477283924818
song_998bc37c190dff49fde971e79accf4badc8b6cfaf976b48a0ee35395bfbd062d,success,lyriclens,classifier-panel-v1,385,1,1022,349,351,e6b51130e8f2916ecc678063f1636030ff340dfcb6bd02955f28adffa45029ee,63ad4706687bc6c37e98efcc696b1aada1638466ee957227c549f694c854d5e5,0.0011998198460787535,0.0011998198460787535,0.0011998198460787535,0.0011998198460787535,0.24308639764785767,0.24308639764785767,0.24308639764785767,0.24308639764785767,0.011808957904577255,0.011808957904577255,0.011808957904577255,0.011808957904577255,0.0028946991078555584,0.0028946991078555584,0.0028946991078555584,0.0028946991078555584
song_dd485d25877ca1180d8dfe3c9fd36a556c930b5c2f8cf45973c034db9ddaf484,success,lyriclens,classifier-panel-v1,382,1,1022,370,381,44a31895c5882a530e97940a2f8cd853412fd30e2b977f7c30ca64dcee02c6a5,d13c288860c4fb58b0b59eedfeddb52a02236241e73b36ec4ea0673fb4d94564,0.001178474398329854,0.001178474398329854,0.001178474398329854,0.001178474398329854,0.13596539199352264,0.13596539199352264,0.13596539199352264,0.13596539199352264,0.0022106238175183535,0.0022106238175183535,0.0022106238175183535,0.0022106238175183535,0.007357532624155283,0.007357532624155283,0.007357532624155283,0.007357532624155283
song_97cfc67489dd849a26253fcdefcaff63ecc2b80e39a5a4b394c09a496e723f59,success,lyriclens,classifier-panel-v1,559,1,1022,544,551,aba667bab7bddcfb779f882997eb7e9f6378c7babd8919ebcfbf7022eabe6e53,51d7c741a9b0da81a823abc1043808edb35d5e27a00ef5b7b9cc33c5c34a991d,0.7929422855377197,0.7929422855377197,0.7929422855377197,0.7929422855377197,0.9942104816436768,0.9942104816436768,0.9942104816436768,0.9942104816436768,0.9952747821807861,0.9952747821807861,0.9952747821807861,0.9952747821807861,0.9975057244300842,0.9975057244300842,0.9975057244300842,0.9975057244300842
song_e0a36a17d8a781eb85e23d922f0348860628a7b53cfa659379924565775bb4b5,success,lyriclens,classifier-panel-v1,354,1,1022,332,352,f5ac341ab7e369a0a144ae7c07f6059edd83fc6fbcb5ca04a698421dd613abec,b16b6e40fa6d1c47c4442d443623004dbff58b390d8eb50e9a5114f0a625259c,0.9431018233299255,0.9431018233299255,0.9431018233299255,0.9431018233299255,0.979600727558136,0.979600727558136,0.979600727558136,0.979600727558136,0.002858219901099801,0.002858219901099801,0.002858219901099801,0.002858219901099801,0.9941689968109131,0.9941689968109131,0.9941689968109131,0.9941689968109131
song_1412311414a73f8a8432337045a7f785b4dab467abd618d008b2ae0948df2b24,success,lyriclens,classifier-panel-v1,364,1,1022,340,364,c3e9036e09adee353d2fb23239719248a5f4c21960e04cae22e272ef77120a87,451d264a0a153caaeb9406c1e63d8dd589d0199b7085271a2c42b5d1acc726e8,0.007540689781308174,0.007540689781308174,0.007540689781308174,0.007540689781308174,0.009760149754583836,0.009760149754583836,0.009760149754583836,0.009760149754583836,0.0028232168406248093,0.0028232168406248093,0.0028232168406248093,0.0028232168406248093,0.004467803053557873,0.004467803053557873,0.004467803053557873,0.004467803053557873
song_120331d2247754424d30484b3670c2d5c1ce827e7072814177b00993de5c5d32,success,lyriclens,classifier-panel-v1,138,1,1022,133,134,f945a430a894028fda2ebbe7467094a60bdc688b4cdd58844ebf4c6ab7df8e83,4b32e871db7ba4b6a7eddb198d812df3e03c755e72585809504cca3c39b5250f,0.007268315181136131,0.007268315181136131,0.007268315181136131,0.007268315181136131,0.002279534237459302,0.002279534237459302,0.002279534237459302,0.002279534237459302,0.011329008266329765,0.011329008266329765,0.011329008266329765,0.011329008266329765,0.009002335369586945,0.009002335369586945,0.009002335369586945,0.009002335369586945
song_78c324bb1753edee02a96e81fa7c91ef1a4f1af07ad7ab4255aea291c7478be7,success,lyriclens,classifier-panel-v1,209,1,1022,197,209,2f9298cc68f3d392d1c6a354ab91ced7c5c6aca30507851e3a4973ee65b66cea,0a9f87aeab20f54973b82948269dba0951d7f79896189aa820b4bb75938011d4,0.0021000588312745094,0.0021000588312745094,0.0021000588312745094,0.0021000588312745094,0.9374442100524902,0.9374442100524902,0.9374442100524902,0.9374442100524902,0.0027991561219096184,0.0027991561219096184,0.0027991561219096184,0.0027991561219096184,0.004727482795715332,0.004727482795715332,0.004727482795715332,0.004727482795715332
song_f808ae4b4563a70d26400ffefa5cf76248b7c2025e1b427ec117cf0e0aee87de,success,lyriclens,classifier-panel-v1,397,1,1022,357,397,162aa0fd04e69ac9b264d945c4b5fc067d17769fdb2a487bffc7cde87c75765b,73c30319256f04e30eb646536286ba2ebe6edc59aec0d52a1b18529f11343ba4,0.012238612398505211,0.012238612398505211,0.012238612398505211,0.012238612398505211,0.996245801448822,0.996245801448822,0.996245801448822,0.996245801448822,0.00888052023947239,0.00888052023947239,0.00888052023947239,0.00888052023947239,0.004742637742310762,0.004742637742310762,0.004742637742310762,0.004742637742310762
song_4881f8befad3c29b4557c7e7b5c098ce567212185b88f68f63c0717cfc803994,success,lyriclens,classifier-panel-v1,585,1,1022,544,578,94cd605226c99db1089209666ce0516e29d85760e83f21a160364b8032a0b1dc,951757bf625a65d075361301de12c94837908dfc34ed8e89b8d1c5c96c72a70b,0.024933679029345512,0.024933679029345512,0.024933679029345512,0.024933679029345512,0.001924952957779169,0.001924952957779169,0.001924952957779169,0.001924952957779169,0.8646829724311829,0.8646829724311829,0.8646829724311829,0.8646829724311829,0.003681028028950095,0.003681028028950095,0.003681028028950095,0.003681028028950095
song_ce55a9b58d73f0eaccd32f2d0b15687e9ff76c2ac47b5977a2c0507e07f966cc,success,lyriclens,classifier-panel-v1,315,1,1022,287,313,d1df3456db7ff04ef49c3e37a4a145cc8dfeb1a69317bdfc2a25aba20a8c74a9,a3c1fffefe162880dfa9f39396878005487976fb19db268b3d4631dd1638e8d2,0.0019396288553252816,0.0019396288553252816,0.0019396288553252816,0.0019396288553252816,0.023937424644827843,0.023937424644827843,0.023937424644827843,0.023937424644827843,0.4463725984096527,0.4463725984096527,0.4463725984096527,0.4463725984096527,0.9905704259872437,0.9905704259872437,0.9905704259872437,0.9905704259872437
song_afd6a3e1bb701e4109e7db538528052981f38587e8a519600ab7591d040fd1d1,success,lyriclens,classifier-panel-v1,474,1,1022,461,468,4096d1c07903f55868bdf7d8db1ad892df7c25b96c500c18e1e0af435517a1cd,d6b6d4e69571de14285bb3a457368711aaa88f4e22849d27ca9a3a0cf1592ecf,0.0049600559286773205,0.0049600559286773205,0.0049600559286773205,0.0049600559286773205,0.9211081266403198,0.9211081266403198,0.9211081266403198,0.9211081266403198,0.0021992779802531004,0.0021992779802531004,0.0021992779802531004,0.0021992779802531004,0.0022586884442716837,0.0022586884442716837,0.0022586884442716837,0.0022586884442716837
song_3a96b875068a9d12032c2372e69e8054ed77f3ae4351d6222ca3dbd78800372c,success,lyriclens,classifier-panel-v1,226,1,1022,213,226,19524f31f0e95e96ff0717a68dd9e90ea1074cb8c1735a1ecfdb30ce6cc6e1a9,b5c081b825776acb67ecaa4965ae3766ce0d43f55322c829c340e74190481083,0.0027277895715087652,0.0027277895715087652,0.0027277895715087652,0.0027277895715087652,0.9838030338287354,0.9838030338287354,0.9838030338287354,0.9838030338287354,0.004282643087208271,0.004282643087208271,0.004282643087208271,0.004282643087208271,0.007189508527517319,0.007189508527517319,0.007189508527517319,0.007189508527517319
song_063fd071844935e8fd4f1395eeee736a147d3f13acd2103cd7ddd076c93ada6a,success,lyriclens,classifier-panel-v1,296,1,1022,244,293,fe9113b89c7f45c684ee1bf60fe54f0a9eab5ef7c9cd75174bd349e2ba825db1,1e320885b41aeed14ec06c381268b525b6ef4d97bab06fca8c37936fa082e07d,0.03995446860790253,0.03995446860790253,0.03995446860790253,0.03995446860790253,0.9949954748153687,0.9949954748153687,0.9949954748153687,0.9949954748153687,0.0028012145776301622,0.0028012145776301622,0.0028012145776301622,0.0028012145776301622,0.005135972052812576,0.005135972052812576,0.005135972052812576,0.005135972052812576
song_e162690ceb18a23db578427f419ce7ba989a0b27499e2b403a37fe3ad800b82c,success,lyriclens,classifier-panel-v1,199,1,1022,194,194,452ca70787376afcb53dd4a72e7b8ecbc25dfac1e58547d4d16e5e4e7e708211,814aeaa425633cee9baf8539da9b17e75121644a0ffd8ea38e234f5dee76a64b,0.02467094175517559,0.02467094175517559,0.02467094175517559,0.02467094175517559,0.022892555221915245,0.022892555221915245,0.022892555221915245,0.022892555221915245,0.0015642346115782857,0.0015642346115782857,0.0015642346115782857,0.0015642346115782857,0.0020753468852490187,0.0020753468852490187,0.0020753468852490187,0.0020753468852490187
song_e1a7f29430e196c1d83a8f58a4a17f41d5c2fadde8c3cf34dee5280016e53eda,success,lyriclens,classifier-panel-v1,271,1,1022,249,267,6acfe31e48297ff2c767eb4afb5623166de0ac96a5c7c4fa83c5ef53ed1bda21,843c915912498e90bf381333666b982b863779fe13f2ab5f2b91f82e16993eef,0.0031045821961015463,0.0031045821961015463,0.0031045821961015463,0.0031045821961015463,0.008839840069413185,0.008839840069413185,0.008839840069413185,0.008839840069413185,0.025209208950400352,0.025209208950400352,0.025209208950400352,0.025209208950400352,0.0023806262761354446,0.0023806262761354446,0.0023806262761354446,0.0023806262761354446
song_8c9359eb2bcab6780ed3a7cdca143da09375324d2952065a07d7adb88bf11161,success,lyriclens,classifier-panel-v1,188,1,1022,174,187,ab956efd346e8066610ccb4d9914b6578d8bf3b173e177655f925c6a54ad8690,562cfeb3cae97ecf901c130647679078f3d0b71f83810cfa8e5663716a523d3b,0.005475311074405909,0.005475311074405909,0.005475311074405909,0.005475311074405909,0.005034341011196375,0.005034341011196375,0.005034341011196375,0.005034341011196375,0.004518037661910057,0.004518037661910057,0.004518037661910057,0.004518037661910057,0.007988020777702332,0.007988020777702332,0.007988020777702332,0.007988020777702332
song_c43007be651fa0550c65f2144da21b53f1782e23930c836fda226c0c04eec799,success,lyriclens,classifier-panel-v1,228,1,1022,216,222,61d9dd6f78420df505df853530a02793952fd2b9552cebafcf5aef24b633e771,7c60d28197c71822e5e73ad2a08708408e9700c109331e743c2cf31a55040217,0.01146100927144289,0.01146100927144289,0.01146100927144289,0.01146100927144289,0.0018512398237362504,0.0018512398237362504,0.0018512398237362504,0.0018512398237362504,0.007165026850998402,0.007165026850998402,0.007165026850998402,0.007165026850998402,0.012790537439286709,0.012790537439286709,0.012790537439286709,0.012790537439286709
song_dde6cccf06049e639f7a816a60982f1646926c7007a974ecfcd938c2dbf1c191,success,lyriclens,classifier-panel-v1,302,1,1022,277,299,dfcc53f438e29b462ef13ef1a805ad403fce0600bd2126d65288b1d743027d0c,6b472ba10f7b295defb3cbff40f2be823d4c6f5dc85bb9d9759108b736211899,0.009713639505207539,0.009713639505207539,0.009713639505207539,0.009713639505207539,0.021718814969062805,0.021718814969062805,0.021718814969062805,0.021718814969062805,0.0051387702114880085,0.0051387702114880085,0.0051387702114880085,0.0051387702114880085,0.9976746439933777,0.9976746439933777,0.9976746439933777,0.9976746439933777
song_48c9a31f32d37489d6e49c8e3c9c2b203b5393562fbdbb3ce735de99f9c08e9e,success,lyriclens,classifier-panel-v1,111,1,1022,105,105,52fbd43eb3bfb03a39083bfb08add19b7d8c650a5a586ca28572a17b511de240,86688fa9b06ac5f1da3f31b1abd30f2f46e33212e86b93189e306ebb14ce4fbf,0.002260863548144698,0.002260863548144698,0.002260863548144698,0.002260863548144698,0.3052104413509369,0.3052104413509369,0.3052104413509369,0.3052104413509369,0.0018238002667203546,0.0018238002667203546,0.0018238002667203546,0.0018238002667203546,0.0023736886214464903,0.0023736886214464903,0.0023736886214464903,0.0023736886214464903
song_05be1f29e67911d8e269dbbba495ee25b92120a0aba32db094923f7adf2183b7,success,lyriclens,classifier-panel-v1,139,1,1022,135,135,5f676f570f4e80fc37b6829f69be6719808857161a27368334d1569f38fc5bf4,009b889b60b6c342f594c2bf0efea537ad62be5f84f790b459ea360a710ad513,0.0055099246092140675,0.0055099246092140675,0.0055099246092140675,0.0055099246092140675,0.0026399297639727592,0.0026399297639727592,0.0026399297639727592,0.0026399297639727592,0.027904991060495377,0.027904991060495377,0.027904991060495377,0.027904991060495377,0.0052664997056126595,0.0052664997056126595,0.0052664997056126595,0.0052664997056126595
song_56bdd8217899c9e589dcd9c9815cd8a10cefaf5d231d74e390d1dde403f23b9e,success,lyriclens,classifier-panel-v1,255,1,1022,232,244,26a2e19f699a808ed931c421693dbcafdc37085de49dacb827af3f005899c698,d96f4ecd657c67b9637a2137012f16e21c9b60784de916decf1cc619044bff7d,0.008852709084749222,0.008852709084749222,0.008852709084749222,0.008852709084749222,0.015807460993528366,0.015807460993528366,0.015807460993528366,0.015807460993528366,0.004732138477265835,0.004732138477265835,0.004732138477265835,0.004732138477265835,0.001765638473443687,0.001765638473443687,0.001765638473443687,0.001765638473443687
song_e860962415e52ac4be856ff3fa67796897ffd7bed74fc6959aa53ced2839c9e0,success,lyriclens,classifier-panel-v1,247,1,1022,245,247,1a9a4b93dfeb310e9537823ae838ff8d4f4e9305d9049fcd6029d7754748e231,2165467a27f374346faf6daa528bc7469338b320291393d7c18d9677b804ad7b,0.0007651577470824122,0.0007651577470824122,0.0007651577470824122,0.0007651577470824122,0.046019718050956726,0.046019718050956726,0.046019718050956726,0.046019718050956726,0.007610272616147995,0.007610272616147995,0.007610272616147995,0.007610272616147995,0.010327884927392006,0.010327884927392006,0.010327884927392006,0.010327884927392006
song_179feb8a79929d69156bfaf7c8ed48a7d01d17db6762f40e1d540507cc4f76e6,success,lyriclens,classifier-panel-v1,722,1,1022,611,624,91de81a8c96dfb3a9f7e59c48337c7869766e31704c97c08960861fd4ca830a9,01ebf9682aa48316e239e76842de1b9ff22adb65ea396e17bfd428a911ca0e2c,0.9964368343353271,0.9964368343353271,0.9964368343353271,0.9964368343353271,0.9856747984886169,0.9856747984886169,0.9856747984886169,0.9856747984886169,0.9980491399765015,0.9980491399765015,0.9980491399765015,0.9980491399765015,0.05327451601624489,0.05327451601624489,0.05327451601624489,0.05327451601624489
song_a9824e4acd085fbd53e561a95b0a44b852833928c774ab7affba998ddfec95a6,success,lyriclens,classifier-panel-v1,207,1,1022,191,199,7358e388ec50d62a98dff15f2987b7f389927888d53b9bf7e4906549542b36d0,b95bf6cbf17bae4bdfcd487091205c6ad32f9b3a733ebefaf2571d73d968abcf,0.9823169112205505,0.9823169112205505,0.9823169112205505,0.9823169112205505,0.9992576241493225,0.9992576241493225,0.9992576241493225,0.9992576241493225,0.04951094090938568,0.04951094090938568,0.04951094090938568,0.04951094090938568,0.0336122028529644,0.0336122028529644,0.0336122028529644,0.0336122028529644
song_8dc915eed4c70e3c837e01cd5e20204612237664f511b3bef8fbde1bbd51f7d9,success,lyriclens,classifier-panel-v1,586,1,1022,505,526,65c9dffb0d36140aec24016299e3e0a7def5f523feb0653f39e807b807820ea8,15396b483f253034b8728e487b37634addb81b5a5a0c6c4888ce7ce48f65618a,0.42990240454673767,0.42990240454673767,0.42990240454673767,0.42990240454673767,0.9984478950500488,0.9984478950500488,0.9984478950500488,0.9984478950500488,0.9937177896499634,0.9937177896499634,0.9937177896499634,0.9937177896499634,0.018211903050541878,0.018211903050541878,0.018211903050541878,0.018211903050541878
song_fcee43b920ec51e027d82e5ebc7bf690e03815c44a91d5aaaa74f62fb232fd79,success,lyriclens,classifier-panel-v1,1025,2,1022,544,544,fd30e27cd6b03f3ecc6612c75779cb3d2557980893c704cac146fd2198390a4a,ca479506fcf2d5a720770c8ad9d1336a7348b8e1ddcf0ebdd3ec9d1fe4138250,0.10828378796577454,0.10808515548706055,0.10824406147003174,0.10808496169927644,0.24011704325675964,0.18756985664367676,0.2296076059341431,0.18762112219159197,0.10207612067461014,0.07703243941068649,0.09706738442182541,0.07700800655091682,0.003550468711182475,0.0027770859887823462,0.0033957921667024495,0.0027763314690531756
song_e5a9b37663cfbdb5ae172e52dd414002d0cd701bc5969a41cb382007b35a9092,success,lyriclens,classifier-panel-v1,1069,2,1022,946,960,b0e1d82b974c4e7db52113930dfc0c8257d0b6153980baff5f54d92317b0167f,f0790765a3c79f8de242e21b3b3929943e1b84712e71398774ccc7663c7666dc,0.9990198612213135,0.9989646077156067,0.9990088105201721,0.9989645560285106,0.9986099004745483,0.9294280707836151,0.9847735345363617,0.929363354385401,0.9437035322189331,0.8627259433269501,0.9275080144405365,0.8628016941116947,0.9987704157829285,0.6860167384147644,0.9362196803092957,0.6863093049978964
song_ddd4c1911d61ba872c932e1ebf7bab492d51ca29e94feea236ab5efa08127983,success,lyriclens,classifier-panel-v1,179,1,1022,167,175,f060bb8cfbf9898dacf180043c1a9c73db68ad03773eb70ae15ffdf9883492ad,d3f0042bcc998b32690802eea59bc6c67f96778f9405423da4def510454241e4,0.006788845174014568,0.006788845174014568,0.006788845174014568,0.006788845174014568,0.9980813264846802,0.9980813264846802,0.9980813264846802,0.9980813264846802,0.014733776450157166,0.014733776450157166,0.014733776450157166,0.014733776450157166,0.02033899910748005,0.02033899910748005,0.02033899910748005,0.02033899910748005
song_982e85e0772bde84905c4e66075cab71738b9c33711f12180e2c9ebc6a30e58e,success,lyriclens,classifier-panel-v1,479,1,1022,464,469,c741b6bb93c8833631da7b1881fe696c8a08b08e57bfa36e287141cd97e74e89,7c72883093bd48df3528de6fd6eb18351a9b2abe0622a8eafec0e79de4a115da,0.0018483063904568553,0.0018483063904568553,0.0018483063904568553,0.0018483063904568553,0.25052326917648315,0.25052326917648315,0.25052326917648315,0.25052326917648315,0.006001843139529228,0.006001843139529228,0.006001843139529228,0.006001843139529228,0.9908521771430969,0.9908521771430969,0.9908521771430969,0.9908521771430969
song_a6cc3d1c997f8e07adade9fd28c157e4d03f4f8f4987adaac8a306b72b6f13a6,success,lyriclens,classifier-panel-v1,289,1,1022,258,283,2e1a0cdf870cfd21b467587a6983ef260320cda0cd2c0e9a3e4e65119bda72c4,b3ca77ece4d864c729ae3ca4b408c7acefc26f5ab13a6e03bddb76cf87efe146,0.07094671577215195,0.07094671577215195,0.07094671577215195,0.07094671577215195,0.9988493919372559,0.9988493919372559,0.9988493919372559,0.9988493919372559,0.0194352176040411,0.0194352176040411,0.0194352176040411,0.0194352176040411,0.006292937323451042,0.006292937323451042,0.006292937323451042,0.006292937323451042
song_3be80d6898e6d7126085bef1a2e577252c3acb8d6fb29059cd60aa374c032093,success,lyriclens,classifier-panel-v1,693,1,1022,596,610,b58577a84a6d3c8ca87d5d624ee4fe7dc17460b9d63fd368addbe07a7e7fc203,35bdf5cffb6ad3718690d7b69df8b8e66dbc65f71387cd9e70cf0233d437a61b,0.9996194839477539,0.9996194839477539,0.9996194839477539,0.9996194839477539,0.21070079505443573,0.21070079505443573,0.21070079505443573,0.21070079505443573,0.8851210474967957,0.8851210474967957,0.8851210474967957,0.8851210474967957,0.990778923034668,0.990778923034668,0.990778923034668,0.990778923034668
song_59b578620c6f147ffde7e2fc69ee9a4809e9a70977488526ad587f45fee9ae3c,success,lyriclens,classifier-panel-v1,617,1,1022,547,609,1c9e200d0c2541e800905a8908921c3f77e632a00f26db2a89294ea3389ad70d,c836673b8906e0c9179e9707980c63ac237a8341f63f4ee78d0f43d9e962bfae,0.02468368597328663,0.02468368597328663,0.02468368597328663,0.02468368597328663,0.9971727132797241,0.9971727132797241,0.9971727132797241,0.9971727132797241,0.0045445626601576805,0.0045445626601576805,0.0045445626601576805,0.0045445626601576805,0.0077136666513979435,0.0077136666513979435,0.0077136666513979435,0.0077136666513979435
song_4cc7506f1e8d8210be05ab31ae91bd610554d866b02bf85d1040cd114b42b273,success,lyriclens,classifier-panel-v1,220,1,1022,207,220,d36ca61a7d48378819d322639e6131ba77ae0f6e031ba61562c95a7bb9640d0c,e68f57d1bf36da89be8b3ad132bcb4a61f7b8309d882fb3d3befac481018b75c,0.013341464102268219,0.013341464102268219,0.013341464102268219,0.013341464102268219,0.004803181625902653,0.004803181625902653,0.004803181625902653,0.004803181625902653,0.007138718850910664,0.007138718850910664,0.007138718850910664,0.007138718850910664,0.0031601726077497005,0.0031601726077497005,0.0031601726077497005,0.0031601726077497005
song_a22606f73b2eb26912bcd4c63b31ac5c72f573b98d06a74097ac6988b8a4761a,success,lyriclens,classifier-panel-v1,305,1,1022,295,303,71be88344ade240a4fdc3028ae667a26144994cfa3b944161876d4db0a475fd3,942cc577d1bdfc9b813f69194ea72e546e4770da6f6f8ffdb56402f17c92cee2,0.0013225411530584097,0.0013225411530584097,0.0013225411530584097,0.0013225411530584097,0.9037269949913025,0.9037269949913025,0.9037269949913025,0.9037269949913025,0.0042229448445141315,0.0042229448445141315,0.0042229448445141315,0.0042229448445141315,0.004566848743706942,0.004566848743706942,0.004566848743706942,0.004566848743706942
song_be18506dff183b6a8ee7e34e0063fde1d8f047a431bce1ad15210cd247070d71,success,lyriclens,classifier-panel-v1,652,1,1022,586,630,4fbbe99b5fad58cc08f65a272f03ee53ea321adc274ab546e3f5fed321e06a4e,4bacf7e57e9b92a880a1217e5b80e2211109b770631bb854fe37881183beacc3,0.15365906059741974,0.15365906059741974,0.15365906059741974,0.15365906059741974,0.9276513457298279,0.9276513457298279,0.9276513457298279,0.9276513457298279,0.00231275730766356,0.00231275730766356,0.00231275730766356,0.00231275730766356,0.0014143086737021804,0.0014143086737021804,0.0014143086737021804,0.0014143086737021804
song_431842b1312020e5d414f0de65e5c9ec072969ac8df182145eb4f25f39e9a5d3,success,lyriclens,classifier-panel-v1,302,1,1022,296,300,e4468202ca6130c0bc322d6de2293247f257d7a08b84b9ac3de9132daf56ff47,594671fa1a8babdd446d0e4c8d9dd82971c61947c2167137e47a18a35402dd59,0.003885838435962796,0.003885838435962796,0.003885838435962796,0.003885838435962796,0.982672929763794,0.982672929763794,0.982672929763794,0.982672929763794,0.003523698076605797,0.003523698076605797,0.003523698076605797,0.003523698076605797,0.004757922142744064,0.004757922142744064,0.004757922142744064,0.004757922142744064
song_a774cd098b6d541712b9c125d8283d2050e37bbd30ccb15a2f46def348e4cd32,success,lyriclens,classifier-panel-v1,270,1,1022,208,212,4316181b1d7967eb4750ec778c6111a095eec8f3522f51902e26dd093ff386d1,453f72d70981a1e26fa402d2558e49c9460b04602f6930d824f62e9da94ebf99,0.002263137372210622,0.002263137372210622,0.002263137372210622,0.002263137372210622,0.11587005108594894,0.11587005108594894,0.11587005108594894,0.11587005108594894,0.001057934365235269,0.001057934365235269,0.001057934365235269,0.001057934365235269,0.619981050491333,0.619981050491333,0.619981050491333,0.619981050491333
song_bc36f76c0600a69cd4e5b99246c99c1d53f92053556b363163a3317600484a6a,success,lyriclens,classifier-panel-v1,387,1,1022,338,365,24d2b1adbe6d78329e83ef6faef6f282650be1be197119fc4948dea87e77cd22,81f5170c384cba442a5c81290e2c0d85bfc07befb03ef18de64c0adc32af3cfc,0.5267666578292847,0.5267666578292847,0.5267666578292847,0.5267666578292847,0.9841945171356201,0.9841945171356201,0.9841945171356201,0.9841945171356201,0.0014577910769730806,0.0014577910769730806,0.0014577910769730806,0.0014577910769730806,0.003502081846818328,0.003502081846818328,0.003502081846818328,0.003502081846818328
song_668b336197fa733f28d2114cb0d4483a98714bc5a9eccdd49869518404fafff0,success,lyriclens,classifier-panel-v1,244,1,1022,230,235,7a4ce57a61053412580d2ecd67ffdf825e8b4fb67c5cea8d2a6d25031daf6d9a,d9aec82d8e599c9f5a8945ffe8861d387e3adcfb7f1e7b9df8b07d5121ebdbde,0.03090703673660755,0.03090703673660755,0.03090703673660755,0.03090703673660755,0.9953603148460388,0.9953603148460388,0.9953603148460388,0.9953603148460388,0.0032218778505921364,0.0032218778505921364,0.0032218778505921364,0.0032218778505921364,0.005273283459246159,0.005273283459246159,0.005273283459246159,0.005273283459246159
song_a5ffceb48df141a6ead277d91c687b6b6f87f4e4a27eaca6b77af8deac820a52,success,lyriclens,classifier-panel-v1,256,1,1022,245,251,2740d098d210ac5fea54a7260629d3c1ba0b0d0fc1d1adec66910b88f35e49f8,828292d68204c951de704970abb0b6a0a408d56e4a43241e980ac3622b2be8d5,0.002830341923981905,0.002830341923981905,0.002830341923981905,0.002830341923981905,0.01382358092814684,0.01382358092814684,0.01382358092814684,0.01382358092814684,0.009687346406280994,0.009687346406280994,0.009687346406280994,0.009687346406280994,0.0031784307211637497,0.0031784307211637497,0.0031784307211637497,0.0031784307211637497
song_828a2fabc32543ca52c9c7d0e53a3f25f6182b996df6b3fcb860b8c631774b4c,success,lyriclens,classifier-panel-v1,397,1,1022,381,385,7fa24083cf5458524659a61a207327cb7cf66d84f6ad333830e803d010eba06a,b646dfaccff3f82059e94f70ee781266d1686afb901e2406a6b4dc9d29cf9624,0.019177554175257683,0.019177554175257683,0.019177554175257683,0.019177554175257683,0.9854281544685364,0.9854281544685364,0.9854281544685364,0.9854281544685364,0.002223399467766285,0.002223399467766285,0.002223399467766285,0.002223399467766285,0.0032091590110212564,0.0032091590110212564,0.0032091590110212564,0.0032091590110212564
song_73fbb9f604cb292bdaf3f319390e188d21615475a6a3d28edf6ac1e542bb9ab8,success,lyriclens,classifier-panel-v1,632,1,1022,521,607,846c27ada5a5e772d75a8325d2f63a63ee1b7bb675451599a68496f57695e96a,095411b63fb0a9002e9f3d38f8045b9de093f754980c3854ed82128c981dad2e,0.9980977177619934,0.9980977177619934,0.9980977177619934,0.9980977177619934,0.9756882786750793,0.9756882786750793,0.9756882786750793,0.9756882786750793,0.00516203697770834,0.00516203697770834,0.00516203697770834,0.00516203697770834,0.02497812919318676,0.02497812919318676,0.02497812919318676,0.02497812919318676
song_e319997d3f69b195d329284eff16e1d5872564140a461c7a55a80ac6bddbc9cc,success,lyriclens,classifier-panel-v1,291,1,1022,278,287,301fbf834772eaf6cb76a454093446522108faef542df7765454831e60af04d7,6d0cf9df5b183944287f2cf3f2d7b30d04cd8980ad5f1f63318d809a3554d368,0.004579151514917612,0.004579151514917612,0.004579151514917612,0.004579151514917612,0.4729609191417694,0.4729609191417694,0.4729609191417694,0.4729609191417694,0.0007179024978540838,0.0007179024978540838,0.0007179024978540838,0.0007179024978540838,0.006204881239682436,0.006204881239682436,0.006204881239682436,0.006204881239682436
song_7ca9c9ba50368ace4ab1ebc78a7987f6aec3f2ebfc55805c5aa8c879175e0b2a,success,lyriclens,classifier-panel-v1,259,1,1022,251,259,5f877006745ae5ae552b997af50020326f6480745e9a510af809ca545bc80984,f3af84cde334218070cc0b145822170113c2668b2daf9fc603a5f6f1cd1d5e9f,0.0017779801273718476,0.0017779801273718476,0.0017779801273718476,0.0017779801273718476,0.06860651820898056,0.06860651820898056,0.06860651820898056,0.06860651820898056,0.0018671099096536636,0.0018671099096536636,0.0018671099096536636,0.0018671099096536636,0.00782586820423603,0.00782586820423603,0.00782586820423603,0.00782586820423603
song_316a0b9ba7277c09179f346f5f806cf819a8fc0641ac5d42b6558a4c972dc6aa,success,lyriclens,classifier-panel-v1,314,1,1022,319,313,23eedc49777f9e3075879a19c3bbed4f9a91be8a4933f3bc606ac2f5217248ef,54b61e0f039fb8870b2f02d2e6d6c98e7f9773063ca5377ec91577c5e6815bbb,0.0058104488998651505,0.0058104488998651505,0.0058104488998651505,0.0058104488998651505,0.0014629121869802475,0.0014629121869802475,0.0014629121869802475,0.0014629121869802475,0.005736705381423235,0.005736705381423235,0.005736705381423235,0.005736705381423235,0.07490777969360352,0.07490777969360352,0.07490777969360352,0.07490777969360352
song_e12f73c01a9b74f42d83be6090427aacf2b73668f80c0ff93c72f9ce5a7a0f79,success,lyriclens,classifier-panel-v1,142,1,1022,131,142,7e68773f828f1c770bae174f0a47b898fae1717a4f11583ba24c41707e143074,a815f3c671e5a79439a9b8977c48c6a612728d41d3b51d229b1c191213bfb311,0.006491331849247217,0.006491331849247217,0.006491331849247217,0.006491331849247217,0.003093102714046836,0.003093102714046836,0.003093102714046836,0.003093102714046836,0.015253061428666115,0.015253061428666115,0.015253061428666115,0.015253061428666115,0.005599997937679291,0.005599997937679291,0.005599997937679291,0.005599997937679291
song_60e2979073e5573acf270d7fd14a51c86cbc41f3db455270246563c9aa8ece7d,success,lyriclens,classifier-panel-v1,297,1,1022,272,297,dc6c546a68039ca1a149e990301e96d93bf075d1352ba0272b634d4a63275c84,8577a2f9e6ca0dfcc75fb774ca3dfbfa570fc867d393f12a064ed5da5dfe4a4a,0.005964149255305529,0.005964149255305529,0.005964149255305529,0.005964149255305529,0.0030263743828982115,0.0030263743828982115,0.0030263743828982115,0.0030263743828982115,0.004655684344470501,0.004655684344470501,0.004655684344470501,0.004655684344470501,0.01606404408812523,0.01606404408812523,0.01606404408812523,0.01606404408812523
song_0b640ff50889535179208394488f8a0238ceb517a43c66b5928d1e8be421878e,success,lyriclens,classifier-panel-v1,268,1,1022,246,264,4aeb3cb26e4e238b0469c1c13e9f93e79d143329c07a5f5ea89ec00685124879,9d2b83fd64b0b5879c6d23c4dcdacca4974aff4ff1b5cd02672364aa21b56824,0.03288920968770981,0.03288920968770981,0.03288920968770981,0.03288920968770981,0.006225131917744875,0.006225131917744875,0.006225131917744875,0.006225131917744875,0.0038127764128148556,0.0038127764128148556,0.0038127764128148556,0.0038127764128148556,0.002969418652355671,0.002969418652355671,0.002969418652355671,0.002969418652355671
song_7cfaf4be60351ae529bbb4b6a7b493826b52baf2985f565b0e889b3c23ab5e29,success,lyriclens,classifier-panel-v1,355,1,1022,355,352,38e1376bd07c94c48aecd9afde6a4f5ac5430ade8b0c8a54dcab7d11aa9d82c8,fc3fb79219955f640e4e67b54fedfa7446ea54810a6d75ca3c2ee61cde768b85,0.001291643362492323,0.001291643362492323,0.001291643362492323,0.001291643362492323,0.028445005416870117,0.028445005416870117,0.028445005416870117,0.028445005416870117,0.002480963943526149,0.002480963943526149,0.002480963943526149,0.002480963943526149,0.03208194300532341,0.03208194300532341,0.03208194300532341,0.03208194300532341
song_9a299229172ef4247b522973a28a572e71a62970370c1d7d60113d13f53c10fe,success,lyriclens,classifier-panel-v1,354,1,1022,334,339,34b35e5584493469293cf2c71beec6d84307ec645748c7e5512aabadec72a302,c8b547ea4c25deed90ca8af771ac4e3e51699119d4b0edb01eca8c53fc467c72,0.26151761412620544,0.26151761412620544,0.26151761412620544,0.26151761412620544,0.018143802881240845,0.018143802881240845,0.018143802881240845,0.018143802881240845,0.007248654495924711,0.007248654495924711,0.007248654495924711,0.007248654495924711,0.999237060546875,0.999237060546875,0.999237060546875,0.999237060546875
song_aa13e5b19bab07dc2e5fc83d007dd90e21decb27057023685ff0ca1d8ba13b42,success,lyriclens,classifier-panel-v1,615,1,1022,580,571,195bce8d27cd3879dab10ac995d29211d2cf82eb561e1128eda0f59f59d58dfd,c388affbf8f4a2304c7bbda083af7b8eab1e31cec5ac8cee8cd6030b24735cda,0.9846767783164978,0.9846767783164978,0.9846767783164978,0.9846767783164978,0.9943236112594604,0.9943236112594604,0.9943236112594604,0.9943236112594604,0.9934816360473633,0.9934816360473633,0.9934816360473633,0.9934816360473633,0.9966617822647095,0.9966617822647095,0.9966617822647095,0.9966617822647095
song_84fb3306a13f9324e94484bea63edeaa1e6248de1587badbb758a41c3fef27e6,success,lyriclens,classifier-panel-v1,678,1,1022,614,637,b99fd7c8fdcdae963fd4b72ddb7490964f4eb965f023fd71acf91aa3319ed5bc,83ddf662116c97cf94d4e35395181f173105e9f27084dac4546f64651a8de357,0.9973924160003662,0.9973924160003662,0.9973924160003662,0.9973924160003662,0.9930768013000488,0.9930768013000488,0.9930768013000488,0.9930768013000488,0.9981903433799744,0.9981903433799744,0.9981903433799744,0.9981903433799744,0.47581905126571655,0.47581905126571655,0.47581905126571655,0.47581905126571655
song_70546899a6e183f6372805a853d775765a7e8a8830aa028622ddbb39c3c6887a,success,lyriclens,classifier-panel-v1,183,1,1022,176,183,854c70104acf7e541369ce1f8fa5f7e9b16180fa7bce69fb5dae5a4d03087063,3d3192987b0135924c118da24ea14455144176e539631023b98a4202bdf62637,0.005982541479170322,0.005982541479170322,0.005982541479170322,0.005982541479170322,0.0022048098035156727,0.0022048098035156727,0.0022048098035156727,0.0022048098035156727,0.004820812027901411,0.004820812027901411,0.004820812027901411,0.004820812027901411,0.029758000746369362,0.029758000746369362,0.029758000746369362,0.029758000746369362
song_be496be8f147804f19e5da1c133d50508585f40e981a49067a86443a2c7dc9a8,success,lyriclens,classifier-panel-v1,604,1,1022,543,600,e39e40d3c92d3f292cb27f1029a99ab7a7c604aa6dcc77a0ba59e1d7818a2f58,2a2f5b4301fc822fdd257833fe5a996afe3cf3c491b75c9f0c9be7a90c9095d8,0.016072455793619156,0.016072455793619156,0.016072455793619156,0.016072455793619156,0.06488046050071716,0.06488046050071716,0.06488046050071716,0.06488046050071716,0.0014607689809054136,0.0014607689809054136,0.0014607689809054136,0.0014607689809054136,0.002205601893365383,0.002205601893365383,0.002205601893365383,0.002205601893365383
song_751d25e9b99372f7eda29a930ec0da919ff16f4b64b750d2e0374512195983b1,success,lyriclens,classifier-panel-v1,716,1,1022,661,669,4de28232f83c3c5c018f36a9eec0a7bb407158bae867e696c56de9e4498c7e80,81d50b4f3942ae091c1bde4728007f57301df24cacaca5b83e50f1afffe25534,0.9945549964904785,0.9945549964904785,0.9945549964904785,0.9945549964904785,0.9263061285018921,0.9263061285018921,0.9263061285018921,0.9263061285018921,0.9985647797584534,0.9985647797584534,0.9985647797584534,0.9985647797584534,0.9965006113052368,0.9965006113052368,0.9965006113052368,0.9965006113052368
song_098c94ccca359db8e6a9a7a5e4d678f28906d0b215ea72e613efcb940a06511c,success,lyriclens,classifier-panel-v1,399,1,1022,353,397,b976bb66079218f4427c551e44212d74cea29eb09c9b0e12d6aea499d51a35ab,38aa4e11e11039c81910ca0d8a461f6d1f15217fe4f020a7d3ebe8bbc7e4a5a9,0.1735343635082245,0.1735343635082245,0.1735343635082245,0.1735343635082245,0.006278812885284424,0.006278812885284424,0.006278812885284424,0.006278812885284424,0.002045904053375125,0.002045904053375125,0.002045904053375125,0.002045904053375125,0.004259700886905193,0.004259700886905193,0.004259700886905193,0.004259700886905193
song_e6845230ff4465513b07c709ef9606b96c83f7f91b85e8fdec7c2de6a73d283e,success,lyriclens,classifier-panel-v1,872,1,1022,813,805,ebffa7e7ffef069deefa9fbab7640daa9c9752e7ab84efd83f89eef431968c09,5c1b2a1eb905415c6a1a95b855bbb8af78f7dc97fbd3381cea4ee08fb57e8409,0.9949236512184143,0.9949236512184143,0.9949236512184143,0.9949236512184143,0.9934032559394836,0.9934032559394836,0.9934032559394836,0.9934032559394836,0.9802575707435608,0.9802575707435608,0.9802575707435608,0.9802575707435608,0.9976168870925903,0.9976168870925903,0.9976168870925903,0.9976168870925903
song_0c97bdf048572221cf295545083a45a1572bcc8f0c307a006c0956c93c908099,success,lyriclens,classifier-panel-v1,414,1,1022,361,409,302f16c08b138c7cc1dfc023e02404a5f6cf1343ef09d6f19ea9bce800018474,32745ef73b739bf5e2d532ca19d9fa2d3c9fabd539a32522a3456fb7c1c35f7b,0.01904650591313839,0.01904650591313839,0.01904650591313839,0.01904650591313839,0.27220138907432556,0.27220138907432556,0.27220138907432556,0.27220138907432556,0.0004770357918459922,0.0004770357918459922,0.0004770357918459922,0.0004770357918459922,0.005103136412799358,0.005103136412799358,0.005103136412799358,0.005103136412799358
song_beae324dbfbd3d29294643d2f1938b0205c4b9c455a55bd53f5c494c91253adb,success,lyriclens,classifier-panel-v1,669,1,1022,591,613,7ddeb2702b08dd18b8543a074b8077987e58ea91a33914f50e2d2df3d67813d8,f87b70010a77be54da9a82ada6a7b28be3dd626bdef37f642b40494852aa4237,0.002721993485465646,0.002721993485465646,0.002721993485465646,0.002721993485465646,0.004312332719564438,0.004312332719564438,0.004312332719564438,0.004312332719564438,0.5231844186782837,0.5231844186782837,0.5231844186782837,0.5231844186782837,0.015179365873336792,0.015179365873336792,0.015179365873336792,0.015179365873336792
song_f0e2473fede1564596bf6745d8c08d49d8691d1b0400bea70977b13783733095,success,lyriclens,classifier-panel-v1,384,1,1022,350,366,b56a0c68c87b01003268cfc565f22a392a7e662b792a6235c5c8df3c270f83fa,c3722ee1e037d0432ffc58c33bae84ec6e2173df140c40f99d8f03e906da50ac,0.9278365969657898,0.9278365969657898,0.9278365969657898,0.9278365969657898,0.9966959953308105,0.9966959953308105,0.9966959953308105,0.9966959953308105,0.9915217161178589,0.9915217161178589,0.9915217161178589,0.9915217161178589,0.9969182014465332,0.9969182014465332,0.9969182014465332,0.9969182014465332
song_2a152a848f4917084d006e080ecbb3c882aeafefc1a851978231c794e8f12e5a,success,lyriclens,classifier-panel-v1,570,1,1022,485,532,87d75fbc73517d65e07cff554ecd37683973602a26d9dfb0026c6235f55b7946,49fac7f071960718423328eaf157eb0243b12cf3b9fb180c34d7d54841550fcf,0.055126044899225235,0.055126044899225235,0.055126044899225235,0.055126044899225235,0.9982807636260986,0.9982807636260986,0.9982807636260986,0.9982807636260986,0.00883035734295845,0.00883035734295845,0.00883035734295845,0.00883035734295845,0.006396473851054907,0.006396473851054907,0.006396473851054907,0.006396473851054907
song_30ef708150de2342873ae91612db8d453d9c140ebfc4c161dee823d8c97e9a0c,success,lyriclens,classifier-panel-v1,334,1,1022,283,317,34ff920f2147b0cf4424547793975c9407a504860fe5f5ec7023ce38104700e2,10c2d39c53ca941c0d16e1527e9ae0e18780b4806cefa06464ba735f2e6e2a42,0.002153830137103796,0.002153830137103796,0.002153830137103796,0.002153830137103796,0.183668851852417,0.183668851852417,0.183668851852417,0.183668851852417,0.0012620497727766633,0.0012620497727766633,0.0012620497727766633,0.0012620497727766633,0.009147497825324535,0.009147497825324535,0.009147497825324535,0.009147497825324535
song_d49d1d25e207f2554afb89b51e0aa1da3d223127e941457fd797a5d7b01d75de,success,lyriclens,classifier-panel-v1,298,1,1022,273,280,7240ff03c3faeae0c70619b8b70a79bb8b9d15504879ed7671bd879bee63eba5,908845dd1cfebb06e0343ec9b7682ac3c4bbe677ee36788b9ecbbe0e947f8ae0,0.3515888452529907,0.3515888452529907,0.3515888452529907,0.3515888452529907,0.01205427385866642,0.01205427385866642,0.01205427385866642,0.01205427385866642,0.009605074301362038,0.009605074301362038,0.009605074301362038,0.009605074301362038,0.0026687229983508587,0.0026687229983508587,0.0026687229983508587,0.0026687229983508587
song_e8f0cbf6b127bb0d2d327524f99a3faffc1aa86c24cd4d6f2f351910f8dba31c,success,lyriclens,classifier-panel-v1,800,1,1022,670,774,560c15b6492a2caa65bce128162ae1d84b3708a741c134d4fea58a02148804db,d4a756f8e3b2a41146ffd51752ca5af3faa691c2af066edf90955e1fd2bf591a,0.4172559082508087,0.4172559082508087,0.4172559082508087,0.4172559082508087,0.004007620271295309,0.004007620271295309,0.004007620271295309,0.004007620271295309,0.0029010551515966654,0.0029010551515966654,0.0029010551515966654,0.0029010551515966654,0.007841852493584156,0.007841852493584156,0.007841852493584156,0.007841852493584156
song_49d0dea7fd546e82089ee720332cf4ab5b94fa2b3087f810f10461310152399a,success,lyriclens,classifier-panel-v1,433,1,1022,406,433,50cb5c7cdf5486ef56299fb65791ddaae4da84bc5380e4b7f38f9554f5535e2c,b5207cfddd9fae82dae06613f1e540ad69136861d787c936408a1c20ddf66650,0.9966906309127808,0.9966906309127808,0.9966906309127808,0.9966906309127808,0.6234683394432068,0.6234683394432068,0.6234683394432068,0.6234683394432068,0.008259543217718601,0.008259543217718601,0.008259543217718601,0.008259543217718601,0.002610348630696535,0.002610348630696535,0.002610348630696535,0.002610348630696535
song_a7ba1698c332881371ca56c4d18a568ac6781ccade4939e9b958bf3d29384d7a,success,lyriclens,classifier-panel-v1,280,1,1022,282,280,566d091cb8f38e14ca6b3b78cdd23880640147350c7a09d552ad94bf253594ef,701770b46c9529daee1ffe21ee438f597ff5f8cb9ad320875127f233eaca3067,0.002516684355214238,0.002516684355214238,0.002516684355214238,0.002516684355214238,0.006524838972836733,0.006524838972836733,0.006524838972836733,0.006524838972836733,0.009079192765057087,0.009079192765057087,0.009079192765057087,0.009079192765057087,0.008450872264802456,0.008450872264802456,0.008450872264802456,0.008450872264802456
song_5d5af3444c66dfa9b904e41deae67f9dc3da2e8afe113f76d35d7c17893c4021,success,lyriclens,classifier-panel-v1,512,1,1022,457,482,9d40b4d041a784aa65d082a41ede82adb528d72d91f20932464b3b3e87138a3c,38bafa84cc3c223775bd0089378460e5d1dc71b42be05dbe054ff23e94a54838,0.8535425066947937,0.8535425066947937,0.8535425066947937,0.8535425066947937,0.8776134252548218,0.8776134252548218,0.8776134252548218,0.8776134252548218,0.0005569396889768541,0.0005569396889768541,0.0005569396889768541,0.0005569396889768541,0.5042633414268494,0.5042633414268494,0.5042633414268494,0.5042633414268494
song_f1bddb6c30e8373851eaf182907b098d1766fc67c2fc89c0c55665db81104c46,success,lyriclens,classifier-panel-v1,330,1,1022,307,325,9a3c0ba28629bc1c8ae1c0aa412bed2668ca9089038f855b481fe4053435d9dd,a1aa27101dfd9c5f7c10bfead348b4b56f9dcdc959232cba3795349cf7abefdf,0.14955347776412964,0.14955347776412964,0.14955347776412964,0.14955347776412964,0.15987959504127502,0.15987959504127502,0.15987959504127502,0.15987959504127502,0.999404788017273,0.999404788017273,0.999404788017273,0.999404788017273,0.010442720726132393,0.010442720726132393,0.010442720726132393,0.010442720726132393
song_a6eab6eaa3a8765b9bc855a359e190d3b1b2ca7572976e67d194886ec9081a52,success,lyriclens,classifier-panel-v1,284,1,1022,270,281,f7c32b121fe3dff298f0bb44080915ee6336d5cd7179342af31fa033d8de22b6,f77ab27896575be167e8105fb038fa0f1d1df9186d04586d91991555915a37af,0.0055982270278036594,0.0055982270278036594,0.0055982270278036594,0.0055982270278036594,0.0060396878980100155,0.0060396878980100155,0.0060396878980100155,0.0060396878980100155,0.012181371450424194,0.012181371450424194,0.012181371450424194,0.012181371450424194,0.003307605627924204,0.003307605627924204,0.003307605627924204,0.003307605627924204
song_16908002829a856192b2e3b24d6c58c39106117ffcc515d050022040305006b9,success,lyriclens,classifier-panel-v1,934,1,1022,866,868,fafec8a70cfa786877db3a346949df496f8c17f41958ede6fc08361d199966c5,abbb33558926c57cb7f146fb30e622175caab6d5e18a4cbc1d58ed4e3fb5243a,0.7278286218643188,0.7278286218643188,0.7278286218643188,0.7278286218643188,0.9967769980430603,0.9967769980430603,0.9967769980430603,0.9967769980430603,0.19504083693027496,0.19504083693027496,0.19504083693027496,0.19504083693027496,0.9987896084785461,0.9987896084785461,0.9987896084785461,0.9987896084785461
song_fd806b3821bf03e97e417fa26b068546358a5dc336dc9669759f406326f62c9d,success,lyriclens,classifier-panel-v1,213,1,1022,212,203,fba71acd733a8fd1e5ec7eb31135061041a5b1dc0cc783b5168b1fed34287994,3e5774eb96f5577f1de8e097c64053fc1cb5bb90cd1554130d1a2632302d96c1,0.048880718648433685,0.048880718648433685,0.048880718648433685,0.048880718648433685,0.8991605043411255,0.8991605043411255,0.8991605043411255,0.8991605043411255,0.09891118109226227,0.09891118109226227,0.09891118109226227,0.09891118109226227,0.023256488144397736,0.023256488144397736,0.023256488144397736,0.023256488144397736
song_89d75c9f3c3a88e6888930caa50d728f6bdfa0b90fe8fa2978b32e8582e20df0,success,lyriclens,classifier-panel-v1,329,1,1022,279,296,54642e9b27b04fe38f49a8d7ec0abfb1dd684ece536fce5aefd3eb9f035fd7fd,4c16ccdfc313e68b2cd1ce2ce15215ab10bc3a98a25b7c78c7284478622c679d,0.9974760413169861,0.9974760413169861,0.9974760413169861,0.9974760413169861,0.7186875343322754,0.7186875343322754,0.7186875343322754,0.7186875343322754,0.006241516675800085,0.006241516675800085,0.006241516675800085,0.006241516675800085,0.005248434841632843,0.005248434841632843,0.005248434841632843,0.005248434841632843
song_a88716a9c9d7b095702f94b087ee37326a0dc5655ecf93a84a87b71aa1b66a68,success,lyriclens,classifier-panel-v1,662,1,1022,584,617,6090bcdbece03d95ac7b774e8c44d252a3f8945e4072fddda6f52c52294bf524,be5f7202163f56d61eddcb33bdc08f21fed8b8320014f62fede716b89840999b,0.9963428378105164,0.9963428378105164,0.9963428378105164,0.9963428378105164,0.9954582452774048,0.9954582452774048,0.9954582452774048,0.9954582452774048,0.9971281886100769,0.9971281886100769,0.9971281886100769,0.9971281886100769,0.1185455471277237,0.1185455471277237,0.1185455471277237,0.1185455471277237
song_61a93b5d45b99392acf44f79106a72ee8e87dee118e990895eafdece3a01ebe9,success,lyriclens,classifier-panel-v1,367,1,1022,341,362,841d6e6573a1a43336eb7a878f38ebab26e0355d8f61217640e49264b396f608,f6c3609a93a96a3eafb2f63e126702887fafbe683deb50a718b93534e129fdc2,0.1648620218038559,0.1648620218038559,0.1648620218038559,0.1648620218038559,0.0008586191106587648,0.0008586191106587648,0.0008586191106587648,0.0008586191106587648,0.006335132289677858,0.006335132289677858,0.006335132289677858,0.006335132289677858,0.24027776718139648,0.24027776718139648,0.24027776718139648,0.24027776718139648
song_f4185aea5cd17f1abea03ccb1fa6b853bc8cc48352e792e4aa84bd5673669c5e,success,lyriclens,classifier-panel-v1,415,1,1022,383,401,dbea5d09d748938f278db5d33e8815a1576118865cde1b4ff2471938e85e6bab,566d4efbb8787a6da0206d2dc0a74fc224b7b1e02a45c11339c507933fa1724b,0.008372856304049492,0.008372856304049492,0.008372856304049492,0.008372856304049492,0.8129401206970215,0.8129401206970215,0.8129401206970215,0.8129401206970215,0.0010773357935249805,0.0010773357935249805,0.0010773357935249805,0.0010773357935249805,0.0029211086221039295,0.0029211086221039295,0.0029211086221039295,0.0029211086221039295
song_df65c35504bb4ab737bbde1916d9226388671296143f32de56be3bcd942836de,success,lyriclens,classifier-panel-v1,399,1,1022,355,369,ebea2f2eff10d9dfdd8dd70f8b7456673727a29201577172ee934f552fbd0898,32ee6a1b8fb07ad5a856cf934291eabe8fb593fa762e2ea7eff7246f270d0c64,0.9984914064407349,0.9984914064407349,0.9984914064407349,0.9984914064407349,0.994281530380249,0.994281530380249,0.994281530380249,0.994281530380249,0.011884767562150955,0.011884767562150955,0.011884767562150955,0.011884767562150955,0.7914589047431946,0.7914589047431946,0.7914589047431946,0.7914589047431946
song_91746aa1c606d87c92ae335386faf16eecbaf2fd760ffb105d9375f1ae0fe4b4,success,lyriclens,classifier-panel-v1,295,1,1022,251,272,3714141b866fd1cb2fd6091ed15df14603b3caf618e0200bbe38d199ab06b270,4dfd57421d923904615934645cb6f6dcd913a6032e4a843cbf6a7de20e93925b,0.00512003805488348,0.00512003805488348,0.00512003805488348,0.00512003805488348,0.36844703555107117,0.36844703555107117,0.36844703555107117,0.36844703555107117,0.0007458622567355633,0.0007458622567355633,0.0007458622567355633,0.0007458622567355633,0.00929443072527647,0.00929443072527647,0.00929443072527647,0.00929443072527647
song_bebe4b11a673cfb47ec460528a0c2f75529ba518b5e923d1958b2e9aee9ea323,success,lyriclens,classifier-panel-v1,215,1,1022,196,200,e8c264b19bfa7d3fbf6dd0eb77f239f14f1584202a71705e5da02499f5223020,b53fa70567aa40bc6277d22fd48c642154c81e55b5a12f348cca4dc2643d0ad3,0.03133871406316757,0.03133871406316757,0.03133871406316757,0.03133871406316757,0.001792841823771596,0.001792841823771596,0.001792841823771596,0.001792841823771596,0.007723319809883833,0.007723319809883833,0.007723319809883833,0.007723319809883833,0.009050020016729832,0.009050020016729832,0.009050020016729832,0.009050020016729832
song_69823ed1beab1c15adab303458294de6aa805b844e4d9bc1cb759b53d8e1d0b8,success,lyriclens,classifier-panel-v1,673,1,1022,635,640,d7a7f03575fafd2da31ec8415232bc7aecc50e5bca0bb24bb71a59b509a56df9,02850d073f7766af7a2d0db39fd92c2e76abcf8d0029fcae2769d9fe0ab1bc24,0.9922268390655518,0.9922268390655518,0.9922268390655518,0.9922268390655518,0.9946803450584412,0.9946803450584412,0.9946803450584412,0.9946803450584412,0.9907199144363403,0.9907199144363403,0.9907199144363403,0.9907199144363403,0.9969305396080017,0.9969305396080017,0.9969305396080017,0.9969305396080017
song_8e7a07712e424d6dc71b31f594afafc6604cf5d4f09fcf81c91908a2c45b979d,success,lyriclens,classifier-panel-v1,698,1,1022,600,623,d868c469225d1d282edddf3eba7ad0ef912497c27c0eeaf3afd93fd024db6f29,0533bb93929738222237e2191652276f09e1fda49af33d9b5f00628304a2439a,0.9940896034240723,0.9940896034240723,0.9940896034240723,0.9940896034240723,0.9913773536682129,0.9913773536682129,0.9913773536682129,0.9913773536682129,0.9958053827285767,0.9958053827285767,0.9958053827285767,0.9958053827285767,0.995987594127655,0.995987594127655,0.995987594127655,0.995987594127655
song_dcd6fc07dd41fb2112e83cc37ad3cb0288359e4b90661faeb2891c6a2a7f5e89,success,lyriclens,classifier-panel-v1,471,1,1022,434,459,071ad23f2d71e54d71ca4d8e83294665e3646c7b87a3eb08094cefa19801d87e,55165f456cbcbe4d8a6cb9c0c855bb19b5b59d4efb3195584468344962d43a50,0.9964240193367004,0.9964240193367004,0.9964240193367004,0.9964240193367004,0.9916415214538574,0.9916415214538574,0.9916415214538574,0.9916415214538574,0.9917789101600647,0.9917789101600647,0.9917789101600647,0.9917789101600647,0.014510498382151127,0.014510498382151127,0.014510498382151127,0.014510498382151127
song_a7464a3d004fed14e1824802fca94ffd5af3ac71e2e2e34435fccd0ff534a2ed,success,lyriclens,classifier-panel-v1,406,1,1022,357,386,333f8ef4afb37bd3c5cb5974052eaed1c4fd01b1bc710a4cec7e792ea7b9e670,bcc87caf9f5a3fa28bcdbbc7b7fca43685778a731756c171fe59b9d925045a38,0.07461319118738174,0.07461319118738174,0.07461319118738174,0.07461319118738174,0.009669705294072628,0.009669705294072628,0.009669705294072628,0.009669705294072628,0.002524430165067315,0.002524430165067315,0.002524430165067315,0.002524430165067315,0.002186145167797804,0.002186145167797804,0.002186145167797804,0.002186145167797804
song_1d68186326e359b9669b2f7c11d69a9643793fb708e6fe1003c21e5c3aa6232a,success,lyriclens,classifier-panel-v1,460,1,1022,426,424,62d433d8d0173b5391815435bc7c22c658f2aba8c3db1c6389b574c94bb1f15f,bd62a784e88daccbbb39f696e81c31e2fa04c811585a1a777a016f44523057fc,0.9995755553245544,0.9995755553245544,0.9995755553245544,0.9995755553245544,0.7993523478507996,0.7993523478507996,0.7993523478507996,0.7993523478507996,0.9944607019424438,0.9944607019424438,0.9944607019424438,0.9944607019424438,0.2015226185321808,0.2015226185321808,0.2015226185321808,0.2015226185321808
song_bf6ecd59e1d9609355146c4e3f9531132411aebc5b877ee12a5f15343b056d23,success,lyriclens,classifier-panel-v1,375,1,1022,345,353,ed823d409fbbeb3fbf705a9c4260c6478756e92e0e03ff4773e9fe3e87707297,4576c0aeab6654e72535e3fd8b16b28bbd22aeb3de6aef0c26453b99bed15a73,0.010136266238987446,0.010136266238987446,0.010136266238987446,0.010136266238987446,0.9943873286247253,0.9943873286247253,0.9943873286247253,0.9943873286247253,0.0036755444016307592,0.0036755444016307592,0.0036755444016307592,0.0036755444016307592,0.007189668715000153,0.007189668715000153,0.007189668715000153,0.007189668715000153
song_214d22efee01afd6925d10528d80a2c2f994a8fd4a37f100a0179fea51af725e,success,lyriclens,classifier-panel-v1,335,1,1022,296,328,6efaf81e628b8e5d134c8cfb974761c5c0ba0e2566de0327a6031420ea69d2e4,2b8b41ab5d78b10598cc2a81e2d598bab70f533a33449663d64f0a1e903d867e,0.0041815172880887985,0.0041815172880887985,0.0041815172880887985,0.0041815172880887985,0.23731766641139984,0.23731766641139984,0.23731766641139984,0.23731766641139984,0.0007306088809855282,0.0007306088809855282,0.0007306088809855282,0.0007306088809855282,0.007185577880591154,0.007185577880591154,0.007185577880591154,0.007185577880591154
song_b5dba8821898b6e121e493b47cf4d536d7a7c5d16bcc38aaedc2b4899288889d,success,lyriclens,classifier-panel-v1,556,1,1022,488,532,5f973904dbfdef3856d7cb62f81232215c53eef4133bebaf0c9903a63fd4fbf6,4e55ca68a34fb547bde84f315b6e19cc64ea4f840c236a305e3c88489e93c643,0.6849333643913269,0.6849333643913269,0.6849333643913269,0.6849333643913269,0.9812630414962769,0.9812630414962769,0.9812630414962769,0.9812630414962769,0.9991021156311035,0.9991021156311035,0.9991021156311035,0.9991021156311035,0.014805370010435581,0.014805370010435581,0.014805370010435581,0.014805370010435581
song_52d717b9eb2516949c777c9c8731a532ce779c0eb5872d6023ce3b1b2fae8d86,success,lyriclens,classifier-panel-v1,704,1,1022,585,617,3051755095da0e34bbfafa3b56619ef70112fbc543ff996d9b0c5fbf9095a5de,9fad63fb4a58e3bf737f431f614d2e4d04cd74874f88fb72cc863ee043c4e4b2,0.2887576222419739,0.2887576222419739,0.2887576222419739,0.2887576222419739,0.05471571534872055,0.05471571534872055,0.05471571534872055,0.05471571534872055,0.18549875915050507,0.18549875915050507,0.18549875915050507,0.18549875915050507,0.0005958527326583862,0.0005958527326583862,0.0005958527326583862,0.0005958527326583862
song_11fde80db739a6f64d0a9d9b691cf7b6526c1ba2e830f676d5e4a336c17c9df8,success,lyriclens,classifier-panel-v1,276,1,1022,268,270,b64e0458bcdb43dd03961b4227afe5e5b6b77ffe3258c294aac2450c685a7536,27350709d5675715262be75005ed5172f39f11273408f0d6053c04eee6ca94ae,0.06299184262752533,0.06299184262752533,0.06299184262752533,0.06299184262752533,0.9958606362342834,0.9958606362342834,0.9958606362342834,0.9958606362342834,0.009899474680423737,0.009899474680423737,0.009899474680423737,0.009899474680423737,0.0031637498177587986,0.0031637498177587986,0.0031637498177587986,0.0031637498177587986
song_e974a41fe0c5464980062ef5bfe8c01e1fb90ce11c92a2aa9e4e4dc84512c6aa,success,lyriclens,classifier-panel-v1,856,1,1022,724,760,85414987ead8d9b4f61c926b55ccfdcb6a49f5ff1013df2668efe5d1d29f9ba2,aafe836083fac20f08dadb527d5f1dd3e45c8d798700260d46594a828e4f43b0,0.9982144832611084,0.9982144832611084,0.9982144832611084,0.9982144832611084,0.9970908164978027,0.9970908164978027,0.9970908164978027,0.9970908164978027,0.9925145506858826,0.9925145506858826,0.9925145506858826,0.9925145506858826,0.2454696148633957,0.2454696148633957,0.2454696148633957,0.2454696148633957
song_6f4dfcd36cc7c0bd6c33b7074f8be8254768e06df0d3616b1aa5940c9bcf8caa,success,lyriclens,classifier-panel-v1,647,1,1022,547,586,23d1a36f74ba9072d6d89587af73c4bd86e454499429160e2551d8b9f7614dd5,48007b51009091a19eb24e80b01bc8bd763b8e251e9d3b4d342c69620697a1da,0.018967874348163605,0.018967874348163605,0.018967874348163605,0.018967874348163605,0.9887295365333557,0.9887295365333557,0.9887295365333557,0.9887295365333557,0.006855555810034275,0.006855555810034275,0.006855555810034275,0.006855555810034275,0.001879046089015901,0.001879046089015901,0.001879046089015901,0.001879046089015901
song_02774fe4f56b6d0a37952e7ecde8456be181bcb74ccb21de416a2aaf61e6f01c,success,lyriclens,classifier-panel-v1,548,1,1022,294,298,4d70fc4227138ad3717ab54a0b9660fd2c220b52ffb6acfc1330f9929bf12508,dcf6256ff783185cb1165ed9d66ab21023934ed7d78271fd7c89a5a8a4e7f239,0.03831254690885544,0.03831254690885544,0.03831254690885544,0.03831254690885544,0.0824601873755455,0.0824601873755455,0.0824601873755455,0.0824601873755455,0.10135780274868011,0.10135780274868011,0.10135780274868011,0.10135780274868011,0.0006337040686048567,0.0006337040686048567,0.0006337040686048567,0.0006337040686048567
song_a2b0d57e3aeceb90c67f1e0c89daa02a72b08196d8d9b1caf4efa7677c4a847b,success,lyriclens,classifier-panel-v1,542,1,1022,489,502,af2f35da5c1298489110ab0dc79190e6916df6d9ad3fabd1d43596b1499697e4,0c938f7536ad0476d4a06cbfd70c6d705efc746c89d12c5d4e551e831044267f,0.9962683916091919,0.9962683916091919,0.9962683916091919,0.9962683916091919,0.9952558875083923,0.9952558875083923,0.9952558875083923,0.9952558875083923,0.010898456908762455,0.010898456908762455,0.010898456908762455,0.010898456908762455,0.020577693358063698,0.020577693358063698,0.020577693358063698,0.020577693358063698
song_d8612d69df57efd627cfddf3eaa4c951f3a07bfcf200df32ff761955816080d8,success,lyriclens,classifier-panel-v1,681,1,1022,552,606,fd2af2006f78ad631a17c897cc8a327940afffa88b6d417b87f840aacfa48eb9,030dd776ecd571f6b76b7b668481bc0a938da863e1f5a46b251d0d6ca650fc76,0.9944995641708374,0.9944995641708374,0.9944995641708374,0.9944995641708374,0.994768500328064,0.994768500328064,0.994768500328064,0.994768500328064,0.8970443606376648,0.8970443606376648,0.8970443606376648,0.8970443606376648,0.9984140396118164,0.9984140396118164,0.9984140396118164,0.9984140396118164
song_e8d12bd574eb26390ca5a7305f06d31dfc884bedad4f378b2c5bb7a1072900a6,success,lyriclens,classifier-panel-v1,358,1,1022,324,353,6d53e98ec61a364b62d5be781fe9c79f8fa73450d89bb21bb72dcf809ab19e87,de526074398be2ac7c6f4f6b7e28f1119a3a386925bbdf8e50f27147a24b60e8,0.0038864733651280403,0.0038864733651280403,0.0038864733651280403,0.0038864733651280403,0.947807788848877,0.947807788848877,0.947807788848877,0.947807788848877,0.003409632481634617,0.003409632481634617,0.003409632481634617,0.003409632481634617,0.0021036933176219463,0.0021036933176219463,0.0021036933176219463,0.0021036933176219463
song_12e5afc3faa7419560ec277fc93b2f9c2313f0d785af09170a1f2f2f60c5fa8e,success,lyriclens,classifier-panel-v1,500,1,1022,429,449,1ccbc52d9cc7453c36f90888feb17cbcdab6b94765dcabbdb4b7fc12da846469,109e63c066aee4d1d28dcba094fc6da1e09b0fffe2e735073e4dca2e1bbc56ad,0.9973157048225403,0.9973157048225403,0.9973157048225403,0.9973157048225403,0.9977320432662964,0.9977320432662964,0.9977320432662964,0.9977320432662964,0.9834625720977783,0.9834625720977783,0.9834625720977783,0.9834625720977783,0.04961330071091652,0.04961330071091652,0.04961330071091652,0.04961330071091652
song_68d640ac4fc975b64ce9e4bbc60e2ec30d3246571962c1f2a6fff343b9086273,success,lyriclens,classifier-panel-v1,411,1,1022,394,401,394e6cfeea32d75e0124d47fb131ef2623f23bcf1b329954b12770070541f37a,e1d8f5e74e4b405a69f9f687f61e494161ae12ccc64beaac3737a22a252d58f1,0.2991562485694885,0.2991562485694885,0.2991562485694885,0.2991562485694885,0.9873578548431396,0.9873578548431396,0.9873578548431396,0.9873578548431396,0.0020660313311964273,0.0020660313311964273,0.0020660313311964273,0.0020660313311964273,0.002110506175085902,0.002110506175085902,0.002110506175085902,0.002110506175085902
song_5194b6c0df56b87df950120af2c8399eb039c29f29878b87ff284b768eb9ab5a,success,lyriclens,classifier-panel-v1,766,1,1022,624,685,ece1ae6838ba480755c42cc28fb4a9ca48668ba66a2773d8b60fd099e4b0dfd7,18f7c6100a1ee3e9d52e5c8aab57dedb8c8c32a14ee44a426f7bed637045551a,0.9961661100387573,0.9961661100387573,0.9961661100387573,0.9961661100387573,0.9864891171455383,0.9864891171455383,0.9864891171455383,0.9864891171455383,0.993885338306427,0.993885338306427,0.993885338306427,0.993885338306427,0.9971914887428284,0.9971914887428284,0.9971914887428284,0.9971914887428284
song_87e53fe885bfd4484f1ebd768210f7c20f4ff3e5232d7ecb256c0eb84c118eb1,success,lyriclens,classifier-panel-v1,305,1,1022,260,283,2fc41a09568f02c4a616effcd8afa9e154b984cd2651876defe99ecaf91b7733,d35bc1e4329f93a48f4b88122508012514be9a9bc756e16674fad80ec42ec10d,0.010822021402418613,0.010822021402418613,0.010822021402418613,0.010822021402418613,0.8869627118110657,0.8869627118110657,0.8869627118110657,0.8869627118110657,0.993590235710144,0.993590235710144,0.993590235710144,0.993590235710144,0.0039012194611132145,0.0039012194611132145,0.0039012194611132145,0.0039012194611132145
song_d86e59f3a47090f8d0e393978a66012120bcd864bc0d5e43c29e36afd84f6bd6,success,lyriclens,classifier-panel-v1,224,1,1022,188,201,cc31a7d4f43dd7fe890be82eee881cbaf62fca04be0b1f3ebad810c1118241c5,07b001466f8e559b58b35d58408db2d19fbf38f47559723da7c5c7be9d0b8da3,0.0021963028702884912,0.0021963028702884912,0.0021963028702884912,0.0021963028702884912,0.5264213681221008,0.5264213681221008,0.5264213681221008,0.5264213681221008,0.0014093146892264485,0.0014093146892264485,0.0014093146892264485,0.0014093146892264485,0.003609464969485998,0.003609464969485998,0.003609464969485998,0.003609464969485998
song_1f59bcb3858288796e7add8880d6482962907aa5058d20eb280e07d4e087a402,success,lyriclens,classifier-panel-v1,477,1,1022,436,459,9581bdef665e5aa9185183e81e3892ee8d4497d9f91c89b1363930c6fe706369,a1ea79133d8eb0f1dc47df7d21a2fa9d35d956291a4cba7c387805c3f2c1af92,0.46262627840042114,0.46262627840042114,0.46262627840042114,0.46262627840042114,0.014524627476930618,0.014524627476930618,0.014524627476930618,0.014524627476930618,0.0027754860930144787,0.0027754860930144787,0.0027754860930144787,0.0027754860930144787,0.002459350973367691,0.002459350973367691,0.002459350973367691,0.002459350973367691
song_135e7438aaef177afce073c2af4f316d524a74e7e8848905f85e853f7173573d,success,lyriclens,classifier-panel-v1,616,1,1022,600,612,01fb4d8e7b61911e57064bccce6b5b4be008be109766ccf3564d5779d234bec4,31a235448550a9a7941f8982e83694682b94489dbfe9c12d7b7c8fd3bf3a303f,0.25759637355804443,0.25759637355804443,0.25759637355804443,0.25759637355804443,0.9976061582565308,0.9976061582565308,0.9976061582565308,0.9976061582565308,0.0044865356758236885,0.0044865356758236885,0.0044865356758236885,0.0044865356758236885,0.005067072808742523,0.005067072808742523,0.005067072808742523,0.005067072808742523
song_4f1614f26569f3e8f2b5fbcdb394c409cfc3f9fc150fbbb6f65025d66f9a2401,success,lyriclens,classifier-panel-v1,347,1,1022,329,325,57e0b31c66d899bfceb162db2914854bf57c85ac0db2050c3316eeecbf661923,b4e3b5ada318be298d56dc673635d7194dbce0efc02e76c50c0a34e54523b68a,0.9967695474624634,0.9967695474624634,0.9967695474624634,0.9967695474624634,0.8148457407951355,0.8148457407951355,0.8148457407951355,0.8148457407951355,0.00288758403621614,0.00288758403621614,0.00288758403621614,0.00288758403621614,0.00894485879689455,0.00894485879689455,0.00894485879689455,0.00894485879689455
song_1e523b8a34f3b5d309a467bfc9d134b74834090161cbaf0a73603f782ea9ee29,success,lyriclens,classifier-panel-v1,357,1,1022,338,357,e81e5109ddba6a6d1bbb479fe029692e6978f3d5d74fbe34b01467822f38d947,160175414240e1b4176c2c4ee04cda648462e9ee86028061e9a9633d692ef698,0.027564747259020805,0.027564747259020805,0.027564747259020805,0.027564747259020805,0.8631563186645508,0.8631563186645508,0.8631563186645508,0.8631563186645508,0.0006107707158662379,0.0006107707158662379,0.0006107707158662379,0.0006107707158662379,0.015829427167773247,0.015829427167773247,0.015829427167773247,0.015829427167773247
song_8b956e0bcda8fd9258e29036463ab076ecd11f90f5146f347d5bb1f339a87454,success,lyriclens,classifier-panel-v1,289,1,1022,278,287,97df64ce2dfbaa675d904c53f110c3cdf2ce457cd6462fc256312d85f6d03160,6d1b4f760c72940e8eb95304a7f8d7d303bb08cc0083bad2f8743889852d72ae,0.9973776340484619,0.9973776340484619,0.9973776340484619,0.9973776340484619,0.14159369468688965,0.14159369468688965,0.14159369468688965,0.14159369468688965,0.002514346269890666,0.002514346269890666,0.002514346269890666,0.002514346269890666,0.0194090586155653,0.0194090586155653,0.0194090586155653,0.0194090586155653
song_10f21a7ac2fc5e27711d31d4a39dd3e60c793cda1e918d41a79a3b7b83519df3,success,lyriclens,classifier-panel-v1,434,1,1022,384,409,462d1cfea5f79e6ab1b359c8e3fc074e24869ba6f997c6e4ddda3df0cef633db,36b001c615dfc4e2a891155fa3ee768549b8a6ba4602dc8c04d45ad7a65dd6d7,0.16971124708652496,0.16971124708652496,0.16971124708652496,0.16971124708652496,0.4677222669124603,0.4677222669124603,0.4677222669124603,0.4677222669124603,0.0003945846692658961,0.0003945846692658961,0.0003945846692658961,0.0003945846692658961,0.022801732644438744,0.022801732644438744,0.022801732644438744,0.022801732644438744
song_249218b68f57a8b663a85a56fc31a2ffce59bf3a4037819cb256ba761c69aa3d,success,lyriclens,classifier-panel-v1,255,1,1022,245,252,507b7015a896d75078cfb3873eb959913f2ab0a2f0c3891f458c4f43ab43cbdc,a9c629bd742b4dfc006e2de4e2f68fb445803905bcb48de40d3621bc48368d3f,0.003917104098945856,0.003917104098945856,0.003917104098945856,0.003917104098945856,0.9357287287712097,0.9357287287712097,0.9357287287712097,0.9357287287712097,0.0020508167799562216,0.0020508167799562216,0.0020508167799562216,0.0020508167799562216,0.0032722577452659607,0.0032722577452659607,0.0032722577452659607,0.0032722577452659607
song_2d1e136f70b14cbd83c69d01eb86a415f2edaab314e912aa55ae921ce76f9873,success,lyriclens,classifier-panel-v1,291,1,1022,272,287,57f627b67ea3bce2bf8d4edede06321117ebe3d73f08f49bc170ef45a0eef517,ca22748a80f03c0235ba9a07e29bf0d69c751437753dd65031cb6930b6f7dfdf,0.0038470143917948008,0.0038470143917948008,0.0038470143917948008,0.0038470143917948008,0.014811728149652481,0.014811728149652481,0.014811728149652481,0.014811728149652481,0.002740322845056653,0.002740322845056653,0.002740322845056653,0.002740322845056653,0.006694994401186705,0.006694994401186705,0.006694994401186705,0.006694994401186705
song_97dde8742e0cc2461773a6d71873bf7831160cc7b3b82fcb096f1022b4c12759,success,lyriclens,classifier-panel-v1,769,1,1022,717,721,8f514804229065aae1fa66939d3392c7acde845e3368bbd98d62e5186f81c364,4c024066df81aba9b9ef37d280eb53cee3c9b9250f06ccecff16c4bb98ce3ca6,0.9968451261520386,0.9968451261520386,0.9968451261520386,0.9968451261520386,0.9981549382209778,0.9981549382209778,0.9981549382209778,0.9981549382209778,0.9943211078643799,0.9943211078643799,0.9943211078643799,0.9943211078643799,0.8777651190757751,0.8777651190757751,0.8777651190757751,0.8777651190757751
song_a2a8832b12a9464aa23538c26dd64ffc912252f6a19c73d3b5c0ec754be945a7,success,lyriclens,classifier-panel-v1,402,1,1022,378,394,ccdf459101c5691850a6dbc7047f03378b9e1900f5fd44a3ccb735efafcd9b8b,4006ca9caac01903ac3c53f235aed8ebc68ea83b073a5c723736c962562bb278,0.026523666456341743,0.026523666456341743,0.026523666456341743,0.026523666456341743,0.9988585710525513,0.9988585710525513,0.9988585710525513,0.9988585710525513,0.006672978866845369,0.006672978866845369,0.006672978866845369,0.006672978866845369,0.22349512577056885,0.22349512577056885,0.22349512577056885,0.22349512577056885
song_fcece81d4ce48c45670077783d519702d20ce3c27d5489f2eeba0f033d95faaa,success,lyriclens,classifier-panel-v1,415,1,1022,355,382,8e792ed3bce275dbab493c3f5a3a8a9bc8417189c688fe977f1ac13ad64ec811,341d14cbd3cd52005fd5eee91b093ed9fb0e29d4b1692e720ceef3ea7896d66b,0.057397957891225815,0.057397957891225815,0.057397957891225815,0.057397957891225815,0.6913816332817078,0.6913816332817078,0.6913816332817078,0.6913816332817078,0.9985557198524475,0.9985557198524475,0.9985557198524475,0.9985557198524475,0.0031369926873594522,0.0031369926873594522,0.0031369926873594522,0.0031369926873594522
song_d92c9c969ef6faa0d0b2115b652c61268381ee491bc4f03c32990feb5a3c9e45,success,lyriclens,classifier-panel-v1,795,1,1022,742,774,0287681f86be33f9e0b2ee88743f318aa6c1d0b46b0028607e852811d6fe1aca,5c12148349e373748521f7587b993c9f77eea1bc90a2bd07c63939da32114087,0.9964749217033386,0.9964749217033386,0.9964749217033386,0.9964749217033386,0.9780967831611633,0.9780967831611633,0.9780967831611633,0.9780967831611633,0.9698686003684998,0.9698686003684998,0.9698686003684998,0.9698686003684998,0.9988524913787842,0.9988524913787842,0.9988524913787842,0.9988524913787842
song_490e143d0fd6a02b0ba3c323afbcb0dce7212b54f94f8761250dc778ada4125c,success,lyriclens,classifier-panel-v1,735,1,1022,647,655,96b635add3a0506821cdc6066fa681d63aac09483095c17a54012d7fc986a449,8e7625b2d9c838a1e45d26a2cd6d55cb702e508cd4134dd6dcab302d88dde60f,0.995011568069458,0.995011568069458,0.995011568069458,0.995011568069458,0.9974462985992432,0.9974462985992432,0.9974462985992432,0.9974462985992432,0.9882623553276062,0.9882623553276062,0.9882623553276062,0.9882623553276062,0.9906129837036133,0.9906129837036133,0.9906129837036133,0.9906129837036133
song_346bca84137dbd74e43284cf566dedc6006e063e11a233e48ad457348c6349af,success,lyriclens,classifier-panel-v1,302,1,1022,269,293,52ba5df07f5d9790c694577bea5db8269103ec5610fbf03f80a5c852b5a17896,6f72bb283de7b589a9fef5a301b7c65030a388ba309f1e87692cc39501116069,0.9973495006561279,0.9973495006561279,0.9973495006561279,0.9973495006561279,0.99676114320755,0.99676114320755,0.99676114320755,0.99676114320755,0.013643032871186733,0.013643032871186733,0.013643032871186733,0.013643032871186733,0.06467487663030624,0.06467487663030624,0.06467487663030624,0.06467487663030624
song_e2c1ed4ba63771b7e206087975fadfe2d4942fdc015891840947f04e2959c89b,success,lyriclens,classifier-panel-v1,948,1,1022,828,860,5867f40386a7f9811be2f794853581a9806d3773f9625e0aa980c1f4f529402b,53b083b6199bc5d59f47f98a8bb536c34dc68591597d53c80bb9a2322db70c8a,0.9929545521736145,0.9929545521736145,0.9929545521736145,0.9929545521736145,0.992526650428772,0.992526650428772,0.992526650428772,0.992526650428772,0.995923638343811,0.995923638343811,0.995923638343811,0.995923638343811,0.995433509349823,0.995433509349823,0.995433509349823,0.995433509349823
song_0952b517e2fef799bf238e7dc58b1371cc57ea3450759f0c13ba18c1ca658fc1,success,lyriclens,classifier-panel-v1,808,1,1022,709,735,de972cfadf494f258289a3ddde387c2bf7cc2ccfe11dbd320e6c13f4824417dd,5c025af576763ee7c19f6189db8e0bf97bb162a1c9aecc0c2b34095284be94d0,0.9936965107917786,0.9936965107917786,0.9936965107917786,0.9936965107917786,0.9932907819747925,0.9932907819747925,0.9932907819747925,0.9932907819747925,0.9946887493133545,0.9946887493133545,0.9946887493133545,0.9946887493133545,0.9959623217582703,0.9959623217582703,0.9959623217582703,0.9959623217582703
song_ed5fc8c4fed301a8e973065316ce27e8c6f68575411890467a66fd5ba26d8bed,success,lyriclens,classifier-panel-v1,409,1,1022,360,392,cb2d682fd0ce547a3a599429332f1582c36f4a21393ba5547824d8e16c3dca08,4f2f148467914ea8f7c7f0eaa7063fcecbf02d238439b8323f175143021e4931,0.9984399676322937,0.9984399676322937,0.9984399676322937,0.9984399676322937,0.9977186918258667,0.9977186918258667,0.9977186918258667,0.9977186918258667,0.1128557100892067,0.1128557100892067,0.1128557100892067,0.1128557100892067,0.6498988270759583,0.6498988270759583,0.6498988270759583,0.6498988270759583
song_34d6442d537339653898feaa82efde7ab052800a222946d57c2706fc09340503,success,lyriclens,classifier-panel-v1,386,1,1022,347,378,1521ae1783d6dc51715fa59555f1f873e7b5cdc7e178135a26f0d6cf1ea9aaf5,11ee60b0cf701c89005e14a7ec990ed9d9dd677e5571d4cf1d9ca738330d2e79,0.0996868908405304,0.0996868908405304,0.0996868908405304,0.0996868908405304,0.0036915550008416176,0.0036915550008416176,0.0036915550008416176,0.0036915550008416176,0.9924914240837097,0.9924914240837097,0.9924914240837097,0.9924914240837097,0.007368852384388447,0.007368852384388447,0.007368852384388447,0.007368852384388447
song_58d6b7d9f8c8feebefe6c1f2e0edad83f12c28ca40a88354a70bf690997c68a2,success,lyriclens,classifier-panel-v1,423,1,1022,376,412,92931111a3c746df0ddf0ca714379d906b7b4ab525849615801e90c2f979d464,7dd64f9f710ccc4ed0b0fedfc6b95bf99702fc82e8dbb3dbff1b852e5a32b417,0.6207316517829895,0.6207316517829895,0.6207316517829895,0.6207316517829895,0.9985690116882324,0.9985690116882324,0.9985690116882324,0.9985690116882324,0.007705496158450842,0.007705496158450842,0.007705496158450842,0.007705496158450842,0.9730780124664307,0.9730780124664307,0.9730780124664307,0.9730780124664307
song_9dbb323d50307798742301129921ec5b11ae34a454a7ed4fbbd105278a4e07c1,success,lyriclens,classifier-panel-v1,733,1,1022,422,424,498912130234e2077b24460304ec0eb1eaf183f83a56fb0d509f34148e439803,15a0f03d2dfd6c02e5d1cdc902efa1a73465bee9bf856b7dc28f84a6f2f6f659,0.8209673762321472,0.8209673762321472,0.8209673762321472,0.8209673762321472,0.9953081011772156,0.9953081011772156,0.9953081011772156,0.9953081011772156,0.8815150856971741,0.8815150856971741,0.8815150856971741,0.8815150856971741,0.002244907198473811,0.002244907198473811,0.002244907198473811,0.002244907198473811
song_cba5c90b4d96ba8398dbcda9b64df8f65f27556d422548e4fd0f85d665ffee84,success,lyriclens,classifier-panel-v1,281,1,1022,261,279,0f0c5d0e94f85af902c8bf5673de845e78be61fd175ba2a81356375dccfa9d9f,8524bce9b9995ac391b5ef79177290a2a757ad79f3975487b0462f9d09320e64,0.5299037098884583,0.5299037098884583,0.5299037098884583,0.5299037098884583,0.02582051046192646,0.02582051046192646,0.02582051046192646,0.02582051046192646,0.004516138229519129,0.004516138229519129,0.004516138229519129,0.004516138229519129,0.9991186261177063,0.9991186261177063,0.9991186261177063,0.9991186261177063
song_f1d664029f6e73d8332f2a5ef74f4733ea56bbd946340d01b4c5169b617c7d8f,success,lyriclens,classifier-panel-v1,377,1,1022,223,219,707a7a4c8a8e2384fa24660f0cd87e8469667ce63eabf893bcbc4d64ce4d749e,faf0e6e6920f753fcadf4b6e83187fabe2b2d0921ca6782ddd14672e800bb070,0.049673501402139664,0.049673501402139664,0.049673501402139664,0.049673501402139664,0.27743494510650635,0.27743494510650635,0.27743494510650635,0.27743494510650635,0.8659783005714417,0.8659783005714417,0.8659783005714417,0.8659783005714417,0.0006119293393567204,0.0006119293393567204,0.0006119293393567204,0.0006119293393567204
song_9516d36aedd98b099b12edb7e8583f29c12aa762b3a6497bc93b0b23acf9f418,success,lyriclens,classifier-panel-v1,835,1,1022,763,806,923c9d18597ae9bf98accaaef9ce0350303a7a5d7da2786c1a43e1175aae3f07,9f20e15dd40af9c45ed7b474da0cca108f90a0e94eef34bc2bec2dcc19e6f61c,0.9930804371833801,0.9930804371833801,0.9930804371833801,0.9930804371833801,0.9964032173156738,0.9964032173156738,0.9964032173156738,0.9964032173156738,0.9869415163993835,0.9869415163993835,0.9869415163993835,0.9869415163993835,0.9960246086120605,0.9960246086120605,0.9960246086120605,0.9960246086120605
song_cffa8f01b4504b05fce295326727af806635a4c532bd69e16f74e64a773bfaf9,success,lyriclens,classifier-panel-v1,467,1,1022,407,416,dfff6295d42447d8fbc43753581b443868a40863987eb0f7fd91cce37dc88175,2b62ad853e105c8d905cbd75cc8274ca9b9168d1917aae3d1d0c427ce7c7ab48,0.9962440729141235,0.9962440729141235,0.9962440729141235,0.9962440729141235,0.14576870203018188,0.14576870203018188,0.14576870203018188,0.14576870203018188,0.9977871179580688,0.9977871179580688,0.9977871179580688,0.9977871179580688,0.9947606921195984,0.9947606921195984,0.9947606921195984,0.9947606921195984
song_5b6151e450109eb89d22335df7f3d97858a0b0d0e06a7b9670968701042ab43e,success,lyriclens,classifier-panel-v1,697,1,1022,616,629,73dcfe41835d5c2ae3b7804869eaa40ac2e76b106689b5d585a75232e55b1270,6adfbee95735202f28e246d39002d3017cb1bb1792cb953c58b6c04c06830c87,0.9936392903327942,0.9936392903327942,0.9936392903327942,0.9936392903327942,0.9917638301849365,0.9917638301849365,0.9917638301849365,0.9917638301849365,0.9946144223213196,0.9946144223213196,0.9946144223213196,0.9946144223213196,0.9967040419578552,0.9967040419578552,0.9967040419578552,0.9967040419578552
song_664173d13f04a2a5f88c02ccd3d38716d26298f2fac6ddfcf6de0871346f004e,success,lyriclens,classifier-panel-v1,718,1,1022,649,656,a68507300ddffd3b9127b4e8b48fc0ba18b73bb9f9506566f07c5f109d5bd750,1a9e30bddf34aeb292ce7a5f16b4b89902efbc3f595f5ca6b9b114475302363a,0.9965883493423462,0.9965883493423462,0.9965883493423462,0.9965883493423462,0.9948984980583191,0.9948984980583191,0.9948984980583191,0.9948984980583191,0.2039557695388794,0.2039557695388794,0.2039557695388794,0.2039557695388794,0.9969310760498047,0.9969310760498047,0.9969310760498047,0.9969310760498047
song_90fa6eda34632da86df5a152c10fd3e9b281052a2a3c6c568a90c8d9a6627b50,success,lyriclens,classifier-panel-v1,427,1,1022,389,398,7284d6b9a7843bc15021d573dc6807d4f8654be6c7043992c5be0829bb5d684d,584081553d5814e71ff607b45877f155712bc731c9f6298a54c526fba2ff3175,0.004512518644332886,0.004512518644332886,0.004512518644332886,0.004512518644332886,0.8758343458175659,0.8758343458175659,0.8758343458175659,0.8758343458175659,0.9897215962409973,0.9897215962409973,0.9897215962409973,0.9897215962409973,0.003329153172671795,0.003329153172671795,0.003329153172671795,0.003329153172671795
song_bf360f56da3572e8620b9132cd3751862eec7362dcce1703b91d8655dd4c76b3,success,lyriclens,classifier-panel-v1,315,1,1022,287,298,143ba3004e847875a9a8afca8d9e6608f67773c1caf187da45f9bf4570f27d82,0e43ed9151ce984aaac72cf321a869494a36fdfeee6f46792a25ea3953c54ea4,0.0012931228848174214,0.0012931228848174214,0.0012931228848174214,0.0012931228848174214,0.029437288641929626,0.029437288641929626,0.029437288641929626,0.029437288641929626,0.9582059383392334,0.9582059383392334,0.9582059383392334,0.9582059383392334,0.9634665846824646,0.9634665846824646,0.9634665846824646,0.9634665846824646
song_7b39fa8565b77206c6f3d1bb4aa7b3ff89f36a80a58190cf6714a3a2ce1ba216,success,lyriclens,classifier-panel-v1,436,1,1022,263,262,e49a07d7cb2bc1cea1b3bf06b29d2ea0a3bf48231381230b778be27cfed8c14a,f9c16f9b5c0dcf64b8049a768d0a0db5be957e64d11871bc22cd2f2d3d5bfcb0,0.15915340185165405,0.15915340185165405,0.15915340185165405,0.15915340185165405,0.9057593941688538,0.9057593941688538,0.9057593941688538,0.9057593941688538,0.08841780573129654,0.08841780573129654,0.08841780573129654,0.08841780573129654,0.0007425584481097758,0.0007425584481097758,0.0007425584481097758,0.0007425584481097758
song_57b6fb5de42d0b76a982ad6d6b780aa368d65adfecd872c1522c7c3660a04cb4,success,lyriclens,classifier-panel-v1,317,1,1022,287,302,2a1cbd8ba1febade322795616e7c03696b175c24cbbc68aa00cceea3136f42d5,a1321f052856a1fd3a46a3ad638738645779406bdb08bd39fbfb2b44a093d944,0.9972392320632935,0.9972392320632935,0.9972392320632935,0.9972392320632935,0.004871276207268238,0.004871276207268238,0.004871276207268238,0.004871276207268238,0.055911194533109665,0.055911194533109665,0.055911194533109665,0.055911194533109665,0.035305045545101166,0.035305045545101166,0.035305045545101166,0.035305045545101166
song_341d5e61c3771b2583160580b52ebf1a8e95798d167c3120383be6d5c367dcd6,success,lyriclens,classifier-panel-v1,349,1,1022,309,317,d38187f87450181baaa04b673014ad72b552e6a6b1ed0343f1a2528c50b44acc,b20e7a00025f5995bb5d8d269bb83c24646c7d57d28cca30694b931360aa88fc,0.03334003686904907,0.03334003686904907,0.03334003686904907,0.03334003686904907,0.13303717970848083,0.13303717970848083,0.13303717970848083,0.13303717970848083,0.015511014498770237,0.015511014498770237,0.015511014498770237,0.015511014498770237,0.0004991397727280855,0.0004991397727280855,0.0004991397727280855,0.0004991397727280855
song_c0eeb4729f1ae33d58424899c3c15392241f8e296e88cad503bcb8fe60060eed,success,lyriclens,classifier-panel-v1,607,1,1022,529,532,825aed9c3ddaacfe2ec7af2790bd49e976e997f4c94ce36e7be314b7c097ac56,c15e6f26c279b5143c4c56f500df3ecdb3b6f6bde7978ccf898fa4ddfcfb7f2e,0.996768593788147,0.996768593788147,0.996768593788147,0.996768593788147,0.9968605041503906,0.9968605041503906,0.9968605041503906,0.9968605041503906,0.9972188472747803,0.9972188472747803,0.9972188472747803,0.9972188472747803,0.8906773924827576,0.8906773924827576,0.8906773924827576,0.8906773924827576
song_cb60240680fd61f42fe313701e8d2b29be19573c172c701900be7999b84fb987,success,lyriclens,classifier-panel-v1,233,1,1022,208,221,0434f473634fc26d2e9246d9109d6ea91657543f2445646e85edf53fc0fd7f5a,0df83281819701e5301827a9842bc1f051e121929a931be469b02736116e0a4f,0.0038692220114171505,0.0038692220114171505,0.0038692220114171505,0.0038692220114171505,0.3886367082595825,0.3886367082595825,0.3886367082595825,0.3886367082595825,0.002286284463480115,0.002286284463480115,0.002286284463480115,0.002286284463480115,0.0012511808890849352,0.0012511808890849352,0.0012511808890849352,0.0012511808890849352
song_685e4dd20b5670c8c388340a9c8da88eade91a4734f2035e159fd6818dcb01ff,success,lyriclens,classifier-panel-v1,316,1,1022,277,306,5e2fef94d09821a13dfe35e2896fd5a72c16694ba3702d93cf32b121632f4a31,0d7bc48f7b31460eaaf4c4fb6a19f5fba4e3059115a45ffaccb025e39bdbcf8b,0.004739923868328333,0.004739923868328333,0.004739923868328333,0.004739923868328333,0.5960744023323059,0.5960744023323059,0.5960744023323059,0.5960744023323059,0.955799400806427,0.955799400806427,0.955799400806427,0.955799400806427,0.0007829548558220267,0.0007829548558220267,0.0007829548558220267,0.0007829548558220267
