figure_path,figure_family,primary_series,axis_dimension,axis_scale,primary_min,primary_max,primary_span,axis_min,axis_max,axis_span,utilization_ratio,panels_json,issue_detected,action_taken,full_scale_reference_available,full_scale_reference,context_points_clipped,context_note,labels_inside_canvas,generating_script,is_reference,original_axis_rule,old_primary_min,old_primary_max,old_axis_min,old_axis_max,old_utilization_ratio,remaining_issue,review_status
analysis/milestone2/figures/annual_content.png,annual_summary,annual means (both weightings) and observation median,y,linear,0.004738927819,0.4155765031,0.410837575281,0,0.45,0.45,0.912972389513,"[{""axis_max"": 1.0, ""axis_min"": 0.0, ""axis_span"": 1.0, ""primary_max"": 0.9812507033, ""primary_min"": 0.02962747589, ""primary_span"": 0.9516232274099999, ""utilization_ratio"": 0.9516232274099999}, {""axis_max"": 0.45, ""axis_min"": 0.0, ""axis_span"": 0.45, ""primary_max"": 0.4155765031, ""primary_min"": 0.004738927819, ""primary_span"": 0.410837575281, ""utilization_ratio"": 0.9129723895133334}, {""axis_max"": 1.0, ""axis_min"": 0.0, ""axis_span"": 1.0, ""primary_max"": 0.9928328991, ""primary_min"": 0.004812444095, ""primary_span"": 0.988020455005, ""utilization_ratio"": 0.988020455005}, {""axis_max"": 0.97, ""axis_min"": 0.0, ""axis_span"": 0.97, ""primary_max"": 0.8938019276, ""primary_min"": 0.002848805394, ""primary_span"": 0.890953122206, ""utilization_ratio"": 0.9185083734082474}]",,Scale all displayed annual series; exterior legend; larger panels; neutral 2020 reference,False,,0,,True,src/descriptive_figures.py,False,Matplotlib observed-data autoscale,0.02962747589,0.9812507033,-0.0179536854805,1.02883186467,0.909090909091,,reviewed by family; no unresolved presentation issue
analysis/milestone2/figures/annual_sentiment_emotion.png,annual_summary,annual means (both weightings) and observation median,y,linear,0.005017001648,0.1411293575,0.136112355852,0,0.16,0.16,0.850702224075,"[{""axis_max"": 0.353, ""axis_min"": 0.275, ""axis_span"": 0.07799999999999996, ""primary_max"": 0.3470690994, ""primary_min"": 0.2804397345, ""primary_span"": 0.06662936490000004, ""utilization_ratio"": 0.8542226269230779}, {""axis_max"": 0.296, ""axis_min"": 0.226, ""axis_span"": 0.06999999999999998, ""primary_max"": 0.2910169801, ""primary_min"": 0.2309733778, ""primary_span"": 0.0600436023, ""utilization_ratio"": 0.8577657471428574}, {""axis_max"": 0.067, ""axis_min"": 0.0, ""axis_span"": 0.067, ""primary_max"": 0.06194945702, ""primary_min"": 0.004042197019, ""primary_span"": 0.057907260001, ""utilization_ratio"": 0.8642874627014925}, {""axis_max"": 0.16, ""axis_min"": 0.0, ""axis_span"": 0.16, ""primary_max"": 0.1411293575, ""primary_min"": 0.005017001648, ""primary_span"": 0.136112355852, ""utilization_ratio"": 0.850702224075}, {""axis_max"": 0.07200000000000001, ""axis_min"": 0.0, ""axis_span"": 0.07200000000000001, ""primary_max"": 0.06625329542, ""primary_min"": 0.003571274457, ""primary_span"": 0.06268202096299999, ""utilization_ratio"": 0.8705836244861108}]",,Scale all displayed annual series; exterior legend; larger panels; neutral 2020 reference,False,,0,,True,src/descriptive_figures.py,False,Matplotlib observed-data autoscale,0.2804397345,0.3470690994,0.277108266255,0.350400567645,0.909090909091,,reviewed by family; no unresolved presentation issue
analysis/milestone2/figures/genre_ll_explicit_language.png,genre_boxplot,complete song score distributions by genre; outliers retained,x,linear,0.000205956734135,0.999854683876,0.999648727142,0,1,1,0.999648727142,"[{""axis_max"": 1.0, ""axis_min"": 0.0, ""axis_span"": 1.0, ""primary_max"": 0.9998546838760376, ""primary_min"": 0.0002059567341348, ""primary_span"": 0.9996487271419028, ""utilization_ratio"": 0.9996487271419028}]",,Retain full distributions; readable genre labels and stable major-genre colors,False,,0,,True,src/descriptive_figures.py,False,Matplotlib observed-data autoscale,0.000205956734135,0.999854683876,-0.049776479623,1.04983712023,0.909090909091,,reviewed by family; no unresolved presentation issue
analysis/milestone2/figures/genre_ll_violence.png,genre_boxplot,complete song score distributions by genre; outliers retained,x,symlog,0.000227899829042,0.999813497066,0.999585597237,0,1,1,,"[{""axis_max"": 1.0, ""axis_min"": 0.0, ""axis_span"": 1.0, ""primary_max"": 0.9998134970664978, ""primary_min"": 0.0002278998290421, ""primary_span"": 0.9995855972374557, ""utilization_ratio"": null}]",At least three well-covered genre boxes have near-zero median and IQR below 0.03,Disclosed symlog X-axis (linear through 0.001); retain all outliers and linear companion,True,analysis/milestone2/figures/genre_ll_violence_full_scale.png,0,,True,src/descriptive_figures.py,False,Matplotlib observed-data autoscale,0.000227899829042,0.999813497066,-0.0497513800328,1.04979277693,0.909090909091,,reviewed by family; no unresolved presentation issue
analysis/milestone2/figures/genre_ll_violence_full_scale.png,genre_boxplot,complete song score distributions; linear-domain reference,x,linear,0.000227899829042,0.999813497066,0.999585597237,0,1,1,0.999585597237,"[{""axis_max"": 1.0, ""axis_min"": 0.0, ""axis_span"": 1.0, ""primary_max"": 0.9998134970664978, ""primary_min"": 0.0002278998290421, ""primary_span"": 0.9995855972374557, ""utilization_ratio"": 0.9995855972374557}]",,Linear full-scale reference retains all outliers,False,,0,,True,src/descriptive_figures.py,True,New companion reference,,,,,,,intentional full-scale reference
analysis/milestone2/figures/genre_sentiment_negative.png,genre_boxplot,complete song score distributions by genre; outliers retained,x,linear,0.0447984337807,0.876413345337,0.831614911556,0,1,1,0.831614911556,"[{""axis_max"": 1.0, ""axis_min"": 0.0, ""axis_span"": 1.0, ""primary_max"": 0.8764133453369141, ""primary_min"": 0.0447984337806701, ""primary_span"": 0.831614911556244, ""utilization_ratio"": 0.831614911556244}]",,Retain full distributions; readable genre labels and stable major-genre colors,False,,0,,True,src/descriptive_figures.py,False,Matplotlib observed-data autoscale,0.0447984337807,0.876413345337,0.00321768820286,0.917994090915,0.909090909091,,reviewed by family; no unresolved presentation issue
analysis/milestone2/figures/genre_sentiment_positive.png,genre_boxplot,complete song score distributions by genre; outliers retained,x,linear,0.0263383127749,0.768431544304,0.742093231529,0,1,1,0.742093231529,"[{""axis_max"": 1.0, ""axis_min"": 0.0, ""axis_span"": 1.0, ""primary_max"": 0.768431544303894, ""primary_min"": 0.0263383127748966, ""primary_span"": 0.7420932315289974, ""utilization_ratio"": 0.7420932315289974}]",,Retain full distributions; readable genre labels and stable major-genre colors,False,,0,,True,src/descriptive_figures.py,False,Matplotlib observed-data autoscale,0.0263383127749,0.768431544304,-0.0107663488016,0.80553620588,0.909090909091,,reviewed by family; no unresolved presentation issue
analysis/milestone2/figures/hist_detox_toxicity.png,histogram,density of all original bins; both available weightings,y,linear,0,20.8569658262,20.8569658262,0,21.8998141175,21.8998141175,0.952380952381,"[{""axis_max"": 21.899814117534913, ""axis_min"": 0.0, ""axis_span"": 21.899814117534913, ""primary_max"": 20.856965826223725, ""primary_min"": 0.0, ""primary_span"": 20.856965826223725, ""utilization_ratio"": 0.9523809523809523}]",Tail densities >100 times smaller than peak,Add log-density companion panel; retain full support and original bins,False,,0,,True,src/descriptive_figures.py,False,Matplotlib observed-data autoscale,0,19.9341880607,0,21.8998141175,0.910244623709,,reviewed by family; no unresolved presentation issue
analysis/milestone2/figures/hist_emotion_anger.png,histogram,density of all original bins; both available weightings,y,linear,0,33.7219388971,33.7219388971,0,35.408035842,35.408035842,0.952380952381,"[{""axis_max"": 35.40803584195224, ""axis_min"": 0.0, ""axis_span"": 35.40803584195224, ""primary_max"": 33.721938897097374, ""primary_min"": 0.0, ""primary_span"": 33.721938897097374, ""utilization_ratio"": 0.9523809523809524}]",Tail densities >100 times smaller than peak,Add log-density companion panel; retain full support and original bins,False,,0,,True,src/descriptive_figures.py,False,Matplotlib observed-data autoscale,0,33.687020768,0,35.408035842,0.951394788414,,reviewed by family; no unresolved presentation issue
analysis/milestone2/figures/hist_emotion_joy.png,histogram,density of all original bins; both available weightings,y,linear,0,30.4988669171,30.4988669171,0,32.0238102629,32.0238102629,0.952380952381,"[{""axis_max"": 32.023810262937324, ""axis_min"": 0.0, ""axis_span"": 32.023810262937324, ""primary_max"": 30.498866917083166, ""primary_min"": 0.0, ""primary_span"": 30.498866917083166, ""utilization_ratio"": 0.9523809523809524}]",Tail densities >100 times smaller than peak,Add log-density companion panel; retain full support and original bins,False,,0,,True,src/descriptive_figures.py,False,Matplotlib observed-data autoscale,0,30.4988669171,0,32.0238102629,0.952380952381,,reviewed by family; no unresolved presentation issue
analysis/milestone2/figures/hist_emotion_sadness.png,histogram,density of all original bins; both available weightings,y,linear,0,25.5207524912,25.5207524912,0,26.7967901158,26.7967901158,0.952380952381,"[{""axis_max"": 26.796790115791758, ""axis_min"": 0.0, ""axis_span"": 26.796790115791758, ""primary_max"": 25.520752491230247, ""primary_min"": 0.0, ""primary_span"": 25.520752491230247, ""utilization_ratio"": 0.9523809523809524}]",Tail densities >100 times smaller than peak,Add log-density companion panel; retain full support and original bins,False,,0,,True,src/descriptive_figures.py,False,Matplotlib observed-data autoscale,0,25.5207524912,0,26.7967901158,0.952380952381,,reviewed by family; no unresolved presentation issue
analysis/milestone2/figures/hist_ll_explicit_language.png,histogram,density of all original bins; both available weightings,y,linear,0,22.3499690166,22.3499690166,0,23.4674674675,23.4674674675,0.952380952381,"[{""axis_max"": 23.46746746746747, ""axis_min"": 0.0, ""axis_span"": 23.46746746746747, ""primary_max"": 22.349969016635683, ""primary_min"": 0.0, ""primary_span"": 22.349969016635683, ""utilization_ratio"": 0.9523809523809523}]",Tail densities >100 times smaller than peak,Add log-density companion panel; retain full support and original bins,False,,0,,True,src/descriptive_figures.py,False,Matplotlib observed-data autoscale,0,21.3808947254,0,23.4674674675,0.911086582097,,reviewed by family; no unresolved presentation issue
analysis/milestone2/figures/hist_ll_sexual_content.png,histogram,density of all original bins; both available weightings,y,linear,0,12.4739995654,12.4739995654,0,13.0976995436,13.0976995436,0.952380952381,"[{""axis_max"": 13.097699543634208, ""axis_min"": 0.0, ""axis_span"": 13.097699543634208, ""primary_max"": 12.473999565365913, ""primary_min"": 0.0, ""primary_span"": 12.473999565365913, ""utilization_ratio"": 0.9523809523809524}]",,Retain full support; improve text and 300 dpi,False,,0,,True,src/descriptive_figures.py,False,Matplotlib observed-data autoscale,0,12.4739995654,0,13.0976995436,0.952380952381,,reviewed by family; no unresolved presentation issue
analysis/milestone2/figures/hist_ll_substance_use.png,histogram,density of all original bins; both available weightings,y,linear,0,27.3073073073,27.3073073073,0,28.6726726727,28.6726726727,0.952380952381,"[{""axis_max"": 28.672672672672675, ""axis_min"": 0.0, ""axis_span"": 28.672672672672675, ""primary_max"": 27.30730730730731, ""primary_min"": 0.0, ""primary_span"": 27.30730730730731, ""utilization_ratio"": 0.9523809523809523}]",Tail densities >100 times smaller than peak,Add log-density companion panel; retain full support and original bins,False,,0,,True,src/descriptive_figures.py,False,Matplotlib observed-data autoscale,0,26.6747384434,0,28.6726726727,0.930319218857,,reviewed by family; no unresolved presentation issue
analysis/milestone2/figures/hist_ll_violence.png,histogram,density of all original bins; both available weightings,y,linear,0,26.8458935126,26.8458935126,0,28.1881881882,28.1881881882,0.952380952381,"[{""axis_max"": 28.188188188188185, ""axis_min"": 0.0, ""axis_span"": 28.188188188188185, ""primary_max"": 26.845893512560178, ""primary_min"": 0.0, ""primary_span"": 26.845893512560178, ""utilization_ratio"": 0.9523809523809524}]",Tail densities >100 times smaller than peak,Add log-density companion panel; retain full support and original bins,False,,0,,True,src/descriptive_figures.py,False,Matplotlib observed-data autoscale,0,26.7169600447,0,28.1881881882,0.947806927722,,reviewed by family; no unresolved presentation issue
analysis/milestone2/figures/hist_mb_duration_median_seconds.png,histogram,density of all original bins; both available weightings,y,linear,0,0.00864428917444,0.00864428917444,0,0.00907650363316,0.00907650363316,0.952380952381,"[{""axis_max"": 0.009076503633158595, ""axis_min"": 0.0, ""axis_span"": 0.009076503633158595, ""primary_max"": 0.008644289174436756, ""primary_min"": 0.0, ""primary_span"": 0.008644289174436756, ""utilization_ratio"": 0.9523809523809523}]",Tail densities >100 times smaller than peak,Add log-density companion panel; retain full support and original bins,False,,0,,True,src/descriptive_figures.py,False,Matplotlib observed-data autoscale,0,0.00864428917444,0,0.00907650363316,0.952380952381,,reviewed by family; no unresolved presentation issue
analysis/milestone2/figures/hist_monthly_rank.png,histogram,density of all original bins; both available weightings,y,linear,0,0.0100003667616,0.0100003667616,0,0.0105003850997,0.0105003850997,0.952380952381,"[{""axis_max"": 0.010500385099698032, ""axis_min"": 0.0, ""axis_span"": 0.010500385099698032, ""primary_max"": 0.010000366761617174, ""primary_min"": 0.0, ""primary_span"": 0.010000366761617174, ""utilization_ratio"": 0.9523809523809524}]",,Retain full support; improve text and 300 dpi,False,,0,,True,src/descriptive_figures.py,False,Matplotlib observed-data autoscale,0,0.0100003667616,0,0.0105003850997,0.952380952381,,reviewed by family; no unresolved presentation issue
analysis/milestone2/figures/hist_sentiment_negative.png,histogram,density of all original bins; both available weightings,y,linear,0,6.33098438519,6.33098438519,0,6.64753360445,6.64753360445,0.952380952381,"[{""axis_max"": 6.647533604445405, ""axis_min"": 0.0, ""axis_span"": 6.647533604445405, ""primary_max"": 6.3309843851861, ""primary_min"": 0.0, ""primary_span"": 6.3309843851861, ""utilization_ratio"": 0.9523809523809523}]",Tail densities >100 times smaller than peak,Add log-density companion panel; retain full support and original bins,False,,0,,True,src/descriptive_figures.py,False,Matplotlib observed-data autoscale,0,6.33098438519,0,6.64753360445,0.952380952381,,reviewed by family; no unresolved presentation issue
analysis/milestone2/figures/hist_sentiment_positive.png,histogram,density of all original bins; both available weightings,y,linear,0,6.42659795735,6.42659795735,0,6.74792785521,6.74792785521,0.952380952381,"[{""axis_max"": 6.747927855213742, ""axis_min"": 0.0, ""axis_span"": 6.747927855213742, ""primary_max"": 6.426597957346421, ""primary_min"": 0.0, ""primary_span"": 6.426597957346421, ""utilization_ratio"": 0.9523809523809523}]",Tail densities >100 times smaller than peak,Add log-density companion panel; retain full support and original bins,False,,0,,True,src/descriptive_figures.py,False,Matplotlib observed-data autoscale,0,6.42659795735,0,6.74792785521,0.952380952381,,reviewed by family; no unresolved presentation issue
analysis/milestone2/figures/missingness_by_decade.png,missingness,unavailable observation percentages,y,linear,9.54166667,43.11764706,33.57598039,0,100,100,0.3357598039,"[{""axis_max"": 100.0, ""axis_min"": 0.0, ""axis_span"": 100.0, ""primary_max"": 43.11764706, ""primary_min"": 9.541666669999998, ""primary_span"": 33.575980390000005, ""utilization_ratio"": 0.33575980390000004}]",,Keep interpretable 0–100 percentage scale; move legend outside data,False,,0,,True,src/descriptive_figures.py,False,percentage domain 0 to 100,9.54166667,43.11764706,0,100,0.3357598039,,reviewed by family; no unresolved presentation issue
analysis/milestone2/figures/relationship_ll_explicit_language_vs_chart_weeks.png,scatter_hexbin,all pairwise-complete observations; log-count colour,y,linear,1,112,111,-4.55,117.55,122.1,0.909090909091,"[{""axis_max"": 117.55, ""axis_min"": -4.550000000000001, ""axis_span"": 122.1, ""primary_max"": 112.0, ""primary_min"": 1.0, ""primary_span"": 111.0, ""utilization_ratio"": 0.9090909090909092}]",,Retain all points and log-count density; larger labels and 300 dpi,False,,0,,True,src/descriptive_figures.py,False,Matplotlib observed-data autoscale,1,112,-4.55,117.55,0.909090909091,,reviewed by family; no unresolved presentation issue
analysis/milestone2/figures/relationship_ll_explicit_language_vs_detox_obscene.png,scatter_hexbin,all pairwise-complete observations; log-count colour,y,linear,2.45840037678e-05,0.990052998066,0.990028414062,-0.0494768366993,1.03955441877,1.08903125547,0.909090909091,"[{""axis_max"": 1.0395544187690575, ""axis_min"": -0.04947683669934122, ""axis_span"": 1.0890312554683987, ""primary_max"": 0.9900529980659484, ""primary_min"": 2.4584003767813556e-05, ""primary_span"": 0.9900284140621806, ""utilization_ratio"": 0.909090909090909}]",,Retain all points and log-count density; larger labels and 300 dpi,False,,0,,True,src/descriptive_figures.py,False,Matplotlib observed-data autoscale,2.45840037678e-05,0.990052998066,-0.0494768366993,1.03955441877,0.909090909091,,reviewed by family; no unresolved presentation issue
analysis/milestone2/figures/relationship_ll_explicit_language_vs_monthly_rank.png,scatter_hexbin,all pairwise-complete observations; log-count colour,y,linear,1,100,99,-3.95,104.95,108.9,0.909090909091,"[{""axis_max"": 104.95, ""axis_min"": -3.95, ""axis_span"": 108.9, ""primary_max"": 100.0, ""primary_min"": 1.0, ""primary_span"": 99.0, ""utilization_ratio"": 0.9090909090909091}]",,Retain all points and log-count density; larger labels and 300 dpi,False,,0,,True,src/descriptive_figures.py,False,Matplotlib observed-data autoscale,1,100,-3.95,104.95,0.909090909091,,reviewed by family; no unresolved presentation issue
analysis/milestone2/figures/relationship_ll_sexual_content_vs_detox_sexual_explicit.png,scatter_hexbin,all pairwise-complete observations; log-count colour,y,linear,1.15330276458e-05,0.958364903927,0.958353370899,-0.0479061355173,1.00628257247,1.05418870799,0.909090909091,"[{""axis_max"": 1.0062825724718096, ""axis_min"": -0.0479061355173144, ""axis_span"": 1.0541887079891241, ""primary_max"": 0.9583649039268494, ""primary_min"": 1.1533027645782568e-05, ""primary_span"": 0.9583533708992036, ""utilization_ratio"": 0.909090909090909}]",,Retain all points and log-count density; larger labels and 300 dpi,False,,0,,True,src/descriptive_figures.py,False,Matplotlib observed-data autoscale,1.15330276458e-05,0.958364903927,-0.0479061355173,1.00628257247,0.909090909091,,reviewed by family; no unresolved presentation issue
analysis/milestone2/figures/relationship_sentiment_negative_vs_chart_weeks.png,scatter_hexbin,all pairwise-complete observations; log-count colour,y,linear,1,112,111,-4.55,117.55,122.1,0.909090909091,"[{""axis_max"": 117.55, ""axis_min"": -4.550000000000001, ""axis_span"": 122.1, ""primary_max"": 112.0, ""primary_min"": 1.0, ""primary_span"": 111.0, ""utilization_ratio"": 0.9090909090909092}]",,Retain all points and log-count density; larger labels and 300 dpi,False,,0,,True,src/descriptive_figures.py,False,Matplotlib observed-data autoscale,1,112,-4.55,117.55,0.909090909091,,reviewed by family; no unresolved presentation issue
analysis/milestone2/figures/relationship_sentiment_positive_vs_monthly_rank.png,scatter_hexbin,all pairwise-complete observations; log-count colour,y,linear,1,100,99,-3.95,104.95,108.9,0.909090909091,"[{""axis_max"": 104.95, ""axis_min"": -3.95, ""axis_span"": 108.9, ""primary_max"": 100.0, ""primary_min"": 1.0, ""primary_span"": 99.0, ""utilization_ratio"": 0.9090909090909091}]",,Retain all points and log-count density; larger labels and 300 dpi,False,,0,,True,src/descriptive_figures.py,False,Matplotlib observed-data autoscale,1,100,-3.95,104.95,0.909090909091,,reviewed by family; no unresolved presentation issue
analysis/milestone2/figures/selected_spearman_heatmap.png,correlation,pairwise Spearman coefficients (colour axis),y,linear,-0.874078257073,1,1.87407825707,-1,1,2,0.937039128536,"[{""axis_max"": 1.0, ""axis_min"": -1.0, ""axis_span"": 2.0, ""primary_max"": 1.0, ""primary_min"": -0.8740782570729173, ""primary_span"": 1.8740782570729173, ""utilization_ratio"": 0.9370391285364587}]",,Retain signed -1 to 1 colour domain; improve annotation contrast and labels,False,,0,,True,src/descriptive_figures.py,False,fixed signed correlation colour domain -1 to 1,-0.874078257073,1,-1,1,0.937039128536,,reviewed by family; no unresolved presentation issue
analysis/milestone2/figures/song_score_boxplots.png,score_boxplot,"1.5-IQR whiskers and boxes, independently scaled by score",x,linear,0.0837240368128,0.444573611021,0.360849574208,0.05,0.48,0.43,0.839185056298,"[{""axis_max"": 1.0, ""axis_min"": 0.0, ""axis_span"": 1.0, ""primary_max"": 0.999705135822296, ""primary_min"": 0.0006408368353731, ""primary_span"": 0.999064298986923, ""utilization_ratio"": 0.999064298986923}, {""axis_max"": 0.26, ""axis_min"": 0.0, ""axis_span"": 0.26, ""primary_max"": 0.2325020581483841, ""primary_min"": 0.0002278998290421, ""primary_span"": 0.232274158319342, ""utilization_ratio"": 0.8933621473820846}, {""axis_max"": 1.0, ""axis_min"": 0.0, ""axis_span"": 1.0, ""primary_max"": 0.9998546838760376, ""primary_min"": 0.0002059567341348, ""primary_span"": 0.9996487271419028, ""utilization_ratio"": 0.9996487271419028}, {""axis_max"": 0.37, ""axis_min"": 0.0, ""axis_span"": 0.37, ""primary_max"": 0.3409707280807197, ""primary_min"": 0.0001737602142384, ""primary_span"": 0.3407969678664813, ""utilization_ratio"": 0.9210728861256251}, {""axis_max"": 0.51, ""axis_min"": 0.1, ""axis_span"": 0.41000000000000003, ""primary_max"": 0.4767324924468994, ""primary_min"": 0.1292817294597625, ""primary_span"": 0.34745076298713695, ""utilization_ratio"": 0.8474408853344803}, {""axis_max"": 0.48, ""axis_min"": 0.05, ""axis_span"": 0.43, ""primary_max"": 0.4445736110210418, ""primary_min"": 0.0837240368127822, ""primary_span"": 0.3608495742082596, ""utilization_ratio"": 0.8391850562982781}, {""axis_max"": 0.059000000000000004, ""axis_min"": 0.0, ""axis_span"": 0.059000000000000004, ""primary_max"": 0.0538451969623565, ""primary_min"": 0.0003340323455631, ""primary_span"": 0.0535111646167934, ""utilization_ratio"": 0.9069688918100576}, {""axis_max"": 0.19, ""axis_min"": 0.0, ""axis_span"": 0.19, ""primary_max"": 0.1701370179653167, ""primary_min"": 0.0003625717654358, ""primary_span"": 0.16977444619988089, ""utilization_ratio"": 0.8935497168414783}, {""axis_max"": 0.033, ""axis_min"": 0.0, ""axis_span"": 0.033, ""primary_max"": 0.0297740846872329, ""primary_min"": 0.0003743813722394, ""primary_span"": 0.0293997033149935, ""utilization_ratio"": 0.8909001004543484}]",Near-zero emotion boxes compressed by shared domain and legitimate outliers,Separate central whisker views with independent labeled X-axes and complete full-scale companion,True,analysis/milestone2/figures/song_score_boxplots_full_scale.png,18466,Outliers beyond the view counted on each panel; full-domain companion retains all,True,src/descriptive_figures.py,False,Matplotlib observed-data autoscale,0.000173760214238,0.999866008759,-0.049810852213,1.04985062119,0.909090909091,,reviewed by family; no unresolved presentation issue
analysis/milestone2/figures/song_score_boxplots_full_scale.png,score_boxplot,all song scores including all outliers,x,linear,0.000173760214238,0.999866008759,0.999692248544,0,1,1,0.999692248544,"[{""axis_max"": 1.0, ""axis_min"": 0.0, ""axis_span"": 1.0, ""primary_max"": 0.9998660087585448, ""primary_min"": 0.0001737602142384, ""primary_span"": 0.9996922485443064, ""utilization_ratio"": 0.9996922485443064}]",,Full-domain reference retains all outliers,False,,0,,True,src/descriptive_figures.py,True,New companion reference,,,,,,,intentional full-scale reference
analysis/moving_averages/figures/all_genres/detox_identity_attack.png,moving_average_all_genres,equal-weight 12-month means of qualifying genres,y,,0.0005483060072,0.2419892394,0.241440933393,0,0.29,0.29,0.832554942734,"[{""axis_max"": 0.29, ""axis_min"": 0.0, ""axis_span"": 0.29, ""primary_max"": 0.2419892394, ""primary_min"": 0.0005483060072, ""primary_span"": 0.2414409333928, ""utilization_ratio"": 0.8325549427337932}]",,Retain previously validated independently scaled overlay,True,analysis/moving_averages/figures/all_genres/detox_identity_attack_full_scale.png,0,Scores range 0–1; observed-range axes disclosed on figure,True,src/moving_average_all_genres.py,False,"per-chart observed range, 8% padding, minimum 0.02, rounded 0.01",0.0005483060072,0.2419892394,0,0.29,0.832554942734,,reviewed by family; no unresolved presentation issue
analysis/moving_averages/figures/all_genres/detox_identity_attack_full_scale.png,moving_average_all_genres,equal-weight 12-month means of qualifying genres,y,,0.0005483060072,0.2419892394,0.241440933393,0,1,1,0.241440933393,"[{""axis_max"": 1.0, ""axis_min"": 0.0, ""axis_span"": 1.0, ""primary_max"": 0.2419892394, ""primary_min"": 0.0005483060072, ""primary_span"": 0.2414409333928, ""utilization_ratio"": 0.2414409333928}]",,Retain full-domain reference,False,,0,Scores range 0–1; observed-range axes disclosed on figure,True,src/moving_average_all_genres.py,True,theoretical 0–1 reference,0.0005483060072,0.2419892394,0,1,0.241440933393,,intentional full-scale reference
analysis/moving_averages/figures/all_genres/detox_identity_attack_major_coverage.png,moving_average_major_coverage,equal-weight 12-month means of qualifying genres,y,,0.0005483060072,0.2419892394,0.241440933393,0,0.29,0.29,0.832554942734,"[{""axis_max"": 0.29, ""axis_min"": 0.0, ""axis_span"": 0.29, ""primary_max"": 0.2419892394, ""primary_min"": 0.0005483060072, ""primary_span"": 0.2414409333928, ""utilization_ratio"": 0.8325549427337932}]",,Retain previously validated independently scaled overlay,True,analysis/moving_averages/figures/all_genres/detox_identity_attack_major_coverage_full_scale.png,0,Scores range 0–1; observed-range axes disclosed on figure,True,src/moving_average_all_genres.py,False,"per-chart observed range, 8% padding, minimum 0.02, rounded 0.01",0.0005483060072,0.2419892394,0,0.29,0.832554942734,,reviewed by family; no unresolved presentation issue
analysis/moving_averages/figures/all_genres/detox_identity_attack_major_coverage_full_scale.png,moving_average_major_coverage,equal-weight 12-month means of qualifying genres,y,,0.0005483060072,0.2419892394,0.241440933393,0,1,1,0.241440933393,"[{""axis_max"": 1.0, ""axis_min"": 0.0, ""axis_span"": 1.0, ""primary_max"": 0.2419892394, ""primary_min"": 0.0005483060072, ""primary_span"": 0.2414409333928, ""utilization_ratio"": 0.2414409333928}]",,Retain full-domain reference,False,,0,Scores range 0–1; observed-range axes disclosed on figure,True,src/moving_average_all_genres.py,True,theoretical 0–1 reference,0.0005483060072,0.2419892394,0,1,0.241440933393,,intentional full-scale reference
analysis/moving_averages/figures/all_genres/detox_insult.png,moving_average_all_genres,equal-weight 12-month means of qualifying genres,y,,0.003081865435,0.4539098908,0.450828025365,0,0.53,0.53,0.850618915783,"[{""axis_max"": 0.53, ""axis_min"": 0.0, ""axis_span"": 0.53, ""primary_max"": 0.4539098908, ""primary_min"": 0.003081865435, ""primary_span"": 0.450828025365, ""utilization_ratio"": 0.8506189157830188}]",,Retain previously validated independently scaled overlay,True,analysis/moving_averages/figures/all_genres/detox_insult_full_scale.png,0,Scores range 0–1; observed-range axes disclosed on figure,True,src/moving_average_all_genres.py,False,"per-chart observed range, 8% padding, minimum 0.02, rounded 0.01",0.003081865435,0.4539098908,0,0.53,0.850618915783,,reviewed by family; no unresolved presentation issue
analysis/moving_averages/figures/all_genres/detox_insult_full_scale.png,moving_average_all_genres,equal-weight 12-month means of qualifying genres,y,,0.003081865435,0.4539098908,0.450828025365,0,1,1,0.450828025365,"[{""axis_max"": 1.0, ""axis_min"": 0.0, ""axis_span"": 1.0, ""primary_max"": 0.4539098908, ""primary_min"": 0.003081865435, ""primary_span"": 0.450828025365, ""utilization_ratio"": 0.450828025365}]",,Retain full-domain reference,False,,0,Scores range 0–1; observed-range axes disclosed on figure,True,src/moving_average_all_genres.py,True,theoretical 0–1 reference,0.003081865435,0.4539098908,0,1,0.450828025365,,intentional full-scale reference
analysis/moving_averages/figures/all_genres/detox_insult_major_coverage.png,moving_average_major_coverage,equal-weight 12-month means of qualifying genres,y,,0.003396593597,0.4539098908,0.450513297203,0,0.53,0.53,0.850025089062,"[{""axis_max"": 0.53, ""axis_min"": 0.0, ""axis_span"": 0.53, ""primary_max"": 0.4539098908, ""primary_min"": 0.003396593597, ""primary_span"": 0.450513297203, ""utilization_ratio"": 0.850025089062264}]",,Retain previously validated independently scaled overlay,True,analysis/moving_averages/figures/all_genres/detox_insult_major_coverage_full_scale.png,0,Scores range 0–1; observed-range axes disclosed on figure,True,src/moving_average_all_genres.py,False,"per-chart observed range, 8% padding, minimum 0.02, rounded 0.01",0.003396593597,0.4539098908,0,0.53,0.850025089062,,reviewed by family; no unresolved presentation issue
analysis/moving_averages/figures/all_genres/detox_insult_major_coverage_full_scale.png,moving_average_major_coverage,equal-weight 12-month means of qualifying genres,y,,0.003396593597,0.4539098908,0.450513297203,0,1,1,0.450513297203,"[{""axis_max"": 1.0, ""axis_min"": 0.0, ""axis_span"": 1.0, ""primary_max"": 0.4539098908, ""primary_min"": 0.003396593597, ""primary_span"": 0.450513297203, ""utilization_ratio"": 0.450513297203}]",,Retain full-domain reference,False,,0,Scores range 0–1; observed-range axes disclosed on figure,True,src/moving_average_all_genres.py,True,theoretical 0–1 reference,0.003396593597,0.4539098908,0,1,0.450513297203,,intentional full-scale reference
analysis/moving_averages/figures/all_genres/detox_obscene.png,moving_average_all_genres,equal-weight 12-month means of qualifying genres,y,,0.001087106139,0.7422990849,0.741211978761,0,0.86,0.86,0.861874393908,"[{""axis_max"": 0.86, ""axis_min"": 0.0, ""axis_span"": 0.86, ""primary_max"": 0.7422990849, ""primary_min"": 0.001087106139, ""primary_span"": 0.741211978761, ""utilization_ratio"": 0.8618743939081395}]",,Retain previously validated independently scaled overlay,True,analysis/moving_averages/figures/all_genres/detox_obscene_full_scale.png,0,Scores range 0–1; observed-range axes disclosed on figure,True,src/moving_average_all_genres.py,False,"per-chart observed range, 8% padding, minimum 0.02, rounded 0.01",0.001087106139,0.7422990849,0,0.86,0.861874393908,,reviewed by family; no unresolved presentation issue
analysis/moving_averages/figures/all_genres/detox_obscene_full_scale.png,moving_average_all_genres,equal-weight 12-month means of qualifying genres,y,,0.001087106139,0.7422990849,0.741211978761,0,1,1,0.741211978761,"[{""axis_max"": 1.0, ""axis_min"": 0.0, ""axis_span"": 1.0, ""primary_max"": 0.7422990849, ""primary_min"": 0.001087106139, ""primary_span"": 0.741211978761, ""utilization_ratio"": 0.741211978761}]",,Retain full-domain reference,False,,0,Scores range 0–1; observed-range axes disclosed on figure,True,src/moving_average_all_genres.py,True,theoretical 0–1 reference,0.001087106139,0.7422990849,0,1,0.741211978761,,intentional full-scale reference
analysis/moving_averages/figures/all_genres/detox_obscene_major_coverage.png,moving_average_major_coverage,equal-weight 12-month means of qualifying genres,y,,0.001087106139,0.7422990849,0.741211978761,0,0.86,0.86,0.861874393908,"[{""axis_max"": 0.86, ""axis_min"": 0.0, ""axis_span"": 0.86, ""primary_max"": 0.7422990849, ""primary_min"": 0.001087106139, ""primary_span"": 0.741211978761, ""utilization_ratio"": 0.8618743939081395}]",,Retain previously validated independently scaled overlay,True,analysis/moving_averages/figures/all_genres/detox_obscene_major_coverage_full_scale.png,0,Scores range 0–1; observed-range axes disclosed on figure,True,src/moving_average_all_genres.py,False,"per-chart observed range, 8% padding, minimum 0.02, rounded 0.01",0.001087106139,0.7422990849,0,0.86,0.861874393908,,reviewed by family; no unresolved presentation issue
analysis/moving_averages/figures/all_genres/detox_obscene_major_coverage_full_scale.png,moving_average_major_coverage,equal-weight 12-month means of qualifying genres,y,,0.001087106139,0.7422990849,0.741211978761,0,1,1,0.741211978761,"[{""axis_max"": 1.0, ""axis_min"": 0.0, ""axis_span"": 1.0, ""primary_max"": 0.7422990849, ""primary_min"": 0.001087106139, ""primary_span"": 0.741211978761, ""utilization_ratio"": 0.741211978761}]",,Retain full-domain reference,False,,0,Scores range 0–1; observed-range axes disclosed on figure,True,src/moving_average_all_genres.py,True,theoretical 0–1 reference,0.001087106139,0.7422990849,0,1,0.741211978761,,intentional full-scale reference
analysis/moving_averages/figures/all_genres/detox_severe_toxicity.png,moving_average_all_genres,equal-weight 12-month means of qualifying genres,y,,2.379149851e-05,0.08798417989,0.0879603883915,0,0.11,0.11,0.799639894468,"[{""axis_max"": 0.11, ""axis_min"": 0.0, ""axis_span"": 0.11, ""primary_max"": 0.08798417989, ""primary_min"": 2.379149851e-05, ""primary_span"": 0.08796038839149, ""utilization_ratio"": 0.7996398944680908}]",,Retain previously validated independently scaled overlay,True,analysis/moving_averages/figures/all_genres/detox_severe_toxicity_full_scale.png,0,Scores range 0–1; observed-range axes disclosed on figure,True,src/moving_average_all_genres.py,False,"per-chart observed range, 8% padding, minimum 0.02, rounded 0.01",2.379149851e-05,0.08798417989,0,0.11,0.799639894468,,reviewed by family; no unresolved presentation issue
analysis/moving_averages/figures/all_genres/detox_severe_toxicity_full_scale.png,moving_average_all_genres,equal-weight 12-month means of qualifying genres,y,,2.379149851e-05,0.08798417989,0.0879603883915,0,1,1,0.0879603883915,"[{""axis_max"": 1.0, ""axis_min"": 0.0, ""axis_span"": 1.0, ""primary_max"": 0.08798417989, ""primary_min"": 2.379149851e-05, ""primary_span"": 0.08796038839149, ""utilization_ratio"": 0.08796038839149}]",,Retain full-domain reference,False,,0,Scores range 0–1; observed-range axes disclosed on figure,True,src/moving_average_all_genres.py,True,theoretical 0–1 reference,2.379149851e-05,0.08798417989,0,1,0.0879603883915,,intentional full-scale reference
analysis/moving_averages/figures/all_genres/detox_severe_toxicity_major_coverage.png,moving_average_major_coverage,equal-weight 12-month means of qualifying genres,y,,2.379149851e-05,0.08798417989,0.0879603883915,0,0.11,0.11,0.799639894468,"[{""axis_max"": 0.11, ""axis_min"": 0.0, ""axis_span"": 0.11, ""primary_max"": 0.08798417989, ""primary_min"": 2.379149851e-05, ""primary_span"": 0.08796038839149, ""utilization_ratio"": 0.7996398944680908}]",,Retain previously validated independently scaled overlay,True,analysis/moving_averages/figures/all_genres/detox_severe_toxicity_major_coverage_full_scale.png,0,Scores range 0–1; observed-range axes disclosed on figure,True,src/moving_average_all_genres.py,False,"per-chart observed range, 8% padding, minimum 0.02, rounded 0.01",2.379149851e-05,0.08798417989,0,0.11,0.799639894468,,reviewed by family; no unresolved presentation issue
analysis/moving_averages/figures/all_genres/detox_severe_toxicity_major_coverage_full_scale.png,moving_average_major_coverage,equal-weight 12-month means of qualifying genres,y,,2.379149851e-05,0.08798417989,0.0879603883915,0,1,1,0.0879603883915,"[{""axis_max"": 1.0, ""axis_min"": 0.0, ""axis_span"": 1.0, ""primary_max"": 0.08798417989, ""primary_min"": 2.379149851e-05, ""primary_span"": 0.08796038839149, ""utilization_ratio"": 0.08796038839149}]",,Retain full-domain reference,False,,0,Scores range 0–1; observed-range axes disclosed on figure,True,src/moving_average_all_genres.py,True,theoretical 0–1 reference,2.379149851e-05,0.08798417989,0,1,0.0879603883915,,intentional full-scale reference
analysis/moving_averages/figures/all_genres/detox_sexual_explicit.png,moving_average_all_genres,equal-weight 12-month means of qualifying genres,y,,0.0005778443528,0.1785680855,0.177990241147,0,0.21,0.21,0.847572576891,"[{""axis_max"": 0.21, ""axis_min"": 0.0, ""axis_span"": 0.21, ""primary_max"": 0.1785680855, ""primary_min"": 0.0005778443528, ""primary_span"": 0.1779902411472, ""utilization_ratio"": 0.8475725768914286}]",,Retain previously validated independently scaled overlay,True,analysis/moving_averages/figures/all_genres/detox_sexual_explicit_full_scale.png,0,Scores range 0–1; observed-range axes disclosed on figure,True,src/moving_average_all_genres.py,False,"per-chart observed range, 8% padding, minimum 0.02, rounded 0.01",0.0005778443528,0.1785680855,0,0.21,0.847572576891,,reviewed by family; no unresolved presentation issue
analysis/moving_averages/figures/all_genres/detox_sexual_explicit_full_scale.png,moving_average_all_genres,equal-weight 12-month means of qualifying genres,y,,0.0005778443528,0.1785680855,0.177990241147,0,1,1,0.177990241147,"[{""axis_max"": 1.0, ""axis_min"": 0.0, ""axis_span"": 1.0, ""primary_max"": 0.1785680855, ""primary_min"": 0.0005778443528, ""primary_span"": 0.1779902411472, ""utilization_ratio"": 0.1779902411472}]",,Retain full-domain reference,False,,0,Scores range 0–1; observed-range axes disclosed on figure,True,src/moving_average_all_genres.py,True,theoretical 0–1 reference,0.0005778443528,0.1785680855,0,1,0.177990241147,,intentional full-scale reference
analysis/moving_averages/figures/all_genres/detox_sexual_explicit_major_coverage.png,moving_average_major_coverage,equal-weight 12-month means of qualifying genres,y,,0.0005778443528,0.1785680855,0.177990241147,0,0.21,0.21,0.847572576891,"[{""axis_max"": 0.21, ""axis_min"": 0.0, ""axis_span"": 0.21, ""primary_max"": 0.1785680855, ""primary_min"": 0.0005778443528, ""primary_span"": 0.1779902411472, ""utilization_ratio"": 0.8475725768914286}]",,Retain previously validated independently scaled overlay,True,analysis/moving_averages/figures/all_genres/detox_sexual_explicit_major_coverage_full_scale.png,0,Scores range 0–1; observed-range axes disclosed on figure,True,src/moving_average_all_genres.py,False,"per-chart observed range, 8% padding, minimum 0.02, rounded 0.01",0.0005778443528,0.1785680855,0,0.21,0.847572576891,,reviewed by family; no unresolved presentation issue
analysis/moving_averages/figures/all_genres/detox_sexual_explicit_major_coverage_full_scale.png,moving_average_major_coverage,equal-weight 12-month means of qualifying genres,y,,0.0005778443528,0.1785680855,0.177990241147,0,1,1,0.177990241147,"[{""axis_max"": 1.0, ""axis_min"": 0.0, ""axis_span"": 1.0, ""primary_max"": 0.1785680855, ""primary_min"": 0.0005778443528, ""primary_span"": 0.1779902411472, ""utilization_ratio"": 0.1779902411472}]",,Retain full-domain reference,False,,0,Scores range 0–1; observed-range axes disclosed on figure,True,src/moving_average_all_genres.py,True,theoretical 0–1 reference,0.0005778443528,0.1785680855,0,1,0.177990241147,,intentional full-scale reference
analysis/moving_averages/figures/all_genres/detox_threat.png,moving_average_all_genres,equal-weight 12-month means of qualifying genres,y,,0.0002435508351,0.03662712098,0.0363835701449,0,0.05,0.05,0.727671402898,"[{""axis_max"": 0.05, ""axis_min"": 0.0, ""axis_span"": 0.05, ""primary_max"": 0.03662712098, ""primary_min"": 0.0002435508351, ""primary_span"": 0.0363835701449, ""utilization_ratio"": 0.7276714028979999}]",,Retain previously validated independently scaled overlay,True,analysis/moving_averages/figures/all_genres/detox_threat_full_scale.png,0,Scores range 0–1; observed-range axes disclosed on figure,True,src/moving_average_all_genres.py,False,"per-chart observed range, 8% padding, minimum 0.02, rounded 0.01",0.0002435508351,0.03662712098,0,0.05,0.727671402898,,reviewed by family; no unresolved presentation issue
analysis/moving_averages/figures/all_genres/detox_threat_full_scale.png,moving_average_all_genres,equal-weight 12-month means of qualifying genres,y,,0.0002435508351,0.03662712098,0.0363835701449,0,1,1,0.0363835701449,"[{""axis_max"": 1.0, ""axis_min"": 0.0, ""axis_span"": 1.0, ""primary_max"": 0.03662712098, ""primary_min"": 0.0002435508351, ""primary_span"": 0.0363835701449, ""utilization_ratio"": 0.0363835701449}]",,Retain full-domain reference,False,,0,Scores range 0–1; observed-range axes disclosed on figure,True,src/moving_average_all_genres.py,True,theoretical 0–1 reference,0.0002435508351,0.03662712098,0,1,0.0363835701449,,intentional full-scale reference
analysis/moving_averages/figures/all_genres/detox_threat_major_coverage.png,moving_average_major_coverage,equal-weight 12-month means of qualifying genres,y,,0.0002435508351,0.02876200845,0.0285184576149,0,0.04,0.04,0.712961440372,"[{""axis_max"": 0.04, ""axis_min"": 0.0, ""axis_span"": 0.04, ""primary_max"": 0.02876200845, ""primary_min"": 0.0002435508351, ""primary_span"": 0.0285184576149, ""utilization_ratio"": 0.7129614403725}]",,Retain previously validated independently scaled overlay,True,analysis/moving_averages/figures/all_genres/detox_threat_major_coverage_full_scale.png,0,Scores range 0–1; observed-range axes disclosed on figure,True,src/moving_average_all_genres.py,False,"per-chart observed range, 8% padding, minimum 0.02, rounded 0.01",0.0002435508351,0.02876200845,0,0.04,0.712961440372,,reviewed by family; no unresolved presentation issue
analysis/moving_averages/figures/all_genres/detox_threat_major_coverage_full_scale.png,moving_average_major_coverage,equal-weight 12-month means of qualifying genres,y,,0.0002435508351,0.02876200845,0.0285184576149,0,1,1,0.0285184576149,"[{""axis_max"": 1.0, ""axis_min"": 0.0, ""axis_span"": 1.0, ""primary_max"": 0.02876200845, ""primary_min"": 0.0002435508351, ""primary_span"": 0.0285184576149, ""utilization_ratio"": 0.0285184576149}]",,Retain full-domain reference,False,,0,Scores range 0–1; observed-range axes disclosed on figure,True,src/moving_average_all_genres.py,True,theoretical 0–1 reference,0.0002435508351,0.02876200845,0,1,0.0285184576149,,intentional full-scale reference
analysis/moving_averages/figures/all_genres/detox_toxicity.png,moving_average_all_genres,equal-weight 12-month means of qualifying genres,y,,0.01872488337,0.8258099984,0.80708511503,0,0.94,0.94,0.858601186202,"[{""axis_max"": 0.94, ""axis_min"": 0.0, ""axis_span"": 0.94, ""primary_max"": 0.8258099984, ""primary_min"": 0.01872488337, ""primary_span"": 0.80708511503, ""utilization_ratio"": 0.8586011862021278}]",,Retain previously validated independently scaled overlay,True,analysis/moving_averages/figures/all_genres/detox_toxicity_full_scale.png,0,Scores range 0–1; observed-range axes disclosed on figure,True,src/moving_average_all_genres.py,False,"per-chart observed range, 8% padding, minimum 0.02, rounded 0.01",0.01872488337,0.8258099984,0,0.94,0.858601186202,,reviewed by family; no unresolved presentation issue
analysis/moving_averages/figures/all_genres/detox_toxicity_full_scale.png,moving_average_all_genres,equal-weight 12-month means of qualifying genres,y,,0.01872488337,0.8258099984,0.80708511503,0,1,1,0.80708511503,"[{""axis_max"": 1.0, ""axis_min"": 0.0, ""axis_span"": 1.0, ""primary_max"": 0.8258099984, ""primary_min"": 0.01872488337, ""primary_span"": 0.80708511503, ""utilization_ratio"": 0.80708511503}]",,Retain full-domain reference,False,,0,Scores range 0–1; observed-range axes disclosed on figure,True,src/moving_average_all_genres.py,True,theoretical 0–1 reference,0.01872488337,0.8258099984,0,1,0.80708511503,,intentional full-scale reference
analysis/moving_averages/figures/all_genres/detox_toxicity_major_coverage.png,moving_average_major_coverage,equal-weight 12-month means of qualifying genres,y,,0.01872488337,0.8258099984,0.80708511503,0,0.94,0.94,0.858601186202,"[{""axis_max"": 0.94, ""axis_min"": 0.0, ""axis_span"": 0.94, ""primary_max"": 0.8258099984, ""primary_min"": 0.01872488337, ""primary_span"": 0.80708511503, ""utilization_ratio"": 0.8586011862021278}]",,Retain previously validated independently scaled overlay,True,analysis/moving_averages/figures/all_genres/detox_toxicity_major_coverage_full_scale.png,0,Scores range 0–1; observed-range axes disclosed on figure,True,src/moving_average_all_genres.py,False,"per-chart observed range, 8% padding, minimum 0.02, rounded 0.01",0.01872488337,0.8258099984,0,0.94,0.858601186202,,reviewed by family; no unresolved presentation issue
analysis/moving_averages/figures/all_genres/detox_toxicity_major_coverage_full_scale.png,moving_average_major_coverage,equal-weight 12-month means of qualifying genres,y,,0.01872488337,0.8258099984,0.80708511503,0,1,1,0.80708511503,"[{""axis_max"": 1.0, ""axis_min"": 0.0, ""axis_span"": 1.0, ""primary_max"": 0.8258099984, ""primary_min"": 0.01872488337, ""primary_span"": 0.80708511503, ""utilization_ratio"": 0.80708511503}]",,Retain full-domain reference,False,,0,Scores range 0–1; observed-range axes disclosed on figure,True,src/moving_average_all_genres.py,True,theoretical 0–1 reference,0.01872488337,0.8258099984,0,1,0.80708511503,,intentional full-scale reference
analysis/moving_averages/figures/all_genres/emotion_admiration.png,moving_average_all_genres,equal-weight 12-month means of qualifying genres,y,,0.002975416837,0.1234559309,0.120480514063,0,0.14,0.14,0.86057510045,"[{""axis_max"": 0.14, ""axis_min"": 0.0, ""axis_span"": 0.14, ""primary_max"": 0.1234559309, ""primary_min"": 0.002975416837, ""primary_span"": 0.12048051406299999, ""utilization_ratio"": 0.8605751004499999}]",,Retain previously validated independently scaled overlay,True,analysis/moving_averages/figures/all_genres/emotion_admiration_full_scale.png,0,Scores range 0–1; observed-range axes disclosed on figure,True,src/moving_average_all_genres.py,False,"per-chart observed range, 8% padding, minimum 0.02, rounded 0.01",0.002975416837,0.1234559309,0,0.14,0.86057510045,,reviewed by family; no unresolved presentation issue
analysis/moving_averages/figures/all_genres/emotion_admiration_full_scale.png,moving_average_all_genres,equal-weight 12-month means of qualifying genres,y,,0.002975416837,0.1234559309,0.120480514063,0,1,1,0.120480514063,"[{""axis_max"": 1.0, ""axis_min"": 0.0, ""axis_span"": 1.0, ""primary_max"": 0.1234559309, ""primary_min"": 0.002975416837, ""primary_span"": 0.12048051406299999, ""utilization_ratio"": 0.12048051406299999}]",,Retain full-domain reference,False,,0,Scores range 0–1; observed-range axes disclosed on figure,True,src/moving_average_all_genres.py,True,theoretical 0–1 reference,0.002975416837,0.1234559309,0,1,0.120480514063,,intentional full-scale reference
analysis/moving_averages/figures/all_genres/emotion_admiration_major_coverage.png,moving_average_major_coverage,equal-weight 12-month means of qualifying genres,y,,0.002975416837,0.1234559309,0.120480514063,0,0.14,0.14,0.86057510045,"[{""axis_max"": 0.14, ""axis_min"": 0.0, ""axis_span"": 0.14, ""primary_max"": 0.1234559309, ""primary_min"": 0.002975416837, ""primary_span"": 0.12048051406299999, ""utilization_ratio"": 0.8605751004499999}]",,Retain previously validated independently scaled overlay,True,analysis/moving_averages/figures/all_genres/emotion_admiration_major_coverage_full_scale.png,0,Scores range 0–1; observed-range axes disclosed on figure,True,src/moving_average_all_genres.py,False,"per-chart observed range, 8% padding, minimum 0.02, rounded 0.01",0.002975416837,0.1234559309,0,0.14,0.86057510045,,reviewed by family; no unresolved presentation issue
analysis/moving_averages/figures/all_genres/emotion_admiration_major_coverage_full_scale.png,moving_average_major_coverage,equal-weight 12-month means of qualifying genres,y,,0.002975416837,0.1234559309,0.120480514063,0,1,1,0.120480514063,"[{""axis_max"": 1.0, ""axis_min"": 0.0, ""axis_span"": 1.0, ""primary_max"": 0.1234559309, ""primary_min"": 0.002975416837, ""primary_span"": 0.12048051406299999, ""utilization_ratio"": 0.12048051406299999}]",,Retain full-domain reference,False,,0,Scores range 0–1; observed-range axes disclosed on figure,True,src/moving_average_all_genres.py,True,theoretical 0–1 reference,0.002975416837,0.1234559309,0,1,0.120480514063,,intentional full-scale reference
analysis/moving_averages/figures/all_genres/emotion_amusement.png,moving_average_all_genres,equal-weight 12-month means of qualifying genres,y,,0.001840647281,0.07933025674,0.077489609459,0,0.09,0.09,0.860995660656,"[{""axis_max"": 0.09, ""axis_min"": 0.0, ""axis_span"": 0.09, ""primary_max"": 0.07933025674, ""primary_min"": 0.001840647281, ""primary_span"": 0.07748960945899999, ""utilization_ratio"": 0.8609956606555556}]",,Retain previously validated independently scaled overlay,True,analysis/moving_averages/figures/all_genres/emotion_amusement_full_scale.png,0,Scores range 0–1; observed-range axes disclosed on figure,True,src/moving_average_all_genres.py,False,"per-chart observed range, 8% padding, minimum 0.02, rounded 0.01",0.001840647281,0.07933025674,0,0.09,0.860995660656,,reviewed by family; no unresolved presentation issue
analysis/moving_averages/figures/all_genres/emotion_amusement_full_scale.png,moving_average_all_genres,equal-weight 12-month means of qualifying genres,y,,0.001840647281,0.07933025674,0.077489609459,0,1,1,0.077489609459,"[{""axis_max"": 1.0, ""axis_min"": 0.0, ""axis_span"": 1.0, ""primary_max"": 0.07933025674, ""primary_min"": 0.001840647281, ""primary_span"": 0.07748960945899999, ""utilization_ratio"": 0.07748960945899999}]",,Retain full-domain reference,False,,0,Scores range 0–1; observed-range axes disclosed on figure,True,src/moving_average_all_genres.py,True,theoretical 0–1 reference,0.001840647281,0.07933025674,0,1,0.077489609459,,intentional full-scale reference
analysis/moving_averages/figures/all_genres/emotion_amusement_major_coverage.png,moving_average_major_coverage,equal-weight 12-month means of qualifying genres,y,,0.001840647281,0.07933025674,0.077489609459,0,0.09,0.09,0.860995660656,"[{""axis_max"": 0.09, ""axis_min"": 0.0, ""axis_span"": 0.09, ""primary_max"": 0.07933025674, ""primary_min"": 0.001840647281, ""primary_span"": 0.07748960945899999, ""utilization_ratio"": 0.8609956606555556}]",,Retain previously validated independently scaled overlay,True,analysis/moving_averages/figures/all_genres/emotion_amusement_major_coverage_full_scale.png,0,Scores range 0–1; observed-range axes disclosed on figure,True,src/moving_average_all_genres.py,False,"per-chart observed range, 8% padding, minimum 0.02, rounded 0.01",0.001840647281,0.07933025674,0,0.09,0.860995660656,,reviewed by family; no unresolved presentation issue
analysis/moving_averages/figures/all_genres/emotion_amusement_major_coverage_full_scale.png,moving_average_major_coverage,equal-weight 12-month means of qualifying genres,y,,0.001840647281,0.07933025674,0.077489609459,0,1,1,0.077489609459,"[{""axis_max"": 1.0, ""axis_min"": 0.0, ""axis_span"": 1.0, ""primary_max"": 0.07933025674, ""primary_min"": 0.001840647281, ""primary_span"": 0.07748960945899999, ""utilization_ratio"": 0.07748960945899999}]",,Retain full-domain reference,False,,0,Scores range 0–1; observed-range axes disclosed on figure,True,src/moving_average_all_genres.py,True,theoretical 0–1 reference,0.001840647281,0.07933025674,0,1,0.077489609459,,intentional full-scale reference
analysis/moving_averages/figures/all_genres/emotion_anger.png,moving_average_all_genres,equal-weight 12-month means of qualifying genres,y,,0.002636010388,0.1310931342,0.128457123812,0,0.15,0.15,0.856380825413,"[{""axis_max"": 0.15, ""axis_min"": 0.0, ""axis_span"": 0.15, ""primary_max"": 0.1310931342, ""primary_min"": 0.002636010388, ""primary_span"": 0.128457123812, ""utilization_ratio"": 0.8563808254133334}]",,Retain previously validated independently scaled overlay,True,analysis/moving_averages/figures/all_genres/emotion_anger_full_scale.png,0,Scores range 0–1; observed-range axes disclosed on figure,True,src/moving_average_all_genres.py,False,"per-chart observed range, 8% padding, minimum 0.02, rounded 0.01",0.002636010388,0.1310931342,0,0.15,0.856380825413,,reviewed by family; no unresolved presentation issue
analysis/moving_averages/figures/all_genres/emotion_anger_full_scale.png,moving_average_all_genres,equal-weight 12-month means of qualifying genres,y,,0.002636010388,0.1310931342,0.128457123812,0,1,1,0.128457123812,"[{""axis_max"": 1.0, ""axis_min"": 0.0, ""axis_span"": 1.0, ""primary_max"": 0.1310931342, ""primary_min"": 0.002636010388, ""primary_span"": 0.128457123812, ""utilization_ratio"": 0.128457123812}]",,Retain full-domain reference,False,,0,Scores range 0–1; observed-range axes disclosed on figure,True,src/moving_average_all_genres.py,True,theoretical 0–1 reference,0.002636010388,0.1310931342,0,1,0.128457123812,,intentional full-scale reference
analysis/moving_averages/figures/all_genres/emotion_anger_major_coverage.png,moving_average_major_coverage,equal-weight 12-month means of qualifying genres,y,,0.004057814927,0.1310931342,0.127035319273,0,0.15,0.15,0.846902128487,"[{""axis_max"": 0.15, ""axis_min"": 0.0, ""axis_span"": 0.15, ""primary_max"": 0.1310931342, ""primary_min"": 0.004057814927, ""primary_span"": 0.127035319273, ""utilization_ratio"": 0.8469021284866667}]",,Retain previously validated independently scaled overlay,True,analysis/moving_averages/figures/all_genres/emotion_anger_major_coverage_full_scale.png,0,Scores range 0–1; observed-range axes disclosed on figure,True,src/moving_average_all_genres.py,False,"per-chart observed range, 8% padding, minimum 0.02, rounded 0.01",0.004057814927,0.1310931342,0,0.15,0.846902128487,,reviewed by family; no unresolved presentation issue
analysis/moving_averages/figures/all_genres/emotion_anger_major_coverage_full_scale.png,moving_average_major_coverage,equal-weight 12-month means of qualifying genres,y,,0.004057814927,0.1310931342,0.127035319273,0,1,1,0.127035319273,"[{""axis_max"": 1.0, ""axis_min"": 0.0, ""axis_span"": 1.0, ""primary_max"": 0.1310931342, ""primary_min"": 0.004057814927, ""primary_span"": 0.127035319273, ""utilization_ratio"": 0.127035319273}]",,Retain full-domain reference,False,,0,Scores range 0–1; observed-range axes disclosed on figure,True,src/moving_average_all_genres.py,True,theoretical 0–1 reference,0.004057814927,0.1310931342,0,1,0.127035319273,,intentional full-scale reference
analysis/moving_averages/figures/all_genres/emotion_annoyance.png,moving_average_all_genres,equal-weight 12-month means of qualifying genres,y,,0.01045421172,0.1884792784,0.17802506668,0,0.21,0.21,0.847738412762,"[{""axis_max"": 0.21, ""axis_min"": 0.0, ""axis_span"": 0.21, ""primary_max"": 0.1884792784, ""primary_min"": 0.01045421172, ""primary_span"": 0.17802506668, ""utilization_ratio"": 0.8477384127619049}]",,Retain previously validated independently scaled overlay,True,analysis/moving_averages/figures/all_genres/emotion_annoyance_full_scale.png,0,Scores range 0–1; observed-range axes disclosed on figure,True,src/moving_average_all_genres.py,False,"per-chart observed range, 8% padding, minimum 0.02, rounded 0.01",0.01045421172,0.1884792784,0,0.21,0.847738412762,,reviewed by family; no unresolved presentation issue
analysis/moving_averages/figures/all_genres/emotion_annoyance_full_scale.png,moving_average_all_genres,equal-weight 12-month means of qualifying genres,y,,0.01045421172,0.1884792784,0.17802506668,0,1,1,0.17802506668,"[{""axis_max"": 1.0, ""axis_min"": 0.0, ""axis_span"": 1.0, ""primary_max"": 0.1884792784, ""primary_min"": 0.01045421172, ""primary_span"": 0.17802506668, ""utilization_ratio"": 0.17802506668}]",,Retain full-domain reference,False,,0,Scores range 0–1; observed-range axes disclosed on figure,True,src/moving_average_all_genres.py,True,theoretical 0–1 reference,0.01045421172,0.1884792784,0,1,0.17802506668,,intentional full-scale reference
analysis/moving_averages/figures/all_genres/emotion_annoyance_major_coverage.png,moving_average_major_coverage,equal-weight 12-month means of qualifying genres,y,,0.01292899733,0.1884792784,0.17555028107,0,0.21,0.21,0.835953719381,"[{""axis_max"": 0.21, ""axis_min"": 0.0, ""axis_span"": 0.21, ""primary_max"": 0.1884792784, ""primary_min"": 0.01292899733, ""primary_span"": 0.17555028107, ""utilization_ratio"": 0.8359537193809524}]",,Retain previously validated independently scaled overlay,True,analysis/moving_averages/figures/all_genres/emotion_annoyance_major_coverage_full_scale.png,0,Scores range 0–1; observed-range axes disclosed on figure,True,src/moving_average_all_genres.py,False,"per-chart observed range, 8% padding, minimum 0.02, rounded 0.01",0.01292899733,0.1884792784,0,0.21,0.835953719381,,reviewed by family; no unresolved presentation issue
analysis/moving_averages/figures/all_genres/emotion_annoyance_major_coverage_full_scale.png,moving_average_major_coverage,equal-weight 12-month means of qualifying genres,y,,0.01292899733,0.1884792784,0.17555028107,0,1,1,0.17555028107,"[{""axis_max"": 1.0, ""axis_min"": 0.0, ""axis_span"": 1.0, ""primary_max"": 0.1884792784, ""primary_min"": 0.01292899733, ""primary_span"": 0.17555028107, ""utilization_ratio"": 0.17555028107}]",,Retain full-domain reference,False,,0,Scores range 0–1; observed-range axes disclosed on figure,True,src/moving_average_all_genres.py,True,theoretical 0–1 reference,0.01292899733,0.1884792784,0,1,0.17555028107,,intentional full-scale reference
analysis/moving_averages/figures/all_genres/emotion_approval.png,moving_average_all_genres,equal-weight 12-month means of qualifying genres,y,,0.02082245393,0.1060428703,0.08522041637,0.01,0.12,0.11,0.774731057909,"[{""axis_max"": 0.12, ""axis_min"": 0.01, ""axis_span"": 0.11, ""primary_max"": 0.1060428703, ""primary_min"": 0.02082245393, ""primary_span"": 0.08522041637, ""utilization_ratio"": 0.7747310579090909}]",,Retain previously validated independently scaled overlay,True,analysis/moving_averages/figures/all_genres/emotion_approval_full_scale.png,0,Scores range 0–1; observed-range axes disclosed on figure,True,src/moving_average_all_genres.py,False,"per-chart observed range, 8% padding, minimum 0.02, rounded 0.01",0.02082245393,0.1060428703,0.01,0.12,0.774731057909,,reviewed by family; no unresolved presentation issue
analysis/moving_averages/figures/all_genres/emotion_approval_full_scale.png,moving_average_all_genres,equal-weight 12-month means of qualifying genres,y,,0.02082245393,0.1060428703,0.08522041637,0,1,1,0.08522041637,"[{""axis_max"": 1.0, ""axis_min"": 0.0, ""axis_span"": 1.0, ""primary_max"": 0.1060428703, ""primary_min"": 0.02082245393, ""primary_span"": 0.08522041637, ""utilization_ratio"": 0.08522041637}]",,Retain full-domain reference,False,,0,Scores range 0–1; observed-range axes disclosed on figure,True,src/moving_average_all_genres.py,True,theoretical 0–1 reference,0.02082245393,0.1060428703,0,1,0.08522041637,,intentional full-scale reference
analysis/moving_averages/figures/all_genres/emotion_approval_major_coverage.png,moving_average_major_coverage,equal-weight 12-month means of qualifying genres,y,,0.02082245393,0.09977297496,0.07895052103,0.01,0.11,0.1,0.7895052103,"[{""axis_max"": 0.11, ""axis_min"": 0.01, ""axis_span"": 0.1, ""primary_max"": 0.09977297496, ""primary_min"": 0.02082245393, ""primary_span"": 0.07895052103, ""utilization_ratio"": 0.7895052103}]",,Retain previously validated independently scaled overlay,True,analysis/moving_averages/figures/all_genres/emotion_approval_major_coverage_full_scale.png,0,Scores range 0–1; observed-range axes disclosed on figure,True,src/moving_average_all_genres.py,False,"per-chart observed range, 8% padding, minimum 0.02, rounded 0.01",0.02082245393,0.09977297496,0.01,0.11,0.7895052103,,reviewed by family; no unresolved presentation issue
analysis/moving_averages/figures/all_genres/emotion_approval_major_coverage_full_scale.png,moving_average_major_coverage,equal-weight 12-month means of qualifying genres,y,,0.02082245393,0.09977297496,0.07895052103,0,1,1,0.07895052103,"[{""axis_max"": 1.0, ""axis_min"": 0.0, ""axis_span"": 1.0, ""primary_max"": 0.09977297496, ""primary_min"": 0.02082245393, ""primary_span"": 0.07895052103, ""utilization_ratio"": 0.07895052103}]",,Retain full-domain reference,False,,0,Scores range 0–1; observed-range axes disclosed on figure,True,src/moving_average_all_genres.py,True,theoretical 0–1 reference,0.02082245393,0.09977297496,0,1,0.07895052103,,intentional full-scale reference
analysis/moving_averages/figures/all_genres/emotion_caring.png,moving_average_all_genres,equal-weight 12-month means of qualifying genres,y,,0.002381586522,0.1235643337,0.121182747178,0,0.15,0.15,0.807884981187,"[{""axis_max"": 0.15, ""axis_min"": 0.0, ""axis_span"": 0.15, ""primary_max"": 0.1235643337, ""primary_min"": 0.002381586522, ""primary_span"": 0.121182747178, ""utilization_ratio"": 0.8078849811866666}]",,Retain previously validated independently scaled overlay,True,analysis/moving_averages/figures/all_genres/emotion_caring_full_scale.png,0,Scores range 0–1; observed-range axes disclosed on figure,True,src/moving_average_all_genres.py,False,"per-chart observed range, 8% padding, minimum 0.02, rounded 0.01",0.002381586522,0.1235643337,0,0.15,0.807884981187,,reviewed by family; no unresolved presentation issue
analysis/moving_averages/figures/all_genres/emotion_caring_full_scale.png,moving_average_all_genres,equal-weight 12-month means of qualifying genres,y,,0.002381586522,0.1235643337,0.121182747178,0,1,1,0.121182747178,"[{""axis_max"": 1.0, ""axis_min"": 0.0, ""axis_span"": 1.0, ""primary_max"": 0.1235643337, ""primary_min"": 0.002381586522, ""primary_span"": 0.121182747178, ""utilization_ratio"": 0.121182747178}]",,Retain full-domain reference,False,,0,Scores range 0–1; observed-range axes disclosed on figure,True,src/moving_average_all_genres.py,True,theoretical 0–1 reference,0.002381586522,0.1235643337,0,1,0.121182747178,,intentional full-scale reference
analysis/moving_averages/figures/all_genres/emotion_caring_major_coverage.png,moving_average_major_coverage,equal-weight 12-month means of qualifying genres,y,,0.003268384221,0.1235643337,0.120295949479,0,0.14,0.14,0.859256781993,"[{""axis_max"": 0.14, ""axis_min"": 0.0, ""axis_span"": 0.14, ""primary_max"": 0.1235643337, ""primary_min"": 0.003268384221, ""primary_span"": 0.120295949479, ""utilization_ratio"": 0.8592567819928572}]",,Retain previously validated independently scaled overlay,True,analysis/moving_averages/figures/all_genres/emotion_caring_major_coverage_full_scale.png,0,Scores range 0–1; observed-range axes disclosed on figure,True,src/moving_average_all_genres.py,False,"per-chart observed range, 8% padding, minimum 0.02, rounded 0.01",0.003268384221,0.1235643337,0,0.14,0.859256781993,,reviewed by family; no unresolved presentation issue
analysis/moving_averages/figures/all_genres/emotion_caring_major_coverage_full_scale.png,moving_average_major_coverage,equal-weight 12-month means of qualifying genres,y,,0.003268384221,0.1235643337,0.120295949479,0,1,1,0.120295949479,"[{""axis_max"": 1.0, ""axis_min"": 0.0, ""axis_span"": 1.0, ""primary_max"": 0.1235643337, ""primary_min"": 0.003268384221, ""primary_span"": 0.120295949479, ""utilization_ratio"": 0.120295949479}]",,Retain full-domain reference,False,,0,Scores range 0–1; observed-range axes disclosed on figure,True,src/moving_average_all_genres.py,True,theoretical 0–1 reference,0.003268384221,0.1235643337,0,1,0.120295949479,,intentional full-scale reference
analysis/moving_averages/figures/all_genres/emotion_confusion.png,moving_average_all_genres,equal-weight 12-month means of qualifying genres,y,,0.005448516388,0.1466313411,0.141182824712,0,0.17,0.17,0.830487204188,"[{""axis_max"": 0.17, ""axis_min"": 0.0, ""axis_span"": 0.17, ""primary_max"": 0.1466313411, ""primary_min"": 0.005448516388, ""primary_span"": 0.141182824712, ""utilization_ratio"": 0.8304872041882352}]",,Retain previously validated independently scaled overlay,True,analysis/moving_averages/figures/all_genres/emotion_confusion_full_scale.png,0,Scores range 0–1; observed-range axes disclosed on figure,True,src/moving_average_all_genres.py,False,"per-chart observed range, 8% padding, minimum 0.02, rounded 0.01",0.005448516388,0.1466313411,0,0.17,0.830487204188,,reviewed by family; no unresolved presentation issue
analysis/moving_averages/figures/all_genres/emotion_confusion_full_scale.png,moving_average_all_genres,equal-weight 12-month means of qualifying genres,y,,0.005448516388,0.1466313411,0.141182824712,0,1,1,0.141182824712,"[{""axis_max"": 1.0, ""axis_min"": 0.0, ""axis_span"": 1.0, ""primary_max"": 0.1466313411, ""primary_min"": 0.005448516388, ""primary_span"": 0.141182824712, ""utilization_ratio"": 0.141182824712}]",,Retain full-domain reference,False,,0,Scores range 0–1; observed-range axes disclosed on figure,True,src/moving_average_all_genres.py,True,theoretical 0–1 reference,0.005448516388,0.1466313411,0,1,0.141182824712,,intentional full-scale reference
analysis/moving_averages/figures/all_genres/emotion_confusion_major_coverage.png,moving_average_major_coverage,equal-weight 12-month means of qualifying genres,y,,0.005448516388,0.064161517,0.058713000612,0,0.07,0.07,0.8387571516,"[{""axis_max"": 0.07, ""axis_min"": 0.0, ""axis_span"": 0.07, ""primary_max"": 0.064161517, ""primary_min"": 0.005448516388, ""primary_span"": 0.058713000612, ""utilization_ratio"": 0.8387571516}]",,Retain previously validated independently scaled overlay,True,analysis/moving_averages/figures/all_genres/emotion_confusion_major_coverage_full_scale.png,0,Scores range 0–1; observed-range axes disclosed on figure,True,src/moving_average_all_genres.py,False,"per-chart observed range, 8% padding, minimum 0.02, rounded 0.01",0.005448516388,0.064161517,0,0.07,0.8387571516,,reviewed by family; no unresolved presentation issue
analysis/moving_averages/figures/all_genres/emotion_confusion_major_coverage_full_scale.png,moving_average_major_coverage,equal-weight 12-month means of qualifying genres,y,,0.005448516388,0.064161517,0.058713000612,0,1,1,0.058713000612,"[{""axis_max"": 1.0, ""axis_min"": 0.0, ""axis_span"": 1.0, ""primary_max"": 0.064161517, ""primary_min"": 0.005448516388, ""primary_span"": 0.058713000612, ""utilization_ratio"": 0.058713000612}]",,Retain full-domain reference,False,,0,Scores range 0–1; observed-range axes disclosed on figure,True,src/moving_average_all_genres.py,True,theoretical 0–1 reference,0.005448516388,0.064161517,0,1,0.058713000612,,intentional full-scale reference
analysis/moving_averages/figures/all_genres/emotion_curiosity.png,moving_average_all_genres,equal-weight 12-month means of qualifying genres,y,,0.008632696245,0.1035171823,0.094884486055,0,0.12,0.12,0.790704050458,"[{""axis_max"": 0.12, ""axis_min"": 0.0, ""axis_span"": 0.12, ""primary_max"": 0.1035171823, ""primary_min"": 0.008632696245, ""primary_span"": 0.094884486055, ""utilization_ratio"": 0.7907040504583334}]",,Retain previously validated independently scaled overlay,True,analysis/moving_averages/figures/all_genres/emotion_curiosity_full_scale.png,0,Scores range 0–1; observed-range axes disclosed on figure,True,src/moving_average_all_genres.py,False,"per-chart observed range, 8% padding, minimum 0.02, rounded 0.01",0.008632696245,0.1035171823,0,0.12,0.790704050458,,reviewed by family; no unresolved presentation issue
analysis/moving_averages/figures/all_genres/emotion_curiosity_full_scale.png,moving_average_all_genres,equal-weight 12-month means of qualifying genres,y,,0.008632696245,0.1035171823,0.094884486055,0,1,1,0.094884486055,"[{""axis_max"": 1.0, ""axis_min"": 0.0, ""axis_span"": 1.0, ""primary_max"": 0.1035171823, ""primary_min"": 0.008632696245, ""primary_span"": 0.094884486055, ""utilization_ratio"": 0.094884486055}]",,Retain full-domain reference,False,,0,Scores range 0–1; observed-range axes disclosed on figure,True,src/moving_average_all_genres.py,True,theoretical 0–1 reference,0.008632696245,0.1035171823,0,1,0.094884486055,,intentional full-scale reference
analysis/moving_averages/figures/all_genres/emotion_curiosity_major_coverage.png,moving_average_major_coverage,equal-weight 12-month means of qualifying genres,y,,0.008632696245,0.09741841499,0.088785718745,0,0.11,0.11,0.807142897682,"[{""axis_max"": 0.11, ""axis_min"": 0.0, ""axis_span"": 0.11, ""primary_max"": 0.09741841499, ""primary_min"": 0.008632696245, ""primary_span"": 0.08878571874499999, ""utilization_ratio"": 0.8071428976818181}]",,Retain previously validated independently scaled overlay,True,analysis/moving_averages/figures/all_genres/emotion_curiosity_major_coverage_full_scale.png,0,Scores range 0–1; observed-range axes disclosed on figure,True,src/moving_average_all_genres.py,False,"per-chart observed range, 8% padding, minimum 0.02, rounded 0.01",0.008632696245,0.09741841499,0,0.11,0.807142897682,,reviewed by family; no unresolved presentation issue
analysis/moving_averages/figures/all_genres/emotion_curiosity_major_coverage_full_scale.png,moving_average_major_coverage,equal-weight 12-month means of qualifying genres,y,,0.008632696245,0.09741841499,0.088785718745,0,1,1,0.088785718745,"[{""axis_max"": 1.0, ""axis_min"": 0.0, ""axis_span"": 1.0, ""primary_max"": 0.09741841499, ""primary_min"": 0.008632696245, ""primary_span"": 0.08878571874499999, ""utilization_ratio"": 0.08878571874499999}]",,Retain full-domain reference,False,,0,Scores range 0–1; observed-range axes disclosed on figure,True,src/moving_average_all_genres.py,True,theoretical 0–1 reference,0.008632696245,0.09741841499,0,1,0.088785718745,,intentional full-scale reference
analysis/moving_averages/figures/all_genres/emotion_desire.png,moving_average_all_genres,equal-weight 12-month means of qualifying genres,y,,0.00522874026,0.1392262282,0.13399748794,0,0.16,0.16,0.837484299625,"[{""axis_max"": 0.16, ""axis_min"": 0.0, ""axis_span"": 0.16, ""primary_max"": 0.1392262282, ""primary_min"": 0.00522874026, ""primary_span"": 0.13399748794, ""utilization_ratio"": 0.8374842996249999}]",,Retain previously validated independently scaled overlay,True,analysis/moving_averages/figures/all_genres/emotion_desire_full_scale.png,0,Scores range 0–1; observed-range axes disclosed on figure,True,src/moving_average_all_genres.py,False,"per-chart observed range, 8% padding, minimum 0.02, rounded 0.01",0.00522874026,0.1392262282,0,0.16,0.837484299625,,reviewed by family; no unresolved presentation issue
analysis/moving_averages/figures/all_genres/emotion_desire_full_scale.png,moving_average_all_genres,equal-weight 12-month means of qualifying genres,y,,0.00522874026,0.1392262282,0.13399748794,0,1,1,0.13399748794,"[{""axis_max"": 1.0, ""axis_min"": 0.0, ""axis_span"": 1.0, ""primary_max"": 0.1392262282, ""primary_min"": 0.00522874026, ""primary_span"": 0.13399748794, ""utilization_ratio"": 0.13399748794}]",,Retain full-domain reference,False,,0,Scores range 0–1; observed-range axes disclosed on figure,True,src/moving_average_all_genres.py,True,theoretical 0–1 reference,0.00522874026,0.1392262282,0,1,0.13399748794,,intentional full-scale reference
analysis/moving_averages/figures/all_genres/emotion_desire_major_coverage.png,moving_average_major_coverage,equal-weight 12-month means of qualifying genres,y,,0.00522874026,0.1392262282,0.13399748794,0,0.16,0.16,0.837484299625,"[{""axis_max"": 0.16, ""axis_min"": 0.0, ""axis_span"": 0.16, ""primary_max"": 0.1392262282, ""primary_min"": 0.00522874026, ""primary_span"": 0.13399748794, ""utilization_ratio"": 0.8374842996249999}]",,Retain previously validated independently scaled overlay,True,analysis/moving_averages/figures/all_genres/emotion_desire_major_coverage_full_scale.png,0,Scores range 0–1; observed-range axes disclosed on figure,True,src/moving_average_all_genres.py,False,"per-chart observed range, 8% padding, minimum 0.02, rounded 0.01",0.00522874026,0.1392262282,0,0.16,0.837484299625,,reviewed by family; no unresolved presentation issue
analysis/moving_averages/figures/all_genres/emotion_desire_major_coverage_full_scale.png,moving_average_major_coverage,equal-weight 12-month means of qualifying genres,y,,0.00522874026,0.1392262282,0.13399748794,0,1,1,0.13399748794,"[{""axis_max"": 1.0, ""axis_min"": 0.0, ""axis_span"": 1.0, ""primary_max"": 0.1392262282, ""primary_min"": 0.00522874026, ""primary_span"": 0.13399748794, ""utilization_ratio"": 0.13399748794}]",,Retain full-domain reference,False,,0,Scores range 0–1; observed-range axes disclosed on figure,True,src/moving_average_all_genres.py,True,theoretical 0–1 reference,0.00522874026,0.1392262282,0,1,0.13399748794,,intentional full-scale reference
analysis/moving_averages/figures/all_genres/emotion_disappointment.png,moving_average_all_genres,equal-weight 12-month means of qualifying genres,y,,0.003833126062,0.1494462166,0.145613090538,0,0.17,0.17,0.8565475914,"[{""axis_max"": 0.17, ""axis_min"": 0.0, ""axis_span"": 0.17, ""primary_max"": 0.1494462166, ""primary_min"": 0.003833126062, ""primary_span"": 0.14561309053799998, ""utilization_ratio"": 0.8565475913999998}]",,Retain previously validated independently scaled overlay,True,analysis/moving_averages/figures/all_genres/emotion_disappointment_full_scale.png,0,Scores range 0–1; observed-range axes disclosed on figure,True,src/moving_average_all_genres.py,False,"per-chart observed range, 8% padding, minimum 0.02, rounded 0.01",0.003833126062,0.1494462166,0,0.17,0.8565475914,,reviewed by family; no unresolved presentation issue
analysis/moving_averages/figures/all_genres/emotion_disappointment_full_scale.png,moving_average_all_genres,equal-weight 12-month means of qualifying genres,y,,0.003833126062,0.1494462166,0.145613090538,0,1,1,0.145613090538,"[{""axis_max"": 1.0, ""axis_min"": 0.0, ""axis_span"": 1.0, ""primary_max"": 0.1494462166, ""primary_min"": 0.003833126062, ""primary_span"": 0.14561309053799998, ""utilization_ratio"": 0.14561309053799998}]",,Retain full-domain reference,False,,0,Scores range 0–1; observed-range axes disclosed on figure,True,src/moving_average_all_genres.py,True,theoretical 0–1 reference,0.003833126062,0.1494462166,0,1,0.145613090538,,intentional full-scale reference
analysis/moving_averages/figures/all_genres/emotion_disappointment_major_coverage.png,moving_average_major_coverage,equal-weight 12-month means of qualifying genres,y,,0.01084577461,0.1494462166,0.13860044199,0,0.17,0.17,0.815296717588,"[{""axis_max"": 0.17, ""axis_min"": 0.0, ""axis_span"": 0.17, ""primary_max"": 0.1494462166, ""primary_min"": 0.01084577461, ""primary_span"": 0.13860044199, ""utilization_ratio"": 0.8152967175882352}]",,Retain previously validated independently scaled overlay,True,analysis/moving_averages/figures/all_genres/emotion_disappointment_major_coverage_full_scale.png,0,Scores range 0–1; observed-range axes disclosed on figure,True,src/moving_average_all_genres.py,False,"per-chart observed range, 8% padding, minimum 0.02, rounded 0.01",0.01084577461,0.1494462166,0,0.17,0.815296717588,,reviewed by family; no unresolved presentation issue
analysis/moving_averages/figures/all_genres/emotion_disappointment_major_coverage_full_scale.png,moving_average_major_coverage,equal-weight 12-month means of qualifying genres,y,,0.01084577461,0.1494462166,0.13860044199,0,1,1,0.13860044199,"[{""axis_max"": 1.0, ""axis_min"": 0.0, ""axis_span"": 1.0, ""primary_max"": 0.1494462166, ""primary_min"": 0.01084577461, ""primary_span"": 0.13860044199, ""utilization_ratio"": 0.13860044199}]",,Retain full-domain reference,False,,0,Scores range 0–1; observed-range axes disclosed on figure,True,src/moving_average_all_genres.py,True,theoretical 0–1 reference,0.01084577461,0.1494462166,0,1,0.13860044199,,intentional full-scale reference
analysis/moving_averages/figures/all_genres/emotion_disapproval.png,moving_average_all_genres,equal-weight 12-month means of qualifying genres,y,,0.005612857048,0.08203063718,0.076417780132,0,0.09,0.09,0.849086445911,"[{""axis_max"": 0.09, ""axis_min"": 0.0, ""axis_span"": 0.09, ""primary_max"": 0.08203063718, ""primary_min"": 0.005612857048, ""primary_span"": 0.076417780132, ""utilization_ratio"": 0.8490864459111112}]",,Retain previously validated independently scaled overlay,True,analysis/moving_averages/figures/all_genres/emotion_disapproval_full_scale.png,0,Scores range 0–1; observed-range axes disclosed on figure,True,src/moving_average_all_genres.py,False,"per-chart observed range, 8% padding, minimum 0.02, rounded 0.01",0.005612857048,0.08203063718,0,0.09,0.849086445911,,reviewed by family; no unresolved presentation issue
analysis/moving_averages/figures/all_genres/emotion_disapproval_full_scale.png,moving_average_all_genres,equal-weight 12-month means of qualifying genres,y,,0.005612857048,0.08203063718,0.076417780132,0,1,1,0.076417780132,"[{""axis_max"": 1.0, ""axis_min"": 0.0, ""axis_span"": 1.0, ""primary_max"": 0.08203063718, ""primary_min"": 0.005612857048, ""primary_span"": 0.076417780132, ""utilization_ratio"": 0.076417780132}]",,Retain full-domain reference,False,,0,Scores range 0–1; observed-range axes disclosed on figure,True,src/moving_average_all_genres.py,True,theoretical 0–1 reference,0.005612857048,0.08203063718,0,1,0.076417780132,,intentional full-scale reference
analysis/moving_averages/figures/all_genres/emotion_disapproval_major_coverage.png,moving_average_major_coverage,equal-weight 12-month means of qualifying genres,y,,0.005612857048,0.05935870139,0.053745844342,0,0.07,0.07,0.767797776314,"[{""axis_max"": 0.07, ""axis_min"": 0.0, ""axis_span"": 0.07, ""primary_max"": 0.05935870139, ""primary_min"": 0.005612857048, ""primary_span"": 0.053745844342, ""utilization_ratio"": 0.7677977763142856}]",,Retain previously validated independently scaled overlay,True,analysis/moving_averages/figures/all_genres/emotion_disapproval_major_coverage_full_scale.png,0,Scores range 0–1; observed-range axes disclosed on figure,True,src/moving_average_all_genres.py,False,"per-chart observed range, 8% padding, minimum 0.02, rounded 0.01",0.005612857048,0.05935870139,0,0.07,0.767797776314,,reviewed by family; no unresolved presentation issue
analysis/moving_averages/figures/all_genres/emotion_disapproval_major_coverage_full_scale.png,moving_average_major_coverage,equal-weight 12-month means of qualifying genres,y,,0.005612857048,0.05935870139,0.053745844342,0,1,1,0.053745844342,"[{""axis_max"": 1.0, ""axis_min"": 0.0, ""axis_span"": 1.0, ""primary_max"": 0.05935870139, ""primary_min"": 0.005612857048, ""primary_span"": 0.053745844342, ""utilization_ratio"": 0.053745844342}]",,Retain full-domain reference,False,,0,Scores range 0–1; observed-range axes disclosed on figure,True,src/moving_average_all_genres.py,True,theoretical 0–1 reference,0.005612857048,0.05935870139,0,1,0.053745844342,,intentional full-scale reference
analysis/moving_averages/figures/all_genres/emotion_disgust.png,moving_average_all_genres,equal-weight 12-month means of qualifying genres,y,,0.001975867085,0.01655251331,0.014576646225,0,0.02,0.02,0.72883231125,"[{""axis_max"": 0.02, ""axis_min"": 0.0, ""axis_span"": 0.02, ""primary_max"": 0.01655251331, ""primary_min"": 0.001975867085, ""primary_span"": 0.014576646225, ""utilization_ratio"": 0.72883231125}]",,Retain previously validated independently scaled overlay,True,analysis/moving_averages/figures/all_genres/emotion_disgust_full_scale.png,0,Scores range 0–1; observed-range axes disclosed on figure,True,src/moving_average_all_genres.py,False,"per-chart observed range, 8% padding, minimum 0.02, rounded 0.01",0.001975867085,0.01655251331,0,0.02,0.72883231125,,reviewed by family; no unresolved presentation issue
analysis/moving_averages/figures/all_genres/emotion_disgust_full_scale.png,moving_average_all_genres,equal-weight 12-month means of qualifying genres,y,,0.001975867085,0.01655251331,0.014576646225,0,1,1,0.014576646225,"[{""axis_max"": 1.0, ""axis_min"": 0.0, ""axis_span"": 1.0, ""primary_max"": 0.01655251331, ""primary_min"": 0.001975867085, ""primary_span"": 0.014576646225, ""utilization_ratio"": 0.014576646225}]",,Retain full-domain reference,False,,0,Scores range 0–1; observed-range axes disclosed on figure,True,src/moving_average_all_genres.py,True,theoretical 0–1 reference,0.001975867085,0.01655251331,0,1,0.014576646225,,intentional full-scale reference
analysis/moving_averages/figures/all_genres/emotion_disgust_major_coverage.png,moving_average_major_coverage,equal-weight 12-month means of qualifying genres,y,,0.001975867085,0.01655251331,0.014576646225,0,0.02,0.02,0.72883231125,"[{""axis_max"": 0.02, ""axis_min"": 0.0, ""axis_span"": 0.02, ""primary_max"": 0.01655251331, ""primary_min"": 0.001975867085, ""primary_span"": 0.014576646225, ""utilization_ratio"": 0.72883231125}]",,Retain previously validated independently scaled overlay,True,analysis/moving_averages/figures/all_genres/emotion_disgust_major_coverage_full_scale.png,0,Scores range 0–1; observed-range axes disclosed on figure,True,src/moving_average_all_genres.py,False,"per-chart observed range, 8% padding, minimum 0.02, rounded 0.01",0.001975867085,0.01655251331,0,0.02,0.72883231125,,reviewed by family; no unresolved presentation issue
analysis/moving_averages/figures/all_genres/emotion_disgust_major_coverage_full_scale.png,moving_average_major_coverage,equal-weight 12-month means of qualifying genres,y,,0.001975867085,0.01655251331,0.014576646225,0,1,1,0.014576646225,"[{""axis_max"": 1.0, ""axis_min"": 0.0, ""axis_span"": 1.0, ""primary_max"": 0.01655251331, ""primary_min"": 0.001975867085, ""primary_span"": 0.014576646225, ""utilization_ratio"": 0.014576646225}]",,Retain full-domain reference,False,,0,Scores range 0–1; observed-range axes disclosed on figure,True,src/moving_average_all_genres.py,True,theoretical 0–1 reference,0.001975867085,0.01655251331,0,1,0.014576646225,,intentional full-scale reference
analysis/moving_averages/figures/all_genres/emotion_embarrassment.png,moving_average_all_genres,equal-weight 12-month means of qualifying genres,y,,0.001055760471,0.01528821608,0.014232455609,0,0.02,0.02,0.71162278045,"[{""axis_max"": 0.02, ""axis_min"": 0.0, ""axis_span"": 0.02, ""primary_max"": 0.01528821608, ""primary_min"": 0.001055760471, ""primary_span"": 0.014232455609, ""utilization_ratio"": 0.7116227804499999}]",,Retain previously validated independently scaled overlay,True,analysis/moving_averages/figures/all_genres/emotion_embarrassment_full_scale.png,0,Scores range 0–1; observed-range axes disclosed on figure,True,src/moving_average_all_genres.py,False,"per-chart observed range, 8% padding, minimum 0.02, rounded 0.01",0.001055760471,0.01528821608,0,0.02,0.71162278045,,reviewed by family; no unresolved presentation issue
analysis/moving_averages/figures/all_genres/emotion_embarrassment_full_scale.png,moving_average_all_genres,equal-weight 12-month means of qualifying genres,y,,0.001055760471,0.01528821608,0.014232455609,0,1,1,0.014232455609,"[{""axis_max"": 1.0, ""axis_min"": 0.0, ""axis_span"": 1.0, ""primary_max"": 0.01528821608, ""primary_min"": 0.001055760471, ""primary_span"": 0.014232455609, ""utilization_ratio"": 0.014232455609}]",,Retain full-domain reference,False,,0,Scores range 0–1; observed-range axes disclosed on figure,True,src/moving_average_all_genres.py,True,theoretical 0–1 reference,0.001055760471,0.01528821608,0,1,0.014232455609,,intentional full-scale reference
analysis/moving_averages/figures/all_genres/emotion_embarrassment_major_coverage.png,moving_average_major_coverage,equal-weight 12-month means of qualifying genres,y,,0.001150681067,0.01528821608,0.014137535013,0,0.02,0.02,0.70687675065,"[{""axis_max"": 0.02, ""axis_min"": 0.0, ""axis_span"": 0.02, ""primary_max"": 0.01528821608, ""primary_min"": 0.001150681067, ""primary_span"": 0.014137535013, ""utilization_ratio"": 0.70687675065}]",,Retain previously validated independently scaled overlay,True,analysis/moving_averages/figures/all_genres/emotion_embarrassment_major_coverage_full_scale.png,0,Scores range 0–1; observed-range axes disclosed on figure,True,src/moving_average_all_genres.py,False,"per-chart observed range, 8% padding, minimum 0.02, rounded 0.01",0.001150681067,0.01528821608,0,0.02,0.70687675065,,reviewed by family; no unresolved presentation issue
analysis/moving_averages/figures/all_genres/emotion_embarrassment_major_coverage_full_scale.png,moving_average_major_coverage,equal-weight 12-month means of qualifying genres,y,,0.001150681067,0.01528821608,0.014137535013,0,1,1,0.014137535013,"[{""axis_max"": 1.0, ""axis_min"": 0.0, ""axis_span"": 1.0, ""primary_max"": 0.01528821608, ""primary_min"": 0.001150681067, ""primary_span"": 0.014137535013, ""utilization_ratio"": 0.014137535013}]",,Retain full-domain reference,False,,0,Scores range 0–1; observed-range axes disclosed on figure,True,src/moving_average_all_genres.py,True,theoretical 0–1 reference,0.001150681067,0.01528821608,0,1,0.014137535013,,intentional full-scale reference
analysis/moving_averages/figures/all_genres/emotion_excitement.png,moving_average_all_genres,equal-weight 12-month means of qualifying genres,y,,0.003315898393,0.1133832674,0.110067369007,0,0.13,0.13,0.846672069285,"[{""axis_max"": 0.13, ""axis_min"": 0.0, ""axis_span"": 0.13, ""primary_max"": 0.1133832674, ""primary_min"": 0.003315898393, ""primary_span"": 0.110067369007, ""utilization_ratio"": 0.8466720692846154}]",,Retain previously validated independently scaled overlay,True,analysis/moving_averages/figures/all_genres/emotion_excitement_full_scale.png,0,Scores range 0–1; observed-range axes disclosed on figure,True,src/moving_average_all_genres.py,False,"per-chart observed range, 8% padding, minimum 0.02, rounded 0.01",0.003315898393,0.1133832674,0,0.13,0.846672069285,,reviewed by family; no unresolved presentation issue
analysis/moving_averages/figures/all_genres/emotion_excitement_full_scale.png,moving_average_all_genres,equal-weight 12-month means of qualifying genres,y,,0.003315898393,0.1133832674,0.110067369007,0,1,1,0.110067369007,"[{""axis_max"": 1.0, ""axis_min"": 0.0, ""axis_span"": 1.0, ""primary_max"": 0.1133832674, ""primary_min"": 0.003315898393, ""primary_span"": 0.110067369007, ""utilization_ratio"": 0.110067369007}]",,Retain full-domain reference,False,,0,Scores range 0–1; observed-range axes disclosed on figure,True,src/moving_average_all_genres.py,True,theoretical 0–1 reference,0.003315898393,0.1133832674,0,1,0.110067369007,,intentional full-scale reference
analysis/moving_averages/figures/all_genres/emotion_excitement_major_coverage.png,moving_average_major_coverage,equal-weight 12-month means of qualifying genres,y,,0.00402712453,0.05778055655,0.05375343202,0,0.07,0.07,0.767906171714,"[{""axis_max"": 0.07, ""axis_min"": 0.0, ""axis_span"": 0.07, ""primary_max"": 0.05778055655, ""primary_min"": 0.00402712453, ""primary_span"": 0.05375343202, ""utilization_ratio"": 0.7679061717142857}]",,Retain previously validated independently scaled overlay,True,analysis/moving_averages/figures/all_genres/emotion_excitement_major_coverage_full_scale.png,0,Scores range 0–1; observed-range axes disclosed on figure,True,src/moving_average_all_genres.py,False,"per-chart observed range, 8% padding, minimum 0.02, rounded 0.01",0.00402712453,0.05778055655,0,0.07,0.767906171714,,reviewed by family; no unresolved presentation issue
analysis/moving_averages/figures/all_genres/emotion_excitement_major_coverage_full_scale.png,moving_average_major_coverage,equal-weight 12-month means of qualifying genres,y,,0.00402712453,0.05778055655,0.05375343202,0,1,1,0.05375343202,"[{""axis_max"": 1.0, ""axis_min"": 0.0, ""axis_span"": 1.0, ""primary_max"": 0.05778055655, ""primary_min"": 0.00402712453, ""primary_span"": 0.05375343202, ""utilization_ratio"": 0.05375343202}]",,Retain full-domain reference,False,,0,Scores range 0–1; observed-range axes disclosed on figure,True,src/moving_average_all_genres.py,True,theoretical 0–1 reference,0.00402712453,0.05778055655,0,1,0.05375343202,,intentional full-scale reference
analysis/moving_averages/figures/all_genres/emotion_fear.png,moving_average_all_genres,equal-weight 12-month means of qualifying genres,y,,0.001499719642,0.08733279293,0.085833073288,0,0.1,0.1,0.85833073288,"[{""axis_max"": 0.1, ""axis_min"": 0.0, ""axis_span"": 0.1, ""primary_max"": 0.08733279293, ""primary_min"": 0.001499719642, ""primary_span"": 0.085833073288, ""utilization_ratio"": 0.85833073288}]",,Retain previously validated independently scaled overlay,True,analysis/moving_averages/figures/all_genres/emotion_fear_full_scale.png,0,Scores range 0–1; observed-range axes disclosed on figure,True,src/moving_average_all_genres.py,False,"per-chart observed range, 8% padding, minimum 0.02, rounded 0.01",0.001499719642,0.08733279293,0,0.1,0.85833073288,,reviewed by family; no unresolved presentation issue
analysis/moving_averages/figures/all_genres/emotion_fear_full_scale.png,moving_average_all_genres,equal-weight 12-month means of qualifying genres,y,,0.001499719642,0.08733279293,0.085833073288,0,1,1,0.085833073288,"[{""axis_max"": 1.0, ""axis_min"": 0.0, ""axis_span"": 1.0, ""primary_max"": 0.08733279293, ""primary_min"": 0.001499719642, ""primary_span"": 0.085833073288, ""utilization_ratio"": 0.085833073288}]",,Retain full-domain reference,False,,0,Scores range 0–1; observed-range axes disclosed on figure,True,src/moving_average_all_genres.py,True,theoretical 0–1 reference,0.001499719642,0.08733279293,0,1,0.085833073288,,intentional full-scale reference
analysis/moving_averages/figures/all_genres/emotion_fear_major_coverage.png,moving_average_major_coverage,equal-weight 12-month means of qualifying genres,y,,0.001750886729,0.08733279293,0.085581906201,0,0.1,0.1,0.85581906201,"[{""axis_max"": 0.1, ""axis_min"": 0.0, ""axis_span"": 0.1, ""primary_max"": 0.08733279293, ""primary_min"": 0.001750886729, ""primary_span"": 0.085581906201, ""utilization_ratio"": 0.8558190620099999}]",,Retain previously validated independently scaled overlay,True,analysis/moving_averages/figures/all_genres/emotion_fear_major_coverage_full_scale.png,0,Scores range 0–1; observed-range axes disclosed on figure,True,src/moving_average_all_genres.py,False,"per-chart observed range, 8% padding, minimum 0.02, rounded 0.01",0.001750886729,0.08733279293,0,0.1,0.85581906201,,reviewed by family; no unresolved presentation issue
analysis/moving_averages/figures/all_genres/emotion_fear_major_coverage_full_scale.png,moving_average_major_coverage,equal-weight 12-month means of qualifying genres,y,,0.001750886729,0.08733279293,0.085581906201,0,1,1,0.085581906201,"[{""axis_max"": 1.0, ""axis_min"": 0.0, ""axis_span"": 1.0, ""primary_max"": 0.08733279293, ""primary_min"": 0.001750886729, ""primary_span"": 0.085581906201, ""utilization_ratio"": 0.085581906201}]",,Retain full-domain reference,False,,0,Scores range 0–1; observed-range axes disclosed on figure,True,src/moving_average_all_genres.py,True,theoretical 0–1 reference,0.001750886729,0.08733279293,0,1,0.085581906201,,intentional full-scale reference
analysis/moving_averages/figures/all_genres/emotion_gratitude.png,moving_average_all_genres,equal-weight 12-month means of qualifying genres,y,,0.0003662252954,0.07094671816,0.0705804928646,0,0.09,0.09,0.784227698496,"[{""axis_max"": 0.09, ""axis_min"": 0.0, ""axis_span"": 0.09, ""primary_max"": 0.07094671816, ""primary_min"": 0.0003662252954, ""primary_span"": 0.07058049286460001, ""utilization_ratio"": 0.7842276984955557}]",,Retain previously validated independently scaled overlay,True,analysis/moving_averages/figures/all_genres/emotion_gratitude_full_scale.png,0,Scores range 0–1; observed-range axes disclosed on figure,True,src/moving_average_all_genres.py,False,"per-chart observed range, 8% padding, minimum 0.02, rounded 0.01",0.0003662252954,0.07094671816,0,0.09,0.784227698496,,reviewed by family; no unresolved presentation issue
analysis/moving_averages/figures/all_genres/emotion_gratitude_full_scale.png,moving_average_all_genres,equal-weight 12-month means of qualifying genres,y,,0.0003662252954,0.07094671816,0.0705804928646,0,1,1,0.0705804928646,"[{""axis_max"": 1.0, ""axis_min"": 0.0, ""axis_span"": 1.0, ""primary_max"": 0.07094671816, ""primary_min"": 0.0003662252954, ""primary_span"": 0.07058049286460001, ""utilization_ratio"": 0.07058049286460001}]",,Retain full-domain reference,False,,0,Scores range 0–1; observed-range axes disclosed on figure,True,src/moving_average_all_genres.py,True,theoretical 0–1 reference,0.0003662252954,0.07094671816,0,1,0.0705804928646,,intentional full-scale reference
analysis/moving_averages/figures/all_genres/emotion_gratitude_major_coverage.png,moving_average_major_coverage,equal-weight 12-month means of qualifying genres,y,,0.0003662252954,0.07094671816,0.0705804928646,0,0.09,0.09,0.784227698496,"[{""axis_max"": 0.09, ""axis_min"": 0.0, ""axis_span"": 0.09, ""primary_max"": 0.07094671816, ""primary_min"": 0.0003662252954, ""primary_span"": 0.07058049286460001, ""utilization_ratio"": 0.7842276984955557}]",,Retain previously validated independently scaled overlay,True,analysis/moving_averages/figures/all_genres/emotion_gratitude_major_coverage_full_scale.png,0,Scores range 0–1; observed-range axes disclosed on figure,True,src/moving_average_all_genres.py,False,"per-chart observed range, 8% padding, minimum 0.02, rounded 0.01",0.0003662252954,0.07094671816,0,0.09,0.784227698496,,reviewed by family; no unresolved presentation issue
analysis/moving_averages/figures/all_genres/emotion_gratitude_major_coverage_full_scale.png,moving_average_major_coverage,equal-weight 12-month means of qualifying genres,y,,0.0003662252954,0.07094671816,0.0705804928646,0,1,1,0.0705804928646,"[{""axis_max"": 1.0, ""axis_min"": 0.0, ""axis_span"": 1.0, ""primary_max"": 0.07094671816, ""primary_min"": 0.0003662252954, ""primary_span"": 0.07058049286460001, ""utilization_ratio"": 0.07058049286460001}]",,Retain full-domain reference,False,,0,Scores range 0–1; observed-range axes disclosed on figure,True,src/moving_average_all_genres.py,True,theoretical 0–1 reference,0.0003662252954,0.07094671816,0,1,0.0705804928646,,intentional full-scale reference
analysis/moving_averages/figures/all_genres/emotion_grief.png,moving_average_all_genres,equal-weight 12-month means of qualifying genres,y,,0.0004335121905,0.007947957535,0.0075144453445,0,0.02,0.02,0.375722267225,"[{""axis_max"": 0.02, ""axis_min"": 0.0, ""axis_span"": 0.02, ""primary_max"": 0.007947957535, ""primary_min"": 0.0004335121905, ""primary_span"": 0.0075144453444999995, ""utilization_ratio"": 0.37572226722499996}]",Primary rolling range uses 25–50% of old Y-axis; reviewed against raw/global scale,Retain previously validated independently scaled overlay,True,analysis/moving_averages/figures/all_genres/emotion_grief_full_scale.png,0,Scores range 0–1; observed-range axes disclosed on figure,True,src/moving_average_all_genres.py,False,"per-chart observed range, 8% padding, minimum 0.02, rounded 0.01",0.0004335121905,0.007947957535,0,0.02,0.375722267225,,reviewed by family; no unresolved presentation issue
analysis/moving_averages/figures/all_genres/emotion_grief_full_scale.png,moving_average_all_genres,equal-weight 12-month means of qualifying genres,y,,0.0004335121905,0.007947957535,0.0075144453445,0,1,1,0.0075144453445,"[{""axis_max"": 1.0, ""axis_min"": 0.0, ""axis_span"": 1.0, ""primary_max"": 0.007947957535, ""primary_min"": 0.0004335121905, ""primary_span"": 0.0075144453444999995, ""utilization_ratio"": 0.0075144453444999995}]",,Retain full-domain reference,False,,0,Scores range 0–1; observed-range axes disclosed on figure,True,src/moving_average_all_genres.py,True,theoretical 0–1 reference,0.0004335121905,0.007947957535,0,1,0.0075144453445,,intentional full-scale reference
analysis/moving_averages/figures/all_genres/emotion_grief_major_coverage.png,moving_average_major_coverage,equal-weight 12-month means of qualifying genres,y,,0.0005329601569,0.007947957535,0.0074149973781,0,0.02,0.02,0.370749868905,"[{""axis_max"": 0.02, ""axis_min"": 0.0, ""axis_span"": 0.02, ""primary_max"": 0.007947957535, ""primary_min"": 0.0005329601569, ""primary_span"": 0.0074149973781, ""utilization_ratio"": 0.370749868905}]",Primary rolling range uses 25–50% of old Y-axis; reviewed against raw/global scale,Retain previously validated independently scaled overlay,True,analysis/moving_averages/figures/all_genres/emotion_grief_major_coverage_full_scale.png,0,Scores range 0–1; observed-range axes disclosed on figure,True,src/moving_average_all_genres.py,False,"per-chart observed range, 8% padding, minimum 0.02, rounded 0.01",0.0005329601569,0.007947957535,0,0.02,0.370749868905,,reviewed by family; no unresolved presentation issue
analysis/moving_averages/figures/all_genres/emotion_grief_major_coverage_full_scale.png,moving_average_major_coverage,equal-weight 12-month means of qualifying genres,y,,0.0005329601569,0.007947957535,0.0074149973781,0,1,1,0.0074149973781,"[{""axis_max"": 1.0, ""axis_min"": 0.0, ""axis_span"": 1.0, ""primary_max"": 0.007947957535, ""primary_min"": 0.0005329601569, ""primary_span"": 0.0074149973781, ""utilization_ratio"": 0.0074149973781}]",,Retain full-domain reference,False,,0,Scores range 0–1; observed-range axes disclosed on figure,True,src/moving_average_all_genres.py,True,theoretical 0–1 reference,0.0005329601569,0.007947957535,0,1,0.0074149973781,,intentional full-scale reference
analysis/moving_averages/figures/all_genres/emotion_joy.png,moving_average_all_genres,equal-weight 12-month means of qualifying genres,y,,0.002748357979,0.124504966,0.121756608021,0,0.15,0.15,0.81171072014,"[{""axis_max"": 0.15, ""axis_min"": 0.0, ""axis_span"": 0.15, ""primary_max"": 0.124504966, ""primary_min"": 0.002748357979, ""primary_span"": 0.121756608021, ""utilization_ratio"": 0.81171072014}]",,Retain previously validated independently scaled overlay,True,analysis/moving_averages/figures/all_genres/emotion_joy_full_scale.png,0,Scores range 0–1; observed-range axes disclosed on figure,True,src/moving_average_all_genres.py,False,"per-chart observed range, 8% padding, minimum 0.02, rounded 0.01",0.002748357979,0.124504966,0,0.15,0.81171072014,,reviewed by family; no unresolved presentation issue
analysis/moving_averages/figures/all_genres/emotion_joy_full_scale.png,moving_average_all_genres,equal-weight 12-month means of qualifying genres,y,,0.002748357979,0.124504966,0.121756608021,0,1,1,0.121756608021,"[{""axis_max"": 1.0, ""axis_min"": 0.0, ""axis_span"": 1.0, ""primary_max"": 0.124504966, ""primary_min"": 0.002748357979, ""primary_span"": 0.121756608021, ""utilization_ratio"": 0.121756608021}]",,Retain full-domain reference,False,,0,Scores range 0–1; observed-range axes disclosed on figure,True,src/moving_average_all_genres.py,True,theoretical 0–1 reference,0.002748357979,0.124504966,0,1,0.121756608021,,intentional full-scale reference
analysis/moving_averages/figures/all_genres/emotion_joy_major_coverage.png,moving_average_major_coverage,equal-weight 12-month means of qualifying genres,y,,0.005050426861,0.09133202958,0.086281602719,0,0.11,0.11,0.784378206536,"[{""axis_max"": 0.11, ""axis_min"": 0.0, ""axis_span"": 0.11, ""primary_max"": 0.09133202958, ""primary_min"": 0.005050426861, ""primary_span"": 0.086281602719, ""utilization_ratio"": 0.7843782065363636}]",,Retain previously validated independently scaled overlay,True,analysis/moving_averages/figures/all_genres/emotion_joy_major_coverage_full_scale.png,0,Scores range 0–1; observed-range axes disclosed on figure,True,src/moving_average_all_genres.py,False,"per-chart observed range, 8% padding, minimum 0.02, rounded 0.01",0.005050426861,0.09133202958,0,0.11,0.784378206536,,reviewed by family; no unresolved presentation issue
analysis/moving_averages/figures/all_genres/emotion_joy_major_coverage_full_scale.png,moving_average_major_coverage,equal-weight 12-month means of qualifying genres,y,,0.005050426861,0.09133202958,0.086281602719,0,1,1,0.086281602719,"[{""axis_max"": 1.0, ""axis_min"": 0.0, ""axis_span"": 1.0, ""primary_max"": 0.09133202958, ""primary_min"": 0.005050426861, ""primary_span"": 0.086281602719, ""utilization_ratio"": 0.086281602719}]",,Retain full-domain reference,False,,0,Scores range 0–1; observed-range axes disclosed on figure,True,src/moving_average_all_genres.py,True,theoretical 0–1 reference,0.005050426861,0.09133202958,0,1,0.086281602719,,intentional full-scale reference
analysis/moving_averages/figures/all_genres/emotion_love.png,moving_average_all_genres,equal-weight 12-month means of qualifying genres,y,,0.002061929156,0.485558606,0.483496676844,0,0.57,0.57,0.848239783937,"[{""axis_max"": 0.57, ""axis_min"": 0.0, ""axis_span"": 0.57, ""primary_max"": 0.485558606, ""primary_min"": 0.002061929156, ""primary_span"": 0.483496676844, ""utilization_ratio"": 0.8482397839368422}]",,Retain previously validated independently scaled overlay,True,analysis/moving_averages/figures/all_genres/emotion_love_full_scale.png,0,Scores range 0–1; observed-range axes disclosed on figure,True,src/moving_average_all_genres.py,False,"per-chart observed range, 8% padding, minimum 0.02, rounded 0.01",0.002061929156,0.485558606,0,0.57,0.848239783937,,reviewed by family; no unresolved presentation issue
analysis/moving_averages/figures/all_genres/emotion_love_full_scale.png,moving_average_all_genres,equal-weight 12-month means of qualifying genres,y,,0.002061929156,0.485558606,0.483496676844,0,1,1,0.483496676844,"[{""axis_max"": 1.0, ""axis_min"": 0.0, ""axis_span"": 1.0, ""primary_max"": 0.485558606, ""primary_min"": 0.002061929156, ""primary_span"": 0.483496676844, ""utilization_ratio"": 0.483496676844}]",,Retain full-domain reference,False,,0,Scores range 0–1; observed-range axes disclosed on figure,True,src/moving_average_all_genres.py,True,theoretical 0–1 reference,0.002061929156,0.485558606,0,1,0.483496676844,,intentional full-scale reference
analysis/moving_averages/figures/all_genres/emotion_love_major_coverage.png,moving_average_major_coverage,equal-weight 12-month means of qualifying genres,y,,0.01566844382,0.485558606,0.46989016218,0,0.55,0.55,0.854345749418,"[{""axis_max"": 0.55, ""axis_min"": 0.0, ""axis_span"": 0.55, ""primary_max"": 0.485558606, ""primary_min"": 0.01566844382, ""primary_span"": 0.46989016218, ""utilization_ratio"": 0.8543457494181818}]",,Retain previously validated independently scaled overlay,True,analysis/moving_averages/figures/all_genres/emotion_love_major_coverage_full_scale.png,0,Scores range 0–1; observed-range axes disclosed on figure,True,src/moving_average_all_genres.py,False,"per-chart observed range, 8% padding, minimum 0.02, rounded 0.01",0.01566844382,0.485558606,0,0.55,0.854345749418,,reviewed by family; no unresolved presentation issue
analysis/moving_averages/figures/all_genres/emotion_love_major_coverage_full_scale.png,moving_average_major_coverage,equal-weight 12-month means of qualifying genres,y,,0.01566844382,0.485558606,0.46989016218,0,1,1,0.46989016218,"[{""axis_max"": 1.0, ""axis_min"": 0.0, ""axis_span"": 1.0, ""primary_max"": 0.485558606, ""primary_min"": 0.01566844382, ""primary_span"": 0.46989016218, ""utilization_ratio"": 0.46989016218}]",,Retain full-domain reference,False,,0,Scores range 0–1; observed-range axes disclosed on figure,True,src/moving_average_all_genres.py,True,theoretical 0–1 reference,0.01566844382,0.485558606,0,1,0.46989016218,,intentional full-scale reference
analysis/moving_averages/figures/all_genres/emotion_nervousness.png,moving_average_all_genres,equal-weight 12-month means of qualifying genres,y,,0.0004805170223,0.03461617885,0.0341356618277,0,0.04,0.04,0.853391545692,"[{""axis_max"": 0.04, ""axis_min"": 0.0, ""axis_span"": 0.04, ""primary_max"": 0.03461617885, ""primary_min"": 0.0004805170223, ""primary_span"": 0.034135661827699997, ""utilization_ratio"": 0.8533915456924999}]",,Retain previously validated independently scaled overlay,True,analysis/moving_averages/figures/all_genres/emotion_nervousness_full_scale.png,0,Scores range 0–1; observed-range axes disclosed on figure,True,src/moving_average_all_genres.py,False,"per-chart observed range, 8% padding, minimum 0.02, rounded 0.01",0.0004805170223,0.03461617885,0,0.04,0.853391545692,,reviewed by family; no unresolved presentation issue
analysis/moving_averages/figures/all_genres/emotion_nervousness_full_scale.png,moving_average_all_genres,equal-weight 12-month means of qualifying genres,y,,0.0004805170223,0.03461617885,0.0341356618277,0,1,1,0.0341356618277,"[{""axis_max"": 1.0, ""axis_min"": 0.0, ""axis_span"": 1.0, ""primary_max"": 0.03461617885, ""primary_min"": 0.0004805170223, ""primary_span"": 0.034135661827699997, ""utilization_ratio"": 0.034135661827699997}]",,Retain full-domain reference,False,,0,Scores range 0–1; observed-range axes disclosed on figure,True,src/moving_average_all_genres.py,True,theoretical 0–1 reference,0.0004805170223,0.03461617885,0,1,0.0341356618277,,intentional full-scale reference
analysis/moving_averages/figures/all_genres/emotion_nervousness_major_coverage.png,moving_average_major_coverage,equal-weight 12-month means of qualifying genres,y,,0.0009353475319,0.03461617885,0.0336808313181,0,0.04,0.04,0.842020782952,"[{""axis_max"": 0.04, ""axis_min"": 0.0, ""axis_span"": 0.04, ""primary_max"": 0.03461617885, ""primary_min"": 0.0009353475319, ""primary_span"": 0.0336808313181, ""utilization_ratio"": 0.8420207829524999}]",,Retain previously validated independently scaled overlay,True,analysis/moving_averages/figures/all_genres/emotion_nervousness_major_coverage_full_scale.png,0,Scores range 0–1; observed-range axes disclosed on figure,True,src/moving_average_all_genres.py,False,"per-chart observed range, 8% padding, minimum 0.02, rounded 0.01",0.0009353475319,0.03461617885,0,0.04,0.842020782952,,reviewed by family; no unresolved presentation issue
analysis/moving_averages/figures/all_genres/emotion_nervousness_major_coverage_full_scale.png,moving_average_major_coverage,equal-weight 12-month means of qualifying genres,y,,0.0009353475319,0.03461617885,0.0336808313181,0,1,1,0.0336808313181,"[{""axis_max"": 1.0, ""axis_min"": 0.0, ""axis_span"": 1.0, ""primary_max"": 0.03461617885, ""primary_min"": 0.0009353475319, ""primary_span"": 0.0336808313181, ""utilization_ratio"": 0.0336808313181}]",,Retain full-domain reference,False,,0,Scores range 0–1; observed-range axes disclosed on figure,True,src/moving_average_all_genres.py,True,theoretical 0–1 reference,0.0009353475319,0.03461617885,0,1,0.0336808313181,,intentional full-scale reference
analysis/moving_averages/figures/all_genres/emotion_neutral.png,moving_average_all_genres,equal-weight 12-month means of qualifying genres,y,,0.1800369252,0.9085410316,0.7285041064,0.12,0.97,0.85,0.857063654588,"[{""axis_max"": 0.97, ""axis_min"": 0.12, ""axis_span"": 0.85, ""primary_max"": 0.9085410316, ""primary_min"": 0.1800369252, ""primary_span"": 0.7285041064, ""utilization_ratio"": 0.8570636545882353}]",,Retain previously validated independently scaled overlay,True,analysis/moving_averages/figures/all_genres/emotion_neutral_full_scale.png,0,Scores range 0–1; observed-range axes disclosed on figure,True,src/moving_average_all_genres.py,False,"per-chart observed range, 8% padding, minimum 0.02, rounded 0.01",0.1800369252,0.9085410316,0.12,0.97,0.857063654588,,reviewed by family; no unresolved presentation issue
analysis/moving_averages/figures/all_genres/emotion_neutral_full_scale.png,moving_average_all_genres,equal-weight 12-month means of qualifying genres,y,,0.1800369252,0.9085410316,0.7285041064,0,1,1,0.7285041064,"[{""axis_max"": 1.0, ""axis_min"": 0.0, ""axis_span"": 1.0, ""primary_max"": 0.9085410316, ""primary_min"": 0.1800369252, ""primary_span"": 0.7285041064, ""utilization_ratio"": 0.7285041064}]",,Retain full-domain reference,False,,0,Scores range 0–1; observed-range axes disclosed on figure,True,src/moving_average_all_genres.py,True,theoretical 0–1 reference,0.1800369252,0.9085410316,0,1,0.7285041064,,intentional full-scale reference
analysis/moving_averages/figures/all_genres/emotion_neutral_major_coverage.png,moving_average_major_coverage,equal-weight 12-month means of qualifying genres,y,,0.1800369252,0.6672405602,0.487203635,0.14,0.71,0.57,0.854743219298,"[{""axis_max"": 0.71, ""axis_min"": 0.14, ""axis_span"": 0.57, ""primary_max"": 0.6672405602, ""primary_min"": 0.1800369252, ""primary_span"": 0.48720363499999997, ""utilization_ratio"": 0.8547432192982456}]",,Retain previously validated independently scaled overlay,True,analysis/moving_averages/figures/all_genres/emotion_neutral_major_coverage_full_scale.png,0,Scores range 0–1; observed-range axes disclosed on figure,True,src/moving_average_all_genres.py,False,"per-chart observed range, 8% padding, minimum 0.02, rounded 0.01",0.1800369252,0.6672405602,0.14,0.71,0.854743219298,,reviewed by family; no unresolved presentation issue
analysis/moving_averages/figures/all_genres/emotion_neutral_major_coverage_full_scale.png,moving_average_major_coverage,equal-weight 12-month means of qualifying genres,y,,0.1800369252,0.6672405602,0.487203635,0,1,1,0.487203635,"[{""axis_max"": 1.0, ""axis_min"": 0.0, ""axis_span"": 1.0, ""primary_max"": 0.6672405602, ""primary_min"": 0.1800369252, ""primary_span"": 0.48720363499999997, ""utilization_ratio"": 0.48720363499999997}]",,Retain full-domain reference,False,,0,Scores range 0–1; observed-range axes disclosed on figure,True,src/moving_average_all_genres.py,True,theoretical 0–1 reference,0.1800369252,0.6672405602,0,1,0.487203635,,intentional full-scale reference
analysis/moving_averages/figures/all_genres/emotion_optimism.png,moving_average_all_genres,equal-weight 12-month means of qualifying genres,y,,0.003049568433,0.07657348462,0.073523916187,0,0.09,0.09,0.816932402078,"[{""axis_max"": 0.09, ""axis_min"": 0.0, ""axis_span"": 0.09, ""primary_max"": 0.07657348462, ""primary_min"": 0.003049568433, ""primary_span"": 0.07352391618700001, ""utilization_ratio"": 0.8169324020777778}]",,Retain previously validated independently scaled overlay,True,analysis/moving_averages/figures/all_genres/emotion_optimism_full_scale.png,0,Scores range 0–1; observed-range axes disclosed on figure,True,src/moving_average_all_genres.py,False,"per-chart observed range, 8% padding, minimum 0.02, rounded 0.01",0.003049568433,0.07657348462,0,0.09,0.816932402078,,reviewed by family; no unresolved presentation issue
analysis/moving_averages/figures/all_genres/emotion_optimism_full_scale.png,moving_average_all_genres,equal-weight 12-month means of qualifying genres,y,,0.003049568433,0.07657348462,0.073523916187,0,1,1,0.073523916187,"[{""axis_max"": 1.0, ""axis_min"": 0.0, ""axis_span"": 1.0, ""primary_max"": 0.07657348462, ""primary_min"": 0.003049568433, ""primary_span"": 0.07352391618700001, ""utilization_ratio"": 0.07352391618700001}]",,Retain full-domain reference,False,,0,Scores range 0–1; observed-range axes disclosed on figure,True,src/moving_average_all_genres.py,True,theoretical 0–1 reference,0.003049568433,0.07657348462,0,1,0.073523916187,,intentional full-scale reference
analysis/moving_averages/figures/all_genres/emotion_optimism_major_coverage.png,moving_average_major_coverage,equal-weight 12-month means of qualifying genres,y,,0.004646732496,0.07657348462,0.071926752124,0,0.09,0.09,0.799186134711,"[{""axis_max"": 0.09, ""axis_min"": 0.0, ""axis_span"": 0.09, ""primary_max"": 0.07657348462, ""primary_min"": 0.004646732496, ""primary_span"": 0.071926752124, ""utilization_ratio"": 0.7991861347111111}]",,Retain previously validated independently scaled overlay,True,analysis/moving_averages/figures/all_genres/emotion_optimism_major_coverage_full_scale.png,0,Scores range 0–1; observed-range axes disclosed on figure,True,src/moving_average_all_genres.py,False,"per-chart observed range, 8% padding, minimum 0.02, rounded 0.01",0.004646732496,0.07657348462,0,0.09,0.799186134711,,reviewed by family; no unresolved presentation issue
analysis/moving_averages/figures/all_genres/emotion_optimism_major_coverage_full_scale.png,moving_average_major_coverage,equal-weight 12-month means of qualifying genres,y,,0.004646732496,0.07657348462,0.071926752124,0,1,1,0.071926752124,"[{""axis_max"": 1.0, ""axis_min"": 0.0, ""axis_span"": 1.0, ""primary_max"": 0.07657348462, ""primary_min"": 0.004646732496, ""primary_span"": 0.071926752124, ""utilization_ratio"": 0.071926752124}]",,Retain full-domain reference,False,,0,Scores range 0–1; observed-range axes disclosed on figure,True,src/moving_average_all_genres.py,True,theoretical 0–1 reference,0.004646732496,0.07657348462,0,1,0.071926752124,,intentional full-scale reference
analysis/moving_averages/figures/all_genres/emotion_pride.png,moving_average_all_genres,equal-weight 12-month means of qualifying genres,y,,0.0003575359364,0.009906201419,0.0095486654826,0,0.02,0.02,0.47743327413,"[{""axis_max"": 0.02, ""axis_min"": 0.0, ""axis_span"": 0.02, ""primary_max"": 0.009906201419, ""primary_min"": 0.0003575359364, ""primary_span"": 0.0095486654826, ""utilization_ratio"": 0.47743327413}]",Primary rolling range uses 25–50% of old Y-axis; reviewed against raw/global scale,Retain previously validated independently scaled overlay,True,analysis/moving_averages/figures/all_genres/emotion_pride_full_scale.png,0,Scores range 0–1; observed-range axes disclosed on figure,True,src/moving_average_all_genres.py,False,"per-chart observed range, 8% padding, minimum 0.02, rounded 0.01",0.0003575359364,0.009906201419,0,0.02,0.47743327413,,reviewed by family; no unresolved presentation issue
analysis/moving_averages/figures/all_genres/emotion_pride_full_scale.png,moving_average_all_genres,equal-weight 12-month means of qualifying genres,y,,0.0003575359364,0.009906201419,0.0095486654826,0,1,1,0.0095486654826,"[{""axis_max"": 1.0, ""axis_min"": 0.0, ""axis_span"": 1.0, ""primary_max"": 0.009906201419, ""primary_min"": 0.0003575359364, ""primary_span"": 0.0095486654826, ""utilization_ratio"": 0.0095486654826}]",,Retain full-domain reference,False,,0,Scores range 0–1; observed-range axes disclosed on figure,True,src/moving_average_all_genres.py,True,theoretical 0–1 reference,0.0003575359364,0.009906201419,0,1,0.0095486654826,,intentional full-scale reference
analysis/moving_averages/figures/all_genres/emotion_pride_major_coverage.png,moving_average_major_coverage,equal-weight 12-month means of qualifying genres,y,,0.0005809815856,0.009906201419,0.0093252198334,0,0.02,0.02,0.46626099167,"[{""axis_max"": 0.02, ""axis_min"": 0.0, ""axis_span"": 0.02, ""primary_max"": 0.009906201419, ""primary_min"": 0.0005809815856, ""primary_span"": 0.0093252198334, ""utilization_ratio"": 0.46626099166999996}]",Primary rolling range uses 25–50% of old Y-axis; reviewed against raw/global scale,Retain previously validated independently scaled overlay,True,analysis/moving_averages/figures/all_genres/emotion_pride_major_coverage_full_scale.png,0,Scores range 0–1; observed-range axes disclosed on figure,True,src/moving_average_all_genres.py,False,"per-chart observed range, 8% padding, minimum 0.02, rounded 0.01",0.0005809815856,0.009906201419,0,0.02,0.46626099167,,reviewed by family; no unresolved presentation issue
analysis/moving_averages/figures/all_genres/emotion_pride_major_coverage_full_scale.png,moving_average_major_coverage,equal-weight 12-month means of qualifying genres,y,,0.0005809815856,0.009906201419,0.0093252198334,0,1,1,0.0093252198334,"[{""axis_max"": 1.0, ""axis_min"": 0.0, ""axis_span"": 1.0, ""primary_max"": 0.009906201419, ""primary_min"": 0.0005809815856, ""primary_span"": 0.0093252198334, ""utilization_ratio"": 0.0093252198334}]",,Retain full-domain reference,False,,0,Scores range 0–1; observed-range axes disclosed on figure,True,src/moving_average_all_genres.py,True,theoretical 0–1 reference,0.0005809815856,0.009906201419,0,1,0.0093252198334,,intentional full-scale reference
analysis/moving_averages/figures/all_genres/emotion_realization.png,moving_average_all_genres,equal-weight 12-month means of qualifying genres,y,,0.006794399592,0.0882486675,0.081454267908,0,0.1,0.1,0.81454267908,"[{""axis_max"": 0.1, ""axis_min"": 0.0, ""axis_span"": 0.1, ""primary_max"": 0.0882486675, ""primary_min"": 0.006794399592, ""primary_span"": 0.081454267908, ""utilization_ratio"": 0.81454267908}]",,Retain previously validated independently scaled overlay,True,analysis/moving_averages/figures/all_genres/emotion_realization_full_scale.png,0,Scores range 0–1; observed-range axes disclosed on figure,True,src/moving_average_all_genres.py,False,"per-chart observed range, 8% padding, minimum 0.02, rounded 0.01",0.006794399592,0.0882486675,0,0.1,0.81454267908,,reviewed by family; no unresolved presentation issue
analysis/moving_averages/figures/all_genres/emotion_realization_full_scale.png,moving_average_all_genres,equal-weight 12-month means of qualifying genres,y,,0.006794399592,0.0882486675,0.081454267908,0,1,1,0.081454267908,"[{""axis_max"": 1.0, ""axis_min"": 0.0, ""axis_span"": 1.0, ""primary_max"": 0.0882486675, ""primary_min"": 0.006794399592, ""primary_span"": 0.081454267908, ""utilization_ratio"": 0.081454267908}]",,Retain full-domain reference,False,,0,Scores range 0–1; observed-range axes disclosed on figure,True,src/moving_average_all_genres.py,True,theoretical 0–1 reference,0.006794399592,0.0882486675,0,1,0.081454267908,,intentional full-scale reference
analysis/moving_averages/figures/all_genres/emotion_realization_major_coverage.png,moving_average_major_coverage,equal-weight 12-month means of qualifying genres,y,,0.006794399592,0.06068171985,0.053887320258,0,0.07,0.07,0.769818860829,"[{""axis_max"": 0.07, ""axis_min"": 0.0, ""axis_span"": 0.07, ""primary_max"": 0.06068171985, ""primary_min"": 0.006794399592, ""primary_span"": 0.053887320258000006, ""utilization_ratio"": 0.7698188608285714}]",,Retain previously validated independently scaled overlay,True,analysis/moving_averages/figures/all_genres/emotion_realization_major_coverage_full_scale.png,0,Scores range 0–1; observed-range axes disclosed on figure,True,src/moving_average_all_genres.py,False,"per-chart observed range, 8% padding, minimum 0.02, rounded 0.01",0.006794399592,0.06068171985,0,0.07,0.769818860829,,reviewed by family; no unresolved presentation issue
analysis/moving_averages/figures/all_genres/emotion_realization_major_coverage_full_scale.png,moving_average_major_coverage,equal-weight 12-month means of qualifying genres,y,,0.006794399592,0.06068171985,0.053887320258,0,1,1,0.053887320258,"[{""axis_max"": 1.0, ""axis_min"": 0.0, ""axis_span"": 1.0, ""primary_max"": 0.06068171985, ""primary_min"": 0.006794399592, ""primary_span"": 0.053887320258000006, ""utilization_ratio"": 0.053887320258000006}]",,Retain full-domain reference,False,,0,Scores range 0–1; observed-range axes disclosed on figure,True,src/moving_average_all_genres.py,True,theoretical 0–1 reference,0.006794399592,0.06068171985,0,1,0.053887320258,,intentional full-scale reference
analysis/moving_averages/figures/all_genres/emotion_relief.png,moving_average_all_genres,equal-weight 12-month means of qualifying genres,y,,0.0005009403403,0.009007291177,0.0085063508367,0,0.02,0.02,0.425317541835,"[{""axis_max"": 0.02, ""axis_min"": 0.0, ""axis_span"": 0.02, ""primary_max"": 0.009007291177, ""primary_min"": 0.0005009403403, ""primary_span"": 0.0085063508367, ""utilization_ratio"": 0.425317541835}]",Primary rolling range uses 25–50% of old Y-axis; reviewed against raw/global scale,Retain previously validated independently scaled overlay,True,analysis/moving_averages/figures/all_genres/emotion_relief_full_scale.png,0,Scores range 0–1; observed-range axes disclosed on figure,True,src/moving_average_all_genres.py,False,"per-chart observed range, 8% padding, minimum 0.02, rounded 0.01",0.0005009403403,0.009007291177,0,0.02,0.425317541835,,reviewed by family; no unresolved presentation issue
analysis/moving_averages/figures/all_genres/emotion_relief_full_scale.png,moving_average_all_genres,equal-weight 12-month means of qualifying genres,y,,0.0005009403403,0.009007291177,0.0085063508367,0,1,1,0.0085063508367,"[{""axis_max"": 1.0, ""axis_min"": 0.0, ""axis_span"": 1.0, ""primary_max"": 0.009007291177, ""primary_min"": 0.0005009403403, ""primary_span"": 0.0085063508367, ""utilization_ratio"": 0.0085063508367}]",,Retain full-domain reference,False,,0,Scores range 0–1; observed-range axes disclosed on figure,True,src/moving_average_all_genres.py,True,theoretical 0–1 reference,0.0005009403403,0.009007291177,0,1,0.0085063508367,,intentional full-scale reference
analysis/moving_averages/figures/all_genres/emotion_relief_major_coverage.png,moving_average_major_coverage,equal-weight 12-month means of qualifying genres,y,,0.0006770388154,0.009007291177,0.0083302523616,0,0.02,0.02,0.41651261808,"[{""axis_max"": 0.02, ""axis_min"": 0.0, ""axis_span"": 0.02, ""primary_max"": 0.009007291177, ""primary_min"": 0.0006770388154, ""primary_span"": 0.0083302523616, ""utilization_ratio"": 0.41651261807999995}]",Primary rolling range uses 25–50% of old Y-axis; reviewed against raw/global scale,Retain previously validated independently scaled overlay,True,analysis/moving_averages/figures/all_genres/emotion_relief_major_coverage_full_scale.png,0,Scores range 0–1; observed-range axes disclosed on figure,True,src/moving_average_all_genres.py,False,"per-chart observed range, 8% padding, minimum 0.02, rounded 0.01",0.0006770388154,0.009007291177,0,0.02,0.41651261808,,reviewed by family; no unresolved presentation issue
analysis/moving_averages/figures/all_genres/emotion_relief_major_coverage_full_scale.png,moving_average_major_coverage,equal-weight 12-month means of qualifying genres,y,,0.0006770388154,0.009007291177,0.0083302523616,0,1,1,0.0083302523616,"[{""axis_max"": 1.0, ""axis_min"": 0.0, ""axis_span"": 1.0, ""primary_max"": 0.009007291177, ""primary_min"": 0.0006770388154, ""primary_span"": 0.0083302523616, ""utilization_ratio"": 0.0083302523616}]",,Retain full-domain reference,False,,0,Scores range 0–1; observed-range axes disclosed on figure,True,src/moving_average_all_genres.py,True,theoretical 0–1 reference,0.0006770388154,0.009007291177,0,1,0.0083302523616,,intentional full-scale reference
analysis/moving_averages/figures/all_genres/emotion_remorse.png,moving_average_all_genres,equal-weight 12-month means of qualifying genres,y,,0.0005962872429,0.05598463029,0.0553883430471,0,0.07,0.07,0.79126204353,"[{""axis_max"": 0.07, ""axis_min"": 0.0, ""axis_span"": 0.07, ""primary_max"": 0.05598463029, ""primary_min"": 0.0005962872429, ""primary_span"": 0.0553883430471, ""utilization_ratio"": 0.7912620435299998}]",,Retain previously validated independently scaled overlay,True,analysis/moving_averages/figures/all_genres/emotion_remorse_full_scale.png,0,Scores range 0–1; observed-range axes disclosed on figure,True,src/moving_average_all_genres.py,False,"per-chart observed range, 8% padding, minimum 0.02, rounded 0.01",0.0005962872429,0.05598463029,0,0.07,0.79126204353,,reviewed by family; no unresolved presentation issue
analysis/moving_averages/figures/all_genres/emotion_remorse_full_scale.png,moving_average_all_genres,equal-weight 12-month means of qualifying genres,y,,0.0005962872429,0.05598463029,0.0553883430471,0,1,1,0.0553883430471,"[{""axis_max"": 1.0, ""axis_min"": 0.0, ""axis_span"": 1.0, ""primary_max"": 0.05598463029, ""primary_min"": 0.0005962872429, ""primary_span"": 0.0553883430471, ""utilization_ratio"": 0.0553883430471}]",,Retain full-domain reference,False,,0,Scores range 0–1; observed-range axes disclosed on figure,True,src/moving_average_all_genres.py,True,theoretical 0–1 reference,0.0005962872429,0.05598463029,0,1,0.0553883430471,,intentional full-scale reference
analysis/moving_averages/figures/all_genres/emotion_remorse_major_coverage.png,moving_average_major_coverage,equal-weight 12-month means of qualifying genres,y,,0.0005962872429,0.05598463029,0.0553883430471,0,0.07,0.07,0.79126204353,"[{""axis_max"": 0.07, ""axis_min"": 0.0, ""axis_span"": 0.07, ""primary_max"": 0.05598463029, ""primary_min"": 0.0005962872429, ""primary_span"": 0.0553883430471, ""utilization_ratio"": 0.7912620435299998}]",,Retain previously validated independently scaled overlay,True,analysis/moving_averages/figures/all_genres/emotion_remorse_major_coverage_full_scale.png,0,Scores range 0–1; observed-range axes disclosed on figure,True,src/moving_average_all_genres.py,False,"per-chart observed range, 8% padding, minimum 0.02, rounded 0.01",0.0005962872429,0.05598463029,0,0.07,0.79126204353,,reviewed by family; no unresolved presentation issue
analysis/moving_averages/figures/all_genres/emotion_remorse_major_coverage_full_scale.png,moving_average_major_coverage,equal-weight 12-month means of qualifying genres,y,,0.0005962872429,0.05598463029,0.0553883430471,0,1,1,0.0553883430471,"[{""axis_max"": 1.0, ""axis_min"": 0.0, ""axis_span"": 1.0, ""primary_max"": 0.05598463029, ""primary_min"": 0.0005962872429, ""primary_span"": 0.0553883430471, ""utilization_ratio"": 0.0553883430471}]",,Retain full-domain reference,False,,0,Scores range 0–1; observed-range axes disclosed on figure,True,src/moving_average_all_genres.py,True,theoretical 0–1 reference,0.0005962872429,0.05598463029,0,1,0.0553883430471,,intentional full-scale reference
analysis/moving_averages/figures/all_genres/emotion_sadness.png,moving_average_all_genres,equal-weight 12-month means of qualifying genres,y,,0.002571984679,0.2691040873,0.266532102621,0,0.31,0.31,0.859780976197,"[{""axis_max"": 0.31, ""axis_min"": 0.0, ""axis_span"": 0.31, ""primary_max"": 0.2691040873, ""primary_min"": 0.002571984679, ""primary_span"": 0.266532102621, ""utilization_ratio"": 0.8597809761967743}]",,Retain previously validated independently scaled overlay,True,analysis/moving_averages/figures/all_genres/emotion_sadness_full_scale.png,0,Scores range 0–1; observed-range axes disclosed on figure,True,src/moving_average_all_genres.py,False,"per-chart observed range, 8% padding, minimum 0.02, rounded 0.01",0.002571984679,0.2691040873,0,0.31,0.859780976197,,reviewed by family; no unresolved presentation issue
analysis/moving_averages/figures/all_genres/emotion_sadness_full_scale.png,moving_average_all_genres,equal-weight 12-month means of qualifying genres,y,,0.002571984679,0.2691040873,0.266532102621,0,1,1,0.266532102621,"[{""axis_max"": 1.0, ""axis_min"": 0.0, ""axis_span"": 1.0, ""primary_max"": 0.2691040873, ""primary_min"": 0.002571984679, ""primary_span"": 0.266532102621, ""utilization_ratio"": 0.266532102621}]",,Retain full-domain reference,False,,0,Scores range 0–1; observed-range axes disclosed on figure,True,src/moving_average_all_genres.py,True,theoretical 0–1 reference,0.002571984679,0.2691040873,0,1,0.266532102621,,intentional full-scale reference
analysis/moving_averages/figures/all_genres/emotion_sadness_major_coverage.png,moving_average_major_coverage,equal-weight 12-month means of qualifying genres,y,,0.004763417897,0.2691040873,0.264340669403,0,0.31,0.31,0.852711836784,"[{""axis_max"": 0.31, ""axis_min"": 0.0, ""axis_span"": 0.31, ""primary_max"": 0.2691040873, ""primary_min"": 0.004763417897, ""primary_span"": 0.264340669403, ""utilization_ratio"": 0.852711836783871}]",,Retain previously validated independently scaled overlay,True,analysis/moving_averages/figures/all_genres/emotion_sadness_major_coverage_full_scale.png,0,Scores range 0–1; observed-range axes disclosed on figure,True,src/moving_average_all_genres.py,False,"per-chart observed range, 8% padding, minimum 0.02, rounded 0.01",0.004763417897,0.2691040873,0,0.31,0.852711836784,,reviewed by family; no unresolved presentation issue
analysis/moving_averages/figures/all_genres/emotion_sadness_major_coverage_full_scale.png,moving_average_major_coverage,equal-weight 12-month means of qualifying genres,y,,0.004763417897,0.2691040873,0.264340669403,0,1,1,0.264340669403,"[{""axis_max"": 1.0, ""axis_min"": 0.0, ""axis_span"": 1.0, ""primary_max"": 0.2691040873, ""primary_min"": 0.004763417897, ""primary_span"": 0.264340669403, ""utilization_ratio"": 0.264340669403}]",,Retain full-domain reference,False,,0,Scores range 0–1; observed-range axes disclosed on figure,True,src/moving_average_all_genres.py,True,theoretical 0–1 reference,0.004763417897,0.2691040873,0,1,0.264340669403,,intentional full-scale reference
analysis/moving_averages/figures/all_genres/emotion_surprise.png,moving_average_all_genres,equal-weight 12-month means of qualifying genres,y,,0.002295837283,0.04637770792,0.044081870637,0,0.06,0.06,0.73469784395,"[{""axis_max"": 0.06, ""axis_min"": 0.0, ""axis_span"": 0.06, ""primary_max"": 0.04637770792, ""primary_min"": 0.002295837283, ""primary_span"": 0.044081870637, ""utilization_ratio"": 0.7346978439499999}]",,Retain previously validated independently scaled overlay,True,analysis/moving_averages/figures/all_genres/emotion_surprise_full_scale.png,0,Scores range 0–1; observed-range axes disclosed on figure,True,src/moving_average_all_genres.py,False,"per-chart observed range, 8% padding, minimum 0.02, rounded 0.01",0.002295837283,0.04637770792,0,0.06,0.73469784395,,reviewed by family; no unresolved presentation issue
analysis/moving_averages/figures/all_genres/emotion_surprise_full_scale.png,moving_average_all_genres,equal-weight 12-month means of qualifying genres,y,,0.002295837283,0.04637770792,0.044081870637,0,1,1,0.044081870637,"[{""axis_max"": 1.0, ""axis_min"": 0.0, ""axis_span"": 1.0, ""primary_max"": 0.04637770792, ""primary_min"": 0.002295837283, ""primary_span"": 0.044081870637, ""utilization_ratio"": 0.044081870637}]",,Retain full-domain reference,False,,0,Scores range 0–1; observed-range axes disclosed on figure,True,src/moving_average_all_genres.py,True,theoretical 0–1 reference,0.002295837283,0.04637770792,0,1,0.044081870637,,intentional full-scale reference
analysis/moving_averages/figures/all_genres/emotion_surprise_major_coverage.png,moving_average_major_coverage,equal-weight 12-month means of qualifying genres,y,,0.002494300407,0.03442873755,0.031934437143,0,0.04,0.04,0.798360928575,"[{""axis_max"": 0.04, ""axis_min"": 0.0, ""axis_span"": 0.04, ""primary_max"": 0.03442873755, ""primary_min"": 0.002494300407, ""primary_span"": 0.031934437143, ""utilization_ratio"": 0.7983609285749999}]",,Retain previously validated independently scaled overlay,True,analysis/moving_averages/figures/all_genres/emotion_surprise_major_coverage_full_scale.png,0,Scores range 0–1; observed-range axes disclosed on figure,True,src/moving_average_all_genres.py,False,"per-chart observed range, 8% padding, minimum 0.02, rounded 0.01",0.002494300407,0.03442873755,0,0.04,0.798360928575,,reviewed by family; no unresolved presentation issue
analysis/moving_averages/figures/all_genres/emotion_surprise_major_coverage_full_scale.png,moving_average_major_coverage,equal-weight 12-month means of qualifying genres,y,,0.002494300407,0.03442873755,0.031934437143,0,1,1,0.031934437143,"[{""axis_max"": 1.0, ""axis_min"": 0.0, ""axis_span"": 1.0, ""primary_max"": 0.03442873755, ""primary_min"": 0.002494300407, ""primary_span"": 0.031934437143, ""utilization_ratio"": 0.031934437143}]",,Retain full-domain reference,False,,0,Scores range 0–1; observed-range axes disclosed on figure,True,src/moving_average_all_genres.py,True,theoretical 0–1 reference,0.002494300407,0.03442873755,0,1,0.031934437143,,intentional full-scale reference
analysis/moving_averages/figures/all_genres/ll_explicit_language.png,moving_average_all_genres,equal-weight 12-month means of qualifying genres,y,,0.01685699394,0.9949782212,0.97812122726,0,1,1,0.97812122726,"[{""axis_max"": 1.0, ""axis_min"": 0.0, ""axis_span"": 1.0, ""primary_max"": 0.9949782212, ""primary_min"": 0.01685699394, ""primary_span"": 0.9781212272600001, ""utilization_ratio"": 0.9781212272600001}]",,Retain previously validated independently scaled overlay,True,analysis/moving_averages/figures/all_genres/ll_explicit_language_full_scale.png,0,Scores range 0–1; observed-range axes disclosed on figure,True,src/moving_average_all_genres.py,False,"per-chart observed range, 8% padding, minimum 0.02, rounded 0.01",0.01685699394,0.9949782212,0,1,0.97812122726,,reviewed by family; no unresolved presentation issue
analysis/moving_averages/figures/all_genres/ll_explicit_language_full_scale.png,moving_average_all_genres,equal-weight 12-month means of qualifying genres,y,,0.01685699394,0.9949782212,0.97812122726,0,1,1,0.97812122726,"[{""axis_max"": 1.0, ""axis_min"": 0.0, ""axis_span"": 1.0, ""primary_max"": 0.9949782212, ""primary_min"": 0.01685699394, ""primary_span"": 0.9781212272600001, ""utilization_ratio"": 0.9781212272600001}]",,Retain full-domain reference,False,,0,Scores range 0–1; observed-range axes disclosed on figure,True,src/moving_average_all_genres.py,True,theoretical 0–1 reference,0.01685699394,0.9949782212,0,1,0.97812122726,,intentional full-scale reference
analysis/moving_averages/figures/all_genres/ll_explicit_language_major_coverage.png,moving_average_major_coverage,equal-weight 12-month means of qualifying genres,y,,0.01685699394,0.9949782212,0.97812122726,0,1,1,0.97812122726,"[{""axis_max"": 1.0, ""axis_min"": 0.0, ""axis_span"": 1.0, ""primary_max"": 0.9949782212, ""primary_min"": 0.01685699394, ""primary_span"": 0.9781212272600001, ""utilization_ratio"": 0.9781212272600001}]",,Retain previously validated independently scaled overlay,True,analysis/moving_averages/figures/all_genres/ll_explicit_language_major_coverage_full_scale.png,0,Scores range 0–1; observed-range axes disclosed on figure,True,src/moving_average_all_genres.py,False,"per-chart observed range, 8% padding, minimum 0.02, rounded 0.01",0.01685699394,0.9949782212,0,1,0.97812122726,,reviewed by family; no unresolved presentation issue
analysis/moving_averages/figures/all_genres/ll_explicit_language_major_coverage_full_scale.png,moving_average_major_coverage,equal-weight 12-month means of qualifying genres,y,,0.01685699394,0.9949782212,0.97812122726,0,1,1,0.97812122726,"[{""axis_max"": 1.0, ""axis_min"": 0.0, ""axis_span"": 1.0, ""primary_max"": 0.9949782212, ""primary_min"": 0.01685699394, ""primary_span"": 0.9781212272600001, ""utilization_ratio"": 0.9781212272600001}]",,Retain full-domain reference,False,,0,Scores range 0–1; observed-range axes disclosed on figure,True,src/moving_average_all_genres.py,True,theoretical 0–1 reference,0.01685699394,0.9949782212,0,1,0.97812122726,,intentional full-scale reference
analysis/moving_averages/figures/all_genres/ll_sexual_content.png,moving_average_all_genres,equal-weight 12-month means of qualifying genres,y,,0.09739564589,0.9907093504,0.89331370451,0,1,1,0.89331370451,"[{""axis_max"": 1.0, ""axis_min"": 0.0, ""axis_span"": 1.0, ""primary_max"": 0.9907093504, ""primary_min"": 0.09739564589, ""primary_span"": 0.8933137045099999, ""utilization_ratio"": 0.8933137045099999}]",,Retain previously validated independently scaled overlay,True,analysis/moving_averages/figures/all_genres/ll_sexual_content_full_scale.png,0,Scores range 0–1; observed-range axes disclosed on figure,True,src/moving_average_all_genres.py,False,"per-chart observed range, 8% padding, minimum 0.02, rounded 0.01",0.09739564589,0.9907093504,0,1,0.89331370451,,reviewed by family; no unresolved presentation issue
analysis/moving_averages/figures/all_genres/ll_sexual_content_full_scale.png,moving_average_all_genres,equal-weight 12-month means of qualifying genres,y,,0.09739564589,0.9907093504,0.89331370451,0,1,1,0.89331370451,"[{""axis_max"": 1.0, ""axis_min"": 0.0, ""axis_span"": 1.0, ""primary_max"": 0.9907093504, ""primary_min"": 0.09739564589, ""primary_span"": 0.8933137045099999, ""utilization_ratio"": 0.8933137045099999}]",,Retain full-domain reference,False,,0,Scores range 0–1; observed-range axes disclosed on figure,True,src/moving_average_all_genres.py,True,theoretical 0–1 reference,0.09739564589,0.9907093504,0,1,0.89331370451,,intentional full-scale reference
analysis/moving_averages/figures/all_genres/ll_sexual_content_major_coverage.png,moving_average_major_coverage,equal-weight 12-month means of qualifying genres,y,,0.09739564589,0.9907093504,0.89331370451,0,1,1,0.89331370451,"[{""axis_max"": 1.0, ""axis_min"": 0.0, ""axis_span"": 1.0, ""primary_max"": 0.9907093504, ""primary_min"": 0.09739564589, ""primary_span"": 0.8933137045099999, ""utilization_ratio"": 0.8933137045099999}]",,Retain previously validated independently scaled overlay,True,analysis/moving_averages/figures/all_genres/ll_sexual_content_major_coverage_full_scale.png,0,Scores range 0–1; observed-range axes disclosed on figure,True,src/moving_average_all_genres.py,False,"per-chart observed range, 8% padding, minimum 0.02, rounded 0.01",0.09739564589,0.9907093504,0,1,0.89331370451,,reviewed by family; no unresolved presentation issue
analysis/moving_averages/figures/all_genres/ll_sexual_content_major_coverage_full_scale.png,moving_average_major_coverage,equal-weight 12-month means of qualifying genres,y,,0.09739564589,0.9907093504,0.89331370451,0,1,1,0.89331370451,"[{""axis_max"": 1.0, ""axis_min"": 0.0, ""axis_span"": 1.0, ""primary_max"": 0.9907093504, ""primary_min"": 0.09739564589, ""primary_span"": 0.8933137045099999, ""utilization_ratio"": 0.8933137045099999}]",,Retain full-domain reference,False,,0,Scores range 0–1; observed-range axes disclosed on figure,True,src/moving_average_all_genres.py,True,theoretical 0–1 reference,0.09739564589,0.9907093504,0,1,0.89331370451,,intentional full-scale reference
analysis/moving_averages/figures/all_genres/ll_substance_use.png,moving_average_all_genres,equal-weight 12-month means of qualifying genres,y,,0.01290038474,0.8496801401,0.83677975536,0,0.98,0.98,0.853856893224,"[{""axis_max"": 0.98, ""axis_min"": 0.0, ""axis_span"": 0.98, ""primary_max"": 0.8496801401, ""primary_min"": 0.01290038474, ""primary_span"": 0.83677975536, ""utilization_ratio"": 0.8538568932244899}]",,Retain previously validated independently scaled overlay,True,analysis/moving_averages/figures/all_genres/ll_substance_use_full_scale.png,0,Scores range 0–1; observed-range axes disclosed on figure,True,src/moving_average_all_genres.py,False,"per-chart observed range, 8% padding, minimum 0.02, rounded 0.01",0.01290038474,0.8496801401,0,0.98,0.853856893224,,reviewed by family; no unresolved presentation issue
analysis/moving_averages/figures/all_genres/ll_substance_use_full_scale.png,moving_average_all_genres,equal-weight 12-month means of qualifying genres,y,,0.01290038474,0.8496801401,0.83677975536,0,1,1,0.83677975536,"[{""axis_max"": 1.0, ""axis_min"": 0.0, ""axis_span"": 1.0, ""primary_max"": 0.8496801401, ""primary_min"": 0.01290038474, ""primary_span"": 0.83677975536, ""utilization_ratio"": 0.83677975536}]",,Retain full-domain reference,False,,0,Scores range 0–1; observed-range axes disclosed on figure,True,src/moving_average_all_genres.py,True,theoretical 0–1 reference,0.01290038474,0.8496801401,0,1,0.83677975536,,intentional full-scale reference
analysis/moving_averages/figures/all_genres/ll_substance_use_major_coverage.png,moving_average_major_coverage,equal-weight 12-month means of qualifying genres,y,,0.01290038474,0.8496801401,0.83677975536,0,0.98,0.98,0.853856893224,"[{""axis_max"": 0.98, ""axis_min"": 0.0, ""axis_span"": 0.98, ""primary_max"": 0.8496801401, ""primary_min"": 0.01290038474, ""primary_span"": 0.83677975536, ""utilization_ratio"": 0.8538568932244899}]",,Retain previously validated independently scaled overlay,True,analysis/moving_averages/figures/all_genres/ll_substance_use_major_coverage_full_scale.png,0,Scores range 0–1; observed-range axes disclosed on figure,True,src/moving_average_all_genres.py,False,"per-chart observed range, 8% padding, minimum 0.02, rounded 0.01",0.01290038474,0.8496801401,0,0.98,0.853856893224,,reviewed by family; no unresolved presentation issue
analysis/moving_averages/figures/all_genres/ll_substance_use_major_coverage_full_scale.png,moving_average_major_coverage,equal-weight 12-month means of qualifying genres,y,,0.01290038474,0.8496801401,0.83677975536,0,1,1,0.83677975536,"[{""axis_max"": 1.0, ""axis_min"": 0.0, ""axis_span"": 1.0, ""primary_max"": 0.8496801401, ""primary_min"": 0.01290038474, ""primary_span"": 0.83677975536, ""utilization_ratio"": 0.83677975536}]",,Retain full-domain reference,False,,0,Scores range 0–1; observed-range axes disclosed on figure,True,src/moving_average_all_genres.py,True,theoretical 0–1 reference,0.01290038474,0.8496801401,0,1,0.83677975536,,intentional full-scale reference
analysis/moving_averages/figures/all_genres/ll_violence.png,moving_average_all_genres,equal-weight 12-month means of qualifying genres,y,,0.00856571655,0.8179504957,0.80938477915,0,0.94,0.94,0.861047637394,"[{""axis_max"": 0.94, ""axis_min"": 0.0, ""axis_span"": 0.94, ""primary_max"": 0.8179504957, ""primary_min"": 0.00856571655, ""primary_span"": 0.80938477915, ""utilization_ratio"": 0.861047637393617}]",,Retain previously validated independently scaled overlay,True,analysis/moving_averages/figures/all_genres/ll_violence_full_scale.png,0,Scores range 0–1; observed-range axes disclosed on figure,True,src/moving_average_all_genres.py,False,"per-chart observed range, 8% padding, minimum 0.02, rounded 0.01",0.00856571655,0.8179504957,0,0.94,0.861047637394,,reviewed by family; no unresolved presentation issue
analysis/moving_averages/figures/all_genres/ll_violence_full_scale.png,moving_average_all_genres,equal-weight 12-month means of qualifying genres,y,,0.00856571655,0.8179504957,0.80938477915,0,1,1,0.80938477915,"[{""axis_max"": 1.0, ""axis_min"": 0.0, ""axis_span"": 1.0, ""primary_max"": 0.8179504957, ""primary_min"": 0.00856571655, ""primary_span"": 0.80938477915, ""utilization_ratio"": 0.80938477915}]",,Retain full-domain reference,False,,0,Scores range 0–1; observed-range axes disclosed on figure,True,src/moving_average_all_genres.py,True,theoretical 0–1 reference,0.00856571655,0.8179504957,0,1,0.80938477915,,intentional full-scale reference
analysis/moving_averages/figures/all_genres/ll_violence_major_coverage.png,moving_average_major_coverage,equal-weight 12-month means of qualifying genres,y,,0.01646763118,0.8179504957,0.80148286452,0,0.93,0.93,0.861809531742,"[{""axis_max"": 0.93, ""axis_min"": 0.0, ""axis_span"": 0.93, ""primary_max"": 0.8179504957, ""primary_min"": 0.01646763118, ""primary_span"": 0.80148286452, ""utilization_ratio"": 0.8618095317419354}]",,Retain previously validated independently scaled overlay,True,analysis/moving_averages/figures/all_genres/ll_violence_major_coverage_full_scale.png,0,Scores range 0–1; observed-range axes disclosed on figure,True,src/moving_average_all_genres.py,False,"per-chart observed range, 8% padding, minimum 0.02, rounded 0.01",0.01646763118,0.8179504957,0,0.93,0.861809531742,,reviewed by family; no unresolved presentation issue
analysis/moving_averages/figures/all_genres/ll_violence_major_coverage_full_scale.png,moving_average_major_coverage,equal-weight 12-month means of qualifying genres,y,,0.01646763118,0.8179504957,0.80148286452,0,1,1,0.80148286452,"[{""axis_max"": 1.0, ""axis_min"": 0.0, ""axis_span"": 1.0, ""primary_max"": 0.8179504957, ""primary_min"": 0.01646763118, ""primary_span"": 0.80148286452, ""utilization_ratio"": 0.80148286452}]",,Retain full-domain reference,False,,0,Scores range 0–1; observed-range axes disclosed on figure,True,src/moving_average_all_genres.py,True,theoretical 0–1 reference,0.01646763118,0.8179504957,0,1,0.80148286452,,intentional full-scale reference
analysis/moving_averages/figures/all_genres/sentiment_negative.png,moving_average_all_genres,equal-weight 12-month means of qualifying genres,y,,0.2126780592,0.3559035234,0.1432254642,0.2,0.37,0.17,0.842502730588,"[{""axis_max"": 0.37, ""axis_min"": 0.2, ""axis_span"": 0.16999999999999998, ""primary_max"": 0.3559035234, ""primary_min"": 0.2126780592, ""primary_span"": 0.14322546419999999, ""utilization_ratio"": 0.8425027305882353}]",,Retain previously validated independently scaled overlay,True,analysis/moving_averages/figures/all_genres/sentiment_negative_full_scale.png,0,Scores range 0–1; observed-range axes disclosed on figure,True,src/moving_average_all_genres.py,False,"per-chart observed range, 8% padding, minimum 0.02, rounded 0.01",0.2126780592,0.3559035234,0.2,0.37,0.842502730588,,reviewed by family; no unresolved presentation issue
analysis/moving_averages/figures/all_genres/sentiment_negative_full_scale.png,moving_average_all_genres,equal-weight 12-month means of qualifying genres,y,,0.2126780592,0.3559035234,0.1432254642,0,1,1,0.1432254642,"[{""axis_max"": 1.0, ""axis_min"": 0.0, ""axis_span"": 1.0, ""primary_max"": 0.3559035234, ""primary_min"": 0.2126780592, ""primary_span"": 0.14322546419999999, ""utilization_ratio"": 0.14322546419999999}]",,Retain full-domain reference,False,,0,Scores range 0–1; observed-range axes disclosed on figure,True,src/moving_average_all_genres.py,True,theoretical 0–1 reference,0.2126780592,0.3559035234,0,1,0.1432254642,,intentional full-scale reference
analysis/moving_averages/figures/all_genres/sentiment_negative_major_coverage.png,moving_average_major_coverage,equal-weight 12-month means of qualifying genres,y,,0.2126780592,0.3559035234,0.1432254642,0.2,0.37,0.17,0.842502730588,"[{""axis_max"": 0.37, ""axis_min"": 0.2, ""axis_span"": 0.16999999999999998, ""primary_max"": 0.3559035234, ""primary_min"": 0.2126780592, ""primary_span"": 0.14322546419999999, ""utilization_ratio"": 0.8425027305882353}]",,Retain previously validated independently scaled overlay,True,analysis/moving_averages/figures/all_genres/sentiment_negative_major_coverage_full_scale.png,0,Scores range 0–1; observed-range axes disclosed on figure,True,src/moving_average_all_genres.py,False,"per-chart observed range, 8% padding, minimum 0.02, rounded 0.01",0.2126780592,0.3559035234,0.2,0.37,0.842502730588,,reviewed by family; no unresolved presentation issue
analysis/moving_averages/figures/all_genres/sentiment_negative_major_coverage_full_scale.png,moving_average_major_coverage,equal-weight 12-month means of qualifying genres,y,,0.2126780592,0.3559035234,0.1432254642,0,1,1,0.1432254642,"[{""axis_max"": 1.0, ""axis_min"": 0.0, ""axis_span"": 1.0, ""primary_max"": 0.3559035234, ""primary_min"": 0.2126780592, ""primary_span"": 0.14322546419999999, ""utilization_ratio"": 0.14322546419999999}]",,Retain full-domain reference,False,,0,Scores range 0–1; observed-range axes disclosed on figure,True,src/moving_average_all_genres.py,True,theoretical 0–1 reference,0.2126780592,0.3559035234,0,1,0.1432254642,,intentional full-scale reference
analysis/moving_averages/figures/all_genres/sentiment_neutral.png,moving_average_all_genres,equal-weight 12-month means of qualifying genres,y,,0.3939320043,0.4552782455,0.0613462412,0.38,0.47,0.09,0.681624902222,"[{""axis_max"": 0.47, ""axis_min"": 0.38, ""axis_span"": 0.08999999999999997, ""primary_max"": 0.4552782455, ""primary_min"": 0.3939320043, ""primary_span"": 0.061346241199999985, ""utilization_ratio"": 0.6816249022222223}]",,Retain previously validated independently scaled overlay,True,analysis/moving_averages/figures/all_genres/sentiment_neutral_full_scale.png,0,Scores range 0–1; observed-range axes disclosed on figure,True,src/moving_average_all_genres.py,False,"per-chart observed range, 8% padding, minimum 0.02, rounded 0.01",0.3939320043,0.4552782455,0.38,0.47,0.681624902222,,reviewed by family; no unresolved presentation issue
analysis/moving_averages/figures/all_genres/sentiment_neutral_full_scale.png,moving_average_all_genres,equal-weight 12-month means of qualifying genres,y,,0.3939320043,0.4552782455,0.0613462412,0,1,1,0.0613462412,"[{""axis_max"": 1.0, ""axis_min"": 0.0, ""axis_span"": 1.0, ""primary_max"": 0.4552782455, ""primary_min"": 0.3939320043, ""primary_span"": 0.061346241199999985, ""utilization_ratio"": 0.061346241199999985}]",,Retain full-domain reference,False,,0,Scores range 0–1; observed-range axes disclosed on figure,True,src/moving_average_all_genres.py,True,theoretical 0–1 reference,0.3939320043,0.4552782455,0,1,0.0613462412,,intentional full-scale reference
analysis/moving_averages/figures/all_genres/sentiment_neutral_major_coverage.png,moving_average_major_coverage,equal-weight 12-month means of qualifying genres,y,,0.3998559783,0.4552782455,0.0554222672,0.39,0.46,0.07,0.791746674286,"[{""axis_max"": 0.46, ""axis_min"": 0.39, ""axis_span"": 0.07, ""primary_max"": 0.4552782455, ""primary_min"": 0.3998559783, ""primary_span"": 0.055422267199999986, ""utilization_ratio"": 0.791746674285714}]",,Retain previously validated independently scaled overlay,True,analysis/moving_averages/figures/all_genres/sentiment_neutral_major_coverage_full_scale.png,0,Scores range 0–1; observed-range axes disclosed on figure,True,src/moving_average_all_genres.py,False,"per-chart observed range, 8% padding, minimum 0.02, rounded 0.01",0.3998559783,0.4552782455,0.39,0.46,0.791746674286,,reviewed by family; no unresolved presentation issue
analysis/moving_averages/figures/all_genres/sentiment_neutral_major_coverage_full_scale.png,moving_average_major_coverage,equal-weight 12-month means of qualifying genres,y,,0.3998559783,0.4552782455,0.0554222672,0,1,1,0.0554222672,"[{""axis_max"": 1.0, ""axis_min"": 0.0, ""axis_span"": 1.0, ""primary_max"": 0.4552782455, ""primary_min"": 0.3998559783, ""primary_span"": 0.055422267199999986, ""utilization_ratio"": 0.055422267199999986}]",,Retain full-domain reference,False,,0,Scores range 0–1; observed-range axes disclosed on figure,True,src/moving_average_all_genres.py,True,theoretical 0–1 reference,0.3998559783,0.4552782455,0,1,0.0554222672,,intentional full-scale reference
analysis/moving_averages/figures/all_genres/sentiment_positive.png,moving_average_all_genres,equal-weight 12-month means of qualifying genres,y,,0.235705373,0.3677947927,0.1320894197,0.22,0.38,0.16,0.825558873125,"[{""axis_max"": 0.38, ""axis_min"": 0.22, ""axis_span"": 0.16, ""primary_max"": 0.3677947927, ""primary_min"": 0.235705373, ""primary_span"": 0.1320894197, ""utilization_ratio"": 0.8255588731249999}]",,Retain previously validated independently scaled overlay,True,analysis/moving_averages/figures/all_genres/sentiment_positive_full_scale.png,0,Scores range 0–1; observed-range axes disclosed on figure,True,src/moving_average_all_genres.py,False,"per-chart observed range, 8% padding, minimum 0.02, rounded 0.01",0.235705373,0.3677947927,0.22,0.38,0.825558873125,,reviewed by family; no unresolved presentation issue
analysis/moving_averages/figures/all_genres/sentiment_positive_full_scale.png,moving_average_all_genres,equal-weight 12-month means of qualifying genres,y,,0.235705373,0.3677947927,0.1320894197,0,1,1,0.1320894197,"[{""axis_max"": 1.0, ""axis_min"": 0.0, ""axis_span"": 1.0, ""primary_max"": 0.3677947927, ""primary_min"": 0.235705373, ""primary_span"": 0.1320894197, ""utilization_ratio"": 0.1320894197}]",,Retain full-domain reference,False,,0,Scores range 0–1; observed-range axes disclosed on figure,True,src/moving_average_all_genres.py,True,theoretical 0–1 reference,0.235705373,0.3677947927,0,1,0.1320894197,,intentional full-scale reference
analysis/moving_averages/figures/all_genres/sentiment_positive_major_coverage.png,moving_average_major_coverage,equal-weight 12-month means of qualifying genres,y,,0.235705373,0.3677947927,0.1320894197,0.22,0.38,0.16,0.825558873125,"[{""axis_max"": 0.38, ""axis_min"": 0.22, ""axis_span"": 0.16, ""primary_max"": 0.3677947927, ""primary_min"": 0.235705373, ""primary_span"": 0.1320894197, ""utilization_ratio"": 0.8255588731249999}]",,Retain previously validated independently scaled overlay,True,analysis/moving_averages/figures/all_genres/sentiment_positive_major_coverage_full_scale.png,0,Scores range 0–1; observed-range axes disclosed on figure,True,src/moving_average_all_genres.py,False,"per-chart observed range, 8% padding, minimum 0.02, rounded 0.01",0.235705373,0.3677947927,0.22,0.38,0.825558873125,,reviewed by family; no unresolved presentation issue
analysis/moving_averages/figures/all_genres/sentiment_positive_major_coverage_full_scale.png,moving_average_major_coverage,equal-weight 12-month means of qualifying genres,y,,0.235705373,0.3677947927,0.1320894197,0,1,1,0.1320894197,"[{""axis_max"": 1.0, ""axis_min"": 0.0, ""axis_span"": 1.0, ""primary_max"": 0.3677947927, ""primary_min"": 0.235705373, ""primary_span"": 0.1320894197, ""utilization_ratio"": 0.1320894197}]",,Retain full-domain reference,False,,0,Scores range 0–1; observed-range axes disclosed on figure,True,src/moving_average_all_genres.py,True,theoretical 0–1 reference,0.235705373,0.3677947927,0,1,0.1320894197,,intentional full-scale reference
analysis/moving_averages/figures/detox_identity_attack/alternative_indie.png,moving_average_individual_genre,equal-weight 12-month mean; rank-weighted 12-month sensitivity,y,linear,0.001286513144,0.009191517239,0.007905004095,0.0006,0.0099,0.0093,0.850000440323,"[{""axis_max"": 0.0099, ""axis_min"": 0.0006000000000000001, ""axis_span"": 0.009300000000000001, ""primary_max"": 0.009191517239, ""primary_min"": 0.001286513144, ""primary_span"": 0.007905004095, ""utilization_ratio"": 0.8500004403225805}]",Primary rolling range uses under 25% of old Y-axis; raw/global/domain scale dominates,Scale only finite displayed rolling series; exterior legend; readable count panel; 300 dpi,True,analysis/moving_averages/figures/detox_identity_attack/alternative_indie_full_scale.png,19,Y-axis follows displayed 12-month means; classifier scores range 0–1. Raw monthly context: 19 values outside view.,True,src/moving_average_figures.py,False,zero to 1.08 × maximum qualifying raw mean across overall and ALL genres; capped at 1.02; floor 0.005,0.001286513144,0.009191517239,0,0.411317876124,0.019218722438,,reviewed by family; no unresolved presentation issue
analysis/moving_averages/figures/detox_identity_attack/alternative_indie_full_scale.png,moving_average_individual_genre,equal-weight/rank-weighted rolling means; full-domain reference,y,linear,0.001286513144,0.009191517239,0.007905004095,0,1,1,0.007905004095,"[{""axis_max"": 1.0, ""axis_min"": 0.0, ""axis_span"": 1.0, ""primary_max"": 0.009191517239, ""primary_min"": 0.001286513144, ""primary_span"": 0.007905004095, ""utilization_ratio"": 0.007905004095}]",,Full-domain companion preserves every qualifying raw monthly value,False,,0,,True,src/moving_average_figures.py,True,New companion reference,,,,,,,intentional full-scale reference
analysis/moving_averages/figures/detox_identity_attack/country.png,moving_average_individual_genre,equal-weight 12-month mean; rank-weighted 12-month sensitivity,y,linear,0.0007425512806,0.01712596847,0.0163834171894,0,0.019,0.019,0.862285115232,"[{""axis_max"": 0.019, ""axis_min"": 0.0, ""axis_span"": 0.019, ""primary_max"": 0.01712596847, ""primary_min"": 0.0007425512806, ""primary_span"": 0.0163834171894, ""utilization_ratio"": 0.8622851152315789}]",Primary rolling range uses under 25% of old Y-axis; raw/global/domain scale dominates,Scale only finite displayed rolling series; exterior legend; readable count panel; 300 dpi,True,analysis/moving_averages/figures/detox_identity_attack/country_full_scale.png,11,Y-axis follows displayed 12-month means; classifier scores range 0–1. Raw monthly context: 11 values outside view.,True,src/moving_average_figures.py,False,zero to 1.08 × maximum qualifying raw mean across overall and ALL genres; capped at 1.02; floor 0.005,0.0007425512806,0.01712596847,0,0.411317876124,0.0398315223831,,reviewed by family; no unresolved presentation issue
analysis/moving_averages/figures/detox_identity_attack/country_full_scale.png,moving_average_individual_genre,equal-weight/rank-weighted rolling means; full-domain reference,y,linear,0.0007425512806,0.01712596847,0.0163834171894,0,1,1,0.0163834171894,"[{""axis_max"": 1.0, ""axis_min"": 0.0, ""axis_span"": 1.0, ""primary_max"": 0.01712596847, ""primary_min"": 0.0007425512806, ""primary_span"": 0.0163834171894, ""utilization_ratio"": 0.0163834171894}]",,Full-domain companion preserves every qualifying raw monthly value,False,,0,,True,src/moving_average_figures.py,True,New companion reference,,,,,,,intentional full-scale reference
analysis/moving_averages/figures/detox_identity_attack/electronic_dance.png,moving_average_individual_genre,equal-weight 12-month mean; rank-weighted 12-month sensitivity,y,linear,0.00126186537,0.004136029453,0.002874164083,0.001,0.0044,0.0034,0.845342377353,"[{""axis_max"": 0.0044, ""axis_min"": 0.001, ""axis_span"": 0.0034000000000000002, ""primary_max"": 0.004136029453, ""primary_min"": 0.00126186537, ""primary_span"": 0.0028741640829999995, ""utilization_ratio"": 0.8453423773529409}]",Primary rolling range uses under 25% of old Y-axis; raw/global/domain scale dominates,Scale only finite displayed rolling series; exterior legend; readable count panel; 300 dpi,True,analysis/moving_averages/figures/detox_identity_attack/electronic_dance_full_scale.png,102,Y-axis follows displayed 12-month means; classifier scores range 0–1. Raw monthly context: 102 values outside view.,True,src/moving_average_figures.py,False,zero to 1.08 × maximum qualifying raw mean across overall and ALL genres; capped at 1.02; floor 0.005,0.00126186537,0.004136029453,0,0.411317876124,0.00698769552659,,reviewed by family; no unresolved presentation issue
analysis/moving_averages/figures/detox_identity_attack/electronic_dance_full_scale.png,moving_average_individual_genre,equal-weight/rank-weighted rolling means; full-domain reference,y,linear,0.00126186537,0.004136029453,0.002874164083,0,1,1,0.002874164083,"[{""axis_max"": 1.0, ""axis_min"": 0.0, ""axis_span"": 1.0, ""primary_max"": 0.004136029453, ""primary_min"": 0.00126186537, ""primary_span"": 0.0028741640829999995, ""utilization_ratio"": 0.0028741640829999995}]",,Full-domain companion preserves every qualifying raw monthly value,False,,0,,True,src/moving_average_figures.py,True,New companion reference,,,,,,,intentional full-scale reference
analysis/moving_averages/figures/detox_identity_attack/hip_hop_rap.png,moving_average_individual_genre,equal-weight 12-month mean; rank-weighted 12-month sensitivity,y,linear,0.01438814323,0.2484934731,0.23410532987,0,0.27,0.27,0.867056777296,"[{""axis_max"": 0.27, ""axis_min"": 0.0, ""axis_span"": 0.27, ""primary_max"": 0.2484934731, ""primary_min"": 0.01438814323, ""primary_span"": 0.23410532987, ""utilization_ratio"": 0.8670567772962962}]",,Scale only finite displayed rolling series; exterior legend; readable count panel; 300 dpi,True,analysis/moving_averages/figures/detox_identity_attack/hip_hop_rap_full_scale.png,10,Y-axis follows displayed 12-month means; classifier scores range 0–1. Raw monthly context: 10 values outside view.,True,src/moving_average_figures.py,False,zero to 1.08 × maximum qualifying raw mean across overall and ALL genres; capped at 1.02; floor 0.005,0.01438814323,0.2484934731,0,0.411317876124,0.569159142987,,reviewed by family; no unresolved presentation issue
analysis/moving_averages/figures/detox_identity_attack/hip_hop_rap_full_scale.png,moving_average_individual_genre,equal-weight/rank-weighted rolling means; full-domain reference,y,linear,0.01438814323,0.2484934731,0.23410532987,0,1,1,0.23410532987,"[{""axis_max"": 1.0, ""axis_min"": 0.0, ""axis_span"": 1.0, ""primary_max"": 0.2484934731, ""primary_min"": 0.01438814323, ""primary_span"": 0.23410532987, ""utilization_ratio"": 0.23410532987}]",,Full-domain companion preserves every qualifying raw monthly value,False,,0,,True,src/moving_average_figures.py,True,New companion reference,,,,,,,intentional full-scale reference
analysis/moving_averages/figures/detox_identity_attack/major_genres.png,moving_average_major_genres,equal-weight 12-month mean,y,linear,0.0005483060072,0.2419892394,0.241440933393,0,0.27,0.27,0.894225679233,"[{""axis_max"": 0.27, ""axis_min"": 0.0, ""axis_span"": 0.27, ""primary_max"": 0.2419892394, ""primary_min"": 0.0005483060072, ""primary_span"": 0.2414409333928, ""utilization_ratio"": 0.8942256792325926}]",,Scale only finite displayed rolling series; exterior legend; readable count panel; 300 dpi,False,,0,Y-axis follows displayed 12-month means; classifier scores range 0–1.,True,src/moving_average_figures.py,False,zero to 1.08 × maximum qualifying raw mean across overall and ALL genres; capped at 1.02; floor 0.005,0.0005483060072,0.2419892394,0,0.411317876124,0.586993533245,,reviewed by family; no unresolved presentation issue
analysis/moving_averages/figures/detox_identity_attack/overall.png,moving_average_overall,equal-weight 12-month mean,y,linear,0.001369418954,0.07784089312,0.076471474166,0,0.084,0.084,0.910374692452,"[{""axis_max"": 0.084, ""axis_min"": 0.0, ""axis_span"": 0.084, ""primary_max"": 0.07784089312, ""primary_min"": 0.001369418954, ""primary_span"": 0.076471474166, ""utilization_ratio"": 0.9103746924523809}]",Primary rolling range uses under 25% of old Y-axis; raw/global/domain scale dominates,Scale only finite displayed rolling series; exterior legend; readable count panel; 300 dpi,True,analysis/moving_averages/figures/detox_identity_attack/overall_full_scale.png,8,Y-axis follows displayed 12-month means; classifier scores range 0–1. Raw monthly context: 8 values outside view.,True,src/moving_average_figures.py,False,zero to 1.08 × maximum qualifying raw mean across overall and ALL genres; capped at 1.02; floor 0.005,0.001369418954,0.07784089312,0,0.411317876124,0.185918187866,,reviewed by family; no unresolved presentation issue
analysis/moving_averages/figures/detox_identity_attack/overall_full_scale.png,moving_average_overall,equal-weight/rank-weighted rolling means; full-domain reference,y,linear,0.001369418954,0.07784089312,0.076471474166,0,1,1,0.076471474166,"[{""axis_max"": 1.0, ""axis_min"": 0.0, ""axis_span"": 1.0, ""primary_max"": 0.07784089312, ""primary_min"": 0.001369418954, ""primary_span"": 0.076471474166, ""utilization_ratio"": 0.076471474166}]",,Full-domain companion preserves every qualifying raw monthly value,False,,0,,True,src/moving_average_figures.py,True,New companion reference,,,,,,,intentional full-scale reference
analysis/moving_averages/figures/detox_identity_attack/pop.png,moving_average_individual_genre,equal-weight 12-month mean; rank-weighted 12-month sensitivity,y,linear,0.0005289997756,0.01426470076,0.0137357009844,0,0.016,0.016,0.858481311525,"[{""axis_max"": 0.016, ""axis_min"": 0.0, ""axis_span"": 0.016, ""primary_max"": 0.01426470076, ""primary_min"": 0.0005289997756, ""primary_span"": 0.0137357009844, ""utilization_ratio"": 0.8584813115250001}]",Primary rolling range uses under 25% of old Y-axis; raw/global/domain scale dominates,Scale only finite displayed rolling series; exterior legend; readable count panel; 300 dpi,True,analysis/moving_averages/figures/detox_identity_attack/pop_full_scale.png,5,Y-axis follows displayed 12-month means; classifier scores range 0–1. Raw monthly context: 5 values outside view.,True,src/moving_average_figures.py,False,zero to 1.08 × maximum qualifying raw mean across overall and ALL genres; capped at 1.02; floor 0.005,0.0005289997756,0.01426470076,0,0.411317876124,0.0333943691284,,reviewed by family; no unresolved presentation issue
analysis/moving_averages/figures/detox_identity_attack/pop_full_scale.png,moving_average_individual_genre,equal-weight/rank-weighted rolling means; full-domain reference,y,linear,0.0005289997756,0.01426470076,0.0137357009844,0,1,1,0.0137357009844,"[{""axis_max"": 1.0, ""axis_min"": 0.0, ""axis_span"": 1.0, ""primary_max"": 0.01426470076, ""primary_min"": 0.0005289997756, ""primary_span"": 0.0137357009844, ""utilization_ratio"": 0.0137357009844}]",,Full-domain companion preserves every qualifying raw monthly value,False,,0,,True,src/moving_average_figures.py,True,New companion reference,,,,,,,intentional full-scale reference
analysis/moving_averages/figures/detox_identity_attack/r_b_soul.png,moving_average_individual_genre,equal-weight 12-month mean; rank-weighted 12-month sensitivity,y,linear,0.00087779062,0.1145318754,0.11365408478,0,0.13,0.13,0.874262190615,"[{""axis_max"": 0.13, ""axis_min"": 0.0, ""axis_span"": 0.13, ""primary_max"": 0.1145318754, ""primary_min"": 0.00087779062, ""primary_span"": 0.11365408478, ""utilization_ratio"": 0.8742621906153846}]",Primary rolling range uses 25–50% of old Y-axis; reviewed against raw/global scale,Scale only finite displayed rolling series; exterior legend; readable count panel; 300 dpi,True,analysis/moving_averages/figures/detox_identity_attack/r_b_soul_full_scale.png,4,Y-axis follows displayed 12-month means; classifier scores range 0–1. Raw monthly context: 4 values outside view.,True,src/moving_average_figures.py,False,zero to 1.08 × maximum qualifying raw mean across overall and ALL genres; capped at 1.02; floor 0.005,0.00087779062,0.1145318754,0,0.411317876124,0.276316910539,,reviewed by family; no unresolved presentation issue
analysis/moving_averages/figures/detox_identity_attack/r_b_soul_full_scale.png,moving_average_individual_genre,equal-weight/rank-weighted rolling means; full-domain reference,y,linear,0.00087779062,0.1145318754,0.11365408478,0,1,1,0.11365408478,"[{""axis_max"": 1.0, ""axis_min"": 0.0, ""axis_span"": 1.0, ""primary_max"": 0.1145318754, ""primary_min"": 0.00087779062, ""primary_span"": 0.11365408478, ""utilization_ratio"": 0.11365408478}]",,Full-domain companion preserves every qualifying raw monthly value,False,,0,,True,src/moving_average_figures.py,True,New companion reference,,,,,,,intentional full-scale reference
analysis/moving_averages/figures/detox_identity_attack/rank_sensitivity.png,moving_average_rank_sensitivity,equal-weight 12-month mean; rank-weighted 12-month sensitivity,y,linear,0.001263643346,0.07784089312,0.076577249774,0,0.084,0.084,0.911633925881,"[{""axis_max"": 0.084, ""axis_min"": 0.0, ""axis_span"": 0.084, ""primary_max"": 0.07784089312, ""primary_min"": 0.001263643346, ""primary_span"": 0.076577249774, ""utilization_ratio"": 0.9116339258809524}]",Primary rolling range uses under 25% of old Y-axis; raw/global/domain scale dominates,Scale only finite displayed rolling series; exterior legend; readable count panel; 300 dpi,False,,0,Y-axis follows displayed 12-month means; classifier scores range 0–1.,True,src/moving_average_figures.py,False,zero to 1.08 × maximum qualifying raw mean across overall and ALL genres; capped at 1.02; floor 0.005,0.001263643346,0.07784089312,0,0.411317876124,0.186175350548,,reviewed by family; no unresolved presentation issue
analysis/moving_averages/figures/detox_identity_attack/rock.png,moving_average_individual_genre,equal-weight 12-month mean; rank-weighted 12-month sensitivity,y,linear,0.0009664080036,0.01047377195,0.0095073639464,0,0.012,0.012,0.792280328867,"[{""axis_max"": 0.012, ""axis_min"": 0.0, ""axis_span"": 0.012, ""primary_max"": 0.01047377195, ""primary_min"": 0.0009664080036, ""primary_span"": 0.0095073639464, ""utilization_ratio"": 0.7922803288666667}]",Primary rolling range uses under 25% of old Y-axis; raw/global/domain scale dominates,Scale only finite displayed rolling series; exterior legend; readable count panel; 300 dpi,True,analysis/moving_averages/figures/detox_identity_attack/rock_full_scale.png,19,Y-axis follows displayed 12-month means; classifier scores range 0–1. Raw monthly context: 19 values outside view.,True,src/moving_average_figures.py,False,zero to 1.08 × maximum qualifying raw mean across overall and ALL genres; capped at 1.02; floor 0.005,0.0009664080036,0.01047377195,0,0.411317876124,0.0231143952118,,reviewed by family; no unresolved presentation issue
analysis/moving_averages/figures/detox_identity_attack/rock_full_scale.png,moving_average_individual_genre,equal-weight/rank-weighted rolling means; full-domain reference,y,linear,0.0009664080036,0.01047377195,0.0095073639464,0,1,1,0.0095073639464,"[{""axis_max"": 1.0, ""axis_min"": 0.0, ""axis_span"": 1.0, ""primary_max"": 0.01047377195, ""primary_min"": 0.0009664080036, ""primary_span"": 0.0095073639464, ""utilization_ratio"": 0.0095073639464}]",,Full-domain companion preserves every qualifying raw monthly value,False,,0,,True,src/moving_average_figures.py,True,New companion reference,,,,,,,intentional full-scale reference
analysis/moving_averages/figures/detox_insult/alternative_indie.png,moving_average_individual_genre,equal-weight 12-month mean; rank-weighted 12-month sensitivity,y,linear,0.005608564722,0.1455652922,0.139956727478,0,0.16,0.16,0.874729546738,"[{""axis_max"": 0.16, ""axis_min"": 0.0, ""axis_span"": 0.16, ""primary_max"": 0.1455652922, ""primary_min"": 0.005608564722, ""primary_span"": 0.139956727478, ""utilization_ratio"": 0.8747295467375}]",Primary rolling range uses under 25% of old Y-axis; raw/global/domain scale dominates,Scale only finite displayed rolling series; exterior legend; readable count panel; 300 dpi,True,analysis/moving_averages/figures/detox_insult/alternative_indie_full_scale.png,6,Y-axis follows displayed 12-month means; classifier scores range 0–1. Raw monthly context: 6 values outside view.,True,src/moving_average_figures.py,False,zero to 1.08 × maximum qualifying raw mean across overall and ALL genres; capped at 1.02; floor 0.005,0.005608564722,0.1455652922,0,0.674875868364,0.207381437148,,reviewed by family; no unresolved presentation issue
analysis/moving_averages/figures/detox_insult/alternative_indie_full_scale.png,moving_average_individual_genre,equal-weight/rank-weighted rolling means; full-domain reference,y,linear,0.005608564722,0.1455652922,0.139956727478,0,1,1,0.139956727478,"[{""axis_max"": 1.0, ""axis_min"": 0.0, ""axis_span"": 1.0, ""primary_max"": 0.1455652922, ""primary_min"": 0.005608564722, ""primary_span"": 0.139956727478, ""utilization_ratio"": 0.139956727478}]",,Full-domain companion preserves every qualifying raw monthly value,False,,0,,True,src/moving_average_figures.py,True,New companion reference,,,,,,,intentional full-scale reference
analysis/moving_averages/figures/detox_insult/country.png,moving_average_individual_genre,equal-weight 12-month mean; rank-weighted 12-month sensitivity,y,linear,0.006213433328,0.05749969021,0.051286256882,0.002,0.062,0.06,0.854770948033,"[{""axis_max"": 0.062, ""axis_min"": 0.002, ""axis_span"": 0.06, ""primary_max"": 0.05749969021, ""primary_min"": 0.006213433328, ""primary_span"": 0.051286256882, ""utilization_ratio"": 0.8547709480333334}]",Primary rolling range uses under 25% of old Y-axis; raw/global/domain scale dominates,Scale only finite displayed rolling series; exterior legend; readable count panel; 300 dpi,True,analysis/moving_averages/figures/detox_insult/country_full_scale.png,90,Y-axis follows displayed 12-month means; classifier scores range 0–1. Raw monthly context: 90 values outside view.,True,src/moving_average_figures.py,False,zero to 1.08 × maximum qualifying raw mean across overall and ALL genres; capped at 1.02; floor 0.005,0.006213433328,0.05749969021,0,0.674875868364,0.0759936149537,,reviewed by family; no unresolved presentation issue
analysis/moving_averages/figures/detox_insult/country_full_scale.png,moving_average_individual_genre,equal-weight/rank-weighted rolling means; full-domain reference,y,linear,0.006213433328,0.05749969021,0.051286256882,0,1,1,0.051286256882,"[{""axis_max"": 1.0, ""axis_min"": 0.0, ""axis_span"": 1.0, ""primary_max"": 0.05749969021, ""primary_min"": 0.006213433328, ""primary_span"": 0.051286256882, ""utilization_ratio"": 0.051286256882}]",,Full-domain companion preserves every qualifying raw monthly value,False,,0,,True,src/moving_average_figures.py,True,New companion reference,,,,,,,intentional full-scale reference
analysis/moving_averages/figures/detox_insult/electronic_dance.png,moving_average_individual_genre,equal-weight 12-month mean; rank-weighted 12-month sensitivity,y,linear,0.002869682275,0.07149439319,0.068624710915,0,0.077,0.077,0.891230011883,"[{""axis_max"": 0.077, ""axis_min"": 0.0, ""axis_span"": 0.077, ""primary_max"": 0.07149439319, ""primary_min"": 0.002869682275, ""primary_span"": 0.06862471091500001, ""utilization_ratio"": 0.891230011883117}]",Primary rolling range uses under 25% of old Y-axis; raw/global/domain scale dominates,Scale only finite displayed rolling series; exterior legend; readable count panel; 300 dpi,True,analysis/moving_averages/figures/detox_insult/electronic_dance_full_scale.png,19,Y-axis follows displayed 12-month means; classifier scores range 0–1. Raw monthly context: 19 values outside view.,True,src/moving_average_figures.py,False,zero to 1.08 × maximum qualifying raw mean across overall and ALL genres; capped at 1.02; floor 0.005,0.002869682275,0.07149439319,0,0.674875868364,0.101684938123,,reviewed by family; no unresolved presentation issue
analysis/moving_averages/figures/detox_insult/electronic_dance_full_scale.png,moving_average_individual_genre,equal-weight/rank-weighted rolling means; full-domain reference,y,linear,0.002869682275,0.07149439319,0.068624710915,0,1,1,0.068624710915,"[{""axis_max"": 1.0, ""axis_min"": 0.0, ""axis_span"": 1.0, ""primary_max"": 0.07149439319, ""primary_min"": 0.002869682275, ""primary_span"": 0.06862471091500001, ""utilization_ratio"": 0.06862471091500001}]",,Full-domain companion preserves every qualifying raw monthly value,False,,0,,True,src/moving_average_figures.py,True,New companion reference,,,,,,,intentional full-scale reference
analysis/moving_averages/figures/detox_insult/hip_hop_rap.png,moving_average_individual_genre,equal-weight 12-month mean; rank-weighted 12-month sensitivity,y,linear,0.06330675226,0.4696137418,0.40630698954,0.03,0.51,0.48,0.846472894875,"[{""axis_max"": 0.51, ""axis_min"": 0.03, ""axis_span"": 0.48, ""primary_max"": 0.4696137418, ""primary_min"": 0.06330675226, ""primary_span"": 0.40630698954, ""utilization_ratio"": 0.846472894875}]",,Scale only finite displayed rolling series; exterior legend; readable count panel; 300 dpi,True,analysis/moving_averages/figures/detox_insult/hip_hop_rap_full_scale.png,7,Y-axis follows displayed 12-month means; classifier scores range 0–1. Raw monthly context: 7 values outside view.,True,src/moving_average_figures.py,False,zero to 1.08 × maximum qualifying raw mean across overall and ALL genres; capped at 1.02; floor 0.005,0.06330675226,0.4696137418,0,0.674875868364,0.602046996472,,reviewed by family; no unresolved presentation issue
analysis/moving_averages/figures/detox_insult/hip_hop_rap_full_scale.png,moving_average_individual_genre,equal-weight/rank-weighted rolling means; full-domain reference,y,linear,0.06330675226,0.4696137418,0.40630698954,0,1,1,0.40630698954,"[{""axis_max"": 1.0, ""axis_min"": 0.0, ""axis_span"": 1.0, ""primary_max"": 0.4696137418, ""primary_min"": 0.06330675226, ""primary_span"": 0.40630698954, ""utilization_ratio"": 0.40630698954}]",,Full-domain companion preserves every qualifying raw monthly value,False,,0,,True,src/moving_average_figures.py,True,New companion reference,,,,,,,intentional full-scale reference
analysis/moving_averages/figures/detox_insult/major_genres.png,moving_average_major_genres,equal-weight 12-month mean,y,linear,0.003396593597,0.4539098908,0.450513297203,0,0.49,0.49,0.919414892251,"[{""axis_max"": 0.49, ""axis_min"": 0.0, ""axis_span"": 0.49, ""primary_max"": 0.4539098908, ""primary_min"": 0.003396593597, ""primary_span"": 0.450513297203, ""utilization_ratio"": 0.9194148922510204}]",,Scale only finite displayed rolling series; exterior legend; readable count panel; 300 dpi,False,,0,Y-axis follows displayed 12-month means; classifier scores range 0–1.,True,src/moving_average_figures.py,False,zero to 1.08 × maximum qualifying raw mean across overall and ALL genres; capped at 1.02; floor 0.005,0.003396593597,0.4539098908,0,0.674875868364,0.667549868534,,reviewed by family; no unresolved presentation issue
analysis/moving_averages/figures/detox_insult/overall.png,moving_average_overall,equal-weight 12-month mean,y,linear,0.01934022474,0.1966647453,0.17732452056,0,0.22,0.22,0.806020548,"[{""axis_max"": 0.22, ""axis_min"": 0.0, ""axis_span"": 0.22, ""primary_max"": 0.1966647453, ""primary_min"": 0.01934022474, ""primary_span"": 0.17732452056, ""utilization_ratio"": 0.806020548}]",Primary rolling range uses 25–50% of old Y-axis; reviewed against raw/global scale,Scale only finite displayed rolling series; exterior legend; readable count panel; 300 dpi,True,analysis/moving_averages/figures/detox_insult/overall_full_scale.png,6,Y-axis follows displayed 12-month means; classifier scores range 0–1. Raw monthly context: 6 values outside view.,True,src/moving_average_figures.py,False,zero to 1.08 × maximum qualifying raw mean across overall and ALL genres; capped at 1.02; floor 0.005,0.01934022474,0.1966647453,0,0.674875868364,0.262751313052,,reviewed by family; no unresolved presentation issue
analysis/moving_averages/figures/detox_insult/overall_full_scale.png,moving_average_overall,equal-weight/rank-weighted rolling means; full-domain reference,y,linear,0.01934022474,0.1966647453,0.17732452056,0,1,1,0.17732452056,"[{""axis_max"": 1.0, ""axis_min"": 0.0, ""axis_span"": 1.0, ""primary_max"": 0.1966647453, ""primary_min"": 0.01934022474, ""primary_span"": 0.17732452056, ""utilization_ratio"": 0.17732452056}]",,Full-domain companion preserves every qualifying raw monthly value,False,,0,,True,src/moving_average_figures.py,True,New companion reference,,,,,,,intentional full-scale reference
analysis/moving_averages/figures/detox_insult/pop.png,moving_average_individual_genre,equal-weight 12-month mean; rank-weighted 12-month sensitivity,y,linear,0.003396593597,0.1351756638,0.131779070203,0,0.15,0.15,0.878527134687,"[{""axis_max"": 0.15, ""axis_min"": 0.0, ""axis_span"": 0.15, ""primary_max"": 0.1351756638, ""primary_min"": 0.003396593597, ""primary_span"": 0.131779070203, ""utilization_ratio"": 0.8785271346866668}]",Primary rolling range uses under 25% of old Y-axis; raw/global/domain scale dominates,Scale only finite displayed rolling series; exterior legend; readable count panel; 300 dpi,True,analysis/moving_averages/figures/detox_insult/pop_full_scale.png,5,Y-axis follows displayed 12-month means; classifier scores range 0–1. Raw monthly context: 5 values outside view.,True,src/moving_average_figures.py,False,zero to 1.08 × maximum qualifying raw mean across overall and ALL genres; capped at 1.02; floor 0.005,0.003396593597,0.1351756638,0,0.674875868364,0.195264160982,,reviewed by family; no unresolved presentation issue
analysis/moving_averages/figures/detox_insult/pop_full_scale.png,moving_average_individual_genre,equal-weight/rank-weighted rolling means; full-domain reference,y,linear,0.003396593597,0.1351756638,0.131779070203,0,1,1,0.131779070203,"[{""axis_max"": 1.0, ""axis_min"": 0.0, ""axis_span"": 1.0, ""primary_max"": 0.1351756638, ""primary_min"": 0.003396593597, ""primary_span"": 0.131779070203, ""utilization_ratio"": 0.131779070203}]",,Full-domain companion preserves every qualifying raw monthly value,False,,0,,True,src/moving_average_figures.py,True,New companion reference,,,,,,,intentional full-scale reference
analysis/moving_averages/figures/detox_insult/r_b_soul.png,moving_average_individual_genre,equal-weight 12-month mean; rank-weighted 12-month sensitivity,y,linear,0.006104623748,0.2538835131,0.247778889352,0,0.28,0.28,0.884924604829,"[{""axis_max"": 0.28, ""axis_min"": 0.0, ""axis_span"": 0.28, ""primary_max"": 0.2538835131, ""primary_min"": 0.006104623748, ""primary_span"": 0.24777888935200001, ""utilization_ratio"": 0.8849246048285714}]",Primary rolling range uses 25–50% of old Y-axis; reviewed against raw/global scale,Scale only finite displayed rolling series; exterior legend; readable count panel; 300 dpi,True,analysis/moving_averages/figures/detox_insult/r_b_soul_full_scale.png,9,Y-axis follows displayed 12-month means; classifier scores range 0–1. Raw monthly context: 9 values outside view.,True,src/moving_average_figures.py,False,zero to 1.08 × maximum qualifying raw mean across overall and ALL genres; capped at 1.02; floor 0.005,0.006104623748,0.2538835131,0,0.674875868364,0.367147354005,,reviewed by family; no unresolved presentation issue
analysis/moving_averages/figures/detox_insult/r_b_soul_full_scale.png,moving_average_individual_genre,equal-weight/rank-weighted rolling means; full-domain reference,y,linear,0.006104623748,0.2538835131,0.247778889352,0,1,1,0.247778889352,"[{""axis_max"": 1.0, ""axis_min"": 0.0, ""axis_span"": 1.0, ""primary_max"": 0.2538835131, ""primary_min"": 0.006104623748, ""primary_span"": 0.24777888935200001, ""utilization_ratio"": 0.24777888935200001}]",,Full-domain companion preserves every qualifying raw monthly value,False,,0,,True,src/moving_average_figures.py,True,New companion reference,,,,,,,intentional full-scale reference
analysis/moving_averages/figures/detox_insult/rank_sensitivity.png,moving_average_rank_sensitivity,equal-weight 12-month mean; rank-weighted 12-month sensitivity,y,linear,0.0161679115,0.197809665,0.1816417535,0,0.22,0.22,0.825644334091,"[{""axis_max"": 0.22, ""axis_min"": 0.0, ""axis_span"": 0.22, ""primary_max"": 0.197809665, ""primary_min"": 0.0161679115, ""primary_span"": 0.1816417535, ""utilization_ratio"": 0.8256443340909091}]",Primary rolling range uses 25–50% of old Y-axis; reviewed against raw/global scale,Scale only finite displayed rolling series; exterior legend; readable count panel; 300 dpi,False,,0,Y-axis follows displayed 12-month means; classifier scores range 0–1.,True,src/moving_average_figures.py,False,zero to 1.08 × maximum qualifying raw mean across overall and ALL genres; capped at 1.02; floor 0.005,0.0161679115,0.197809665,0,0.674875868364,0.269148390119,,reviewed by family; no unresolved presentation issue
analysis/moving_averages/figures/detox_insult/rock.png,moving_average_individual_genre,equal-weight 12-month mean; rank-weighted 12-month sensitivity,y,linear,0.004408917901,0.1394477047,0.135038786799,0,0.16,0.16,0.843992417494,"[{""axis_max"": 0.16, ""axis_min"": 0.0, ""axis_span"": 0.16, ""primary_max"": 0.1394477047, ""primary_min"": 0.004408917901, ""primary_span"": 0.135038786799, ""utilization_ratio"": 0.84399241749375}]",Primary rolling range uses under 25% of old Y-axis; raw/global/domain scale dominates,Scale only finite displayed rolling series; exterior legend; readable count panel; 300 dpi,True,analysis/moving_averages/figures/detox_insult/rock_full_scale.png,5,Y-axis follows displayed 12-month means; classifier scores range 0–1. Raw monthly context: 5 values outside view.,True,src/moving_average_figures.py,False,zero to 1.08 × maximum qualifying raw mean across overall and ALL genres; capped at 1.02; floor 0.005,0.004408917901,0.1394477047,0,0.674875868364,0.200094259003,,reviewed by family; no unresolved presentation issue
analysis/moving_averages/figures/detox_insult/rock_full_scale.png,moving_average_individual_genre,equal-weight/rank-weighted rolling means; full-domain reference,y,linear,0.004408917901,0.1394477047,0.135038786799,0,1,1,0.135038786799,"[{""axis_max"": 1.0, ""axis_min"": 0.0, ""axis_span"": 1.0, ""primary_max"": 0.1394477047, ""primary_min"": 0.004408917901, ""primary_span"": 0.135038786799, ""utilization_ratio"": 0.135038786799}]",,Full-domain companion preserves every qualifying raw monthly value,False,,0,,True,src/moving_average_figures.py,True,New companion reference,,,,,,,intentional full-scale reference
analysis/moving_averages/figures/detox_obscene/alternative_indie.png,moving_average_individual_genre,equal-weight 12-month mean; rank-weighted 12-month sensitivity,y,linear,0.003752687369,0.1385915614,0.134838874031,0,0.15,0.15,0.898925826873,"[{""axis_max"": 0.15, ""axis_min"": 0.0, ""axis_span"": 0.15, ""primary_max"": 0.1385915614, ""primary_min"": 0.003752687369, ""primary_span"": 0.134838874031, ""utilization_ratio"": 0.8989258268733334}]",Primary rolling range uses under 25% of old Y-axis; raw/global/domain scale dominates,Scale only finite displayed rolling series; exterior legend; readable count panel; 300 dpi,True,analysis/moving_averages/figures/detox_obscene/alternative_indie_full_scale.png,21,Y-axis follows displayed 12-month means; classifier scores range 0–1. Raw monthly context: 21 values outside view.,True,src/moving_average_figures.py,False,zero to 1.08 × maximum qualifying raw mean across overall and ALL genres; capped at 1.02; floor 0.005,0.003752687369,0.1385915614,0,0.9094463487,0.148264792336,,reviewed by family; no unresolved presentation issue
analysis/moving_averages/figures/detox_obscene/alternative_indie_full_scale.png,moving_average_individual_genre,equal-weight/rank-weighted rolling means; full-domain reference,y,linear,0.003752687369,0.1385915614,0.134838874031,0,1,1,0.134838874031,"[{""axis_max"": 1.0, ""axis_min"": 0.0, ""axis_span"": 1.0, ""primary_max"": 0.1385915614, ""primary_min"": 0.003752687369, ""primary_span"": 0.134838874031, ""utilization_ratio"": 0.134838874031}]",,Full-domain companion preserves every qualifying raw monthly value,False,,0,,True,src/moving_average_figures.py,True,New companion reference,,,,,,,intentional full-scale reference
analysis/moving_averages/figures/detox_obscene/country.png,moving_average_individual_genre,equal-weight 12-month mean; rank-weighted 12-month sensitivity,y,linear,0.0008422500083,0.1834095547,0.182567304692,0,0.2,0.2,0.912836523459,"[{""axis_max"": 0.2, ""axis_min"": 0.0, ""axis_span"": 0.2, ""primary_max"": 0.1834095547, ""primary_min"": 0.0008422500083, ""primary_span"": 0.18256730469170002, ""utilization_ratio"": 0.9128365234585001}]",Primary rolling range uses under 25% of old Y-axis; raw/global/domain scale dominates,Scale only finite displayed rolling series; exterior legend; readable count panel; 300 dpi,True,analysis/moving_averages/figures/detox_obscene/country_full_scale.png,4,Y-axis follows displayed 12-month means; classifier scores range 0–1. Raw monthly context: 4 values outside view.,True,src/moving_average_figures.py,False,zero to 1.08 × maximum qualifying raw mean across overall and ALL genres; capped at 1.02; floor 0.005,0.0008422500083,0.1834095547,0,0.9094463487,0.20074554695,,reviewed by family; no unresolved presentation issue
analysis/moving_averages/figures/detox_obscene/country_full_scale.png,moving_average_individual_genre,equal-weight/rank-weighted rolling means; full-domain reference,y,linear,0.0008422500083,0.1834095547,0.182567304692,0,1,1,0.182567304692,"[{""axis_max"": 1.0, ""axis_min"": 0.0, ""axis_span"": 1.0, ""primary_max"": 0.1834095547, ""primary_min"": 0.0008422500083, ""primary_span"": 0.18256730469170002, ""utilization_ratio"": 0.18256730469170002}]",,Full-domain companion preserves every qualifying raw monthly value,False,,0,,True,src/moving_average_figures.py,True,New companion reference,,,,,,,intentional full-scale reference
analysis/moving_averages/figures/detox_obscene/electronic_dance.png,moving_average_individual_genre,equal-weight 12-month mean; rank-weighted 12-month sensitivity,y,linear,0.003262972872,0.1787651384,0.175502165528,0,0.2,0.2,0.87751082764,"[{""axis_max"": 0.2, ""axis_min"": 0.0, ""axis_span"": 0.2, ""primary_max"": 0.1787651384, ""primary_min"": 0.003262972872, ""primary_span"": 0.175502165528, ""utilization_ratio"": 0.8775108276399999}]",Primary rolling range uses under 25% of old Y-axis; raw/global/domain scale dominates,Scale only finite displayed rolling series; exterior legend; readable count panel; 300 dpi,True,analysis/moving_averages/figures/detox_obscene/electronic_dance_full_scale.png,11,Y-axis follows displayed 12-month means; classifier scores range 0–1. Raw monthly context: 11 values outside view.,True,src/moving_average_figures.py,False,zero to 1.08 × maximum qualifying raw mean across overall and ALL genres; capped at 1.02; floor 0.005,0.003262972872,0.1787651384,0,0.9094463487,0.192976931271,,reviewed by family; no unresolved presentation issue
analysis/moving_averages/figures/detox_obscene/electronic_dance_full_scale.png,moving_average_individual_genre,equal-weight/rank-weighted rolling means; full-domain reference,y,linear,0.003262972872,0.1787651384,0.175502165528,0,1,1,0.175502165528,"[{""axis_max"": 1.0, ""axis_min"": 0.0, ""axis_span"": 1.0, ""primary_max"": 0.1787651384, ""primary_min"": 0.003262972872, ""primary_span"": 0.175502165528, ""utilization_ratio"": 0.175502165528}]",,Full-domain companion preserves every qualifying raw monthly value,False,,0,,True,src/moving_average_figures.py,True,New companion reference,,,,,,,intentional full-scale reference
analysis/moving_averages/figures/detox_obscene/hip_hop_rap.png,moving_average_individual_genre,equal-weight 12-month mean; rank-weighted 12-month sensitivity,y,linear,0.08147068118,0.7422990849,0.66082840372,0.02,0.8,0.78,0.847215902205,"[{""axis_max"": 0.8, ""axis_min"": 0.02, ""axis_span"": 0.78, ""primary_max"": 0.7422990849, ""primary_min"": 0.08147068118, ""primary_span"": 0.66082840372, ""utilization_ratio"": 0.8472159022051281}]",,Scale only finite displayed rolling series; exterior legend; readable count panel; 300 dpi,True,analysis/moving_averages/figures/detox_obscene/hip_hop_rap_full_scale.png,5,Y-axis follows displayed 12-month means; classifier scores range 0–1. Raw monthly context: 5 values outside view.,True,src/moving_average_figures.py,False,zero to 1.08 × maximum qualifying raw mean across overall and ALL genres; capped at 1.02; floor 0.005,0.08147068118,0.7422990849,0,0.9094463487,0.726627144817,,reviewed by family; no unresolved presentation issue
analysis/moving_averages/figures/detox_obscene/hip_hop_rap_full_scale.png,moving_average_individual_genre,equal-weight/rank-weighted rolling means; full-domain reference,y,linear,0.08147068118,0.7422990849,0.66082840372,0,1,1,0.66082840372,"[{""axis_max"": 1.0, ""axis_min"": 0.0, ""axis_span"": 1.0, ""primary_max"": 0.7422990849, ""primary_min"": 0.08147068118, ""primary_span"": 0.66082840372, ""utilization_ratio"": 0.66082840372}]",,Full-domain companion preserves every qualifying raw monthly value,False,,0,,True,src/moving_average_figures.py,True,New companion reference,,,,,,,intentional full-scale reference
analysis/moving_averages/figures/detox_obscene/major_genres.png,moving_average_major_genres,equal-weight 12-month mean,y,linear,0.001087106139,0.7422990849,0.741211978761,0,0.81,0.81,0.915076516989,"[{""axis_max"": 0.81, ""axis_min"": 0.0, ""axis_span"": 0.81, ""primary_max"": 0.7422990849, ""primary_min"": 0.001087106139, ""primary_span"": 0.741211978761, ""utilization_ratio"": 0.9150765169888888}]",,Scale only finite displayed rolling series; exterior legend; readable count panel; 300 dpi,False,,0,Y-axis follows displayed 12-month means; classifier scores range 0–1.,True,src/moving_average_figures.py,False,zero to 1.08 × maximum qualifying raw mean across overall and ALL genres; capped at 1.02; floor 0.005,0.001087106139,0.7422990849,0,0.9094463487,0.815014519351,,reviewed by family; no unresolved presentation issue
analysis/moving_averages/figures/detox_obscene/overall.png,moving_average_overall,equal-weight 12-month mean,y,linear,0.005174393634,0.3492078827,0.344033489066,0,0.38,0.38,0.905351287016,"[{""axis_max"": 0.38, ""axis_min"": 0.0, ""axis_span"": 0.38, ""primary_max"": 0.3492078827, ""primary_min"": 0.005174393634, ""primary_span"": 0.344033489066, ""utilization_ratio"": 0.9053512870157895}]",Primary rolling range uses 25–50% of old Y-axis; reviewed against raw/global scale,Scale only finite displayed rolling series; exterior legend; readable count panel; 300 dpi,True,analysis/moving_averages/figures/detox_obscene/overall_full_scale.png,8,Y-axis follows displayed 12-month means; classifier scores range 0–1. Raw monthly context: 8 values outside view.,True,src/moving_average_figures.py,False,zero to 1.08 × maximum qualifying raw mean across overall and ALL genres; capped at 1.02; floor 0.005,0.005174393634,0.3492078827,0,0.9094463487,0.378288933215,,reviewed by family; no unresolved presentation issue
analysis/moving_averages/figures/detox_obscene/overall_full_scale.png,moving_average_overall,equal-weight/rank-weighted rolling means; full-domain reference,y,linear,0.005174393634,0.3492078827,0.344033489066,0,1,1,0.344033489066,"[{""axis_max"": 1.0, ""axis_min"": 0.0, ""axis_span"": 1.0, ""primary_max"": 0.3492078827, ""primary_min"": 0.005174393634, ""primary_span"": 0.344033489066, ""utilization_ratio"": 0.344033489066}]",,Full-domain companion preserves every qualifying raw monthly value,False,,0,,True,src/moving_average_figures.py,True,New companion reference,,,,,,,intentional full-scale reference
analysis/moving_averages/figures/detox_obscene/pop.png,moving_average_individual_genre,equal-weight 12-month mean; rank-weighted 12-month sensitivity,y,linear,0.001368600341,0.2448744261,0.243505825759,0,0.27,0.27,0.901873428737,"[{""axis_max"": 0.27, ""axis_min"": 0.0, ""axis_span"": 0.27, ""primary_max"": 0.2448744261, ""primary_min"": 0.001368600341, ""primary_span"": 0.24350582575899998, ""utilization_ratio"": 0.9018734287370369}]",Primary rolling range uses 25–50% of old Y-axis; reviewed against raw/global scale,Scale only finite displayed rolling series; exterior legend; readable count panel; 300 dpi,True,analysis/moving_averages/figures/detox_obscene/pop_full_scale.png,4,Y-axis follows displayed 12-month means; classifier scores range 0–1. Raw monthly context: 4 values outside view.,True,src/moving_average_figures.py,False,zero to 1.08 × maximum qualifying raw mean across overall and ALL genres; capped at 1.02; floor 0.005,0.001368600341,0.2448744261,0,0.9094463487,0.267751721811,,reviewed by family; no unresolved presentation issue
analysis/moving_averages/figures/detox_obscene/pop_full_scale.png,moving_average_individual_genre,equal-weight/rank-weighted rolling means; full-domain reference,y,linear,0.001368600341,0.2448744261,0.243505825759,0,1,1,0.243505825759,"[{""axis_max"": 1.0, ""axis_min"": 0.0, ""axis_span"": 1.0, ""primary_max"": 0.2448744261, ""primary_min"": 0.001368600341, ""primary_span"": 0.24350582575899998, ""utilization_ratio"": 0.24350582575899998}]",,Full-domain companion preserves every qualifying raw monthly value,False,,0,,True,src/moving_average_figures.py,True,New companion reference,,,,,,,intentional full-scale reference
analysis/moving_averages/figures/detox_obscene/r_b_soul.png,moving_average_individual_genre,equal-weight 12-month mean; rank-weighted 12-month sensitivity,y,linear,0.0036518756,0.4613357049,0.4576838293,0,0.5,0.5,0.9153676586,"[{""axis_max"": 0.5, ""axis_min"": 0.0, ""axis_span"": 0.5, ""primary_max"": 0.4613357049, ""primary_min"": 0.0036518756, ""primary_span"": 0.45768382929999996, ""utilization_ratio"": 0.9153676585999999}]",,Scale only finite displayed rolling series; exterior legend; readable count panel; 300 dpi,True,analysis/moving_averages/figures/detox_obscene/r_b_soul_full_scale.png,13,Y-axis follows displayed 12-month means; classifier scores range 0–1. Raw monthly context: 13 values outside view.,True,src/moving_average_figures.py,False,zero to 1.08 × maximum qualifying raw mean across overall and ALL genres; capped at 1.02; floor 0.005,0.0036518756,0.4613357049,0,0.9094463487,0.503255447618,,reviewed by family; no unresolved presentation issue
analysis/moving_averages/figures/detox_obscene/r_b_soul_full_scale.png,moving_average_individual_genre,equal-weight/rank-weighted rolling means; full-domain reference,y,linear,0.0036518756,0.4613357049,0.4576838293,0,1,1,0.4576838293,"[{""axis_max"": 1.0, ""axis_min"": 0.0, ""axis_span"": 1.0, ""primary_max"": 0.4613357049, ""primary_min"": 0.0036518756, ""primary_span"": 0.45768382929999996, ""utilization_ratio"": 0.45768382929999996}]",,Full-domain companion preserves every qualifying raw monthly value,False,,0,,True,src/moving_average_figures.py,True,New companion reference,,,,,,,intentional full-scale reference
analysis/moving_averages/figures/detox_obscene/rank_sensitivity.png,moving_average_rank_sensitivity,equal-weight 12-month mean; rank-weighted 12-month sensitivity,y,linear,0.004658532214,0.3492078827,0.344549350486,0,0.38,0.38,0.906708817068,"[{""axis_max"": 0.38, ""axis_min"": 0.0, ""axis_span"": 0.38, ""primary_max"": 0.3492078827, ""primary_min"": 0.004658532214, ""primary_span"": 0.34454935048600005, ""utilization_ratio"": 0.9067088170684212}]",Primary rolling range uses 25–50% of old Y-axis; reviewed against raw/global scale,Scale only finite displayed rolling series; exterior legend; readable count panel; 300 dpi,False,,0,Y-axis follows displayed 12-month means; classifier scores range 0–1.,True,src/moving_average_figures.py,False,zero to 1.08 × maximum qualifying raw mean across overall and ALL genres; capped at 1.02; floor 0.005,0.004658532214,0.3492078827,0,0.9094463487,0.378856159001,,reviewed by family; no unresolved presentation issue
analysis/moving_averages/figures/detox_obscene/rock.png,moving_average_individual_genre,equal-weight 12-month mean; rank-weighted 12-month sensitivity,y,linear,0.003175834568,0.1916452516,0.188469417032,0,0.21,0.21,0.897473414438,"[{""axis_max"": 0.21, ""axis_min"": 0.0, ""axis_span"": 0.21, ""primary_max"": 0.1916452516, ""primary_min"": 0.003175834568, ""primary_span"": 0.18846941703200001, ""utilization_ratio"": 0.8974734144380954}]",Primary rolling range uses under 25% of old Y-axis; raw/global/domain scale dominates,Scale only finite displayed rolling series; exterior legend; readable count panel; 300 dpi,True,analysis/moving_averages/figures/detox_obscene/rock_full_scale.png,8,Y-axis follows displayed 12-month means; classifier scores range 0–1. Raw monthly context: 8 values outside view.,True,src/moving_average_figures.py,False,zero to 1.08 × maximum qualifying raw mean across overall and ALL genres; capped at 1.02; floor 0.005,0.003175834568,0.1916452516,0,0.9094463487,0.207235333125,,reviewed by family; no unresolved presentation issue
analysis/moving_averages/figures/detox_obscene/rock_full_scale.png,moving_average_individual_genre,equal-weight/rank-weighted rolling means; full-domain reference,y,linear,0.003175834568,0.1916452516,0.188469417032,0,1,1,0.188469417032,"[{""axis_max"": 1.0, ""axis_min"": 0.0, ""axis_span"": 1.0, ""primary_max"": 0.1916452516, ""primary_min"": 0.003175834568, ""primary_span"": 0.18846941703200001, ""utilization_ratio"": 0.18846941703200001}]",,Full-domain companion preserves every qualifying raw monthly value,False,,0,,True,src/moving_average_figures.py,True,New companion reference,,,,,,,intentional full-scale reference
analysis/moving_averages/figures/detox_severe_toxicity/alternative_indie.png,moving_average_individual_genre,equal-weight 12-month mean; rank-weighted 12-month sensitivity,y,linear,2.673684909e-05,0.009741005363,0.00971426851391,0,0.011,0.011,0.883115319446,"[{""axis_max"": 0.011, ""axis_min"": 0.0, ""axis_span"": 0.011, ""primary_max"": 0.009741005363, ""primary_min"": 2.673684909e-05, ""primary_span"": 0.00971426851391, ""utilization_ratio"": 0.8831153194463637}]",Primary rolling range uses under 25% of old Y-axis; raw/global/domain scale dominates,Scale only finite displayed rolling series; exterior legend; readable count panel; 300 dpi,True,analysis/moving_averages/figures/detox_severe_toxicity/alternative_indie_full_scale.png,7,Y-axis follows displayed 12-month means; classifier scores range 0–1. Raw monthly context: 7 values outside view.,True,src/moving_average_figures.py,False,zero to 1.08 × maximum qualifying raw mean across overall and ALL genres; capped at 1.02; floor 0.005,2.673684909e-05,0.009741005363,0,0.171985063536,0.0564832103102,,reviewed by family; no unresolved presentation issue
analysis/moving_averages/figures/detox_severe_toxicity/alternative_indie_full_scale.png,moving_average_individual_genre,equal-weight/rank-weighted rolling means; full-domain reference,y,linear,2.673684909e-05,0.009741005363,0.00971426851391,0,1,1,0.00971426851391,"[{""axis_max"": 1.0, ""axis_min"": 0.0, ""axis_span"": 1.0, ""primary_max"": 0.009741005363, ""primary_min"": 2.673684909e-05, ""primary_span"": 0.00971426851391, ""utilization_ratio"": 0.00971426851391}]",,Full-domain companion preserves every qualifying raw monthly value,False,,0,,True,src/moving_average_figures.py,True,New companion reference,,,,,,,intentional full-scale reference
analysis/moving_averages/figures/detox_severe_toxicity/country.png,moving_average_individual_genre,equal-weight 12-month mean; rank-weighted 12-month sensitivity,y,linear,2.183606131e-05,0.0006212273228,0.00059939126149,0,0.00067,0.00067,0.894613823119,"[{""axis_max"": 0.00067, ""axis_min"": 0.0, ""axis_span"": 0.00067, ""primary_max"": 0.0006212273228, ""primary_min"": 2.183606131e-05, ""primary_span"": 0.00059939126149, ""utilization_ratio"": 0.894613823119403}]",Primary rolling range uses under 25% of old Y-axis; raw/global/domain scale dominates,Scale only finite displayed rolling series; exterior legend; readable count panel; 300 dpi,True,analysis/moving_averages/figures/detox_severe_toxicity/country_full_scale.png,12,Y-axis follows displayed 12-month means; classifier scores range 0–1. Raw monthly context: 12 values outside view.,True,src/moving_average_figures.py,False,zero to 1.08 × maximum qualifying raw mean across overall and ALL genres; capped at 1.02; floor 0.005,2.183606131e-05,0.0006212273228,0,0.171985063536,0.00348513556449,,reviewed by family; no unresolved presentation issue
analysis/moving_averages/figures/detox_severe_toxicity/country_full_scale.png,moving_average_individual_genre,equal-weight/rank-weighted rolling means; full-domain reference,y,linear,2.183606131e-05,0.0006212273228,0.00059939126149,0,1,1,0.00059939126149,"[{""axis_max"": 1.0, ""axis_min"": 0.0, ""axis_span"": 1.0, ""primary_max"": 0.0006212273228, ""primary_min"": 2.183606131e-05, ""primary_span"": 0.00059939126149, ""utilization_ratio"": 0.00059939126149}]",,Full-domain companion preserves every qualifying raw monthly value,False,,0,,True,src/moving_average_figures.py,True,New companion reference,,,,,,,intentional full-scale reference
analysis/moving_averages/figures/detox_severe_toxicity/electronic_dance.png,moving_average_individual_genre,equal-weight 12-month mean; rank-weighted 12-month sensitivity,y,linear,5.915500418e-05,0.005392979634,0.00533382462982,0,0.0059,0.0059,0.904038072851,"[{""axis_max"": 0.0059, ""axis_min"": 0.0, ""axis_span"": 0.0059, ""primary_max"": 0.005392979634, ""primary_min"": 5.915500418e-05, ""primary_span"": 0.00533382462982, ""utilization_ratio"": 0.9040380728508475}]",Primary rolling range uses under 25% of old Y-axis; raw/global/domain scale dominates,Scale only finite displayed rolling series; exterior legend; readable count panel; 300 dpi,True,analysis/moving_averages/figures/detox_severe_toxicity/electronic_dance_full_scale.png,17,Y-axis follows displayed 12-month means; classifier scores range 0–1. Raw monthly context: 17 values outside view.,True,src/moving_average_figures.py,False,zero to 1.08 × maximum qualifying raw mean across overall and ALL genres; capped at 1.02; floor 0.005,5.915500418e-05,0.005392979634,0,0.171985063536,0.0310133015051,,reviewed by family; no unresolved presentation issue
analysis/moving_averages/figures/detox_severe_toxicity/electronic_dance_full_scale.png,moving_average_individual_genre,equal-weight/rank-weighted rolling means; full-domain reference,y,linear,5.915500418e-05,0.005392979634,0.00533382462982,0,1,1,0.00533382462982,"[{""axis_max"": 1.0, ""axis_min"": 0.0, ""axis_span"": 1.0, ""primary_max"": 0.005392979634, ""primary_min"": 5.915500418e-05, ""primary_span"": 0.00533382462982, ""utilization_ratio"": 0.00533382462982}]",,Full-domain companion preserves every qualifying raw monthly value,False,,0,,True,src/moving_average_figures.py,True,New companion reference,,,,,,,intentional full-scale reference
analysis/moving_averages/figures/detox_severe_toxicity/hip_hop_rap.png,moving_average_individual_genre,equal-weight 12-month mean; rank-weighted 12-month sensitivity,y,linear,0.003342833189,0.09115948556,0.087816652371,0,0.099,0.099,0.887036892636,"[{""axis_max"": 0.099, ""axis_min"": 0.0, ""axis_span"": 0.099, ""primary_max"": 0.09115948556, ""primary_min"": 0.003342833189, ""primary_span"": 0.087816652371, ""utilization_ratio"": 0.8870368926363636}]",,Scale only finite displayed rolling series; exterior legend; readable count panel; 300 dpi,True,analysis/moving_averages/figures/detox_severe_toxicity/hip_hop_rap_full_scale.png,12,Y-axis follows displayed 12-month means; classifier scores range 0–1. Raw monthly context: 12 values outside view.,True,src/moving_average_figures.py,False,zero to 1.08 × maximum qualifying raw mean across overall and ALL genres; capped at 1.02; floor 0.005,0.003342833189,0.09115948556,0,0.171985063536,0.510606273391,,reviewed by family; no unresolved presentation issue
analysis/moving_averages/figures/detox_severe_toxicity/hip_hop_rap_full_scale.png,moving_average_individual_genre,equal-weight/rank-weighted rolling means; full-domain reference,y,linear,0.003342833189,0.09115948556,0.087816652371,0,1,1,0.087816652371,"[{""axis_max"": 1.0, ""axis_min"": 0.0, ""axis_span"": 1.0, ""primary_max"": 0.09115948556, ""primary_min"": 0.003342833189, ""primary_span"": 0.087816652371, ""utilization_ratio"": 0.087816652371}]",,Full-domain companion preserves every qualifying raw monthly value,False,,0,,True,src/moving_average_figures.py,True,New companion reference,,,,,,,intentional full-scale reference
analysis/moving_averages/figures/detox_severe_toxicity/major_genres.png,moving_average_major_genres,equal-weight 12-month mean,y,linear,2.379149851e-05,0.08798417989,0.0879603883915,0,0.096,0.096,0.916254045745,"[{""axis_max"": 0.096, ""axis_min"": 0.0, ""axis_span"": 0.096, ""primary_max"": 0.08798417989, ""primary_min"": 2.379149851e-05, ""primary_span"": 0.08796038839149, ""utilization_ratio"": 0.9162540457446874}]",,Scale only finite displayed rolling series; exterior legend; readable count panel; 300 dpi,False,,0,Y-axis follows displayed 12-month means; classifier scores range 0–1.,True,src/moving_average_figures.py,False,zero to 1.08 × maximum qualifying raw mean across overall and ALL genres; capped at 1.02; floor 0.005,2.379149851e-05,0.08798417989,0,0.171985063536,0.511442020505,,reviewed by family; no unresolved presentation issue
analysis/moving_averages/figures/detox_severe_toxicity/overall.png,moving_average_overall,equal-weight 12-month mean,y,linear,4.629649271e-05,0.02754381712,0.0274975206273,0,0.03,0.03,0.91658402091,"[{""axis_max"": 0.03, ""axis_min"": 0.0, ""axis_span"": 0.03, ""primary_max"": 0.02754381712, ""primary_min"": 4.629649271e-05, ""primary_span"": 0.027497520627290002, ""utilization_ratio"": 0.9165840209096667}]",Primary rolling range uses under 25% of old Y-axis; raw/global/domain scale dominates,Scale only finite displayed rolling series; exterior legend; readable count panel; 300 dpi,True,analysis/moving_averages/figures/detox_severe_toxicity/overall_full_scale.png,9,Y-axis follows displayed 12-month means; classifier scores range 0–1. Raw monthly context: 9 values outside view.,True,src/moving_average_figures.py,False,zero to 1.08 × maximum qualifying raw mean across overall and ALL genres; capped at 1.02; floor 0.005,4.629649271e-05,0.02754381712,0,0.171985063536,0.159883190214,,reviewed by family; no unresolved presentation issue
analysis/moving_averages/figures/detox_severe_toxicity/overall_full_scale.png,moving_average_overall,equal-weight/rank-weighted rolling means; full-domain reference,y,linear,4.629649271e-05,0.02754381712,0.0274975206273,0,1,1,0.0274975206273,"[{""axis_max"": 1.0, ""axis_min"": 0.0, ""axis_span"": 1.0, ""primary_max"": 0.02754381712, ""primary_min"": 4.629649271e-05, ""primary_span"": 0.027497520627290002, ""utilization_ratio"": 0.027497520627290002}]",,Full-domain companion preserves every qualifying raw monthly value,False,,0,,True,src/moving_average_figures.py,True,New companion reference,,,,,,,intentional full-scale reference
analysis/moving_averages/figures/detox_severe_toxicity/pop.png,moving_average_individual_genre,equal-weight 12-month mean; rank-weighted 12-month sensitivity,y,linear,2.139900983e-05,0.009627355452,0.00960595644217,0,0.011,0.011,0.87326876747,"[{""axis_max"": 0.011, ""axis_min"": 0.0, ""axis_span"": 0.011, ""primary_max"": 0.009627355452, ""primary_min"": 2.139900983e-05, ""primary_span"": 0.00960595644217, ""utilization_ratio"": 0.8732687674700002}]",Primary rolling range uses under 25% of old Y-axis; raw/global/domain scale dominates,Scale only finite displayed rolling series; exterior legend; readable count panel; 300 dpi,True,analysis/moving_averages/figures/detox_severe_toxicity/pop_full_scale.png,5,Y-axis follows displayed 12-month means; classifier scores range 0–1. Raw monthly context: 5 values outside view.,True,src/moving_average_figures.py,False,zero to 1.08 × maximum qualifying raw mean across overall and ALL genres; capped at 1.02; floor 0.005,2.139900983e-05,0.009627355452,0,0.171985063536,0.0558534342731,,reviewed by family; no unresolved presentation issue
analysis/moving_averages/figures/detox_severe_toxicity/pop_full_scale.png,moving_average_individual_genre,equal-weight/rank-weighted rolling means; full-domain reference,y,linear,2.139900983e-05,0.009627355452,0.00960595644217,0,1,1,0.00960595644217,"[{""axis_max"": 1.0, ""axis_min"": 0.0, ""axis_span"": 1.0, ""primary_max"": 0.009627355452, ""primary_min"": 2.139900983e-05, ""primary_span"": 0.00960595644217, ""utilization_ratio"": 0.00960595644217}]",,Full-domain companion preserves every qualifying raw monthly value,False,,0,,True,src/moving_average_figures.py,True,New companion reference,,,,,,,intentional full-scale reference
analysis/moving_averages/figures/detox_severe_toxicity/r_b_soul.png,moving_average_individual_genre,equal-weight 12-month mean; rank-weighted 12-month sensitivity,y,linear,4.160931914e-05,0.04264658574,0.0426049764209,0,0.047,0.047,0.906488860018,"[{""axis_max"": 0.047, ""axis_min"": 0.0, ""axis_span"": 0.047, ""primary_max"": 0.04264658574, ""primary_min"": 4.160931914e-05, ""primary_span"": 0.04260497642086, ""utilization_ratio"": 0.9064888600182979}]",Primary rolling range uses under 25% of old Y-axis; raw/global/domain scale dominates,Scale only finite displayed rolling series; exterior legend; readable count panel; 300 dpi,True,analysis/moving_averages/figures/detox_severe_toxicity/r_b_soul_full_scale.png,6,Y-axis follows displayed 12-month means; classifier scores range 0–1. Raw monthly context: 6 values outside view.,True,src/moving_average_figures.py,False,zero to 1.08 × maximum qualifying raw mean across overall and ALL genres; capped at 1.02; floor 0.005,4.160931914e-05,0.04264658574,0,0.171985063536,0.247724863688,,reviewed by family; no unresolved presentation issue
analysis/moving_averages/figures/detox_severe_toxicity/r_b_soul_full_scale.png,moving_average_individual_genre,equal-weight/rank-weighted rolling means; full-domain reference,y,linear,4.160931914e-05,0.04264658574,0.0426049764209,0,1,1,0.0426049764209,"[{""axis_max"": 1.0, ""axis_min"": 0.0, ""axis_span"": 1.0, ""primary_max"": 0.04264658574, ""primary_min"": 4.160931914e-05, ""primary_span"": 0.04260497642086, ""utilization_ratio"": 0.04260497642086}]",,Full-domain companion preserves every qualifying raw monthly value,False,,0,,True,src/moving_average_figures.py,True,New companion reference,,,,,,,intentional full-scale reference
analysis/moving_averages/figures/detox_severe_toxicity/rank_sensitivity.png,moving_average_rank_sensitivity,equal-weight 12-month mean; rank-weighted 12-month sensitivity,y,linear,4.072228156e-05,0.02761490618,0.0275741838984,0,0.03,0.03,0.919139463281,"[{""axis_max"": 0.03, ""axis_min"": 0.0, ""axis_span"": 0.03, ""primary_max"": 0.02761490618, ""primary_min"": 4.072228156e-05, ""primary_span"": 0.027574183898439998, ""utilization_ratio"": 0.9191394632813333}]",Primary rolling range uses under 25% of old Y-axis; raw/global/domain scale dominates,Scale only finite displayed rolling series; exterior legend; readable count panel; 300 dpi,False,,0,Y-axis follows displayed 12-month means; classifier scores range 0–1.,True,src/moving_average_figures.py,False,zero to 1.08 × maximum qualifying raw mean across overall and ALL genres; capped at 1.02; floor 0.005,4.072228156e-05,0.02761490618,0,0.171985063536,0.160328945616,,reviewed by family; no unresolved presentation issue
analysis/moving_averages/figures/detox_severe_toxicity/rock.png,moving_average_individual_genre,equal-weight 12-month mean; rank-weighted 12-month sensitivity,y,linear,3.781629674e-05,0.01492679993,0.0148889836333,0,0.017,0.017,0.875822566662,"[{""axis_max"": 0.017, ""axis_min"": 0.0, ""axis_span"": 0.017, ""primary_max"": 0.01492679993, ""primary_min"": 3.781629674e-05, ""primary_span"": 0.01488898363326, ""utilization_ratio"": 0.8758225666623528}]",Primary rolling range uses under 25% of old Y-axis; raw/global/domain scale dominates,Scale only finite displayed rolling series; exterior legend; readable count panel; 300 dpi,True,analysis/moving_averages/figures/detox_severe_toxicity/rock_full_scale.png,6,Y-axis follows displayed 12-month means; classifier scores range 0–1. Raw monthly context: 6 values outside view.,True,src/moving_average_figures.py,False,zero to 1.08 × maximum qualifying raw mean across overall and ALL genres; capped at 1.02; floor 0.005,3.781629674e-05,0.01492679993,0,0.171985063536,0.0865713761832,,reviewed by family; no unresolved presentation issue
analysis/moving_averages/figures/detox_severe_toxicity/rock_full_scale.png,moving_average_individual_genre,equal-weight/rank-weighted rolling means; full-domain reference,y,linear,3.781629674e-05,0.01492679993,0.0148889836333,0,1,1,0.0148889836333,"[{""axis_max"": 1.0, ""axis_min"": 0.0, ""axis_span"": 1.0, ""primary_max"": 0.01492679993, ""primary_min"": 3.781629674e-05, ""primary_span"": 0.01488898363326, ""utilization_ratio"": 0.01488898363326}]",,Full-domain companion preserves every qualifying raw monthly value,False,,0,,True,src/moving_average_figures.py,True,New companion reference,,,,,,,intentional full-scale reference
analysis/moving_averages/figures/detox_sexual_explicit/alternative_indie.png,moving_average_individual_genre,equal-weight 12-month mean; rank-weighted 12-month sensitivity,y,linear,0.0008894451286,0.09088070017,0.0899912550414,0,0.099,0.099,0.909002576176,"[{""axis_max"": 0.099, ""axis_min"": 0.0, ""axis_span"": 0.099, ""primary_max"": 0.09088070017, ""primary_min"": 0.0008894451286, ""primary_span"": 0.0899912550414, ""utilization_ratio"": 0.9090025761757575}]",Primary rolling range uses 25–50% of old Y-axis; reviewed against raw/global scale,Scale only finite displayed rolling series; exterior legend; readable count panel; 300 dpi,True,analysis/moving_averages/figures/detox_sexual_explicit/alternative_indie_full_scale.png,15,Y-axis follows displayed 12-month means; classifier scores range 0–1. Raw monthly context: 15 values outside view.,True,src/moving_average_figures.py,False,zero to 1.08 × maximum qualifying raw mean across overall and ALL genres; capped at 1.02; floor 0.005,0.0008894451286,0.09088070017,0,0.358797921732,0.250813200386,,reviewed by family; no unresolved presentation issue
analysis/moving_averages/figures/detox_sexual_explicit/alternative_indie_full_scale.png,moving_average_individual_genre,equal-weight/rank-weighted rolling means; full-domain reference,y,linear,0.0008894451286,0.09088070017,0.0899912550414,0,1,1,0.0899912550414,"[{""axis_max"": 1.0, ""axis_min"": 0.0, ""axis_span"": 1.0, ""primary_max"": 0.09088070017, ""primary_min"": 0.0008894451286, ""primary_span"": 0.0899912550414, ""utilization_ratio"": 0.0899912550414}]",,Full-domain companion preserves every qualifying raw monthly value,False,,0,,True,src/moving_average_figures.py,True,New companion reference,,,,,,,intentional full-scale reference
analysis/moving_averages/figures/detox_sexual_explicit/country.png,moving_average_individual_genre,equal-weight 12-month mean; rank-weighted 12-month sensitivity,y,linear,0.0005448026851,0.02624713288,0.0257023301949,0,0.029,0.029,0.8862872481,"[{""axis_max"": 0.029, ""axis_min"": 0.0, ""axis_span"": 0.029, ""primary_max"": 0.02624713288, ""primary_min"": 0.0005448026851, ""primary_span"": 0.025702330194899998, ""utilization_ratio"": 0.8862872480999999}]",Primary rolling range uses under 25% of old Y-axis; raw/global/domain scale dominates,Scale only finite displayed rolling series; exterior legend; readable count panel; 300 dpi,True,analysis/moving_averages/figures/detox_sexual_explicit/country_full_scale.png,12,Y-axis follows displayed 12-month means; classifier scores range 0–1. Raw monthly context: 12 values outside view.,True,src/moving_average_figures.py,False,zero to 1.08 × maximum qualifying raw mean across overall and ALL genres; capped at 1.02; floor 0.005,0.0005448026851,0.02624713288,0,0.358797921732,0.0716345570533,,reviewed by family; no unresolved presentation issue
analysis/moving_averages/figures/detox_sexual_explicit/country_full_scale.png,moving_average_individual_genre,equal-weight/rank-weighted rolling means; full-domain reference,y,linear,0.0005448026851,0.02624713288,0.0257023301949,0,1,1,0.0257023301949,"[{""axis_max"": 1.0, ""axis_min"": 0.0, ""axis_span"": 1.0, ""primary_max"": 0.02624713288, ""primary_min"": 0.0005448026851, ""primary_span"": 0.025702330194899998, ""utilization_ratio"": 0.025702330194899998}]",,Full-domain companion preserves every qualifying raw monthly value,False,,0,,True,src/moving_average_figures.py,True,New companion reference,,,,,,,intentional full-scale reference
analysis/moving_averages/figures/detox_sexual_explicit/electronic_dance.png,moving_average_individual_genre,equal-weight 12-month mean; rank-weighted 12-month sensitivity,y,linear,0.00161161116,0.08505158326,0.0834399721,0,0.092,0.092,0.906956218478,"[{""axis_max"": 0.092, ""axis_min"": 0.0, ""axis_span"": 0.092, ""primary_max"": 0.08505158326, ""primary_min"": 0.00161161116, ""primary_span"": 0.0834399721, ""utilization_ratio"": 0.9069562184782608}]",Primary rolling range uses under 25% of old Y-axis; raw/global/domain scale dominates,Scale only finite displayed rolling series; exterior legend; readable count panel; 300 dpi,True,analysis/moving_averages/figures/detox_sexual_explicit/electronic_dance_full_scale.png,23,Y-axis follows displayed 12-month means; classifier scores range 0–1. Raw monthly context: 23 values outside view.,True,src/moving_average_figures.py,False,zero to 1.08 × maximum qualifying raw mean across overall and ALL genres; capped at 1.02; floor 0.005,0.00161161116,0.08505158326,0,0.358797921732,0.232554223551,,reviewed by family; no unresolved presentation issue
analysis/moving_averages/figures/detox_sexual_explicit/electronic_dance_full_scale.png,moving_average_individual_genre,equal-weight/rank-weighted rolling means; full-domain reference,y,linear,0.00161161116,0.08505158326,0.0834399721,0,1,1,0.0834399721,"[{""axis_max"": 1.0, ""axis_min"": 0.0, ""axis_span"": 1.0, ""primary_max"": 0.08505158326, ""primary_min"": 0.00161161116, ""primary_span"": 0.0834399721, ""utilization_ratio"": 0.0834399721}]",,Full-domain companion preserves every qualifying raw monthly value,False,,0,,True,src/moving_average_figures.py,True,New companion reference,,,,,,,intentional full-scale reference
analysis/moving_averages/figures/detox_sexual_explicit/hip_hop_rap.png,moving_average_individual_genre,equal-weight 12-month mean; rank-weighted 12-month sensitivity,y,linear,0.03662518036,0.1874917691,0.15086658874,0.02,0.2,0.18,0.838147715222,"[{""axis_max"": 0.2, ""axis_min"": 0.02, ""axis_span"": 0.18000000000000002, ""primary_max"": 0.1874917691, ""primary_min"": 0.03662518036, ""primary_span"": 0.15086658874, ""utilization_ratio"": 0.8381477152222221}]",Primary rolling range uses 25–50% of old Y-axis; reviewed against raw/global scale,Scale only finite displayed rolling series; exterior legend; readable count panel; 300 dpi,True,analysis/moving_averages/figures/detox_sexual_explicit/hip_hop_rap_full_scale.png,24,Y-axis follows displayed 12-month means; classifier scores range 0–1. Raw monthly context: 24 values outside view.,True,src/moving_average_figures.py,False,zero to 1.08 × maximum qualifying raw mean across overall and ALL genres; capped at 1.02; floor 0.005,0.03662518036,0.1874917691,0,0.358797921732,0.420477877942,,reviewed by family; no unresolved presentation issue
analysis/moving_averages/figures/detox_sexual_explicit/hip_hop_rap_full_scale.png,moving_average_individual_genre,equal-weight/rank-weighted rolling means; full-domain reference,y,linear,0.03662518036,0.1874917691,0.15086658874,0,1,1,0.15086658874,"[{""axis_max"": 1.0, ""axis_min"": 0.0, ""axis_span"": 1.0, ""primary_max"": 0.1874917691, ""primary_min"": 0.03662518036, ""primary_span"": 0.15086658874, ""utilization_ratio"": 0.15086658874}]",,Full-domain companion preserves every qualifying raw monthly value,False,,0,,True,src/moving_average_figures.py,True,New companion reference,,,,,,,intentional full-scale reference
analysis/moving_averages/figures/detox_sexual_explicit/major_genres.png,moving_average_major_genres,equal-weight 12-month mean,y,linear,0.0005778443528,0.1785680855,0.177990241147,0,0.2,0.2,0.889951205736,"[{""axis_max"": 0.2, ""axis_min"": 0.0, ""axis_span"": 0.2, ""primary_max"": 0.1785680855, ""primary_min"": 0.0005778443528, ""primary_span"": 0.1779902411472, ""utilization_ratio"": 0.889951205736}]",Primary rolling range uses 25–50% of old Y-axis; reviewed against raw/global scale,Scale only finite displayed rolling series; exterior legend; readable count panel; 300 dpi,False,,0,Y-axis follows displayed 12-month means; classifier scores range 0–1.,True,src/moving_average_figures.py,False,zero to 1.08 × maximum qualifying raw mean across overall and ALL genres; capped at 1.02; floor 0.005,0.0005778443528,0.1785680855,0,0.358797921732,0.496073779603,,reviewed by family; no unresolved presentation issue
analysis/moving_averages/figures/detox_sexual_explicit/overall.png,moving_average_overall,equal-weight 12-month mean,y,linear,0.002315356484,0.0662454644,0.063930107916,0,0.072,0.072,0.8879181655,"[{""axis_max"": 0.07200000000000001, ""axis_min"": 0.0, ""axis_span"": 0.07200000000000001, ""primary_max"": 0.0662454644, ""primary_min"": 0.002315356484, ""primary_span"": 0.063930107916, ""utilization_ratio"": 0.8879181654999999}]",Primary rolling range uses under 25% of old Y-axis; raw/global/domain scale dominates,Scale only finite displayed rolling series; exterior legend; readable count panel; 300 dpi,True,analysis/moving_averages/figures/detox_sexual_explicit/overall_full_scale.png,12,Y-axis follows displayed 12-month means; classifier scores range 0–1. Raw monthly context: 12 values outside view.,True,src/moving_average_figures.py,False,zero to 1.08 × maximum qualifying raw mean across overall and ALL genres; capped at 1.02; floor 0.005,0.002315356484,0.0662454644,0,0.358797921732,0.178178590354,,reviewed by family; no unresolved presentation issue
analysis/moving_averages/figures/detox_sexual_explicit/overall_full_scale.png,moving_average_overall,equal-weight/rank-weighted rolling means; full-domain reference,y,linear,0.002315356484,0.0662454644,0.063930107916,0,1,1,0.063930107916,"[{""axis_max"": 1.0, ""axis_min"": 0.0, ""axis_span"": 1.0, ""primary_max"": 0.0662454644, ""primary_min"": 0.002315356484, ""primary_span"": 0.063930107916, ""utilization_ratio"": 0.063930107916}]",,Full-domain companion preserves every qualifying raw monthly value,False,,0,,True,src/moving_average_figures.py,True,New companion reference,,,,,,,intentional full-scale reference
analysis/moving_averages/figures/detox_sexual_explicit/pop.png,moving_average_individual_genre,equal-weight 12-month mean; rank-weighted 12-month sensitivity,y,linear,0.0007580402177,0.06000976119,0.0592517209723,0,0.065,0.065,0.911564938035,"[{""axis_max"": 0.065, ""axis_min"": 0.0, ""axis_span"": 0.065, ""primary_max"": 0.06000976119, ""primary_min"": 0.0007580402177, ""primary_span"": 0.0592517209723, ""utilization_ratio"": 0.9115649380353845}]",Primary rolling range uses under 25% of old Y-axis; raw/global/domain scale dominates,Scale only finite displayed rolling series; exterior legend; readable count panel; 300 dpi,True,analysis/moving_averages/figures/detox_sexual_explicit/pop_full_scale.png,7,Y-axis follows displayed 12-month means; classifier scores range 0–1. Raw monthly context: 7 values outside view.,True,src/moving_average_figures.py,False,zero to 1.08 × maximum qualifying raw mean across overall and ALL genres; capped at 1.02; floor 0.005,0.0007580402177,0.06000976119,0,0.358797921732,0.165139532265,,reviewed by family; no unresolved presentation issue
analysis/moving_averages/figures/detox_sexual_explicit/pop_full_scale.png,moving_average_individual_genre,equal-weight/rank-weighted rolling means; full-domain reference,y,linear,0.0007580402177,0.06000976119,0.0592517209723,0,1,1,0.0592517209723,"[{""axis_max"": 1.0, ""axis_min"": 0.0, ""axis_span"": 1.0, ""primary_max"": 0.06000976119, ""primary_min"": 0.0007580402177, ""primary_span"": 0.0592517209723, ""utilization_ratio"": 0.0592517209723}]",,Full-domain companion preserves every qualifying raw monthly value,False,,0,,True,src/moving_average_figures.py,True,New companion reference,,,,,,,intentional full-scale reference
analysis/moving_averages/figures/detox_sexual_explicit/r_b_soul.png,moving_average_individual_genre,equal-weight 12-month mean; rank-weighted 12-month sensitivity,y,linear,0.001497957138,0.1502300355,0.148732078362,0,0.17,0.17,0.8748945786,"[{""axis_max"": 0.17, ""axis_min"": 0.0, ""axis_span"": 0.17, ""primary_max"": 0.1502300355, ""primary_min"": 0.001497957138, ""primary_span"": 0.148732078362, ""utilization_ratio"": 0.8748945786}]",Primary rolling range uses 25–50% of old Y-axis; reviewed against raw/global scale,Scale only finite displayed rolling series; exterior legend; readable count panel; 300 dpi,True,analysis/moving_averages/figures/detox_sexual_explicit/r_b_soul_full_scale.png,10,Y-axis follows displayed 12-month means; classifier scores range 0–1. Raw monthly context: 10 values outside view.,True,src/moving_average_figures.py,False,zero to 1.08 × maximum qualifying raw mean across overall and ALL genres; capped at 1.02; floor 0.005,0.001497957138,0.1502300355,0,0.358797921732,0.414528817904,,reviewed by family; no unresolved presentation issue
analysis/moving_averages/figures/detox_sexual_explicit/r_b_soul_full_scale.png,moving_average_individual_genre,equal-weight/rank-weighted rolling means; full-domain reference,y,linear,0.001497957138,0.1502300355,0.148732078362,0,1,1,0.148732078362,"[{""axis_max"": 1.0, ""axis_min"": 0.0, ""axis_span"": 1.0, ""primary_max"": 0.1502300355, ""primary_min"": 0.001497957138, ""primary_span"": 0.148732078362, ""utilization_ratio"": 0.148732078362}]",,Full-domain companion preserves every qualifying raw monthly value,False,,0,,True,src/moving_average_figures.py,True,New companion reference,,,,,,,intentional full-scale reference
analysis/moving_averages/figures/detox_sexual_explicit/rank_sensitivity.png,moving_average_rank_sensitivity,equal-weight 12-month mean; rank-weighted 12-month sensitivity,y,linear,0.002125611674,0.06858036224,0.066454750566,0,0.074,0.074,0.898037169811,"[{""axis_max"": 0.074, ""axis_min"": 0.0, ""axis_span"": 0.074, ""primary_max"": 0.06858036224, ""primary_min"": 0.002125611674, ""primary_span"": 0.066454750566, ""utilization_ratio"": 0.8980371698108109}]",Primary rolling range uses under 25% of old Y-axis; raw/global/domain scale dominates,Scale only finite displayed rolling series; exterior legend; readable count panel; 300 dpi,False,,0,Y-axis follows displayed 12-month means; classifier scores range 0–1.,True,src/moving_average_figures.py,False,zero to 1.08 × maximum qualifying raw mean across overall and ALL genres; capped at 1.02; floor 0.005,0.002125611674,0.06858036224,0,0.358797921732,0.185214981863,,reviewed by family; no unresolved presentation issue
analysis/moving_averages/figures/detox_sexual_explicit/rock.png,moving_average_individual_genre,equal-weight 12-month mean; rank-weighted 12-month sensitivity,y,linear,0.001078217551,0.06127555549,0.060197337939,0,0.067,0.067,0.898467730433,"[{""axis_max"": 0.067, ""axis_min"": 0.0, ""axis_span"": 0.067, ""primary_max"": 0.06127555549, ""primary_min"": 0.001078217551, ""primary_span"": 0.060197337939, ""utilization_ratio"": 0.8984677304328358}]",Primary rolling range uses under 25% of old Y-axis; raw/global/domain scale dominates,Scale only finite displayed rolling series; exterior legend; readable count panel; 300 dpi,True,analysis/moving_averages/figures/detox_sexual_explicit/rock_full_scale.png,14,Y-axis follows displayed 12-month means; classifier scores range 0–1. Raw monthly context: 14 values outside view.,True,src/moving_average_figures.py,False,zero to 1.08 × maximum qualifying raw mean across overall and ALL genres; capped at 1.02; floor 0.005,0.001078217551,0.06127555549,0,0.358797921732,0.167775046322,,reviewed by family; no unresolved presentation issue
analysis/moving_averages/figures/detox_sexual_explicit/rock_full_scale.png,moving_average_individual_genre,equal-weight/rank-weighted rolling means; full-domain reference,y,linear,0.001078217551,0.06127555549,0.060197337939,0,1,1,0.060197337939,"[{""axis_max"": 1.0, ""axis_min"": 0.0, ""axis_span"": 1.0, ""primary_max"": 0.06127555549, ""primary_min"": 0.001078217551, ""primary_span"": 0.060197337939, ""utilization_ratio"": 0.060197337939}]",,Full-domain companion preserves every qualifying raw monthly value,False,,0,,True,src/moving_average_figures.py,True,New companion reference,,,,,,,intentional full-scale reference
analysis/moving_averages/figures/detox_threat/alternative_indie.png,moving_average_individual_genre,equal-weight 12-month mean; rank-weighted 12-month sensitivity,y,linear,0.000595234988,0.02217916927,0.021583934282,0,0.024,0.024,0.899330595083,"[{""axis_max"": 0.024, ""axis_min"": 0.0, ""axis_span"": 0.024, ""primary_max"": 0.02217916927, ""primary_min"": 0.000595234988, ""primary_span"": 0.021583934282, ""utilization_ratio"": 0.8993305950833332}]",Primary rolling range uses under 25% of old Y-axis; raw/global/domain scale dominates,Scale only finite displayed rolling series; exterior legend; readable count panel; 300 dpi,True,analysis/moving_averages/figures/detox_threat/alternative_indie_full_scale.png,26,Y-axis follows displayed 12-month means; classifier scores range 0–1. Raw monthly context: 26 values outside view.,True,src/moving_average_figures.py,False,zero to 1.08 × maximum qualifying raw mean across overall and ALL genres; capped at 1.02; floor 0.005,0.000595234988,0.02217916927,0,0.1333287054,0.161885126067,,reviewed by family; no unresolved presentation issue
analysis/moving_averages/figures/detox_threat/alternative_indie_full_scale.png,moving_average_individual_genre,equal-weight/rank-weighted rolling means; full-domain reference,y,linear,0.000595234988,0.02217916927,0.021583934282,0,1,1,0.021583934282,"[{""axis_max"": 1.0, ""axis_min"": 0.0, ""axis_span"": 1.0, ""primary_max"": 0.02217916927, ""primary_min"": 0.000595234988, ""primary_span"": 0.021583934282, ""utilization_ratio"": 0.021583934282}]",,Full-domain companion preserves every qualifying raw monthly value,False,,0,,True,src/moving_average_figures.py,True,New companion reference,,,,,,,intentional full-scale reference
analysis/moving_averages/figures/detox_threat/country.png,moving_average_individual_genre,equal-weight 12-month mean; rank-weighted 12-month sensitivity,y,linear,0.0002249294265,0.01870067216,0.0184757427335,0,0.021,0.021,0.879797273024,"[{""axis_max"": 0.021, ""axis_min"": 0.0, ""axis_span"": 0.021, ""primary_max"": 0.01870067216, ""primary_min"": 0.0002249294265, ""primary_span"": 0.0184757427335, ""utilization_ratio"": 0.8797972730238095}]",Primary rolling range uses under 25% of old Y-axis; raw/global/domain scale dominates,Scale only finite displayed rolling series; exterior legend; readable count panel; 300 dpi,True,analysis/moving_averages/figures/detox_threat/country_full_scale.png,24,Y-axis follows displayed 12-month means; classifier scores range 0–1. Raw monthly context: 24 values outside view.,True,src/moving_average_figures.py,False,zero to 1.08 × maximum qualifying raw mean across overall and ALL genres; capped at 1.02; floor 0.005,0.0002249294265,0.01870067216,0,0.1333287054,0.138572880297,,reviewed by family; no unresolved presentation issue
analysis/moving_averages/figures/detox_threat/country_full_scale.png,moving_average_individual_genre,equal-weight/rank-weighted rolling means; full-domain reference,y,linear,0.0002249294265,0.01870067216,0.0184757427335,0,1,1,0.0184757427335,"[{""axis_max"": 1.0, ""axis_min"": 0.0, ""axis_span"": 1.0, ""primary_max"": 0.01870067216, ""primary_min"": 0.0002249294265, ""primary_span"": 0.0184757427335, ""utilization_ratio"": 0.0184757427335}]",,Full-domain companion preserves every qualifying raw monthly value,False,,0,,True,src/moving_average_figures.py,True,New companion reference,,,,,,,intentional full-scale reference
analysis/moving_averages/figures/detox_threat/electronic_dance.png,moving_average_individual_genre,equal-weight 12-month mean; rank-weighted 12-month sensitivity,y,linear,0.0003344244862,0.04265338647,0.0423189619838,0,0.047,0.047,0.900403446464,"[{""axis_max"": 0.047, ""axis_min"": 0.0, ""axis_span"": 0.047, ""primary_max"": 0.04265338647, ""primary_min"": 0.0003344244862, ""primary_span"": 0.0423189619838, ""utilization_ratio"": 0.9004034464638299}]",Primary rolling range uses 25–50% of old Y-axis; reviewed against raw/global scale,Scale only finite displayed rolling series; exterior legend; readable count panel; 300 dpi,True,analysis/moving_averages/figures/detox_threat/electronic_dance_full_scale.png,7,Y-axis follows displayed 12-month means; classifier scores range 0–1. Raw monthly context: 7 values outside view.,True,src/moving_average_figures.py,False,zero to 1.08 × maximum qualifying raw mean across overall and ALL genres; capped at 1.02; floor 0.005,0.0003344244862,0.04265338647,0,0.1333287054,0.317403231786,,reviewed by family; no unresolved presentation issue
analysis/moving_averages/figures/detox_threat/electronic_dance_full_scale.png,moving_average_individual_genre,equal-weight/rank-weighted rolling means; full-domain reference,y,linear,0.0003344244862,0.04265338647,0.0423189619838,0,1,1,0.0423189619838,"[{""axis_max"": 1.0, ""axis_min"": 0.0, ""axis_span"": 1.0, ""primary_max"": 0.04265338647, ""primary_min"": 0.0003344244862, ""primary_span"": 0.0423189619838, ""utilization_ratio"": 0.0423189619838}]",,Full-domain companion preserves every qualifying raw monthly value,False,,0,,True,src/moving_average_figures.py,True,New companion reference,,,,,,,intentional full-scale reference
analysis/moving_averages/figures/detox_threat/hip_hop_rap.png,moving_average_individual_genre,equal-weight 12-month mean; rank-weighted 12-month sensitivity,y,linear,0.002216902192,0.02495508564,0.022738183448,0,0.027,0.027,0.842154942519,"[{""axis_max"": 0.027, ""axis_min"": 0.0, ""axis_span"": 0.027, ""primary_max"": 0.02495508564, ""primary_min"": 0.002216902192, ""primary_span"": 0.022738183448, ""utilization_ratio"": 0.8421549425185185}]",Primary rolling range uses under 25% of old Y-axis; raw/global/domain scale dominates,Scale only finite displayed rolling series; exterior legend; readable count panel; 300 dpi,True,analysis/moving_averages/figures/detox_threat/hip_hop_rap_full_scale.png,8,Y-axis follows displayed 12-month means; classifier scores range 0–1. Raw monthly context: 8 values outside view.,True,src/moving_average_figures.py,False,zero to 1.08 × maximum qualifying raw mean across overall and ALL genres; capped at 1.02; floor 0.005,0.002216902192,0.02495508564,0,0.1333287054,0.170542295298,,reviewed by family; no unresolved presentation issue
analysis/moving_averages/figures/detox_threat/hip_hop_rap_full_scale.png,moving_average_individual_genre,equal-weight/rank-weighted rolling means; full-domain reference,y,linear,0.002216902192,0.02495508564,0.022738183448,0,1,1,0.022738183448,"[{""axis_max"": 1.0, ""axis_min"": 0.0, ""axis_span"": 1.0, ""primary_max"": 0.02495508564, ""primary_min"": 0.002216902192, ""primary_span"": 0.022738183448, ""utilization_ratio"": 0.022738183448}]",,Full-domain companion preserves every qualifying raw monthly value,False,,0,,True,src/moving_average_figures.py,True,New companion reference,,,,,,,intentional full-scale reference
analysis/moving_averages/figures/detox_threat/major_genres.png,moving_average_major_genres,equal-weight 12-month mean,y,linear,0.0002435508351,0.02876200845,0.0285184576149,0,0.032,0.032,0.891201800466,"[{""axis_max"": 0.032, ""axis_min"": 0.0, ""axis_span"": 0.032, ""primary_max"": 0.02876200845, ""primary_min"": 0.0002435508351, ""primary_span"": 0.0285184576149, ""utilization_ratio"": 0.8912018004656249}]",Primary rolling range uses under 25% of old Y-axis; raw/global/domain scale dominates,Scale only finite displayed rolling series; exterior legend; readable count panel; 300 dpi,False,,0,Y-axis follows displayed 12-month means; classifier scores range 0–1.,True,src/moving_average_figures.py,False,zero to 1.08 × maximum qualifying raw mean across overall and ALL genres; capped at 1.02; floor 0.005,0.0002435508351,0.02876200845,0,0.1333287054,0.21389585633,,reviewed by family; no unresolved presentation issue
analysis/moving_averages/figures/detox_threat/overall.png,moving_average_overall,equal-weight 12-month mean,y,linear,0.001514583094,0.01498749523,0.013472912136,0,0.017,0.017,0.792524243294,"[{""axis_max"": 0.017, ""axis_min"": 0.0, ""axis_span"": 0.017, ""primary_max"": 0.01498749523, ""primary_min"": 0.001514583094, ""primary_span"": 0.013472912136, ""utilization_ratio"": 0.7925242432941175}]",Primary rolling range uses under 25% of old Y-axis; raw/global/domain scale dominates,Scale only finite displayed rolling series; exterior legend; readable count panel; 300 dpi,True,analysis/moving_averages/figures/detox_threat/overall_full_scale.png,12,Y-axis follows displayed 12-month means; classifier scores range 0–1. Raw monthly context: 12 values outside view.,True,src/moving_average_figures.py,False,zero to 1.08 × maximum qualifying raw mean across overall and ALL genres; capped at 1.02; floor 0.005,0.001514583094,0.01498749523,0,0.1333287054,0.101050348427,,reviewed by family; no unresolved presentation issue
analysis/moving_averages/figures/detox_threat/overall_full_scale.png,moving_average_overall,equal-weight/rank-weighted rolling means; full-domain reference,y,linear,0.001514583094,0.01498749523,0.013472912136,0,1,1,0.013472912136,"[{""axis_max"": 1.0, ""axis_min"": 0.0, ""axis_span"": 1.0, ""primary_max"": 0.01498749523, ""primary_min"": 0.001514583094, ""primary_span"": 0.013472912136, ""utilization_ratio"": 0.013472912136}]",,Full-domain companion preserves every qualifying raw monthly value,False,,0,,True,src/moving_average_figures.py,True,New companion reference,,,,,,,intentional full-scale reference
analysis/moving_averages/figures/detox_threat/pop.png,moving_average_individual_genre,equal-weight 12-month mean; rank-weighted 12-month sensitivity,y,linear,0.0003026191663,0.02412036374,0.0238177445737,0,0.027,0.027,0.882138687915,"[{""axis_max"": 0.027, ""axis_min"": 0.0, ""axis_span"": 0.027, ""primary_max"": 0.02412036374, ""primary_min"": 0.0003026191663, ""primary_span"": 0.023817744573700003, ""utilization_ratio"": 0.8821386879148149}]",Primary rolling range uses under 25% of old Y-axis; raw/global/domain scale dominates,Scale only finite displayed rolling series; exterior legend; readable count panel; 300 dpi,True,analysis/moving_averages/figures/detox_threat/pop_full_scale.png,17,Y-axis follows displayed 12-month means; classifier scores range 0–1. Raw monthly context: 17 values outside view.,True,src/moving_average_figures.py,False,zero to 1.08 × maximum qualifying raw mean across overall and ALL genres; capped at 1.02; floor 0.005,0.0003026191663,0.02412036374,0,0.1333287054,0.178639284783,,reviewed by family; no unresolved presentation issue
analysis/moving_averages/figures/detox_threat/pop_full_scale.png,moving_average_individual_genre,equal-weight/rank-weighted rolling means; full-domain reference,y,linear,0.0003026191663,0.02412036374,0.0238177445737,0,1,1,0.0238177445737,"[{""axis_max"": 1.0, ""axis_min"": 0.0, ""axis_span"": 1.0, ""primary_max"": 0.02412036374, ""primary_min"": 0.0003026191663, ""primary_span"": 0.023817744573700003, ""utilization_ratio"": 0.023817744573700003}]",,Full-domain companion preserves every qualifying raw monthly value,False,,0,,True,src/moving_average_figures.py,True,New companion reference,,,,,,,intentional full-scale reference
analysis/moving_averages/figures/detox_threat/r_b_soul.png,moving_average_individual_genre,equal-weight 12-month mean; rank-weighted 12-month sensitivity,y,linear,0.0003551969771,0.02103976725,0.0206845702729,0,0.023,0.023,0.8993291423,"[{""axis_max"": 0.023, ""axis_min"": 0.0, ""axis_span"": 0.023, ""primary_max"": 0.02103976725, ""primary_min"": 0.0003551969771, ""primary_span"": 0.0206845702729, ""utilization_ratio"": 0.8993291423}]",Primary rolling range uses under 25% of old Y-axis; raw/global/domain scale dominates,Scale only finite displayed rolling series; exterior legend; readable count panel; 300 dpi,True,analysis/moving_averages/figures/detox_threat/r_b_soul_full_scale.png,38,Y-axis follows displayed 12-month means; classifier scores range 0–1. Raw monthly context: 38 values outside view.,True,src/moving_average_figures.py,False,zero to 1.08 × maximum qualifying raw mean across overall and ALL genres; capped at 1.02; floor 0.005,0.0003551969771,0.02103976725,0,0.1333287054,0.155139661867,,reviewed by family; no unresolved presentation issue
analysis/moving_averages/figures/detox_threat/r_b_soul_full_scale.png,moving_average_individual_genre,equal-weight/rank-weighted rolling means; full-domain reference,y,linear,0.0003551969771,0.02103976725,0.0206845702729,0,1,1,0.0206845702729,"[{""axis_max"": 1.0, ""axis_min"": 0.0, ""axis_span"": 1.0, ""primary_max"": 0.02103976725, ""primary_min"": 0.0003551969771, ""primary_span"": 0.0206845702729, ""utilization_ratio"": 0.0206845702729}]",,Full-domain companion preserves every qualifying raw monthly value,False,,0,,True,src/moving_average_figures.py,True,New companion reference,,,,,,,intentional full-scale reference
analysis/moving_averages/figures/detox_threat/rank_sensitivity.png,moving_average_rank_sensitivity,equal-weight 12-month mean; rank-weighted 12-month sensitivity,y,linear,0.001222201784,0.01498749523,0.013765293446,0,0.017,0.017,0.809723143882,"[{""axis_max"": 0.017, ""axis_min"": 0.0, ""axis_span"": 0.017, ""primary_max"": 0.01498749523, ""primary_min"": 0.001222201784, ""primary_span"": 0.013765293446, ""utilization_ratio"": 0.8097231438823529}]",Primary rolling range uses under 25% of old Y-axis; raw/global/domain scale dominates,Scale only finite displayed rolling series; exterior legend; readable count panel; 300 dpi,False,,0,Y-axis follows displayed 12-month means; classifier scores range 0–1.,True,src/moving_average_figures.py,False,zero to 1.08 × maximum qualifying raw mean across overall and ALL genres; capped at 1.02; floor 0.005,0.001222201784,0.01498749523,0,0.1333287054,0.103243284368,,reviewed by family; no unresolved presentation issue
analysis/moving_averages/figures/detox_threat/rock.png,moving_average_individual_genre,equal-weight 12-month mean; rank-weighted 12-month sensitivity,y,linear,0.0006694874778,0.02876200845,0.0280925209722,0,0.032,0.032,0.877891280381,"[{""axis_max"": 0.032, ""axis_min"": 0.0, ""axis_span"": 0.032, ""primary_max"": 0.02876200845, ""primary_min"": 0.0006694874778, ""primary_span"": 0.0280925209722, ""utilization_ratio"": 0.87789128038125}]",Primary rolling range uses under 25% of old Y-axis; raw/global/domain scale dominates,Scale only finite displayed rolling series; exterior legend; readable count panel; 300 dpi,True,analysis/moving_averages/figures/detox_threat/rock_full_scale.png,16,Y-axis follows displayed 12-month means; classifier scores range 0–1. Raw monthly context: 16 values outside view.,True,src/moving_average_figures.py,False,zero to 1.08 × maximum qualifying raw mean across overall and ALL genres; capped at 1.02; floor 0.005,0.0006694874778,0.02876200845,0,0.1333287054,0.210701220626,,reviewed by family; no unresolved presentation issue
analysis/moving_averages/figures/detox_threat/rock_full_scale.png,moving_average_individual_genre,equal-weight/rank-weighted rolling means; full-domain reference,y,linear,0.0006694874778,0.02876200845,0.0280925209722,0,1,1,0.0280925209722,"[{""axis_max"": 1.0, ""axis_min"": 0.0, ""axis_span"": 1.0, ""primary_max"": 0.02876200845, ""primary_min"": 0.0006694874778, ""primary_span"": 0.0280925209722, ""utilization_ratio"": 0.0280925209722}]",,Full-domain companion preserves every qualifying raw monthly value,False,,0,,True,src/moving_average_figures.py,True,New companion reference,,,,,,,intentional full-scale reference
analysis/moving_averages/figures/detox_toxicity/alternative_indie.png,moving_average_individual_genre,equal-weight 12-month mean; rank-weighted 12-month sensitivity,y,linear,0.0261520086,0.2704472371,0.2442952285,0,0.29,0.29,0.842397339655,"[{""axis_max"": 0.29, ""axis_min"": 0.0, ""axis_span"": 0.29, ""primary_max"": 0.2704472371, ""primary_min"": 0.0261520086, ""primary_span"": 0.24429522850000002, ""utilization_ratio"": 0.8423973396551725}]",Primary rolling range uses under 25% of old Y-axis; raw/global/domain scale dominates,Scale only finite displayed rolling series; exterior legend; readable count panel; 300 dpi,True,analysis/moving_averages/figures/detox_toxicity/alternative_indie_full_scale.png,12,Y-axis follows displayed 12-month means; classifier scores range 0–1. Raw monthly context: 12 values outside view.,True,src/moving_average_figures.py,False,zero to 1.08 × maximum qualifying raw mean across overall and ALL genres; capped at 1.02; floor 0.005,0.0261520086,0.2704472371,0,0.994204744272,0.2457192343,,reviewed by family; no unresolved presentation issue
analysis/moving_averages/figures/detox_toxicity/alternative_indie_full_scale.png,moving_average_individual_genre,equal-weight/rank-weighted rolling means; full-domain reference,y,linear,0.0261520086,0.2704472371,0.2442952285,0,1,1,0.2442952285,"[{""axis_max"": 1.0, ""axis_min"": 0.0, ""axis_span"": 1.0, ""primary_max"": 0.2704472371, ""primary_min"": 0.0261520086, ""primary_span"": 0.24429522850000002, ""utilization_ratio"": 0.24429522850000002}]",,Full-domain companion preserves every qualifying raw monthly value,False,,0,,True,src/moving_average_figures.py,True,New companion reference,,,,,,,intentional full-scale reference
analysis/moving_averages/figures/detox_toxicity/country.png,moving_average_individual_genre,equal-weight 12-month mean; rank-weighted 12-month sensitivity,y,linear,0.02348094166,0.2648941632,0.24141322154,0,0.29,0.29,0.832459384621,"[{""axis_max"": 0.29, ""axis_min"": 0.0, ""axis_span"": 0.29, ""primary_max"": 0.2648941632, ""primary_min"": 0.02348094166, ""primary_span"": 0.24141322153999997, ""utilization_ratio"": 0.8324593846206896}]",Primary rolling range uses under 25% of old Y-axis; raw/global/domain scale dominates,Scale only finite displayed rolling series; exterior legend; readable count panel; 300 dpi,True,analysis/moving_averages/figures/detox_toxicity/country_full_scale.png,2,Y-axis follows displayed 12-month means; classifier scores range 0–1. Raw monthly context: 2 values outside view.,True,src/moving_average_figures.py,False,zero to 1.08 × maximum qualifying raw mean across overall and ALL genres; capped at 1.02; floor 0.005,0.02348094166,0.2648941632,0,0.994204744272,0.242820428016,,reviewed by family; no unresolved presentation issue
analysis/moving_averages/figures/detox_toxicity/country_full_scale.png,moving_average_individual_genre,equal-weight/rank-weighted rolling means; full-domain reference,y,linear,0.02348094166,0.2648941632,0.24141322154,0,1,1,0.24141322154,"[{""axis_max"": 1.0, ""axis_min"": 0.0, ""axis_span"": 1.0, ""primary_max"": 0.2648941632, ""primary_min"": 0.02348094166, ""primary_span"": 0.24141322153999997, ""utilization_ratio"": 0.24141322153999997}]",,Full-domain companion preserves every qualifying raw monthly value,False,,0,,True,src/moving_average_figures.py,True,New companion reference,,,,,,,intentional full-scale reference
analysis/moving_averages/figures/detox_toxicity/electronic_dance.png,moving_average_individual_genre,equal-weight 12-month mean; rank-weighted 12-month sensitivity,y,linear,0.06336004702,0.2588462977,0.19548625068,0.04,0.28,0.24,0.8145260445,"[{""axis_max"": 0.28, ""axis_min"": 0.04, ""axis_span"": 0.24000000000000002, ""primary_max"": 0.2588462977, ""primary_min"": 0.06336004702, ""primary_span"": 0.19548625068, ""utilization_ratio"": 0.8145260445}]",Primary rolling range uses under 25% of old Y-axis; raw/global/domain scale dominates,Scale only finite displayed rolling series; exterior legend; readable count panel; 300 dpi,True,analysis/moving_averages/figures/detox_toxicity/electronic_dance_full_scale.png,47,Y-axis follows displayed 12-month means; classifier scores range 0–1. Raw monthly context: 47 values outside view.,True,src/moving_average_figures.py,False,zero to 1.08 × maximum qualifying raw mean across overall and ALL genres; capped at 1.02; floor 0.005,0.06336004702,0.2588462977,0,0.994204744272,0.196625747168,,reviewed by family; no unresolved presentation issue
analysis/moving_averages/figures/detox_toxicity/electronic_dance_full_scale.png,moving_average_individual_genre,equal-weight/rank-weighted rolling means; full-domain reference,y,linear,0.06336004702,0.2588462977,0.19548625068,0,1,1,0.19548625068,"[{""axis_max"": 1.0, ""axis_min"": 0.0, ""axis_span"": 1.0, ""primary_max"": 0.2588462977, ""primary_min"": 0.06336004702, ""primary_span"": 0.19548625068, ""utilization_ratio"": 0.19548625068}]",,Full-domain companion preserves every qualifying raw monthly value,False,,0,,True,src/moving_average_figures.py,True,New companion reference,,,,,,,intentional full-scale reference
analysis/moving_averages/figures/detox_toxicity/hip_hop_rap.png,moving_average_individual_genre,equal-weight 12-month mean; rank-weighted 12-month sensitivity,y,linear,0.2012618226,0.8283219337,0.6270601111,0.15,0.88,0.73,0.858986453562,"[{""axis_max"": 0.88, ""axis_min"": 0.15, ""axis_span"": 0.73, ""primary_max"": 0.8283219337, ""primary_min"": 0.2012618226, ""primary_span"": 0.6270601110999999, ""utilization_ratio"": 0.8589864535616437}]",,Scale only finite displayed rolling series; exterior legend; readable count panel; 300 dpi,True,analysis/moving_averages/figures/detox_toxicity/hip_hop_rap_full_scale.png,8,Y-axis follows displayed 12-month means; classifier scores range 0–1. Raw monthly context: 8 values outside view.,True,src/moving_average_figures.py,False,zero to 1.08 × maximum qualifying raw mean across overall and ALL genres; capped at 1.02; floor 0.005,0.2012618226,0.8283219337,0,0.994204744272,0.630715267366,,reviewed by family; no unresolved presentation issue
analysis/moving_averages/figures/detox_toxicity/hip_hop_rap_full_scale.png,moving_average_individual_genre,equal-weight/rank-weighted rolling means; full-domain reference,y,linear,0.2012618226,0.8283219337,0.6270601111,0,1,1,0.6270601111,"[{""axis_max"": 1.0, ""axis_min"": 0.0, ""axis_span"": 1.0, ""primary_max"": 0.8283219337, ""primary_min"": 0.2012618226, ""primary_span"": 0.6270601110999999, ""utilization_ratio"": 0.6270601110999999}]",,Full-domain companion preserves every qualifying raw monthly value,False,,0,,True,src/moving_average_figures.py,True,New companion reference,,,,,,,intentional full-scale reference
analysis/moving_averages/figures/detox_toxicity/major_genres.png,moving_average_major_genres,equal-weight 12-month mean,y,linear,0.01872488337,0.8258099984,0.80708511503,0,0.9,0.9,0.896761238922,"[{""axis_max"": 0.9, ""axis_min"": 0.0, ""axis_span"": 0.9, ""primary_max"": 0.8258099984, ""primary_min"": 0.01872488337, ""primary_span"": 0.80708511503, ""utilization_ratio"": 0.8967612389222223}]",,Scale only finite displayed rolling series; exterior legend; readable count panel; 300 dpi,False,,0,Y-axis follows displayed 12-month means; classifier scores range 0–1.,True,src/moving_average_figures.py,False,zero to 1.08 × maximum qualifying raw mean across overall and ALL genres; capped at 1.02; floor 0.005,0.01872488337,0.8258099984,0,0.994204744272,0.811789643612,,reviewed by family; no unresolved presentation issue
analysis/moving_averages/figures/detox_toxicity/overall.png,moving_average_overall,equal-weight 12-month mean,y,linear,0.05217071156,0.431305919,0.37913520744,0.02,0.47,0.45,0.8425226832,"[{""axis_max"": 0.47000000000000003, ""axis_min"": 0.02, ""axis_span"": 0.45, ""primary_max"": 0.431305919, ""primary_min"": 0.05217071156, ""primary_span"": 0.37913520743999995, ""utilization_ratio"": 0.8425226831999999}]",Primary rolling range uses 25–50% of old Y-axis; reviewed against raw/global scale,Scale only finite displayed rolling series; exterior legend; readable count panel; 300 dpi,True,analysis/moving_averages/figures/detox_toxicity/overall_full_scale.png,5,Y-axis follows displayed 12-month means; classifier scores range 0–1. Raw monthly context: 5 values outside view.,True,src/moving_average_figures.py,False,zero to 1.08 × maximum qualifying raw mean across overall and ALL genres; capped at 1.02; floor 0.005,0.05217071156,0.431305919,0,0.994204744272,0.381345200397,,reviewed by family; no unresolved presentation issue
analysis/moving_averages/figures/detox_toxicity/overall_full_scale.png,moving_average_overall,equal-weight/rank-weighted rolling means; full-domain reference,y,linear,0.05217071156,0.431305919,0.37913520744,0,1,1,0.37913520744,"[{""axis_max"": 1.0, ""axis_min"": 0.0, ""axis_span"": 1.0, ""primary_max"": 0.431305919, ""primary_min"": 0.05217071156, ""primary_span"": 0.37913520743999995, ""utilization_ratio"": 0.37913520743999995}]",,Full-domain companion preserves every qualifying raw monthly value,False,,0,,True,src/moving_average_figures.py,True,New companion reference,,,,,,,intentional full-scale reference
analysis/moving_averages/figures/detox_toxicity/pop.png,moving_average_individual_genre,equal-weight 12-month mean; rank-weighted 12-month sensitivity,y,linear,0.01512449673,0.3609201736,0.34579567687,0,0.39,0.39,0.886655581718,"[{""axis_max"": 0.39, ""axis_min"": 0.0, ""axis_span"": 0.39, ""primary_max"": 0.3609201736, ""primary_min"": 0.01512449673, ""primary_span"": 0.34579567687, ""utilization_ratio"": 0.8866555817179487}]",Primary rolling range uses 25–50% of old Y-axis; reviewed against raw/global scale,Scale only finite displayed rolling series; exterior legend; readable count panel; 300 dpi,True,analysis/moving_averages/figures/detox_toxicity/pop_full_scale.png,2,Y-axis follows displayed 12-month means; classifier scores range 0–1. Raw monthly context: 2 values outside view.,True,src/moving_average_figures.py,False,zero to 1.08 × maximum qualifying raw mean across overall and ALL genres; capped at 1.02; floor 0.005,0.01512449673,0.3609201736,0,0.994204744272,0.347811332487,,reviewed by family; no unresolved presentation issue
analysis/moving_averages/figures/detox_toxicity/pop_full_scale.png,moving_average_individual_genre,equal-weight/rank-weighted rolling means; full-domain reference,y,linear,0.01512449673,0.3609201736,0.34579567687,0,1,1,0.34579567687,"[{""axis_max"": 1.0, ""axis_min"": 0.0, ""axis_span"": 1.0, ""primary_max"": 0.3609201736, ""primary_min"": 0.01512449673, ""primary_span"": 0.34579567687, ""utilization_ratio"": 0.34579567687}]",,Full-domain companion preserves every qualifying raw monthly value,False,,0,,True,src/moving_average_figures.py,True,New companion reference,,,,,,,intentional full-scale reference
analysis/moving_averages/figures/detox_toxicity/r_b_soul.png,moving_average_individual_genre,equal-weight 12-month mean; rank-weighted 12-month sensitivity,y,linear,0.02946619861,0.5416221281,0.51215592949,0,0.59,0.59,0.868060897441,"[{""axis_max"": 0.59, ""axis_min"": 0.0, ""axis_span"": 0.59, ""primary_max"": 0.5416221281, ""primary_min"": 0.02946619861, ""primary_span"": 0.51215592949, ""utilization_ratio"": 0.868060897440678}]",,Scale only finite displayed rolling series; exterior legend; readable count panel; 300 dpi,True,analysis/moving_averages/figures/detox_toxicity/r_b_soul_full_scale.png,11,Y-axis follows displayed 12-month means; classifier scores range 0–1. Raw monthly context: 11 values outside view.,True,src/moving_average_figures.py,False,zero to 1.08 × maximum qualifying raw mean across overall and ALL genres; capped at 1.02; floor 0.005,0.02946619861,0.5416221281,0,0.994204744272,0.515141305089,,reviewed by family; no unresolved presentation issue
analysis/moving_averages/figures/detox_toxicity/r_b_soul_full_scale.png,moving_average_individual_genre,equal-weight/rank-weighted rolling means; full-domain reference,y,linear,0.02946619861,0.5416221281,0.51215592949,0,1,1,0.51215592949,"[{""axis_max"": 1.0, ""axis_min"": 0.0, ""axis_span"": 1.0, ""primary_max"": 0.5416221281, ""primary_min"": 0.02946619861, ""primary_span"": 0.51215592949, ""utilization_ratio"": 0.51215592949}]",,Full-domain companion preserves every qualifying raw monthly value,False,,0,,True,src/moving_average_figures.py,True,New companion reference,,,,,,,intentional full-scale reference
analysis/moving_averages/figures/detox_toxicity/rank_sensitivity.png,moving_average_rank_sensitivity,equal-weight 12-month mean; rank-weighted 12-month sensitivity,y,linear,0.05054598725,0.4333969058,0.38285091855,0.01,0.47,0.46,0.832284605543,"[{""axis_max"": 0.47000000000000003, ""axis_min"": 0.01, ""axis_span"": 0.46, ""primary_max"": 0.4333969058, ""primary_min"": 0.05054598725, ""primary_span"": 0.38285091855000003, ""utilization_ratio"": 0.8322846055434783}]",Primary rolling range uses 25–50% of old Y-axis; reviewed against raw/global scale,Scale only finite displayed rolling series; exterior legend; readable count panel; 300 dpi,False,,0,Y-axis follows displayed 12-month means; classifier scores range 0–1.,True,src/moving_average_figures.py,False,zero to 1.08 × maximum qualifying raw mean across overall and ALL genres; capped at 1.02; floor 0.005,0.05054598725,0.4333969058,0,0.994204744272,0.385082570523,,reviewed by family; no unresolved presentation issue
analysis/moving_averages/figures/detox_toxicity/rock.png,moving_average_individual_genre,equal-weight 12-month mean; rank-weighted 12-month sensitivity,y,linear,0.03407933968,0.2972778659,0.26319852622,0.01,0.32,0.31,0.849027503935,"[{""axis_max"": 0.32, ""axis_min"": 0.01, ""axis_span"": 0.31, ""primary_max"": 0.2972778659, ""primary_min"": 0.03407933968, ""primary_span"": 0.26319852622, ""utilization_ratio"": 0.8490275039354839}]",Primary rolling range uses 25–50% of old Y-axis; reviewed against raw/global scale,Scale only finite displayed rolling series; exterior legend; readable count panel; 300 dpi,True,analysis/moving_averages/figures/detox_toxicity/rock_full_scale.png,12,Y-axis follows displayed 12-month means; classifier scores range 0–1. Raw monthly context: 12 values outside view.,True,src/moving_average_figures.py,False,zero to 1.08 × maximum qualifying raw mean across overall and ALL genres; capped at 1.02; floor 0.005,0.03407933968,0.2972778659,0,0.994204744272,0.264732720032,,reviewed by family; no unresolved presentation issue
analysis/moving_averages/figures/detox_toxicity/rock_full_scale.png,moving_average_individual_genre,equal-weight/rank-weighted rolling means; full-domain reference,y,linear,0.03407933968,0.2972778659,0.26319852622,0,1,1,0.26319852622,"[{""axis_max"": 1.0, ""axis_min"": 0.0, ""axis_span"": 1.0, ""primary_max"": 0.2972778659, ""primary_min"": 0.03407933968, ""primary_span"": 0.26319852622, ""utilization_ratio"": 0.26319852622}]",,Full-domain companion preserves every qualifying raw monthly value,False,,0,,True,src/moving_average_figures.py,True,New companion reference,,,,,,,intentional full-scale reference
analysis/moving_averages/figures/emotion_admiration/alternative_indie.png,moving_average_individual_genre,equal-weight 12-month mean; rank-weighted 12-month sensitivity,y,linear,0.003237549866,0.08543165213,0.082194102264,0,0.093,0.093,0.883807551226,"[{""axis_max"": 0.093, ""axis_min"": 0.0, ""axis_span"": 0.093, ""primary_max"": 0.08543165213, ""primary_min"": 0.003237549866, ""primary_span"": 0.082194102264, ""utilization_ratio"": 0.8838075512258063}]",Primary rolling range uses under 25% of old Y-axis; raw/global/domain scale dominates,Scale only finite displayed rolling series; exterior legend; readable count panel; 300 dpi,True,analysis/moving_averages/figures/emotion_admiration/alternative_indie_full_scale.png,19,Y-axis follows displayed 12-month means; classifier scores range 0–1. Raw monthly context: 19 values outside view.,True,src/moving_average_figures.py,False,zero to 1.08 × maximum qualifying raw mean across overall and ALL genres; capped at 1.02; floor 0.005,0.003237549866,0.08543165213,0,0.371170132596,0.221445895146,,reviewed by family; no unresolved presentation issue
analysis/moving_averages/figures/emotion_admiration/alternative_indie_full_scale.png,moving_average_individual_genre,equal-weight/rank-weighted rolling means; full-domain reference,y,linear,0.003237549866,0.08543165213,0.082194102264,0,1,1,0.082194102264,"[{""axis_max"": 1.0, ""axis_min"": 0.0, ""axis_span"": 1.0, ""primary_max"": 0.08543165213, ""primary_min"": 0.003237549866, ""primary_span"": 0.082194102264, ""utilization_ratio"": 0.082194102264}]",,Full-domain companion preserves every qualifying raw monthly value,False,,0,,True,src/moving_average_figures.py,True,New companion reference,,,,,,,intentional full-scale reference
analysis/moving_averages/figures/emotion_admiration/country.png,moving_average_individual_genre,equal-weight 12-month mean; rank-weighted 12-month sensitivity,y,linear,0.00572874457,0.08614014696,0.08041140239,0,0.093,0.093,0.864638735376,"[{""axis_max"": 0.093, ""axis_min"": 0.0, ""axis_span"": 0.093, ""primary_max"": 0.08614014696, ""primary_min"": 0.00572874457, ""primary_span"": 0.08041140239, ""utilization_ratio"": 0.8646387353763441}]",Primary rolling range uses under 25% of old Y-axis; raw/global/domain scale dominates,Scale only finite displayed rolling series; exterior legend; readable count panel; 300 dpi,True,analysis/moving_averages/figures/emotion_admiration/country_full_scale.png,17,Y-axis follows displayed 12-month means; classifier scores range 0–1. Raw monthly context: 17 values outside view.,True,src/moving_average_figures.py,False,zero to 1.08 × maximum qualifying raw mean across overall and ALL genres; capped at 1.02; floor 0.005,0.00572874457,0.08614014696,0,0.371170132596,0.216642976706,,reviewed by family; no unresolved presentation issue
analysis/moving_averages/figures/emotion_admiration/country_full_scale.png,moving_average_individual_genre,equal-weight/rank-weighted rolling means; full-domain reference,y,linear,0.00572874457,0.08614014696,0.08041140239,0,1,1,0.08041140239,"[{""axis_max"": 1.0, ""axis_min"": 0.0, ""axis_span"": 1.0, ""primary_max"": 0.08614014696, ""primary_min"": 0.00572874457, ""primary_span"": 0.08041140239, ""utilization_ratio"": 0.08041140239}]",,Full-domain companion preserves every qualifying raw monthly value,False,,0,,True,src/moving_average_figures.py,True,New companion reference,,,,,,,intentional full-scale reference
analysis/moving_averages/figures/emotion_admiration/electronic_dance.png,moving_average_individual_genre,equal-weight 12-month mean; rank-weighted 12-month sensitivity,y,linear,0.006376589279,0.04687670406,0.040500114781,0.003,0.051,0.048,0.843752391271,"[{""axis_max"": 0.051000000000000004, ""axis_min"": 0.003, ""axis_span"": 0.048, ""primary_max"": 0.04687670406, ""primary_min"": 0.006376589279, ""primary_span"": 0.040500114781000005, ""utilization_ratio"": 0.8437523912708335}]",Primary rolling range uses under 25% of old Y-axis; raw/global/domain scale dominates,Scale only finite displayed rolling series; exterior legend; readable count panel; 300 dpi,True,analysis/moving_averages/figures/emotion_admiration/electronic_dance_full_scale.png,55,Y-axis follows displayed 12-month means; classifier scores range 0–1. Raw monthly context: 55 values outside view.,True,src/moving_average_figures.py,False,zero to 1.08 × maximum qualifying raw mean across overall and ALL genres; capped at 1.02; floor 0.005,0.006376589279,0.04687670406,0,0.371170132596,0.109114692224,,reviewed by family; no unresolved presentation issue
analysis/moving_averages/figures/emotion_admiration/electronic_dance_full_scale.png,moving_average_individual_genre,equal-weight/rank-weighted rolling means; full-domain reference,y,linear,0.006376589279,0.04687670406,0.040500114781,0,1,1,0.040500114781,"[{""axis_max"": 1.0, ""axis_min"": 0.0, ""axis_span"": 1.0, ""primary_max"": 0.04687670406, ""primary_min"": 0.006376589279, ""primary_span"": 0.040500114781000005, ""utilization_ratio"": 0.040500114781000005}]",,Full-domain companion preserves every qualifying raw monthly value,False,,0,,True,src/moving_average_figures.py,True,New companion reference,,,,,,,intentional full-scale reference
analysis/moving_averages/figures/emotion_admiration/hip_hop_rap.png,moving_average_individual_genre,equal-weight 12-month mean; rank-weighted 12-month sensitivity,y,linear,0.004391339341,0.0622291158,0.057837776459,0,0.067,0.067,0.86325039491,"[{""axis_max"": 0.067, ""axis_min"": 0.0, ""axis_span"": 0.067, ""primary_max"": 0.0622291158, ""primary_min"": 0.004391339341, ""primary_span"": 0.057837776459, ""utilization_ratio"": 0.8632503949104476}]",Primary rolling range uses under 25% of old Y-axis; raw/global/domain scale dominates,Scale only finite displayed rolling series; exterior legend; readable count panel; 300 dpi,True,analysis/moving_averages/figures/emotion_admiration/hip_hop_rap_full_scale.png,9,Y-axis follows displayed 12-month means; classifier scores range 0–1. Raw monthly context: 9 values outside view.,True,src/moving_average_figures.py,False,zero to 1.08 × maximum qualifying raw mean across overall and ALL genres; capped at 1.02; floor 0.005,0.004391339341,0.0622291158,0,0.371170132596,0.155825513369,,reviewed by family; no unresolved presentation issue
analysis/moving_averages/figures/emotion_admiration/hip_hop_rap_full_scale.png,moving_average_individual_genre,equal-weight/rank-weighted rolling means; full-domain reference,y,linear,0.004391339341,0.0622291158,0.057837776459,0,1,1,0.057837776459,"[{""axis_max"": 1.0, ""axis_min"": 0.0, ""axis_span"": 1.0, ""primary_max"": 0.0622291158, ""primary_min"": 0.004391339341, ""primary_span"": 0.057837776459, ""utilization_ratio"": 0.057837776459}]",,Full-domain companion preserves every qualifying raw monthly value,False,,0,,True,src/moving_average_figures.py,True,New companion reference,,,,,,,intentional full-scale reference
analysis/moving_averages/figures/emotion_admiration/major_genres.png,moving_average_major_genres,equal-weight 12-month mean,y,linear,0.002975416837,0.1234559309,0.120480514063,0,0.14,0.14,0.86057510045,"[{""axis_max"": 0.14, ""axis_min"": 0.0, ""axis_span"": 0.14, ""primary_max"": 0.1234559309, ""primary_min"": 0.002975416837, ""primary_span"": 0.12048051406299999, ""utilization_ratio"": 0.8605751004499999}]",Primary rolling range uses 25–50% of old Y-axis; reviewed against raw/global scale,Scale only finite displayed rolling series; exterior legend; readable count panel; 300 dpi,False,,0,Y-axis follows displayed 12-month means; classifier scores range 0–1.,True,src/moving_average_figures.py,False,zero to 1.08 × maximum qualifying raw mean across overall and ALL genres; capped at 1.02; floor 0.005,0.002975416837,0.1234559309,0,0.371170132596,0.324596467987,,reviewed by family; no unresolved presentation issue
analysis/moving_averages/figures/emotion_admiration/overall.png,moving_average_overall,equal-weight 12-month mean,y,linear,0.0138926249,0.04299017204,0.02909754714,0.011,0.046,0.035,0.831358489714,"[{""axis_max"": 0.046, ""axis_min"": 0.011, ""axis_span"": 0.035, ""primary_max"": 0.04299017204, ""primary_min"": 0.0138926249, ""primary_span"": 0.029097547140000003, ""utilization_ratio"": 0.8313584897142857}]",Primary rolling range uses under 25% of old Y-axis; raw/global/domain scale dominates,Scale only finite displayed rolling series; exterior legend; readable count panel; 300 dpi,True,analysis/moving_averages/figures/emotion_admiration/overall_full_scale.png,65,Y-axis follows displayed 12-month means; classifier scores range 0–1. Raw monthly context: 65 values outside view.,True,src/moving_average_figures.py,False,zero to 1.08 × maximum qualifying raw mean across overall and ALL genres; capped at 1.02; floor 0.005,0.0138926249,0.04299017204,0,0.371170132596,0.0783940963582,,reviewed by family; no unresolved presentation issue
analysis/moving_averages/figures/emotion_admiration/overall_full_scale.png,moving_average_overall,equal-weight/rank-weighted rolling means; full-domain reference,y,linear,0.0138926249,0.04299017204,0.02909754714,0,1,1,0.02909754714,"[{""axis_max"": 1.0, ""axis_min"": 0.0, ""axis_span"": 1.0, ""primary_max"": 0.04299017204, ""primary_min"": 0.0138926249, ""primary_span"": 0.029097547140000003, ""utilization_ratio"": 0.029097547140000003}]",,Full-domain companion preserves every qualifying raw monthly value,False,,0,,True,src/moving_average_figures.py,True,New companion reference,,,,,,,intentional full-scale reference
analysis/moving_averages/figures/emotion_admiration/pop.png,moving_average_individual_genre,equal-weight 12-month mean; rank-weighted 12-month sensitivity,y,linear,0.00827194967,0.1162075295,0.10793557983,0,0.13,0.13,0.830273691,"[{""axis_max"": 0.13, ""axis_min"": 0.0, ""axis_span"": 0.13, ""primary_max"": 0.1162075295, ""primary_min"": 0.00827194967, ""primary_span"": 0.10793557983, ""utilization_ratio"": 0.830273691}]",Primary rolling range uses 25–50% of old Y-axis; reviewed against raw/global scale,Scale only finite displayed rolling series; exterior legend; readable count panel; 300 dpi,True,analysis/moving_averages/figures/emotion_admiration/pop_full_scale.png,5,Y-axis follows displayed 12-month means; classifier scores range 0–1. Raw monthly context: 5 values outside view.,True,src/moving_average_figures.py,False,zero to 1.08 × maximum qualifying raw mean across overall and ALL genres; capped at 1.02; floor 0.005,0.00827194967,0.1162075295,0,0.371170132596,0.290798128274,,reviewed by family; no unresolved presentation issue
analysis/moving_averages/figures/emotion_admiration/pop_full_scale.png,moving_average_individual_genre,equal-weight/rank-weighted rolling means; full-domain reference,y,linear,0.00827194967,0.1162075295,0.10793557983,0,1,1,0.10793557983,"[{""axis_max"": 1.0, ""axis_min"": 0.0, ""axis_span"": 1.0, ""primary_max"": 0.1162075295, ""primary_min"": 0.00827194967, ""primary_span"": 0.10793557983, ""utilization_ratio"": 0.10793557983}]",,Full-domain companion preserves every qualifying raw monthly value,False,,0,,True,src/moving_average_figures.py,True,New companion reference,,,,,,,intentional full-scale reference
analysis/moving_averages/figures/emotion_admiration/r_b_soul.png,moving_average_individual_genre,equal-weight 12-month mean; rank-weighted 12-month sensitivity,y,linear,0.006732413599,0.1234559309,0.116723517301,0,0.14,0.14,0.833739409293,"[{""axis_max"": 0.14, ""axis_min"": 0.0, ""axis_span"": 0.14, ""primary_max"": 0.1234559309, ""primary_min"": 0.006732413599, ""primary_span"": 0.116723517301, ""utilization_ratio"": 0.8337394092928571}]",Primary rolling range uses 25–50% of old Y-axis; reviewed against raw/global scale,Scale only finite displayed rolling series; exterior legend; readable count panel; 300 dpi,True,analysis/moving_averages/figures/emotion_admiration/r_b_soul_full_scale.png,10,Y-axis follows displayed 12-month means; classifier scores range 0–1. Raw monthly context: 10 values outside view.,True,src/moving_average_figures.py,False,zero to 1.08 × maximum qualifying raw mean across overall and ALL genres; capped at 1.02; floor 0.005,0.006732413599,0.1234559309,0,0.371170132596,0.314474433825,,reviewed by family; no unresolved presentation issue
analysis/moving_averages/figures/emotion_admiration/r_b_soul_full_scale.png,moving_average_individual_genre,equal-weight/rank-weighted rolling means; full-domain reference,y,linear,0.006732413599,0.1234559309,0.116723517301,0,1,1,0.116723517301,"[{""axis_max"": 1.0, ""axis_min"": 0.0, ""axis_span"": 1.0, ""primary_max"": 0.1234559309, ""primary_min"": 0.006732413599, ""primary_span"": 0.116723517301, ""utilization_ratio"": 0.116723517301}]",,Full-domain companion preserves every qualifying raw monthly value,False,,0,,True,src/moving_average_figures.py,True,New companion reference,,,,,,,intentional full-scale reference
analysis/moving_averages/figures/emotion_admiration/rank_sensitivity.png,moving_average_rank_sensitivity,equal-weight 12-month mean; rank-weighted 12-month sensitivity,y,linear,0.01385507602,0.05060380949,0.03674873347,0.01,0.054,0.044,0.835198487955,"[{""axis_max"": 0.054, ""axis_min"": 0.01, ""axis_span"": 0.044, ""primary_max"": 0.05060380949, ""primary_min"": 0.01385507602, ""primary_span"": 0.036748733469999996, ""utilization_ratio"": 0.8351984879545454}]",Primary rolling range uses under 25% of old Y-axis; raw/global/domain scale dominates,Scale only finite displayed rolling series; exterior legend; readable count panel; 300 dpi,False,,0,Y-axis follows displayed 12-month means; classifier scores range 0–1.,True,src/moving_average_figures.py,False,zero to 1.08 × maximum qualifying raw mean across overall and ALL genres; capped at 1.02; floor 0.005,0.01385507602,0.05060380949,0,0.371170132596,0.0990077871109,,reviewed by family; no unresolved presentation issue
analysis/moving_averages/figures/emotion_admiration/rock.png,moving_average_individual_genre,equal-weight 12-month mean; rank-weighted 12-month sensitivity,y,linear,0.002627233008,0.08230058946,0.079673356452,0,0.089,0.089,0.89520625227,"[{""axis_max"": 0.089, ""axis_min"": 0.0, ""axis_span"": 0.089, ""primary_max"": 0.08230058946, ""primary_min"": 0.002627233008, ""primary_span"": 0.07967335645200001, ""utilization_ratio"": 0.895206252269663}]",Primary rolling range uses under 25% of old Y-axis; raw/global/domain scale dominates,Scale only finite displayed rolling series; exterior legend; readable count panel; 300 dpi,True,analysis/moving_averages/figures/emotion_admiration/rock_full_scale.png,21,Y-axis follows displayed 12-month means; classifier scores range 0–1. Raw monthly context: 21 values outside view.,True,src/moving_average_figures.py,False,zero to 1.08 × maximum qualifying raw mean across overall and ALL genres; capped at 1.02; floor 0.005,0.002627233008,0.08230058946,0,0.371170132596,0.214654546406,,reviewed by family; no unresolved presentation issue
analysis/moving_averages/figures/emotion_admiration/rock_full_scale.png,moving_average_individual_genre,equal-weight/rank-weighted rolling means; full-domain reference,y,linear,0.002627233008,0.08230058946,0.079673356452,0,1,1,0.079673356452,"[{""axis_max"": 1.0, ""axis_min"": 0.0, ""axis_span"": 1.0, ""primary_max"": 0.08230058946, ""primary_min"": 0.002627233008, ""primary_span"": 0.07967335645200001, ""utilization_ratio"": 0.07967335645200001}]",,Full-domain companion preserves every qualifying raw monthly value,False,,0,,True,src/moving_average_figures.py,True,New companion reference,,,,,,,intentional full-scale reference
analysis/moving_averages/figures/emotion_amusement/alternative_indie.png,moving_average_individual_genre,equal-weight 12-month mean; rank-weighted 12-month sensitivity,y,linear,0.001825078046,0.09188190136,0.090056823314,0,0.1,0.1,0.90056823314,"[{""axis_max"": 0.1, ""axis_min"": 0.0, ""axis_span"": 0.1, ""primary_max"": 0.09188190136, ""primary_min"": 0.001825078046, ""primary_span"": 0.090056823314, ""utilization_ratio"": 0.90056823314}]",Primary rolling range uses under 25% of old Y-axis; raw/global/domain scale dominates,Scale only finite displayed rolling series; exterior legend; readable count panel; 300 dpi,True,analysis/moving_averages/figures/emotion_amusement/alternative_indie_full_scale.png,4,Y-axis follows displayed 12-month means; classifier scores range 0–1. Raw monthly context: 4 values outside view.,True,src/moving_average_figures.py,False,zero to 1.08 × maximum qualifying raw mean across overall and ALL genres; capped at 1.02; floor 0.005,0.001825078046,0.09188190136,0,0.404249624532,0.222775280047,,reviewed by family; no unresolved presentation issue
analysis/moving_averages/figures/emotion_amusement/alternative_indie_full_scale.png,moving_average_individual_genre,equal-weight/rank-weighted rolling means; full-domain reference,y,linear,0.001825078046,0.09188190136,0.090056823314,0,1,1,0.090056823314,"[{""axis_max"": 1.0, ""axis_min"": 0.0, ""axis_span"": 1.0, ""primary_max"": 0.09188190136, ""primary_min"": 0.001825078046, ""primary_span"": 0.090056823314, ""utilization_ratio"": 0.090056823314}]",,Full-domain companion preserves every qualifying raw monthly value,False,,0,,True,src/moving_average_figures.py,True,New companion reference,,,,,,,intentional full-scale reference
analysis/moving_averages/figures/emotion_amusement/country.png,moving_average_individual_genre,equal-weight 12-month mean; rank-weighted 12-month sensitivity,y,linear,0.00254737596,0.06745283438,0.06490545842,0,0.073,0.073,0.889115868767,"[{""axis_max"": 0.073, ""axis_min"": 0.0, ""axis_span"": 0.073, ""primary_max"": 0.06745283438, ""primary_min"": 0.00254737596, ""primary_span"": 0.06490545842, ""utilization_ratio"": 0.8891158687671235}]",Primary rolling range uses under 25% of old Y-axis; raw/global/domain scale dominates,Scale only finite displayed rolling series; exterior legend; readable count panel; 300 dpi,True,analysis/moving_averages/figures/emotion_amusement/country_full_scale.png,17,Y-axis follows displayed 12-month means; classifier scores range 0–1. Raw monthly context: 17 values outside view.,True,src/moving_average_figures.py,False,zero to 1.08 × maximum qualifying raw mean across overall and ALL genres; capped at 1.02; floor 0.005,0.00254737596,0.06745283438,0,0.404249624532,0.160557869398,,reviewed by family; no unresolved presentation issue
analysis/moving_averages/figures/emotion_amusement/country_full_scale.png,moving_average_individual_genre,equal-weight/rank-weighted rolling means; full-domain reference,y,linear,0.00254737596,0.06745283438,0.06490545842,0,1,1,0.06490545842,"[{""axis_max"": 1.0, ""axis_min"": 0.0, ""axis_span"": 1.0, ""primary_max"": 0.06745283438, ""primary_min"": 0.00254737596, ""primary_span"": 0.06490545842, ""utilization_ratio"": 0.06490545842}]",,Full-domain companion preserves every qualifying raw monthly value,False,,0,,True,src/moving_average_figures.py,True,New companion reference,,,,,,,intentional full-scale reference
analysis/moving_averages/figures/emotion_amusement/electronic_dance.png,moving_average_individual_genre,equal-weight 12-month mean; rank-weighted 12-month sensitivity,y,linear,0.002193239263,0.08442537366,0.082232134397,0,0.092,0.092,0.893827547793,"[{""axis_max"": 0.092, ""axis_min"": 0.0, ""axis_span"": 0.092, ""primary_max"": 0.08442537366, ""primary_min"": 0.002193239263, ""primary_span"": 0.082232134397, ""utilization_ratio"": 0.8938275477934783}]",Primary rolling range uses under 25% of old Y-axis; raw/global/domain scale dominates,Scale only finite displayed rolling series; exterior legend; readable count panel; 300 dpi,True,analysis/moving_averages/figures/emotion_amusement/electronic_dance_full_scale.png,11,Y-axis follows displayed 12-month means; classifier scores range 0–1. Raw monthly context: 11 values outside view.,True,src/moving_average_figures.py,False,zero to 1.08 × maximum qualifying raw mean across overall and ALL genres; capped at 1.02; floor 0.005,0.002193239263,0.08442537366,0,0.404249624532,0.203419197958,,reviewed by family; no unresolved presentation issue
analysis/moving_averages/figures/emotion_amusement/electronic_dance_full_scale.png,moving_average_individual_genre,equal-weight/rank-weighted rolling means; full-domain reference,y,linear,0.002193239263,0.08442537366,0.082232134397,0,1,1,0.082232134397,"[{""axis_max"": 1.0, ""axis_min"": 0.0, ""axis_span"": 1.0, ""primary_max"": 0.08442537366, ""primary_min"": 0.002193239263, ""primary_span"": 0.082232134397, ""utilization_ratio"": 0.082232134397}]",,Full-domain companion preserves every qualifying raw monthly value,False,,0,,True,src/moving_average_figures.py,True,New companion reference,,,,,,,intentional full-scale reference
analysis/moving_averages/figures/emotion_amusement/hip_hop_rap.png,moving_average_individual_genre,equal-weight 12-month mean; rank-weighted 12-month sensitivity,y,linear,0.01033290993,0.07976747958,0.06943456965,0.004,0.086,0.082,0.846763044512,"[{""axis_max"": 0.08600000000000001, ""axis_min"": 0.004, ""axis_span"": 0.082, ""primary_max"": 0.07976747958, ""primary_min"": 0.01033290993, ""primary_span"": 0.06943456965, ""utilization_ratio"": 0.8467630445121951}]",Primary rolling range uses under 25% of old Y-axis; raw/global/domain scale dominates,Scale only finite displayed rolling series; exterior legend; readable count panel; 300 dpi,True,analysis/moving_averages/figures/emotion_amusement/hip_hop_rap_full_scale.png,23,Y-axis follows displayed 12-month means; classifier scores range 0–1. Raw monthly context: 23 values outside view.,True,src/moving_average_figures.py,False,zero to 1.08 × maximum qualifying raw mean across overall and ALL genres; capped at 1.02; floor 0.005,0.01033290993,0.07976747958,0,0.404249624532,0.17176161816,,reviewed by family; no unresolved presentation issue
analysis/moving_averages/figures/emotion_amusement/hip_hop_rap_full_scale.png,moving_average_individual_genre,equal-weight/rank-weighted rolling means; full-domain reference,y,linear,0.01033290993,0.07976747958,0.06943456965,0,1,1,0.06943456965,"[{""axis_max"": 1.0, ""axis_min"": 0.0, ""axis_span"": 1.0, ""primary_max"": 0.07976747958, ""primary_min"": 0.01033290993, ""primary_span"": 0.06943456965, ""utilization_ratio"": 0.06943456965}]",,Full-domain companion preserves every qualifying raw monthly value,False,,0,,True,src/moving_average_figures.py,True,New companion reference,,,,,,,intentional full-scale reference
analysis/moving_averages/figures/emotion_amusement/major_genres.png,moving_average_major_genres,equal-weight 12-month mean,y,linear,0.001840647281,0.07933025674,0.077489609459,0,0.086,0.086,0.901041970453,"[{""axis_max"": 0.08600000000000001, ""axis_min"": 0.0, ""axis_span"": 0.08600000000000001, ""primary_max"": 0.07933025674, ""primary_min"": 0.001840647281, ""primary_span"": 0.07748960945899999, ""utilization_ratio"": 0.9010419704534882}]",Primary rolling range uses under 25% of old Y-axis; raw/global/domain scale dominates,Scale only finite displayed rolling series; exterior legend; readable count panel; 300 dpi,False,,0,Y-axis follows displayed 12-month means; classifier scores range 0–1.,True,src/moving_average_figures.py,False,zero to 1.08 × maximum qualifying raw mean across overall and ALL genres; capped at 1.02; floor 0.005,0.001840647281,0.07933025674,0,0.404249624532,0.19168752364,,reviewed by family; no unresolved presentation issue
analysis/moving_averages/figures/emotion_amusement/overall.png,moving_average_overall,equal-weight 12-month mean,y,linear,0.006542169965,0.03589128669,0.029349116725,0.004,0.039,0.035,0.838546192143,"[{""axis_max"": 0.039, ""axis_min"": 0.004, ""axis_span"": 0.035, ""primary_max"": 0.03589128669, ""primary_min"": 0.006542169965, ""primary_span"": 0.029349116725000002, ""utilization_ratio"": 0.8385461921428571}]",Primary rolling range uses under 25% of old Y-axis; raw/global/domain scale dominates,Scale only finite displayed rolling series; exterior legend; readable count panel; 300 dpi,True,analysis/moving_averages/figures/emotion_amusement/overall_full_scale.png,27,Y-axis follows displayed 12-month means; classifier scores range 0–1. Raw monthly context: 27 values outside view.,True,src/moving_average_figures.py,False,zero to 1.08 × maximum qualifying raw mean across overall and ALL genres; capped at 1.02; floor 0.005,0.006542169965,0.03589128669,0,0.404249624532,0.0726014693495,,reviewed by family; no unresolved presentation issue
analysis/moving_averages/figures/emotion_amusement/overall_full_scale.png,moving_average_overall,equal-weight/rank-weighted rolling means; full-domain reference,y,linear,0.006542169965,0.03589128669,0.029349116725,0,1,1,0.029349116725,"[{""axis_max"": 1.0, ""axis_min"": 0.0, ""axis_span"": 1.0, ""primary_max"": 0.03589128669, ""primary_min"": 0.006542169965, ""primary_span"": 0.029349116725000002, ""utilization_ratio"": 0.029349116725000002}]",,Full-domain companion preserves every qualifying raw monthly value,False,,0,,True,src/moving_average_figures.py,True,New companion reference,,,,,,,intentional full-scale reference
analysis/moving_averages/figures/emotion_amusement/pop.png,moving_average_individual_genre,equal-weight 12-month mean; rank-weighted 12-month sensitivity,y,linear,0.002033170892,0.07128010401,0.069246933118,0,0.077,0.077,0.899310819714,"[{""axis_max"": 0.077, ""axis_min"": 0.0, ""axis_span"": 0.077, ""primary_max"": 0.07128010401, ""primary_min"": 0.002033170892, ""primary_span"": 0.069246933118, ""utilization_ratio"": 0.8993108197142856}]",Primary rolling range uses under 25% of old Y-axis; raw/global/domain scale dominates,Scale only finite displayed rolling series; exterior legend; readable count panel; 300 dpi,True,analysis/moving_averages/figures/emotion_amusement/pop_full_scale.png,14,Y-axis follows displayed 12-month means; classifier scores range 0–1. Raw monthly context: 14 values outside view.,True,src/moving_average_figures.py,False,zero to 1.08 × maximum qualifying raw mean across overall and ALL genres; capped at 1.02; floor 0.005,0.002033170892,0.07128010401,0,0.404249624532,0.171297458095,,reviewed by family; no unresolved presentation issue
analysis/moving_averages/figures/emotion_amusement/pop_full_scale.png,moving_average_individual_genre,equal-weight/rank-weighted rolling means; full-domain reference,y,linear,0.002033170892,0.07128010401,0.069246933118,0,1,1,0.069246933118,"[{""axis_max"": 1.0, ""axis_min"": 0.0, ""axis_span"": 1.0, ""primary_max"": 0.07128010401, ""primary_min"": 0.002033170892, ""primary_span"": 0.069246933118, ""utilization_ratio"": 0.069246933118}]",,Full-domain companion preserves every qualifying raw monthly value,False,,0,,True,src/moving_average_figures.py,True,New companion reference,,,,,,,intentional full-scale reference
analysis/moving_averages/figures/emotion_amusement/r_b_soul.png,moving_average_individual_genre,equal-weight 12-month mean; rank-weighted 12-month sensitivity,y,linear,0.002240736993,0.05082832397,0.048587586977,0,0.055,0.055,0.883410672309,"[{""axis_max"": 0.055, ""axis_min"": 0.0, ""axis_span"": 0.055, ""primary_max"": 0.05082832397, ""primary_min"": 0.002240736993, ""primary_span"": 0.048587586977, ""utilization_ratio"": 0.8834106723090909}]",Primary rolling range uses under 25% of old Y-axis; raw/global/domain scale dominates,Scale only finite displayed rolling series; exterior legend; readable count panel; 300 dpi,True,analysis/moving_averages/figures/emotion_amusement/r_b_soul_full_scale.png,32,Y-axis follows displayed 12-month means; classifier scores range 0–1. Raw monthly context: 32 values outside view.,True,src/moving_average_figures.py,False,zero to 1.08 × maximum qualifying raw mean across overall and ALL genres; capped at 1.02; floor 0.005,0.002240736993,0.05082832397,0,0.404249624532,0.12019203984,,reviewed by family; no unresolved presentation issue
analysis/moving_averages/figures/emotion_amusement/r_b_soul_full_scale.png,moving_average_individual_genre,equal-weight/rank-weighted rolling means; full-domain reference,y,linear,0.002240736993,0.05082832397,0.048587586977,0,1,1,0.048587586977,"[{""axis_max"": 1.0, ""axis_min"": 0.0, ""axis_span"": 1.0, ""primary_max"": 0.05082832397, ""primary_min"": 0.002240736993, ""primary_span"": 0.048587586977, ""utilization_ratio"": 0.048587586977}]",,Full-domain companion preserves every qualifying raw monthly value,False,,0,,True,src/moving_average_figures.py,True,New companion reference,,,,,,,intentional full-scale reference
analysis/moving_averages/figures/emotion_amusement/rank_sensitivity.png,moving_average_rank_sensitivity,equal-weight 12-month mean; rank-weighted 12-month sensitivity,y,linear,0.005690789016,0.04082689798,0.035136108964,0.002,0.044,0.042,0.836574022952,"[{""axis_max"": 0.044, ""axis_min"": 0.002, ""axis_span"": 0.041999999999999996, ""primary_max"": 0.04082689798, ""primary_min"": 0.005690789016, ""primary_span"": 0.035136108964, ""utilization_ratio"": 0.8365740229523809}]",Primary rolling range uses under 25% of old Y-axis; raw/global/domain scale dominates,Scale only finite displayed rolling series; exterior legend; readable count panel; 300 dpi,False,,0,Y-axis follows displayed 12-month means; classifier scores range 0–1.,True,src/moving_average_figures.py,False,zero to 1.08 × maximum qualifying raw mean across overall and ALL genres; capped at 1.02; floor 0.005,0.005690789016,0.04082689798,0,0.404249624532,0.086916862334,,reviewed by family; no unresolved presentation issue
analysis/moving_averages/figures/emotion_amusement/rock.png,moving_average_individual_genre,equal-weight 12-month mean; rank-weighted 12-month sensitivity,y,linear,0.001840647281,0.04736311675,0.045522469469,0,0.052,0.052,0.875432105173,"[{""axis_max"": 0.052000000000000005, ""axis_min"": 0.0, ""axis_span"": 0.052000000000000005, ""primary_max"": 0.04736311675, ""primary_min"": 0.001840647281, ""primary_span"": 0.045522469469, ""utilization_ratio"": 0.8754321051730769}]",Primary rolling range uses under 25% of old Y-axis; raw/global/domain scale dominates,Scale only finite displayed rolling series; exterior legend; readable count panel; 300 dpi,True,analysis/moving_averages/figures/emotion_amusement/rock_full_scale.png,25,Y-axis follows displayed 12-month means; classifier scores range 0–1. Raw monthly context: 25 values outside view.,True,src/moving_average_figures.py,False,zero to 1.08 × maximum qualifying raw mean across overall and ALL genres; capped at 1.02; floor 0.005,0.001840647281,0.04736311675,0,0.404249624532,0.112609800248,,reviewed by family; no unresolved presentation issue
analysis/moving_averages/figures/emotion_amusement/rock_full_scale.png,moving_average_individual_genre,equal-weight/rank-weighted rolling means; full-domain reference,y,linear,0.001840647281,0.04736311675,0.045522469469,0,1,1,0.045522469469,"[{""axis_max"": 1.0, ""axis_min"": 0.0, ""axis_span"": 1.0, ""primary_max"": 0.04736311675, ""primary_min"": 0.001840647281, ""primary_span"": 0.045522469469, ""utilization_ratio"": 0.045522469469}]",,Full-domain companion preserves every qualifying raw monthly value,False,,0,,True,src/moving_average_figures.py,True,New companion reference,,,,,,,intentional full-scale reference
analysis/moving_averages/figures/emotion_anger/alternative_indie.png,moving_average_individual_genre,equal-weight 12-month mean; rank-weighted 12-month sensitivity,y,linear,0.004823336405,0.07269792483,0.067874588425,0,0.079,0.079,0.85917200538,"[{""axis_max"": 0.079, ""axis_min"": 0.0, ""axis_span"": 0.079, ""primary_max"": 0.07269792483, ""primary_min"": 0.004823336405, ""primary_span"": 0.067874588425, ""utilization_ratio"": 0.8591720053797467}]",Primary rolling range uses 25–50% of old Y-axis; reviewed against raw/global scale,Scale only finite displayed rolling series; exterior legend; readable count panel; 300 dpi,True,analysis/moving_averages/figures/emotion_anger/alternative_indie_full_scale.png,8,Y-axis follows displayed 12-month means; classifier scores range 0–1. Raw monthly context: 8 values outside view.,True,src/moving_average_figures.py,False,zero to 1.08 × maximum qualifying raw mean across overall and ALL genres; capped at 1.02; floor 0.005,0.004823336405,0.07269792483,0,0.23755070286,0.285726742156,,reviewed by family; no unresolved presentation issue
analysis/moving_averages/figures/emotion_anger/alternative_indie_full_scale.png,moving_average_individual_genre,equal-weight/rank-weighted rolling means; full-domain reference,y,linear,0.004823336405,0.07269792483,0.067874588425,0,1,1,0.067874588425,"[{""axis_max"": 1.0, ""axis_min"": 0.0, ""axis_span"": 1.0, ""primary_max"": 0.07269792483, ""primary_min"": 0.004823336405, ""primary_span"": 0.067874588425, ""utilization_ratio"": 0.067874588425}]",,Full-domain companion preserves every qualifying raw monthly value,False,,0,,True,src/moving_average_figures.py,True,New companion reference,,,,,,,intentional full-scale reference
analysis/moving_averages/figures/emotion_anger/country.png,moving_average_individual_genre,equal-weight 12-month mean; rank-weighted 12-month sensitivity,y,linear,0.003580461724,0.03625566743,0.032675205706,0,0.039,0.039,0.837825787333,"[{""axis_max"": 0.039, ""axis_min"": 0.0, ""axis_span"": 0.039, ""primary_max"": 0.03625566743, ""primary_min"": 0.003580461724, ""primary_span"": 0.032675205706, ""utilization_ratio"": 0.8378257873333333}]",Primary rolling range uses under 25% of old Y-axis; raw/global/domain scale dominates,Scale only finite displayed rolling series; exterior legend; readable count panel; 300 dpi,True,analysis/moving_averages/figures/emotion_anger/country_full_scale.png,17,Y-axis follows displayed 12-month means; classifier scores range 0–1. Raw monthly context: 17 values outside view.,True,src/moving_average_figures.py,False,zero to 1.08 × maximum qualifying raw mean across overall and ALL genres; capped at 1.02; floor 0.005,0.003580461724,0.03625566743,0,0.23755070286,0.137550448442,,reviewed by family; no unresolved presentation issue
analysis/moving_averages/figures/emotion_anger/country_full_scale.png,moving_average_individual_genre,equal-weight/rank-weighted rolling means; full-domain reference,y,linear,0.003580461724,0.03625566743,0.032675205706,0,1,1,0.032675205706,"[{""axis_max"": 1.0, ""axis_min"": 0.0, ""axis_span"": 1.0, ""primary_max"": 0.03625566743, ""primary_min"": 0.003580461724, ""primary_span"": 0.032675205706, ""utilization_ratio"": 0.032675205706}]",,Full-domain companion preserves every qualifying raw monthly value,False,,0,,True,src/moving_average_figures.py,True,New companion reference,,,,,,,intentional full-scale reference
analysis/moving_averages/figures/emotion_anger/electronic_dance.png,moving_average_individual_genre,equal-weight 12-month mean; rank-weighted 12-month sensitivity,y,linear,0.005788633257,0.04617177755,0.040383144293,0.002,0.05,0.048,0.841315506104,"[{""axis_max"": 0.05, ""axis_min"": 0.002, ""axis_span"": 0.048, ""primary_max"": 0.04617177755, ""primary_min"": 0.005788633257, ""primary_span"": 0.040383144293, ""utilization_ratio"": 0.8413155061041667}]",Primary rolling range uses under 25% of old Y-axis; raw/global/domain scale dominates,Scale only finite displayed rolling series; exterior legend; readable count panel; 300 dpi,True,analysis/moving_averages/figures/emotion_anger/electronic_dance_full_scale.png,11,Y-axis follows displayed 12-month means; classifier scores range 0–1. Raw monthly context: 11 values outside view.,True,src/moving_average_figures.py,False,zero to 1.08 × maximum qualifying raw mean across overall and ALL genres; capped at 1.02; floor 0.005,0.005788633257,0.04617177755,0,0.23755070286,0.169997999614,,reviewed by family; no unresolved presentation issue
analysis/moving_averages/figures/emotion_anger/electronic_dance_full_scale.png,moving_average_individual_genre,equal-weight/rank-weighted rolling means; full-domain reference,y,linear,0.005788633257,0.04617177755,0.040383144293,0,1,1,0.040383144293,"[{""axis_max"": 1.0, ""axis_min"": 0.0, ""axis_span"": 1.0, ""primary_max"": 0.04617177755, ""primary_min"": 0.005788633257, ""primary_span"": 0.040383144293, ""utilization_ratio"": 0.040383144293}]",,Full-domain companion preserves every qualifying raw monthly value,False,,0,,True,src/moving_average_figures.py,True,New companion reference,,,,,,,intentional full-scale reference
analysis/moving_averages/figures/emotion_anger/hip_hop_rap.png,moving_average_individual_genre,equal-weight 12-month mean; rank-weighted 12-month sensitivity,y,linear,0.01583127938,0.1310931342,0.11526185482,0,0.15,0.15,0.768412365467,"[{""axis_max"": 0.15, ""axis_min"": 0.0, ""axis_span"": 0.15, ""primary_max"": 0.1310931342, ""primary_min"": 0.01583127938, ""primary_span"": 0.11526185481999998, ""utilization_ratio"": 0.7684123654666666}]",Primary rolling range uses 25–50% of old Y-axis; reviewed against raw/global scale,Scale only finite displayed rolling series; exterior legend; readable count panel; 300 dpi,True,analysis/moving_averages/figures/emotion_anger/hip_hop_rap_full_scale.png,3,Y-axis follows displayed 12-month means; classifier scores range 0–1. Raw monthly context: 3 values outside view.,True,src/moving_average_figures.py,False,zero to 1.08 × maximum qualifying raw mean across overall and ALL genres; capped at 1.02; floor 0.005,0.01583127938,0.1310931342,0,0.23755070286,0.485209487626,,reviewed by family; no unresolved presentation issue
analysis/moving_averages/figures/emotion_anger/hip_hop_rap_full_scale.png,moving_average_individual_genre,equal-weight/rank-weighted rolling means; full-domain reference,y,linear,0.01583127938,0.1310931342,0.11526185482,0,1,1,0.11526185482,"[{""axis_max"": 1.0, ""axis_min"": 0.0, ""axis_span"": 1.0, ""primary_max"": 0.1310931342, ""primary_min"": 0.01583127938, ""primary_span"": 0.11526185481999998, ""utilization_ratio"": 0.11526185481999998}]",,Full-domain companion preserves every qualifying raw monthly value,False,,0,,True,src/moving_average_figures.py,True,New companion reference,,,,,,,intentional full-scale reference
analysis/moving_averages/figures/emotion_anger/major_genres.png,moving_average_major_genres,equal-weight 12-month mean,y,linear,0.004057814927,0.1310931342,0.127035319273,0,0.15,0.15,0.846902128487,"[{""axis_max"": 0.15, ""axis_min"": 0.0, ""axis_span"": 0.15, ""primary_max"": 0.1310931342, ""primary_min"": 0.004057814927, ""primary_span"": 0.127035319273, ""utilization_ratio"": 0.8469021284866667}]",,Scale only finite displayed rolling series; exterior legend; readable count panel; 300 dpi,False,,0,Y-axis follows displayed 12-month means; classifier scores range 0–1.,True,src/moving_average_figures.py,False,zero to 1.08 × maximum qualifying raw mean across overall and ALL genres; capped at 1.02; floor 0.005,0.004057814927,0.1310931342,0,0.23755070286,0.534771388775,,reviewed by family; no unresolved presentation issue
analysis/moving_averages/figures/emotion_anger/overall.png,moving_average_overall,equal-weight 12-month mean,y,linear,0.007249986908,0.05964092549,0.052390938582,0.003,0.064,0.061,0.858867845607,"[{""axis_max"": 0.064, ""axis_min"": 0.003, ""axis_span"": 0.061, ""primary_max"": 0.05964092549, ""primary_min"": 0.007249986908, ""primary_span"": 0.052390938582, ""utilization_ratio"": 0.8588678456065574}]",Primary rolling range uses under 25% of old Y-axis; raw/global/domain scale dominates,Scale only finite displayed rolling series; exterior legend; readable count panel; 300 dpi,True,analysis/moving_averages/figures/emotion_anger/overall_full_scale.png,7,Y-axis follows displayed 12-month means; classifier scores range 0–1. Raw monthly context: 7 values outside view.,True,src/moving_average_figures.py,False,zero to 1.08 × maximum qualifying raw mean across overall and ALL genres; capped at 1.02; floor 0.005,0.007249986908,0.05964092549,0,0.23755070286,0.220546342112,,reviewed by family; no unresolved presentation issue
analysis/moving_averages/figures/emotion_anger/overall_full_scale.png,moving_average_overall,equal-weight/rank-weighted rolling means; full-domain reference,y,linear,0.007249986908,0.05964092549,0.052390938582,0,1,1,0.052390938582,"[{""axis_max"": 1.0, ""axis_min"": 0.0, ""axis_span"": 1.0, ""primary_max"": 0.05964092549, ""primary_min"": 0.007249986908, ""primary_span"": 0.052390938582, ""utilization_ratio"": 0.052390938582}]",,Full-domain companion preserves every qualifying raw monthly value,False,,0,,True,src/moving_average_figures.py,True,New companion reference,,,,,,,intentional full-scale reference
analysis/moving_averages/figures/emotion_anger/pop.png,moving_average_individual_genre,equal-weight 12-month mean; rank-weighted 12-month sensitivity,y,linear,0.005291774111,0.0532103147,0.047918540589,0.001,0.058,0.057,0.840676150684,"[{""axis_max"": 0.058, ""axis_min"": 0.001, ""axis_span"": 0.057, ""primary_max"": 0.0532103147, ""primary_min"": 0.005291774111, ""primary_span"": 0.047918540589, ""utilization_ratio"": 0.8406761506842104}]",Primary rolling range uses under 25% of old Y-axis; raw/global/domain scale dominates,Scale only finite displayed rolling series; exterior legend; readable count panel; 300 dpi,True,analysis/moving_averages/figures/emotion_anger/pop_full_scale.png,9,Y-axis follows displayed 12-month means; classifier scores range 0–1. Raw monthly context: 9 values outside view.,True,src/moving_average_figures.py,False,zero to 1.08 × maximum qualifying raw mean across overall and ALL genres; capped at 1.02; floor 0.005,0.005291774111,0.0532103147,0,0.23755070286,0.201719211992,,reviewed by family; no unresolved presentation issue
analysis/moving_averages/figures/emotion_anger/pop_full_scale.png,moving_average_individual_genre,equal-weight/rank-weighted rolling means; full-domain reference,y,linear,0.005291774111,0.0532103147,0.047918540589,0,1,1,0.047918540589,"[{""axis_max"": 1.0, ""axis_min"": 0.0, ""axis_span"": 1.0, ""primary_max"": 0.0532103147, ""primary_min"": 0.005291774111, ""primary_span"": 0.047918540589, ""utilization_ratio"": 0.047918540589}]",,Full-domain companion preserves every qualifying raw monthly value,False,,0,,True,src/moving_average_figures.py,True,New companion reference,,,,,,,intentional full-scale reference
analysis/moving_averages/figures/emotion_anger/r_b_soul.png,moving_average_individual_genre,equal-weight 12-month mean; rank-weighted 12-month sensitivity,y,linear,0.005511989431,0.06729229204,0.061780302609,0,0.073,0.073,0.846305515192,"[{""axis_max"": 0.073, ""axis_min"": 0.0, ""axis_span"": 0.073, ""primary_max"": 0.06729229204, ""primary_min"": 0.005511989431, ""primary_span"": 0.061780302609000005, ""utilization_ratio"": 0.846305515191781}]",Primary rolling range uses 25–50% of old Y-axis; reviewed against raw/global scale,Scale only finite displayed rolling series; exterior legend; readable count panel; 300 dpi,True,analysis/moving_averages/figures/emotion_anger/r_b_soul_full_scale.png,22,Y-axis follows displayed 12-month means; classifier scores range 0–1. Raw monthly context: 22 values outside view.,True,src/moving_average_figures.py,False,zero to 1.08 × maximum qualifying raw mean across overall and ALL genres; capped at 1.02; floor 0.005,0.005511989431,0.06729229204,0,0.23755070286,0.260072068258,,reviewed by family; no unresolved presentation issue
analysis/moving_averages/figures/emotion_anger/r_b_soul_full_scale.png,moving_average_individual_genre,equal-weight/rank-weighted rolling means; full-domain reference,y,linear,0.005511989431,0.06729229204,0.061780302609,0,1,1,0.061780302609,"[{""axis_max"": 1.0, ""axis_min"": 0.0, ""axis_span"": 1.0, ""primary_max"": 0.06729229204, ""primary_min"": 0.005511989431, ""primary_span"": 0.061780302609000005, ""utilization_ratio"": 0.061780302609000005}]",,Full-domain companion preserves every qualifying raw monthly value,False,,0,,True,src/moving_average_figures.py,True,New companion reference,,,,,,,intentional full-scale reference
analysis/moving_averages/figures/emotion_anger/rank_sensitivity.png,moving_average_rank_sensitivity,equal-weight 12-month mean; rank-weighted 12-month sensitivity,y,linear,0.007120933185,0.05964092549,0.052519992305,0.002,0.064,0.062,0.847096650081,"[{""axis_max"": 0.064, ""axis_min"": 0.002, ""axis_span"": 0.062, ""primary_max"": 0.05964092549, ""primary_min"": 0.007120933185, ""primary_span"": 0.052519992305000006, ""utilization_ratio"": 0.8470966500806453}]",Primary rolling range uses under 25% of old Y-axis; raw/global/domain scale dominates,Scale only finite displayed rolling series; exterior legend; readable count panel; 300 dpi,False,,0,Y-axis follows displayed 12-month means; classifier scores range 0–1.,True,src/moving_average_figures.py,False,zero to 1.08 × maximum qualifying raw mean across overall and ALL genres; capped at 1.02; floor 0.005,0.007120933185,0.05964092549,0,0.23755070286,0.221089610229,,reviewed by family; no unresolved presentation issue
analysis/moving_averages/figures/emotion_anger/rock.png,moving_average_individual_genre,equal-weight 12-month mean; rank-weighted 12-month sensitivity,y,linear,0.004918818076,0.04697226734,0.042053449264,0.001,0.051,0.05,0.84106898528,"[{""axis_max"": 0.051000000000000004, ""axis_min"": 0.001, ""axis_span"": 0.05, ""primary_max"": 0.04697226734, ""primary_min"": 0.004918818076, ""primary_span"": 0.042053449263999995, ""utilization_ratio"": 0.8410689852799998}]",Primary rolling range uses under 25% of old Y-axis; raw/global/domain scale dominates,Scale only finite displayed rolling series; exterior legend; readable count panel; 300 dpi,True,analysis/moving_averages/figures/emotion_anger/rock_full_scale.png,19,Y-axis follows displayed 12-month means; classifier scores range 0–1. Raw monthly context: 19 values outside view.,True,src/moving_average_figures.py,False,zero to 1.08 × maximum qualifying raw mean across overall and ALL genres; capped at 1.02; floor 0.005,0.004918818076,0.04697226734,0,0.23755070286,0.177029361554,,reviewed by family; no unresolved presentation issue
analysis/moving_averages/figures/emotion_anger/rock_full_scale.png,moving_average_individual_genre,equal-weight/rank-weighted rolling means; full-domain reference,y,linear,0.004918818076,0.04697226734,0.042053449264,0,1,1,0.042053449264,"[{""axis_max"": 1.0, ""axis_min"": 0.0, ""axis_span"": 1.0, ""primary_max"": 0.04697226734, ""primary_min"": 0.004918818076, ""primary_span"": 0.042053449263999995, ""utilization_ratio"": 0.042053449263999995}]",,Full-domain companion preserves every qualifying raw monthly value,False,,0,,True,src/moving_average_figures.py,True,New companion reference,,,,,,,intentional full-scale reference
analysis/moving_averages/figures/emotion_annoyance/alternative_indie.png,moving_average_individual_genre,equal-weight 12-month mean; rank-weighted 12-month sensitivity,y,linear,0.02814082746,0.127646304,0.09950547654,0.02,0.14,0.12,0.8292123045,"[{""axis_max"": 0.14, ""axis_min"": 0.02, ""axis_span"": 0.12000000000000001, ""primary_max"": 0.127646304, ""primary_min"": 0.02814082746, ""primary_span"": 0.09950547653999998, ""utilization_ratio"": 0.8292123044999998}]",Primary rolling range uses 25–50% of old Y-axis; reviewed against raw/global scale,Scale only finite displayed rolling series; exterior legend; readable count panel; 300 dpi,True,analysis/moving_averages/figures/emotion_annoyance/alternative_indie_full_scale.png,19,Y-axis follows displayed 12-month means; classifier scores range 0–1. Raw monthly context: 19 values outside view.,True,src/moving_average_figures.py,False,zero to 1.08 × maximum qualifying raw mean across overall and ALL genres; capped at 1.02; floor 0.005,0.02814082746,0.127646304,0,0.33149246868,0.300174169676,,reviewed by family; no unresolved presentation issue
analysis/moving_averages/figures/emotion_annoyance/alternative_indie_full_scale.png,moving_average_individual_genre,equal-weight/rank-weighted rolling means; full-domain reference,y,linear,0.02814082746,0.127646304,0.09950547654,0,1,1,0.09950547654,"[{""axis_max"": 1.0, ""axis_min"": 0.0, ""axis_span"": 1.0, ""primary_max"": 0.127646304, ""primary_min"": 0.02814082746, ""primary_span"": 0.09950547653999998, ""utilization_ratio"": 0.09950547653999998}]",,Full-domain companion preserves every qualifying raw monthly value,False,,0,,True,src/moving_average_figures.py,True,New companion reference,,,,,,,intentional full-scale reference
analysis/moving_averages/figures/emotion_annoyance/country.png,moving_average_individual_genre,equal-weight 12-month mean; rank-weighted 12-month sensitivity,y,linear,0.01512193307,0.1588658389,0.14374390583,0,0.18,0.18,0.798577254611,"[{""axis_max"": 0.18, ""axis_min"": 0.0, ""axis_span"": 0.18, ""primary_max"": 0.1588658389, ""primary_min"": 0.01512193307, ""primary_span"": 0.14374390583, ""utilization_ratio"": 0.7985772546111111}]",Primary rolling range uses 25–50% of old Y-axis; reviewed against raw/global scale,Scale only finite displayed rolling series; exterior legend; readable count panel; 300 dpi,False,,0,Y-axis follows displayed 12-month means; classifier scores range 0–1. Raw monthly context: 0 values outside view.,True,src/moving_average_figures.py,False,zero to 1.08 × maximum qualifying raw mean across overall and ALL genres; capped at 1.02; floor 0.005,0.01512193307,0.1588658389,0,0.33149246868,0.433626460361,,reviewed by family; no unresolved presentation issue
analysis/moving_averages/figures/emotion_annoyance/electronic_dance.png,moving_average_individual_genre,equal-weight 12-month mean; rank-weighted 12-month sensitivity,y,linear,0.015120596,0.05564791991,0.04052732391,0.011,0.059,0.048,0.844319248125,"[{""axis_max"": 0.059000000000000004, ""axis_min"": 0.011, ""axis_span"": 0.048, ""primary_max"": 0.05564791991, ""primary_min"": 0.015120596, ""primary_span"": 0.04052732391, ""utilization_ratio"": 0.844319248125}]",Primary rolling range uses under 25% of old Y-axis; raw/global/domain scale dominates,Scale only finite displayed rolling series; exterior legend; readable count panel; 300 dpi,True,analysis/moving_averages/figures/emotion_annoyance/electronic_dance_full_scale.png,47,Y-axis follows displayed 12-month means; classifier scores range 0–1. Raw monthly context: 47 values outside view.,True,src/moving_average_figures.py,False,zero to 1.08 × maximum qualifying raw mean across overall and ALL genres; capped at 1.02; floor 0.005,0.015120596,0.05564791991,0,0.33149246868,0.122257148319,,reviewed by family; no unresolved presentation issue
analysis/moving_averages/figures/emotion_annoyance/electronic_dance_full_scale.png,moving_average_individual_genre,equal-weight/rank-weighted rolling means; full-domain reference,y,linear,0.015120596,0.05564791991,0.04052732391,0,1,1,0.04052732391,"[{""axis_max"": 1.0, ""axis_min"": 0.0, ""axis_span"": 1.0, ""primary_max"": 0.05564791991, ""primary_min"": 0.015120596, ""primary_span"": 0.04052732391, ""utilization_ratio"": 0.04052732391}]",,Full-domain companion preserves every qualifying raw monthly value,False,,0,,True,src/moving_average_figures.py,True,New companion reference,,,,,,,intentional full-scale reference
analysis/moving_averages/figures/emotion_annoyance/hip_hop_rap.png,moving_average_individual_genre,equal-weight 12-month mean; rank-weighted 12-month sensitivity,y,linear,0.04345683215,0.1884792784,0.14502244625,0.03,0.21,0.18,0.805680256944,"[{""axis_max"": 0.21, ""axis_min"": 0.03, ""axis_span"": 0.18, ""primary_max"": 0.1884792784, ""primary_min"": 0.04345683215, ""primary_span"": 0.14502244625, ""utilization_ratio"": 0.8056802569444445}]",Primary rolling range uses 25–50% of old Y-axis; reviewed against raw/global scale,Scale only finite displayed rolling series; exterior legend; readable count panel; 300 dpi,True,analysis/moving_averages/figures/emotion_annoyance/hip_hop_rap_full_scale.png,8,Y-axis follows displayed 12-month means; classifier scores range 0–1. Raw monthly context: 8 values outside view.,True,src/moving_average_figures.py,False,zero to 1.08 × maximum qualifying raw mean across overall and ALL genres; capped at 1.02; floor 0.005,0.04345683215,0.1884792784,0,0.33149246868,0.437483381832,,reviewed by family; no unresolved presentation issue
analysis/moving_averages/figures/emotion_annoyance/hip_hop_rap_full_scale.png,moving_average_individual_genre,equal-weight/rank-weighted rolling means; full-domain reference,y,linear,0.04345683215,0.1884792784,0.14502244625,0,1,1,0.14502244625,"[{""axis_max"": 1.0, ""axis_min"": 0.0, ""axis_span"": 1.0, ""primary_max"": 0.1884792784, ""primary_min"": 0.04345683215, ""primary_span"": 0.14502244625, ""utilization_ratio"": 0.14502244625}]",,Full-domain companion preserves every qualifying raw monthly value,False,,0,,True,src/moving_average_figures.py,True,New companion reference,,,,,,,intentional full-scale reference
analysis/moving_averages/figures/emotion_annoyance/major_genres.png,moving_average_major_genres,equal-weight 12-month mean,y,linear,0.01292899733,0.1884792784,0.17555028107,0,0.21,0.21,0.835953719381,"[{""axis_max"": 0.21, ""axis_min"": 0.0, ""axis_span"": 0.21, ""primary_max"": 0.1884792784, ""primary_min"": 0.01292899733, ""primary_span"": 0.17555028107, ""utilization_ratio"": 0.8359537193809524}]",,Scale only finite displayed rolling series; exterior legend; readable count panel; 300 dpi,False,,0,Y-axis follows displayed 12-month means; classifier scores range 0–1.,True,src/moving_average_figures.py,False,zero to 1.08 × maximum qualifying raw mean across overall and ALL genres; capped at 1.02; floor 0.005,0.01292899733,0.1884792784,0,0.33149246868,0.529575473521,,reviewed by family; no unresolved presentation issue
analysis/moving_averages/figures/emotion_annoyance/overall.png,moving_average_overall,equal-weight 12-month mean,y,linear,0.01893121874,0.1116899663,0.09275874756,0.01,0.12,0.11,0.843261341455,"[{""axis_max"": 0.12, ""axis_min"": 0.01, ""axis_span"": 0.11, ""primary_max"": 0.1116899663, ""primary_min"": 0.01893121874, ""primary_span"": 0.09275874756, ""utilization_ratio"": 0.8432613414545453}]",Primary rolling range uses 25–50% of old Y-axis; reviewed against raw/global scale,Scale only finite displayed rolling series; exterior legend; readable count panel; 300 dpi,True,analysis/moving_averages/figures/emotion_annoyance/overall_full_scale.png,6,Y-axis follows displayed 12-month means; classifier scores range 0–1. Raw monthly context: 6 values outside view.,True,src/moving_average_figures.py,False,zero to 1.08 × maximum qualifying raw mean across overall and ALL genres; capped at 1.02; floor 0.005,0.01893121874,0.1116899663,0,0.33149246868,0.279821583668,,reviewed by family; no unresolved presentation issue
analysis/moving_averages/figures/emotion_annoyance/overall_full_scale.png,moving_average_overall,equal-weight/rank-weighted rolling means; full-domain reference,y,linear,0.01893121874,0.1116899663,0.09275874756,0,1,1,0.09275874756,"[{""axis_max"": 1.0, ""axis_min"": 0.0, ""axis_span"": 1.0, ""primary_max"": 0.1116899663, ""primary_min"": 0.01893121874, ""primary_span"": 0.09275874756, ""utilization_ratio"": 0.09275874756}]",,Full-domain companion preserves every qualifying raw monthly value,False,,0,,True,src/moving_average_figures.py,True,New companion reference,,,,,,,intentional full-scale reference
analysis/moving_averages/figures/emotion_annoyance/pop.png,moving_average_individual_genre,equal-weight 12-month mean; rank-weighted 12-month sensitivity,y,linear,0.01205038694,0.1547361498,0.14268576286,0,0.17,0.17,0.839328016824,"[{""axis_max"": 0.17, ""axis_min"": 0.0, ""axis_span"": 0.17, ""primary_max"": 0.1547361498, ""primary_min"": 0.01205038694, ""primary_span"": 0.14268576286, ""utilization_ratio"": 0.8393280168235294}]",Primary rolling range uses 25–50% of old Y-axis; reviewed against raw/global scale,Scale only finite displayed rolling series; exterior legend; readable count panel; 300 dpi,True,analysis/moving_averages/figures/emotion_annoyance/pop_full_scale.png,2,Y-axis follows displayed 12-month means; classifier scores range 0–1. Raw monthly context: 2 values outside view.,True,src/moving_average_figures.py,False,zero to 1.08 × maximum qualifying raw mean across overall and ALL genres; capped at 1.02; floor 0.005,0.01205038694,0.1547361498,0,0.33149246868,0.430434403014,,reviewed by family; no unresolved presentation issue
analysis/moving_averages/figures/emotion_annoyance/pop_full_scale.png,moving_average_individual_genre,equal-weight/rank-weighted rolling means; full-domain reference,y,linear,0.01205038694,0.1547361498,0.14268576286,0,1,1,0.14268576286,"[{""axis_max"": 1.0, ""axis_min"": 0.0, ""axis_span"": 1.0, ""primary_max"": 0.1547361498, ""primary_min"": 0.01205038694, ""primary_span"": 0.14268576286, ""utilization_ratio"": 0.14268576286}]",,Full-domain companion preserves every qualifying raw monthly value,False,,0,,True,src/moving_average_figures.py,True,New companion reference,,,,,,,intentional full-scale reference
analysis/moving_averages/figures/emotion_annoyance/r_b_soul.png,moving_average_individual_genre,equal-weight 12-month mean; rank-weighted 12-month sensitivity,y,linear,0.01352893686,0.1055504888,0.09202155194,0,0.12,0.12,0.766846266167,"[{""axis_max"": 0.12, ""axis_min"": 0.0, ""axis_span"": 0.12, ""primary_max"": 0.1055504888, ""primary_min"": 0.01352893686, ""primary_span"": 0.09202155194, ""utilization_ratio"": 0.7668462661666667}]",Primary rolling range uses 25–50% of old Y-axis; reviewed against raw/global scale,Scale only finite displayed rolling series; exterior legend; readable count panel; 300 dpi,True,analysis/moving_averages/figures/emotion_annoyance/r_b_soul_full_scale.png,33,Y-axis follows displayed 12-month means; classifier scores range 0–1. Raw monthly context: 33 values outside view.,True,src/moving_average_figures.py,False,zero to 1.08 × maximum qualifying raw mean across overall and ALL genres; capped at 1.02; floor 0.005,0.01352893686,0.1055504888,0,0.33149246868,0.277597715286,,reviewed by family; no unresolved presentation issue
analysis/moving_averages/figures/emotion_annoyance/r_b_soul_full_scale.png,moving_average_individual_genre,equal-weight/rank-weighted rolling means; full-domain reference,y,linear,0.01352893686,0.1055504888,0.09202155194,0,1,1,0.09202155194,"[{""axis_max"": 1.0, ""axis_min"": 0.0, ""axis_span"": 1.0, ""primary_max"": 0.1055504888, ""primary_min"": 0.01352893686, ""primary_span"": 0.09202155194, ""utilization_ratio"": 0.09202155194}]",,Full-domain companion preserves every qualifying raw monthly value,False,,0,,True,src/moving_average_figures.py,True,New companion reference,,,,,,,intentional full-scale reference
analysis/moving_averages/figures/emotion_annoyance/rank_sensitivity.png,moving_average_rank_sensitivity,equal-weight 12-month mean; rank-weighted 12-month sensitivity,y,linear,0.01832985955,0.1197506933,0.10142083375,0.01,0.13,0.12,0.845173614583,"[{""axis_max"": 0.13, ""axis_min"": 0.01, ""axis_span"": 0.12000000000000001, ""primary_max"": 0.1197506933, ""primary_min"": 0.01832985955, ""primary_span"": 0.10142083375, ""utilization_ratio"": 0.8451736145833332}]",Primary rolling range uses 25–50% of old Y-axis; reviewed against raw/global scale,Scale only finite displayed rolling series; exterior legend; readable count panel; 300 dpi,False,,0,Y-axis follows displayed 12-month means; classifier scores range 0–1.,True,src/moving_average_figures.py,False,zero to 1.08 × maximum qualifying raw mean across overall and ALL genres; capped at 1.02; floor 0.005,0.01832985955,0.1197506933,0,0.33149246868,0.30595215075,,reviewed by family; no unresolved presentation issue
analysis/moving_averages/figures/emotion_annoyance/rock.png,moving_average_individual_genre,equal-weight 12-month mean; rank-weighted 12-month sensitivity,y,linear,0.01611898942,0.09696555593,0.08084656651,0.009,0.104,0.095,0.851016489579,"[{""axis_max"": 0.10400000000000001, ""axis_min"": 0.009000000000000001, ""axis_span"": 0.095, ""primary_max"": 0.09696555593, ""primary_min"": 0.01611898942, ""primary_span"": 0.08084656651, ""utilization_ratio"": 0.8510164895789473}]",Primary rolling range uses under 25% of old Y-axis; raw/global/domain scale dominates,Scale only finite displayed rolling series; exterior legend; readable count panel; 300 dpi,True,analysis/moving_averages/figures/emotion_annoyance/rock_full_scale.png,19,Y-axis follows displayed 12-month means; classifier scores range 0–1. Raw monthly context: 19 values outside view.,True,src/moving_average_figures.py,False,zero to 1.08 × maximum qualifying raw mean across overall and ALL genres; capped at 1.02; floor 0.005,0.01611898942,0.09696555593,0,0.33149246868,0.243886586117,,reviewed by family; no unresolved presentation issue
analysis/moving_averages/figures/emotion_annoyance/rock_full_scale.png,moving_average_individual_genre,equal-weight/rank-weighted rolling means; full-domain reference,y,linear,0.01611898942,0.09696555593,0.08084656651,0,1,1,0.08084656651,"[{""axis_max"": 1.0, ""axis_min"": 0.0, ""axis_span"": 1.0, ""primary_max"": 0.09696555593, ""primary_min"": 0.01611898942, ""primary_span"": 0.08084656651, ""utilization_ratio"": 0.08084656651}]",,Full-domain companion preserves every qualifying raw monthly value,False,,0,,True,src/moving_average_figures.py,True,New companion reference,,,,,,,intentional full-scale reference
analysis/moving_averages/figures/emotion_approval/alternative_indie.png,moving_average_individual_genre,equal-weight 12-month mean; rank-weighted 12-month sensitivity,y,linear,0.02837541563,0.1069790232,0.07860360757,0.022,0.114,0.092,0.854387038804,"[{""axis_max"": 0.114, ""axis_min"": 0.022, ""axis_span"": 0.092, ""primary_max"": 0.1069790232, ""primary_min"": 0.02837541563, ""primary_span"": 0.07860360757, ""utilization_ratio"": 0.8543870388043479}]",Primary rolling range uses under 25% of old Y-axis; raw/global/domain scale dominates,Scale only finite displayed rolling series; exterior legend; readable count panel; 300 dpi,True,analysis/moving_averages/figures/emotion_approval/alternative_indie_full_scale.png,32,Y-axis follows displayed 12-month means; classifier scores range 0–1. Raw monthly context: 32 values outside view.,True,src/moving_average_figures.py,False,zero to 1.08 × maximum qualifying raw mean across overall and ALL genres; capped at 1.02; floor 0.005,0.02837541563,0.1069790232,0,0.363464784576,0.216261962384,,reviewed by family; no unresolved presentation issue
analysis/moving_averages/figures/emotion_approval/alternative_indie_full_scale.png,moving_average_individual_genre,equal-weight/rank-weighted rolling means; full-domain reference,y,linear,0.02837541563,0.1069790232,0.07860360757,0,1,1,0.07860360757,"[{""axis_max"": 1.0, ""axis_min"": 0.0, ""axis_span"": 1.0, ""primary_max"": 0.1069790232, ""primary_min"": 0.02837541563, ""primary_span"": 0.07860360757, ""utilization_ratio"": 0.07860360757}]",,Full-domain companion preserves every qualifying raw monthly value,False,,0,,True,src/moving_average_figures.py,True,New companion reference,,,,,,,intentional full-scale reference
analysis/moving_averages/figures/emotion_approval/country.png,moving_average_individual_genre,equal-weight 12-month mean; rank-weighted 12-month sensitivity,y,linear,0.02500736892,0.1073700105,0.08236264158,0.018,0.114,0.096,0.857944183125,"[{""axis_max"": 0.114, ""axis_min"": 0.018000000000000002, ""axis_span"": 0.096, ""primary_max"": 0.1073700105, ""primary_min"": 0.02500736892, ""primary_span"": 0.08236264158, ""utilization_ratio"": 0.8579441831250001}]",Primary rolling range uses under 25% of old Y-axis; raw/global/domain scale dominates,Scale only finite displayed rolling series; exterior legend; readable count panel; 300 dpi,True,analysis/moving_averages/figures/emotion_approval/country_full_scale.png,22,Y-axis follows displayed 12-month means; classifier scores range 0–1. Raw monthly context: 22 values outside view.,True,src/moving_average_figures.py,False,zero to 1.08 × maximum qualifying raw mean across overall and ALL genres; capped at 1.02; floor 0.005,0.02500736892,0.1073700105,0,0.363464784576,0.226604185812,,reviewed by family; no unresolved presentation issue
analysis/moving_averages/figures/emotion_approval/country_full_scale.png,moving_average_individual_genre,equal-weight/rank-weighted rolling means; full-domain reference,y,linear,0.02500736892,0.1073700105,0.08236264158,0,1,1,0.08236264158,"[{""axis_max"": 1.0, ""axis_min"": 0.0, ""axis_span"": 1.0, ""primary_max"": 0.1073700105, ""primary_min"": 0.02500736892, ""primary_span"": 0.08236264158, ""utilization_ratio"": 0.08236264158}]",,Full-domain companion preserves every qualifying raw monthly value,False,,0,,True,src/moving_average_figures.py,True,New companion reference,,,,,,,intentional full-scale reference
analysis/moving_averages/figures/emotion_approval/electronic_dance.png,moving_average_individual_genre,equal-weight 12-month mean; rank-weighted 12-month sensitivity,y,linear,0.02216943865,0.07267176736,0.05050232871,0.018,0.077,0.059,0.855971673051,"[{""axis_max"": 0.077, ""axis_min"": 0.018000000000000002, ""axis_span"": 0.059, ""primary_max"": 0.07267176736, ""primary_min"": 0.02216943865, ""primary_span"": 0.05050232871, ""utilization_ratio"": 0.8559716730508475}]",Primary rolling range uses under 25% of old Y-axis; raw/global/domain scale dominates,Scale only finite displayed rolling series; exterior legend; readable count panel; 300 dpi,True,analysis/moving_averages/figures/emotion_approval/electronic_dance_full_scale.png,51,Y-axis follows displayed 12-month means; classifier scores range 0–1. Raw monthly context: 51 values outside view.,True,src/moving_average_figures.py,False,zero to 1.08 × maximum qualifying raw mean across overall and ALL genres; capped at 1.02; floor 0.005,0.02216943865,0.07267176736,0,0.363464784576,0.138946965024,,reviewed by family; no unresolved presentation issue
analysis/moving_averages/figures/emotion_approval/electronic_dance_full_scale.png,moving_average_individual_genre,equal-weight/rank-weighted rolling means; full-domain reference,y,linear,0.02216943865,0.07267176736,0.05050232871,0,1,1,0.05050232871,"[{""axis_max"": 1.0, ""axis_min"": 0.0, ""axis_span"": 1.0, ""primary_max"": 0.07267176736, ""primary_min"": 0.02216943865, ""primary_span"": 0.05050232871, ""utilization_ratio"": 0.05050232871}]",,Full-domain companion preserves every qualifying raw monthly value,False,,0,,True,src/moving_average_figures.py,True,New companion reference,,,,,,,intentional full-scale reference
analysis/moving_averages/figures/emotion_approval/hip_hop_rap.png,moving_average_individual_genre,equal-weight 12-month mean; rank-weighted 12-month sensitivity,y,linear,0.02209781351,0.07393056902,0.05183275551,0.017,0.079,0.062,0.836012185645,"[{""axis_max"": 0.079, ""axis_min"": 0.017, ""axis_span"": 0.062, ""primary_max"": 0.07393056902, ""primary_min"": 0.02209781351, ""primary_span"": 0.05183275551, ""utilization_ratio"": 0.8360121856451613}]",Primary rolling range uses under 25% of old Y-axis; raw/global/domain scale dominates,Scale only finite displayed rolling series; exterior legend; readable count panel; 300 dpi,True,analysis/moving_averages/figures/emotion_approval/hip_hop_rap_full_scale.png,11,Y-axis follows displayed 12-month means; classifier scores range 0–1. Raw monthly context: 11 values outside view.,True,src/moving_average_figures.py,False,zero to 1.08 × maximum qualifying raw mean across overall and ALL genres; capped at 1.02; floor 0.005,0.02209781351,0.07393056902,0,0.363464784576,0.142607365857,,reviewed by family; no unresolved presentation issue
analysis/moving_averages/figures/emotion_approval/hip_hop_rap_full_scale.png,moving_average_individual_genre,equal-weight/rank-weighted rolling means; full-domain reference,y,linear,0.02209781351,0.07393056902,0.05183275551,0,1,1,0.05183275551,"[{""axis_max"": 1.0, ""axis_min"": 0.0, ""axis_span"": 1.0, ""primary_max"": 0.07393056902, ""primary_min"": 0.02209781351, ""primary_span"": 0.05183275551, ""utilization_ratio"": 0.05183275551}]",,Full-domain companion preserves every qualifying raw monthly value,False,,0,,True,src/moving_average_figures.py,True,New companion reference,,,,,,,intentional full-scale reference
analysis/moving_averages/figures/emotion_approval/major_genres.png,moving_average_major_genres,equal-weight 12-month mean,y,linear,0.02082245393,0.09977297496,0.07895052103,0.014,0.107,0.093,0.848930333656,"[{""axis_max"": 0.107, ""axis_min"": 0.014, ""axis_span"": 0.093, ""primary_max"": 0.09977297496, ""primary_min"": 0.02082245393, ""primary_span"": 0.07895052103, ""utilization_ratio"": 0.848930333655914}]",Primary rolling range uses under 25% of old Y-axis; raw/global/domain scale dominates,Scale only finite displayed rolling series; exterior legend; readable count panel; 300 dpi,False,,0,Y-axis follows displayed 12-month means; classifier scores range 0–1.,True,src/moving_average_figures.py,False,zero to 1.08 × maximum qualifying raw mean across overall and ALL genres; capped at 1.02; floor 0.005,0.02082245393,0.09977297496,0,0.363464784576,0.217216424755,,reviewed by family; no unresolved presentation issue
analysis/moving_averages/figures/emotion_approval/overall.png,moving_average_overall,equal-weight 12-month mean,y,linear,0.03725448488,0.06604121145,0.02878672657,0.034,0.069,0.035,0.822477902,"[{""axis_max"": 0.069, ""axis_min"": 0.034, ""axis_span"": 0.035, ""primary_max"": 0.06604121145, ""primary_min"": 0.03725448488, ""primary_span"": 0.028786726569999997, ""utilization_ratio"": 0.8224779019999998}]",Primary rolling range uses under 25% of old Y-axis; raw/global/domain scale dominates,Scale only finite displayed rolling series; exterior legend; readable count panel; 300 dpi,True,analysis/moving_averages/figures/emotion_approval/overall_full_scale.png,26,Y-axis follows displayed 12-month means; classifier scores range 0–1. Raw monthly context: 26 values outside view.,True,src/moving_average_figures.py,False,zero to 1.08 × maximum qualifying raw mean across overall and ALL genres; capped at 1.02; floor 0.005,0.03725448488,0.06604121145,0,0.363464784576,0.0792008683966,,reviewed by family; no unresolved presentation issue
analysis/moving_averages/figures/emotion_approval/overall_full_scale.png,moving_average_overall,equal-weight/rank-weighted rolling means; full-domain reference,y,linear,0.03725448488,0.06604121145,0.02878672657,0,1,1,0.02878672657,"[{""axis_max"": 1.0, ""axis_min"": 0.0, ""axis_span"": 1.0, ""primary_max"": 0.06604121145, ""primary_min"": 0.03725448488, ""primary_span"": 0.028786726569999997, ""utilization_ratio"": 0.028786726569999997}]",,Full-domain companion preserves every qualifying raw monthly value,False,,0,,True,src/moving_average_figures.py,True,New companion reference,,,,,,,intentional full-scale reference
analysis/moving_averages/figures/emotion_approval/pop.png,moving_average_individual_genre,equal-weight 12-month mean; rank-weighted 12-month sensitivity,y,linear,0.03217848358,0.09401523731,0.06183675373,0.027,0.099,0.072,0.858843801806,"[{""axis_max"": 0.099, ""axis_min"": 0.027, ""axis_span"": 0.07200000000000001, ""primary_max"": 0.09401523731, ""primary_min"": 0.03217848358, ""primary_span"": 0.06183675373, ""utilization_ratio"": 0.8588438018055554}]",Primary rolling range uses under 25% of old Y-axis; raw/global/domain scale dominates,Scale only finite displayed rolling series; exterior legend; readable count panel; 300 dpi,True,analysis/moving_averages/figures/emotion_approval/pop_full_scale.png,27,Y-axis follows displayed 12-month means; classifier scores range 0–1. Raw monthly context: 27 values outside view.,True,src/moving_average_figures.py,False,zero to 1.08 × maximum qualifying raw mean across overall and ALL genres; capped at 1.02; floor 0.005,0.03217848358,0.09401523731,0,0.363464784576,0.170131347944,,reviewed by family; no unresolved presentation issue
analysis/moving_averages/figures/emotion_approval/pop_full_scale.png,moving_average_individual_genre,equal-weight/rank-weighted rolling means; full-domain reference,y,linear,0.03217848358,0.09401523731,0.06183675373,0,1,1,0.06183675373,"[{""axis_max"": 1.0, ""axis_min"": 0.0, ""axis_span"": 1.0, ""primary_max"": 0.09401523731, ""primary_min"": 0.03217848358, ""primary_span"": 0.06183675373, ""utilization_ratio"": 0.06183675373}]",,Full-domain companion preserves every qualifying raw monthly value,False,,0,,True,src/moving_average_figures.py,True,New companion reference,,,,,,,intentional full-scale reference
analysis/moving_averages/figures/emotion_approval/r_b_soul.png,moving_average_individual_genre,equal-weight 12-month mean; rank-weighted 12-month sensitivity,y,linear,0.03205943947,0.1045344836,0.07247504413,0.026,0.111,0.085,0.852647578,"[{""axis_max"": 0.111, ""axis_min"": 0.026000000000000002, ""axis_span"": 0.08499999999999999, ""primary_max"": 0.1045344836, ""primary_min"": 0.03205943947, ""primary_span"": 0.07247504413, ""utilization_ratio"": 0.852647578}]",Primary rolling range uses under 25% of old Y-axis; raw/global/domain scale dominates,Scale only finite displayed rolling series; exterior legend; readable count panel; 300 dpi,True,analysis/moving_averages/figures/emotion_approval/r_b_soul_full_scale.png,24,Y-axis follows displayed 12-month means; classifier scores range 0–1. Raw monthly context: 24 values outside view.,True,src/moving_average_figures.py,False,zero to 1.08 × maximum qualifying raw mean across overall and ALL genres; capped at 1.02; floor 0.005,0.03205943947,0.1045344836,0,0.363464784576,0.199400456951,,reviewed by family; no unresolved presentation issue
analysis/moving_averages/figures/emotion_approval/r_b_soul_full_scale.png,moving_average_individual_genre,equal-weight/rank-weighted rolling means; full-domain reference,y,linear,0.03205943947,0.1045344836,0.07247504413,0,1,1,0.07247504413,"[{""axis_max"": 1.0, ""axis_min"": 0.0, ""axis_span"": 1.0, ""primary_max"": 0.1045344836, ""primary_min"": 0.03205943947, ""primary_span"": 0.07247504413, ""utilization_ratio"": 0.07247504413}]",,Full-domain companion preserves every qualifying raw monthly value,False,,0,,True,src/moving_average_figures.py,True,New companion reference,,,,,,,intentional full-scale reference
analysis/moving_averages/figures/emotion_approval/rank_sensitivity.png,moving_average_rank_sensitivity,equal-weight 12-month mean; rank-weighted 12-month sensitivity,y,linear,0.03628523095,0.06660516535,0.0303199344,0.033,0.07,0.037,0.819457686486,"[{""axis_max"": 0.07, ""axis_min"": 0.033, ""axis_span"": 0.037000000000000005, ""primary_max"": 0.06660516535, ""primary_min"": 0.03628523095, ""primary_span"": 0.030319934399999998, ""utilization_ratio"": 0.8194576864864863}]",Primary rolling range uses under 25% of old Y-axis; raw/global/domain scale dominates,Scale only finite displayed rolling series; exterior legend; readable count panel; 300 dpi,False,,0,Y-axis follows displayed 12-month means; classifier scores range 0–1.,True,src/moving_average_figures.py,False,zero to 1.08 × maximum qualifying raw mean across overall and ALL genres; capped at 1.02; floor 0.005,0.03628523095,0.06660516535,0,0.363464784576,0.0834191803076,,reviewed by family; no unresolved presentation issue
analysis/moving_averages/figures/emotion_approval/rock.png,moving_average_individual_genre,equal-weight 12-month mean; rank-weighted 12-month sensitivity,y,linear,0.01895636417,0.07758149286,0.05862512869,0.014,0.083,0.069,0.849639546232,"[{""axis_max"": 0.083, ""axis_min"": 0.014, ""axis_span"": 0.069, ""primary_max"": 0.07758149286, ""primary_min"": 0.01895636417, ""primary_span"": 0.05862512869, ""utilization_ratio"": 0.849639546231884}]",Primary rolling range uses under 25% of old Y-axis; raw/global/domain scale dominates,Scale only finite displayed rolling series; exterior legend; readable count panel; 300 dpi,True,analysis/moving_averages/figures/emotion_approval/rock_full_scale.png,30,Y-axis follows displayed 12-month means; classifier scores range 0–1. Raw monthly context: 30 values outside view.,True,src/moving_average_figures.py,False,zero to 1.08 × maximum qualifying raw mean across overall and ALL genres; capped at 1.02; floor 0.005,0.01895636417,0.07758149286,0,0.363464784576,0.161295209819,,reviewed by family; no unresolved presentation issue
analysis/moving_averages/figures/emotion_approval/rock_full_scale.png,moving_average_individual_genre,equal-weight/rank-weighted rolling means; full-domain reference,y,linear,0.01895636417,0.07758149286,0.05862512869,0,1,1,0.05862512869,"[{""axis_max"": 1.0, ""axis_min"": 0.0, ""axis_span"": 1.0, ""primary_max"": 0.07758149286, ""primary_min"": 0.01895636417, ""primary_span"": 0.05862512869, ""utilization_ratio"": 0.05862512869}]",,Full-domain companion preserves every qualifying raw monthly value,False,,0,,True,src/moving_average_figures.py,True,New companion reference,,,,,,,intentional full-scale reference
analysis/moving_averages/figures/emotion_caring/alternative_indie.png,moving_average_individual_genre,equal-weight 12-month mean; rank-weighted 12-month sensitivity,y,linear,0.004029870162,0.1283746396,0.124344769438,0,0.14,0.14,0.888176924557,"[{""axis_max"": 0.14, ""axis_min"": 0.0, ""axis_span"": 0.14, ""primary_max"": 0.1283746396, ""primary_min"": 0.004029870162, ""primary_span"": 0.124344769438, ""utilization_ratio"": 0.8881769245571428}]",Primary rolling range uses 25–50% of old Y-axis; reviewed against raw/global scale,Scale only finite displayed rolling series; exterior legend; readable count panel; 300 dpi,True,analysis/moving_averages/figures/emotion_caring/alternative_indie_full_scale.png,2,Y-axis follows displayed 12-month means; classifier scores range 0–1. Raw monthly context: 2 values outside view.,True,src/moving_average_figures.py,False,zero to 1.08 × maximum qualifying raw mean across overall and ALL genres; capped at 1.02; floor 0.005,0.004029870162,0.1283746396,0,0.3218349807,0.386361883868,,reviewed by family; no unresolved presentation issue
analysis/moving_averages/figures/emotion_caring/alternative_indie_full_scale.png,moving_average_individual_genre,equal-weight/rank-weighted rolling means; full-domain reference,y,linear,0.004029870162,0.1283746396,0.124344769438,0,1,1,0.124344769438,"[{""axis_max"": 1.0, ""axis_min"": 0.0, ""axis_span"": 1.0, ""primary_max"": 0.1283746396, ""primary_min"": 0.004029870162, ""primary_span"": 0.124344769438, ""utilization_ratio"": 0.124344769438}]",,Full-domain companion preserves every qualifying raw monthly value,False,,0,,True,src/moving_average_figures.py,True,New companion reference,,,,,,,intentional full-scale reference
analysis/moving_averages/figures/emotion_caring/country.png,moving_average_individual_genre,equal-weight 12-month mean; rank-weighted 12-month sensitivity,y,linear,0.007965150585,0.08474750811,0.076782357525,0.001,0.091,0.09,0.853137305833,"[{""axis_max"": 0.091, ""axis_min"": 0.001, ""axis_span"": 0.09, ""primary_max"": 0.08474750811, ""primary_min"": 0.007965150585, ""primary_span"": 0.076782357525, ""utilization_ratio"": 0.8531373058333334}]",Primary rolling range uses under 25% of old Y-axis; raw/global/domain scale dominates,Scale only finite displayed rolling series; exterior legend; readable count panel; 300 dpi,True,analysis/moving_averages/figures/emotion_caring/country_full_scale.png,18,Y-axis follows displayed 12-month means; classifier scores range 0–1. Raw monthly context: 18 values outside view.,True,src/moving_average_figures.py,False,zero to 1.08 × maximum qualifying raw mean across overall and ALL genres; capped at 1.02; floor 0.005,0.007965150585,0.08474750811,0,0.3218349807,0.238576792858,,reviewed by family; no unresolved presentation issue
analysis/moving_averages/figures/emotion_caring/country_full_scale.png,moving_average_individual_genre,equal-weight/rank-weighted rolling means; full-domain reference,y,linear,0.007965150585,0.08474750811,0.076782357525,0,1,1,0.076782357525,"[{""axis_max"": 1.0, ""axis_min"": 0.0, ""axis_span"": 1.0, ""primary_max"": 0.08474750811, ""primary_min"": 0.007965150585, ""primary_span"": 0.076782357525, ""utilization_ratio"": 0.076782357525}]",,Full-domain companion preserves every qualifying raw monthly value,False,,0,,True,src/moving_average_figures.py,True,New companion reference,,,,,,,intentional full-scale reference
analysis/moving_averages/figures/emotion_caring/electronic_dance.png,moving_average_individual_genre,equal-weight 12-month mean; rank-weighted 12-month sensitivity,y,linear,0.009756325363,0.1333836379,0.123627312537,0,0.15,0.15,0.82418208358,"[{""axis_max"": 0.15, ""axis_min"": 0.0, ""axis_span"": 0.15, ""primary_max"": 0.1333836379, ""primary_min"": 0.009756325363, ""primary_span"": 0.12362731253699999, ""utilization_ratio"": 0.82418208358}]",Primary rolling range uses 25–50% of old Y-axis; reviewed against raw/global scale,Scale only finite displayed rolling series; exterior legend; readable count panel; 300 dpi,True,analysis/moving_averages/figures/emotion_caring/electronic_dance_full_scale.png,3,Y-axis follows displayed 12-month means; classifier scores range 0–1. Raw monthly context: 3 values outside view.,True,src/moving_average_figures.py,False,zero to 1.08 × maximum qualifying raw mean across overall and ALL genres; capped at 1.02; floor 0.005,0.009756325363,0.1333836379,0,0.3218349807,0.384132614386,,reviewed by family; no unresolved presentation issue
analysis/moving_averages/figures/emotion_caring/electronic_dance_full_scale.png,moving_average_individual_genre,equal-weight/rank-weighted rolling means; full-domain reference,y,linear,0.009756325363,0.1333836379,0.123627312537,0,1,1,0.123627312537,"[{""axis_max"": 1.0, ""axis_min"": 0.0, ""axis_span"": 1.0, ""primary_max"": 0.1333836379, ""primary_min"": 0.009756325363, ""primary_span"": 0.12362731253699999, ""utilization_ratio"": 0.12362731253699999}]",,Full-domain companion preserves every qualifying raw monthly value,False,,0,,True,src/moving_average_figures.py,True,New companion reference,,,,,,,intentional full-scale reference
analysis/moving_averages/figures/emotion_caring/hip_hop_rap.png,moving_average_individual_genre,equal-weight 12-month mean; rank-weighted 12-month sensitivity,y,linear,0.003015999907,0.03246748705,0.029451487143,0,0.035,0.035,0.841471061229,"[{""axis_max"": 0.035, ""axis_min"": 0.0, ""axis_span"": 0.035, ""primary_max"": 0.03246748705, ""primary_min"": 0.003015999907, ""primary_span"": 0.029451487143, ""utilization_ratio"": 0.8414710612285713}]",Primary rolling range uses under 25% of old Y-axis; raw/global/domain scale dominates,Scale only finite displayed rolling series; exterior legend; readable count panel; 300 dpi,True,analysis/moving_averages/figures/emotion_caring/hip_hop_rap_full_scale.png,10,Y-axis follows displayed 12-month means; classifier scores range 0–1. Raw monthly context: 10 values outside view.,True,src/moving_average_figures.py,False,zero to 1.08 × maximum qualifying raw mean across overall and ALL genres; capped at 1.02; floor 0.005,0.003015999907,0.03246748705,0,0.3218349807,0.0915111436269,,reviewed by family; no unresolved presentation issue
analysis/moving_averages/figures/emotion_caring/hip_hop_rap_full_scale.png,moving_average_individual_genre,equal-weight/rank-weighted rolling means; full-domain reference,y,linear,0.003015999907,0.03246748705,0.029451487143,0,1,1,0.029451487143,"[{""axis_max"": 1.0, ""axis_min"": 0.0, ""axis_span"": 1.0, ""primary_max"": 0.03246748705, ""primary_min"": 0.003015999907, ""primary_span"": 0.029451487143, ""utilization_ratio"": 0.029451487143}]",,Full-domain companion preserves every qualifying raw monthly value,False,,0,,True,src/moving_average_figures.py,True,New companion reference,,,,,,,intentional full-scale reference
analysis/moving_averages/figures/emotion_caring/major_genres.png,moving_average_major_genres,equal-weight 12-month mean,y,linear,0.003268384221,0.1235643337,0.120295949479,0,0.14,0.14,0.859256781993,"[{""axis_max"": 0.14, ""axis_min"": 0.0, ""axis_span"": 0.14, ""primary_max"": 0.1235643337, ""primary_min"": 0.003268384221, ""primary_span"": 0.120295949479, ""utilization_ratio"": 0.8592567819928572}]",Primary rolling range uses 25–50% of old Y-axis; reviewed against raw/global scale,Scale only finite displayed rolling series; exterior legend; readable count panel; 300 dpi,False,,0,Y-axis follows displayed 12-month means; classifier scores range 0–1.,True,src/moving_average_figures.py,False,zero to 1.08 × maximum qualifying raw mean across overall and ALL genres; capped at 1.02; floor 0.005,0.003268384221,0.1235643337,0,0.3218349807,0.373781461597,,reviewed by family; no unresolved presentation issue
analysis/moving_averages/figures/emotion_caring/overall.png,moving_average_overall,equal-weight 12-month mean,y,linear,0.01362328557,0.0513431285,0.03771984293,0.01,0.055,0.045,0.838218731778,"[{""axis_max"": 0.055, ""axis_min"": 0.01, ""axis_span"": 0.045, ""primary_max"": 0.0513431285, ""primary_min"": 0.01362328557, ""primary_span"": 0.037719842930000004, ""utilization_ratio"": 0.838218731777778}]",Primary rolling range uses under 25% of old Y-axis; raw/global/domain scale dominates,Scale only finite displayed rolling series; exterior legend; readable count panel; 300 dpi,True,analysis/moving_averages/figures/emotion_caring/overall_full_scale.png,16,Y-axis follows displayed 12-month means; classifier scores range 0–1. Raw monthly context: 16 values outside view.,True,src/moving_average_figures.py,False,zero to 1.08 × maximum qualifying raw mean across overall and ALL genres; capped at 1.02; floor 0.005,0.01362328557,0.0513431285,0,0.3218349807,0.11720243352,,reviewed by family; no unresolved presentation issue
analysis/moving_averages/figures/emotion_caring/overall_full_scale.png,moving_average_overall,equal-weight/rank-weighted rolling means; full-domain reference,y,linear,0.01362328557,0.0513431285,0.03771984293,0,1,1,0.03771984293,"[{""axis_max"": 1.0, ""axis_min"": 0.0, ""axis_span"": 1.0, ""primary_max"": 0.0513431285, ""primary_min"": 0.01362328557, ""primary_span"": 0.037719842930000004, ""utilization_ratio"": 0.037719842930000004}]",,Full-domain companion preserves every qualifying raw monthly value,False,,0,,True,src/moving_average_figures.py,True,New companion reference,,,,,,,intentional full-scale reference
analysis/moving_averages/figures/emotion_caring/pop.png,moving_average_individual_genre,equal-weight 12-month mean; rank-weighted 12-month sensitivity,y,linear,0.009998920057,0.1373251672,0.127326247143,0,0.15,0.15,0.84884164762,"[{""axis_max"": 0.15, ""axis_min"": 0.0, ""axis_span"": 0.15, ""primary_max"": 0.1373251672, ""primary_min"": 0.009998920057, ""primary_span"": 0.12732624714299998, ""utilization_ratio"": 0.8488416476199999}]",Primary rolling range uses 25–50% of old Y-axis; reviewed against raw/global scale,Scale only finite displayed rolling series; exterior legend; readable count panel; 300 dpi,True,analysis/moving_averages/figures/emotion_caring/pop_full_scale.png,4,Y-axis follows displayed 12-month means; classifier scores range 0–1. Raw monthly context: 4 values outside view.,True,src/moving_average_figures.py,False,zero to 1.08 × maximum qualifying raw mean across overall and ALL genres; capped at 1.02; floor 0.005,0.009998920057,0.1373251672,0,0.3218349807,0.395625879033,,reviewed by family; no unresolved presentation issue
analysis/moving_averages/figures/emotion_caring/pop_full_scale.png,moving_average_individual_genre,equal-weight/rank-weighted rolling means; full-domain reference,y,linear,0.009998920057,0.1373251672,0.127326247143,0,1,1,0.127326247143,"[{""axis_max"": 1.0, ""axis_min"": 0.0, ""axis_span"": 1.0, ""primary_max"": 0.1373251672, ""primary_min"": 0.009998920057, ""primary_span"": 0.12732624714299998, ""utilization_ratio"": 0.12732624714299998}]",,Full-domain companion preserves every qualifying raw monthly value,False,,0,,True,src/moving_average_figures.py,True,New companion reference,,,,,,,intentional full-scale reference
analysis/moving_averages/figures/emotion_caring/r_b_soul.png,moving_average_individual_genre,equal-weight 12-month mean; rank-weighted 12-month sensitivity,y,linear,0.01169948498,0.1050033875,0.09330390252,0,0.12,0.12,0.777532521,"[{""axis_max"": 0.12, ""axis_min"": 0.0, ""axis_span"": 0.12, ""primary_max"": 0.1050033875, ""primary_min"": 0.01169948498, ""primary_span"": 0.09330390252000001, ""utilization_ratio"": 0.7775325210000001}]",Primary rolling range uses 25–50% of old Y-axis; reviewed against raw/global scale,Scale only finite displayed rolling series; exterior legend; readable count panel; 300 dpi,True,analysis/moving_averages/figures/emotion_caring/r_b_soul_full_scale.png,8,Y-axis follows displayed 12-month means; classifier scores range 0–1. Raw monthly context: 8 values outside view.,True,src/moving_average_figures.py,False,zero to 1.08 × maximum qualifying raw mean across overall and ALL genres; capped at 1.02; floor 0.005,0.01169948498,0.1050033875,0,0.3218349807,0.289912247317,,reviewed by family; no unresolved presentation issue
analysis/moving_averages/figures/emotion_caring/r_b_soul_full_scale.png,moving_average_individual_genre,equal-weight/rank-weighted rolling means; full-domain reference,y,linear,0.01169948498,0.1050033875,0.09330390252,0,1,1,0.09330390252,"[{""axis_max"": 1.0, ""axis_min"": 0.0, ""axis_span"": 1.0, ""primary_max"": 0.1050033875, ""primary_min"": 0.01169948498, ""primary_span"": 0.09330390252000001, ""utilization_ratio"": 0.09330390252000001}]",,Full-domain companion preserves every qualifying raw monthly value,False,,0,,True,src/moving_average_figures.py,True,New companion reference,,,,,,,intentional full-scale reference
analysis/moving_averages/figures/emotion_caring/rank_sensitivity.png,moving_average_rank_sensitivity,equal-weight 12-month mean; rank-weighted 12-month sensitivity,y,linear,0.0130270536,0.05741986976,0.04439281616,0.009,0.061,0.052,0.853708003077,"[{""axis_max"": 0.061, ""axis_min"": 0.009000000000000001, ""axis_span"": 0.052, ""primary_max"": 0.05741986976, ""primary_min"": 0.0130270536, ""primary_span"": 0.04439281616, ""utilization_ratio"": 0.8537080030769232}]",Primary rolling range uses under 25% of old Y-axis; raw/global/domain scale dominates,Scale only finite displayed rolling series; exterior legend; readable count panel; 300 dpi,False,,0,Y-axis follows displayed 12-month means; classifier scores range 0–1.,True,src/moving_average_figures.py,False,zero to 1.08 × maximum qualifying raw mean across overall and ALL genres; capped at 1.02; floor 0.005,0.0130270536,0.05741986976,0,0.3218349807,0.137936578751,,reviewed by family; no unresolved presentation issue
analysis/moving_averages/figures/emotion_caring/rock.png,moving_average_individual_genre,equal-weight 12-month mean; rank-weighted 12-month sensitivity,y,linear,0.008577854946,0.07584379331,0.067265938364,0.003,0.082,0.079,0.851467574228,"[{""axis_max"": 0.082, ""axis_min"": 0.003, ""axis_span"": 0.079, ""primary_max"": 0.07584379331, ""primary_min"": 0.008577854946, ""primary_span"": 0.06726593836400001, ""utilization_ratio"": 0.8514675742278482}]",Primary rolling range uses under 25% of old Y-axis; raw/global/domain scale dominates,Scale only finite displayed rolling series; exterior legend; readable count panel; 300 dpi,True,analysis/moving_averages/figures/emotion_caring/rock_full_scale.png,9,Y-axis follows displayed 12-month means; classifier scores range 0–1. Raw monthly context: 9 values outside view.,True,src/moving_average_figures.py,False,zero to 1.08 × maximum qualifying raw mean across overall and ALL genres; capped at 1.02; floor 0.005,0.008577854946,0.07584379331,0,0.3218349807,0.209007542368,,reviewed by family; no unresolved presentation issue
analysis/moving_averages/figures/emotion_caring/rock_full_scale.png,moving_average_individual_genre,equal-weight/rank-weighted rolling means; full-domain reference,y,linear,0.008577854946,0.07584379331,0.067265938364,0,1,1,0.067265938364,"[{""axis_max"": 1.0, ""axis_min"": 0.0, ""axis_span"": 1.0, ""primary_max"": 0.07584379331, ""primary_min"": 0.008577854946, ""primary_span"": 0.06726593836400001, ""utilization_ratio"": 0.06726593836400001}]",,Full-domain companion preserves every qualifying raw monthly value,False,,0,,True,src/moving_average_figures.py,True,New companion reference,,,,,,,intentional full-scale reference
analysis/moving_averages/figures/emotion_confusion/alternative_indie.png,moving_average_individual_genre,equal-weight 12-month mean; rank-weighted 12-month sensitivity,y,linear,0.02024006702,0.1822864885,0.16204642148,0,0.2,0.2,0.8102321074,"[{""axis_max"": 0.2, ""axis_min"": 0.0, ""axis_span"": 0.2, ""primary_max"": 0.1822864885, ""primary_min"": 0.02024006702, ""primary_span"": 0.16204642148, ""utilization_ratio"": 0.8102321074}]",Primary rolling range uses 25–50% of old Y-axis; reviewed against raw/global scale,Scale only finite displayed rolling series; exterior legend; readable count panel; 300 dpi,True,analysis/moving_averages/figures/emotion_confusion/alternative_indie_full_scale.png,4,Y-axis follows displayed 12-month means; classifier scores range 0–1. Raw monthly context: 4 values outside view.,True,src/moving_average_figures.py,False,zero to 1.08 × maximum qualifying raw mean across overall and ALL genres; capped at 1.02; floor 0.005,0.02024006702,0.1822864885,0,0.607152728484,0.266895648949,,reviewed by family; no unresolved presentation issue
analysis/moving_averages/figures/emotion_confusion/alternative_indie_full_scale.png,moving_average_individual_genre,equal-weight/rank-weighted rolling means; full-domain reference,y,linear,0.02024006702,0.1822864885,0.16204642148,0,1,1,0.16204642148,"[{""axis_max"": 1.0, ""axis_min"": 0.0, ""axis_span"": 1.0, ""primary_max"": 0.1822864885, ""primary_min"": 0.02024006702, ""primary_span"": 0.16204642148, ""utilization_ratio"": 0.16204642148}]",,Full-domain companion preserves every qualifying raw monthly value,False,,0,,True,src/moving_average_figures.py,True,New companion reference,,,,,,,intentional full-scale reference
analysis/moving_averages/figures/emotion_confusion/country.png,moving_average_individual_genre,equal-weight 12-month mean; rank-weighted 12-month sensitivity,y,linear,0.006354815486,0.05646993685,0.050115121364,0.002,0.061,0.059,0.849408836678,"[{""axis_max"": 0.061, ""axis_min"": 0.002, ""axis_span"": 0.059, ""primary_max"": 0.05646993685, ""primary_min"": 0.006354815486, ""primary_span"": 0.050115121363999995, ""utilization_ratio"": 0.8494088366779661}]",Primary rolling range uses under 25% of old Y-axis; raw/global/domain scale dominates,Scale only finite displayed rolling series; exterior legend; readable count panel; 300 dpi,True,analysis/moving_averages/figures/emotion_confusion/country_full_scale.png,29,Y-axis follows displayed 12-month means; classifier scores range 0–1. Raw monthly context: 29 values outside view.,True,src/moving_average_figures.py,False,zero to 1.08 × maximum qualifying raw mean across overall and ALL genres; capped at 1.02; floor 0.005,0.006354815486,0.05646993685,0,0.607152728484,0.0825412108237,,reviewed by family; no unresolved presentation issue
analysis/moving_averages/figures/emotion_confusion/country_full_scale.png,moving_average_individual_genre,equal-weight/rank-weighted rolling means; full-domain reference,y,linear,0.006354815486,0.05646993685,0.050115121364,0,1,1,0.050115121364,"[{""axis_max"": 1.0, ""axis_min"": 0.0, ""axis_span"": 1.0, ""primary_max"": 0.05646993685, ""primary_min"": 0.006354815486, ""primary_span"": 0.050115121363999995, ""utilization_ratio"": 0.050115121363999995}]",,Full-domain companion preserves every qualifying raw monthly value,False,,0,,True,src/moving_average_figures.py,True,New companion reference,,,,,,,intentional full-scale reference
analysis/moving_averages/figures/emotion_confusion/electronic_dance.png,moving_average_individual_genre,equal-weight 12-month mean; rank-weighted 12-month sensitivity,y,linear,0.005694768733,0.07136821199,0.065673443257,0,0.077,0.077,0.852901860481,"[{""axis_max"": 0.077, ""axis_min"": 0.0, ""axis_span"": 0.077, ""primary_max"": 0.07136821199, ""primary_min"": 0.005694768733, ""primary_span"": 0.065673443257, ""utilization_ratio"": 0.8529018604805195}]",Primary rolling range uses under 25% of old Y-axis; raw/global/domain scale dominates,Scale only finite displayed rolling series; exterior legend; readable count panel; 300 dpi,True,analysis/moving_averages/figures/emotion_confusion/electronic_dance_full_scale.png,36,Y-axis follows displayed 12-month means; classifier scores range 0–1. Raw monthly context: 36 values outside view.,True,src/moving_average_figures.py,False,zero to 1.08 × maximum qualifying raw mean across overall and ALL genres; capped at 1.02; floor 0.005,0.005694768733,0.07136821199,0,0.607152728484,0.108166265547,,reviewed by family; no unresolved presentation issue
analysis/moving_averages/figures/emotion_confusion/electronic_dance_full_scale.png,moving_average_individual_genre,equal-weight/rank-weighted rolling means; full-domain reference,y,linear,0.005694768733,0.07136821199,0.065673443257,0,1,1,0.065673443257,"[{""axis_max"": 1.0, ""axis_min"": 0.0, ""axis_span"": 1.0, ""primary_max"": 0.07136821199, ""primary_min"": 0.005694768733, ""primary_span"": 0.065673443257, ""utilization_ratio"": 0.065673443257}]",,Full-domain companion preserves every qualifying raw monthly value,False,,0,,True,src/moving_average_figures.py,True,New companion reference,,,,,,,intentional full-scale reference
analysis/moving_averages/figures/emotion_confusion/hip_hop_rap.png,moving_average_individual_genre,equal-weight 12-month mean; rank-weighted 12-month sensitivity,y,linear,0.00515017046,0.06120803811,0.05605786765,0,0.066,0.066,0.849361631061,"[{""axis_max"": 0.066, ""axis_min"": 0.0, ""axis_span"": 0.066, ""primary_max"": 0.06120803811, ""primary_min"": 0.00515017046, ""primary_span"": 0.05605786765, ""utilization_ratio"": 0.849361631060606}]",Primary rolling range uses under 25% of old Y-axis; raw/global/domain scale dominates,Scale only finite displayed rolling series; exterior legend; readable count panel; 300 dpi,True,analysis/moving_averages/figures/emotion_confusion/hip_hop_rap_full_scale.png,7,Y-axis follows displayed 12-month means; classifier scores range 0–1. Raw monthly context: 7 values outside view.,True,src/moving_average_figures.py,False,zero to 1.08 × maximum qualifying raw mean across overall and ALL genres; capped at 1.02; floor 0.005,0.00515017046,0.06120803811,0,0.607152728484,0.0923291043919,,reviewed by family; no unresolved presentation issue
analysis/moving_averages/figures/emotion_confusion/hip_hop_rap_full_scale.png,moving_average_individual_genre,equal-weight/rank-weighted rolling means; full-domain reference,y,linear,0.00515017046,0.06120803811,0.05605786765,0,1,1,0.05605786765,"[{""axis_max"": 1.0, ""axis_min"": 0.0, ""axis_span"": 1.0, ""primary_max"": 0.06120803811, ""primary_min"": 0.00515017046, ""primary_span"": 0.05605786765, ""utilization_ratio"": 0.05605786765}]",,Full-domain companion preserves every qualifying raw monthly value,False,,0,,True,src/moving_average_figures.py,True,New companion reference,,,,,,,intentional full-scale reference
analysis/moving_averages/figures/emotion_confusion/major_genres.png,moving_average_major_genres,equal-weight 12-month mean,y,linear,0.005448516388,0.064161517,0.058713000612,0,0.069,0.069,0.850913052348,"[{""axis_max"": 0.069, ""axis_min"": 0.0, ""axis_span"": 0.069, ""primary_max"": 0.064161517, ""primary_min"": 0.005448516388, ""primary_span"": 0.058713000612, ""utilization_ratio"": 0.850913052347826}]",Primary rolling range uses under 25% of old Y-axis; raw/global/domain scale dominates,Scale only finite displayed rolling series; exterior legend; readable count panel; 300 dpi,False,,0,Y-axis follows displayed 12-month means; classifier scores range 0–1.,True,src/moving_average_figures.py,False,zero to 1.08 × maximum qualifying raw mean across overall and ALL genres; capped at 1.02; floor 0.005,0.005448516388,0.064161517,0,0.607152728484,0.0967021934639,,reviewed by family; no unresolved presentation issue
analysis/moving_averages/figures/emotion_confusion/overall.png,moving_average_overall,equal-weight 12-month mean,y,linear,0.01361831536,0.03769062031,0.02407230495,0.011,0.04,0.029,0.830079481034,"[{""axis_max"": 0.04, ""axis_min"": 0.011, ""axis_span"": 0.029, ""primary_max"": 0.03769062031, ""primary_min"": 0.01361831536, ""primary_span"": 0.024072304949999998, ""utilization_ratio"": 0.8300794810344827}]",Primary rolling range uses under 25% of old Y-axis; raw/global/domain scale dominates,Scale only finite displayed rolling series; exterior legend; readable count panel; 300 dpi,True,analysis/moving_averages/figures/emotion_confusion/overall_full_scale.png,75,Y-axis follows displayed 12-month means; classifier scores range 0–1. Raw monthly context: 75 values outside view.,True,src/moving_average_figures.py,False,zero to 1.08 × maximum qualifying raw mean across overall and ALL genres; capped at 1.02; floor 0.005,0.01361831536,0.03769062031,0,0.607152728484,0.0396478576488,,reviewed by family; no unresolved presentation issue
analysis/moving_averages/figures/emotion_confusion/overall_full_scale.png,moving_average_overall,equal-weight/rank-weighted rolling means; full-domain reference,y,linear,0.01361831536,0.03769062031,0.02407230495,0,1,1,0.02407230495,"[{""axis_max"": 1.0, ""axis_min"": 0.0, ""axis_span"": 1.0, ""primary_max"": 0.03769062031, ""primary_min"": 0.01361831536, ""primary_span"": 0.024072304949999998, ""utilization_ratio"": 0.024072304949999998}]",,Full-domain companion preserves every qualifying raw monthly value,False,,0,,True,src/moving_average_figures.py,True,New companion reference,,,,,,,intentional full-scale reference
analysis/moving_averages/figures/emotion_confusion/pop.png,moving_average_individual_genre,equal-weight 12-month mean; rank-weighted 12-month sensitivity,y,linear,0.008134049564,0.05236376547,0.044229715906,0.004,0.056,0.052,0.850571459731,"[{""axis_max"": 0.056, ""axis_min"": 0.004, ""axis_span"": 0.052000000000000005, ""primary_max"": 0.05236376547, ""primary_min"": 0.008134049564, ""primary_span"": 0.044229715906, ""utilization_ratio"": 0.8505714597307692}]",Primary rolling range uses under 25% of old Y-axis; raw/global/domain scale dominates,Scale only finite displayed rolling series; exterior legend; readable count panel; 300 dpi,True,analysis/moving_averages/figures/emotion_confusion/pop_full_scale.png,51,Y-axis follows displayed 12-month means; classifier scores range 0–1. Raw monthly context: 51 values outside view.,True,src/moving_average_figures.py,False,zero to 1.08 × maximum qualifying raw mean across overall and ALL genres; capped at 1.02; floor 0.005,0.008134049564,0.05236376547,0,0.607152728484,0.0728477594368,,reviewed by family; no unresolved presentation issue
analysis/moving_averages/figures/emotion_confusion/pop_full_scale.png,moving_average_individual_genre,equal-weight/rank-weighted rolling means; full-domain reference,y,linear,0.008134049564,0.05236376547,0.044229715906,0,1,1,0.044229715906,"[{""axis_max"": 1.0, ""axis_min"": 0.0, ""axis_span"": 1.0, ""primary_max"": 0.05236376547, ""primary_min"": 0.008134049564, ""primary_span"": 0.044229715906, ""utilization_ratio"": 0.044229715906}]",,Full-domain companion preserves every qualifying raw monthly value,False,,0,,True,src/moving_average_figures.py,True,New companion reference,,,,,,,intentional full-scale reference
analysis/moving_averages/figures/emotion_confusion/r_b_soul.png,moving_average_individual_genre,equal-weight 12-month mean; rank-weighted 12-month sensitivity,y,linear,0.005473419216,0.06587609829,0.060402679074,0,0.071,0.071,0.850741958789,"[{""axis_max"": 0.07100000000000001, ""axis_min"": 0.0, ""axis_span"": 0.07100000000000001, ""primary_max"": 0.06587609829, ""primary_min"": 0.005473419216, ""primary_span"": 0.060402679074, ""utilization_ratio"": 0.8507419587887324}]",Primary rolling range uses under 25% of old Y-axis; raw/global/domain scale dominates,Scale only finite displayed rolling series; exterior legend; readable count panel; 300 dpi,True,analysis/moving_averages/figures/emotion_confusion/r_b_soul_full_scale.png,12,Y-axis follows displayed 12-month means; classifier scores range 0–1. Raw monthly context: 12 values outside view.,True,src/moving_average_figures.py,False,zero to 1.08 × maximum qualifying raw mean across overall and ALL genres; capped at 1.02; floor 0.005,0.005473419216,0.06587609829,0,0.607152728484,0.0994851480365,,reviewed by family; no unresolved presentation issue
analysis/moving_averages/figures/emotion_confusion/r_b_soul_full_scale.png,moving_average_individual_genre,equal-weight/rank-weighted rolling means; full-domain reference,y,linear,0.005473419216,0.06587609829,0.060402679074,0,1,1,0.060402679074,"[{""axis_max"": 1.0, ""axis_min"": 0.0, ""axis_span"": 1.0, ""primary_max"": 0.06587609829, ""primary_min"": 0.005473419216, ""primary_span"": 0.060402679074, ""utilization_ratio"": 0.060402679074}]",,Full-domain companion preserves every qualifying raw monthly value,False,,0,,True,src/moving_average_figures.py,True,New companion reference,,,,,,,intentional full-scale reference
analysis/moving_averages/figures/emotion_confusion/rank_sensitivity.png,moving_average_rank_sensitivity,equal-weight 12-month mean; rank-weighted 12-month sensitivity,y,linear,0.01123419735,0.04411798017,0.03288378282,0.008,0.047,0.039,0.843173918462,"[{""axis_max"": 0.047, ""axis_min"": 0.008, ""axis_span"": 0.039, ""primary_max"": 0.04411798017, ""primary_min"": 0.01123419735, ""primary_span"": 0.03288378282, ""utilization_ratio"": 0.8431739184615384}]",Primary rolling range uses under 25% of old Y-axis; raw/global/domain scale dominates,Scale only finite displayed rolling series; exterior legend; readable count panel; 300 dpi,False,,0,Y-axis follows displayed 12-month means; classifier scores range 0–1.,True,src/moving_average_figures.py,False,zero to 1.08 × maximum qualifying raw mean across overall and ALL genres; capped at 1.02; floor 0.005,0.01123419735,0.04411798017,0,0.607152728484,0.0541606440642,,reviewed by family; no unresolved presentation issue
analysis/moving_averages/figures/emotion_confusion/rock.png,moving_average_individual_genre,equal-weight 12-month mean; rank-weighted 12-month sensitivity,y,linear,0.005430802782,0.06858720576,0.063156402978,0,0.074,0.074,0.853464905108,"[{""axis_max"": 0.074, ""axis_min"": 0.0, ""axis_span"": 0.074, ""primary_max"": 0.06858720576, ""primary_min"": 0.005430802782, ""primary_span"": 0.063156402978, ""utilization_ratio"": 0.8534649051081081}]",Primary rolling range uses under 25% of old Y-axis; raw/global/domain scale dominates,Scale only finite displayed rolling series; exterior legend; readable count panel; 300 dpi,True,analysis/moving_averages/figures/emotion_confusion/rock_full_scale.png,9,Y-axis follows displayed 12-month means; classifier scores range 0–1. Raw monthly context: 9 values outside view.,True,src/moving_average_figures.py,False,zero to 1.08 × maximum qualifying raw mean across overall and ALL genres; capped at 1.02; floor 0.005,0.005430802782,0.06858720576,0,0.607152728484,0.104020619549,,reviewed by family; no unresolved presentation issue
analysis/moving_averages/figures/emotion_confusion/rock_full_scale.png,moving_average_individual_genre,equal-weight/rank-weighted rolling means; full-domain reference,y,linear,0.005430802782,0.06858720576,0.063156402978,0,1,1,0.063156402978,"[{""axis_max"": 1.0, ""axis_min"": 0.0, ""axis_span"": 1.0, ""primary_max"": 0.06858720576, ""primary_min"": 0.005430802782, ""primary_span"": 0.063156402978, ""utilization_ratio"": 0.063156402978}]",,Full-domain companion preserves every qualifying raw monthly value,False,,0,,True,src/moving_average_figures.py,True,New companion reference,,,,,,,intentional full-scale reference
analysis/moving_averages/figures/emotion_curiosity/alternative_indie.png,moving_average_individual_genre,equal-weight 12-month mean; rank-weighted 12-month sensitivity,y,linear,0.02543272293,0.1035171823,0.07808445937,0.019,0.11,0.091,0.858070982088,"[{""axis_max"": 0.11, ""axis_min"": 0.019, ""axis_span"": 0.091, ""primary_max"": 0.1035171823, ""primary_min"": 0.02543272293, ""primary_span"": 0.07808445937, ""utilization_ratio"": 0.8580709820879121}]",Primary rolling range uses 25–50% of old Y-axis; reviewed against raw/global scale,Scale only finite displayed rolling series; exterior legend; readable count panel; 300 dpi,True,analysis/moving_averages/figures/emotion_curiosity/alternative_indie_full_scale.png,68,Y-axis follows displayed 12-month means; classifier scores range 0–1. Raw monthly context: 68 values outside view.,True,src/moving_average_figures.py,False,zero to 1.08 × maximum qualifying raw mean across overall and ALL genres; capped at 1.02; floor 0.005,0.02543272293,0.1035171823,0,0.28763763606,0.271468158477,,reviewed by family; no unresolved presentation issue
analysis/moving_averages/figures/emotion_curiosity/alternative_indie_full_scale.png,moving_average_individual_genre,equal-weight/rank-weighted rolling means; full-domain reference,y,linear,0.02543272293,0.1035171823,0.07808445937,0,1,1,0.07808445937,"[{""axis_max"": 1.0, ""axis_min"": 0.0, ""axis_span"": 1.0, ""primary_max"": 0.1035171823, ""primary_min"": 0.02543272293, ""primary_span"": 0.07808445937, ""utilization_ratio"": 0.07808445937}]",,Full-domain companion preserves every qualifying raw monthly value,False,,0,,True,src/moving_average_figures.py,True,New companion reference,,,,,,,intentional full-scale reference
analysis/moving_averages/figures/emotion_curiosity/country.png,moving_average_individual_genre,equal-weight 12-month mean; rank-weighted 12-month sensitivity,y,linear,0.008085884133,0.1233809613,0.115295077167,0,0.14,0.14,0.823536265479,"[{""axis_max"": 0.14, ""axis_min"": 0.0, ""axis_span"": 0.14, ""primary_max"": 0.1233809613, ""primary_min"": 0.008085884133, ""primary_span"": 0.11529507716699999, ""utilization_ratio"": 0.8235362654785713}]",Primary rolling range uses 25–50% of old Y-axis; reviewed against raw/global scale,Scale only finite displayed rolling series; exterior legend; readable count panel; 300 dpi,True,analysis/moving_averages/figures/emotion_curiosity/country_full_scale.png,1,Y-axis follows displayed 12-month means; classifier scores range 0–1. Raw monthly context: 1 values outside view.,True,src/moving_average_figures.py,False,zero to 1.08 × maximum qualifying raw mean across overall and ALL genres; capped at 1.02; floor 0.005,0.008085884133,0.1233809613,0,0.28763763606,0.400834462229,,reviewed by family; no unresolved presentation issue
analysis/moving_averages/figures/emotion_curiosity/country_full_scale.png,moving_average_individual_genre,equal-weight/rank-weighted rolling means; full-domain reference,y,linear,0.008085884133,0.1233809613,0.115295077167,0,1,1,0.115295077167,"[{""axis_max"": 1.0, ""axis_min"": 0.0, ""axis_span"": 1.0, ""primary_max"": 0.1233809613, ""primary_min"": 0.008085884133, ""primary_span"": 0.11529507716699999, ""utilization_ratio"": 0.11529507716699999}]",,Full-domain companion preserves every qualifying raw monthly value,False,,0,,True,src/moving_average_figures.py,True,New companion reference,,,,,,,intentional full-scale reference
analysis/moving_averages/figures/emotion_curiosity/electronic_dance.png,moving_average_individual_genre,equal-weight 12-month mean; rank-weighted 12-month sensitivity,y,linear,0.01183510404,0.08505368736,0.07321858332,0.005,0.091,0.086,0.851378875814,"[{""axis_max"": 0.091, ""axis_min"": 0.005, ""axis_span"": 0.086, ""primary_max"": 0.08505368736, ""primary_min"": 0.01183510404, ""primary_span"": 0.07321858332, ""utilization_ratio"": 0.8513788758139536}]",Primary rolling range uses 25–50% of old Y-axis; reviewed against raw/global scale,Scale only finite displayed rolling series; exterior legend; readable count panel; 300 dpi,True,analysis/moving_averages/figures/emotion_curiosity/electronic_dance_full_scale.png,49,Y-axis follows displayed 12-month means; classifier scores range 0–1. Raw monthly context: 49 values outside view.,True,src/moving_average_figures.py,False,zero to 1.08 × maximum qualifying raw mean across overall and ALL genres; capped at 1.02; floor 0.005,0.01183510404,0.08505368736,0,0.28763763606,0.254551470812,,reviewed by family; no unresolved presentation issue
analysis/moving_averages/figures/emotion_curiosity/electronic_dance_full_scale.png,moving_average_individual_genre,equal-weight/rank-weighted rolling means; full-domain reference,y,linear,0.01183510404,0.08505368736,0.07321858332,0,1,1,0.07321858332,"[{""axis_max"": 1.0, ""axis_min"": 0.0, ""axis_span"": 1.0, ""primary_max"": 0.08505368736, ""primary_min"": 0.01183510404, ""primary_span"": 0.07321858332, ""utilization_ratio"": 0.07321858332}]",,Full-domain companion preserves every qualifying raw monthly value,False,,0,,True,src/moving_average_figures.py,True,New companion reference,,,,,,,intentional full-scale reference
analysis/moving_averages/figures/emotion_curiosity/hip_hop_rap.png,moving_average_individual_genre,equal-weight 12-month mean; rank-weighted 12-month sensitivity,y,linear,0.01065610746,0.04886334218,0.03820723472,0.007,0.052,0.045,0.849049660444,"[{""axis_max"": 0.052000000000000005, ""axis_min"": 0.007, ""axis_span"": 0.045000000000000005, ""primary_max"": 0.04886334218, ""primary_min"": 0.01065610746, ""primary_span"": 0.03820723472, ""utilization_ratio"": 0.8490496604444443}]",Primary rolling range uses under 25% of old Y-axis; raw/global/domain scale dominates,Scale only finite displayed rolling series; exterior legend; readable count panel; 300 dpi,True,analysis/moving_averages/figures/emotion_curiosity/hip_hop_rap_full_scale.png,28,Y-axis follows displayed 12-month means; classifier scores range 0–1. Raw monthly context: 28 values outside view.,True,src/moving_average_figures.py,False,zero to 1.08 × maximum qualifying raw mean across overall and ALL genres; capped at 1.02; floor 0.005,0.01065610746,0.04886334218,0,0.28763763606,0.132831138662,,reviewed by family; no unresolved presentation issue
analysis/moving_averages/figures/emotion_curiosity/hip_hop_rap_full_scale.png,moving_average_individual_genre,equal-weight/rank-weighted rolling means; full-domain reference,y,linear,0.01065610746,0.04886334218,0.03820723472,0,1,1,0.03820723472,"[{""axis_max"": 1.0, ""axis_min"": 0.0, ""axis_span"": 1.0, ""primary_max"": 0.04886334218, ""primary_min"": 0.01065610746, ""primary_span"": 0.03820723472, ""utilization_ratio"": 0.03820723472}]",,Full-domain companion preserves every qualifying raw monthly value,False,,0,,True,src/moving_average_figures.py,True,New companion reference,,,,,,,intentional full-scale reference
analysis/moving_averages/figures/emotion_curiosity/major_genres.png,moving_average_major_genres,equal-weight 12-month mean,y,linear,0.008632696245,0.09741841499,0.088785718745,0,0.11,0.11,0.807142897682,"[{""axis_max"": 0.11, ""axis_min"": 0.0, ""axis_span"": 0.11, ""primary_max"": 0.09741841499, ""primary_min"": 0.008632696245, ""primary_span"": 0.08878571874499999, ""utilization_ratio"": 0.8071428976818181}]",Primary rolling range uses 25–50% of old Y-axis; reviewed against raw/global scale,Scale only finite displayed rolling series; exterior legend; readable count panel; 300 dpi,False,,0,Y-axis follows displayed 12-month means; classifier scores range 0–1.,True,src/moving_average_figures.py,False,zero to 1.08 × maximum qualifying raw mean across overall and ALL genres; capped at 1.02; floor 0.005,0.008632696245,0.09741841499,0,0.28763763606,0.308672119411,,reviewed by family; no unresolved presentation issue
analysis/moving_averages/figures/emotion_curiosity/overall.png,moving_average_overall,equal-weight 12-month mean,y,linear,0.01992178334,0.05006479251,0.03014300917,0.017,0.053,0.036,0.837305810278,"[{""axis_max"": 0.053, ""axis_min"": 0.017, ""axis_span"": 0.036, ""primary_max"": 0.05006479251, ""primary_min"": 0.01992178334, ""primary_span"": 0.03014300917, ""utilization_ratio"": 0.8373058102777778}]",Primary rolling range uses under 25% of old Y-axis; raw/global/domain scale dominates,Scale only finite displayed rolling series; exterior legend; readable count panel; 300 dpi,True,analysis/moving_averages/figures/emotion_curiosity/overall_full_scale.png,51,Y-axis follows displayed 12-month means; classifier scores range 0–1. Raw monthly context: 51 values outside view.,True,src/moving_average_figures.py,False,zero to 1.08 × maximum qualifying raw mean across overall and ALL genres; capped at 1.02; floor 0.005,0.01992178334,0.05006479251,0,0.28763763606,0.104795080306,,reviewed by family; no unresolved presentation issue
analysis/moving_averages/figures/emotion_curiosity/overall_full_scale.png,moving_average_overall,equal-weight/rank-weighted rolling means; full-domain reference,y,linear,0.01992178334,0.05006479251,0.03014300917,0,1,1,0.03014300917,"[{""axis_max"": 1.0, ""axis_min"": 0.0, ""axis_span"": 1.0, ""primary_max"": 0.05006479251, ""primary_min"": 0.01992178334, ""primary_span"": 0.03014300917, ""utilization_ratio"": 0.03014300917}]",,Full-domain companion preserves every qualifying raw monthly value,False,,0,,True,src/moving_average_figures.py,True,New companion reference,,,,,,,intentional full-scale reference
analysis/moving_averages/figures/emotion_curiosity/pop.png,moving_average_individual_genre,equal-weight 12-month mean; rank-weighted 12-month sensitivity,y,linear,0.01565775717,0.0983294859,0.08267172873,0.009,0.105,0.096,0.861163840937,"[{""axis_max"": 0.105, ""axis_min"": 0.009000000000000001, ""axis_span"": 0.096, ""primary_max"": 0.0983294859, ""primary_min"": 0.01565775717, ""primary_span"": 0.08267172873, ""utilization_ratio"": 0.8611638409375}]",Primary rolling range uses 25–50% of old Y-axis; reviewed against raw/global scale,Scale only finite displayed rolling series; exterior legend; readable count panel; 300 dpi,True,analysis/moving_averages/figures/emotion_curiosity/pop_full_scale.png,25,Y-axis follows displayed 12-month means; classifier scores range 0–1. Raw monthly context: 25 values outside view.,True,src/moving_average_figures.py,False,zero to 1.08 × maximum qualifying raw mean across overall and ALL genres; capped at 1.02; floor 0.005,0.01565775717,0.0983294859,0,0.28763763606,0.287416243098,,reviewed by family; no unresolved presentation issue
analysis/moving_averages/figures/emotion_curiosity/pop_full_scale.png,moving_average_individual_genre,equal-weight/rank-weighted rolling means; full-domain reference,y,linear,0.01565775717,0.0983294859,0.08267172873,0,1,1,0.08267172873,"[{""axis_max"": 1.0, ""axis_min"": 0.0, ""axis_span"": 1.0, ""primary_max"": 0.0983294859, ""primary_min"": 0.01565775717, ""primary_span"": 0.08267172873, ""utilization_ratio"": 0.08267172873}]",,Full-domain companion preserves every qualifying raw monthly value,False,,0,,True,src/moving_average_figures.py,True,New companion reference,,,,,,,intentional full-scale reference
analysis/moving_averages/figures/emotion_curiosity/r_b_soul.png,moving_average_individual_genre,equal-weight 12-month mean; rank-weighted 12-month sensitivity,y,linear,0.01310455031,0.08558757281,0.0724830225,0.007,0.092,0.085,0.852741441176,"[{""axis_max"": 0.092, ""axis_min"": 0.007, ""axis_span"": 0.08499999999999999, ""primary_max"": 0.08558757281, ""primary_min"": 0.01310455031, ""primary_span"": 0.0724830225, ""utilization_ratio"": 0.8527414411764705}]",Primary rolling range uses 25–50% of old Y-axis; reviewed against raw/global scale,Scale only finite displayed rolling series; exterior legend; readable count panel; 300 dpi,True,analysis/moving_averages/figures/emotion_curiosity/r_b_soul_full_scale.png,40,Y-axis follows displayed 12-month means; classifier scores range 0–1. Raw monthly context: 40 values outside view.,True,src/moving_average_figures.py,False,zero to 1.08 × maximum qualifying raw mean across overall and ALL genres; capped at 1.02; floor 0.005,0.01310455031,0.08558757281,0,0.28763763606,0.251994222637,,reviewed by family; no unresolved presentation issue
analysis/moving_averages/figures/emotion_curiosity/r_b_soul_full_scale.png,moving_average_individual_genre,equal-weight/rank-weighted rolling means; full-domain reference,y,linear,0.01310455031,0.08558757281,0.0724830225,0,1,1,0.0724830225,"[{""axis_max"": 1.0, ""axis_min"": 0.0, ""axis_span"": 1.0, ""primary_max"": 0.08558757281, ""primary_min"": 0.01310455031, ""primary_span"": 0.0724830225, ""utilization_ratio"": 0.0724830225}]",,Full-domain companion preserves every qualifying raw monthly value,False,,0,,True,src/moving_average_figures.py,True,New companion reference,,,,,,,intentional full-scale reference
analysis/moving_averages/figures/emotion_curiosity/rank_sensitivity.png,moving_average_rank_sensitivity,equal-weight 12-month mean; rank-weighted 12-month sensitivity,y,linear,0.01905312997,0.05395505119,0.03490192122,0.016,0.057,0.041,0.85126637122,"[{""axis_max"": 0.057, ""axis_min"": 0.016, ""axis_span"": 0.041, ""primary_max"": 0.05395505119, ""primary_min"": 0.01905312997, ""primary_span"": 0.03490192122, ""utilization_ratio"": 0.8512663712195122}]",Primary rolling range uses under 25% of old Y-axis; raw/global/domain scale dominates,Scale only finite displayed rolling series; exterior legend; readable count panel; 300 dpi,False,,0,Y-axis follows displayed 12-month means; classifier scores range 0–1.,True,src/moving_average_figures.py,False,zero to 1.08 × maximum qualifying raw mean across overall and ALL genres; capped at 1.02; floor 0.005,0.01905312997,0.05395505119,0,0.28763763606,0.121339897303,,reviewed by family; no unresolved presentation issue
analysis/moving_averages/figures/emotion_curiosity/rock.png,moving_average_individual_genre,equal-weight 12-month mean; rank-weighted 12-month sensitivity,y,linear,0.0127970342,0.09212263755,0.07932560335,0.006,0.099,0.093,0.852963476882,"[{""axis_max"": 0.099, ""axis_min"": 0.006, ""axis_span"": 0.093, ""primary_max"": 0.09212263755, ""primary_min"": 0.0127970342, ""primary_span"": 0.07932560335, ""utilization_ratio"": 0.8529634768817204}]",Primary rolling range uses 25–50% of old Y-axis; reviewed against raw/global scale,Scale only finite displayed rolling series; exterior legend; readable count panel; 300 dpi,True,analysis/moving_averages/figures/emotion_curiosity/rock_full_scale.png,23,Y-axis follows displayed 12-month means; classifier scores range 0–1. Raw monthly context: 23 values outside view.,True,src/moving_average_figures.py,False,zero to 1.08 × maximum qualifying raw mean across overall and ALL genres; capped at 1.02; floor 0.005,0.0127970342,0.09212263755,0,0.28763763606,0.275783115299,,reviewed by family; no unresolved presentation issue
analysis/moving_averages/figures/emotion_curiosity/rock_full_scale.png,moving_average_individual_genre,equal-weight/rank-weighted rolling means; full-domain reference,y,linear,0.0127970342,0.09212263755,0.07932560335,0,1,1,0.07932560335,"[{""axis_max"": 1.0, ""axis_min"": 0.0, ""axis_span"": 1.0, ""primary_max"": 0.09212263755, ""primary_min"": 0.0127970342, ""primary_span"": 0.07932560335, ""utilization_ratio"": 0.07932560335}]",,Full-domain companion preserves every qualifying raw monthly value,False,,0,,True,src/moving_average_figures.py,True,New companion reference,,,,,,,intentional full-scale reference
analysis/moving_averages/figures/emotion_desire/alternative_indie.png,moving_average_individual_genre,equal-weight 12-month mean; rank-weighted 12-month sensitivity,y,linear,0.009309303783,0.1333683447,0.124059040917,0,0.15,0.15,0.82706027278,"[{""axis_max"": 0.15, ""axis_min"": 0.0, ""axis_span"": 0.15, ""primary_max"": 0.1333683447, ""primary_min"": 0.009309303783, ""primary_span"": 0.124059040917, ""utilization_ratio"": 0.82706027278}]",Primary rolling range uses 25–50% of old Y-axis; reviewed against raw/global scale,Scale only finite displayed rolling series; exterior legend; readable count panel; 300 dpi,True,analysis/moving_averages/figures/emotion_desire/alternative_indie_full_scale.png,14,Y-axis follows displayed 12-month means; classifier scores range 0–1. Raw monthly context: 14 values outside view.,True,src/moving_average_figures.py,False,zero to 1.08 × maximum qualifying raw mean across overall and ALL genres; capped at 1.02; floor 0.005,0.009309303783,0.1333683447,0,0.380752726464,0.32582574541,,reviewed by family; no unresolved presentation issue
analysis/moving_averages/figures/emotion_desire/alternative_indie_full_scale.png,moving_average_individual_genre,equal-weight/rank-weighted rolling means; full-domain reference,y,linear,0.009309303783,0.1333683447,0.124059040917,0,1,1,0.124059040917,"[{""axis_max"": 1.0, ""axis_min"": 0.0, ""axis_span"": 1.0, ""primary_max"": 0.1333683447, ""primary_min"": 0.009309303783, ""primary_span"": 0.124059040917, ""utilization_ratio"": 0.124059040917}]",,Full-domain companion preserves every qualifying raw monthly value,False,,0,,True,src/moving_average_figures.py,True,New companion reference,,,,,,,intentional full-scale reference
analysis/moving_averages/figures/emotion_desire/country.png,moving_average_individual_genre,equal-weight 12-month mean; rank-weighted 12-month sensitivity,y,linear,0.0211438774,0.125308256,0.1041643786,0.01,0.14,0.13,0.801264450769,"[{""axis_max"": 0.14, ""axis_min"": 0.01, ""axis_span"": 0.13, ""primary_max"": 0.125308256, ""primary_min"": 0.0211438774, ""primary_span"": 0.10416437860000001, ""utilization_ratio"": 0.8012644507692308}]",Primary rolling range uses 25–50% of old Y-axis; reviewed against raw/global scale,Scale only finite displayed rolling series; exterior legend; readable count panel; 300 dpi,True,analysis/moving_averages/figures/emotion_desire/country_full_scale.png,45,Y-axis follows displayed 12-month means; classifier scores range 0–1. Raw monthly context: 45 values outside view.,True,src/moving_average_figures.py,False,zero to 1.08 × maximum qualifying raw mean across overall and ALL genres; capped at 1.02; floor 0.005,0.0211438774,0.125308256,0,0.380752726464,0.273574872509,,reviewed by family; no unresolved presentation issue
analysis/moving_averages/figures/emotion_desire/country_full_scale.png,moving_average_individual_genre,equal-weight/rank-weighted rolling means; full-domain reference,y,linear,0.0211438774,0.125308256,0.1041643786,0,1,1,0.1041643786,"[{""axis_max"": 1.0, ""axis_min"": 0.0, ""axis_span"": 1.0, ""primary_max"": 0.125308256, ""primary_min"": 0.0211438774, ""primary_span"": 0.10416437860000001, ""utilization_ratio"": 0.10416437860000001}]",,Full-domain companion preserves every qualifying raw monthly value,False,,0,,True,src/moving_average_figures.py,True,New companion reference,,,,,,,intentional full-scale reference
analysis/moving_averages/figures/emotion_desire/electronic_dance.png,moving_average_individual_genre,equal-weight 12-month mean; rank-weighted 12-month sensitivity,y,linear,0.02788778067,0.1127354782,0.08484769753,0.021,0.12,0.099,0.857047449798,"[{""axis_max"": 0.12, ""axis_min"": 0.021, ""axis_span"": 0.09899999999999999, ""primary_max"": 0.1127354782, ""primary_min"": 0.02788778067, ""primary_span"": 0.08484769753, ""utilization_ratio"": 0.8570474497979799}]",Primary rolling range uses under 25% of old Y-axis; raw/global/domain scale dominates,Scale only finite displayed rolling series; exterior legend; readable count panel; 300 dpi,True,analysis/moving_averages/figures/emotion_desire/electronic_dance_full_scale.png,91,Y-axis follows displayed 12-month means; classifier scores range 0–1. Raw monthly context: 91 values outside view.,True,src/moving_average_figures.py,False,zero to 1.08 × maximum qualifying raw mean across overall and ALL genres; capped at 1.02; floor 0.005,0.02788778067,0.1127354782,0,0.380752726464,0.222841995954,,reviewed by family; no unresolved presentation issue
analysis/moving_averages/figures/emotion_desire/electronic_dance_full_scale.png,moving_average_individual_genre,equal-weight/rank-weighted rolling means; full-domain reference,y,linear,0.02788778067,0.1127354782,0.08484769753,0,1,1,0.08484769753,"[{""axis_max"": 1.0, ""axis_min"": 0.0, ""axis_span"": 1.0, ""primary_max"": 0.1127354782, ""primary_min"": 0.02788778067, ""primary_span"": 0.08484769753, ""utilization_ratio"": 0.08484769753}]",,Full-domain companion preserves every qualifying raw monthly value,False,,0,,True,src/moving_average_figures.py,True,New companion reference,,,,,,,intentional full-scale reference
analysis/moving_averages/figures/emotion_desire/hip_hop_rap.png,moving_average_individual_genre,equal-weight 12-month mean; rank-weighted 12-month sensitivity,y,linear,0.004555143798,0.06408639694,0.059531253142,0,0.069,0.069,0.862771784667,"[{""axis_max"": 0.069, ""axis_min"": 0.0, ""axis_span"": 0.069, ""primary_max"": 0.06408639694, ""primary_min"": 0.004555143798, ""primary_span"": 0.059531253142, ""utilization_ratio"": 0.8627717846666666}]",Primary rolling range uses under 25% of old Y-axis; raw/global/domain scale dominates,Scale only finite displayed rolling series; exterior legend; readable count panel; 300 dpi,True,analysis/moving_averages/figures/emotion_desire/hip_hop_rap_full_scale.png,9,Y-axis follows displayed 12-month means; classifier scores range 0–1. Raw monthly context: 9 values outside view.,True,src/moving_average_figures.py,False,zero to 1.08 × maximum qualifying raw mean across overall and ALL genres; capped at 1.02; floor 0.005,0.004555143798,0.06408639694,0,0.380752726464,0.15635148222,,reviewed by family; no unresolved presentation issue
analysis/moving_averages/figures/emotion_desire/hip_hop_rap_full_scale.png,moving_average_individual_genre,equal-weight/rank-weighted rolling means; full-domain reference,y,linear,0.004555143798,0.06408639694,0.059531253142,0,1,1,0.059531253142,"[{""axis_max"": 1.0, ""axis_min"": 0.0, ""axis_span"": 1.0, ""primary_max"": 0.06408639694, ""primary_min"": 0.004555143798, ""primary_span"": 0.059531253142, ""utilization_ratio"": 0.059531253142}]",,Full-domain companion preserves every qualifying raw monthly value,False,,0,,True,src/moving_average_figures.py,True,New companion reference,,,,,,,intentional full-scale reference
analysis/moving_averages/figures/emotion_desire/major_genres.png,moving_average_major_genres,equal-weight 12-month mean,y,linear,0.00522874026,0.1392262282,0.13399748794,0,0.15,0.15,0.893316586267,"[{""axis_max"": 0.15, ""axis_min"": 0.0, ""axis_span"": 0.15, ""primary_max"": 0.1392262282, ""primary_min"": 0.00522874026, ""primary_span"": 0.13399748794, ""utilization_ratio"": 0.8933165862666667}]",Primary rolling range uses 25–50% of old Y-axis; reviewed against raw/global scale,Scale only finite displayed rolling series; exterior legend; readable count panel; 300 dpi,False,,0,Y-axis follows displayed 12-month means; classifier scores range 0–1.,True,src/moving_average_figures.py,False,zero to 1.08 × maximum qualifying raw mean across overall and ALL genres; capped at 1.02; floor 0.005,0.00522874026,0.1392262282,0,0.380752726464,0.351927848776,,reviewed by family; no unresolved presentation issue
analysis/moving_averages/figures/emotion_desire/overall.png,moving_average_overall,equal-weight 12-month mean,y,linear,0.03091940181,0.09374147259,0.06282207078,0.025,0.099,0.074,0.848946902432,"[{""axis_max"": 0.099, ""axis_min"": 0.025, ""axis_span"": 0.07400000000000001, ""primary_max"": 0.09374147259, ""primary_min"": 0.03091940181, ""primary_span"": 0.06282207078, ""utilization_ratio"": 0.8489469024324323}]",Primary rolling range uses under 25% of old Y-axis; raw/global/domain scale dominates,Scale only finite displayed rolling series; exterior legend; readable count panel; 300 dpi,True,analysis/moving_averages/figures/emotion_desire/overall_full_scale.png,22,Y-axis follows displayed 12-month means; classifier scores range 0–1. Raw monthly context: 22 values outside view.,True,src/moving_average_figures.py,False,zero to 1.08 × maximum qualifying raw mean across overall and ALL genres; capped at 1.02; floor 0.005,0.03091940181,0.09374147259,0,0.380752726464,0.164994408217,,reviewed by family; no unresolved presentation issue
analysis/moving_averages/figures/emotion_desire/overall_full_scale.png,moving_average_overall,equal-weight/rank-weighted rolling means; full-domain reference,y,linear,0.03091940181,0.09374147259,0.06282207078,0,1,1,0.06282207078,"[{""axis_max"": 1.0, ""axis_min"": 0.0, ""axis_span"": 1.0, ""primary_max"": 0.09374147259, ""primary_min"": 0.03091940181, ""primary_span"": 0.06282207078, ""utilization_ratio"": 0.06282207078}]",,Full-domain companion preserves every qualifying raw monthly value,False,,0,,True,src/moving_average_figures.py,True,New companion reference,,,,,,,intentional full-scale reference
analysis/moving_averages/figures/emotion_desire/pop.png,moving_average_individual_genre,equal-weight 12-month mean; rank-weighted 12-month sensitivity,y,linear,0.02269445632,0.1659877281,0.14329327178,0.01,0.18,0.17,0.842901598706,"[{""axis_max"": 0.18, ""axis_min"": 0.01, ""axis_span"": 0.16999999999999998, ""primary_max"": 0.1659877281, ""primary_min"": 0.02269445632, ""primary_span"": 0.14329327178, ""utilization_ratio"": 0.8429015987058824}]",Primary rolling range uses 25–50% of old Y-axis; reviewed against raw/global scale,Scale only finite displayed rolling series; exterior legend; readable count panel; 300 dpi,True,analysis/moving_averages/figures/emotion_desire/pop_full_scale.png,9,Y-axis follows displayed 12-month means; classifier scores range 0–1. Raw monthly context: 9 values outside view.,True,src/moving_average_figures.py,False,zero to 1.08 × maximum qualifying raw mean across overall and ALL genres; capped at 1.02; floor 0.005,0.02269445632,0.1659877281,0,0.380752726464,0.376342076683,,reviewed by family; no unresolved presentation issue
analysis/moving_averages/figures/emotion_desire/pop_full_scale.png,moving_average_individual_genre,equal-weight/rank-weighted rolling means; full-domain reference,y,linear,0.02269445632,0.1659877281,0.14329327178,0,1,1,0.14329327178,"[{""axis_max"": 1.0, ""axis_min"": 0.0, ""axis_span"": 1.0, ""primary_max"": 0.1659877281, ""primary_min"": 0.02269445632, ""primary_span"": 0.14329327178, ""utilization_ratio"": 0.14329327178}]",,Full-domain companion preserves every qualifying raw monthly value,False,,0,,True,src/moving_average_figures.py,True,New companion reference,,,,,,,intentional full-scale reference
analysis/moving_averages/figures/emotion_desire/r_b_soul.png,moving_average_individual_genre,equal-weight 12-month mean; rank-weighted 12-month sensitivity,y,linear,0.0179433173,0.1274839154,0.1095405981,0,0.14,0.14,0.782432843571,"[{""axis_max"": 0.14, ""axis_min"": 0.0, ""axis_span"": 0.14, ""primary_max"": 0.1274839154, ""primary_min"": 0.0179433173, ""primary_span"": 0.10954059810000001, ""utilization_ratio"": 0.7824328435714286}]",Primary rolling range uses 25–50% of old Y-axis; reviewed against raw/global scale,Scale only finite displayed rolling series; exterior legend; readable count panel; 300 dpi,True,analysis/moving_averages/figures/emotion_desire/r_b_soul_full_scale.png,24,Y-axis follows displayed 12-month means; classifier scores range 0–1. Raw monthly context: 24 values outside view.,True,src/moving_average_figures.py,False,zero to 1.08 × maximum qualifying raw mean across overall and ALL genres; capped at 1.02; floor 0.005,0.0179433173,0.1274839154,0,0.380752726464,0.287694848878,,reviewed by family; no unresolved presentation issue
analysis/moving_averages/figures/emotion_desire/r_b_soul_full_scale.png,moving_average_individual_genre,equal-weight/rank-weighted rolling means; full-domain reference,y,linear,0.0179433173,0.1274839154,0.1095405981,0,1,1,0.1095405981,"[{""axis_max"": 1.0, ""axis_min"": 0.0, ""axis_span"": 1.0, ""primary_max"": 0.1274839154, ""primary_min"": 0.0179433173, ""primary_span"": 0.10954059810000001, ""utilization_ratio"": 0.10954059810000001}]",,Full-domain companion preserves every qualifying raw monthly value,False,,0,,True,src/moving_average_figures.py,True,New companion reference,,,,,,,intentional full-scale reference
analysis/moving_averages/figures/emotion_desire/rank_sensitivity.png,moving_average_rank_sensitivity,equal-weight 12-month mean; rank-weighted 12-month sensitivity,y,linear,0.02920075756,0.1051950705,0.07599431294,0.023,0.112,0.089,0.853868684719,"[{""axis_max"": 0.112, ""axis_min"": 0.023, ""axis_span"": 0.089, ""primary_max"": 0.1051950705, ""primary_min"": 0.02920075756, ""primary_span"": 0.07599431294, ""utilization_ratio"": 0.8538686847191012}]",Primary rolling range uses under 25% of old Y-axis; raw/global/domain scale dominates,Scale only finite displayed rolling series; exterior legend; readable count panel; 300 dpi,False,,0,Y-axis follows displayed 12-month means; classifier scores range 0–1.,True,src/moving_average_figures.py,False,zero to 1.08 × maximum qualifying raw mean across overall and ALL genres; capped at 1.02; floor 0.005,0.02920075756,0.1051950705,0,0.380752726464,0.199589675025,,reviewed by family; no unresolved presentation issue
analysis/moving_averages/figures/emotion_desire/rock.png,moving_average_individual_genre,equal-weight 12-month mean; rank-weighted 12-month sensitivity,y,linear,0.013793733,0.1379843,0.124190567,0,0.15,0.15,0.827937113333,"[{""axis_max"": 0.15, ""axis_min"": 0.0, ""axis_span"": 0.15, ""primary_max"": 0.1379843, ""primary_min"": 0.013793733, ""primary_span"": 0.124190567, ""utilization_ratio"": 0.8279371133333334}]",Primary rolling range uses 25–50% of old Y-axis; reviewed against raw/global scale,Scale only finite displayed rolling series; exterior legend; readable count panel; 300 dpi,True,analysis/moving_averages/figures/emotion_desire/rock_full_scale.png,7,Y-axis follows displayed 12-month means; classifier scores range 0–1. Raw monthly context: 7 values outside view.,True,src/moving_average_figures.py,False,zero to 1.08 × maximum qualifying raw mean across overall and ALL genres; capped at 1.02; floor 0.005,0.013793733,0.1379843,0,0.380752726464,0.326171182419,,reviewed by family; no unresolved presentation issue
analysis/moving_averages/figures/emotion_desire/rock_full_scale.png,moving_average_individual_genre,equal-weight/rank-weighted rolling means; full-domain reference,y,linear,0.013793733,0.1379843,0.124190567,0,1,1,0.124190567,"[{""axis_max"": 1.0, ""axis_min"": 0.0, ""axis_span"": 1.0, ""primary_max"": 0.1379843, ""primary_min"": 0.013793733, ""primary_span"": 0.124190567, ""utilization_ratio"": 0.124190567}]",,Full-domain companion preserves every qualifying raw monthly value,False,,0,,True,src/moving_average_figures.py,True,New companion reference,,,,,,,intentional full-scale reference
analysis/moving_averages/figures/emotion_disappointment/alternative_indie.png,moving_average_individual_genre,equal-weight 12-month mean; rank-weighted 12-month sensitivity,y,linear,0.03089577599,0.1607605081,0.12986473211,0.02,0.18,0.16,0.811654575687,"[{""axis_max"": 0.18, ""axis_min"": 0.02, ""axis_span"": 0.16, ""primary_max"": 0.1607605081, ""primary_min"": 0.03089577599, ""primary_span"": 0.12986473211, ""utilization_ratio"": 0.8116545756874999}]",Primary rolling range uses 25–50% of old Y-axis; reviewed against raw/global scale,Scale only finite displayed rolling series; exterior legend; readable count panel; 300 dpi,True,analysis/moving_averages/figures/emotion_disappointment/alternative_indie_full_scale.png,24,Y-axis follows displayed 12-month means; classifier scores range 0–1. Raw monthly context: 24 values outside view.,True,src/moving_average_figures.py,False,zero to 1.08 × maximum qualifying raw mean across overall and ALL genres; capped at 1.02; floor 0.005,0.03089577599,0.1607605081,0,0.347205837528,0.374028078084,,reviewed by family; no unresolved presentation issue
analysis/moving_averages/figures/emotion_disappointment/alternative_indie_full_scale.png,moving_average_individual_genre,equal-weight/rank-weighted rolling means; full-domain reference,y,linear,0.03089577599,0.1607605081,0.12986473211,0,1,1,0.12986473211,"[{""axis_max"": 1.0, ""axis_min"": 0.0, ""axis_span"": 1.0, ""primary_max"": 0.1607605081, ""primary_min"": 0.03089577599, ""primary_span"": 0.12986473211, ""utilization_ratio"": 0.12986473211}]",,Full-domain companion preserves every qualifying raw monthly value,False,,0,,True,src/moving_average_figures.py,True,New companion reference,,,,,,,intentional full-scale reference
analysis/moving_averages/figures/emotion_disappointment/country.png,moving_average_individual_genre,equal-weight 12-month mean; rank-weighted 12-month sensitivity,y,linear,0.02326399237,0.09849437026,0.07523037789,0.017,0.105,0.088,0.854890657841,"[{""axis_max"": 0.105, ""axis_min"": 0.017, ""axis_span"": 0.088, ""primary_max"": 0.09849437026, ""primary_min"": 0.02326399237, ""primary_span"": 0.07523037789, ""utilization_ratio"": 0.8548906578409092}]",Primary rolling range uses under 25% of old Y-axis; raw/global/domain scale dominates,Scale only finite displayed rolling series; exterior legend; readable count panel; 300 dpi,True,analysis/moving_averages/figures/emotion_disappointment/country_full_scale.png,54,Y-axis follows displayed 12-month means; classifier scores range 0–1. Raw monthly context: 54 values outside view.,True,src/moving_average_figures.py,False,zero to 1.08 × maximum qualifying raw mean across overall and ALL genres; capped at 1.02; floor 0.005,0.02326399237,0.09849437026,0,0.347205837528,0.216673712705,,reviewed by family; no unresolved presentation issue
analysis/moving_averages/figures/emotion_disappointment/country_full_scale.png,moving_average_individual_genre,equal-weight/rank-weighted rolling means; full-domain reference,y,linear,0.02326399237,0.09849437026,0.07523037789,0,1,1,0.07523037789,"[{""axis_max"": 1.0, ""axis_min"": 0.0, ""axis_span"": 1.0, ""primary_max"": 0.09849437026, ""primary_min"": 0.02326399237, ""primary_span"": 0.07523037789, ""utilization_ratio"": 0.07523037789}]",,Full-domain companion preserves every qualifying raw monthly value,False,,0,,True,src/moving_average_figures.py,True,New companion reference,,,,,,,intentional full-scale reference
analysis/moving_averages/figures/emotion_disappointment/electronic_dance.png,moving_average_individual_genre,equal-weight 12-month mean; rank-weighted 12-month sensitivity,y,linear,0.02046522861,0.1122321908,0.09176696219,0.01,0.12,0.11,0.834245110818,"[{""axis_max"": 0.12, ""axis_min"": 0.01, ""axis_span"": 0.11, ""primary_max"": 0.1122321908, ""primary_min"": 0.02046522861, ""primary_span"": 0.09176696219000001, ""utilization_ratio"": 0.8342451108181819}]",Primary rolling range uses 25–50% of old Y-axis; reviewed against raw/global scale,Scale only finite displayed rolling series; exterior legend; readable count panel; 300 dpi,True,analysis/moving_averages/figures/emotion_disappointment/electronic_dance_full_scale.png,49,Y-axis follows displayed 12-month means; classifier scores range 0–1. Raw monthly context: 49 values outside view.,True,src/moving_average_figures.py,False,zero to 1.08 × maximum qualifying raw mean across overall and ALL genres; capped at 1.02; floor 0.005,0.02046522861,0.1122321908,0,0.347205837528,0.264301322937,,reviewed by family; no unresolved presentation issue
analysis/moving_averages/figures/emotion_disappointment/electronic_dance_full_scale.png,moving_average_individual_genre,equal-weight/rank-weighted rolling means; full-domain reference,y,linear,0.02046522861,0.1122321908,0.09176696219,0,1,1,0.09176696219,"[{""axis_max"": 1.0, ""axis_min"": 0.0, ""axis_span"": 1.0, ""primary_max"": 0.1122321908, ""primary_min"": 0.02046522861, ""primary_span"": 0.09176696219000001, ""utilization_ratio"": 0.09176696219000001}]",,Full-domain companion preserves every qualifying raw monthly value,False,,0,,True,src/moving_average_figures.py,True,New companion reference,,,,,,,intentional full-scale reference
analysis/moving_averages/figures/emotion_disappointment/hip_hop_rap.png,moving_average_individual_genre,equal-weight 12-month mean; rank-weighted 12-month sensitivity,y,linear,0.01066932217,0.05702832932,0.04635900715,0.006,0.061,0.055,0.842891039091,"[{""axis_max"": 0.061, ""axis_min"": 0.006, ""axis_span"": 0.055, ""primary_max"": 0.05702832932, ""primary_min"": 0.01066932217, ""primary_span"": 0.04635900715, ""utilization_ratio"": 0.8428910390909091}]",Primary rolling range uses under 25% of old Y-axis; raw/global/domain scale dominates,Scale only finite displayed rolling series; exterior legend; readable count panel; 300 dpi,True,analysis/moving_averages/figures/emotion_disappointment/hip_hop_rap_full_scale.png,18,Y-axis follows displayed 12-month means; classifier scores range 0–1. Raw monthly context: 18 values outside view.,True,src/moving_average_figures.py,False,zero to 1.08 × maximum qualifying raw mean across overall and ALL genres; capped at 1.02; floor 0.005,0.01066932217,0.05702832932,0,0.347205837528,0.133520241134,,reviewed by family; no unresolved presentation issue
analysis/moving_averages/figures/emotion_disappointment/hip_hop_rap_full_scale.png,moving_average_individual_genre,equal-weight/rank-weighted rolling means; full-domain reference,y,linear,0.01066932217,0.05702832932,0.04635900715,0,1,1,0.04635900715,"[{""axis_max"": 1.0, ""axis_min"": 0.0, ""axis_span"": 1.0, ""primary_max"": 0.05702832932, ""primary_min"": 0.01066932217, ""primary_span"": 0.04635900715, ""utilization_ratio"": 0.04635900715}]",,Full-domain companion preserves every qualifying raw monthly value,False,,0,,True,src/moving_average_figures.py,True,New companion reference,,,,,,,intentional full-scale reference
analysis/moving_averages/figures/emotion_disappointment/major_genres.png,moving_average_major_genres,equal-weight 12-month mean,y,linear,0.01084577461,0.1494462166,0.13860044199,0,0.17,0.17,0.815296717588,"[{""axis_max"": 0.17, ""axis_min"": 0.0, ""axis_span"": 0.17, ""primary_max"": 0.1494462166, ""primary_min"": 0.01084577461, ""primary_span"": 0.13860044199, ""utilization_ratio"": 0.8152967175882352}]",Primary rolling range uses 25–50% of old Y-axis; reviewed against raw/global scale,Scale only finite displayed rolling series; exterior legend; readable count panel; 300 dpi,False,,0,Y-axis follows displayed 12-month means; classifier scores range 0–1.,True,src/moving_average_figures.py,False,zero to 1.08 × maximum qualifying raw mean across overall and ALL genres; capped at 1.02; floor 0.005,0.01084577461,0.1494462166,0,0.347205837528,0.399188109788,,reviewed by family; no unresolved presentation issue
analysis/moving_averages/figures/emotion_disappointment/overall.png,moving_average_overall,equal-weight 12-month mean,y,linear,0.03641885169,0.07517728865,0.03875843696,0.033,0.079,0.046,0.842574716522,"[{""axis_max"": 0.079, ""axis_min"": 0.033, ""axis_span"": 0.046, ""primary_max"": 0.07517728865, ""primary_min"": 0.03641885169, ""primary_span"": 0.038758436959999996, ""utilization_ratio"": 0.8425747165217391}]",Primary rolling range uses under 25% of old Y-axis; raw/global/domain scale dominates,Scale only finite displayed rolling series; exterior legend; readable count panel; 300 dpi,True,analysis/moving_averages/figures/emotion_disappointment/overall_full_scale.png,30,Y-axis follows displayed 12-month means; classifier scores range 0–1. Raw monthly context: 30 values outside view.,True,src/moving_average_figures.py,False,zero to 1.08 × maximum qualifying raw mean across overall and ALL genres; capped at 1.02; floor 0.005,0.03641885169,0.07517728865,0,0.347205837528,0.111629566012,,reviewed by family; no unresolved presentation issue
analysis/moving_averages/figures/emotion_disappointment/overall_full_scale.png,moving_average_overall,equal-weight/rank-weighted rolling means; full-domain reference,y,linear,0.03641885169,0.07517728865,0.03875843696,0,1,1,0.03875843696,"[{""axis_max"": 1.0, ""axis_min"": 0.0, ""axis_span"": 1.0, ""primary_max"": 0.07517728865, ""primary_min"": 0.03641885169, ""primary_span"": 0.038758436959999996, ""utilization_ratio"": 0.038758436959999996}]",,Full-domain companion preserves every qualifying raw monthly value,False,,0,,True,src/moving_average_figures.py,True,New companion reference,,,,,,,intentional full-scale reference
analysis/moving_averages/figures/emotion_disappointment/pop.png,moving_average_individual_genre,equal-weight 12-month mean; rank-weighted 12-month sensitivity,y,linear,0.02770955406,0.1180344046,0.09032485054,0.02,0.13,0.11,0.821135004909,"[{""axis_max"": 0.13, ""axis_min"": 0.02, ""axis_span"": 0.11, ""primary_max"": 0.1180344046, ""primary_min"": 0.02770955406, ""primary_span"": 0.09032485054, ""utilization_ratio"": 0.821135004909091}]",Primary rolling range uses 25–50% of old Y-axis; reviewed against raw/global scale,Scale only finite displayed rolling series; exterior legend; readable count panel; 300 dpi,True,analysis/moving_averages/figures/emotion_disappointment/pop_full_scale.png,21,Y-axis follows displayed 12-month means; classifier scores range 0–1. Raw monthly context: 21 values outside view.,True,src/moving_average_figures.py,False,zero to 1.08 × maximum qualifying raw mean across overall and ALL genres; capped at 1.02; floor 0.005,0.02770955406,0.1180344046,0,0.347205837528,0.260147845391,,reviewed by family; no unresolved presentation issue
analysis/moving_averages/figures/emotion_disappointment/pop_full_scale.png,moving_average_individual_genre,equal-weight/rank-weighted rolling means; full-domain reference,y,linear,0.02770955406,0.1180344046,0.09032485054,0,1,1,0.09032485054,"[{""axis_max"": 1.0, ""axis_min"": 0.0, ""axis_span"": 1.0, ""primary_max"": 0.1180344046, ""primary_min"": 0.02770955406, ""primary_span"": 0.09032485054, ""utilization_ratio"": 0.09032485054}]",,Full-domain companion preserves every qualifying raw monthly value,False,,0,,True,src/moving_average_figures.py,True,New companion reference,,,,,,,intentional full-scale reference
analysis/moving_averages/figures/emotion_disappointment/r_b_soul.png,moving_average_individual_genre,equal-weight 12-month mean; rank-weighted 12-month sensitivity,y,linear,0.01156621686,0.1042501776,0.09268396074,0,0.12,0.12,0.7723663395,"[{""axis_max"": 0.12, ""axis_min"": 0.0, ""axis_span"": 0.12, ""primary_max"": 0.1042501776, ""primary_min"": 0.01156621686, ""primary_span"": 0.09268396073999999, ""utilization_ratio"": 0.7723663394999999}]",Primary rolling range uses 25–50% of old Y-axis; reviewed against raw/global scale,Scale only finite displayed rolling series; exterior legend; readable count panel; 300 dpi,True,analysis/moving_averages/figures/emotion_disappointment/r_b_soul_full_scale.png,17,Y-axis follows displayed 12-month means; classifier scores range 0–1. Raw monthly context: 17 values outside view.,True,src/moving_average_figures.py,False,zero to 1.08 × maximum qualifying raw mean across overall and ALL genres; capped at 1.02; floor 0.005,0.01156621686,0.1042501776,0,0.347205837528,0.266942403388,,reviewed by family; no unresolved presentation issue
analysis/moving_averages/figures/emotion_disappointment/r_b_soul_full_scale.png,moving_average_individual_genre,equal-weight/rank-weighted rolling means; full-domain reference,y,linear,0.01156621686,0.1042501776,0.09268396074,0,1,1,0.09268396074,"[{""axis_max"": 1.0, ""axis_min"": 0.0, ""axis_span"": 1.0, ""primary_max"": 0.1042501776, ""primary_min"": 0.01156621686, ""primary_span"": 0.09268396073999999, ""utilization_ratio"": 0.09268396073999999}]",,Full-domain companion preserves every qualifying raw monthly value,False,,0,,True,src/moving_average_figures.py,True,New companion reference,,,,,,,intentional full-scale reference
analysis/moving_averages/figures/emotion_disappointment/rank_sensitivity.png,moving_average_rank_sensitivity,equal-weight 12-month mean; rank-weighted 12-month sensitivity,y,linear,0.03570134589,0.07781472201,0.04211337612,0.032,0.082,0.05,0.8422675224,"[{""axis_max"": 0.082, ""axis_min"": 0.032, ""axis_span"": 0.05, ""primary_max"": 0.07781472201, ""primary_min"": 0.03570134589, ""primary_span"": 0.042113376120000004, ""utilization_ratio"": 0.8422675224}]",Primary rolling range uses under 25% of old Y-axis; raw/global/domain scale dominates,Scale only finite displayed rolling series; exterior legend; readable count panel; 300 dpi,False,,0,Y-axis follows displayed 12-month means; classifier scores range 0–1.,True,src/moving_average_figures.py,False,zero to 1.08 × maximum qualifying raw mean across overall and ALL genres; capped at 1.02; floor 0.005,0.03570134589,0.07781472201,0,0.347205837528,0.121292246754,,reviewed by family; no unresolved presentation issue
analysis/moving_averages/figures/emotion_disappointment/rock.png,moving_average_individual_genre,equal-weight 12-month mean; rank-weighted 12-month sensitivity,y,linear,0.01830118476,0.1641235439,0.14582235914,0,0.18,0.18,0.810124217444,"[{""axis_max"": 0.18, ""axis_min"": 0.0, ""axis_span"": 0.18, ""primary_max"": 0.1641235439, ""primary_min"": 0.01830118476, ""primary_span"": 0.14582235914, ""utilization_ratio"": 0.8101242174444444}]",Primary rolling range uses 25–50% of old Y-axis; reviewed against raw/global scale,Scale only finite displayed rolling series; exterior legend; readable count panel; 300 dpi,True,analysis/moving_averages/figures/emotion_disappointment/rock_full_scale.png,12,Y-axis follows displayed 12-month means; classifier scores range 0–1. Raw monthly context: 12 values outside view.,True,src/moving_average_figures.py,False,zero to 1.08 × maximum qualifying raw mean across overall and ALL genres; capped at 1.02; floor 0.005,0.01830118476,0.1641235439,0,0.347205837528,0.419988212693,,reviewed by family; no unresolved presentation issue
analysis/moving_averages/figures/emotion_disappointment/rock_full_scale.png,moving_average_individual_genre,equal-weight/rank-weighted rolling means; full-domain reference,y,linear,0.01830118476,0.1641235439,0.14582235914,0,1,1,0.14582235914,"[{""axis_max"": 1.0, ""axis_min"": 0.0, ""axis_span"": 1.0, ""primary_max"": 0.1641235439, ""primary_min"": 0.01830118476, ""primary_span"": 0.14582235914, ""utilization_ratio"": 0.14582235914}]",,Full-domain companion preserves every qualifying raw monthly value,False,,0,,True,src/moving_average_figures.py,True,New companion reference,,,,,,,intentional full-scale reference
analysis/moving_averages/figures/emotion_disapproval/alternative_indie.png,moving_average_individual_genre,equal-weight 12-month mean; rank-weighted 12-month sensitivity,y,linear,0.01273352968,0.09034243766,0.07760890798,0.006,0.097,0.091,0.852845142637,"[{""axis_max"": 0.097, ""axis_min"": 0.006, ""axis_span"": 0.091, ""primary_max"": 0.09034243766, ""primary_min"": 0.01273352968, ""primary_span"": 0.07760890798, ""utilization_ratio"": 0.8528451426373627}]",Primary rolling range uses 25–50% of old Y-axis; reviewed against raw/global scale,Scale only finite displayed rolling series; exterior legend; readable count panel; 300 dpi,True,analysis/moving_averages/figures/emotion_disapproval/alternative_indie_full_scale.png,19,Y-axis follows displayed 12-month means; classifier scores range 0–1. Raw monthly context: 19 values outside view.,True,src/moving_average_figures.py,False,zero to 1.08 × maximum qualifying raw mean across overall and ALL genres; capped at 1.02; floor 0.005,0.01273352968,0.09034243766,0,0.237176714844,0.327219761143,,reviewed by family; no unresolved presentation issue
analysis/moving_averages/figures/emotion_disapproval/alternative_indie_full_scale.png,moving_average_individual_genre,equal-weight/rank-weighted rolling means; full-domain reference,y,linear,0.01273352968,0.09034243766,0.07760890798,0,1,1,0.07760890798,"[{""axis_max"": 1.0, ""axis_min"": 0.0, ""axis_span"": 1.0, ""primary_max"": 0.09034243766, ""primary_min"": 0.01273352968, ""primary_span"": 0.07760890798, ""utilization_ratio"": 0.07760890798}]",,Full-domain companion preserves every qualifying raw monthly value,False,,0,,True,src/moving_average_figures.py,True,New companion reference,,,,,,,intentional full-scale reference
analysis/moving_averages/figures/emotion_disapproval/country.png,moving_average_individual_genre,equal-weight 12-month mean; rank-weighted 12-month sensitivity,y,linear,0.01112791875,0.04643886626,0.03531094751,0.008,0.05,0.042,0.840736845476,"[{""axis_max"": 0.05, ""axis_min"": 0.008, ""axis_span"": 0.042, ""primary_max"": 0.04643886626, ""primary_min"": 0.01112791875, ""primary_span"": 0.03531094751, ""utilization_ratio"": 0.8407368454761905}]",Primary rolling range uses under 25% of old Y-axis; raw/global/domain scale dominates,Scale only finite displayed rolling series; exterior legend; readable count panel; 300 dpi,True,analysis/moving_averages/figures/emotion_disapproval/country_full_scale.png,72,Y-axis follows displayed 12-month means; classifier scores range 0–1. Raw monthly context: 72 values outside view.,True,src/moving_average_figures.py,False,zero to 1.08 × maximum qualifying raw mean across overall and ALL genres; capped at 1.02; floor 0.005,0.01112791875,0.04643886626,0,0.237176714844,0.148880329729,,reviewed by family; no unresolved presentation issue
analysis/moving_averages/figures/emotion_disapproval/country_full_scale.png,moving_average_individual_genre,equal-weight/rank-weighted rolling means; full-domain reference,y,linear,0.01112791875,0.04643886626,0.03531094751,0,1,1,0.03531094751,"[{""axis_max"": 1.0, ""axis_min"": 0.0, ""axis_span"": 1.0, ""primary_max"": 0.04643886626, ""primary_min"": 0.01112791875, ""primary_span"": 0.03531094751, ""utilization_ratio"": 0.03531094751}]",,Full-domain companion preserves every qualifying raw monthly value,False,,0,,True,src/moving_average_figures.py,True,New companion reference,,,,,,,intentional full-scale reference
analysis/moving_averages/figures/emotion_disapproval/electronic_dance.png,moving_average_individual_genre,equal-weight 12-month mean; rank-weighted 12-month sensitivity,y,linear,0.009513527786,0.06381291514,0.054299387354,0.005,0.069,0.064,0.848427927406,"[{""axis_max"": 0.069, ""axis_min"": 0.005, ""axis_span"": 0.064, ""primary_max"": 0.06381291514, ""primary_min"": 0.009513527786, ""primary_span"": 0.054299387353999994, ""utilization_ratio"": 0.8484279274062498}]",Primary rolling range uses under 25% of old Y-axis; raw/global/domain scale dominates,Scale only finite displayed rolling series; exterior legend; readable count panel; 300 dpi,True,analysis/moving_averages/figures/emotion_disapproval/electronic_dance_full_scale.png,32,Y-axis follows displayed 12-month means; classifier scores range 0–1. Raw monthly context: 32 values outside view.,True,src/moving_average_figures.py,False,zero to 1.08 × maximum qualifying raw mean across overall and ALL genres; capped at 1.02; floor 0.005,0.009513527786,0.06381291514,0,0.237176714844,0.228940633526,,reviewed by family; no unresolved presentation issue
analysis/moving_averages/figures/emotion_disapproval/electronic_dance_full_scale.png,moving_average_individual_genre,equal-weight/rank-weighted rolling means; full-domain reference,y,linear,0.009513527786,0.06381291514,0.054299387354,0,1,1,0.054299387354,"[{""axis_max"": 1.0, ""axis_min"": 0.0, ""axis_span"": 1.0, ""primary_max"": 0.06381291514, ""primary_min"": 0.009513527786, ""primary_span"": 0.054299387353999994, ""utilization_ratio"": 0.054299387353999994}]",,Full-domain companion preserves every qualifying raw monthly value,False,,0,,True,src/moving_average_figures.py,True,New companion reference,,,,,,,intentional full-scale reference
analysis/moving_averages/figures/emotion_disapproval/hip_hop_rap.png,moving_average_individual_genre,equal-weight 12-month mean; rank-weighted 12-month sensitivity,y,linear,0.008396785819,0.02902278306,0.020625997241,0.006,0.031,0.025,0.82503988964,"[{""axis_max"": 0.031, ""axis_min"": 0.006, ""axis_span"": 0.025, ""primary_max"": 0.02902278306, ""primary_min"": 0.008396785819, ""primary_span"": 0.020625997241, ""utilization_ratio"": 0.82503988964}]",Primary rolling range uses under 25% of old Y-axis; raw/global/domain scale dominates,Scale only finite displayed rolling series; exterior legend; readable count panel; 300 dpi,True,analysis/moving_averages/figures/emotion_disapproval/hip_hop_rap_full_scale.png,28,Y-axis follows displayed 12-month means; classifier scores range 0–1. Raw monthly context: 28 values outside view.,True,src/moving_average_figures.py,False,zero to 1.08 × maximum qualifying raw mean across overall and ALL genres; capped at 1.02; floor 0.005,0.008396785819,0.02902278306,0,0.237176714844,0.0869646805529,,reviewed by family; no unresolved presentation issue
analysis/moving_averages/figures/emotion_disapproval/hip_hop_rap_full_scale.png,moving_average_individual_genre,equal-weight/rank-weighted rolling means; full-domain reference,y,linear,0.008396785819,0.02902278306,0.020625997241,0,1,1,0.020625997241,"[{""axis_max"": 1.0, ""axis_min"": 0.0, ""axis_span"": 1.0, ""primary_max"": 0.02902278306, ""primary_min"": 0.008396785819, ""primary_span"": 0.020625997241, ""utilization_ratio"": 0.020625997241}]",,Full-domain companion preserves every qualifying raw monthly value,False,,0,,True,src/moving_average_figures.py,True,New companion reference,,,,,,,intentional full-scale reference
analysis/moving_averages/figures/emotion_disapproval/major_genres.png,moving_average_major_genres,equal-weight 12-month mean,y,linear,0.005612857048,0.05935870139,0.053745844342,0.001,0.064,0.063,0.853108640349,"[{""axis_max"": 0.064, ""axis_min"": 0.001, ""axis_span"": 0.063, ""primary_max"": 0.05935870139, ""primary_min"": 0.005612857048, ""primary_span"": 0.053745844342, ""utilization_ratio"": 0.8531086403492063}]",Primary rolling range uses under 25% of old Y-axis; raw/global/domain scale dominates,Scale only finite displayed rolling series; exterior legend; readable count panel; 300 dpi,False,,0,Y-axis follows displayed 12-month means; classifier scores range 0–1.,True,src/moving_average_figures.py,False,zero to 1.08 × maximum qualifying raw mean across overall and ALL genres; capped at 1.02; floor 0.005,0.005612857048,0.05935870139,0,0.237176714844,0.226606749222,,reviewed by family; no unresolved presentation issue
analysis/moving_averages/figures/emotion_disapproval/overall.png,moving_average_overall,equal-weight 12-month mean,y,linear,0.008986741965,0.03316054268,0.024173800715,0.007,0.036,0.029,0.833579335,"[{""axis_max"": 0.036000000000000004, ""axis_min"": 0.007, ""axis_span"": 0.029000000000000005, ""primary_max"": 0.03316054268, ""primary_min"": 0.008986741965, ""primary_span"": 0.024173800715000002, ""utilization_ratio"": 0.8335793349999999}]",Primary rolling range uses under 25% of old Y-axis; raw/global/domain scale dominates,Scale only finite displayed rolling series; exterior legend; readable count panel; 300 dpi,True,analysis/moving_averages/figures/emotion_disapproval/overall_full_scale.png,35,Y-axis follows displayed 12-month means; classifier scores range 0–1. Raw monthly context: 35 values outside view.,True,src/moving_average_figures.py,False,zero to 1.08 × maximum qualifying raw mean across overall and ALL genres; capped at 1.02; floor 0.005,0.008986741965,0.03316054268,0,0.237176714844,0.101923161938,,reviewed by family; no unresolved presentation issue
analysis/moving_averages/figures/emotion_disapproval/overall_full_scale.png,moving_average_overall,equal-weight/rank-weighted rolling means; full-domain reference,y,linear,0.008986741965,0.03316054268,0.024173800715,0,1,1,0.024173800715,"[{""axis_max"": 1.0, ""axis_min"": 0.0, ""axis_span"": 1.0, ""primary_max"": 0.03316054268, ""primary_min"": 0.008986741965, ""primary_span"": 0.024173800715000002, ""utilization_ratio"": 0.024173800715000002}]",,Full-domain companion preserves every qualifying raw monthly value,False,,0,,True,src/moving_average_figures.py,True,New companion reference,,,,,,,intentional full-scale reference
analysis/moving_averages/figures/emotion_disapproval/pop.png,moving_average_individual_genre,equal-weight 12-month mean; rank-weighted 12-month sensitivity,y,linear,0.006682245566,0.05693411696,0.050251871394,0.002,0.061,0.059,0.851726633797,"[{""axis_max"": 0.061, ""axis_min"": 0.002, ""axis_span"": 0.059, ""primary_max"": 0.05693411696, ""primary_min"": 0.006682245566, ""primary_span"": 0.050251871394, ""utilization_ratio"": 0.8517266337966103}]",Primary rolling range uses under 25% of old Y-axis; raw/global/domain scale dominates,Scale only finite displayed rolling series; exterior legend; readable count panel; 300 dpi,True,analysis/moving_averages/figures/emotion_disapproval/pop_full_scale.png,15,Y-axis follows displayed 12-month means; classifier scores range 0–1. Raw monthly context: 15 values outside view.,True,src/moving_average_figures.py,False,zero to 1.08 × maximum qualifying raw mean across overall and ALL genres; capped at 1.02; floor 0.005,0.006682245566,0.05693411696,0,0.237176714844,0.211875231627,,reviewed by family; no unresolved presentation issue
analysis/moving_averages/figures/emotion_disapproval/pop_full_scale.png,moving_average_individual_genre,equal-weight/rank-weighted rolling means; full-domain reference,y,linear,0.006682245566,0.05693411696,0.050251871394,0,1,1,0.050251871394,"[{""axis_max"": 1.0, ""axis_min"": 0.0, ""axis_span"": 1.0, ""primary_max"": 0.05693411696, ""primary_min"": 0.006682245566, ""primary_span"": 0.050251871394, ""utilization_ratio"": 0.050251871394}]",,Full-domain companion preserves every qualifying raw monthly value,False,,0,,True,src/moving_average_figures.py,True,New companion reference,,,,,,,intentional full-scale reference
analysis/moving_averages/figures/emotion_disapproval/r_b_soul.png,moving_average_individual_genre,equal-weight 12-month mean; rank-weighted 12-month sensitivity,y,linear,0.007813035535,0.05068841637,0.042875380835,0.004,0.055,0.051,0.840693741863,"[{""axis_max"": 0.055, ""axis_min"": 0.004, ""axis_span"": 0.051000000000000004, ""primary_max"": 0.05068841637, ""primary_min"": 0.007813035535, ""primary_span"": 0.042875380835000004, ""utilization_ratio"": 0.8406937418627451}]",Primary rolling range uses under 25% of old Y-axis; raw/global/domain scale dominates,Scale only finite displayed rolling series; exterior legend; readable count panel; 300 dpi,True,analysis/moving_averages/figures/emotion_disapproval/r_b_soul_full_scale.png,39,Y-axis follows displayed 12-month means; classifier scores range 0–1. Raw monthly context: 39 values outside view.,True,src/moving_average_figures.py,False,zero to 1.08 × maximum qualifying raw mean across overall and ALL genres; capped at 1.02; floor 0.005,0.007813035535,0.05068841637,0,0.237176714844,0.180773988978,,reviewed by family; no unresolved presentation issue
analysis/moving_averages/figures/emotion_disapproval/r_b_soul_full_scale.png,moving_average_individual_genre,equal-weight/rank-weighted rolling means; full-domain reference,y,linear,0.007813035535,0.05068841637,0.042875380835,0,1,1,0.042875380835,"[{""axis_max"": 1.0, ""axis_min"": 0.0, ""axis_span"": 1.0, ""primary_max"": 0.05068841637, ""primary_min"": 0.007813035535, ""primary_span"": 0.042875380835000004, ""utilization_ratio"": 0.042875380835000004}]",,Full-domain companion preserves every qualifying raw monthly value,False,,0,,True,src/moving_average_figures.py,True,New companion reference,,,,,,,intentional full-scale reference
analysis/moving_averages/figures/emotion_disapproval/rank_sensitivity.png,moving_average_rank_sensitivity,equal-weight 12-month mean; rank-weighted 12-month sensitivity,y,linear,0.008795331268,0.03574691399,0.026951582722,0.006,0.038,0.032,0.842236960062,"[{""axis_max"": 0.038, ""axis_min"": 0.006, ""axis_span"": 0.032, ""primary_max"": 0.03574691399, ""primary_min"": 0.008795331268, ""primary_span"": 0.026951582721999996, ""utilization_ratio"": 0.8422369600624998}]",Primary rolling range uses under 25% of old Y-axis; raw/global/domain scale dominates,Scale only finite displayed rolling series; exterior legend; readable count panel; 300 dpi,False,,0,Y-axis follows displayed 12-month means; classifier scores range 0–1.,True,src/moving_average_figures.py,False,zero to 1.08 × maximum qualifying raw mean across overall and ALL genres; capped at 1.02; floor 0.005,0.008795331268,0.03574691399,0,0.237176714844,0.113635028378,,reviewed by family; no unresolved presentation issue
analysis/moving_averages/figures/emotion_disapproval/rock.png,moving_average_individual_genre,equal-weight 12-month mean; rank-weighted 12-month sensitivity,y,linear,0.005386996609,0.05935870139,0.053971704781,0.001,0.064,0.063,0.856693726683,"[{""axis_max"": 0.064, ""axis_min"": 0.001, ""axis_span"": 0.063, ""primary_max"": 0.05935870139, ""primary_min"": 0.005386996609, ""primary_span"": 0.053971704780999996, ""utilization_ratio"": 0.8566937266825396}]",Primary rolling range uses under 25% of old Y-axis; raw/global/domain scale dominates,Scale only finite displayed rolling series; exterior legend; readable count panel; 300 dpi,True,analysis/moving_averages/figures/emotion_disapproval/rock_full_scale.png,15,Y-axis follows displayed 12-month means; classifier scores range 0–1. Raw monthly context: 15 values outside view.,True,src/moving_average_figures.py,False,zero to 1.08 × maximum qualifying raw mean across overall and ALL genres; capped at 1.02; floor 0.005,0.005386996609,0.05935870139,0,0.237176714844,0.227559036799,,reviewed by family; no unresolved presentation issue
analysis/moving_averages/figures/emotion_disapproval/rock_full_scale.png,moving_average_individual_genre,equal-weight/rank-weighted rolling means; full-domain reference,y,linear,0.005386996609,0.05935870139,0.053971704781,0,1,1,0.053971704781,"[{""axis_max"": 1.0, ""axis_min"": 0.0, ""axis_span"": 1.0, ""primary_max"": 0.05935870139, ""primary_min"": 0.005386996609, ""primary_span"": 0.053971704780999996, ""utilization_ratio"": 0.053971704780999996}]",,Full-domain companion preserves every qualifying raw monthly value,False,,0,,True,src/moving_average_figures.py,True,New companion reference,,,,,,,intentional full-scale reference
analysis/moving_averages/figures/emotion_disgust/alternative_indie.png,moving_average_individual_genre,equal-weight 12-month mean; rank-weighted 12-month sensitivity,y,linear,0.003276862411,0.01015803114,0.006881168729,0.0027,0.0108,0.0081,0.84952700358,"[{""axis_max"": 0.0108, ""axis_min"": 0.0027, ""axis_span"": 0.0081, ""primary_max"": 0.01015803114, ""primary_min"": 0.003276862411, ""primary_span"": 0.006881168729000001, ""utilization_ratio"": 0.8495270035802471}]",Primary rolling range uses under 25% of old Y-axis; raw/global/domain scale dominates,Scale only finite displayed rolling series; exterior legend; readable count panel; 300 dpi,True,analysis/moving_averages/figures/emotion_disgust/alternative_indie_full_scale.png,32,Y-axis follows displayed 12-month means; classifier scores range 0–1. Raw monthly context: 32 values outside view.,True,src/moving_average_figures.py,False,zero to 1.08 × maximum qualifying raw mean across overall and ALL genres; capped at 1.02; floor 0.005,0.003276862411,0.01015803114,0,0.0354571054992,0.194070233092,,reviewed by family; no unresolved presentation issue
analysis/moving_averages/figures/emotion_disgust/alternative_indie_full_scale.png,moving_average_individual_genre,equal-weight/rank-weighted rolling means; full-domain reference,y,linear,0.003276862411,0.01015803114,0.006881168729,0,1,1,0.006881168729,"[{""axis_max"": 1.0, ""axis_min"": 0.0, ""axis_span"": 1.0, ""primary_max"": 0.01015803114, ""primary_min"": 0.003276862411, ""primary_span"": 0.006881168729000001, ""utilization_ratio"": 0.006881168729000001}]",,Full-domain companion preserves every qualifying raw monthly value,False,,0,,True,src/moving_average_figures.py,True,New companion reference,,,,,,,intentional full-scale reference
analysis/moving_averages/figures/emotion_disgust/country.png,moving_average_individual_genre,equal-weight 12-month mean; rank-weighted 12-month sensitivity,y,linear,0.002185291445,0.007302235906,0.005116944461,0.0017,0.0078,0.0061,0.838843354262,"[{""axis_max"": 0.0078000000000000005, ""axis_min"": 0.0017000000000000001, ""axis_span"": 0.0061, ""primary_max"": 0.007302235906, ""primary_min"": 0.002185291445, ""primary_span"": 0.0051169444609999995, ""utilization_ratio"": 0.838843354262295}]",Primary rolling range uses under 25% of old Y-axis; raw/global/domain scale dominates,Scale only finite displayed rolling series; exterior legend; readable count panel; 300 dpi,True,analysis/moving_averages/figures/emotion_disgust/country_full_scale.png,21,Y-axis follows displayed 12-month means; classifier scores range 0–1. Raw monthly context: 21 values outside view.,True,src/moving_average_figures.py,False,zero to 1.08 × maximum qualifying raw mean across overall and ALL genres; capped at 1.02; floor 0.005,0.002185291445,0.007302235906,0,0.0354571054992,0.144313654173,,reviewed by family; no unresolved presentation issue
analysis/moving_averages/figures/emotion_disgust/country_full_scale.png,moving_average_individual_genre,equal-weight/rank-weighted rolling means; full-domain reference,y,linear,0.002185291445,0.007302235906,0.005116944461,0,1,1,0.005116944461,"[{""axis_max"": 1.0, ""axis_min"": 0.0, ""axis_span"": 1.0, ""primary_max"": 0.007302235906, ""primary_min"": 0.002185291445, ""primary_span"": 0.0051169444609999995, ""utilization_ratio"": 0.0051169444609999995}]",,Full-domain companion preserves every qualifying raw monthly value,False,,0,,True,src/moving_average_figures.py,True,New companion reference,,,,,,,intentional full-scale reference
analysis/moving_averages/figures/emotion_disgust/electronic_dance.png,moving_average_individual_genre,equal-weight 12-month mean; rank-weighted 12-month sensitivity,y,linear,0.002484187574,0.00623259028,0.003748402706,0.0021,0.0066,0.0045,0.832978379111,"[{""axis_max"": 0.0066, ""axis_min"": 0.0021000000000000003, ""axis_span"": 0.0045, ""primary_max"": 0.00623259028, ""primary_min"": 0.002484187574, ""primary_span"": 0.0037484027060000003, ""utilization_ratio"": 0.8329783791111113}]",Primary rolling range uses under 25% of old Y-axis; raw/global/domain scale dominates,Scale only finite displayed rolling series; exterior legend; readable count panel; 300 dpi,True,analysis/moving_averages/figures/emotion_disgust/electronic_dance_full_scale.png,57,Y-axis follows displayed 12-month means; classifier scores range 0–1. Raw monthly context: 57 values outside view.,True,src/moving_average_figures.py,False,zero to 1.08 × maximum qualifying raw mean across overall and ALL genres; capped at 1.02; floor 0.005,0.002484187574,0.00623259028,0,0.0354571054992,0.105716545477,,reviewed by family; no unresolved presentation issue
analysis/moving_averages/figures/emotion_disgust/electronic_dance_full_scale.png,moving_average_individual_genre,equal-weight/rank-weighted rolling means; full-domain reference,y,linear,0.002484187574,0.00623259028,0.003748402706,0,1,1,0.003748402706,"[{""axis_max"": 1.0, ""axis_min"": 0.0, ""axis_span"": 1.0, ""primary_max"": 0.00623259028, ""primary_min"": 0.002484187574, ""primary_span"": 0.0037484027060000003, ""utilization_ratio"": 0.0037484027060000003}]",,Full-domain companion preserves every qualifying raw monthly value,False,,0,,True,src/moving_average_figures.py,True,New companion reference,,,,,,,intentional full-scale reference
analysis/moving_averages/figures/emotion_disgust/hip_hop_rap.png,moving_average_individual_genre,equal-weight 12-month mean; rank-weighted 12-month sensitivity,y,linear,0.002951006504,0.0184880075,0.015537000996,0.001,0.02,0.019,0.817736894526,"[{""axis_max"": 0.02, ""axis_min"": 0.001, ""axis_span"": 0.019, ""primary_max"": 0.0184880075, ""primary_min"": 0.002951006504, ""primary_span"": 0.015537000996, ""utilization_ratio"": 0.8177368945263158}]",Primary rolling range uses 25–50% of old Y-axis; reviewed against raw/global scale,Scale only finite displayed rolling series; exterior legend; readable count panel; 300 dpi,True,analysis/moving_averages/figures/emotion_disgust/hip_hop_rap_full_scale.png,5,Y-axis follows displayed 12-month means; classifier scores range 0–1. Raw monthly context: 5 values outside view.,True,src/moving_average_figures.py,False,zero to 1.08 × maximum qualifying raw mean across overall and ALL genres; capped at 1.02; floor 0.005,0.002951006504,0.0184880075,0,0.0354571054992,0.438191464793,,reviewed by family; no unresolved presentation issue
analysis/moving_averages/figures/emotion_disgust/hip_hop_rap_full_scale.png,moving_average_individual_genre,equal-weight/rank-weighted rolling means; full-domain reference,y,linear,0.002951006504,0.0184880075,0.015537000996,0,1,1,0.015537000996,"[{""axis_max"": 1.0, ""axis_min"": 0.0, ""axis_span"": 1.0, ""primary_max"": 0.0184880075, ""primary_min"": 0.002951006504, ""primary_span"": 0.015537000996, ""utilization_ratio"": 0.015537000996}]",,Full-domain companion preserves every qualifying raw monthly value,False,,0,,True,src/moving_average_figures.py,True,New companion reference,,,,,,,intentional full-scale reference
analysis/moving_averages/figures/emotion_disgust/major_genres.png,moving_average_major_genres,equal-weight 12-month mean,y,linear,0.001975867085,0.01655251331,0.014576646225,0,0.018,0.018,0.809813679167,"[{""axis_max"": 0.018000000000000002, ""axis_min"": 0.0, ""axis_span"": 0.018000000000000002, ""primary_max"": 0.01655251331, ""primary_min"": 0.001975867085, ""primary_span"": 0.014576646225, ""utilization_ratio"": 0.8098136791666666}]",Primary rolling range uses 25–50% of old Y-axis; reviewed against raw/global scale,Scale only finite displayed rolling series; exterior legend; readable count panel; 300 dpi,False,,0,Y-axis follows displayed 12-month means; classifier scores range 0–1.,True,src/moving_average_figures.py,False,zero to 1.08 × maximum qualifying raw mean across overall and ALL genres; capped at 1.02; floor 0.005,0.001975867085,0.01655251331,0,0.0354571054992,0.411106491062,,reviewed by family; no unresolved presentation issue
analysis/moving_averages/figures/emotion_disgust/overall.png,moving_average_overall,equal-weight 12-month mean,y,linear,0.003134895983,0.009183403522,0.006048507539,0.0026,0.0097,0.0071,0.851902470282,"[{""axis_max"": 0.0097, ""axis_min"": 0.0026000000000000003, ""axis_span"": 0.0071, ""primary_max"": 0.009183403522, ""primary_min"": 0.003134895983, ""primary_span"": 0.006048507539000001, ""utilization_ratio"": 0.8519024702816902}]",Primary rolling range uses under 25% of old Y-axis; raw/global/domain scale dominates,Scale only finite displayed rolling series; exterior legend; readable count panel; 300 dpi,True,analysis/moving_averages/figures/emotion_disgust/overall_full_scale.png,15,Y-axis follows displayed 12-month means; classifier scores range 0–1. Raw monthly context: 15 values outside view.,True,src/moving_average_figures.py,False,zero to 1.08 × maximum qualifying raw mean across overall and ALL genres; capped at 1.02; floor 0.005,0.003134895983,0.009183403522,0,0.0354571054992,0.170586613144,,reviewed by family; no unresolved presentation issue
analysis/moving_averages/figures/emotion_disgust/overall_full_scale.png,moving_average_overall,equal-weight/rank-weighted rolling means; full-domain reference,y,linear,0.003134895983,0.009183403522,0.006048507539,0,1,1,0.006048507539,"[{""axis_max"": 1.0, ""axis_min"": 0.0, ""axis_span"": 1.0, ""primary_max"": 0.009183403522, ""primary_min"": 0.003134895983, ""primary_span"": 0.006048507539000001, ""utilization_ratio"": 0.006048507539000001}]",,Full-domain companion preserves every qualifying raw monthly value,False,,0,,True,src/moving_average_figures.py,True,New companion reference,,,,,,,intentional full-scale reference
analysis/moving_averages/figures/emotion_disgust/pop.png,moving_average_individual_genre,equal-weight 12-month mean; rank-weighted 12-month sensitivity,y,linear,0.002369932463,0.01108510865,0.008715176187,0.001,0.012,0.011,0.792288744273,"[{""axis_max"": 0.012, ""axis_min"": 0.001, ""axis_span"": 0.011, ""primary_max"": 0.01108510865, ""primary_min"": 0.002369932463, ""primary_span"": 0.008715176187, ""utilization_ratio"": 0.7922887442727273}]",Primary rolling range uses under 25% of old Y-axis; raw/global/domain scale dominates,Scale only finite displayed rolling series; exterior legend; readable count panel; 300 dpi,True,analysis/moving_averages/figures/emotion_disgust/pop_full_scale.png,5,Y-axis follows displayed 12-month means; classifier scores range 0–1. Raw monthly context: 5 values outside view.,True,src/moving_average_figures.py,False,zero to 1.08 × maximum qualifying raw mean across overall and ALL genres; capped at 1.02; floor 0.005,0.002369932463,0.01108510865,0,0.0354571054992,0.245794913722,,reviewed by family; no unresolved presentation issue
analysis/moving_averages/figures/emotion_disgust/pop_full_scale.png,moving_average_individual_genre,equal-weight/rank-weighted rolling means; full-domain reference,y,linear,0.002369932463,0.01108510865,0.008715176187,0,1,1,0.008715176187,"[{""axis_max"": 1.0, ""axis_min"": 0.0, ""axis_span"": 1.0, ""primary_max"": 0.01108510865, ""primary_min"": 0.002369932463, ""primary_span"": 0.008715176187, ""utilization_ratio"": 0.008715176187}]",,Full-domain companion preserves every qualifying raw monthly value,False,,0,,True,src/moving_average_figures.py,True,New companion reference,,,,,,,intentional full-scale reference
analysis/moving_averages/figures/emotion_disgust/r_b_soul.png,moving_average_individual_genre,equal-weight 12-month mean; rank-weighted 12-month sensitivity,y,linear,0.001973515277,0.01054445684,0.008570941563,0.0012,0.0113,0.0101,0.848608075545,"[{""axis_max"": 0.011300000000000001, ""axis_min"": 0.0012000000000000001, ""axis_span"": 0.010100000000000001, ""primary_max"": 0.01054445684, ""primary_min"": 0.001973515277, ""primary_span"": 0.008570941563000001, ""utilization_ratio"": 0.8486080755445544}]",Primary rolling range uses under 25% of old Y-axis; raw/global/domain scale dominates,Scale only finite displayed rolling series; exterior legend; readable count panel; 300 dpi,True,analysis/moving_averages/figures/emotion_disgust/r_b_soul_full_scale.png,18,Y-axis follows displayed 12-month means; classifier scores range 0–1. Raw monthly context: 18 values outside view.,True,src/moving_average_figures.py,False,zero to 1.08 × maximum qualifying raw mean across overall and ALL genres; capped at 1.02; floor 0.005,0.001973515277,0.01054445684,0,0.0354571054992,0.241727051386,,reviewed by family; no unresolved presentation issue
analysis/moving_averages/figures/emotion_disgust/r_b_soul_full_scale.png,moving_average_individual_genre,equal-weight/rank-weighted rolling means; full-domain reference,y,linear,0.001973515277,0.01054445684,0.008570941563,0,1,1,0.008570941563,"[{""axis_max"": 1.0, ""axis_min"": 0.0, ""axis_span"": 1.0, ""primary_max"": 0.01054445684, ""primary_min"": 0.001973515277, ""primary_span"": 0.008570941563000001, ""utilization_ratio"": 0.008570941563000001}]",,Full-domain companion preserves every qualifying raw monthly value,False,,0,,True,src/moving_average_figures.py,True,New companion reference,,,,,,,intentional full-scale reference
analysis/moving_averages/figures/emotion_disgust/rank_sensitivity.png,moving_average_rank_sensitivity,equal-weight 12-month mean; rank-weighted 12-month sensitivity,y,linear,0.003037283595,0.009612948458,0.006575664863,0.0025,0.0102,0.0077,0.85398244974,"[{""axis_max"": 0.0102, ""axis_min"": 0.0025, ""axis_span"": 0.0077, ""primary_max"": 0.009612948458, ""primary_min"": 0.003037283595, ""primary_span"": 0.006575664863000001, ""utilization_ratio"": 0.8539824497402598}]",Primary rolling range uses under 25% of old Y-axis; raw/global/domain scale dominates,Scale only finite displayed rolling series; exterior legend; readable count panel; 300 dpi,False,,0,Y-axis follows displayed 12-month means; classifier scores range 0–1.,True,src/moving_average_figures.py,False,zero to 1.08 × maximum qualifying raw mean across overall and ALL genres; capped at 1.02; floor 0.005,0.003037283595,0.009612948458,0,0.0354571054992,0.185454079526,,reviewed by family; no unresolved presentation issue
analysis/moving_averages/figures/emotion_disgust/rock.png,moving_average_individual_genre,equal-weight 12-month mean; rank-weighted 12-month sensitivity,y,linear,0.002191723442,0.01112347061,0.008931747168,0.001,0.012,0.011,0.811977015273,"[{""axis_max"": 0.012, ""axis_min"": 0.001, ""axis_span"": 0.011, ""primary_max"": 0.01112347061, ""primary_min"": 0.002191723442, ""primary_span"": 0.008931747168, ""utilization_ratio"": 0.8119770152727273}]",Primary rolling range uses 25–50% of old Y-axis; reviewed against raw/global scale,Scale only finite displayed rolling series; exterior legend; readable count panel; 300 dpi,True,analysis/moving_averages/figures/emotion_disgust/rock_full_scale.png,6,Y-axis follows displayed 12-month means; classifier scores range 0–1. Raw monthly context: 6 values outside view.,True,src/moving_average_figures.py,False,zero to 1.08 × maximum qualifying raw mean across overall and ALL genres; capped at 1.02; floor 0.005,0.002191723442,0.01112347061,0,0.0354571054992,0.251902884972,,reviewed by family; no unresolved presentation issue
analysis/moving_averages/figures/emotion_disgust/rock_full_scale.png,moving_average_individual_genre,equal-weight/rank-weighted rolling means; full-domain reference,y,linear,0.002191723442,0.01112347061,0.008931747168,0,1,1,0.008931747168,"[{""axis_max"": 1.0, ""axis_min"": 0.0, ""axis_span"": 1.0, ""primary_max"": 0.01112347061, ""primary_min"": 0.002191723442, ""primary_span"": 0.008931747168, ""utilization_ratio"": 0.008931747168}]",,Full-domain companion preserves every qualifying raw monthly value,False,,0,,True,src/moving_average_figures.py,True,New companion reference,,,,,,,intentional full-scale reference
analysis/moving_averages/figures/emotion_embarrassment/alternative_indie.png,moving_average_individual_genre,equal-weight 12-month mean; rank-weighted 12-month sensitivity,y,linear,0.002787175943,0.01574310858,0.012955932637,0.001,0.017,0.016,0.809745789813,"[{""axis_max"": 0.017, ""axis_min"": 0.001, ""axis_span"": 0.016, ""primary_max"": 0.01574310858, ""primary_min"": 0.002787175943, ""primary_span"": 0.012955932637000001, ""utilization_ratio"": 0.8097457898125}]",Primary rolling range uses under 25% of old Y-axis; raw/global/domain scale dominates,Scale only finite displayed rolling series; exterior legend; readable count panel; 300 dpi,True,analysis/moving_averages/figures/emotion_embarrassment/alternative_indie_full_scale.png,10,Y-axis follows displayed 12-month means; classifier scores range 0–1. Raw monthly context: 10 values outside view.,True,src/moving_average_figures.py,False,zero to 1.08 × maximum qualifying raw mean across overall and ALL genres; capped at 1.02; floor 0.005,0.002787175943,0.01574310858,0,0.0937727661996,0.138163063351,,reviewed by family; no unresolved presentation issue
analysis/moving_averages/figures/emotion_embarrassment/alternative_indie_full_scale.png,moving_average_individual_genre,equal-weight/rank-weighted rolling means; full-domain reference,y,linear,0.002787175943,0.01574310858,0.012955932637,0,1,1,0.012955932637,"[{""axis_max"": 1.0, ""axis_min"": 0.0, ""axis_span"": 1.0, ""primary_max"": 0.01574310858, ""primary_min"": 0.002787175943, ""primary_span"": 0.012955932637000001, ""utilization_ratio"": 0.012955932637000001}]",,Full-domain companion preserves every qualifying raw monthly value,False,,0,,True,src/moving_average_figures.py,True,New companion reference,,,,,,,intentional full-scale reference
analysis/moving_averages/figures/emotion_embarrassment/country.png,moving_average_individual_genre,equal-weight 12-month mean; rank-weighted 12-month sensitivity,y,linear,0.001358051366,0.01231690796,0.010958856594,0,0.014,0.014,0.782775471,"[{""axis_max"": 0.014, ""axis_min"": 0.0, ""axis_span"": 0.014, ""primary_max"": 0.01231690796, ""primary_min"": 0.001358051366, ""primary_span"": 0.010958856594, ""utilization_ratio"": 0.782775471}]",Primary rolling range uses under 25% of old Y-axis; raw/global/domain scale dominates,Scale only finite displayed rolling series; exterior legend; readable count panel; 300 dpi,True,analysis/moving_averages/figures/emotion_embarrassment/country_full_scale.png,13,Y-axis follows displayed 12-month means; classifier scores range 0–1. Raw monthly context: 13 values outside view.,True,src/moving_average_figures.py,False,zero to 1.08 × maximum qualifying raw mean across overall and ALL genres; capped at 1.02; floor 0.005,0.001358051366,0.01231690796,0,0.0937727661996,0.116866090637,,reviewed by family; no unresolved presentation issue
analysis/moving_averages/figures/emotion_embarrassment/country_full_scale.png,moving_average_individual_genre,equal-weight/rank-weighted rolling means; full-domain reference,y,linear,0.001358051366,0.01231690796,0.010958856594,0,1,1,0.010958856594,"[{""axis_max"": 1.0, ""axis_min"": 0.0, ""axis_span"": 1.0, ""primary_max"": 0.01231690796, ""primary_min"": 0.001358051366, ""primary_span"": 0.010958856594, ""utilization_ratio"": 0.010958856594}]",,Full-domain companion preserves every qualifying raw monthly value,False,,0,,True,src/moving_average_figures.py,True,New companion reference,,,,,,,intentional full-scale reference
analysis/moving_averages/figures/emotion_embarrassment/electronic_dance.png,moving_average_individual_genre,equal-weight 12-month mean; rank-weighted 12-month sensitivity,y,linear,0.001253459418,0.01139864501,0.010145185592,0,0.013,0.013,0.780398891692,"[{""axis_max"": 0.013000000000000001, ""axis_min"": 0.0, ""axis_span"": 0.013000000000000001, ""primary_max"": 0.01139864501, ""primary_min"": 0.001253459418, ""primary_span"": 0.010145185592, ""utilization_ratio"": 0.7803988916923077}]",Primary rolling range uses under 25% of old Y-axis; raw/global/domain scale dominates,Scale only finite displayed rolling series; exterior legend; readable count panel; 300 dpi,True,analysis/moving_averages/figures/emotion_embarrassment/electronic_dance_full_scale.png,4,Y-axis follows displayed 12-month means; classifier scores range 0–1. Raw monthly context: 4 values outside view.,True,src/moving_average_figures.py,False,zero to 1.08 × maximum qualifying raw mean across overall and ALL genres; capped at 1.02; floor 0.005,0.001253459418,0.01139864501,0,0.0937727661996,0.108189040413,,reviewed by family; no unresolved presentation issue
analysis/moving_averages/figures/emotion_embarrassment/electronic_dance_full_scale.png,moving_average_individual_genre,equal-weight/rank-weighted rolling means; full-domain reference,y,linear,0.001253459418,0.01139864501,0.010145185592,0,1,1,0.010145185592,"[{""axis_max"": 1.0, ""axis_min"": 0.0, ""axis_span"": 1.0, ""primary_max"": 0.01139864501, ""primary_min"": 0.001253459418, ""primary_span"": 0.010145185592, ""utilization_ratio"": 0.010145185592}]",,Full-domain companion preserves every qualifying raw monthly value,False,,0,,True,src/moving_average_figures.py,True,New companion reference,,,,,,,intentional full-scale reference
analysis/moving_averages/figures/emotion_embarrassment/hip_hop_rap.png,moving_average_individual_genre,equal-weight 12-month mean; rank-weighted 12-month sensitivity,y,linear,0.001467544203,0.01413705436,0.012669510157,0,0.016,0.016,0.791844384812,"[{""axis_max"": 0.016, ""axis_min"": 0.0, ""axis_span"": 0.016, ""primary_max"": 0.01413705436, ""primary_min"": 0.001467544203, ""primary_span"": 0.012669510157, ""utilization_ratio"": 0.7918443848125}]",Primary rolling range uses under 25% of old Y-axis; raw/global/domain scale dominates,Scale only finite displayed rolling series; exterior legend; readable count panel; 300 dpi,True,analysis/moving_averages/figures/emotion_embarrassment/hip_hop_rap_full_scale.png,6,Y-axis follows displayed 12-month means; classifier scores range 0–1. Raw monthly context: 6 values outside view.,True,src/moving_average_figures.py,False,zero to 1.08 × maximum qualifying raw mean across overall and ALL genres; capped at 1.02; floor 0.005,0.001467544203,0.01413705436,0,0.0937727661996,0.135108631967,,reviewed by family; no unresolved presentation issue
analysis/moving_averages/figures/emotion_embarrassment/hip_hop_rap_full_scale.png,moving_average_individual_genre,equal-weight/rank-weighted rolling means; full-domain reference,y,linear,0.001467544203,0.01413705436,0.012669510157,0,1,1,0.012669510157,"[{""axis_max"": 1.0, ""axis_min"": 0.0, ""axis_span"": 1.0, ""primary_max"": 0.01413705436, ""primary_min"": 0.001467544203, ""primary_span"": 0.012669510157, ""utilization_ratio"": 0.012669510157}]",,Full-domain companion preserves every qualifying raw monthly value,False,,0,,True,src/moving_average_figures.py,True,New companion reference,,,,,,,intentional full-scale reference
analysis/moving_averages/figures/emotion_embarrassment/major_genres.png,moving_average_major_genres,equal-weight 12-month mean,y,linear,0.001150681067,0.01528821608,0.014137535013,0,0.017,0.017,0.831619706647,"[{""axis_max"": 0.017, ""axis_min"": 0.0, ""axis_span"": 0.017, ""primary_max"": 0.01528821608, ""primary_min"": 0.001150681067, ""primary_span"": 0.014137535013, ""utilization_ratio"": 0.8316197066470588}]",Primary rolling range uses under 25% of old Y-axis; raw/global/domain scale dominates,Scale only finite displayed rolling series; exterior legend; readable count panel; 300 dpi,False,,0,Y-axis follows displayed 12-month means; classifier scores range 0–1.,True,src/moving_average_figures.py,False,zero to 1.08 × maximum qualifying raw mean across overall and ALL genres; capped at 1.02; floor 0.005,0.001150681067,0.01528821608,0,0.0937727661996,0.150763762081,,reviewed by family; no unresolved presentation issue
analysis/moving_averages/figures/emotion_embarrassment/overall.png,moving_average_overall,equal-weight 12-month mean,y,linear,0.002272798528,0.006973113063,0.004700314535,0.0018,0.0074,0.0056,0.83934188125,"[{""axis_max"": 0.0074, ""axis_min"": 0.0018000000000000002, ""axis_span"": 0.0056, ""primary_max"": 0.006973113063, ""primary_min"": 0.002272798528, ""primary_span"": 0.004700314535, ""utilization_ratio"": 0.83934188125}]",Primary rolling range uses under 25% of old Y-axis; raw/global/domain scale dominates,Scale only finite displayed rolling series; exterior legend; readable count panel; 300 dpi,True,analysis/moving_averages/figures/emotion_embarrassment/overall_full_scale.png,24,Y-axis follows displayed 12-month means; classifier scores range 0–1. Raw monthly context: 24 values outside view.,True,src/moving_average_figures.py,False,zero to 1.08 × maximum qualifying raw mean across overall and ALL genres; capped at 1.02; floor 0.005,0.002272798528,0.006973113063,0,0.0937727661996,0.0501245161628,,reviewed by family; no unresolved presentation issue
analysis/moving_averages/figures/emotion_embarrassment/overall_full_scale.png,moving_average_overall,equal-weight/rank-weighted rolling means; full-domain reference,y,linear,0.002272798528,0.006973113063,0.004700314535,0,1,1,0.004700314535,"[{""axis_max"": 1.0, ""axis_min"": 0.0, ""axis_span"": 1.0, ""primary_max"": 0.006973113063, ""primary_min"": 0.002272798528, ""primary_span"": 0.004700314535, ""utilization_ratio"": 0.004700314535}]",,Full-domain companion preserves every qualifying raw monthly value,False,,0,,True,src/moving_average_figures.py,True,New companion reference,,,,,,,intentional full-scale reference
analysis/moving_averages/figures/emotion_embarrassment/pop.png,moving_average_individual_genre,equal-weight 12-month mean; rank-weighted 12-month sensitivity,y,linear,0.001512194746,0.02234227693,0.020830082184,0,0.025,0.025,0.83320328736,"[{""axis_max"": 0.025, ""axis_min"": 0.0, ""axis_span"": 0.025, ""primary_max"": 0.02234227693, ""primary_min"": 0.001512194746, ""primary_span"": 0.020830082184, ""utilization_ratio"": 0.8332032873599999}]",Primary rolling range uses under 25% of old Y-axis; raw/global/domain scale dominates,Scale only finite displayed rolling series; exterior legend; readable count panel; 300 dpi,True,analysis/moving_averages/figures/emotion_embarrassment/pop_full_scale.png,7,Y-axis follows displayed 12-month means; classifier scores range 0–1. Raw monthly context: 7 values outside view.,True,src/moving_average_figures.py,False,zero to 1.08 × maximum qualifying raw mean across overall and ALL genres; capped at 1.02; floor 0.005,0.001512194746,0.02234227693,0,0.0937727661996,0.222133600492,,reviewed by family; no unresolved presentation issue
analysis/moving_averages/figures/emotion_embarrassment/pop_full_scale.png,moving_average_individual_genre,equal-weight/rank-weighted rolling means; full-domain reference,y,linear,0.001512194746,0.02234227693,0.020830082184,0,1,1,0.020830082184,"[{""axis_max"": 1.0, ""axis_min"": 0.0, ""axis_span"": 1.0, ""primary_max"": 0.02234227693, ""primary_min"": 0.001512194746, ""primary_span"": 0.020830082184, ""utilization_ratio"": 0.020830082184}]",,Full-domain companion preserves every qualifying raw monthly value,False,,0,,True,src/moving_average_figures.py,True,New companion reference,,,,,,,intentional full-scale reference
analysis/moving_averages/figures/emotion_embarrassment/r_b_soul.png,moving_average_individual_genre,equal-weight 12-month mean; rank-weighted 12-month sensitivity,y,linear,0.001094294658,0.01049669524,0.009402400582,0,0.012,0.012,0.783533381833,"[{""axis_max"": 0.012, ""axis_min"": 0.0, ""axis_span"": 0.012, ""primary_max"": 0.01049669524, ""primary_min"": 0.001094294658, ""primary_span"": 0.009402400581999999, ""utilization_ratio"": 0.7835333818333332}]",Primary rolling range uses under 25% of old Y-axis; raw/global/domain scale dominates,Scale only finite displayed rolling series; exterior legend; readable count panel; 300 dpi,True,analysis/moving_averages/figures/emotion_embarrassment/r_b_soul_full_scale.png,14,Y-axis follows displayed 12-month means; classifier scores range 0–1. Raw monthly context: 14 values outside view.,True,src/moving_average_figures.py,False,zero to 1.08 × maximum qualifying raw mean across overall and ALL genres; capped at 1.02; floor 0.005,0.001094294658,0.01049669524,0,0.0937727661996,0.100267923866,,reviewed by family; no unresolved presentation issue
analysis/moving_averages/figures/emotion_embarrassment/r_b_soul_full_scale.png,moving_average_individual_genre,equal-weight/rank-weighted rolling means; full-domain reference,y,linear,0.001094294658,0.01049669524,0.009402400582,0,1,1,0.009402400582,"[{""axis_max"": 1.0, ""axis_min"": 0.0, ""axis_span"": 1.0, ""primary_max"": 0.01049669524, ""primary_min"": 0.001094294658, ""primary_span"": 0.009402400581999999, ""utilization_ratio"": 0.009402400581999999}]",,Full-domain companion preserves every qualifying raw monthly value,False,,0,,True,src/moving_average_figures.py,True,New companion reference,,,,,,,intentional full-scale reference
analysis/moving_averages/figures/emotion_embarrassment/rank_sensitivity.png,moving_average_rank_sensitivity,equal-weight 12-month mean; rank-weighted 12-month sensitivity,y,linear,0.002107285561,0.006973113063,0.004865827502,0.0017,0.0074,0.0057,0.853653947719,"[{""axis_max"": 0.0074, ""axis_min"": 0.0017000000000000001, ""axis_span"": 0.0057, ""primary_max"": 0.006973113063, ""primary_min"": 0.002107285561, ""primary_span"": 0.004865827502, ""utilization_ratio"": 0.8536539477192983}]",Primary rolling range uses under 25% of old Y-axis; raw/global/domain scale dominates,Scale only finite displayed rolling series; exterior legend; readable count panel; 300 dpi,False,,0,Y-axis follows displayed 12-month means; classifier scores range 0–1.,True,src/moving_average_figures.py,False,zero to 1.08 × maximum qualifying raw mean across overall and ALL genres; capped at 1.02; floor 0.005,0.002107285561,0.006973113063,0,0.0937727661996,0.0518895591887,,reviewed by family; no unresolved presentation issue
analysis/moving_averages/figures/emotion_embarrassment/rock.png,moving_average_individual_genre,equal-weight 12-month mean; rank-weighted 12-month sensitivity,y,linear,0.001529645335,0.01108045026,0.009550804925,0,0.012,0.012,0.795900410417,"[{""axis_max"": 0.012, ""axis_min"": 0.0, ""axis_span"": 0.012, ""primary_max"": 0.01108045026, ""primary_min"": 0.001529645335, ""primary_span"": 0.009550804925, ""utilization_ratio"": 0.7959004104166666}]",Primary rolling range uses under 25% of old Y-axis; raw/global/domain scale dominates,Scale only finite displayed rolling series; exterior legend; readable count panel; 300 dpi,True,analysis/moving_averages/figures/emotion_embarrassment/rock_full_scale.png,10,Y-axis follows displayed 12-month means; classifier scores range 0–1. Raw monthly context: 10 values outside view.,True,src/moving_average_figures.py,False,zero to 1.08 × maximum qualifying raw mean across overall and ALL genres; capped at 1.02; floor 0.005,0.001529645335,0.01108045026,0,0.0937727661996,0.101850519208,,reviewed by family; no unresolved presentation issue
analysis/moving_averages/figures/emotion_embarrassment/rock_full_scale.png,moving_average_individual_genre,equal-weight/rank-weighted rolling means; full-domain reference,y,linear,0.001529645335,0.01108045026,0.009550804925,0,1,1,0.009550804925,"[{""axis_max"": 1.0, ""axis_min"": 0.0, ""axis_span"": 1.0, ""primary_max"": 0.01108045026, ""primary_min"": 0.001529645335, ""primary_span"": 0.009550804925, ""utilization_ratio"": 0.009550804925}]",,Full-domain companion preserves every qualifying raw monthly value,False,,0,,True,src/moving_average_figures.py,True,New companion reference,,,,,,,intentional full-scale reference
analysis/moving_averages/figures/emotion_excitement/alternative_indie.png,moving_average_individual_genre,equal-weight 12-month mean; rank-weighted 12-month sensitivity,y,linear,0.0033618055,0.1542805067,0.1509187012,0,0.17,0.17,0.887757065882,"[{""axis_max"": 0.17, ""axis_min"": 0.0, ""axis_span"": 0.17, ""primary_max"": 0.1542805067, ""primary_min"": 0.0033618055, ""primary_span"": 0.15091870119999998, ""utilization_ratio"": 0.8877570658823527}]",,Scale only finite displayed rolling series; exterior legend; readable count panel; 300 dpi,False,,0,Y-axis follows displayed 12-month means; classifier scores range 0–1. Raw monthly context: 0 values outside view.,True,src/moving_average_figures.py,False,zero to 1.08 × maximum qualifying raw mean across overall and ALL genres; capped at 1.02; floor 0.005,0.0033618055,0.1542805067,0,0.237864565224,0.634473239248,,reviewed by family; no unresolved presentation issue
analysis/moving_averages/figures/emotion_excitement/country.png,moving_average_individual_genre,equal-weight 12-month mean; rank-weighted 12-month sensitivity,y,linear,0.007247083174,0.04651681582,0.039269732646,0.004,0.05,0.046,0.85368984013,"[{""axis_max"": 0.05, ""axis_min"": 0.004, ""axis_span"": 0.046, ""primary_max"": 0.04651681582, ""primary_min"": 0.007247083174, ""primary_span"": 0.039269732646000005, ""utilization_ratio"": 0.8536898401304349}]",Primary rolling range uses under 25% of old Y-axis; raw/global/domain scale dominates,Scale only finite displayed rolling series; exterior legend; readable count panel; 300 dpi,True,analysis/moving_averages/figures/emotion_excitement/country_full_scale.png,26,Y-axis follows displayed 12-month means; classifier scores range 0–1. Raw monthly context: 26 values outside view.,True,src/moving_average_figures.py,False,zero to 1.08 × maximum qualifying raw mean across overall and ALL genres; capped at 1.02; floor 0.005,0.007247083174,0.04651681582,0,0.237864565224,0.165092823343,,reviewed by family; no unresolved presentation issue
analysis/moving_averages/figures/emotion_excitement/country_full_scale.png,moving_average_individual_genre,equal-weight/rank-weighted rolling means; full-domain reference,y,linear,0.007247083174,0.04651681582,0.039269732646,0,1,1,0.039269732646,"[{""axis_max"": 1.0, ""axis_min"": 0.0, ""axis_span"": 1.0, ""primary_max"": 0.04651681582, ""primary_min"": 0.007247083174, ""primary_span"": 0.039269732646000005, ""utilization_ratio"": 0.039269732646000005}]",,Full-domain companion preserves every qualifying raw monthly value,False,,0,,True,src/moving_average_figures.py,True,New companion reference,,,,,,,intentional full-scale reference
analysis/moving_averages/figures/emotion_excitement/electronic_dance.png,moving_average_individual_genre,equal-weight 12-month mean; rank-weighted 12-month sensitivity,y,linear,0.009437406576,0.07870795623,0.069270549654,0.003,0.085,0.082,0.844762800659,"[{""axis_max"": 0.085, ""axis_min"": 0.003, ""axis_span"": 0.082, ""primary_max"": 0.07870795623, ""primary_min"": 0.009437406576, ""primary_span"": 0.06927054965400001, ""utilization_ratio"": 0.8447628006585366}]",Primary rolling range uses 25–50% of old Y-axis; reviewed against raw/global scale,Scale only finite displayed rolling series; exterior legend; readable count panel; 300 dpi,True,analysis/moving_averages/figures/emotion_excitement/electronic_dance_full_scale.png,11,Y-axis follows displayed 12-month means; classifier scores range 0–1. Raw monthly context: 11 values outside view.,True,src/moving_average_figures.py,False,zero to 1.08 × maximum qualifying raw mean across overall and ALL genres; capped at 1.02; floor 0.005,0.009437406576,0.07870795623,0,0.237864565224,0.291218448569,,reviewed by family; no unresolved presentation issue
analysis/moving_averages/figures/emotion_excitement/electronic_dance_full_scale.png,moving_average_individual_genre,equal-weight/rank-weighted rolling means; full-domain reference,y,linear,0.009437406576,0.07870795623,0.069270549654,0,1,1,0.069270549654,"[{""axis_max"": 1.0, ""axis_min"": 0.0, ""axis_span"": 1.0, ""primary_max"": 0.07870795623, ""primary_min"": 0.009437406576, ""primary_span"": 0.06927054965400001, ""utilization_ratio"": 0.06927054965400001}]",,Full-domain companion preserves every qualifying raw monthly value,False,,0,,True,src/moving_average_figures.py,True,New companion reference,,,,,,,intentional full-scale reference
analysis/moving_averages/figures/emotion_excitement/hip_hop_rap.png,moving_average_individual_genre,equal-weight 12-month mean; rank-weighted 12-month sensitivity,y,linear,0.003873753749,0.02767596081,0.023802207061,0.001,0.03,0.029,0.820765760724,"[{""axis_max"": 0.03, ""axis_min"": 0.001, ""axis_span"": 0.028999999999999998, ""primary_max"": 0.02767596081, ""primary_min"": 0.003873753749, ""primary_span"": 0.023802207061000002, ""utilization_ratio"": 0.8207657607241381}]",Primary rolling range uses under 25% of old Y-axis; raw/global/domain scale dominates,Scale only finite displayed rolling series; exterior legend; readable count panel; 300 dpi,True,analysis/moving_averages/figures/emotion_excitement/hip_hop_rap_full_scale.png,11,Y-axis follows displayed 12-month means; classifier scores range 0–1. Raw monthly context: 11 values outside view.,True,src/moving_average_figures.py,False,zero to 1.08 × maximum qualifying raw mean across overall and ALL genres; capped at 1.02; floor 0.005,0.003873753749,0.02767596081,0,0.237864565224,0.100066216414,,reviewed by family; no unresolved presentation issue
analysis/moving_averages/figures/emotion_excitement/hip_hop_rap_full_scale.png,moving_average_individual_genre,equal-weight/rank-weighted rolling means; full-domain reference,y,linear,0.003873753749,0.02767596081,0.023802207061,0,1,1,0.023802207061,"[{""axis_max"": 1.0, ""axis_min"": 0.0, ""axis_span"": 1.0, ""primary_max"": 0.02767596081, ""primary_min"": 0.003873753749, ""primary_span"": 0.023802207061000002, ""utilization_ratio"": 0.023802207061000002}]",,Full-domain companion preserves every qualifying raw monthly value,False,,0,,True,src/moving_average_figures.py,True,New companion reference,,,,,,,intentional full-scale reference
analysis/moving_averages/figures/emotion_excitement/major_genres.png,moving_average_major_genres,equal-weight 12-month mean,y,linear,0.00402712453,0.05778055655,0.05375343202,0,0.063,0.063,0.853229079683,"[{""axis_max"": 0.063, ""axis_min"": 0.0, ""axis_span"": 0.063, ""primary_max"": 0.05778055655, ""primary_min"": 0.00402712453, ""primary_span"": 0.05375343202, ""utilization_ratio"": 0.8532290796825397}]",Primary rolling range uses under 25% of old Y-axis; raw/global/domain scale dominates,Scale only finite displayed rolling series; exterior legend; readable count panel; 300 dpi,False,,0,Y-axis follows displayed 12-month means; classifier scores range 0–1.,True,src/moving_average_figures.py,False,zero to 1.08 × maximum qualifying raw mean across overall and ALL genres; capped at 1.02; floor 0.005,0.00402712453,0.05778055655,0,0.237864565224,0.225983353045,,reviewed by family; no unresolved presentation issue
analysis/moving_averages/figures/emotion_excitement/overall.png,moving_average_overall,equal-weight 12-month mean,y,linear,0.0113988085,0.03647241898,0.02507361048,0.009,0.039,0.03,0.835787016,"[{""axis_max"": 0.039, ""axis_min"": 0.009000000000000001, ""axis_span"": 0.03, ""primary_max"": 0.03647241898, ""primary_min"": 0.0113988085, ""primary_span"": 0.025073610479999998, ""utilization_ratio"": 0.8357870159999999}]",Primary rolling range uses under 25% of old Y-axis; raw/global/domain scale dominates,Scale only finite displayed rolling series; exterior legend; readable count panel; 300 dpi,True,analysis/moving_averages/figures/emotion_excitement/overall_full_scale.png,46,Y-axis follows displayed 12-month means; classifier scores range 0–1. Raw monthly context: 46 values outside view.,True,src/moving_average_figures.py,False,zero to 1.08 × maximum qualifying raw mean across overall and ALL genres; capped at 1.02; floor 0.005,0.0113988085,0.03647241898,0,0.237864565224,0.10541128922,,reviewed by family; no unresolved presentation issue
analysis/moving_averages/figures/emotion_excitement/overall_full_scale.png,moving_average_overall,equal-weight/rank-weighted rolling means; full-domain reference,y,linear,0.0113988085,0.03647241898,0.02507361048,0,1,1,0.02507361048,"[{""axis_max"": 1.0, ""axis_min"": 0.0, ""axis_span"": 1.0, ""primary_max"": 0.03647241898, ""primary_min"": 0.0113988085, ""primary_span"": 0.025073610479999998, ""utilization_ratio"": 0.025073610479999998}]",,Full-domain companion preserves every qualifying raw monthly value,False,,0,,True,src/moving_average_figures.py,True,New companion reference,,,,,,,intentional full-scale reference
analysis/moving_averages/figures/emotion_excitement/pop.png,moving_average_individual_genre,equal-weight 12-month mean; rank-weighted 12-month sensitivity,y,linear,0.007569422117,0.05020248113,0.042633059013,0.004,0.054,0.05,0.85266118026,"[{""axis_max"": 0.054, ""axis_min"": 0.004, ""axis_span"": 0.05, ""primary_max"": 0.05020248113, ""primary_min"": 0.007569422117, ""primary_span"": 0.042633059013, ""utilization_ratio"": 0.8526611802599999}]",Primary rolling range uses under 25% of old Y-axis; raw/global/domain scale dominates,Scale only finite displayed rolling series; exterior legend; readable count panel; 300 dpi,True,analysis/moving_averages/figures/emotion_excitement/pop_full_scale.png,35,Y-axis follows displayed 12-month means; classifier scores range 0–1. Raw monthly context: 35 values outside view.,True,src/moving_average_figures.py,False,zero to 1.08 × maximum qualifying raw mean across overall and ALL genres; capped at 1.02; floor 0.005,0.007569422117,0.05020248113,0,0.237864565224,0.179232492964,,reviewed by family; no unresolved presentation issue
analysis/moving_averages/figures/emotion_excitement/pop_full_scale.png,moving_average_individual_genre,equal-weight/rank-weighted rolling means; full-domain reference,y,linear,0.007569422117,0.05020248113,0.042633059013,0,1,1,0.042633059013,"[{""axis_max"": 1.0, ""axis_min"": 0.0, ""axis_span"": 1.0, ""primary_max"": 0.05020248113, ""primary_min"": 0.007569422117, ""primary_span"": 0.042633059013, ""utilization_ratio"": 0.042633059013}]",,Full-domain companion preserves every qualifying raw monthly value,False,,0,,True,src/moving_average_figures.py,True,New companion reference,,,,,,,intentional full-scale reference
analysis/moving_averages/figures/emotion_excitement/r_b_soul.png,moving_average_individual_genre,equal-weight 12-month mean; rank-weighted 12-month sensitivity,y,linear,0.006225457396,0.07101276119,0.064787303794,0.001,0.077,0.076,0.852464523605,"[{""axis_max"": 0.077, ""axis_min"": 0.001, ""axis_span"": 0.076, ""primary_max"": 0.07101276119, ""primary_min"": 0.006225457396, ""primary_span"": 0.064787303794, ""utilization_ratio"": 0.8524645236052631}]",Primary rolling range uses 25–50% of old Y-axis; reviewed against raw/global scale,Scale only finite displayed rolling series; exterior legend; readable count panel; 300 dpi,True,analysis/moving_averages/figures/emotion_excitement/r_b_soul_full_scale.png,9,Y-axis follows displayed 12-month means; classifier scores range 0–1. Raw monthly context: 9 values outside view.,True,src/moving_average_figures.py,False,zero to 1.08 × maximum qualifying raw mean across overall and ALL genres; capped at 1.02; floor 0.005,0.006225457396,0.07101276119,0,0.237864565224,0.272370555627,,reviewed by family; no unresolved presentation issue
analysis/moving_averages/figures/emotion_excitement/r_b_soul_full_scale.png,moving_average_individual_genre,equal-weight/rank-weighted rolling means; full-domain reference,y,linear,0.006225457396,0.07101276119,0.064787303794,0,1,1,0.064787303794,"[{""axis_max"": 1.0, ""axis_min"": 0.0, ""axis_span"": 1.0, ""primary_max"": 0.07101276119, ""primary_min"": 0.006225457396, ""primary_span"": 0.064787303794, ""utilization_ratio"": 0.064787303794}]",,Full-domain companion preserves every qualifying raw monthly value,False,,0,,True,src/moving_average_figures.py,True,New companion reference,,,,,,,intentional full-scale reference
analysis/moving_averages/figures/emotion_excitement/rank_sensitivity.png,moving_average_rank_sensitivity,equal-weight 12-month mean; rank-weighted 12-month sensitivity,y,linear,0.01108438874,0.03804569939,0.02696131065,0.008,0.041,0.033,0.817009413636,"[{""axis_max"": 0.041, ""axis_min"": 0.008, ""axis_span"": 0.033, ""primary_max"": 0.03804569939, ""primary_min"": 0.01108438874, ""primary_span"": 0.02696131065, ""utilization_ratio"": 0.8170094136363636}]",Primary rolling range uses under 25% of old Y-axis; raw/global/domain scale dominates,Scale only finite displayed rolling series; exterior legend; readable count panel; 300 dpi,False,,0,Y-axis follows displayed 12-month means; classifier scores range 0–1.,True,src/moving_average_figures.py,False,zero to 1.08 × maximum qualifying raw mean across overall and ALL genres; capped at 1.02; floor 0.005,0.01108438874,0.03804569939,0,0.237864565224,0.113347318566,,reviewed by family; no unresolved presentation issue
analysis/moving_averages/figures/emotion_excitement/rock.png,moving_average_individual_genre,equal-weight 12-month mean; rank-weighted 12-month sensitivity,y,linear,0.005189620198,0.06294442438,0.057754804182,0,0.068,0.068,0.849335355618,"[{""axis_max"": 0.068, ""axis_min"": 0.0, ""axis_span"": 0.068, ""primary_max"": 0.06294442438, ""primary_min"": 0.005189620198, ""primary_span"": 0.057754804182000005, ""utilization_ratio"": 0.8493353556176471}]",Primary rolling range uses under 25% of old Y-axis; raw/global/domain scale dominates,Scale only finite displayed rolling series; exterior legend; readable count panel; 300 dpi,True,analysis/moving_averages/figures/emotion_excitement/rock_full_scale.png,9,Y-axis follows displayed 12-month means; classifier scores range 0–1. Raw monthly context: 9 values outside view.,True,src/moving_average_figures.py,False,zero to 1.08 × maximum qualifying raw mean across overall and ALL genres; capped at 1.02; floor 0.005,0.005189620198,0.06294442438,0,0.237864565224,0.242805413777,,reviewed by family; no unresolved presentation issue
analysis/moving_averages/figures/emotion_excitement/rock_full_scale.png,moving_average_individual_genre,equal-weight/rank-weighted rolling means; full-domain reference,y,linear,0.005189620198,0.06294442438,0.057754804182,0,1,1,0.057754804182,"[{""axis_max"": 1.0, ""axis_min"": 0.0, ""axis_span"": 1.0, ""primary_max"": 0.06294442438, ""primary_min"": 0.005189620198, ""primary_span"": 0.057754804182000005, ""utilization_ratio"": 0.057754804182000005}]",,Full-domain companion preserves every qualifying raw monthly value,False,,0,,True,src/moving_average_figures.py,True,New companion reference,,,,,,,intentional full-scale reference
analysis/moving_averages/figures/emotion_fear/alternative_indie.png,moving_average_individual_genre,equal-weight 12-month mean; rank-weighted 12-month sensitivity,y,linear,0.004581525445,0.04769269424,0.043111168795,0.001,0.052,0.051,0.845317035196,"[{""axis_max"": 0.052000000000000005, ""axis_min"": 0.001, ""axis_span"": 0.051000000000000004, ""primary_max"": 0.04769269424, ""primary_min"": 0.004581525445, ""primary_span"": 0.043111168795, ""utilization_ratio"": 0.8453170351960784}]",Primary rolling range uses under 25% of old Y-axis; raw/global/domain scale dominates,Scale only finite displayed rolling series; exterior legend; readable count panel; 300 dpi,True,analysis/moving_averages/figures/emotion_fear/alternative_indie_full_scale.png,47,Y-axis follows displayed 12-month means; classifier scores range 0–1. Raw monthly context: 47 values outside view.,True,src/moving_average_figures.py,False,zero to 1.08 × maximum qualifying raw mean across overall and ALL genres; capped at 1.02; floor 0.005,0.004581525445,0.04769269424,0,0.280867776696,0.153492754855,,reviewed by family; no unresolved presentation issue
analysis/moving_averages/figures/emotion_fear/alternative_indie_full_scale.png,moving_average_individual_genre,equal-weight/rank-weighted rolling means; full-domain reference,y,linear,0.004581525445,0.04769269424,0.043111168795,0,1,1,0.043111168795,"[{""axis_max"": 1.0, ""axis_min"": 0.0, ""axis_span"": 1.0, ""primary_max"": 0.04769269424, ""primary_min"": 0.004581525445, ""primary_span"": 0.043111168795, ""utilization_ratio"": 0.043111168795}]",,Full-domain companion preserves every qualifying raw monthly value,False,,0,,True,src/moving_average_figures.py,True,New companion reference,,,,,,,intentional full-scale reference
analysis/moving_averages/figures/emotion_fear/country.png,moving_average_individual_genre,equal-weight 12-month mean; rank-weighted 12-month sensitivity,y,linear,0.003358287911,0.05734112615,0.053982838239,0,0.062,0.062,0.870690939339,"[{""axis_max"": 0.062, ""axis_min"": 0.0, ""axis_span"": 0.062, ""primary_max"": 0.05734112615, ""primary_min"": 0.003358287911, ""primary_span"": 0.053982838239, ""utilization_ratio"": 0.8706909393387097}]",Primary rolling range uses under 25% of old Y-axis; raw/global/domain scale dominates,Scale only finite displayed rolling series; exterior legend; readable count panel; 300 dpi,True,analysis/moving_averages/figures/emotion_fear/country_full_scale.png,11,Y-axis follows displayed 12-month means; classifier scores range 0–1. Raw monthly context: 11 values outside view.,True,src/moving_average_figures.py,False,zero to 1.08 × maximum qualifying raw mean across overall and ALL genres; capped at 1.02; floor 0.005,0.003358287911,0.05734112615,0,0.280867776696,0.192200183567,,reviewed by family; no unresolved presentation issue
analysis/moving_averages/figures/emotion_fear/country_full_scale.png,moving_average_individual_genre,equal-weight/rank-weighted rolling means; full-domain reference,y,linear,0.003358287911,0.05734112615,0.053982838239,0,1,1,0.053982838239,"[{""axis_max"": 1.0, ""axis_min"": 0.0, ""axis_span"": 1.0, ""primary_max"": 0.05734112615, ""primary_min"": 0.003358287911, ""primary_span"": 0.053982838239, ""utilization_ratio"": 0.053982838239}]",,Full-domain companion preserves every qualifying raw monthly value,False,,0,,True,src/moving_average_figures.py,True,New companion reference,,,,,,,intentional full-scale reference
analysis/moving_averages/figures/emotion_fear/electronic_dance.png,moving_average_individual_genre,equal-weight 12-month mean; rank-weighted 12-month sensitivity,y,linear,0.00358479649,0.04307270037,0.03948790388,0,0.047,0.047,0.84016816766,"[{""axis_max"": 0.047, ""axis_min"": 0.0, ""axis_span"": 0.047, ""primary_max"": 0.04307270037, ""primary_min"": 0.00358479649, ""primary_span"": 0.03948790388, ""utilization_ratio"": 0.8401681676595745}]",Primary rolling range uses under 25% of old Y-axis; raw/global/domain scale dominates,Scale only finite displayed rolling series; exterior legend; readable count panel; 300 dpi,True,analysis/moving_averages/figures/emotion_fear/electronic_dance_full_scale.png,14,Y-axis follows displayed 12-month means; classifier scores range 0–1. Raw monthly context: 14 values outside view.,True,src/moving_average_figures.py,False,zero to 1.08 × maximum qualifying raw mean across overall and ALL genres; capped at 1.02; floor 0.005,0.00358479649,0.04307270037,0,0.280867776696,0.140592503507,,reviewed by family; no unresolved presentation issue
analysis/moving_averages/figures/emotion_fear/electronic_dance_full_scale.png,moving_average_individual_genre,equal-weight/rank-weighted rolling means; full-domain reference,y,linear,0.00358479649,0.04307270037,0.03948790388,0,1,1,0.03948790388,"[{""axis_max"": 1.0, ""axis_min"": 0.0, ""axis_span"": 1.0, ""primary_max"": 0.04307270037, ""primary_min"": 0.00358479649, ""primary_span"": 0.03948790388, ""utilization_ratio"": 0.03948790388}]",,Full-domain companion preserves every qualifying raw monthly value,False,,0,,True,src/moving_average_figures.py,True,New companion reference,,,,,,,intentional full-scale reference
analysis/moving_averages/figures/emotion_fear/hip_hop_rap.png,moving_average_individual_genre,equal-weight 12-month mean; rank-weighted 12-month sensitivity,y,linear,0.001725665734,0.01722507585,0.015499410116,0,0.019,0.019,0.815758427158,"[{""axis_max"": 0.019, ""axis_min"": 0.0, ""axis_span"": 0.019, ""primary_max"": 0.01722507585, ""primary_min"": 0.001725665734, ""primary_span"": 0.015499410116, ""utilization_ratio"": 0.8157584271578947}]",Primary rolling range uses under 25% of old Y-axis; raw/global/domain scale dominates,Scale only finite displayed rolling series; exterior legend; readable count panel; 300 dpi,True,analysis/moving_averages/figures/emotion_fear/hip_hop_rap_full_scale.png,31,Y-axis follows displayed 12-month means; classifier scores range 0–1. Raw monthly context: 31 values outside view.,True,src/moving_average_figures.py,False,zero to 1.08 × maximum qualifying raw mean across overall and ALL genres; capped at 1.02; floor 0.005,0.001725665734,0.01722507585,0,0.280867776696,0.0551840097085,,reviewed by family; no unresolved presentation issue
analysis/moving_averages/figures/emotion_fear/hip_hop_rap_full_scale.png,moving_average_individual_genre,equal-weight/rank-weighted rolling means; full-domain reference,y,linear,0.001725665734,0.01722507585,0.015499410116,0,1,1,0.015499410116,"[{""axis_max"": 1.0, ""axis_min"": 0.0, ""axis_span"": 1.0, ""primary_max"": 0.01722507585, ""primary_min"": 0.001725665734, ""primary_span"": 0.015499410116, ""utilization_ratio"": 0.015499410116}]",,Full-domain companion preserves every qualifying raw monthly value,False,,0,,True,src/moving_average_figures.py,True,New companion reference,,,,,,,intentional full-scale reference
analysis/moving_averages/figures/emotion_fear/major_genres.png,moving_average_major_genres,equal-weight 12-month mean,y,linear,0.001750886729,0.08733279293,0.085581906201,0,0.095,0.095,0.900862170537,"[{""axis_max"": 0.095, ""axis_min"": 0.0, ""axis_span"": 0.095, ""primary_max"": 0.08733279293, ""primary_min"": 0.001750886729, ""primary_span"": 0.085581906201, ""utilization_ratio"": 0.900862170536842}]",Primary rolling range uses 25–50% of old Y-axis; reviewed against raw/global scale,Scale only finite displayed rolling series; exterior legend; readable count panel; 300 dpi,False,,0,Y-axis follows displayed 12-month means; classifier scores range 0–1.,True,src/moving_average_figures.py,False,zero to 1.08 × maximum qualifying raw mean across overall and ALL genres; capped at 1.02; floor 0.005,0.001750886729,0.08733279293,0,0.280867776696,0.304705321514,,reviewed by family; no unresolved presentation issue
analysis/moving_averages/figures/emotion_fear/overall.png,moving_average_overall,equal-weight 12-month mean,y,linear,0.006635825308,0.03242630173,0.025790476422,0.004,0.035,0.031,0.831950852323,"[{""axis_max"": 0.035, ""axis_min"": 0.004, ""axis_span"": 0.031000000000000003, ""primary_max"": 0.03242630173, ""primary_min"": 0.006635825308, ""primary_span"": 0.025790476422000004, ""utilization_ratio"": 0.8319508523225807}]",Primary rolling range uses under 25% of old Y-axis; raw/global/domain scale dominates,Scale only finite displayed rolling series; exterior legend; readable count panel; 300 dpi,True,analysis/moving_averages/figures/emotion_fear/overall_full_scale.png,23,Y-axis follows displayed 12-month means; classifier scores range 0–1. Raw monthly context: 23 values outside view.,True,src/moving_average_figures.py,False,zero to 1.08 × maximum qualifying raw mean across overall and ALL genres; capped at 1.02; floor 0.005,0.006635825308,0.03242630173,0,0.280867776696,0.0918242623821,,reviewed by family; no unresolved presentation issue
analysis/moving_averages/figures/emotion_fear/overall_full_scale.png,moving_average_overall,equal-weight/rank-weighted rolling means; full-domain reference,y,linear,0.006635825308,0.03242630173,0.025790476422,0,1,1,0.025790476422,"[{""axis_max"": 1.0, ""axis_min"": 0.0, ""axis_span"": 1.0, ""primary_max"": 0.03242630173, ""primary_min"": 0.006635825308, ""primary_span"": 0.025790476422000004, ""utilization_ratio"": 0.025790476422000004}]",,Full-domain companion preserves every qualifying raw monthly value,False,,0,,True,src/moving_average_figures.py,True,New companion reference,,,,,,,intentional full-scale reference
analysis/moving_averages/figures/emotion_fear/pop.png,moving_average_individual_genre,equal-weight 12-month mean; rank-weighted 12-month sensitivity,y,linear,0.003924650692,0.08457194497,0.080647294278,0,0.092,0.092,0.876601024761,"[{""axis_max"": 0.092, ""axis_min"": 0.0, ""axis_span"": 0.092, ""primary_max"": 0.08457194497, ""primary_min"": 0.003924650692, ""primary_span"": 0.08064729427799999, ""utilization_ratio"": 0.8766010247608695}]",Primary rolling range uses 25–50% of old Y-axis; reviewed against raw/global scale,Scale only finite displayed rolling series; exterior legend; readable count panel; 300 dpi,True,analysis/moving_averages/figures/emotion_fear/pop_full_scale.png,9,Y-axis follows displayed 12-month means; classifier scores range 0–1. Raw monthly context: 9 values outside view.,True,src/moving_average_figures.py,False,zero to 1.08 × maximum qualifying raw mean across overall and ALL genres; capped at 1.02; floor 0.005,0.003924650692,0.08457194497,0,0.280867776696,0.287136157899,,reviewed by family; no unresolved presentation issue
analysis/moving_averages/figures/emotion_fear/pop_full_scale.png,moving_average_individual_genre,equal-weight/rank-weighted rolling means; full-domain reference,y,linear,0.003924650692,0.08457194497,0.080647294278,0,1,1,0.080647294278,"[{""axis_max"": 1.0, ""axis_min"": 0.0, ""axis_span"": 1.0, ""primary_max"": 0.08457194497, ""primary_min"": 0.003924650692, ""primary_span"": 0.08064729427799999, ""utilization_ratio"": 0.08064729427799999}]",,Full-domain companion preserves every qualifying raw monthly value,False,,0,,True,src/moving_average_figures.py,True,New companion reference,,,,,,,intentional full-scale reference
analysis/moving_averages/figures/emotion_fear/r_b_soul.png,moving_average_individual_genre,equal-weight 12-month mean; rank-weighted 12-month sensitivity,y,linear,0.002599908314,0.07221768797,0.069617779656,0,0.078,0.078,0.892535636615,"[{""axis_max"": 0.078, ""axis_min"": 0.0, ""axis_span"": 0.078, ""primary_max"": 0.07221768797, ""primary_min"": 0.002599908314, ""primary_span"": 0.069617779656, ""utilization_ratio"": 0.8925356366153846}]",Primary rolling range uses under 25% of old Y-axis; raw/global/domain scale dominates,Scale only finite displayed rolling series; exterior legend; readable count panel; 300 dpi,True,analysis/moving_averages/figures/emotion_fear/r_b_soul_full_scale.png,7,Y-axis follows displayed 12-month means; classifier scores range 0–1. Raw monthly context: 7 values outside view.,True,src/moving_average_figures.py,False,zero to 1.08 × maximum qualifying raw mean across overall and ALL genres; capped at 1.02; floor 0.005,0.002599908314,0.07221768797,0,0.280867776696,0.247866738132,,reviewed by family; no unresolved presentation issue
analysis/moving_averages/figures/emotion_fear/r_b_soul_full_scale.png,moving_average_individual_genre,equal-weight/rank-weighted rolling means; full-domain reference,y,linear,0.002599908314,0.07221768797,0.069617779656,0,1,1,0.069617779656,"[{""axis_max"": 1.0, ""axis_min"": 0.0, ""axis_span"": 1.0, ""primary_max"": 0.07221768797, ""primary_min"": 0.002599908314, ""primary_span"": 0.069617779656, ""utilization_ratio"": 0.069617779656}]",,Full-domain companion preserves every qualifying raw monthly value,False,,0,,True,src/moving_average_figures.py,True,New companion reference,,,,,,,intentional full-scale reference
analysis/moving_averages/figures/emotion_fear/rank_sensitivity.png,moving_average_rank_sensitivity,equal-weight 12-month mean; rank-weighted 12-month sensitivity,y,linear,0.006238813901,0.03304250358,0.026803689679,0.004,0.036,0.032,0.837615302469,"[{""axis_max"": 0.036000000000000004, ""axis_min"": 0.004, ""axis_span"": 0.032, ""primary_max"": 0.03304250358, ""primary_min"": 0.006238813901, ""primary_span"": 0.026803689679, ""utilization_ratio"": 0.83761530246875}]",Primary rolling range uses under 25% of old Y-axis; raw/global/domain scale dominates,Scale only finite displayed rolling series; exterior legend; readable count panel; 300 dpi,False,,0,Y-axis follows displayed 12-month means; classifier scores range 0–1.,True,src/moving_average_figures.py,False,zero to 1.08 × maximum qualifying raw mean across overall and ALL genres; capped at 1.02; floor 0.005,0.006238813901,0.03304250358,0,0.280867776696,0.0954317009744,,reviewed by family; no unresolved presentation issue
analysis/moving_averages/figures/emotion_fear/rock.png,moving_average_individual_genre,equal-weight 12-month mean; rank-weighted 12-month sensitivity,y,linear,0.002232772421,0.1109660497,0.108733277279,0,0.12,0.12,0.906110643992,"[{""axis_max"": 0.12, ""axis_min"": 0.0, ""axis_span"": 0.12, ""primary_max"": 0.1109660497, ""primary_min"": 0.002232772421, ""primary_span"": 0.10873327727899999, ""utilization_ratio"": 0.9061106439916666}]",Primary rolling range uses 25–50% of old Y-axis; reviewed against raw/global scale,Scale only finite displayed rolling series; exterior legend; readable count panel; 300 dpi,True,analysis/moving_averages/figures/emotion_fear/rock_full_scale.png,6,Y-axis follows displayed 12-month means; classifier scores range 0–1. Raw monthly context: 6 values outside view.,True,src/moving_average_figures.py,False,zero to 1.08 × maximum qualifying raw mean across overall and ALL genres; capped at 1.02; floor 0.005,0.002232772421,0.1109660497,0,0.280867776696,0.387133328565,,reviewed by family; no unresolved presentation issue
analysis/moving_averages/figures/emotion_fear/rock_full_scale.png,moving_average_individual_genre,equal-weight/rank-weighted rolling means; full-domain reference,y,linear,0.002232772421,0.1109660497,0.108733277279,0,1,1,0.108733277279,"[{""axis_max"": 1.0, ""axis_min"": 0.0, ""axis_span"": 1.0, ""primary_max"": 0.1109660497, ""primary_min"": 0.002232772421, ""primary_span"": 0.10873327727899999, ""utilization_ratio"": 0.10873327727899999}]",,Full-domain companion preserves every qualifying raw monthly value,False,,0,,True,src/moving_average_figures.py,True,New companion reference,,,,,,,intentional full-scale reference
analysis/moving_averages/figures/emotion_gratitude/alternative_indie.png,moving_average_individual_genre,equal-weight 12-month mean; rank-weighted 12-month sensitivity,y,linear,0.000370945953,0.06551603302,0.065145087067,0,0.071,0.071,0.917536437563,"[{""axis_max"": 0.07100000000000001, ""axis_min"": 0.0, ""axis_span"": 0.07100000000000001, ""primary_max"": 0.06551603302, ""primary_min"": 0.000370945953, ""primary_span"": 0.06514508706700001, ""utilization_ratio"": 0.9175364375633803}]",Primary rolling range uses 25–50% of old Y-axis; reviewed against raw/global scale,Scale only finite displayed rolling series; exterior legend; readable count panel; 300 dpi,True,analysis/moving_averages/figures/emotion_gratitude/alternative_indie_full_scale.png,6,Y-axis follows displayed 12-month means; classifier scores range 0–1. Raw monthly context: 6 values outside view.,True,src/moving_average_figures.py,False,zero to 1.08 × maximum qualifying raw mean across overall and ALL genres; capped at 1.02; floor 0.005,0.000370945953,0.06551603302,0,0.205683163164,0.316725424021,,reviewed by family; no unresolved presentation issue
analysis/moving_averages/figures/emotion_gratitude/alternative_indie_full_scale.png,moving_average_individual_genre,equal-weight/rank-weighted rolling means; full-domain reference,y,linear,0.000370945953,0.06551603302,0.065145087067,0,1,1,0.065145087067,"[{""axis_max"": 1.0, ""axis_min"": 0.0, ""axis_span"": 1.0, ""primary_max"": 0.06551603302, ""primary_min"": 0.000370945953, ""primary_span"": 0.06514508706700001, ""utilization_ratio"": 0.06514508706700001}]",,Full-domain companion preserves every qualifying raw monthly value,False,,0,,True,src/moving_average_figures.py,True,New companion reference,,,,,,,intentional full-scale reference
analysis/moving_averages/figures/emotion_gratitude/country.png,moving_average_individual_genre,equal-weight 12-month mean; rank-weighted 12-month sensitivity,y,linear,0.0005892159725,0.01740777727,0.0168185612975,0,0.019,0.019,0.885187436711,"[{""axis_max"": 0.019, ""axis_min"": 0.0, ""axis_span"": 0.019, ""primary_max"": 0.01740777727, ""primary_min"": 0.0005892159725, ""primary_span"": 0.0168185612975, ""utilization_ratio"": 0.8851874367105264}]",Primary rolling range uses under 25% of old Y-axis; raw/global/domain scale dominates,Scale only finite displayed rolling series; exterior legend; readable count panel; 300 dpi,True,analysis/moving_averages/figures/emotion_gratitude/country_full_scale.png,16,Y-axis follows displayed 12-month means; classifier scores range 0–1. Raw monthly context: 16 values outside view.,True,src/moving_average_figures.py,False,zero to 1.08 × maximum qualifying raw mean across overall and ALL genres; capped at 1.02; floor 0.005,0.0005892159725,0.01740777727,0,0.205683163164,0.0817692660828,,reviewed by family; no unresolved presentation issue
analysis/moving_averages/figures/emotion_gratitude/country_full_scale.png,moving_average_individual_genre,equal-weight/rank-weighted rolling means; full-domain reference,y,linear,0.0005892159725,0.01740777727,0.0168185612975,0,1,1,0.0168185612975,"[{""axis_max"": 1.0, ""axis_min"": 0.0, ""axis_span"": 1.0, ""primary_max"": 0.01740777727, ""primary_min"": 0.0005892159725, ""primary_span"": 0.0168185612975, ""utilization_ratio"": 0.0168185612975}]",,Full-domain companion preserves every qualifying raw monthly value,False,,0,,True,src/moving_average_figures.py,True,New companion reference,,,,,,,intentional full-scale reference
analysis/moving_averages/figures/emotion_gratitude/electronic_dance.png,moving_average_individual_genre,equal-weight 12-month mean; rank-weighted 12-month sensitivity,y,linear,0.0007558782617,0.02973626244,0.0289803841783,0,0.033,0.033,0.878193459948,"[{""axis_max"": 0.033, ""axis_min"": 0.0, ""axis_span"": 0.033, ""primary_max"": 0.02973626244, ""primary_min"": 0.0007558782617, ""primary_span"": 0.0289803841783, ""utilization_ratio"": 0.8781934599484849}]",Primary rolling range uses under 25% of old Y-axis; raw/global/domain scale dominates,Scale only finite displayed rolling series; exterior legend; readable count panel; 300 dpi,True,analysis/moving_averages/figures/emotion_gratitude/electronic_dance_full_scale.png,15,Y-axis follows displayed 12-month means; classifier scores range 0–1. Raw monthly context: 15 values outside view.,True,src/moving_average_figures.py,False,zero to 1.08 × maximum qualifying raw mean across overall and ALL genres; capped at 1.02; floor 0.005,0.0007558782617,0.02973626244,0,0.205683163164,0.140898184044,,reviewed by family; no unresolved presentation issue
analysis/moving_averages/figures/emotion_gratitude/electronic_dance_full_scale.png,moving_average_individual_genre,equal-weight/rank-weighted rolling means; full-domain reference,y,linear,0.0007558782617,0.02973626244,0.0289803841783,0,1,1,0.0289803841783,"[{""axis_max"": 1.0, ""axis_min"": 0.0, ""axis_span"": 1.0, ""primary_max"": 0.02973626244, ""primary_min"": 0.0007558782617, ""primary_span"": 0.0289803841783, ""utilization_ratio"": 0.0289803841783}]",,Full-domain companion preserves every qualifying raw monthly value,False,,0,,True,src/moving_average_figures.py,True,New companion reference,,,,,,,intentional full-scale reference
analysis/moving_averages/figures/emotion_gratitude/hip_hop_rap.png,moving_average_individual_genre,equal-weight 12-month mean; rank-weighted 12-month sensitivity,y,linear,0.0003535538998,0.01976410426,0.0194105503602,0,0.022,0.022,0.882297743645,"[{""axis_max"": 0.022, ""axis_min"": 0.0, ""axis_span"": 0.022, ""primary_max"": 0.01976410426, ""primary_min"": 0.0003535538998, ""primary_span"": 0.019410550360199997, ""utilization_ratio"": 0.8822977436454544}]",Primary rolling range uses under 25% of old Y-axis; raw/global/domain scale dominates,Scale only finite displayed rolling series; exterior legend; readable count panel; 300 dpi,True,analysis/moving_averages/figures/emotion_gratitude/hip_hop_rap_full_scale.png,30,Y-axis follows displayed 12-month means; classifier scores range 0–1. Raw monthly context: 30 values outside view.,True,src/moving_average_figures.py,False,zero to 1.08 × maximum qualifying raw mean across overall and ALL genres; capped at 1.02; floor 0.005,0.0003535538998,0.01976410426,0,0.205683163164,0.0943711194519,,reviewed by family; no unresolved presentation issue
analysis/moving_averages/figures/emotion_gratitude/hip_hop_rap_full_scale.png,moving_average_individual_genre,equal-weight/rank-weighted rolling means; full-domain reference,y,linear,0.0003535538998,0.01976410426,0.0194105503602,0,1,1,0.0194105503602,"[{""axis_max"": 1.0, ""axis_min"": 0.0, ""axis_span"": 1.0, ""primary_max"": 0.01976410426, ""primary_min"": 0.0003535538998, ""primary_span"": 0.019410550360199997, ""utilization_ratio"": 0.019410550360199997}]",,Full-domain companion preserves every qualifying raw monthly value,False,,0,,True,src/moving_average_figures.py,True,New companion reference,,,,,,,intentional full-scale reference
analysis/moving_averages/figures/emotion_gratitude/major_genres.png,moving_average_major_genres,equal-weight 12-month mean,y,linear,0.0003662252954,0.07094671816,0.0705804928646,0,0.077,0.077,0.916629777462,"[{""axis_max"": 0.077, ""axis_min"": 0.0, ""axis_span"": 0.077, ""primary_max"": 0.07094671816, ""primary_min"": 0.0003662252954, ""primary_span"": 0.07058049286460001, ""utilization_ratio"": 0.9166297774623379}]",Primary rolling range uses 25–50% of old Y-axis; reviewed against raw/global scale,Scale only finite displayed rolling series; exterior legend; readable count panel; 300 dpi,False,,0,Y-axis follows displayed 12-month means; classifier scores range 0–1.,True,src/moving_average_figures.py,False,zero to 1.08 × maximum qualifying raw mean across overall and ALL genres; capped at 1.02; floor 0.005,0.0003662252954,0.07094671816,0,0.205683163164,0.343151533547,,reviewed by family; no unresolved presentation issue
analysis/moving_averages/figures/emotion_gratitude/overall.png,moving_average_overall,equal-weight 12-month mean,y,linear,0.0008005246385,0.01566241322,0.0148618885815,0,0.017,0.017,0.874228740088,"[{""axis_max"": 0.017, ""axis_min"": 0.0, ""axis_span"": 0.017, ""primary_max"": 0.01566241322, ""primary_min"": 0.0008005246385, ""primary_span"": 0.014861888581500001, ""utilization_ratio"": 0.8742287400882353}]",Primary rolling range uses under 25% of old Y-axis; raw/global/domain scale dominates,Scale only finite displayed rolling series; exterior legend; readable count panel; 300 dpi,True,analysis/moving_averages/figures/emotion_gratitude/overall_full_scale.png,49,Y-axis follows displayed 12-month means; classifier scores range 0–1. Raw monthly context: 49 values outside view.,True,src/moving_average_figures.py,False,zero to 1.08 × maximum qualifying raw mean across overall and ALL genres; capped at 1.02; floor 0.005,0.0008005246385,0.01566241322,0,0.205683163164,0.0722562233723,,reviewed by family; no unresolved presentation issue
analysis/moving_averages/figures/emotion_gratitude/overall_full_scale.png,moving_average_overall,equal-weight/rank-weighted rolling means; full-domain reference,y,linear,0.0008005246385,0.01566241322,0.0148618885815,0,1,1,0.0148618885815,"[{""axis_max"": 1.0, ""axis_min"": 0.0, ""axis_span"": 1.0, ""primary_max"": 0.01566241322, ""primary_min"": 0.0008005246385, ""primary_span"": 0.014861888581500001, ""utilization_ratio"": 0.014861888581500001}]",,Full-domain companion preserves every qualifying raw monthly value,False,,0,,True,src/moving_average_figures.py,True,New companion reference,,,,,,,intentional full-scale reference
analysis/moving_averages/figures/emotion_gratitude/pop.png,moving_average_individual_genre,equal-weight 12-month mean; rank-weighted 12-month sensitivity,y,linear,0.0004931766241,0.08631140213,0.0858182255059,0,0.094,0.094,0.912959845807,"[{""axis_max"": 0.094, ""axis_min"": 0.0, ""axis_span"": 0.094, ""primary_max"": 0.08631140213, ""primary_min"": 0.0004931766241, ""primary_span"": 0.0858182255059, ""utilization_ratio"": 0.9129598458074468}]",Primary rolling range uses 25–50% of old Y-axis; reviewed against raw/global scale,Scale only finite displayed rolling series; exterior legend; readable count panel; 300 dpi,True,analysis/moving_averages/figures/emotion_gratitude/pop_full_scale.png,2,Y-axis follows displayed 12-month means; classifier scores range 0–1. Raw monthly context: 2 values outside view.,True,src/moving_average_figures.py,False,zero to 1.08 × maximum qualifying raw mean across overall and ALL genres; capped at 1.02; floor 0.005,0.0004931766241,0.08631140213,0,0.205683163164,0.417235053107,,reviewed by family; no unresolved presentation issue
analysis/moving_averages/figures/emotion_gratitude/pop_full_scale.png,moving_average_individual_genre,equal-weight/rank-weighted rolling means; full-domain reference,y,linear,0.0004931766241,0.08631140213,0.0858182255059,0,1,1,0.0858182255059,"[{""axis_max"": 1.0, ""axis_min"": 0.0, ""axis_span"": 1.0, ""primary_max"": 0.08631140213, ""primary_min"": 0.0004931766241, ""primary_span"": 0.0858182255059, ""utilization_ratio"": 0.0858182255059}]",,Full-domain companion preserves every qualifying raw monthly value,False,,0,,True,src/moving_average_figures.py,True,New companion reference,,,,,,,intentional full-scale reference
analysis/moving_averages/figures/emotion_gratitude/r_b_soul.png,moving_average_individual_genre,equal-weight 12-month mean; rank-weighted 12-month sensitivity,y,linear,0.0004404716145,0.03127838645,0.0308379148355,0,0.034,0.034,0.906997495162,"[{""axis_max"": 0.034, ""axis_min"": 0.0, ""axis_span"": 0.034, ""primary_max"": 0.03127838645, ""primary_min"": 0.0004404716145, ""primary_span"": 0.0308379148355, ""utilization_ratio"": 0.9069974951617646}]",Primary rolling range uses under 25% of old Y-axis; raw/global/domain scale dominates,Scale only finite displayed rolling series; exterior legend; readable count panel; 300 dpi,True,analysis/moving_averages/figures/emotion_gratitude/r_b_soul_full_scale.png,45,Y-axis follows displayed 12-month means; classifier scores range 0–1. Raw monthly context: 45 values outside view.,True,src/moving_average_figures.py,False,zero to 1.08 × maximum qualifying raw mean across overall and ALL genres; capped at 1.02; floor 0.005,0.0004404716145,0.03127838645,0,0.205683163164,0.149929213267,,reviewed by family; no unresolved presentation issue
analysis/moving_averages/figures/emotion_gratitude/r_b_soul_full_scale.png,moving_average_individual_genre,equal-weight/rank-weighted rolling means; full-domain reference,y,linear,0.0004404716145,0.03127838645,0.0308379148355,0,1,1,0.0308379148355,"[{""axis_max"": 1.0, ""axis_min"": 0.0, ""axis_span"": 1.0, ""primary_max"": 0.03127838645, ""primary_min"": 0.0004404716145, ""primary_span"": 0.0308379148355, ""utilization_ratio"": 0.0308379148355}]",,Full-domain companion preserves every qualifying raw monthly value,False,,0,,True,src/moving_average_figures.py,True,New companion reference,,,,,,,intentional full-scale reference
analysis/moving_averages/figures/emotion_gratitude/rank_sensitivity.png,moving_average_rank_sensitivity,equal-weight 12-month mean; rank-weighted 12-month sensitivity,y,linear,0.00075493509,0.01858666921,0.01783173412,0,0.021,0.021,0.84913019619,"[{""axis_max"": 0.021, ""axis_min"": 0.0, ""axis_span"": 0.021, ""primary_max"": 0.01858666921, ""primary_min"": 0.00075493509, ""primary_span"": 0.01783173412, ""utilization_ratio"": 0.8491301961904762}]",Primary rolling range uses under 25% of old Y-axis; raw/global/domain scale dominates,Scale only finite displayed rolling series; exterior legend; readable count panel; 300 dpi,False,,0,Y-axis follows displayed 12-month means; classifier scores range 0–1.,True,src/moving_average_figures.py,False,zero to 1.08 × maximum qualifying raw mean across overall and ALL genres; capped at 1.02; floor 0.005,0.00075493509,0.01858666921,0,0.205683163164,0.0866951569866,,reviewed by family; no unresolved presentation issue
analysis/moving_averages/figures/emotion_gratitude/rock.png,moving_average_individual_genre,equal-weight 12-month mean; rank-weighted 12-month sensitivity,y,linear,0.000400714467,0.07111136083,0.070710646363,0,0.077,0.077,0.918320082636,"[{""axis_max"": 0.077, ""axis_min"": 0.0, ""axis_span"": 0.077, ""primary_max"": 0.07111136083, ""primary_min"": 0.000400714467, ""primary_span"": 0.070710646363, ""utilization_ratio"": 0.9183200826363636}]",Primary rolling range uses 25–50% of old Y-axis; reviewed against raw/global scale,Scale only finite displayed rolling series; exterior legend; readable count panel; 300 dpi,True,analysis/moving_averages/figures/emotion_gratitude/rock_full_scale.png,9,Y-axis follows displayed 12-month means; classifier scores range 0–1. Raw monthly context: 9 values outside view.,True,src/moving_average_figures.py,False,zero to 1.08 × maximum qualifying raw mean across overall and ALL genres; capped at 1.02; floor 0.005,0.000400714467,0.07111136083,0,0.205683163164,0.343784319899,,reviewed by family; no unresolved presentation issue
analysis/moving_averages/figures/emotion_gratitude/rock_full_scale.png,moving_average_individual_genre,equal-weight/rank-weighted rolling means; full-domain reference,y,linear,0.000400714467,0.07111136083,0.070710646363,0,1,1,0.070710646363,"[{""axis_max"": 1.0, ""axis_min"": 0.0, ""axis_span"": 1.0, ""primary_max"": 0.07111136083, ""primary_min"": 0.000400714467, ""primary_span"": 0.070710646363, ""utilization_ratio"": 0.070710646363}]",,Full-domain companion preserves every qualifying raw monthly value,False,,0,,True,src/moving_average_figures.py,True,New companion reference,,,,,,,intentional full-scale reference
analysis/moving_averages/figures/emotion_grief/alternative_indie.png,moving_average_individual_genre,equal-weight 12-month mean; rank-weighted 12-month sensitivity,y,linear,0.001680770854,0.005870478841,0.004189707987,0.0013,0.0063,0.005,0.8379415974,"[{""axis_max"": 0.0063, ""axis_min"": 0.0013000000000000002, ""axis_span"": 0.005, ""primary_max"": 0.005870478841, ""primary_min"": 0.001680770854, ""primary_span"": 0.004189707987, ""utilization_ratio"": 0.8379415974}]",Primary rolling range uses under 25% of old Y-axis; raw/global/domain scale dominates,Scale only finite displayed rolling series; exterior legend; readable count panel; 300 dpi,True,analysis/moving_averages/figures/emotion_grief/alternative_indie_full_scale.png,30,Y-axis follows displayed 12-month means; classifier scores range 0–1. Raw monthly context: 30 values outside view.,True,src/moving_average_figures.py,False,zero to 1.08 × maximum qualifying raw mean across overall and ALL genres; capped at 1.02; floor 0.005,0.001680770854,0.005870478841,0,0.019375001658,0.216242974373,,reviewed by family; no unresolved presentation issue
analysis/moving_averages/figures/emotion_grief/alternative_indie_full_scale.png,moving_average_individual_genre,equal-weight/rank-weighted rolling means; full-domain reference,y,linear,0.001680770854,0.005870478841,0.004189707987,0,1,1,0.004189707987,"[{""axis_max"": 1.0, ""axis_min"": 0.0, ""axis_span"": 1.0, ""primary_max"": 0.005870478841, ""primary_min"": 0.001680770854, ""primary_span"": 0.004189707987, ""utilization_ratio"": 0.004189707987}]",,Full-domain companion preserves every qualifying raw monthly value,False,,0,,True,src/moving_average_figures.py,True,New companion reference,,,,,,,intentional full-scale reference
analysis/moving_averages/figures/emotion_grief/country.png,moving_average_individual_genre,equal-weight 12-month mean; rank-weighted 12-month sensitivity,y,linear,0.001004981659,0.008008583284,0.007003601625,0.0004,0.0086,0.0082,0.854097759146,"[{""axis_max"": 0.0086, ""axis_min"": 0.0004, ""axis_span"": 0.0082, ""primary_max"": 0.008008583284, ""primary_min"": 0.001004981659, ""primary_span"": 0.0070036016250000005, ""utilization_ratio"": 0.8540977591463415}]",Primary rolling range uses 25–50% of old Y-axis; reviewed against raw/global scale,Scale only finite displayed rolling series; exterior legend; readable count panel; 300 dpi,True,analysis/moving_averages/figures/emotion_grief/country_full_scale.png,13,Y-axis follows displayed 12-month means; classifier scores range 0–1. Raw monthly context: 13 values outside view.,True,src/moving_average_figures.py,False,zero to 1.08 × maximum qualifying raw mean across overall and ALL genres; capped at 1.02; floor 0.005,0.001004981659,0.008008583284,0,0.019375001658,0.36147618197,,reviewed by family; no unresolved presentation issue
analysis/moving_averages/figures/emotion_grief/country_full_scale.png,moving_average_individual_genre,equal-weight/rank-weighted rolling means; full-domain reference,y,linear,0.001004981659,0.008008583284,0.007003601625,0,1,1,0.007003601625,"[{""axis_max"": 1.0, ""axis_min"": 0.0, ""axis_span"": 1.0, ""primary_max"": 0.008008583284, ""primary_min"": 0.001004981659, ""primary_span"": 0.0070036016250000005, ""utilization_ratio"": 0.0070036016250000005}]",,Full-domain companion preserves every qualifying raw monthly value,False,,0,,True,src/moving_average_figures.py,True,New companion reference,,,,,,,intentional full-scale reference
analysis/moving_averages/figures/emotion_grief/electronic_dance.png,moving_average_individual_genre,equal-weight 12-month mean; rank-weighted 12-month sensitivity,y,linear,0.001320519029,0.005739482472,0.004418963443,0.0009,0.0061,0.0052,0.849800662115,"[{""axis_max"": 0.0061, ""axis_min"": 0.0009000000000000001, ""axis_span"": 0.005200000000000001, ""primary_max"": 0.005739482472, ""primary_min"": 0.001320519029, ""primary_span"": 0.004418963442999999, ""utilization_ratio"": 0.8498006621153844}]",Primary rolling range uses under 25% of old Y-axis; raw/global/domain scale dominates,Scale only finite displayed rolling series; exterior legend; readable count panel; 300 dpi,True,analysis/moving_averages/figures/emotion_grief/electronic_dance_full_scale.png,39,Y-axis follows displayed 12-month means; classifier scores range 0–1. Raw monthly context: 39 values outside view.,True,src/moving_average_figures.py,False,zero to 1.08 × maximum qualifying raw mean across overall and ALL genres; capped at 1.02; floor 0.005,0.001320519029,0.005739482472,0,0.019375001658,0.228075513025,,reviewed by family; no unresolved presentation issue
analysis/moving_averages/figures/emotion_grief/electronic_dance_full_scale.png,moving_average_individual_genre,equal-weight/rank-weighted rolling means; full-domain reference,y,linear,0.001320519029,0.005739482472,0.004418963443,0,1,1,0.004418963443,"[{""axis_max"": 1.0, ""axis_min"": 0.0, ""axis_span"": 1.0, ""primary_max"": 0.005739482472, ""primary_min"": 0.001320519029, ""primary_span"": 0.004418963442999999, ""utilization_ratio"": 0.004418963442999999}]",,Full-domain companion preserves every qualifying raw monthly value,False,,0,,True,src/moving_average_figures.py,True,New companion reference,,,,,,,intentional full-scale reference
analysis/moving_averages/figures/emotion_grief/hip_hop_rap.png,moving_average_individual_genre,equal-weight 12-month mean; rank-weighted 12-month sensitivity,y,linear,0.0004785995478,0.002775457885,0.0022968583372,0.0002,0.003,0.0028,0.820306549,"[{""axis_max"": 0.003, ""axis_min"": 0.0002, ""axis_span"": 0.0028, ""primary_max"": 0.002775457885, ""primary_min"": 0.0004785995478, ""primary_span"": 0.0022968583372000003, ""utilization_ratio"": 0.8203065490000001}]",Primary rolling range uses under 25% of old Y-axis; raw/global/domain scale dominates,Scale only finite displayed rolling series; exterior legend; readable count panel; 300 dpi,True,analysis/moving_averages/figures/emotion_grief/hip_hop_rap_full_scale.png,1,Y-axis follows displayed 12-month means; classifier scores range 0–1. Raw monthly context: 1 values outside view.,True,src/moving_average_figures.py,False,zero to 1.08 × maximum qualifying raw mean across overall and ALL genres; capped at 1.02; floor 0.005,0.0004785995478,0.002775457885,0,0.019375001658,0.118547516937,,reviewed by family; no unresolved presentation issue
analysis/moving_averages/figures/emotion_grief/hip_hop_rap_full_scale.png,moving_average_individual_genre,equal-weight/rank-weighted rolling means; full-domain reference,y,linear,0.0004785995478,0.002775457885,0.0022968583372,0,1,1,0.0022968583372,"[{""axis_max"": 1.0, ""axis_min"": 0.0, ""axis_span"": 1.0, ""primary_max"": 0.002775457885, ""primary_min"": 0.0004785995478, ""primary_span"": 0.0022968583372000003, ""utilization_ratio"": 0.0022968583372000003}]",,Full-domain companion preserves every qualifying raw monthly value,False,,0,,True,src/moving_average_figures.py,True,New companion reference,,,,,,,intentional full-scale reference
analysis/moving_averages/figures/emotion_grief/major_genres.png,moving_average_major_genres,equal-weight 12-month mean,y,linear,0.0005329601569,0.007947957535,0.0074149973781,0,0.0086,0.0086,0.862208997453,"[{""axis_max"": 0.0086, ""axis_min"": 0.0, ""axis_span"": 0.0086, ""primary_max"": 0.007947957535, ""primary_min"": 0.0005329601569, ""primary_span"": 0.0074149973781, ""utilization_ratio"": 0.8622089974534883}]",Primary rolling range uses 25–50% of old Y-axis; reviewed against raw/global scale,Scale only finite displayed rolling series; exterior legend; readable count panel; 300 dpi,False,,0,Y-axis follows displayed 12-month means; classifier scores range 0–1.,True,src/moving_average_figures.py,False,zero to 1.08 × maximum qualifying raw mean across overall and ALL genres; capped at 1.02; floor 0.005,0.0005329601569,0.007947957535,0,0.019375001658,0.382709509345,,reviewed by family; no unresolved presentation issue
analysis/moving_averages/figures/emotion_grief/overall.png,moving_average_overall,equal-weight 12-month mean,y,linear,0.001649587884,0.004977887998,0.003328300114,0.0013,0.0053,0.004,0.8320750285,"[{""axis_max"": 0.0053, ""axis_min"": 0.0013000000000000002, ""axis_span"": 0.004, ""primary_max"": 0.004977887998, ""primary_min"": 0.001649587884, ""primary_span"": 0.0033283001139999997, ""utilization_ratio"": 0.8320750284999999}]",Primary rolling range uses under 25% of old Y-axis; raw/global/domain scale dominates,Scale only finite displayed rolling series; exterior legend; readable count panel; 300 dpi,True,analysis/moving_averages/figures/emotion_grief/overall_full_scale.png,15,Y-axis follows displayed 12-month means; classifier scores range 0–1. Raw monthly context: 15 values outside view.,True,src/moving_average_figures.py,False,zero to 1.08 × maximum qualifying raw mean across overall and ALL genres; capped at 1.02; floor 0.005,0.001649587884,0.004977887998,0,0.019375001658,0.17178321699,,reviewed by family; no unresolved presentation issue
analysis/moving_averages/figures/emotion_grief/overall_full_scale.png,moving_average_overall,equal-weight/rank-weighted rolling means; full-domain reference,y,linear,0.001649587884,0.004977887998,0.003328300114,0,1,1,0.003328300114,"[{""axis_max"": 1.0, ""axis_min"": 0.0, ""axis_span"": 1.0, ""primary_max"": 0.004977887998, ""primary_min"": 0.001649587884, ""primary_span"": 0.0033283001139999997, ""utilization_ratio"": 0.0033283001139999997}]",,Full-domain companion preserves every qualifying raw monthly value,False,,0,,True,src/moving_average_figures.py,True,New companion reference,,,,,,,intentional full-scale reference
analysis/moving_averages/figures/emotion_grief/pop.png,moving_average_individual_genre,equal-weight 12-month mean; rank-weighted 12-month sensitivity,y,linear,0.001771699962,0.006625281928,0.004853581966,0.0013,0.0071,0.0058,0.836824476897,"[{""axis_max"": 0.0071, ""axis_min"": 0.0013000000000000002, ""axis_span"": 0.0058000000000000005, ""primary_max"": 0.006625281928, ""primary_min"": 0.001771699962, ""primary_span"": 0.004853581966, ""utilization_ratio"": 0.8368244768965516}]",Primary rolling range uses 25–50% of old Y-axis; reviewed against raw/global scale,Scale only finite displayed rolling series; exterior legend; readable count panel; 300 dpi,True,analysis/moving_averages/figures/emotion_grief/pop_full_scale.png,10,Y-axis follows displayed 12-month means; classifier scores range 0–1. Raw monthly context: 10 values outside view.,True,src/moving_average_figures.py,False,zero to 1.08 × maximum qualifying raw mean across overall and ALL genres; capped at 1.02; floor 0.005,0.001771699962,0.006625281928,0,0.019375001658,0.250507434873,,reviewed by family; no unresolved presentation issue
analysis/moving_averages/figures/emotion_grief/pop_full_scale.png,moving_average_individual_genre,equal-weight/rank-weighted rolling means; full-domain reference,y,linear,0.001771699962,0.006625281928,0.004853581966,0,1,1,0.004853581966,"[{""axis_max"": 1.0, ""axis_min"": 0.0, ""axis_span"": 1.0, ""primary_max"": 0.006625281928, ""primary_min"": 0.001771699962, ""primary_span"": 0.004853581966, ""utilization_ratio"": 0.004853581966}]",,Full-domain companion preserves every qualifying raw monthly value,False,,0,,True,src/moving_average_figures.py,True,New companion reference,,,,,,,intentional full-scale reference
analysis/moving_averages/figures/emotion_grief/r_b_soul.png,moving_average_individual_genre,equal-weight 12-month mean; rank-weighted 12-month sensitivity,y,linear,0.0008458852479,0.006300082299,0.0054541970511,0.0004,0.0068,0.0064,0.852218289234,"[{""axis_max"": 0.0068000000000000005, ""axis_min"": 0.0004, ""axis_span"": 0.0064, ""primary_max"": 0.006300082299, ""primary_min"": 0.0008458852479, ""primary_span"": 0.0054541970511, ""utilization_ratio"": 0.8522182892343749}]",Primary rolling range uses 25–50% of old Y-axis; reviewed against raw/global scale,Scale only finite displayed rolling series; exterior legend; readable count panel; 300 dpi,True,analysis/moving_averages/figures/emotion_grief/r_b_soul_full_scale.png,18,Y-axis follows displayed 12-month means; classifier scores range 0–1. Raw monthly context: 18 values outside view.,True,src/moving_average_figures.py,False,zero to 1.08 × maximum qualifying raw mean across overall and ALL genres; capped at 1.02; floor 0.005,0.0008458852479,0.006300082299,0,0.019375001658,0.281506920483,,reviewed by family; no unresolved presentation issue
analysis/moving_averages/figures/emotion_grief/r_b_soul_full_scale.png,moving_average_individual_genre,equal-weight/rank-weighted rolling means; full-domain reference,y,linear,0.0008458852479,0.006300082299,0.0054541970511,0,1,1,0.0054541970511,"[{""axis_max"": 1.0, ""axis_min"": 0.0, ""axis_span"": 1.0, ""primary_max"": 0.006300082299, ""primary_min"": 0.0008458852479, ""primary_span"": 0.0054541970511, ""utilization_ratio"": 0.0054541970511}]",,Full-domain companion preserves every qualifying raw monthly value,False,,0,,True,src/moving_average_figures.py,True,New companion reference,,,,,,,intentional full-scale reference
analysis/moving_averages/figures/emotion_grief/rank_sensitivity.png,moving_average_rank_sensitivity,equal-weight 12-month mean; rank-weighted 12-month sensitivity,y,linear,0.001649587884,0.005237634506,0.003588046622,0.0013,0.0056,0.0043,0.834429446977,"[{""axis_max"": 0.0056, ""axis_min"": 0.0013000000000000002, ""axis_span"": 0.0043, ""primary_max"": 0.005237634506, ""primary_min"": 0.001649587884, ""primary_span"": 0.0035880466220000002, ""utilization_ratio"": 0.8344294469767443}]",Primary rolling range uses under 25% of old Y-axis; raw/global/domain scale dominates,Scale only finite displayed rolling series; exterior legend; readable count panel; 300 dpi,False,,0,Y-axis follows displayed 12-month means; classifier scores range 0–1.,True,src/moving_average_figures.py,False,zero to 1.08 × maximum qualifying raw mean across overall and ALL genres; capped at 1.02; floor 0.005,0.001649587884,0.005237634506,0,0.019375001658,0.185189487224,,reviewed by family; no unresolved presentation issue
analysis/moving_averages/figures/emotion_grief/rock.png,moving_average_individual_genre,equal-weight 12-month mean; rank-weighted 12-month sensitivity,y,linear,0.001378272176,0.006287437392,0.004909165216,0.0009,0.0067,0.0058,0.846407795862,"[{""axis_max"": 0.0067, ""axis_min"": 0.0009000000000000001, ""axis_span"": 0.0058000000000000005, ""primary_max"": 0.006287437392, ""primary_min"": 0.001378272176, ""primary_span"": 0.004909165216, ""utilization_ratio"": 0.8464077958620689}]",Primary rolling range uses 25–50% of old Y-axis; reviewed against raw/global scale,Scale only finite displayed rolling series; exterior legend; readable count panel; 300 dpi,True,analysis/moving_averages/figures/emotion_grief/rock_full_scale.png,11,Y-axis follows displayed 12-month means; classifier scores range 0–1. Raw monthly context: 11 values outside view.,True,src/moving_average_figures.py,False,zero to 1.08 × maximum qualifying raw mean across overall and ALL genres; capped at 1.02; floor 0.005,0.001378272176,0.006287437392,0,0.019375001658,0.25337624753,,reviewed by family; no unresolved presentation issue
analysis/moving_averages/figures/emotion_grief/rock_full_scale.png,moving_average_individual_genre,equal-weight/rank-weighted rolling means; full-domain reference,y,linear,0.001378272176,0.006287437392,0.004909165216,0,1,1,0.004909165216,"[{""axis_max"": 1.0, ""axis_min"": 0.0, ""axis_span"": 1.0, ""primary_max"": 0.006287437392, ""primary_min"": 0.001378272176, ""primary_span"": 0.004909165216, ""utilization_ratio"": 0.004909165216}]",,Full-domain companion preserves every qualifying raw monthly value,False,,0,,True,src/moving_average_figures.py,True,New companion reference,,,,,,,intentional full-scale reference
analysis/moving_averages/figures/emotion_joy/alternative_indie.png,moving_average_individual_genre,equal-weight 12-month mean; rank-weighted 12-month sensitivity,y,linear,0.0074031748,0.1077654338,0.100362259,0,0.12,0.12,0.836352158333,"[{""axis_max"": 0.12, ""axis_min"": 0.0, ""axis_span"": 0.12, ""primary_max"": 0.1077654338, ""primary_min"": 0.0074031748, ""primary_span"": 0.10036225900000001, ""utilization_ratio"": 0.8363521583333334}]",Primary rolling range uses 25–50% of old Y-axis; reviewed against raw/global scale,Scale only finite displayed rolling series; exterior legend; readable count panel; 300 dpi,True,analysis/moving_averages/figures/emotion_joy/alternative_indie_full_scale.png,7,Y-axis follows displayed 12-month means; classifier scores range 0–1. Raw monthly context: 7 values outside view.,True,src/moving_average_figures.py,False,zero to 1.08 × maximum qualifying raw mean across overall and ALL genres; capped at 1.02; floor 0.005,0.0074031748,0.1077654338,0,0.304613992224,0.329473568391,,reviewed by family; no unresolved presentation issue
analysis/moving_averages/figures/emotion_joy/alternative_indie_full_scale.png,moving_average_individual_genre,equal-weight/rank-weighted rolling means; full-domain reference,y,linear,0.0074031748,0.1077654338,0.100362259,0,1,1,0.100362259,"[{""axis_max"": 1.0, ""axis_min"": 0.0, ""axis_span"": 1.0, ""primary_max"": 0.1077654338, ""primary_min"": 0.0074031748, ""primary_span"": 0.10036225900000001, ""utilization_ratio"": 0.10036225900000001}]",,Full-domain companion preserves every qualifying raw monthly value,False,,0,,True,src/moving_average_figures.py,True,New companion reference,,,,,,,intentional full-scale reference
analysis/moving_averages/figures/emotion_joy/country.png,moving_average_individual_genre,equal-weight 12-month mean; rank-weighted 12-month sensitivity,y,linear,0.01349835702,0.09655564137,0.08305728435,0.006,0.104,0.098,0.847523309694,"[{""axis_max"": 0.10400000000000001, ""axis_min"": 0.006, ""axis_span"": 0.098, ""primary_max"": 0.09655564137, ""primary_min"": 0.01349835702, ""primary_span"": 0.08305728435, ""utilization_ratio"": 0.8475233096938775}]",Primary rolling range uses 25–50% of old Y-axis; reviewed against raw/global scale,Scale only finite displayed rolling series; exterior legend; readable count panel; 300 dpi,True,analysis/moving_averages/figures/emotion_joy/country_full_scale.png,32,Y-axis follows displayed 12-month means; classifier scores range 0–1. Raw monthly context: 32 values outside view.,True,src/moving_average_figures.py,False,zero to 1.08 × maximum qualifying raw mean across overall and ALL genres; capped at 1.02; floor 0.005,0.01349835702,0.09655564137,0,0.304613992224,0.272664048501,,reviewed by family; no unresolved presentation issue
analysis/moving_averages/figures/emotion_joy/country_full_scale.png,moving_average_individual_genre,equal-weight/rank-weighted rolling means; full-domain reference,y,linear,0.01349835702,0.09655564137,0.08305728435,0,1,1,0.08305728435,"[{""axis_max"": 1.0, ""axis_min"": 0.0, ""axis_span"": 1.0, ""primary_max"": 0.09655564137, ""primary_min"": 0.01349835702, ""primary_span"": 0.08305728435, ""utilization_ratio"": 0.08305728435}]",,Full-domain companion preserves every qualifying raw monthly value,False,,0,,True,src/moving_average_figures.py,True,New companion reference,,,,,,,intentional full-scale reference
analysis/moving_averages/figures/emotion_joy/electronic_dance.png,moving_average_individual_genre,equal-weight 12-month mean; rank-weighted 12-month sensitivity,y,linear,0.008457751351,0.1264221571,0.117964405749,0,0.14,0.14,0.842602898207,"[{""axis_max"": 0.14, ""axis_min"": 0.0, ""axis_span"": 0.14, ""primary_max"": 0.1264221571, ""primary_min"": 0.008457751351, ""primary_span"": 0.117964405749, ""utilization_ratio"": 0.8426028982071427}]",Primary rolling range uses 25–50% of old Y-axis; reviewed against raw/global scale,Scale only finite displayed rolling series; exterior legend; readable count panel; 300 dpi,True,analysis/moving_averages/figures/emotion_joy/electronic_dance_full_scale.png,6,Y-axis follows displayed 12-month means; classifier scores range 0–1. Raw monthly context: 6 values outside view.,True,src/moving_average_figures.py,False,zero to 1.08 × maximum qualifying raw mean across overall and ALL genres; capped at 1.02; floor 0.005,0.008457751351,0.1264221571,0,0.304613992224,0.387258657712,,reviewed by family; no unresolved presentation issue
analysis/moving_averages/figures/emotion_joy/electronic_dance_full_scale.png,moving_average_individual_genre,equal-weight/rank-weighted rolling means; full-domain reference,y,linear,0.008457751351,0.1264221571,0.117964405749,0,1,1,0.117964405749,"[{""axis_max"": 1.0, ""axis_min"": 0.0, ""axis_span"": 1.0, ""primary_max"": 0.1264221571, ""primary_min"": 0.008457751351, ""primary_span"": 0.117964405749, ""utilization_ratio"": 0.117964405749}]",,Full-domain companion preserves every qualifying raw monthly value,False,,0,,True,src/moving_average_figures.py,True,New companion reference,,,,,,,intentional full-scale reference
analysis/moving_averages/figures/emotion_joy/hip_hop_rap.png,moving_average_individual_genre,equal-weight 12-month mean; rank-weighted 12-month sensitivity,y,linear,0.004604053704,0.05647550179,0.051871448086,0,0.061,0.061,0.850351607967,"[{""axis_max"": 0.061, ""axis_min"": 0.0, ""axis_span"": 0.061, ""primary_max"": 0.05647550179, ""primary_min"": 0.004604053704, ""primary_span"": 0.051871448086, ""utilization_ratio"": 0.8503516079672131}]",Primary rolling range uses under 25% of old Y-axis; raw/global/domain scale dominates,Scale only finite displayed rolling series; exterior legend; readable count panel; 300 dpi,True,analysis/moving_averages/figures/emotion_joy/hip_hop_rap_full_scale.png,9,Y-axis follows displayed 12-month means; classifier scores range 0–1. Raw monthly context: 9 values outside view.,True,src/moving_average_figures.py,False,zero to 1.08 × maximum qualifying raw mean across overall and ALL genres; capped at 1.02; floor 0.005,0.004604053704,0.05647550179,0,0.304613992224,0.170285835221,,reviewed by family; no unresolved presentation issue
analysis/moving_averages/figures/emotion_joy/hip_hop_rap_full_scale.png,moving_average_individual_genre,equal-weight/rank-weighted rolling means; full-domain reference,y,linear,0.004604053704,0.05647550179,0.051871448086,0,1,1,0.051871448086,"[{""axis_max"": 1.0, ""axis_min"": 0.0, ""axis_span"": 1.0, ""primary_max"": 0.05647550179, ""primary_min"": 0.004604053704, ""primary_span"": 0.051871448086, ""utilization_ratio"": 0.051871448086}]",,Full-domain companion preserves every qualifying raw monthly value,False,,0,,True,src/moving_average_figures.py,True,New companion reference,,,,,,,intentional full-scale reference
analysis/moving_averages/figures/emotion_joy/major_genres.png,moving_average_major_genres,equal-weight 12-month mean,y,linear,0.005050426861,0.09133202958,0.086281602719,0,0.099,0.099,0.871531340596,"[{""axis_max"": 0.099, ""axis_min"": 0.0, ""axis_span"": 0.099, ""primary_max"": 0.09133202958, ""primary_min"": 0.005050426861, ""primary_span"": 0.086281602719, ""utilization_ratio"": 0.8715313405959595}]",Primary rolling range uses 25–50% of old Y-axis; reviewed against raw/global scale,Scale only finite displayed rolling series; exterior legend; readable count panel; 300 dpi,False,,0,Y-axis follows displayed 12-month means; classifier scores range 0–1.,True,src/moving_average_figures.py,False,zero to 1.08 × maximum qualifying raw mean across overall and ALL genres; capped at 1.02; floor 0.005,0.005050426861,0.09133202958,0,0.304613992224,0.28324898042,,reviewed by family; no unresolved presentation issue
analysis/moving_averages/figures/emotion_joy/overall.png,moving_average_overall,equal-weight 12-month mean,y,linear,0.01780853532,0.06092950547,0.04312097015,0.014,0.065,0.051,0.845509218627,"[{""axis_max"": 0.065, ""axis_min"": 0.014, ""axis_span"": 0.051000000000000004, ""primary_max"": 0.06092950547, ""primary_min"": 0.01780853532, ""primary_span"": 0.04312097015, ""utilization_ratio"": 0.8455092186274509}]",Primary rolling range uses under 25% of old Y-axis; raw/global/domain scale dominates,Scale only finite displayed rolling series; exterior legend; readable count panel; 300 dpi,True,analysis/moving_averages/figures/emotion_joy/overall_full_scale.png,45,Y-axis follows displayed 12-month means; classifier scores range 0–1. Raw monthly context: 45 values outside view.,True,src/moving_average_figures.py,False,zero to 1.08 × maximum qualifying raw mean across overall and ALL genres; capped at 1.02; floor 0.005,0.01780853532,0.06092950547,0,0.304613992224,0.141559387457,,reviewed by family; no unresolved presentation issue
analysis/moving_averages/figures/emotion_joy/overall_full_scale.png,moving_average_overall,equal-weight/rank-weighted rolling means; full-domain reference,y,linear,0.01780853532,0.06092950547,0.04312097015,0,1,1,0.04312097015,"[{""axis_max"": 1.0, ""axis_min"": 0.0, ""axis_span"": 1.0, ""primary_max"": 0.06092950547, ""primary_min"": 0.01780853532, ""primary_span"": 0.04312097015, ""utilization_ratio"": 0.04312097015}]",,Full-domain companion preserves every qualifying raw monthly value,False,,0,,True,src/moving_average_figures.py,True,New companion reference,,,,,,,intentional full-scale reference
analysis/moving_averages/figures/emotion_joy/pop.png,moving_average_individual_genre,equal-weight 12-month mean; rank-weighted 12-month sensitivity,y,linear,0.01113632749,0.08527449088,0.07413816339,0.005,0.092,0.087,0.852162797586,"[{""axis_max"": 0.092, ""axis_min"": 0.005, ""axis_span"": 0.087, ""primary_max"": 0.08527449088, ""primary_min"": 0.01113632749, ""primary_span"": 0.07413816339, ""utilization_ratio"": 0.8521627975862069}]",Primary rolling range uses under 25% of old Y-axis; raw/global/domain scale dominates,Scale only finite displayed rolling series; exterior legend; readable count panel; 300 dpi,True,analysis/moving_averages/figures/emotion_joy/pop_full_scale.png,24,Y-axis follows displayed 12-month means; classifier scores range 0–1. Raw monthly context: 24 values outside view.,True,src/moving_average_figures.py,False,zero to 1.08 × maximum qualifying raw mean across overall and ALL genres; capped at 1.02; floor 0.005,0.01113632749,0.08527449088,0,0.304613992224,0.243383972117,,reviewed by family; no unresolved presentation issue
analysis/moving_averages/figures/emotion_joy/pop_full_scale.png,moving_average_individual_genre,equal-weight/rank-weighted rolling means; full-domain reference,y,linear,0.01113632749,0.08527449088,0.07413816339,0,1,1,0.07413816339,"[{""axis_max"": 1.0, ""axis_min"": 0.0, ""axis_span"": 1.0, ""primary_max"": 0.08527449088, ""primary_min"": 0.01113632749, ""primary_span"": 0.07413816339, ""utilization_ratio"": 0.07413816339}]",,Full-domain companion preserves every qualifying raw monthly value,False,,0,,True,src/moving_average_figures.py,True,New companion reference,,,,,,,intentional full-scale reference
analysis/moving_averages/figures/emotion_joy/r_b_soul.png,moving_average_individual_genre,equal-weight 12-month mean; rank-weighted 12-month sensitivity,y,linear,0.008182721805,0.09410043212,0.085917710315,0.001,0.101,0.1,0.85917710315,"[{""axis_max"": 0.101, ""axis_min"": 0.001, ""axis_span"": 0.1, ""primary_max"": 0.09410043212, ""primary_min"": 0.008182721805, ""primary_span"": 0.08591771031499999, ""utilization_ratio"": 0.8591771031499998}]",Primary rolling range uses 25–50% of old Y-axis; reviewed against raw/global scale,Scale only finite displayed rolling series; exterior legend; readable count panel; 300 dpi,True,analysis/moving_averages/figures/emotion_joy/r_b_soul_full_scale.png,27,Y-axis follows displayed 12-month means; classifier scores range 0–1. Raw monthly context: 27 values outside view.,True,src/moving_average_figures.py,False,zero to 1.08 × maximum qualifying raw mean across overall and ALL genres; capped at 1.02; floor 0.005,0.008182721805,0.09410043212,0,0.304613992224,0.282054378683,,reviewed by family; no unresolved presentation issue
analysis/moving_averages/figures/emotion_joy/r_b_soul_full_scale.png,moving_average_individual_genre,equal-weight/rank-weighted rolling means; full-domain reference,y,linear,0.008182721805,0.09410043212,0.085917710315,0,1,1,0.085917710315,"[{""axis_max"": 1.0, ""axis_min"": 0.0, ""axis_span"": 1.0, ""primary_max"": 0.09410043212, ""primary_min"": 0.008182721805, ""primary_span"": 0.08591771031499999, ""utilization_ratio"": 0.08591771031499999}]",,Full-domain companion preserves every qualifying raw monthly value,False,,0,,True,src/moving_average_figures.py,True,New companion reference,,,,,,,intentional full-scale reference
analysis/moving_averages/figures/emotion_joy/rank_sensitivity.png,moving_average_rank_sensitivity,equal-weight 12-month mean; rank-weighted 12-month sensitivity,y,linear,0.01780853532,0.06298469716,0.04517616184,0.014,0.067,0.053,0.852380412075,"[{""axis_max"": 0.067, ""axis_min"": 0.014, ""axis_span"": 0.053000000000000005, ""primary_max"": 0.06298469716, ""primary_min"": 0.01780853532, ""primary_span"": 0.045176161840000006, ""utilization_ratio"": 0.8523804120754718}]",Primary rolling range uses under 25% of old Y-axis; raw/global/domain scale dominates,Scale only finite displayed rolling series; exterior legend; readable count panel; 300 dpi,False,,0,Y-axis follows displayed 12-month means; classifier scores range 0–1.,True,src/moving_average_figures.py,False,zero to 1.08 × maximum qualifying raw mean across overall and ALL genres; capped at 1.02; floor 0.005,0.01780853532,0.06298469716,0,0.304613992224,0.148306259703,,reviewed by family; no unresolved presentation issue
analysis/moving_averages/figures/emotion_joy/rock.png,moving_average_individual_genre,equal-weight 12-month mean; rank-weighted 12-month sensitivity,y,linear,0.004870215215,0.09776613605,0.092895920835,0,0.11,0.11,0.844508371227,"[{""axis_max"": 0.11, ""axis_min"": 0.0, ""axis_span"": 0.11, ""primary_max"": 0.09776613605, ""primary_min"": 0.004870215215, ""primary_span"": 0.09289592083499999, ""utilization_ratio"": 0.8445083712272726}]",Primary rolling range uses 25–50% of old Y-axis; reviewed against raw/global scale,Scale only finite displayed rolling series; exterior legend; readable count panel; 300 dpi,True,analysis/moving_averages/figures/emotion_joy/rock_full_scale.png,14,Y-axis follows displayed 12-month means; classifier scores range 0–1. Raw monthly context: 14 values outside view.,True,src/moving_average_figures.py,False,zero to 1.08 × maximum qualifying raw mean across overall and ALL genres; capped at 1.02; floor 0.005,0.004870215215,0.09776613605,0,0.304613992224,0.304962750256,,reviewed by family; no unresolved presentation issue
analysis/moving_averages/figures/emotion_joy/rock_full_scale.png,moving_average_individual_genre,equal-weight/rank-weighted rolling means; full-domain reference,y,linear,0.004870215215,0.09776613605,0.092895920835,0,1,1,0.092895920835,"[{""axis_max"": 1.0, ""axis_min"": 0.0, ""axis_span"": 1.0, ""primary_max"": 0.09776613605, ""primary_min"": 0.004870215215, ""primary_span"": 0.09289592083499999, ""utilization_ratio"": 0.09289592083499999}]",,Full-domain companion preserves every qualifying raw monthly value,False,,0,,True,src/moving_average_figures.py,True,New companion reference,,,,,,,intentional full-scale reference
analysis/moving_averages/figures/emotion_love/alternative_indie.png,moving_average_individual_genre,equal-weight 12-month mean; rank-weighted 12-month sensitivity,y,linear,0.004815369668,0.1164228961,0.111607526432,0,0.13,0.13,0.858519434092,"[{""axis_max"": 0.13, ""axis_min"": 0.0, ""axis_span"": 0.13, ""primary_max"": 0.1164228961, ""primary_min"": 0.004815369668, ""primary_span"": 0.111607526432, ""utilization_ratio"": 0.8585194340923077}]",Primary rolling range uses under 25% of old Y-axis; raw/global/domain scale dominates,Scale only finite displayed rolling series; exterior legend; readable count panel; 300 dpi,True,analysis/moving_averages/figures/emotion_love/alternative_indie_full_scale.png,62,Y-axis follows displayed 12-month means; classifier scores range 0–1. Raw monthly context: 62 values outside view.,True,src/moving_average_figures.py,False,zero to 1.08 × maximum qualifying raw mean across overall and ALL genres; capped at 1.02; floor 0.005,0.004815369668,0.1164228961,0,0.806413455108,0.138399881258,,reviewed by family; no unresolved presentation issue
analysis/moving_averages/figures/emotion_love/alternative_indie_full_scale.png,moving_average_individual_genre,equal-weight/rank-weighted rolling means; full-domain reference,y,linear,0.004815369668,0.1164228961,0.111607526432,0,1,1,0.111607526432,"[{""axis_max"": 1.0, ""axis_min"": 0.0, ""axis_span"": 1.0, ""primary_max"": 0.1164228961, ""primary_min"": 0.004815369668, ""primary_span"": 0.111607526432, ""utilization_ratio"": 0.111607526432}]",,Full-domain companion preserves every qualifying raw monthly value,False,,0,,True,src/moving_average_figures.py,True,New companion reference,,,,,,,intentional full-scale reference
analysis/moving_averages/figures/emotion_love/country.png,moving_average_individual_genre,equal-weight 12-month mean; rank-weighted 12-month sensitivity,y,linear,0.04394717956,0.3755390914,0.33159191184,0.01,0.41,0.4,0.8289797796,"[{""axis_max"": 0.41000000000000003, ""axis_min"": 0.01, ""axis_span"": 0.4, ""primary_max"": 0.3755390914, ""primary_min"": 0.04394717956, ""primary_span"": 0.33159191184000003, ""utilization_ratio"": 0.8289797796}]",Primary rolling range uses 25–50% of old Y-axis; reviewed against raw/global scale,Scale only finite displayed rolling series; exterior legend; readable count panel; 300 dpi,True,analysis/moving_averages/figures/emotion_love/country_full_scale.png,28,Y-axis follows displayed 12-month means; classifier scores range 0–1. Raw monthly context: 28 values outside view.,True,src/moving_average_figures.py,False,zero to 1.08 × maximum qualifying raw mean across overall and ALL genres; capped at 1.02; floor 0.005,0.04394717956,0.3755390914,0,0.806413455108,0.411193426572,,reviewed by family; no unresolved presentation issue
analysis/moving_averages/figures/emotion_love/country_full_scale.png,moving_average_individual_genre,equal-weight/rank-weighted rolling means; full-domain reference,y,linear,0.04394717956,0.3755390914,0.33159191184,0,1,1,0.33159191184,"[{""axis_max"": 1.0, ""axis_min"": 0.0, ""axis_span"": 1.0, ""primary_max"": 0.3755390914, ""primary_min"": 0.04394717956, ""primary_span"": 0.33159191184000003, ""utilization_ratio"": 0.33159191184000003}]",,Full-domain companion preserves every qualifying raw monthly value,False,,0,,True,src/moving_average_figures.py,True,New companion reference,,,,,,,intentional full-scale reference
analysis/moving_averages/figures/emotion_love/electronic_dance.png,moving_average_individual_genre,equal-weight 12-month mean; rank-weighted 12-month sensitivity,y,linear,0.0692505544,0.359718221,0.2904676666,0.04,0.39,0.35,0.829907618857,"[{""axis_max"": 0.39, ""axis_min"": 0.04, ""axis_span"": 0.35000000000000003, ""primary_max"": 0.359718221, ""primary_min"": 0.0692505544, ""primary_span"": 0.2904676666, ""utilization_ratio"": 0.8299076188571428}]",Primary rolling range uses 25–50% of old Y-axis; reviewed against raw/global scale,Scale only finite displayed rolling series; exterior legend; readable count panel; 300 dpi,True,analysis/moving_averages/figures/emotion_love/electronic_dance_full_scale.png,55,Y-axis follows displayed 12-month means; classifier scores range 0–1. Raw monthly context: 55 values outside view.,True,src/moving_average_figures.py,False,zero to 1.08 × maximum qualifying raw mean across overall and ALL genres; capped at 1.02; floor 0.005,0.0692505544,0.359718221,0,0.806413455108,0.360196949543,,reviewed by family; no unresolved presentation issue
analysis/moving_averages/figures/emotion_love/electronic_dance_full_scale.png,moving_average_individual_genre,equal-weight/rank-weighted rolling means; full-domain reference,y,linear,0.0692505544,0.359718221,0.2904676666,0,1,1,0.2904676666,"[{""axis_max"": 1.0, ""axis_min"": 0.0, ""axis_span"": 1.0, ""primary_max"": 0.359718221, ""primary_min"": 0.0692505544, ""primary_span"": 0.2904676666, ""utilization_ratio"": 0.2904676666}]",,Full-domain companion preserves every qualifying raw monthly value,False,,0,,True,src/moving_average_figures.py,True,New companion reference,,,,,,,intentional full-scale reference
analysis/moving_averages/figures/emotion_love/hip_hop_rap.png,moving_average_individual_genre,equal-weight 12-month mean; rank-weighted 12-month sensitivity,y,linear,0.01318884436,0.2357344338,0.22254558944,0,0.26,0.26,0.855944574769,"[{""axis_max"": 0.26, ""axis_min"": 0.0, ""axis_span"": 0.26, ""primary_max"": 0.2357344338, ""primary_min"": 0.01318884436, ""primary_span"": 0.22254558944, ""utilization_ratio"": 0.8559445747692307}]",Primary rolling range uses 25–50% of old Y-axis; reviewed against raw/global scale,Scale only finite displayed rolling series; exterior legend; readable count panel; 300 dpi,True,analysis/moving_averages/figures/emotion_love/hip_hop_rap_full_scale.png,4,Y-axis follows displayed 12-month means; classifier scores range 0–1. Raw monthly context: 4 values outside view.,True,src/moving_average_figures.py,False,zero to 1.08 × maximum qualifying raw mean across overall and ALL genres; capped at 1.02; floor 0.005,0.01318884436,0.2357344338,0,0.806413455108,0.275969588591,,reviewed by family; no unresolved presentation issue
analysis/moving_averages/figures/emotion_love/hip_hop_rap_full_scale.png,moving_average_individual_genre,equal-weight/rank-weighted rolling means; full-domain reference,y,linear,0.01318884436,0.2357344338,0.22254558944,0,1,1,0.22254558944,"[{""axis_max"": 1.0, ""axis_min"": 0.0, ""axis_span"": 1.0, ""primary_max"": 0.2357344338, ""primary_min"": 0.01318884436, ""primary_span"": 0.22254558944, ""utilization_ratio"": 0.22254558944}]",,Full-domain companion preserves every qualifying raw monthly value,False,,0,,True,src/moving_average_figures.py,True,New companion reference,,,,,,,intentional full-scale reference
analysis/moving_averages/figures/emotion_love/major_genres.png,moving_average_major_genres,equal-weight 12-month mean,y,linear,0.01566844382,0.485558606,0.46989016218,0,0.53,0.53,0.88658521166,"[{""axis_max"": 0.53, ""axis_min"": 0.0, ""axis_span"": 0.53, ""primary_max"": 0.485558606, ""primary_min"": 0.01566844382, ""primary_span"": 0.46989016218, ""utilization_ratio"": 0.8865852116603773}]",,Scale only finite displayed rolling series; exterior legend; readable count panel; 300 dpi,False,,0,Y-axis follows displayed 12-month means; classifier scores range 0–1.,True,src/moving_average_figures.py,False,zero to 1.08 × maximum qualifying raw mean across overall and ALL genres; capped at 1.02; floor 0.005,0.01566844382,0.485558606,0,0.806413455108,0.582691371534,,reviewed by family; no unresolved presentation issue
analysis/moving_averages/figures/emotion_love/overall.png,moving_average_overall,equal-weight 12-month mean,y,linear,0.09125565007,0.3345153299,0.24325967983,0.07,0.36,0.29,0.838826482172,"[{""axis_max"": 0.36, ""axis_min"": 0.07, ""axis_span"": 0.29, ""primary_max"": 0.3345153299, ""primary_min"": 0.09125565007, ""primary_span"": 0.24325967983, ""utilization_ratio"": 0.8388264821724138}]",Primary rolling range uses 25–50% of old Y-axis; reviewed against raw/global scale,Scale only finite displayed rolling series; exterior legend; readable count panel; 300 dpi,True,analysis/moving_averages/figures/emotion_love/overall_full_scale.png,10,Y-axis follows displayed 12-month means; classifier scores range 0–1. Raw monthly context: 10 values outside view.,True,src/moving_average_figures.py,False,zero to 1.08 × maximum qualifying raw mean across overall and ALL genres; capped at 1.02; floor 0.005,0.09125565007,0.3345153299,0,0.806413455108,0.301656276057,,reviewed by family; no unresolved presentation issue
analysis/moving_averages/figures/emotion_love/overall_full_scale.png,moving_average_overall,equal-weight/rank-weighted rolling means; full-domain reference,y,linear,0.09125565007,0.3345153299,0.24325967983,0,1,1,0.24325967983,"[{""axis_max"": 1.0, ""axis_min"": 0.0, ""axis_span"": 1.0, ""primary_max"": 0.3345153299, ""primary_min"": 0.09125565007, ""primary_span"": 0.24325967983, ""utilization_ratio"": 0.24325967983}]",,Full-domain companion preserves every qualifying raw monthly value,False,,0,,True,src/moving_average_figures.py,True,New companion reference,,,,,,,intentional full-scale reference
analysis/moving_averages/figures/emotion_love/pop.png,moving_average_individual_genre,equal-weight 12-month mean; rank-weighted 12-month sensitivity,y,linear,0.0581575142,0.3892527005,0.3310951863,0.03,0.42,0.39,0.848962016154,"[{""axis_max"": 0.42, ""axis_min"": 0.03, ""axis_span"": 0.39, ""primary_max"": 0.3892527005, ""primary_min"": 0.0581575142, ""primary_span"": 0.3310951863, ""utilization_ratio"": 0.8489620161538461}]",Primary rolling range uses 25–50% of old Y-axis; reviewed against raw/global scale,Scale only finite displayed rolling series; exterior legend; readable count panel; 300 dpi,True,analysis/moving_averages/figures/emotion_love/pop_full_scale.png,24,Y-axis follows displayed 12-month means; classifier scores range 0–1. Raw monthly context: 24 values outside view.,True,src/moving_average_figures.py,False,zero to 1.08 × maximum qualifying raw mean across overall and ALL genres; capped at 1.02; floor 0.005,0.0581575142,0.3892527005,0,0.806413455108,0.410577457758,,reviewed by family; no unresolved presentation issue
analysis/moving_averages/figures/emotion_love/pop_full_scale.png,moving_average_individual_genre,equal-weight/rank-weighted rolling means; full-domain reference,y,linear,0.0581575142,0.3892527005,0.3310951863,0,1,1,0.3310951863,"[{""axis_max"": 1.0, ""axis_min"": 0.0, ""axis_span"": 1.0, ""primary_max"": 0.3892527005, ""primary_min"": 0.0581575142, ""primary_span"": 0.3310951863, ""utilization_ratio"": 0.3310951863}]",,Full-domain companion preserves every qualifying raw monthly value,False,,0,,True,src/moving_average_figures.py,True,New companion reference,,,,,,,intentional full-scale reference
analysis/moving_averages/figures/emotion_love/r_b_soul.png,moving_average_individual_genre,equal-weight 12-month mean; rank-weighted 12-month sensitivity,y,linear,0.1065423702,0.5482329537,0.4416905835,0.07,0.59,0.52,0.849404968269,"[{""axis_max"": 0.59, ""axis_min"": 0.07, ""axis_span"": 0.52, ""primary_max"": 0.5482329537, ""primary_min"": 0.1065423702, ""primary_span"": 0.4416905835, ""utilization_ratio"": 0.8494049682692307}]",,Scale only finite displayed rolling series; exterior legend; readable count panel; 300 dpi,True,analysis/moving_averages/figures/emotion_love/r_b_soul_full_scale.png,27,Y-axis follows displayed 12-month means; classifier scores range 0–1. Raw monthly context: 27 values outside view.,True,src/moving_average_figures.py,False,zero to 1.08 × maximum qualifying raw mean across overall and ALL genres; capped at 1.02; floor 0.005,0.1065423702,0.5482329537,0,0.806413455108,0.547722239383,,reviewed by family; no unresolved presentation issue
analysis/moving_averages/figures/emotion_love/r_b_soul_full_scale.png,moving_average_individual_genre,equal-weight/rank-weighted rolling means; full-domain reference,y,linear,0.1065423702,0.5482329537,0.4416905835,0,1,1,0.4416905835,"[{""axis_max"": 1.0, ""axis_min"": 0.0, ""axis_span"": 1.0, ""primary_max"": 0.5482329537, ""primary_min"": 0.1065423702, ""primary_span"": 0.4416905835, ""utilization_ratio"": 0.4416905835}]",,Full-domain companion preserves every qualifying raw monthly value,False,,0,,True,src/moving_average_figures.py,True,New companion reference,,,,,,,intentional full-scale reference
analysis/moving_averages/figures/emotion_love/rank_sensitivity.png,moving_average_rank_sensitivity,equal-weight 12-month mean; rank-weighted 12-month sensitivity,y,linear,0.08803779453,0.3370533864,0.24901559187,0.06,0.36,0.3,0.8300519729,"[{""axis_max"": 0.36, ""axis_min"": 0.06, ""axis_span"": 0.3, ""primary_max"": 0.3370533864, ""primary_min"": 0.08803779453, ""primary_span"": 0.24901559187, ""utilization_ratio"": 0.8300519729}]",Primary rolling range uses 25–50% of old Y-axis; reviewed against raw/global scale,Scale only finite displayed rolling series; exterior legend; readable count panel; 300 dpi,False,,0,Y-axis follows displayed 12-month means; classifier scores range 0–1.,True,src/moving_average_figures.py,False,zero to 1.08 × maximum qualifying raw mean across overall and ALL genres; capped at 1.02; floor 0.005,0.08803779453,0.3370533864,0,0.806413455108,0.30879394471,,reviewed by family; no unresolved presentation issue
analysis/moving_averages/figures/emotion_love/rock.png,moving_average_individual_genre,equal-weight 12-month mean; rank-weighted 12-month sensitivity,y,linear,0.01767871683,0.3054812114,0.28780249457,0,0.33,0.33,0.872128771424,"[{""axis_max"": 0.33, ""axis_min"": 0.0, ""axis_span"": 0.33, ""primary_max"": 0.3054812114, ""primary_min"": 0.01767871683, ""primary_span"": 0.28780249457, ""utilization_ratio"": 0.8721287714242424}]",Primary rolling range uses 25–50% of old Y-axis; reviewed against raw/global scale,Scale only finite displayed rolling series; exterior legend; readable count panel; 300 dpi,True,analysis/moving_averages/figures/emotion_love/rock_full_scale.png,15,Y-axis follows displayed 12-month means; classifier scores range 0–1. Raw monthly context: 15 values outside view.,True,src/moving_average_figures.py,False,zero to 1.08 × maximum qualifying raw mean across overall and ALL genres; capped at 1.02; floor 0.005,0.01767871683,0.3054812114,0,0.806413455108,0.356891979849,,reviewed by family; no unresolved presentation issue
analysis/moving_averages/figures/emotion_love/rock_full_scale.png,moving_average_individual_genre,equal-weight/rank-weighted rolling means; full-domain reference,y,linear,0.01767871683,0.3054812114,0.28780249457,0,1,1,0.28780249457,"[{""axis_max"": 1.0, ""axis_min"": 0.0, ""axis_span"": 1.0, ""primary_max"": 0.3054812114, ""primary_min"": 0.01767871683, ""primary_span"": 0.28780249457, ""utilization_ratio"": 0.28780249457}]",,Full-domain companion preserves every qualifying raw monthly value,False,,0,,True,src/moving_average_figures.py,True,New companion reference,,,,,,,intentional full-scale reference
analysis/moving_averages/figures/emotion_nervousness/alternative_indie.png,moving_average_individual_genre,equal-weight 12-month mean; rank-weighted 12-month sensitivity,y,linear,0.004526261858,0.04544923184,0.040922969982,0.001,0.049,0.048,0.852561874625,"[{""axis_max"": 0.049, ""axis_min"": 0.001, ""axis_span"": 0.048, ""primary_max"": 0.04544923184, ""primary_min"": 0.004526261858, ""primary_span"": 0.040922969982, ""utilization_ratio"": 0.852561874625}]",Primary rolling range uses 25–50% of old Y-axis; reviewed against raw/global scale,Scale only finite displayed rolling series; exterior legend; readable count panel; 300 dpi,True,analysis/moving_averages/figures/emotion_nervousness/alternative_indie_full_scale.png,11,Y-axis follows displayed 12-month means; classifier scores range 0–1. Raw monthly context: 11 values outside view.,True,src/moving_average_figures.py,False,zero to 1.08 × maximum qualifying raw mean across overall and ALL genres; capped at 1.02; floor 0.005,0.004526261858,0.04544923184,0,0.150854281848,0.271274832114,,reviewed by family; no unresolved presentation issue
analysis/moving_averages/figures/emotion_nervousness/alternative_indie_full_scale.png,moving_average_individual_genre,equal-weight/rank-weighted rolling means; full-domain reference,y,linear,0.004526261858,0.04544923184,0.040922969982,0,1,1,0.040922969982,"[{""axis_max"": 1.0, ""axis_min"": 0.0, ""axis_span"": 1.0, ""primary_max"": 0.04544923184, ""primary_min"": 0.004526261858, ""primary_span"": 0.040922969982, ""utilization_ratio"": 0.040922969982}]",,Full-domain companion preserves every qualifying raw monthly value,False,,0,,True,src/moving_average_figures.py,True,New companion reference,,,,,,,intentional full-scale reference
analysis/moving_averages/figures/emotion_nervousness/country.png,moving_average_individual_genre,equal-weight 12-month mean; rank-weighted 12-month sensitivity,y,linear,0.002714081189,0.03703785463,0.034323773441,0,0.04,0.04,0.858094336025,"[{""axis_max"": 0.04, ""axis_min"": 0.0, ""axis_span"": 0.04, ""primary_max"": 0.03703785463, ""primary_min"": 0.002714081189, ""primary_span"": 0.034323773441, ""utilization_ratio"": 0.8580943360250001}]",Primary rolling range uses under 25% of old Y-axis; raw/global/domain scale dominates,Scale only finite displayed rolling series; exterior legend; readable count panel; 300 dpi,True,analysis/moving_averages/figures/emotion_nervousness/country_full_scale.png,4,Y-axis follows displayed 12-month means; classifier scores range 0–1. Raw monthly context: 4 values outside view.,True,src/moving_average_figures.py,False,zero to 1.08 × maximum qualifying raw mean across overall and ALL genres; capped at 1.02; floor 0.005,0.002714081189,0.03703785463,0,0.150854281848,0.227529328439,,reviewed by family; no unresolved presentation issue
analysis/moving_averages/figures/emotion_nervousness/country_full_scale.png,moving_average_individual_genre,equal-weight/rank-weighted rolling means; full-domain reference,y,linear,0.002714081189,0.03703785463,0.034323773441,0,1,1,0.034323773441,"[{""axis_max"": 1.0, ""axis_min"": 0.0, ""axis_span"": 1.0, ""primary_max"": 0.03703785463, ""primary_min"": 0.002714081189, ""primary_span"": 0.034323773441, ""utilization_ratio"": 0.034323773441}]",,Full-domain companion preserves every qualifying raw monthly value,False,,0,,True,src/moving_average_figures.py,True,New companion reference,,,,,,,intentional full-scale reference
analysis/moving_averages/figures/emotion_nervousness/electronic_dance.png,moving_average_individual_genre,equal-weight 12-month mean; rank-weighted 12-month sensitivity,y,linear,0.00330670741,0.02761066483,0.02430395742,0.001,0.03,0.029,0.838067497241,"[{""axis_max"": 0.03, ""axis_min"": 0.001, ""axis_span"": 0.028999999999999998, ""primary_max"": 0.02761066483, ""primary_min"": 0.00330670741, ""primary_span"": 0.02430395742, ""utilization_ratio"": 0.8380674972413794}]",Primary rolling range uses under 25% of old Y-axis; raw/global/domain scale dominates,Scale only finite displayed rolling series; exterior legend; readable count panel; 300 dpi,True,analysis/moving_averages/figures/emotion_nervousness/electronic_dance_full_scale.png,13,Y-axis follows displayed 12-month means; classifier scores range 0–1. Raw monthly context: 13 values outside view.,True,src/moving_average_figures.py,False,zero to 1.08 × maximum qualifying raw mean across overall and ALL genres; capped at 1.02; floor 0.005,0.00330670741,0.02761066483,0,0.150854281848,0.161108833785,,reviewed by family; no unresolved presentation issue
analysis/moving_averages/figures/emotion_nervousness/electronic_dance_full_scale.png,moving_average_individual_genre,equal-weight/rank-weighted rolling means; full-domain reference,y,linear,0.00330670741,0.02761066483,0.02430395742,0,1,1,0.02430395742,"[{""axis_max"": 1.0, ""axis_min"": 0.0, ""axis_span"": 1.0, ""primary_max"": 0.02761066483, ""primary_min"": 0.00330670741, ""primary_span"": 0.02430395742, ""utilization_ratio"": 0.02430395742}]",,Full-domain companion preserves every qualifying raw monthly value,False,,0,,True,src/moving_average_figures.py,True,New companion reference,,,,,,,intentional full-scale reference
analysis/moving_averages/figures/emotion_nervousness/hip_hop_rap.png,moving_average_individual_genre,equal-weight 12-month mean; rank-weighted 12-month sensitivity,y,linear,0.0008960002154,0.02608483959,0.0251888393746,0,0.029,0.029,0.86858066809,"[{""axis_max"": 0.029, ""axis_min"": 0.0, ""axis_span"": 0.029, ""primary_max"": 0.02608483959, ""primary_min"": 0.0008960002154, ""primary_span"": 0.025188839374599998, ""utilization_ratio"": 0.8685806680896551}]",Primary rolling range uses under 25% of old Y-axis; raw/global/domain scale dominates,Scale only finite displayed rolling series; exterior legend; readable count panel; 300 dpi,True,analysis/moving_averages/figures/emotion_nervousness/hip_hop_rap_full_scale.png,4,Y-axis follows displayed 12-month means; classifier scores range 0–1. Raw monthly context: 4 values outside view.,True,src/moving_average_figures.py,False,zero to 1.08 × maximum qualifying raw mean across overall and ALL genres; capped at 1.02; floor 0.005,0.0008960002154,0.02608483959,0,0.150854281848,0.166974639805,,reviewed by family; no unresolved presentation issue
analysis/moving_averages/figures/emotion_nervousness/hip_hop_rap_full_scale.png,moving_average_individual_genre,equal-weight/rank-weighted rolling means; full-domain reference,y,linear,0.0008960002154,0.02608483959,0.0251888393746,0,1,1,0.0251888393746,"[{""axis_max"": 1.0, ""axis_min"": 0.0, ""axis_span"": 1.0, ""primary_max"": 0.02608483959, ""primary_min"": 0.0008960002154, ""primary_span"": 0.025188839374599998, ""utilization_ratio"": 0.025188839374599998}]",,Full-domain companion preserves every qualifying raw monthly value,False,,0,,True,src/moving_average_figures.py,True,New companion reference,,,,,,,intentional full-scale reference
analysis/moving_averages/figures/emotion_nervousness/major_genres.png,moving_average_major_genres,equal-weight 12-month mean,y,linear,0.0009353475319,0.03461617885,0.0336808313181,0,0.038,0.038,0.886337666266,"[{""axis_max"": 0.038, ""axis_min"": 0.0, ""axis_span"": 0.038, ""primary_max"": 0.03461617885, ""primary_min"": 0.0009353475319, ""primary_span"": 0.0336808313181, ""utilization_ratio"": 0.8863376662657895}]",Primary rolling range uses under 25% of old Y-axis; raw/global/domain scale dominates,Scale only finite displayed rolling series; exterior legend; readable count panel; 300 dpi,False,,0,Y-axis follows displayed 12-month means; classifier scores range 0–1.,True,src/moving_average_figures.py,False,zero to 1.08 × maximum qualifying raw mean across overall and ALL genres; capped at 1.02; floor 0.005,0.0009353475319,0.03461617885,0,0.150854281848,0.223267320659,,reviewed by family; no unresolved presentation issue
analysis/moving_averages/figures/emotion_nervousness/overall.png,moving_average_overall,equal-weight 12-month mean,y,linear,0.005641241608,0.01459547925,0.008954237642,0.004,0.016,0.012,0.746186470167,"[{""axis_max"": 0.016, ""axis_min"": 0.004, ""axis_span"": 0.012, ""primary_max"": 0.01459547925, ""primary_min"": 0.005641241608, ""primary_span"": 0.008954237641999999, ""utilization_ratio"": 0.7461864701666665}]",Primary rolling range uses under 25% of old Y-axis; raw/global/domain scale dominates,Scale only finite displayed rolling series; exterior legend; readable count panel; 300 dpi,True,analysis/moving_averages/figures/emotion_nervousness/overall_full_scale.png,26,Y-axis follows displayed 12-month means; classifier scores range 0–1. Raw monthly context: 26 values outside view.,True,src/moving_average_figures.py,False,zero to 1.08 × maximum qualifying raw mean across overall and ALL genres; capped at 1.02; floor 0.005,0.005641241608,0.01459547925,0,0.150854281848,0.0593568676494,,reviewed by family; no unresolved presentation issue
analysis/moving_averages/figures/emotion_nervousness/overall_full_scale.png,moving_average_overall,equal-weight/rank-weighted rolling means; full-domain reference,y,linear,0.005641241608,0.01459547925,0.008954237642,0,1,1,0.008954237642,"[{""axis_max"": 1.0, ""axis_min"": 0.0, ""axis_span"": 1.0, ""primary_max"": 0.01459547925, ""primary_min"": 0.005641241608, ""primary_span"": 0.008954237641999999, ""utilization_ratio"": 0.008954237641999999}]",,Full-domain companion preserves every qualifying raw monthly value,False,,0,,True,src/moving_average_figures.py,True,New companion reference,,,,,,,intentional full-scale reference
analysis/moving_averages/figures/emotion_nervousness/pop.png,moving_average_individual_genre,equal-weight 12-month mean; rank-weighted 12-month sensitivity,y,linear,0.004298973972,0.03461617885,0.030317204878,0.001,0.038,0.037,0.819383915622,"[{""axis_max"": 0.038, ""axis_min"": 0.001, ""axis_span"": 0.037, ""primary_max"": 0.03461617885, ""primary_min"": 0.004298973972, ""primary_span"": 0.030317204878, ""utilization_ratio"": 0.8193839156216216}]",Primary rolling range uses under 25% of old Y-axis; raw/global/domain scale dominates,Scale only finite displayed rolling series; exterior legend; readable count panel; 300 dpi,True,analysis/moving_averages/figures/emotion_nervousness/pop_full_scale.png,6,Y-axis follows displayed 12-month means; classifier scores range 0–1. Raw monthly context: 6 values outside view.,True,src/moving_average_figures.py,False,zero to 1.08 × maximum qualifying raw mean across overall and ALL genres; capped at 1.02; floor 0.005,0.004298973972,0.03461617885,0,0.150854281848,0.200970131617,,reviewed by family; no unresolved presentation issue
analysis/moving_averages/figures/emotion_nervousness/pop_full_scale.png,moving_average_individual_genre,equal-weight/rank-weighted rolling means; full-domain reference,y,linear,0.004298973972,0.03461617885,0.030317204878,0,1,1,0.030317204878,"[{""axis_max"": 1.0, ""axis_min"": 0.0, ""axis_span"": 1.0, ""primary_max"": 0.03461617885, ""primary_min"": 0.004298973972, ""primary_span"": 0.030317204878, ""utilization_ratio"": 0.030317204878}]",,Full-domain companion preserves every qualifying raw monthly value,False,,0,,True,src/moving_average_figures.py,True,New companion reference,,,,,,,intentional full-scale reference
analysis/moving_averages/figures/emotion_nervousness/r_b_soul.png,moving_average_individual_genre,equal-weight 12-month mean; rank-weighted 12-month sensitivity,y,linear,0.002298546327,0.02165296094,0.019354414613,0,0.024,0.024,0.806433942208,"[{""axis_max"": 0.024, ""axis_min"": 0.0, ""axis_span"": 0.024, ""primary_max"": 0.02165296094, ""primary_min"": 0.002298546327, ""primary_span"": 0.019354414613000002, ""utilization_ratio"": 0.8064339422083334}]",Primary rolling range uses under 25% of old Y-axis; raw/global/domain scale dominates,Scale only finite displayed rolling series; exterior legend; readable count panel; 300 dpi,True,analysis/moving_averages/figures/emotion_nervousness/r_b_soul_full_scale.png,12,Y-axis follows displayed 12-month means; classifier scores range 0–1. Raw monthly context: 12 values outside view.,True,src/moving_average_figures.py,False,zero to 1.08 × maximum qualifying raw mean across overall and ALL genres; capped at 1.02; floor 0.005,0.002298546327,0.02165296094,0,0.150854281848,0.128298742176,,reviewed by family; no unresolved presentation issue
analysis/moving_averages/figures/emotion_nervousness/r_b_soul_full_scale.png,moving_average_individual_genre,equal-weight/rank-weighted rolling means; full-domain reference,y,linear,0.002298546327,0.02165296094,0.019354414613,0,1,1,0.019354414613,"[{""axis_max"": 1.0, ""axis_min"": 0.0, ""axis_span"": 1.0, ""primary_max"": 0.02165296094, ""primary_min"": 0.002298546327, ""primary_span"": 0.019354414613000002, ""utilization_ratio"": 0.019354414613000002}]",,Full-domain companion preserves every qualifying raw monthly value,False,,0,,True,src/moving_average_figures.py,True,New companion reference,,,,,,,intentional full-scale reference
analysis/moving_averages/figures/emotion_nervousness/rank_sensitivity.png,moving_average_rank_sensitivity,equal-weight 12-month mean; rank-weighted 12-month sensitivity,y,linear,0.005380994202,0.01660003684,0.011219042638,0.004,0.018,0.014,0.801360188429,"[{""axis_max"": 0.018000000000000002, ""axis_min"": 0.004, ""axis_span"": 0.014000000000000002, ""primary_max"": 0.01660003684, ""primary_min"": 0.005380994202, ""primary_span"": 0.011219042637999999, ""utilization_ratio"": 0.8013601884285713}]",Primary rolling range uses under 25% of old Y-axis; raw/global/domain scale dominates,Scale only finite displayed rolling series; exterior legend; readable count panel; 300 dpi,False,,0,Y-axis follows displayed 12-month means; classifier scores range 0–1.,True,src/moving_average_figures.py,False,zero to 1.08 × maximum qualifying raw mean across overall and ALL genres; capped at 1.02; floor 0.005,0.005380994202,0.01660003684,0,0.150854281848,0.0743700642803,,reviewed by family; no unresolved presentation issue
analysis/moving_averages/figures/emotion_nervousness/rock.png,moving_average_individual_genre,equal-weight 12-month mean; rank-weighted 12-month sensitivity,y,linear,0.00256933864,0.03111549516,0.02854615652,0,0.034,0.034,0.839592838824,"[{""axis_max"": 0.034, ""axis_min"": 0.0, ""axis_span"": 0.034, ""primary_max"": 0.03111549516, ""primary_min"": 0.00256933864, ""primary_span"": 0.028546156519999998, ""utilization_ratio"": 0.8395928388235293}]",Primary rolling range uses under 25% of old Y-axis; raw/global/domain scale dominates,Scale only finite displayed rolling series; exterior legend; readable count panel; 300 dpi,True,analysis/moving_averages/figures/emotion_nervousness/rock_full_scale.png,10,Y-axis follows displayed 12-month means; classifier scores range 0–1. Raw monthly context: 10 values outside view.,True,src/moving_average_figures.py,False,zero to 1.08 × maximum qualifying raw mean across overall and ALL genres; capped at 1.02; floor 0.005,0.00256933864,0.03111549516,0,0.150854281848,0.189230005077,,reviewed by family; no unresolved presentation issue
analysis/moving_averages/figures/emotion_nervousness/rock_full_scale.png,moving_average_individual_genre,equal-weight/rank-weighted rolling means; full-domain reference,y,linear,0.00256933864,0.03111549516,0.02854615652,0,1,1,0.02854615652,"[{""axis_max"": 1.0, ""axis_min"": 0.0, ""axis_span"": 1.0, ""primary_max"": 0.03111549516, ""primary_min"": 0.00256933864, ""primary_span"": 0.028546156519999998, ""utilization_ratio"": 0.028546156519999998}]",,Full-domain companion preserves every qualifying raw monthly value,False,,0,,True,src/moving_average_figures.py,True,New companion reference,,,,,,,intentional full-scale reference
analysis/moving_averages/figures/emotion_neutral/alternative_indie.png,moving_average_individual_genre,equal-weight 12-month mean; rank-weighted 12-month sensitivity,y,linear,0.2607211923,0.5309679398,0.2702467475,0.23,0.56,0.33,0.818929537879,"[{""axis_max"": 0.56, ""axis_min"": 0.23, ""axis_span"": 0.33000000000000007, ""primary_max"": 0.5309679398, ""primary_min"": 0.2607211923, ""primary_span"": 0.2702467475, ""utilization_ratio"": 0.8189295378787876}]",Primary rolling range uses 25–50% of old Y-axis; reviewed against raw/global scale,Scale only finite displayed rolling series; exterior legend; readable count panel; 300 dpi,True,analysis/moving_averages/figures/emotion_neutral/alternative_indie_full_scale.png,49,Y-axis follows displayed 12-month means; classifier scores range 0–1. Raw monthly context: 49 values outside view.,True,src/moving_average_figures.py,False,zero to 1.08 × maximum qualifying raw mean across overall and ALL genres; capped at 1.02; floor 0.005,0.2607211923,0.5309679398,0,1.02,0.264947791667,,reviewed by family; no unresolved presentation issue
analysis/moving_averages/figures/emotion_neutral/alternative_indie_full_scale.png,moving_average_individual_genre,equal-weight/rank-weighted rolling means; full-domain reference,y,linear,0.2607211923,0.5309679398,0.2702467475,0,1,1,0.2702467475,"[{""axis_max"": 1.0, ""axis_min"": 0.0, ""axis_span"": 1.0, ""primary_max"": 0.5309679398, ""primary_min"": 0.2607211923, ""primary_span"": 0.2702467475, ""utilization_ratio"": 0.2702467475}]",,Full-domain companion preserves every qualifying raw monthly value,False,,0,,True,src/moving_average_figures.py,True,New companion reference,,,,,,,intentional full-scale reference
analysis/moving_averages/figures/emotion_neutral/country.png,moving_average_individual_genre,equal-weight 12-month mean; rank-weighted 12-month sensitivity,y,linear,0.143635442,0.5345635498,0.3909281078,0.11,0.57,0.46,0.849843712609,"[{""axis_max"": 0.5700000000000001, ""axis_min"": 0.11, ""axis_span"": 0.4600000000000001, ""primary_max"": 0.5345635498, ""primary_min"": 0.143635442, ""primary_span"": 0.3909281078, ""utilization_ratio"": 0.8498437126086955}]",Primary rolling range uses 25–50% of old Y-axis; reviewed against raw/global scale,Scale only finite displayed rolling series; exterior legend; readable count panel; 300 dpi,True,analysis/moving_averages/figures/emotion_neutral/country_full_scale.png,10,Y-axis follows displayed 12-month means; classifier scores range 0–1. Raw monthly context: 10 values outside view.,True,src/moving_average_figures.py,False,zero to 1.08 × maximum qualifying raw mean across overall and ALL genres; capped at 1.02; floor 0.005,0.143635442,0.5345635498,0,1.02,0.383262850784,,reviewed by family; no unresolved presentation issue
analysis/moving_averages/figures/emotion_neutral/country_full_scale.png,moving_average_individual_genre,equal-weight/rank-weighted rolling means; full-domain reference,y,linear,0.143635442,0.5345635498,0.3909281078,0,1,1,0.3909281078,"[{""axis_max"": 1.0, ""axis_min"": 0.0, ""axis_span"": 1.0, ""primary_max"": 0.5345635498, ""primary_min"": 0.143635442, ""primary_span"": 0.3909281078, ""utilization_ratio"": 0.3909281078}]",,Full-domain companion preserves every qualifying raw monthly value,False,,0,,True,src/moving_average_figures.py,True,New companion reference,,,,,,,intentional full-scale reference
analysis/moving_averages/figures/emotion_neutral/electronic_dance.png,moving_average_individual_genre,equal-weight 12-month mean; rank-weighted 12-month sensitivity,y,linear,0.2357483747,0.4861690621,0.2504206874,0.21,0.51,0.3,0.834735624667,"[{""axis_max"": 0.51, ""axis_min"": 0.21, ""axis_span"": 0.30000000000000004, ""primary_max"": 0.4861690621, ""primary_min"": 0.2357483747, ""primary_span"": 0.2504206874, ""utilization_ratio"": 0.8347356246666666}]",Primary rolling range uses under 25% of old Y-axis; raw/global/domain scale dominates,Scale only finite displayed rolling series; exterior legend; readable count panel; 300 dpi,True,analysis/moving_averages/figures/emotion_neutral/electronic_dance_full_scale.png,53,Y-axis follows displayed 12-month means; classifier scores range 0–1. Raw monthly context: 53 values outside view.,True,src/moving_average_figures.py,False,zero to 1.08 × maximum qualifying raw mean across overall and ALL genres; capped at 1.02; floor 0.005,0.2357483747,0.4861690621,0,1.02,0.245510477843,,reviewed by family; no unresolved presentation issue
analysis/moving_averages/figures/emotion_neutral/electronic_dance_full_scale.png,moving_average_individual_genre,equal-weight/rank-weighted rolling means; full-domain reference,y,linear,0.2357483747,0.4861690621,0.2504206874,0,1,1,0.2504206874,"[{""axis_max"": 1.0, ""axis_min"": 0.0, ""axis_span"": 1.0, ""primary_max"": 0.4861690621, ""primary_min"": 0.2357483747, ""primary_span"": 0.2504206874, ""utilization_ratio"": 0.2504206874}]",,Full-domain companion preserves every qualifying raw monthly value,False,,0,,True,src/moving_average_figures.py,True,New companion reference,,,,,,,intentional full-scale reference
analysis/moving_averages/figures/emotion_neutral/hip_hop_rap.png,moving_average_individual_genre,equal-weight 12-month mean; rank-weighted 12-month sensitivity,y,linear,0.3959183959,0.6822566845,0.2863382886,0.37,0.71,0.34,0.842171437059,"[{""axis_max"": 0.71, ""axis_min"": 0.37, ""axis_span"": 0.33999999999999997, ""primary_max"": 0.6822566845, ""primary_min"": 0.3959183959, ""primary_span"": 0.2863382886, ""utilization_ratio"": 0.8421714370588236}]",Primary rolling range uses 25–50% of old Y-axis; reviewed against raw/global scale,Scale only finite displayed rolling series; exterior legend; readable count panel; 300 dpi,True,analysis/moving_averages/figures/emotion_neutral/hip_hop_rap_full_scale.png,20,Y-axis follows displayed 12-month means; classifier scores range 0–1. Raw monthly context: 20 values outside view.,True,src/moving_average_figures.py,False,zero to 1.08 × maximum qualifying raw mean across overall and ALL genres; capped at 1.02; floor 0.005,0.3959183959,0.6822566845,0,1.02,0.280723812353,,reviewed by family; no unresolved presentation issue
analysis/moving_averages/figures/emotion_neutral/hip_hop_rap_full_scale.png,moving_average_individual_genre,equal-weight/rank-weighted rolling means; full-domain reference,y,linear,0.3959183959,0.6822566845,0.2863382886,0,1,1,0.2863382886,"[{""axis_max"": 1.0, ""axis_min"": 0.0, ""axis_span"": 1.0, ""primary_max"": 0.6822566845, ""primary_min"": 0.3959183959, ""primary_span"": 0.2863382886, ""utilization_ratio"": 0.2863382886}]",,Full-domain companion preserves every qualifying raw monthly value,False,,0,,True,src/moving_average_figures.py,True,New companion reference,,,,,,,intentional full-scale reference
analysis/moving_averages/figures/emotion_neutral/major_genres.png,moving_average_major_genres,equal-weight 12-month mean,y,linear,0.1800369252,0.6672405602,0.487203635,0.14,0.71,0.57,0.854743219298,"[{""axis_max"": 0.71, ""axis_min"": 0.14, ""axis_span"": 0.57, ""primary_max"": 0.6672405602, ""primary_min"": 0.1800369252, ""primary_span"": 0.48720363499999997, ""utilization_ratio"": 0.8547432192982456}]",Primary rolling range uses 25–50% of old Y-axis; reviewed against raw/global scale,Scale only finite displayed rolling series; exterior legend; readable count panel; 300 dpi,False,,0,Y-axis follows displayed 12-month means; classifier scores range 0–1.,True,src/moving_average_figures.py,False,zero to 1.08 × maximum qualifying raw mean across overall and ALL genres; capped at 1.02; floor 0.005,0.1800369252,0.6672405602,0,1.02,0.477650622549,,reviewed by family; no unresolved presentation issue
analysis/moving_averages/figures/emotion_neutral/overall.png,moving_average_overall,equal-weight 12-month mean,y,linear,0.2858954498,0.4640442606,0.1781488108,0.27,0.48,0.21,0.848327670476,"[{""axis_max"": 0.48, ""axis_min"": 0.27, ""axis_span"": 0.20999999999999996, ""primary_max"": 0.4640442606, ""primary_min"": 0.2858954498, ""primary_span"": 0.1781488108, ""utilization_ratio"": 0.8483276704761906}]",Primary rolling range uses under 25% of old Y-axis; raw/global/domain scale dominates,Scale only finite displayed rolling series; exterior legend; readable count panel; 300 dpi,True,analysis/moving_averages/figures/emotion_neutral/overall_full_scale.png,14,Y-axis follows displayed 12-month means; classifier scores range 0–1. Raw monthly context: 14 values outside view.,True,src/moving_average_figures.py,False,zero to 1.08 × maximum qualifying raw mean across overall and ALL genres; capped at 1.02; floor 0.005,0.2858954498,0.4640442606,0,1.02,0.174655696863,,reviewed by family; no unresolved presentation issue
analysis/moving_averages/figures/emotion_neutral/overall_full_scale.png,moving_average_overall,equal-weight/rank-weighted rolling means; full-domain reference,y,linear,0.2858954498,0.4640442606,0.1781488108,0,1,1,0.1781488108,"[{""axis_max"": 1.0, ""axis_min"": 0.0, ""axis_span"": 1.0, ""primary_max"": 0.4640442606, ""primary_min"": 0.2858954498, ""primary_span"": 0.1781488108, ""utilization_ratio"": 0.1781488108}]",,Full-domain companion preserves every qualifying raw monthly value,False,,0,,True,src/moving_average_figures.py,True,New companion reference,,,,,,,intentional full-scale reference
analysis/moving_averages/figures/emotion_neutral/pop.png,moving_average_individual_genre,equal-weight 12-month mean; rank-weighted 12-month sensitivity,y,linear,0.1391979851,0.4441912205,0.3049932354,0.11,0.47,0.36,0.847203431667,"[{""axis_max"": 0.47000000000000003, ""axis_min"": 0.11, ""axis_span"": 0.36000000000000004, ""primary_max"": 0.4441912205, ""primary_min"": 0.1391979851, ""primary_span"": 0.3049932354, ""utilization_ratio"": 0.8472034316666666}]",Primary rolling range uses 25–50% of old Y-axis; reviewed against raw/global scale,Scale only finite displayed rolling series; exterior legend; readable count panel; 300 dpi,True,analysis/moving_averages/figures/emotion_neutral/pop_full_scale.png,14,Y-axis follows displayed 12-month means; classifier scores range 0–1. Raw monthly context: 14 values outside view.,True,src/moving_average_figures.py,False,zero to 1.08 × maximum qualifying raw mean across overall and ALL genres; capped at 1.02; floor 0.005,0.1391979851,0.4441912205,0,1.02,0.299012975882,,reviewed by family; no unresolved presentation issue
analysis/moving_averages/figures/emotion_neutral/pop_full_scale.png,moving_average_individual_genre,equal-weight/rank-weighted rolling means; full-domain reference,y,linear,0.1391979851,0.4441912205,0.3049932354,0,1,1,0.3049932354,"[{""axis_max"": 1.0, ""axis_min"": 0.0, ""axis_span"": 1.0, ""primary_max"": 0.4441912205, ""primary_min"": 0.1391979851, ""primary_span"": 0.3049932354, ""utilization_ratio"": 0.3049932354}]",,Full-domain companion preserves every qualifying raw monthly value,False,,0,,True,src/moving_average_figures.py,True,New companion reference,,,,,,,intentional full-scale reference
analysis/moving_averages/figures/emotion_neutral/r_b_soul.png,moving_average_individual_genre,equal-weight 12-month mean; rank-weighted 12-month sensitivity,y,linear,0.1928251446,0.4115767067,0.2187515621,0.17,0.43,0.26,0.841352161923,"[{""axis_max"": 0.43, ""axis_min"": 0.17, ""axis_span"": 0.26, ""primary_max"": 0.4115767067, ""primary_min"": 0.1928251446, ""primary_span"": 0.21875156210000002, ""utilization_ratio"": 0.8413521619230769}]",Primary rolling range uses under 25% of old Y-axis; raw/global/domain scale dominates,Scale only finite displayed rolling series; exterior legend; readable count panel; 300 dpi,True,analysis/moving_averages/figures/emotion_neutral/r_b_soul_full_scale.png,58,Y-axis follows displayed 12-month means; classifier scores range 0–1. Raw monthly context: 58 values outside view.,True,src/moving_average_figures.py,False,zero to 1.08 × maximum qualifying raw mean across overall and ALL genres; capped at 1.02; floor 0.005,0.1928251446,0.4115767067,0,1.02,0.214462315784,,reviewed by family; no unresolved presentation issue
analysis/moving_averages/figures/emotion_neutral/r_b_soul_full_scale.png,moving_average_individual_genre,equal-weight/rank-weighted rolling means; full-domain reference,y,linear,0.1928251446,0.4115767067,0.2187515621,0,1,1,0.2187515621,"[{""axis_max"": 1.0, ""axis_min"": 0.0, ""axis_span"": 1.0, ""primary_max"": 0.4115767067, ""primary_min"": 0.1928251446, ""primary_span"": 0.21875156210000002, ""utilization_ratio"": 0.21875156210000002}]",,Full-domain companion preserves every qualifying raw monthly value,False,,0,,True,src/moving_average_figures.py,True,New companion reference,,,,,,,intentional full-scale reference
analysis/moving_averages/figures/emotion_neutral/rank_sensitivity.png,moving_average_rank_sensitivity,equal-weight 12-month mean; rank-weighted 12-month sensitivity,y,linear,0.2802291368,0.4640442606,0.1838151238,0.26,0.48,0.22,0.83552329,"[{""axis_max"": 0.48, ""axis_min"": 0.26, ""axis_span"": 0.21999999999999997, ""primary_max"": 0.4640442606, ""primary_min"": 0.2802291368, ""primary_span"": 0.18381512379999998, ""utilization_ratio"": 0.83552329}]",Primary rolling range uses under 25% of old Y-axis; raw/global/domain scale dominates,Scale only finite displayed rolling series; exterior legend; readable count panel; 300 dpi,False,,0,Y-axis follows displayed 12-month means; classifier scores range 0–1.,True,src/moving_average_figures.py,False,zero to 1.08 × maximum qualifying raw mean across overall and ALL genres; capped at 1.02; floor 0.005,0.2802291368,0.4640442606,0,1.02,0.180210905686,,reviewed by family; no unresolved presentation issue
analysis/moving_averages/figures/emotion_neutral/rock.png,moving_average_individual_genre,equal-weight 12-month mean; rank-weighted 12-month sensitivity,y,linear,0.2586825179,0.5331319391,0.2744494212,0.23,0.56,0.33,0.831664912727,"[{""axis_max"": 0.56, ""axis_min"": 0.23, ""axis_span"": 0.33000000000000007, ""primary_max"": 0.5331319391, ""primary_min"": 0.2586825179, ""primary_span"": 0.2744494212, ""utilization_ratio"": 0.8316649127272725}]",Primary rolling range uses 25–50% of old Y-axis; reviewed against raw/global scale,Scale only finite displayed rolling series; exterior legend; readable count panel; 300 dpi,True,analysis/moving_averages/figures/emotion_neutral/rock_full_scale.png,32,Y-axis follows displayed 12-month means; classifier scores range 0–1. Raw monthly context: 32 values outside view.,True,src/moving_average_figures.py,False,zero to 1.08 × maximum qualifying raw mean across overall and ALL genres; capped at 1.02; floor 0.005,0.2586825179,0.5331319391,0,1.02,0.26906806,,reviewed by family; no unresolved presentation issue
analysis/moving_averages/figures/emotion_neutral/rock_full_scale.png,moving_average_individual_genre,equal-weight/rank-weighted rolling means; full-domain reference,y,linear,0.2586825179,0.5331319391,0.2744494212,0,1,1,0.2744494212,"[{""axis_max"": 1.0, ""axis_min"": 0.0, ""axis_span"": 1.0, ""primary_max"": 0.5331319391, ""primary_min"": 0.2586825179, ""primary_span"": 0.2744494212, ""utilization_ratio"": 0.2744494212}]",,Full-domain companion preserves every qualifying raw monthly value,False,,0,,True,src/moving_average_figures.py,True,New companion reference,,,,,,,intentional full-scale reference
analysis/moving_averages/figures/emotion_optimism/alternative_indie.png,moving_average_individual_genre,equal-weight 12-month mean; rank-weighted 12-month sensitivity,y,linear,0.008092601881,0.07509147199,0.066998870109,0.002,0.081,0.079,0.848086963405,"[{""axis_max"": 0.081, ""axis_min"": 0.002, ""axis_span"": 0.079, ""primary_max"": 0.07509147199, ""primary_min"": 0.008092601881, ""primary_span"": 0.066998870109, ""utilization_ratio"": 0.8480869634050634}]",Primary rolling range uses under 25% of old Y-axis; raw/global/domain scale dominates,Scale only finite displayed rolling series; exterior legend; readable count panel; 300 dpi,True,analysis/moving_averages/figures/emotion_optimism/alternative_indie_full_scale.png,14,Y-axis follows displayed 12-month means; classifier scores range 0–1. Raw monthly context: 14 values outside view.,True,src/moving_average_figures.py,False,zero to 1.08 × maximum qualifying raw mean across overall and ALL genres; capped at 1.02; floor 0.005,0.008092601881,0.07509147199,0,0.308533189644,0.217152878063,,reviewed by family; no unresolved presentation issue
analysis/moving_averages/figures/emotion_optimism/alternative_indie_full_scale.png,moving_average_individual_genre,equal-weight/rank-weighted rolling means; full-domain reference,y,linear,0.008092601881,0.07509147199,0.066998870109,0,1,1,0.066998870109,"[{""axis_max"": 1.0, ""axis_min"": 0.0, ""axis_span"": 1.0, ""primary_max"": 0.07509147199, ""primary_min"": 0.008092601881, ""primary_span"": 0.066998870109, ""utilization_ratio"": 0.066998870109}]",,Full-domain companion preserves every qualifying raw monthly value,False,,0,,True,src/moving_average_figures.py,True,New companion reference,,,,,,,intentional full-scale reference
analysis/moving_averages/figures/emotion_optimism/country.png,moving_average_individual_genre,equal-weight 12-month mean; rank-weighted 12-month sensitivity,y,linear,0.01059181928,0.1087529152,0.09816109592,0,0.12,0.12,0.818009132667,"[{""axis_max"": 0.12, ""axis_min"": 0.0, ""axis_span"": 0.12, ""primary_max"": 0.1087529152, ""primary_min"": 0.01059181928, ""primary_span"": 0.09816109592, ""utilization_ratio"": 0.8180091326666666}]",Primary rolling range uses 25–50% of old Y-axis; reviewed against raw/global scale,Scale only finite displayed rolling series; exterior legend; readable count panel; 300 dpi,True,analysis/moving_averages/figures/emotion_optimism/country_full_scale.png,3,Y-axis follows displayed 12-month means; classifier scores range 0–1. Raw monthly context: 3 values outside view.,True,src/moving_average_figures.py,False,zero to 1.08 × maximum qualifying raw mean across overall and ALL genres; capped at 1.02; floor 0.005,0.01059181928,0.1087529152,0,0.308533189644,0.318154089138,,reviewed by family; no unresolved presentation issue
analysis/moving_averages/figures/emotion_optimism/country_full_scale.png,moving_average_individual_genre,equal-weight/rank-weighted rolling means; full-domain reference,y,linear,0.01059181928,0.1087529152,0.09816109592,0,1,1,0.09816109592,"[{""axis_max"": 1.0, ""axis_min"": 0.0, ""axis_span"": 1.0, ""primary_max"": 0.1087529152, ""primary_min"": 0.01059181928, ""primary_span"": 0.09816109592, ""utilization_ratio"": 0.09816109592}]",,Full-domain companion preserves every qualifying raw monthly value,False,,0,,True,src/moving_average_figures.py,True,New companion reference,,,,,,,intentional full-scale reference
analysis/moving_averages/figures/emotion_optimism/electronic_dance.png,moving_average_individual_genre,equal-weight 12-month mean; rank-weighted 12-month sensitivity,y,linear,0.008429591781,0.0685670576,0.060137465819,0.003,0.074,0.071,0.847006560831,"[{""axis_max"": 0.074, ""axis_min"": 0.003, ""axis_span"": 0.071, ""primary_max"": 0.0685670576, ""primary_min"": 0.008429591781, ""primary_span"": 0.060137465818999994, ""utilization_ratio"": 0.8470065608309859}]",Primary rolling range uses under 25% of old Y-axis; raw/global/domain scale dominates,Scale only finite displayed rolling series; exterior legend; readable count panel; 300 dpi,True,analysis/moving_averages/figures/emotion_optimism/electronic_dance_full_scale.png,13,Y-axis follows displayed 12-month means; classifier scores range 0–1. Raw monthly context: 13 values outside view.,True,src/moving_average_figures.py,False,zero to 1.08 × maximum qualifying raw mean across overall and ALL genres; capped at 1.02; floor 0.005,0.008429591781,0.0685670576,0,0.308533189644,0.194914089756,,reviewed by family; no unresolved presentation issue
analysis/moving_averages/figures/emotion_optimism/electronic_dance_full_scale.png,moving_average_individual_genre,equal-weight/rank-weighted rolling means; full-domain reference,y,linear,0.008429591781,0.0685670576,0.060137465819,0,1,1,0.060137465819,"[{""axis_max"": 1.0, ""axis_min"": 0.0, ""axis_span"": 1.0, ""primary_max"": 0.0685670576, ""primary_min"": 0.008429591781, ""primary_span"": 0.060137465818999994, ""utilization_ratio"": 0.060137465818999994}]",,Full-domain companion preserves every qualifying raw monthly value,False,,0,,True,src/moving_average_figures.py,True,New companion reference,,,,,,,intentional full-scale reference
analysis/moving_averages/figures/emotion_optimism/hip_hop_rap.png,moving_average_individual_genre,equal-weight 12-month mean; rank-weighted 12-month sensitivity,y,linear,0.004527125437,0.06538367582,0.060856550383,0,0.071,0.071,0.857134512437,"[{""axis_max"": 0.07100000000000001, ""axis_min"": 0.0, ""axis_span"": 0.07100000000000001, ""primary_max"": 0.06538367582, ""primary_min"": 0.004527125437, ""primary_span"": 0.060856550383, ""utilization_ratio"": 0.8571345124366196}]",Primary rolling range uses under 25% of old Y-axis; raw/global/domain scale dominates,Scale only finite displayed rolling series; exterior legend; readable count panel; 300 dpi,True,analysis/moving_averages/figures/emotion_optimism/hip_hop_rap_full_scale.png,3,Y-axis follows displayed 12-month means; classifier scores range 0–1. Raw monthly context: 3 values outside view.,True,src/moving_average_figures.py,False,zero to 1.08 × maximum qualifying raw mean across overall and ALL genres; capped at 1.02; floor 0.005,0.004527125437,0.06538367582,0,0.308533189644,0.197244745219,,reviewed by family; no unresolved presentation issue
analysis/moving_averages/figures/emotion_optimism/hip_hop_rap_full_scale.png,moving_average_individual_genre,equal-weight/rank-weighted rolling means; full-domain reference,y,linear,0.004527125437,0.06538367582,0.060856550383,0,1,1,0.060856550383,"[{""axis_max"": 1.0, ""axis_min"": 0.0, ""axis_span"": 1.0, ""primary_max"": 0.06538367582, ""primary_min"": 0.004527125437, ""primary_span"": 0.060856550383, ""utilization_ratio"": 0.060856550383}]",,Full-domain companion preserves every qualifying raw monthly value,False,,0,,True,src/moving_average_figures.py,True,New companion reference,,,,,,,intentional full-scale reference
analysis/moving_averages/figures/emotion_optimism/major_genres.png,moving_average_major_genres,equal-weight 12-month mean,y,linear,0.004646732496,0.07657348462,0.071926752124,0,0.083,0.083,0.866587374988,"[{""axis_max"": 0.083, ""axis_min"": 0.0, ""axis_span"": 0.083, ""primary_max"": 0.07657348462, ""primary_min"": 0.004646732496, ""primary_span"": 0.071926752124, ""utilization_ratio"": 0.8665873749879518}]",Primary rolling range uses under 25% of old Y-axis; raw/global/domain scale dominates,Scale only finite displayed rolling series; exterior legend; readable count panel; 300 dpi,False,,0,Y-axis follows displayed 12-month means; classifier scores range 0–1.,True,src/moving_average_figures.py,False,zero to 1.08 × maximum qualifying raw mean across overall and ALL genres; capped at 1.02; floor 0.005,0.004646732496,0.07657348462,0,0.308533189644,0.233124845359,,reviewed by family; no unresolved presentation issue
analysis/moving_averages/figures/emotion_optimism/overall.png,moving_average_overall,equal-weight 12-month mean,y,linear,0.01321936864,0.0365265493,0.02330718066,0.011,0.039,0.028,0.832399309286,"[{""axis_max"": 0.039, ""axis_min"": 0.011, ""axis_span"": 0.028, ""primary_max"": 0.0365265493, ""primary_min"": 0.01321936864, ""primary_span"": 0.023307180660000003, ""utilization_ratio"": 0.8323993092857144}]",Primary rolling range uses under 25% of old Y-axis; raw/global/domain scale dominates,Scale only finite displayed rolling series; exterior legend; readable count panel; 300 dpi,True,analysis/moving_averages/figures/emotion_optimism/overall_full_scale.png,24,Y-axis follows displayed 12-month means; classifier scores range 0–1. Raw monthly context: 24 values outside view.,True,src/moving_average_figures.py,False,zero to 1.08 × maximum qualifying raw mean across overall and ALL genres; capped at 1.02; floor 0.005,0.01321936864,0.0365265493,0,0.308533189644,0.0755418912529,,reviewed by family; no unresolved presentation issue
analysis/moving_averages/figures/emotion_optimism/overall_full_scale.png,moving_average_overall,equal-weight/rank-weighted rolling means; full-domain reference,y,linear,0.01321936864,0.0365265493,0.02330718066,0,1,1,0.02330718066,"[{""axis_max"": 1.0, ""axis_min"": 0.0, ""axis_span"": 1.0, ""primary_max"": 0.0365265493, ""primary_min"": 0.01321936864, ""primary_span"": 0.023307180660000003, ""utilization_ratio"": 0.023307180660000003}]",,Full-domain companion preserves every qualifying raw monthly value,False,,0,,True,src/moving_average_figures.py,True,New companion reference,,,,,,,intentional full-scale reference
analysis/moving_averages/figures/emotion_optimism/pop.png,moving_average_individual_genre,equal-weight 12-month mean; rank-weighted 12-month sensitivity,y,linear,0.009946937835,0.05813623047,0.048189292635,0.006,0.062,0.056,0.860523082768,"[{""axis_max"": 0.062, ""axis_min"": 0.006, ""axis_span"": 0.056, ""primary_max"": 0.05813623047, ""primary_min"": 0.009946937835, ""primary_span"": 0.048189292635000006, ""utilization_ratio"": 0.8605230827678573}]",Primary rolling range uses under 25% of old Y-axis; raw/global/domain scale dominates,Scale only finite displayed rolling series; exterior legend; readable count panel; 300 dpi,True,analysis/moving_averages/figures/emotion_optimism/pop_full_scale.png,21,Y-axis follows displayed 12-month means; classifier scores range 0–1. Raw monthly context: 21 values outside view.,True,src/moving_average_figures.py,False,zero to 1.08 × maximum qualifying raw mean across overall and ALL genres; capped at 1.02; floor 0.005,0.009946937835,0.05813623047,0,0.308533189644,0.156188359154,,reviewed by family; no unresolved presentation issue
analysis/moving_averages/figures/emotion_optimism/pop_full_scale.png,moving_average_individual_genre,equal-weight/rank-weighted rolling means; full-domain reference,y,linear,0.009946937835,0.05813623047,0.048189292635,0,1,1,0.048189292635,"[{""axis_max"": 1.0, ""axis_min"": 0.0, ""axis_span"": 1.0, ""primary_max"": 0.05813623047, ""primary_min"": 0.009946937835, ""primary_span"": 0.048189292635000006, ""utilization_ratio"": 0.048189292635000006}]",,Full-domain companion preserves every qualifying raw monthly value,False,,0,,True,src/moving_average_figures.py,True,New companion reference,,,,,,,intentional full-scale reference
analysis/moving_averages/figures/emotion_optimism/r_b_soul.png,moving_average_individual_genre,equal-weight 12-month mean; rank-weighted 12-month sensitivity,y,linear,0.008386905719,0.05292856943,0.044541663711,0.004,0.057,0.053,0.840408749264,"[{""axis_max"": 0.057, ""axis_min"": 0.004, ""axis_span"": 0.053000000000000005, ""primary_max"": 0.05292856943, ""primary_min"": 0.008386905719, ""primary_span"": 0.044541663711000004, ""utilization_ratio"": 0.840408749264151}]",Primary rolling range uses under 25% of old Y-axis; raw/global/domain scale dominates,Scale only finite displayed rolling series; exterior legend; readable count panel; 300 dpi,True,analysis/moving_averages/figures/emotion_optimism/r_b_soul_full_scale.png,10,Y-axis follows displayed 12-month means; classifier scores range 0–1. Raw monthly context: 10 values outside view.,True,src/moving_average_figures.py,False,zero to 1.08 × maximum qualifying raw mean across overall and ALL genres; capped at 1.02; floor 0.005,0.008386905719,0.05292856943,0,0.308533189644,0.144365874421,,reviewed by family; no unresolved presentation issue
analysis/moving_averages/figures/emotion_optimism/r_b_soul_full_scale.png,moving_average_individual_genre,equal-weight/rank-weighted rolling means; full-domain reference,y,linear,0.008386905719,0.05292856943,0.044541663711,0,1,1,0.044541663711,"[{""axis_max"": 1.0, ""axis_min"": 0.0, ""axis_span"": 1.0, ""primary_max"": 0.05292856943, ""primary_min"": 0.008386905719, ""primary_span"": 0.044541663711000004, ""utilization_ratio"": 0.044541663711000004}]",,Full-domain companion preserves every qualifying raw monthly value,False,,0,,True,src/moving_average_figures.py,True,New companion reference,,,,,,,intentional full-scale reference
analysis/moving_averages/figures/emotion_optimism/rank_sensitivity.png,moving_average_rank_sensitivity,equal-weight 12-month mean; rank-weighted 12-month sensitivity,y,linear,0.01259322564,0.04189138036,0.02929815472,0.01,0.045,0.035,0.837090134857,"[{""axis_max"": 0.045, ""axis_min"": 0.01, ""axis_span"": 0.034999999999999996, ""primary_max"": 0.04189138036, ""primary_min"": 0.01259322564, ""primary_span"": 0.02929815472, ""utilization_ratio"": 0.837090134857143}]",Primary rolling range uses under 25% of old Y-axis; raw/global/domain scale dominates,Scale only finite displayed rolling series; exterior legend; readable count panel; 300 dpi,False,,0,Y-axis follows displayed 12-month means; classifier scores range 0–1.,True,src/moving_average_figures.py,False,zero to 1.08 × maximum qualifying raw mean across overall and ALL genres; capped at 1.02; floor 0.005,0.01259322564,0.04189138036,0,0.308533189644,0.0949594912424,,reviewed by family; no unresolved presentation issue
analysis/moving_averages/figures/emotion_optimism/rock.png,moving_average_individual_genre,equal-weight 12-month mean; rank-weighted 12-month sensitivity,y,linear,0.009163418582,0.07861922994,0.069455811358,0.003,0.085,0.082,0.847022089732,"[{""axis_max"": 0.085, ""axis_min"": 0.003, ""axis_span"": 0.082, ""primary_max"": 0.07861922994, ""primary_min"": 0.009163418582, ""primary_span"": 0.069455811358, ""utilization_ratio"": 0.8470220897317072}]",Primary rolling range uses under 25% of old Y-axis; raw/global/domain scale dominates,Scale only finite displayed rolling series; exterior legend; readable count panel; 300 dpi,True,analysis/moving_averages/figures/emotion_optimism/rock_full_scale.png,7,Y-axis follows displayed 12-month means; classifier scores range 0–1. Raw monthly context: 7 values outside view.,True,src/moving_average_figures.py,False,zero to 1.08 × maximum qualifying raw mean across overall and ALL genres; capped at 1.02; floor 0.005,0.009163418582,0.07861922994,0,0.308533189644,0.225116174497,,reviewed by family; no unresolved presentation issue
analysis/moving_averages/figures/emotion_optimism/rock_full_scale.png,moving_average_individual_genre,equal-weight/rank-weighted rolling means; full-domain reference,y,linear,0.009163418582,0.07861922994,0.069455811358,0,1,1,0.069455811358,"[{""axis_max"": 1.0, ""axis_min"": 0.0, ""axis_span"": 1.0, ""primary_max"": 0.07861922994, ""primary_min"": 0.009163418582, ""primary_span"": 0.069455811358, ""utilization_ratio"": 0.069455811358}]",,Full-domain companion preserves every qualifying raw monthly value,False,,0,,True,src/moving_average_figures.py,True,New companion reference,,,,,,,intentional full-scale reference
analysis/moving_averages/figures/emotion_pride/alternative_indie.png,moving_average_individual_genre,equal-weight 12-month mean; rank-weighted 12-month sensitivity,y,linear,0.0006083526741,0.003153206929,0.0025448542549,0.0004,0.0034,0.003,0.848284751633,"[{""axis_max"": 0.0034000000000000002, ""axis_min"": 0.0004, ""axis_span"": 0.003, ""primary_max"": 0.003153206929, ""primary_min"": 0.0006083526741, ""primary_span"": 0.0025448542549, ""utilization_ratio"": 0.8482847516333333}]",Primary rolling range uses under 25% of old Y-axis; raw/global/domain scale dominates,Scale only finite displayed rolling series; exterior legend; readable count panel; 300 dpi,True,analysis/moving_averages/figures/emotion_pride/alternative_indie_full_scale.png,5,Y-axis follows displayed 12-month means; classifier scores range 0–1. Raw monthly context: 5 values outside view.,True,src/moving_average_figures.py,False,zero to 1.08 × maximum qualifying raw mean across overall and ALL genres; capped at 1.02; floor 0.005,0.0006083526741,0.003153206929,0,0.0343263321288,0.0741370865186,,reviewed by family; no unresolved presentation issue
analysis/moving_averages/figures/emotion_pride/alternative_indie_full_scale.png,moving_average_individual_genre,equal-weight/rank-weighted rolling means; full-domain reference,y,linear,0.0006083526741,0.003153206929,0.0025448542549,0,1,1,0.0025448542549,"[{""axis_max"": 1.0, ""axis_min"": 0.0, ""axis_span"": 1.0, ""primary_max"": 0.003153206929, ""primary_min"": 0.0006083526741, ""primary_span"": 0.0025448542549, ""utilization_ratio"": 0.0025448542549}]",,Full-domain companion preserves every qualifying raw monthly value,False,,0,,True,src/moving_average_figures.py,True,New companion reference,,,,,,,intentional full-scale reference
analysis/moving_averages/figures/emotion_pride/country.png,moving_average_individual_genre,equal-weight 12-month mean; rank-weighted 12-month sensitivity,y,linear,0.0009867084694,0.009906201419,0.0089194929496,0,0.011,0.011,0.810862995418,"[{""axis_max"": 0.011, ""axis_min"": 0.0, ""axis_span"": 0.011, ""primary_max"": 0.009906201419, ""primary_min"": 0.0009867084694, ""primary_span"": 0.0089194929496, ""utilization_ratio"": 0.8108629954181819}]",Primary rolling range uses 25–50% of old Y-axis; reviewed against raw/global scale,Scale only finite displayed rolling series; exterior legend; readable count panel; 300 dpi,True,analysis/moving_averages/figures/emotion_pride/country_full_scale.png,13,Y-axis follows displayed 12-month means; classifier scores range 0–1. Raw monthly context: 13 values outside view.,True,src/moving_average_figures.py,False,zero to 1.08 × maximum qualifying raw mean across overall and ALL genres; capped at 1.02; floor 0.005,0.0009867084694,0.009906201419,0,0.0343263321288,0.259844043813,,reviewed by family; no unresolved presentation issue
analysis/moving_averages/figures/emotion_pride/country_full_scale.png,moving_average_individual_genre,equal-weight/rank-weighted rolling means; full-domain reference,y,linear,0.0009867084694,0.009906201419,0.0089194929496,0,1,1,0.0089194929496,"[{""axis_max"": 1.0, ""axis_min"": 0.0, ""axis_span"": 1.0, ""primary_max"": 0.009906201419, ""primary_min"": 0.0009867084694, ""primary_span"": 0.0089194929496, ""utilization_ratio"": 0.0089194929496}]",,Full-domain companion preserves every qualifying raw monthly value,False,,0,,True,src/moving_average_figures.py,True,New companion reference,,,,,,,intentional full-scale reference
analysis/moving_averages/figures/emotion_pride/electronic_dance.png,moving_average_individual_genre,equal-weight 12-month mean; rank-weighted 12-month sensitivity,y,linear,0.00079378014,0.002967619179,0.002173839039,0.0006,0.0032,0.0026,0.836091938077,"[{""axis_max"": 0.0032, ""axis_min"": 0.0006000000000000001, ""axis_span"": 0.0026, ""primary_max"": 0.002967619179, ""primary_min"": 0.00079378014, ""primary_span"": 0.002173839039, ""utilization_ratio"": 0.8360919380769232}]",Primary rolling range uses under 25% of old Y-axis; raw/global/domain scale dominates,Scale only finite displayed rolling series; exterior legend; readable count panel; 300 dpi,True,analysis/moving_averages/figures/emotion_pride/electronic_dance_full_scale.png,19,Y-axis follows displayed 12-month means; classifier scores range 0–1. Raw monthly context: 19 values outside view.,True,src/moving_average_figures.py,False,zero to 1.08 × maximum qualifying raw mean across overall and ALL genres; capped at 1.02; floor 0.005,0.00079378014,0.002967619179,0,0.0343263321288,0.063328614046,,reviewed by family; no unresolved presentation issue
analysis/moving_averages/figures/emotion_pride/electronic_dance_full_scale.png,moving_average_individual_genre,equal-weight/rank-weighted rolling means; full-domain reference,y,linear,0.00079378014,0.002967619179,0.002173839039,0,1,1,0.002173839039,"[{""axis_max"": 1.0, ""axis_min"": 0.0, ""axis_span"": 1.0, ""primary_max"": 0.002967619179, ""primary_min"": 0.00079378014, ""primary_span"": 0.002173839039, ""utilization_ratio"": 0.002173839039}]",,Full-domain companion preserves every qualifying raw monthly value,False,,0,,True,src/moving_average_figures.py,True,New companion reference,,,,,,,intentional full-scale reference
analysis/moving_averages/figures/emotion_pride/hip_hop_rap.png,moving_average_individual_genre,equal-weight 12-month mean; rank-weighted 12-month sensitivity,y,linear,0.0005809815856,0.003178176889,0.0025971953034,0.0003,0.0034,0.0031,0.837804936581,"[{""axis_max"": 0.0034000000000000002, ""axis_min"": 0.00030000000000000003, ""axis_span"": 0.0031000000000000003, ""primary_max"": 0.003178176889, ""primary_min"": 0.0005809815856, ""primary_span"": 0.0025971953034, ""utilization_ratio"": 0.8378049365806451}]",Primary rolling range uses under 25% of old Y-axis; raw/global/domain scale dominates,Scale only finite displayed rolling series; exterior legend; readable count panel; 300 dpi,True,analysis/moving_averages/figures/emotion_pride/hip_hop_rap_full_scale.png,5,Y-axis follows displayed 12-month means; classifier scores range 0–1. Raw monthly context: 5 values outside view.,True,src/moving_average_figures.py,False,zero to 1.08 × maximum qualifying raw mean across overall and ALL genres; capped at 1.02; floor 0.005,0.0005809815856,0.003178176889,0,0.0343263321288,0.0756618940135,,reviewed by family; no unresolved presentation issue
analysis/moving_averages/figures/emotion_pride/hip_hop_rap_full_scale.png,moving_average_individual_genre,equal-weight/rank-weighted rolling means; full-domain reference,y,linear,0.0005809815856,0.003178176889,0.0025971953034,0,1,1,0.0025971953034,"[{""axis_max"": 1.0, ""axis_min"": 0.0, ""axis_span"": 1.0, ""primary_max"": 0.003178176889, ""primary_min"": 0.0005809815856, ""primary_span"": 0.0025971953034, ""utilization_ratio"": 0.0025971953034}]",,Full-domain companion preserves every qualifying raw monthly value,False,,0,,True,src/moving_average_figures.py,True,New companion reference,,,,,,,intentional full-scale reference
analysis/moving_averages/figures/emotion_pride/major_genres.png,moving_average_major_genres,equal-weight 12-month mean,y,linear,0.0005809815856,0.009906201419,0.0093252198334,0,0.011,0.011,0.847747257582,"[{""axis_max"": 0.011, ""axis_min"": 0.0, ""axis_span"": 0.011, ""primary_max"": 0.009906201419, ""primary_min"": 0.0005809815856, ""primary_span"": 0.0093252198334, ""utilization_ratio"": 0.8477472575818181}]",Primary rolling range uses 25–50% of old Y-axis; reviewed against raw/global scale,Scale only finite displayed rolling series; exterior legend; readable count panel; 300 dpi,False,,0,Y-axis follows displayed 12-month means; classifier scores range 0–1.,True,src/moving_average_figures.py,False,zero to 1.08 × maximum qualifying raw mean across overall and ALL genres; capped at 1.02; floor 0.005,0.0005809815856,0.009906201419,0,0.0343263321288,0.271663741946,,reviewed by family; no unresolved presentation issue
analysis/moving_averages/figures/emotion_pride/overall.png,moving_average_overall,equal-weight 12-month mean,y,linear,0.001093499253,0.004410336984,0.003316837731,0.0008,0.0047,0.0039,0.850471213077,"[{""axis_max"": 0.0047, ""axis_min"": 0.0008, ""axis_span"": 0.0039000000000000003, ""primary_max"": 0.004410336984, ""primary_min"": 0.001093499253, ""primary_span"": 0.0033168377310000005, ""utilization_ratio"": 0.8504712130769232}]",Primary rolling range uses under 25% of old Y-axis; raw/global/domain scale dominates,Scale only finite displayed rolling series; exterior legend; readable count panel; 300 dpi,True,analysis/moving_averages/figures/emotion_pride/overall_full_scale.png,16,Y-axis follows displayed 12-month means; classifier scores range 0–1. Raw monthly context: 16 values outside view.,True,src/moving_average_figures.py,False,zero to 1.08 × maximum qualifying raw mean across overall and ALL genres; capped at 1.02; floor 0.005,0.001093499253,0.004410336984,0,0.0343263321288,0.0966266281686,,reviewed by family; no unresolved presentation issue
analysis/moving_averages/figures/emotion_pride/overall_full_scale.png,moving_average_overall,equal-weight/rank-weighted rolling means; full-domain reference,y,linear,0.001093499253,0.004410336984,0.003316837731,0,1,1,0.003316837731,"[{""axis_max"": 1.0, ""axis_min"": 0.0, ""axis_span"": 1.0, ""primary_max"": 0.004410336984, ""primary_min"": 0.001093499253, ""primary_span"": 0.0033168377310000005, ""utilization_ratio"": 0.0033168377310000005}]",,Full-domain companion preserves every qualifying raw monthly value,False,,0,,True,src/moving_average_figures.py,True,New companion reference,,,,,,,intentional full-scale reference
analysis/moving_averages/figures/emotion_pride/pop.png,moving_average_individual_genre,equal-weight 12-month mean; rank-weighted 12-month sensitivity,y,linear,0.0008290972706,0.00365243818,0.0028233409094,0.0006,0.0039,0.0033,0.855557851333,"[{""axis_max"": 0.0039000000000000003, ""axis_min"": 0.0006000000000000001, ""axis_span"": 0.0033, ""primary_max"": 0.00365243818, ""primary_min"": 0.0008290972706, ""primary_span"": 0.0028233409094000003, ""utilization_ratio"": 0.8555578513333334}]",Primary rolling range uses under 25% of old Y-axis; raw/global/domain scale dominates,Scale only finite displayed rolling series; exterior legend; readable count panel; 300 dpi,True,analysis/moving_averages/figures/emotion_pride/pop_full_scale.png,8,Y-axis follows displayed 12-month means; classifier scores range 0–1. Raw monthly context: 8 values outside view.,True,src/moving_average_figures.py,False,zero to 1.08 × maximum qualifying raw mean across overall and ALL genres; capped at 1.02; floor 0.005,0.0008290972706,0.00365243818,0,0.0343263321288,0.0822500026745,,reviewed by family; no unresolved presentation issue
analysis/moving_averages/figures/emotion_pride/pop_full_scale.png,moving_average_individual_genre,equal-weight/rank-weighted rolling means; full-domain reference,y,linear,0.0008290972706,0.00365243818,0.0028233409094,0,1,1,0.0028233409094,"[{""axis_max"": 1.0, ""axis_min"": 0.0, ""axis_span"": 1.0, ""primary_max"": 0.00365243818, ""primary_min"": 0.0008290972706, ""primary_span"": 0.0028233409094000003, ""utilization_ratio"": 0.0028233409094000003}]",,Full-domain companion preserves every qualifying raw monthly value,False,,0,,True,src/moving_average_figures.py,True,New companion reference,,,,,,,intentional full-scale reference
analysis/moving_averages/figures/emotion_pride/r_b_soul.png,moving_average_individual_genre,equal-weight 12-month mean; rank-weighted 12-month sensitivity,y,linear,0.0008109738435,0.005005553205,0.0041945793615,0.0004,0.0054,0.005,0.8389158723,"[{""axis_max"": 0.0054, ""axis_min"": 0.0004, ""axis_span"": 0.005, ""primary_max"": 0.005005553205, ""primary_min"": 0.0008109738435, ""primary_span"": 0.0041945793615, ""utilization_ratio"": 0.8389158722999999}]",Primary rolling range uses under 25% of old Y-axis; raw/global/domain scale dominates,Scale only finite displayed rolling series; exterior legend; readable count panel; 300 dpi,True,analysis/moving_averages/figures/emotion_pride/r_b_soul_full_scale.png,7,Y-axis follows displayed 12-month means; classifier scores range 0–1. Raw monthly context: 7 values outside view.,True,src/moving_average_figures.py,False,zero to 1.08 × maximum qualifying raw mean across overall and ALL genres; capped at 1.02; floor 0.005,0.0008109738435,0.005005553205,0,0.0343263321288,0.122197132678,,reviewed by family; no unresolved presentation issue
analysis/moving_averages/figures/emotion_pride/r_b_soul_full_scale.png,moving_average_individual_genre,equal-weight/rank-weighted rolling means; full-domain reference,y,linear,0.0008109738435,0.005005553205,0.0041945793615,0,1,1,0.0041945793615,"[{""axis_max"": 1.0, ""axis_min"": 0.0, ""axis_span"": 1.0, ""primary_max"": 0.005005553205, ""primary_min"": 0.0008109738435, ""primary_span"": 0.0041945793615, ""utilization_ratio"": 0.0041945793615}]",,Full-domain companion preserves every qualifying raw monthly value,False,,0,,True,src/moving_average_figures.py,True,New companion reference,,,,,,,intentional full-scale reference
analysis/moving_averages/figures/emotion_pride/rank_sensitivity.png,moving_average_rank_sensitivity,equal-weight 12-month mean; rank-weighted 12-month sensitivity,y,linear,0.001018587652,0.004466981807,0.003448394155,0.0007,0.0048,0.0041,0.841071745122,"[{""axis_max"": 0.0048000000000000004, ""axis_min"": 0.0007, ""axis_span"": 0.0041, ""primary_max"": 0.004466981807, ""primary_min"": 0.001018587652, ""primary_span"": 0.003448394155, ""utilization_ratio"": 0.8410717451219512}]",Primary rolling range uses under 25% of old Y-axis; raw/global/domain scale dominates,Scale only finite displayed rolling series; exterior legend; readable count panel; 300 dpi,False,,0,Y-axis follows displayed 12-month means; classifier scores range 0–1.,True,src/moving_average_figures.py,False,zero to 1.08 × maximum qualifying raw mean across overall and ALL genres; capped at 1.02; floor 0.005,0.001018587652,0.004466981807,0,0.0343263321288,0.100459150196,,reviewed by family; no unresolved presentation issue
analysis/moving_averages/figures/emotion_pride/rock.png,moving_average_individual_genre,equal-weight 12-month mean; rank-weighted 12-month sensitivity,y,linear,0.0006558480026,0.008749038229,0.0080931902264,0,0.0094,0.0094,0.86097768366,"[{""axis_max"": 0.0094, ""axis_min"": 0.0, ""axis_span"": 0.0094, ""primary_max"": 0.008749038229, ""primary_min"": 0.0006558480026, ""primary_span"": 0.0080931902264, ""utilization_ratio"": 0.8609776836595744}]",Primary rolling range uses under 25% of old Y-axis; raw/global/domain scale dominates,Scale only finite displayed rolling series; exterior legend; readable count panel; 300 dpi,True,analysis/moving_averages/figures/emotion_pride/rock_full_scale.png,5,Y-axis follows displayed 12-month means; classifier scores range 0–1. Raw monthly context: 5 values outside view.,True,src/moving_average_figures.py,False,zero to 1.08 × maximum qualifying raw mean across overall and ALL genres; capped at 1.02; floor 0.005,0.0006558480026,0.008749038229,0,0.0343263321288,0.235772065481,,reviewed by family; no unresolved presentation issue
analysis/moving_averages/figures/emotion_pride/rock_full_scale.png,moving_average_individual_genre,equal-weight/rank-weighted rolling means; full-domain reference,y,linear,0.0006558480026,0.008749038229,0.0080931902264,0,1,1,0.0080931902264,"[{""axis_max"": 1.0, ""axis_min"": 0.0, ""axis_span"": 1.0, ""primary_max"": 0.008749038229, ""primary_min"": 0.0006558480026, ""primary_span"": 0.0080931902264, ""utilization_ratio"": 0.0080931902264}]",,Full-domain companion preserves every qualifying raw monthly value,False,,0,,True,src/moving_average_figures.py,True,New companion reference,,,,,,,intentional full-scale reference
analysis/moving_averages/figures/emotion_realization/alternative_indie.png,moving_average_individual_genre,equal-weight 12-month mean; rank-weighted 12-month sensitivity,y,linear,0.02239486363,0.0882486675,0.06585380387,0.017,0.094,0.077,0.855244206104,"[{""axis_max"": 0.094, ""axis_min"": 0.017, ""axis_span"": 0.077, ""primary_max"": 0.0882486675, ""primary_min"": 0.02239486363, ""primary_span"": 0.06585380387, ""utilization_ratio"": 0.8552442061038962}]",Primary rolling range uses 25–50% of old Y-axis; reviewed against raw/global scale,Scale only finite displayed rolling series; exterior legend; readable count panel; 300 dpi,True,analysis/moving_averages/figures/emotion_realization/alternative_indie_full_scale.png,28,Y-axis follows displayed 12-month means; classifier scores range 0–1. Raw monthly context: 28 values outside view.,True,src/moving_average_figures.py,False,zero to 1.08 × maximum qualifying raw mean across overall and ALL genres; capped at 1.02; floor 0.005,0.02239486363,0.0882486675,0,0.221140641888,0.297791501859,,reviewed by family; no unresolved presentation issue
analysis/moving_averages/figures/emotion_realization/alternative_indie_full_scale.png,moving_average_individual_genre,equal-weight/rank-weighted rolling means; full-domain reference,y,linear,0.02239486363,0.0882486675,0.06585380387,0,1,1,0.06585380387,"[{""axis_max"": 1.0, ""axis_min"": 0.0, ""axis_span"": 1.0, ""primary_max"": 0.0882486675, ""primary_min"": 0.02239486363, ""primary_span"": 0.06585380387, ""utilization_ratio"": 0.06585380387}]",,Full-domain companion preserves every qualifying raw monthly value,False,,0,,True,src/moving_average_figures.py,True,New companion reference,,,,,,,intentional full-scale reference
analysis/moving_averages/figures/emotion_realization/country.png,moving_average_individual_genre,equal-weight 12-month mean; rank-weighted 12-month sensitivity,y,linear,0.01332162689,0.05500053502,0.04167890813,0.009,0.059,0.05,0.8335781626,"[{""axis_max"": 0.059000000000000004, ""axis_min"": 0.009000000000000001, ""axis_span"": 0.05, ""primary_max"": 0.05500053502, ""primary_min"": 0.01332162689, ""primary_span"": 0.04167890813, ""utilization_ratio"": 0.8335781626}]",Primary rolling range uses under 25% of old Y-axis; raw/global/domain scale dominates,Scale only finite displayed rolling series; exterior legend; readable count panel; 300 dpi,True,analysis/moving_averages/figures/emotion_realization/country_full_scale.png,29,Y-axis follows displayed 12-month means; classifier scores range 0–1. Raw monthly context: 29 values outside view.,True,src/moving_average_figures.py,False,zero to 1.08 × maximum qualifying raw mean across overall and ALL genres; capped at 1.02; floor 0.005,0.01332162689,0.05500053502,0,0.221140641888,0.188472402785,,reviewed by family; no unresolved presentation issue
analysis/moving_averages/figures/emotion_realization/country_full_scale.png,moving_average_individual_genre,equal-weight/rank-weighted rolling means; full-domain reference,y,linear,0.01332162689,0.05500053502,0.04167890813,0,1,1,0.04167890813,"[{""axis_max"": 1.0, ""axis_min"": 0.0, ""axis_span"": 1.0, ""primary_max"": 0.05500053502, ""primary_min"": 0.01332162689, ""primary_span"": 0.04167890813, ""utilization_ratio"": 0.04167890813}]",,Full-domain companion preserves every qualifying raw monthly value,False,,0,,True,src/moving_average_figures.py,True,New companion reference,,,,,,,intentional full-scale reference
analysis/moving_averages/figures/emotion_realization/electronic_dance.png,moving_average_individual_genre,equal-weight 12-month mean; rank-weighted 12-month sensitivity,y,linear,0.009908246308,0.05097107319,0.041062826882,0.006,0.055,0.049,0.838016875143,"[{""axis_max"": 0.055, ""axis_min"": 0.006, ""axis_span"": 0.049, ""primary_max"": 0.05097107319, ""primary_min"": 0.009908246308, ""primary_span"": 0.041062826882, ""utilization_ratio"": 0.838016875142857}]",Primary rolling range uses under 25% of old Y-axis; raw/global/domain scale dominates,Scale only finite displayed rolling series; exterior legend; readable count panel; 300 dpi,True,analysis/moving_averages/figures/emotion_realization/electronic_dance_full_scale.png,19,Y-axis follows displayed 12-month means; classifier scores range 0–1. Raw monthly context: 19 values outside view.,True,src/moving_average_figures.py,False,zero to 1.08 × maximum qualifying raw mean across overall and ALL genres; capped at 1.02; floor 0.005,0.009908246308,0.05097107319,0,0.221140641888,0.185686477761,,reviewed by family; no unresolved presentation issue
analysis/moving_averages/figures/emotion_realization/electronic_dance_full_scale.png,moving_average_individual_genre,equal-weight/rank-weighted rolling means; full-domain reference,y,linear,0.009908246308,0.05097107319,0.041062826882,0,1,1,0.041062826882,"[{""axis_max"": 1.0, ""axis_min"": 0.0, ""axis_span"": 1.0, ""primary_max"": 0.05097107319, ""primary_min"": 0.009908246308, ""primary_span"": 0.041062826882, ""utilization_ratio"": 0.041062826882}]",,Full-domain companion preserves every qualifying raw monthly value,False,,0,,True,src/moving_average_figures.py,True,New companion reference,,,,,,,intentional full-scale reference
analysis/moving_averages/figures/emotion_realization/hip_hop_rap.png,moving_average_individual_genre,equal-weight 12-month mean; rank-weighted 12-month sensitivity,y,linear,0.006508683502,0.04076605597,0.034257372468,0.003,0.044,0.041,0.835545669951,"[{""axis_max"": 0.044, ""axis_min"": 0.003, ""axis_span"": 0.040999999999999995, ""primary_max"": 0.04076605597, ""primary_min"": 0.006508683502, ""primary_span"": 0.034257372468, ""utilization_ratio"": 0.8355456699512196}]",Primary rolling range uses under 25% of old Y-axis; raw/global/domain scale dominates,Scale only finite displayed rolling series; exterior legend; readable count panel; 300 dpi,True,analysis/moving_averages/figures/emotion_realization/hip_hop_rap_full_scale.png,5,Y-axis follows displayed 12-month means; classifier scores range 0–1. Raw monthly context: 5 values outside view.,True,src/moving_average_figures.py,False,zero to 1.08 × maximum qualifying raw mean across overall and ALL genres; capped at 1.02; floor 0.005,0.006508683502,0.04076605597,0,0.221140641888,0.154912150817,,reviewed by family; no unresolved presentation issue
analysis/moving_averages/figures/emotion_realization/hip_hop_rap_full_scale.png,moving_average_individual_genre,equal-weight/rank-weighted rolling means; full-domain reference,y,linear,0.006508683502,0.04076605597,0.034257372468,0,1,1,0.034257372468,"[{""axis_max"": 1.0, ""axis_min"": 0.0, ""axis_span"": 1.0, ""primary_max"": 0.04076605597, ""primary_min"": 0.006508683502, ""primary_span"": 0.034257372468, ""utilization_ratio"": 0.034257372468}]",,Full-domain companion preserves every qualifying raw monthly value,False,,0,,True,src/moving_average_figures.py,True,New companion reference,,,,,,,intentional full-scale reference
analysis/moving_averages/figures/emotion_realization/major_genres.png,moving_average_major_genres,equal-weight 12-month mean,y,linear,0.006794399592,0.06068171985,0.053887320258,0.002,0.065,0.063,0.85535428981,"[{""axis_max"": 0.065, ""axis_min"": 0.002, ""axis_span"": 0.063, ""primary_max"": 0.06068171985, ""primary_min"": 0.006794399592, ""primary_span"": 0.053887320258000006, ""utilization_ratio"": 0.8553542898095239}]",Primary rolling range uses under 25% of old Y-axis; raw/global/domain scale dominates,Scale only finite displayed rolling series; exterior legend; readable count panel; 300 dpi,False,,0,Y-axis follows displayed 12-month means; classifier scores range 0–1.,True,src/moving_average_figures.py,False,zero to 1.08 × maximum qualifying raw mean across overall and ALL genres; capped at 1.02; floor 0.005,0.006794399592,0.06068171985,0,0.221140641888,0.2436789538,,reviewed by family; no unresolved presentation issue
analysis/moving_averages/figures/emotion_realization/overall.png,moving_average_overall,equal-weight 12-month mean,y,linear,0.01576750394,0.03613767143,0.02037016749,0.014,0.038,0.024,0.84875697875,"[{""axis_max"": 0.038, ""axis_min"": 0.014, ""axis_span"": 0.024, ""primary_max"": 0.03613767143, ""primary_min"": 0.01576750394, ""primary_span"": 0.020370167489999997, ""utilization_ratio"": 0.8487569787499999}]",Primary rolling range uses under 25% of old Y-axis; raw/global/domain scale dominates,Scale only finite displayed rolling series; exterior legend; readable count panel; 300 dpi,True,analysis/moving_averages/figures/emotion_realization/overall_full_scale.png,7,Y-axis follows displayed 12-month means; classifier scores range 0–1. Raw monthly context: 7 values outside view.,True,src/moving_average_figures.py,False,zero to 1.08 × maximum qualifying raw mean across overall and ALL genres; capped at 1.02; floor 0.005,0.01576750394,0.03613767143,0,0.221140641888,0.0921140832191,,reviewed by family; no unresolved presentation issue
analysis/moving_averages/figures/emotion_realization/overall_full_scale.png,moving_average_overall,equal-weight/rank-weighted rolling means; full-domain reference,y,linear,0.01576750394,0.03613767143,0.02037016749,0,1,1,0.02037016749,"[{""axis_max"": 1.0, ""axis_min"": 0.0, ""axis_span"": 1.0, ""primary_max"": 0.03613767143, ""primary_min"": 0.01576750394, ""primary_span"": 0.020370167489999997, ""utilization_ratio"": 0.020370167489999997}]",,Full-domain companion preserves every qualifying raw monthly value,False,,0,,True,src/moving_average_figures.py,True,New companion reference,,,,,,,intentional full-scale reference
analysis/moving_averages/figures/emotion_realization/pop.png,moving_average_individual_genre,equal-weight 12-month mean; rank-weighted 12-month sensitivity,y,linear,0.0117414479,0.05880386117,0.04706241327,0.007,0.063,0.056,0.840400236964,"[{""axis_max"": 0.063, ""axis_min"": 0.007, ""axis_span"": 0.056, ""primary_max"": 0.05880386117, ""primary_min"": 0.0117414479, ""primary_span"": 0.04706241327, ""utilization_ratio"": 0.8404002369642857}]",Primary rolling range uses under 25% of old Y-axis; raw/global/domain scale dominates,Scale only finite displayed rolling series; exterior legend; readable count panel; 300 dpi,True,analysis/moving_averages/figures/emotion_realization/pop_full_scale.png,14,Y-axis follows displayed 12-month means; classifier scores range 0–1. Raw monthly context: 14 values outside view.,True,src/moving_average_figures.py,False,zero to 1.08 × maximum qualifying raw mean across overall and ALL genres; capped at 1.02; floor 0.005,0.0117414479,0.05880386117,0,0.221140641888,0.21281666214,,reviewed by family; no unresolved presentation issue
analysis/moving_averages/figures/emotion_realization/pop_full_scale.png,moving_average_individual_genre,equal-weight/rank-weighted rolling means; full-domain reference,y,linear,0.0117414479,0.05880386117,0.04706241327,0,1,1,0.04706241327,"[{""axis_max"": 1.0, ""axis_min"": 0.0, ""axis_span"": 1.0, ""primary_max"": 0.05880386117, ""primary_min"": 0.0117414479, ""primary_span"": 0.04706241327, ""utilization_ratio"": 0.04706241327}]",,Full-domain companion preserves every qualifying raw monthly value,False,,0,,True,src/moving_average_figures.py,True,New companion reference,,,,,,,intentional full-scale reference
analysis/moving_averages/figures/emotion_realization/r_b_soul.png,moving_average_individual_genre,equal-weight 12-month mean; rank-weighted 12-month sensitivity,y,linear,0.00848464539,0.03968682852,0.03120218313,0.005,0.043,0.038,0.821110082368,"[{""axis_max"": 0.043000000000000003, ""axis_min"": 0.005, ""axis_span"": 0.038000000000000006, ""primary_max"": 0.03968682852, ""primary_min"": 0.00848464539, ""primary_span"": 0.031202183130000002, ""utilization_ratio"": 0.821110082368421}]",Primary rolling range uses under 25% of old Y-axis; raw/global/domain scale dominates,Scale only finite displayed rolling series; exterior legend; readable count panel; 300 dpi,True,analysis/moving_averages/figures/emotion_realization/r_b_soul_full_scale.png,22,Y-axis follows displayed 12-month means; classifier scores range 0–1. Raw monthly context: 22 values outside view.,True,src/moving_average_figures.py,False,zero to 1.08 × maximum qualifying raw mean across overall and ALL genres; capped at 1.02; floor 0.005,0.00848464539,0.03968682852,0,0.221140641888,0.14109655676,,reviewed by family; no unresolved presentation issue
analysis/moving_averages/figures/emotion_realization/r_b_soul_full_scale.png,moving_average_individual_genre,equal-weight/rank-weighted rolling means; full-domain reference,y,linear,0.00848464539,0.03968682852,0.03120218313,0,1,1,0.03120218313,"[{""axis_max"": 1.0, ""axis_min"": 0.0, ""axis_span"": 1.0, ""primary_max"": 0.03968682852, ""primary_min"": 0.00848464539, ""primary_span"": 0.031202183130000002, ""utilization_ratio"": 0.031202183130000002}]",,Full-domain companion preserves every qualifying raw monthly value,False,,0,,True,src/moving_average_figures.py,True,New companion reference,,,,,,,intentional full-scale reference
analysis/moving_averages/figures/emotion_realization/rank_sensitivity.png,moving_average_rank_sensitivity,equal-weight 12-month mean; rank-weighted 12-month sensitivity,y,linear,0.01554153299,0.03613767143,0.02059613844,0.013,0.038,0.025,0.8238455376,"[{""axis_max"": 0.038, ""axis_min"": 0.013000000000000001, ""axis_span"": 0.024999999999999998, ""primary_max"": 0.03613767143, ""primary_min"": 0.01554153299, ""primary_span"": 0.020596138439999995, ""utilization_ratio"": 0.8238455375999999}]",Primary rolling range uses under 25% of old Y-axis; raw/global/domain scale dominates,Scale only finite displayed rolling series; exterior legend; readable count panel; 300 dpi,False,,0,Y-axis follows displayed 12-month means; classifier scores range 0–1.,True,src/moving_average_figures.py,False,zero to 1.08 × maximum qualifying raw mean across overall and ALL genres; capped at 1.02; floor 0.005,0.01554153299,0.03613767143,0,0.221140641888,0.0931359259165,,reviewed by family; no unresolved presentation issue
analysis/moving_averages/figures/emotion_realization/rock.png,moving_average_individual_genre,equal-weight 12-month mean; rank-weighted 12-month sensitivity,y,linear,0.01251486616,0.06724669231,0.05473182615,0.008,0.072,0.064,0.855184783594,"[{""axis_max"": 0.07200000000000001, ""axis_min"": 0.008, ""axis_span"": 0.064, ""primary_max"": 0.06724669231, ""primary_min"": 0.01251486616, ""primary_span"": 0.054731826149999996, ""utilization_ratio"": 0.8551847835937499}]",Primary rolling range uses under 25% of old Y-axis; raw/global/domain scale dominates,Scale only finite displayed rolling series; exterior legend; readable count panel; 300 dpi,True,analysis/moving_averages/figures/emotion_realization/rock_full_scale.png,11,Y-axis follows displayed 12-month means; classifier scores range 0–1. Raw monthly context: 11 values outside view.,True,src/moving_average_figures.py,False,zero to 1.08 × maximum qualifying raw mean across overall and ALL genres; capped at 1.02; floor 0.005,0.01251486616,0.06724669231,0,0.221140641888,0.247497817148,,reviewed by family; no unresolved presentation issue
analysis/moving_averages/figures/emotion_realization/rock_full_scale.png,moving_average_individual_genre,equal-weight/rank-weighted rolling means; full-domain reference,y,linear,0.01251486616,0.06724669231,0.05473182615,0,1,1,0.05473182615,"[{""axis_max"": 1.0, ""axis_min"": 0.0, ""axis_span"": 1.0, ""primary_max"": 0.06724669231, ""primary_min"": 0.01251486616, ""primary_span"": 0.054731826149999996, ""utilization_ratio"": 0.054731826149999996}]",,Full-domain companion preserves every qualifying raw monthly value,False,,0,,True,src/moving_average_figures.py,True,New companion reference,,,,,,,intentional full-scale reference
analysis/moving_averages/figures/emotion_relief/alternative_indie.png,moving_average_individual_genre,equal-weight 12-month mean; rank-weighted 12-month sensitivity,y,linear,0.001454048446,0.005134048913,0.003680000467,0.0011,0.0055,0.0044,0.8363637425,"[{""axis_max"": 0.0055000000000000005, ""axis_min"": 0.0011, ""axis_span"": 0.0044, ""primary_max"": 0.005134048913, ""primary_min"": 0.001454048446, ""primary_span"": 0.0036800004669999995, ""utilization_ratio"": 0.8363637424999999}]",Primary rolling range uses under 25% of old Y-axis; raw/global/domain scale dominates,Scale only finite displayed rolling series; exterior legend; readable count panel; 300 dpi,True,analysis/moving_averages/figures/emotion_relief/alternative_indie_full_scale.png,35,Y-axis follows displayed 12-month means; classifier scores range 0–1. Raw monthly context: 35 values outside view.,True,src/moving_average_figures.py,False,zero to 1.08 × maximum qualifying raw mean across overall and ALL genres; capped at 1.02; floor 0.005,0.001454048446,0.005134048913,0,0.0200498029272,0.18354297448,,reviewed by family; no unresolved presentation issue
analysis/moving_averages/figures/emotion_relief/alternative_indie_full_scale.png,moving_average_individual_genre,equal-weight/rank-weighted rolling means; full-domain reference,y,linear,0.001454048446,0.005134048913,0.003680000467,0,1,1,0.003680000467,"[{""axis_max"": 1.0, ""axis_min"": 0.0, ""axis_span"": 1.0, ""primary_max"": 0.005134048913, ""primary_min"": 0.001454048446, ""primary_span"": 0.0036800004669999995, ""utilization_ratio"": 0.0036800004669999995}]",,Full-domain companion preserves every qualifying raw monthly value,False,,0,,True,src/moving_average_figures.py,True,New companion reference,,,,,,,intentional full-scale reference
analysis/moving_averages/figures/emotion_relief/country.png,moving_average_individual_genre,equal-weight 12-month mean; rank-weighted 12-month sensitivity,y,linear,0.001735495483,0.009007291177,0.007271795694,0.0011,0.0096,0.0085,0.855505375765,"[{""axis_max"": 0.009600000000000001, ""axis_min"": 0.0011, ""axis_span"": 0.0085, ""primary_max"": 0.009007291177, ""primary_min"": 0.001735495483, ""primary_span"": 0.007271795694000001, ""utilization_ratio"": 0.855505375764706}]",Primary rolling range uses 25–50% of old Y-axis; reviewed against raw/global scale,Scale only finite displayed rolling series; exterior legend; readable count panel; 300 dpi,True,analysis/moving_averages/figures/emotion_relief/country_full_scale.png,20,Y-axis follows displayed 12-month means; classifier scores range 0–1. Raw monthly context: 20 values outside view.,True,src/moving_average_figures.py,False,zero to 1.08 × maximum qualifying raw mean across overall and ALL genres; capped at 1.02; floor 0.005,0.001735495483,0.009007291177,0,0.0200498029272,0.362686641879,,reviewed by family; no unresolved presentation issue
analysis/moving_averages/figures/emotion_relief/country_full_scale.png,moving_average_individual_genre,equal-weight/rank-weighted rolling means; full-domain reference,y,linear,0.001735495483,0.009007291177,0.007271795694,0,1,1,0.007271795694,"[{""axis_max"": 1.0, ""axis_min"": 0.0, ""axis_span"": 1.0, ""primary_max"": 0.009007291177, ""primary_min"": 0.001735495483, ""primary_span"": 0.007271795694000001, ""utilization_ratio"": 0.007271795694000001}]",,Full-domain companion preserves every qualifying raw monthly value,False,,0,,True,src/moving_average_figures.py,True,New companion reference,,,,,,,intentional full-scale reference
analysis/moving_averages/figures/emotion_relief/electronic_dance.png,moving_average_individual_genre,equal-weight 12-month mean; rank-weighted 12-month sensitivity,y,linear,0.001444333645,0.004326139886,0.002881806241,0.0012,0.0046,0.0034,0.847590070882,"[{""axis_max"": 0.0046, ""axis_min"": 0.0012000000000000001, ""axis_span"": 0.0034, ""primary_max"": 0.004326139886, ""primary_min"": 0.001444333645, ""primary_span"": 0.0028818062409999997, ""utilization_ratio"": 0.8475900708823529}]",Primary rolling range uses under 25% of old Y-axis; raw/global/domain scale dominates,Scale only finite displayed rolling series; exterior legend; readable count panel; 300 dpi,True,analysis/moving_averages/figures/emotion_relief/electronic_dance_full_scale.png,25,Y-axis follows displayed 12-month means; classifier scores range 0–1. Raw monthly context: 25 values outside view.,True,src/moving_average_figures.py,False,zero to 1.08 × maximum qualifying raw mean across overall and ALL genres; capped at 1.02; floor 0.005,0.001444333645,0.004326139886,0,0.0200498029272,0.143732397344,,reviewed by family; no unresolved presentation issue
analysis/moving_averages/figures/emotion_relief/electronic_dance_full_scale.png,moving_average_individual_genre,equal-weight/rank-weighted rolling means; full-domain reference,y,linear,0.001444333645,0.004326139886,0.002881806241,0,1,1,0.002881806241,"[{""axis_max"": 1.0, ""axis_min"": 0.0, ""axis_span"": 1.0, ""primary_max"": 0.004326139886, ""primary_min"": 0.001444333645, ""primary_span"": 0.0028818062409999997, ""utilization_ratio"": 0.0028818062409999997}]",,Full-domain companion preserves every qualifying raw monthly value,False,,0,,True,src/moving_average_figures.py,True,New companion reference,,,,,,,intentional full-scale reference
analysis/moving_averages/figures/emotion_relief/hip_hop_rap.png,moving_average_individual_genre,equal-weight 12-month mean; rank-weighted 12-month sensitivity,y,linear,0.000648171904,0.003126671833,0.002478499929,0.0004,0.0034,0.003,0.826166643,"[{""axis_max"": 0.0034000000000000002, ""axis_min"": 0.0004, ""axis_span"": 0.003, ""primary_max"": 0.003126671833, ""primary_min"": 0.000648171904, ""primary_span"": 0.0024784999289999997, ""utilization_ratio"": 0.8261666429999999}]",Primary rolling range uses under 25% of old Y-axis; raw/global/domain scale dominates,Scale only finite displayed rolling series; exterior legend; readable count panel; 300 dpi,True,analysis/moving_averages/figures/emotion_relief/hip_hop_rap_full_scale.png,8,Y-axis follows displayed 12-month means; classifier scores range 0–1. Raw monthly context: 8 values outside view.,True,src/moving_average_figures.py,False,zero to 1.08 × maximum qualifying raw mean across overall and ALL genres; capped at 1.02; floor 0.005,0.000648171904,0.003126671833,0,0.0200498029272,0.1236171716,,reviewed by family; no unresolved presentation issue
analysis/moving_averages/figures/emotion_relief/hip_hop_rap_full_scale.png,moving_average_individual_genre,equal-weight/rank-weighted rolling means; full-domain reference,y,linear,0.000648171904,0.003126671833,0.002478499929,0,1,1,0.002478499929,"[{""axis_max"": 1.0, ""axis_min"": 0.0, ""axis_span"": 1.0, ""primary_max"": 0.003126671833, ""primary_min"": 0.000648171904, ""primary_span"": 0.0024784999289999997, ""utilization_ratio"": 0.0024784999289999997}]",,Full-domain companion preserves every qualifying raw monthly value,False,,0,,True,src/moving_average_figures.py,True,New companion reference,,,,,,,intentional full-scale reference
analysis/moving_averages/figures/emotion_relief/major_genres.png,moving_average_major_genres,equal-weight 12-month mean,y,linear,0.0006770388154,0.009007291177,0.0083302523616,0,0.0097,0.0097,0.858788903258,"[{""axis_max"": 0.0097, ""axis_min"": 0.0, ""axis_span"": 0.0097, ""primary_max"": 0.009007291177, ""primary_min"": 0.0006770388154, ""primary_span"": 0.0083302523616, ""utilization_ratio"": 0.8587889032577319}]",Primary rolling range uses 25–50% of old Y-axis; reviewed against raw/global scale,Scale only finite displayed rolling series; exterior legend; readable count panel; 300 dpi,False,,0,Y-axis follows displayed 12-month means; classifier scores range 0–1.,True,src/moving_average_figures.py,False,zero to 1.08 × maximum qualifying raw mean across overall and ALL genres; capped at 1.02; floor 0.005,0.0006770388154,0.009007291177,0,0.0200498029272,0.415478017008,,reviewed by family; no unresolved presentation issue
analysis/moving_averages/figures/emotion_relief/overall.png,moving_average_overall,equal-weight 12-month mean,y,linear,0.001869621992,0.004194928098,0.002325306106,0.0016,0.0044,0.0028,0.830466466429,"[{""axis_max"": 0.0044, ""axis_min"": 0.0016, ""axis_span"": 0.0028000000000000004, ""primary_max"": 0.004194928098, ""primary_min"": 0.001869621992, ""primary_span"": 0.002325306106, ""utilization_ratio"": 0.8304664664285714}]",Primary rolling range uses under 25% of old Y-axis; raw/global/domain scale dominates,Scale only finite displayed rolling series; exterior legend; readable count panel; 300 dpi,True,analysis/moving_averages/figures/emotion_relief/overall_full_scale.png,31,Y-axis follows displayed 12-month means; classifier scores range 0–1. Raw monthly context: 31 values outside view.,True,src/moving_average_figures.py,False,zero to 1.08 × maximum qualifying raw mean across overall and ALL genres; capped at 1.02; floor 0.005,0.001869621992,0.004194928098,0,0.0200498029272,0.115976506824,,reviewed by family; no unresolved presentation issue
analysis/moving_averages/figures/emotion_relief/overall_full_scale.png,moving_average_overall,equal-weight/rank-weighted rolling means; full-domain reference,y,linear,0.001869621992,0.004194928098,0.002325306106,0,1,1,0.002325306106,"[{""axis_max"": 1.0, ""axis_min"": 0.0, ""axis_span"": 1.0, ""primary_max"": 0.004194928098, ""primary_min"": 0.001869621992, ""primary_span"": 0.002325306106, ""utilization_ratio"": 0.002325306106}]",,Full-domain companion preserves every qualifying raw monthly value,False,,0,,True,src/moving_average_figures.py,True,New companion reference,,,,,,,intentional full-scale reference
analysis/moving_averages/figures/emotion_relief/pop.png,moving_average_individual_genre,equal-weight 12-month mean; rank-weighted 12-month sensitivity,y,linear,0.00160596441,0.006286732708,0.004680768298,0.0012,0.0067,0.0055,0.851048781455,"[{""axis_max"": 0.0067, ""axis_min"": 0.0012000000000000001, ""axis_span"": 0.0055, ""primary_max"": 0.006286732708, ""primary_min"": 0.00160596441, ""primary_span"": 0.004680768298000001, ""utilization_ratio"": 0.8510487814545457}]",Primary rolling range uses under 25% of old Y-axis; raw/global/domain scale dominates,Scale only finite displayed rolling series; exterior legend; readable count panel; 300 dpi,True,analysis/moving_averages/figures/emotion_relief/pop_full_scale.png,15,Y-axis follows displayed 12-month means; classifier scores range 0–1. Raw monthly context: 15 values outside view.,True,src/moving_average_figures.py,False,zero to 1.08 × maximum qualifying raw mean across overall and ALL genres; capped at 1.02; floor 0.005,0.00160596441,0.006286732708,0,0.0200498029272,0.23345707262,,reviewed by family; no unresolved presentation issue
analysis/moving_averages/figures/emotion_relief/pop_full_scale.png,moving_average_individual_genre,equal-weight/rank-weighted rolling means; full-domain reference,y,linear,0.00160596441,0.006286732708,0.004680768298,0,1,1,0.004680768298,"[{""axis_max"": 1.0, ""axis_min"": 0.0, ""axis_span"": 1.0, ""primary_max"": 0.006286732708, ""primary_min"": 0.00160596441, ""primary_span"": 0.004680768298000001, ""utilization_ratio"": 0.004680768298000001}]",,Full-domain companion preserves every qualifying raw monthly value,False,,0,,True,src/moving_average_figures.py,True,New companion reference,,,,,,,intentional full-scale reference
analysis/moving_averages/figures/emotion_relief/r_b_soul.png,moving_average_individual_genre,equal-weight 12-month mean; rank-weighted 12-month sensitivity,y,linear,0.001107116095,0.007161219406,0.006054103311,0.0006,0.0077,0.0071,0.852690607183,"[{""axis_max"": 0.0077, ""axis_min"": 0.0006000000000000001, ""axis_span"": 0.0071, ""primary_max"": 0.007161219406, ""primary_min"": 0.001107116095, ""primary_span"": 0.006054103311, ""utilization_ratio"": 0.8526906071830985}]",Primary rolling range uses 25–50% of old Y-axis; reviewed against raw/global scale,Scale only finite displayed rolling series; exterior legend; readable count panel; 300 dpi,True,analysis/moving_averages/figures/emotion_relief/r_b_soul_full_scale.png,6,Y-axis follows displayed 12-month means; classifier scores range 0–1. Raw monthly context: 6 values outside view.,True,src/moving_average_figures.py,False,zero to 1.08 × maximum qualifying raw mean across overall and ALL genres; capped at 1.02; floor 0.005,0.001107116095,0.007161219406,0,0.0200498029272,0.301953257744,,reviewed by family; no unresolved presentation issue
analysis/moving_averages/figures/emotion_relief/r_b_soul_full_scale.png,moving_average_individual_genre,equal-weight/rank-weighted rolling means; full-domain reference,y,linear,0.001107116095,0.007161219406,0.006054103311,0,1,1,0.006054103311,"[{""axis_max"": 1.0, ""axis_min"": 0.0, ""axis_span"": 1.0, ""primary_max"": 0.007161219406, ""primary_min"": 0.001107116095, ""primary_span"": 0.006054103311, ""utilization_ratio"": 0.006054103311}]",,Full-domain companion preserves every qualifying raw monthly value,False,,0,,True,src/moving_average_figures.py,True,New companion reference,,,,,,,intentional full-scale reference
analysis/moving_averages/figures/emotion_relief/rank_sensitivity.png,moving_average_rank_sensitivity,equal-weight 12-month mean; rank-weighted 12-month sensitivity,y,linear,0.001801833867,0.004194928098,0.002393094231,0.0016,0.0044,0.0028,0.854676511071,"[{""axis_max"": 0.0044, ""axis_min"": 0.0016, ""axis_span"": 0.0028000000000000004, ""primary_max"": 0.004194928098, ""primary_min"": 0.001801833867, ""primary_span"": 0.002393094231, ""utilization_ratio"": 0.8546765110714285}]",Primary rolling range uses under 25% of old Y-axis; raw/global/domain scale dominates,Scale only finite displayed rolling series; exterior legend; readable count panel; 300 dpi,False,,0,Y-axis follows displayed 12-month means; classifier scores range 0–1.,True,src/moving_average_figures.py,False,zero to 1.08 × maximum qualifying raw mean across overall and ALL genres; capped at 1.02; floor 0.005,0.001801833867,0.004194928098,0,0.0200498029272,0.119357493921,,reviewed by family; no unresolved presentation issue
analysis/moving_averages/figures/emotion_relief/rock.png,moving_average_individual_genre,equal-weight 12-month mean; rank-weighted 12-month sensitivity,y,linear,0.001438133134,0.006800760418,0.005362627284,0.001,0.0073,0.0063,0.85121068,"[{""axis_max"": 0.0073, ""axis_min"": 0.001, ""axis_span"": 0.0063, ""primary_max"": 0.006800760418, ""primary_min"": 0.001438133134, ""primary_span"": 0.005362627284000001, ""utilization_ratio"": 0.8512106800000001}]",Primary rolling range uses 25–50% of old Y-axis; reviewed against raw/global scale,Scale only finite displayed rolling series; exterior legend; readable count panel; 300 dpi,True,analysis/moving_averages/figures/emotion_relief/rock_full_scale.png,8,Y-axis follows displayed 12-month means; classifier scores range 0–1. Raw monthly context: 8 values outside view.,True,src/moving_average_figures.py,False,zero to 1.08 × maximum qualifying raw mean across overall and ALL genres; capped at 1.02; floor 0.005,0.001438133134,0.006800760418,0,0.0200498029272,0.267465336366,,reviewed by family; no unresolved presentation issue
analysis/moving_averages/figures/emotion_relief/rock_full_scale.png,moving_average_individual_genre,equal-weight/rank-weighted rolling means; full-domain reference,y,linear,0.001438133134,0.006800760418,0.005362627284,0,1,1,0.005362627284,"[{""axis_max"": 1.0, ""axis_min"": 0.0, ""axis_span"": 1.0, ""primary_max"": 0.006800760418, ""primary_min"": 0.001438133134, ""primary_span"": 0.005362627284000001, ""utilization_ratio"": 0.005362627284000001}]",,Full-domain companion preserves every qualifying raw monthly value,False,,0,,True,src/moving_average_figures.py,True,New companion reference,,,,,,,intentional full-scale reference
analysis/moving_averages/figures/emotion_remorse/alternative_indie.png,moving_average_individual_genre,equal-weight 12-month mean; rank-weighted 12-month sensitivity,y,linear,0.002394919678,0.01430538032,0.011910460642,0.001,0.016,0.015,0.794030709467,"[{""axis_max"": 0.016, ""axis_min"": 0.001, ""axis_span"": 0.015, ""primary_max"": 0.01430538032, ""primary_min"": 0.002394919678, ""primary_span"": 0.011910460642, ""utilization_ratio"": 0.7940307094666667}]",Primary rolling range uses under 25% of old Y-axis; raw/global/domain scale dominates,Scale only finite displayed rolling series; exterior legend; readable count panel; 300 dpi,True,analysis/moving_averages/figures/emotion_remorse/alternative_indie_full_scale.png,30,Y-axis follows displayed 12-month means; classifier scores range 0–1. Raw monthly context: 30 values outside view.,True,src/moving_average_figures.py,False,zero to 1.08 × maximum qualifying raw mean across overall and ALL genres; capped at 1.02; floor 0.005,0.002394919678,0.01430538032,0,0.213267204504,0.055847595835,,reviewed by family; no unresolved presentation issue
analysis/moving_averages/figures/emotion_remorse/alternative_indie_full_scale.png,moving_average_individual_genre,equal-weight/rank-weighted rolling means; full-domain reference,y,linear,0.002394919678,0.01430538032,0.011910460642,0,1,1,0.011910460642,"[{""axis_max"": 1.0, ""axis_min"": 0.0, ""axis_span"": 1.0, ""primary_max"": 0.01430538032, ""primary_min"": 0.002394919678, ""primary_span"": 0.011910460642, ""utilization_ratio"": 0.011910460642}]",,Full-domain companion preserves every qualifying raw monthly value,False,,0,,True,src/moving_average_figures.py,True,New companion reference,,,,,,,intentional full-scale reference
analysis/moving_averages/figures/emotion_remorse/country.png,moving_average_individual_genre,equal-weight 12-month mean; rank-weighted 12-month sensitivity,y,linear,0.0009513327811,0.04040444609,0.0394531133089,0,0.044,0.044,0.896661666111,"[{""axis_max"": 0.044, ""axis_min"": 0.0, ""axis_span"": 0.044, ""primary_max"": 0.04040444609, ""primary_min"": 0.0009513327811, ""primary_span"": 0.039453113308899994, ""utilization_ratio"": 0.8966616661113636}]",Primary rolling range uses under 25% of old Y-axis; raw/global/domain scale dominates,Scale only finite displayed rolling series; exterior legend; readable count panel; 300 dpi,True,analysis/moving_averages/figures/emotion_remorse/country_full_scale.png,11,Y-axis follows displayed 12-month means; classifier scores range 0–1. Raw monthly context: 11 values outside view.,True,src/moving_average_figures.py,False,zero to 1.08 × maximum qualifying raw mean across overall and ALL genres; capped at 1.02; floor 0.005,0.0009513327811,0.04040444609,0,0.213267204504,0.184993812812,,reviewed by family; no unresolved presentation issue
analysis/moving_averages/figures/emotion_remorse/country_full_scale.png,moving_average_individual_genre,equal-weight/rank-weighted rolling means; full-domain reference,y,linear,0.0009513327811,0.04040444609,0.0394531133089,0,1,1,0.0394531133089,"[{""axis_max"": 1.0, ""axis_min"": 0.0, ""axis_span"": 1.0, ""primary_max"": 0.04040444609, ""primary_min"": 0.0009513327811, ""primary_span"": 0.039453113308899994, ""utilization_ratio"": 0.039453113308899994}]",,Full-domain companion preserves every qualifying raw monthly value,False,,0,,True,src/moving_average_figures.py,True,New companion reference,,,,,,,intentional full-scale reference
analysis/moving_averages/figures/emotion_remorse/electronic_dance.png,moving_average_individual_genre,equal-weight 12-month mean; rank-weighted 12-month sensitivity,y,linear,0.002332423352,0.0306087859,0.028276362548,0,0.033,0.033,0.856859471152,"[{""axis_max"": 0.033, ""axis_min"": 0.0, ""axis_span"": 0.033, ""primary_max"": 0.0306087859, ""primary_min"": 0.002332423352, ""primary_span"": 0.028276362548000002, ""utilization_ratio"": 0.8568594711515152}]",Primary rolling range uses under 25% of old Y-axis; raw/global/domain scale dominates,Scale only finite displayed rolling series; exterior legend; readable count panel; 300 dpi,True,analysis/moving_averages/figures/emotion_remorse/electronic_dance_full_scale.png,9,Y-axis follows displayed 12-month means; classifier scores range 0–1. Raw monthly context: 9 values outside view.,True,src/moving_average_figures.py,False,zero to 1.08 × maximum qualifying raw mean across overall and ALL genres; capped at 1.02; floor 0.005,0.002332423352,0.0306087859,0,0.213267204504,0.132586548475,,reviewed by family; no unresolved presentation issue
analysis/moving_averages/figures/emotion_remorse/electronic_dance_full_scale.png,moving_average_individual_genre,equal-weight/rank-weighted rolling means; full-domain reference,y,linear,0.002332423352,0.0306087859,0.028276362548,0,1,1,0.028276362548,"[{""axis_max"": 1.0, ""axis_min"": 0.0, ""axis_span"": 1.0, ""primary_max"": 0.0306087859, ""primary_min"": 0.002332423352, ""primary_span"": 0.028276362548000002, ""utilization_ratio"": 0.028276362548000002}]",,Full-domain companion preserves every qualifying raw monthly value,False,,0,,True,src/moving_average_figures.py,True,New companion reference,,,,,,,intentional full-scale reference
analysis/moving_averages/figures/emotion_remorse/hip_hop_rap.png,moving_average_individual_genre,equal-weight 12-month mean; rank-weighted 12-month sensitivity,y,linear,0.0004387428084,0.0542050102,0.0537662673916,0,0.059,0.059,0.911292667654,"[{""axis_max"": 0.059000000000000004, ""axis_min"": 0.0, ""axis_span"": 0.059000000000000004, ""primary_max"": 0.0542050102, ""primary_min"": 0.0004387428084, ""primary_span"": 0.0537662673916, ""utilization_ratio"": 0.9112926676542372}]",Primary rolling range uses 25–50% of old Y-axis; reviewed against raw/global scale,Scale only finite displayed rolling series; exterior legend; readable count panel; 300 dpi,True,analysis/moving_averages/figures/emotion_remorse/hip_hop_rap_full_scale.png,5,Y-axis follows displayed 12-month means; classifier scores range 0–1. Raw monthly context: 5 values outside view.,True,src/moving_average_figures.py,False,zero to 1.08 × maximum qualifying raw mean across overall and ALL genres; capped at 1.02; floor 0.005,0.0004387428084,0.0542050102,0,0.213267204504,0.252107526409,,reviewed by family; no unresolved presentation issue
analysis/moving_averages/figures/emotion_remorse/hip_hop_rap_full_scale.png,moving_average_individual_genre,equal-weight/rank-weighted rolling means; full-domain reference,y,linear,0.0004387428084,0.0542050102,0.0537662673916,0,1,1,0.0537662673916,"[{""axis_max"": 1.0, ""axis_min"": 0.0, ""axis_span"": 1.0, ""primary_max"": 0.0542050102, ""primary_min"": 0.0004387428084, ""primary_span"": 0.0537662673916, ""utilization_ratio"": 0.0537662673916}]",,Full-domain companion preserves every qualifying raw monthly value,False,,0,,True,src/moving_average_figures.py,True,New companion reference,,,,,,,intentional full-scale reference
analysis/moving_averages/figures/emotion_remorse/major_genres.png,moving_average_major_genres,equal-weight 12-month mean,y,linear,0.0005962872429,0.05598463029,0.0553883430471,0,0.061,0.061,0.908005623723,"[{""axis_max"": 0.061, ""axis_min"": 0.0, ""axis_span"": 0.061, ""primary_max"": 0.05598463029, ""primary_min"": 0.0005962872429, ""primary_span"": 0.0553883430471, ""utilization_ratio"": 0.9080056237229508}]",Primary rolling range uses 25–50% of old Y-axis; reviewed against raw/global scale,Scale only finite displayed rolling series; exterior legend; readable count panel; 300 dpi,False,,0,Y-axis follows displayed 12-month means; classifier scores range 0–1.,True,src/moving_average_figures.py,False,zero to 1.08 × maximum qualifying raw mean across overall and ALL genres; capped at 1.02; floor 0.005,0.0005962872429,0.05598463029,0,0.213267204504,0.259713363693,,reviewed by family; no unresolved presentation issue
analysis/moving_averages/figures/emotion_remorse/overall.png,moving_average_overall,equal-weight 12-month mean,y,linear,0.003276657182,0.01879318956,0.015516532378,0.002,0.021,0.019,0.816659598842,"[{""axis_max"": 0.021, ""axis_min"": 0.002, ""axis_span"": 0.019000000000000003, ""primary_max"": 0.01879318956, ""primary_min"": 0.003276657182, ""primary_span"": 0.015516532377999999, ""utilization_ratio"": 0.816659598842105}]",Primary rolling range uses under 25% of old Y-axis; raw/global/domain scale dominates,Scale only finite displayed rolling series; exterior legend; readable count panel; 300 dpi,True,analysis/moving_averages/figures/emotion_remorse/overall_full_scale.png,16,Y-axis follows displayed 12-month means; classifier scores range 0–1. Raw monthly context: 16 values outside view.,True,src/moving_average_figures.py,False,zero to 1.08 × maximum qualifying raw mean across overall and ALL genres; capped at 1.02; floor 0.005,0.003276657182,0.01879318956,0,0.213267204504,0.0727562984383,,reviewed by family; no unresolved presentation issue
analysis/moving_averages/figures/emotion_remorse/overall_full_scale.png,moving_average_overall,equal-weight/rank-weighted rolling means; full-domain reference,y,linear,0.003276657182,0.01879318956,0.015516532378,0,1,1,0.015516532378,"[{""axis_max"": 1.0, ""axis_min"": 0.0, ""axis_span"": 1.0, ""primary_max"": 0.01879318956, ""primary_min"": 0.003276657182, ""primary_span"": 0.015516532377999999, ""utilization_ratio"": 0.015516532377999999}]",,Full-domain companion preserves every qualifying raw monthly value,False,,0,,True,src/moving_average_figures.py,True,New companion reference,,,,,,,intentional full-scale reference
analysis/moving_averages/figures/emotion_remorse/pop.png,moving_average_individual_genre,equal-weight 12-month mean; rank-weighted 12-month sensitivity,y,linear,0.002177086981,0.04901757849,0.046840491509,0,0.053,0.053,0.88378285866,"[{""axis_max"": 0.053, ""axis_min"": 0.0, ""axis_span"": 0.053, ""primary_max"": 0.04901757849, ""primary_min"": 0.002177086981, ""primary_span"": 0.046840491509, ""utilization_ratio"": 0.8837828586603774}]",Primary rolling range uses under 25% of old Y-axis; raw/global/domain scale dominates,Scale only finite displayed rolling series; exterior legend; readable count panel; 300 dpi,True,analysis/moving_averages/figures/emotion_remorse/pop_full_scale.png,10,Y-axis follows displayed 12-month means; classifier scores range 0–1. Raw monthly context: 10 values outside view.,True,src/moving_average_figures.py,False,zero to 1.08 × maximum qualifying raw mean across overall and ALL genres; capped at 1.02; floor 0.005,0.002177086981,0.04901757849,0,0.213267204504,0.219632885506,,reviewed by family; no unresolved presentation issue
analysis/moving_averages/figures/emotion_remorse/pop_full_scale.png,moving_average_individual_genre,equal-weight/rank-weighted rolling means; full-domain reference,y,linear,0.002177086981,0.04901757849,0.046840491509,0,1,1,0.046840491509,"[{""axis_max"": 1.0, ""axis_min"": 0.0, ""axis_span"": 1.0, ""primary_max"": 0.04901757849, ""primary_min"": 0.002177086981, ""primary_span"": 0.046840491509, ""utilization_ratio"": 0.046840491509}]",,Full-domain companion preserves every qualifying raw monthly value,False,,0,,True,src/moving_average_figures.py,True,New companion reference,,,,,,,intentional full-scale reference
analysis/moving_averages/figures/emotion_remorse/r_b_soul.png,moving_average_individual_genre,equal-weight 12-month mean; rank-weighted 12-month sensitivity,y,linear,0.0012101127,0.03163470933,0.03042459663,0,0.035,0.035,0.869274189429,"[{""axis_max"": 0.035, ""axis_min"": 0.0, ""axis_span"": 0.035, ""primary_max"": 0.03163470933, ""primary_min"": 0.0012101127, ""primary_span"": 0.030424596630000002, ""utilization_ratio"": 0.8692741894285714}]",Primary rolling range uses under 25% of old Y-axis; raw/global/domain scale dominates,Scale only finite displayed rolling series; exterior legend; readable count panel; 300 dpi,True,analysis/moving_averages/figures/emotion_remorse/r_b_soul_full_scale.png,36,Y-axis follows displayed 12-month means; classifier scores range 0–1. Raw monthly context: 36 values outside view.,True,src/moving_average_figures.py,False,zero to 1.08 × maximum qualifying raw mean across overall and ALL genres; capped at 1.02; floor 0.005,0.0012101127,0.03163470933,0,0.213267204504,0.142659518142,,reviewed by family; no unresolved presentation issue
analysis/moving_averages/figures/emotion_remorse/r_b_soul_full_scale.png,moving_average_individual_genre,equal-weight/rank-weighted rolling means; full-domain reference,y,linear,0.0012101127,0.03163470933,0.03042459663,0,1,1,0.03042459663,"[{""axis_max"": 1.0, ""axis_min"": 0.0, ""axis_span"": 1.0, ""primary_max"": 0.03163470933, ""primary_min"": 0.0012101127, ""primary_span"": 0.030424596630000002, ""utilization_ratio"": 0.030424596630000002}]",,Full-domain companion preserves every qualifying raw monthly value,False,,0,,True,src/moving_average_figures.py,True,New companion reference,,,,,,,intentional full-scale reference
analysis/moving_averages/figures/emotion_remorse/rank_sensitivity.png,moving_average_rank_sensitivity,equal-weight 12-month mean; rank-weighted 12-month sensitivity,y,linear,0.003276657182,0.02374367098,0.020467013798,0.001,0.026,0.025,0.81868055192,"[{""axis_max"": 0.026000000000000002, ""axis_min"": 0.001, ""axis_span"": 0.025, ""primary_max"": 0.02374367098, ""primary_min"": 0.003276657182, ""primary_span"": 0.020467013798, ""utilization_ratio"": 0.8186805519199999}]",Primary rolling range uses under 25% of old Y-axis; raw/global/domain scale dominates,Scale only finite displayed rolling series; exterior legend; readable count panel; 300 dpi,False,,0,Y-axis follows displayed 12-month means; classifier scores range 0–1.,True,src/moving_average_figures.py,False,zero to 1.08 × maximum qualifying raw mean across overall and ALL genres; capped at 1.02; floor 0.005,0.003276657182,0.02374367098,0,0.213267204504,0.0959688755034,,reviewed by family; no unresolved presentation issue
analysis/moving_averages/figures/emotion_remorse/rock.png,moving_average_individual_genre,equal-weight 12-month mean; rank-weighted 12-month sensitivity,y,linear,0.001934731217,0.07590915477,0.073974423553,0,0.082,0.082,0.9021271165,"[{""axis_max"": 0.082, ""axis_min"": 0.0, ""axis_span"": 0.082, ""primary_max"": 0.07590915477, ""primary_min"": 0.001934731217, ""primary_span"": 0.073974423553, ""utilization_ratio"": 0.9021271165}]",Primary rolling range uses 25–50% of old Y-axis; reviewed against raw/global scale,Scale only finite displayed rolling series; exterior legend; readable count panel; 300 dpi,True,analysis/moving_averages/figures/emotion_remorse/rock_full_scale.png,6,Y-axis follows displayed 12-month means; classifier scores range 0–1. Raw monthly context: 6 values outside view.,True,src/moving_average_figures.py,False,zero to 1.08 × maximum qualifying raw mean across overall and ALL genres; capped at 1.02; floor 0.005,0.001934731217,0.07590915477,0,0.213267204504,0.346862630497,,reviewed by family; no unresolved presentation issue
analysis/moving_averages/figures/emotion_remorse/rock_full_scale.png,moving_average_individual_genre,equal-weight/rank-weighted rolling means; full-domain reference,y,linear,0.001934731217,0.07590915477,0.073974423553,0,1,1,0.073974423553,"[{""axis_max"": 1.0, ""axis_min"": 0.0, ""axis_span"": 1.0, ""primary_max"": 0.07590915477, ""primary_min"": 0.001934731217, ""primary_span"": 0.073974423553, ""utilization_ratio"": 0.073974423553}]",,Full-domain companion preserves every qualifying raw monthly value,False,,0,,True,src/moving_average_figures.py,True,New companion reference,,,,,,,intentional full-scale reference
analysis/moving_averages/figures/emotion_sadness/alternative_indie.png,moving_average_individual_genre,equal-weight 12-month mean; rank-weighted 12-month sensitivity,y,linear,0.04129833783,0.214652711,0.17335437317,0.02,0.23,0.21,0.825497015095,"[{""axis_max"": 0.23, ""axis_min"": 0.02, ""axis_span"": 0.21000000000000002, ""primary_max"": 0.214652711, ""primary_min"": 0.04129833783, ""primary_span"": 0.17335437317, ""utilization_ratio"": 0.825497015095238}]",Primary rolling range uses 25–50% of old Y-axis; reviewed against raw/global scale,Scale only finite displayed rolling series; exterior legend; readable count panel; 300 dpi,True,analysis/moving_averages/figures/emotion_sadness/alternative_indie_full_scale.png,31,Y-axis follows displayed 12-month means; classifier scores range 0–1. Raw monthly context: 31 values outside view.,True,src/moving_average_figures.py,False,zero to 1.08 × maximum qualifying raw mean across overall and ALL genres; capped at 1.02; floor 0.005,0.04129833783,0.214652711,0,0.4958967636,0.349577544954,,reviewed by family; no unresolved presentation issue
analysis/moving_averages/figures/emotion_sadness/alternative_indie_full_scale.png,moving_average_individual_genre,equal-weight/rank-weighted rolling means; full-domain reference,y,linear,0.04129833783,0.214652711,0.17335437317,0,1,1,0.17335437317,"[{""axis_max"": 1.0, ""axis_min"": 0.0, ""axis_span"": 1.0, ""primary_max"": 0.214652711, ""primary_min"": 0.04129833783, ""primary_span"": 0.17335437317, ""utilization_ratio"": 0.17335437317}]",,Full-domain companion preserves every qualifying raw monthly value,False,,0,,True,src/moving_average_figures.py,True,New companion reference,,,,,,,intentional full-scale reference
analysis/moving_averages/figures/emotion_sadness/country.png,moving_average_individual_genre,equal-weight 12-month mean; rank-weighted 12-month sensitivity,y,linear,0.01320099813,0.2691040873,0.25590308917,0,0.29,0.29,0.882424445414,"[{""axis_max"": 0.29, ""axis_min"": 0.0, ""axis_span"": 0.29, ""primary_max"": 0.2691040873, ""primary_min"": 0.01320099813, ""primary_span"": 0.25590308917000004, ""utilization_ratio"": 0.8824244454137933}]",,Scale only finite displayed rolling series; exterior legend; readable count panel; 300 dpi,True,analysis/moving_averages/figures/emotion_sadness/country_full_scale.png,10,Y-axis follows displayed 12-month means; classifier scores range 0–1. Raw monthly context: 10 values outside view.,True,src/moving_average_figures.py,False,zero to 1.08 × maximum qualifying raw mean across overall and ALL genres; capped at 1.02; floor 0.005,0.01320099813,0.2691040873,0,0.4958967636,0.516041055223,,reviewed by family; no unresolved presentation issue
analysis/moving_averages/figures/emotion_sadness/country_full_scale.png,moving_average_individual_genre,equal-weight/rank-weighted rolling means; full-domain reference,y,linear,0.01320099813,0.2691040873,0.25590308917,0,1,1,0.25590308917,"[{""axis_max"": 1.0, ""axis_min"": 0.0, ""axis_span"": 1.0, ""primary_max"": 0.2691040873, ""primary_min"": 0.01320099813, ""primary_span"": 0.25590308917000004, ""utilization_ratio"": 0.25590308917000004}]",,Full-domain companion preserves every qualifying raw monthly value,False,,0,,True,src/moving_average_figures.py,True,New companion reference,,,,,,,intentional full-scale reference
analysis/moving_averages/figures/emotion_sadness/electronic_dance.png,moving_average_individual_genre,equal-weight 12-month mean; rank-weighted 12-month sensitivity,y,linear,0.01916921606,0.1786014898,0.15943227374,0,0.2,0.2,0.7971613687,"[{""axis_max"": 0.2, ""axis_min"": 0.0, ""axis_span"": 0.2, ""primary_max"": 0.1786014898, ""primary_min"": 0.01916921606, ""primary_span"": 0.15943227374000002, ""utilization_ratio"": 0.7971613687000001}]",Primary rolling range uses 25–50% of old Y-axis; reviewed against raw/global scale,Scale only finite displayed rolling series; exterior legend; readable count panel; 300 dpi,True,analysis/moving_averages/figures/emotion_sadness/electronic_dance_full_scale.png,7,Y-axis follows displayed 12-month means; classifier scores range 0–1. Raw monthly context: 7 values outside view.,True,src/moving_average_figures.py,False,zero to 1.08 × maximum qualifying raw mean across overall and ALL genres; capped at 1.02; floor 0.005,0.01916921606,0.1786014898,0,0.4958967636,0.321502952717,,reviewed by family; no unresolved presentation issue
analysis/moving_averages/figures/emotion_sadness/electronic_dance_full_scale.png,moving_average_individual_genre,equal-weight/rank-weighted rolling means; full-domain reference,y,linear,0.01916921606,0.1786014898,0.15943227374,0,1,1,0.15943227374,"[{""axis_max"": 1.0, ""axis_min"": 0.0, ""axis_span"": 1.0, ""primary_max"": 0.1786014898, ""primary_min"": 0.01916921606, ""primary_span"": 0.15943227374000002, ""utilization_ratio"": 0.15943227374000002}]",,Full-domain companion preserves every qualifying raw monthly value,False,,0,,True,src/moving_average_figures.py,True,New companion reference,,,,,,,intentional full-scale reference
analysis/moving_averages/figures/emotion_sadness/hip_hop_rap.png,moving_average_individual_genre,equal-weight 12-month mean; rank-weighted 12-month sensitivity,y,linear,0.004152518007,0.07272754042,0.068575022413,0,0.079,0.079,0.868038258392,"[{""axis_max"": 0.079, ""axis_min"": 0.0, ""axis_span"": 0.079, ""primary_max"": 0.07272754042, ""primary_min"": 0.004152518007, ""primary_span"": 0.068575022413, ""utilization_ratio"": 0.868038258392405}]",Primary rolling range uses under 25% of old Y-axis; raw/global/domain scale dominates,Scale only finite displayed rolling series; exterior legend; readable count panel; 300 dpi,True,analysis/moving_averages/figures/emotion_sadness/hip_hop_rap_full_scale.png,10,Y-axis follows displayed 12-month means; classifier scores range 0–1. Raw monthly context: 10 values outside view.,True,src/moving_average_figures.py,False,zero to 1.08 × maximum qualifying raw mean across overall and ALL genres; capped at 1.02; floor 0.005,0.004152518007,0.07272754042,0,0.4958967636,0.138284875899,,reviewed by family; no unresolved presentation issue
analysis/moving_averages/figures/emotion_sadness/hip_hop_rap_full_scale.png,moving_average_individual_genre,equal-weight/rank-weighted rolling means; full-domain reference,y,linear,0.004152518007,0.07272754042,0.068575022413,0,1,1,0.068575022413,"[{""axis_max"": 1.0, ""axis_min"": 0.0, ""axis_span"": 1.0, ""primary_max"": 0.07272754042, ""primary_min"": 0.004152518007, ""primary_span"": 0.068575022413, ""utilization_ratio"": 0.068575022413}]",,Full-domain companion preserves every qualifying raw monthly value,False,,0,,True,src/moving_average_figures.py,True,New companion reference,,,,,,,intentional full-scale reference
analysis/moving_averages/figures/emotion_sadness/major_genres.png,moving_average_major_genres,equal-weight 12-month mean,y,linear,0.004763417897,0.2691040873,0.264340669403,0,0.3,0.3,0.881135564677,"[{""axis_max"": 0.3, ""axis_min"": 0.0, ""axis_span"": 0.3, ""primary_max"": 0.2691040873, ""primary_min"": 0.004763417897, ""primary_span"": 0.264340669403, ""utilization_ratio"": 0.8811355646766666}]",,Scale only finite displayed rolling series; exterior legend; readable count panel; 300 dpi,False,,0,Y-axis follows displayed 12-month means; classifier scores range 0–1.,True,src/moving_average_figures.py,False,zero to 1.08 × maximum qualifying raw mean across overall and ALL genres; capped at 1.02; floor 0.005,0.004763417897,0.2691040873,0,0.4958967636,0.533055847116,,reviewed by family; no unresolved presentation issue
analysis/moving_averages/figures/emotion_sadness/overall.png,moving_average_overall,equal-weight 12-month mean,y,linear,0.03791454706,0.1504379403,0.11252339324,0.02,0.16,0.14,0.803738523143,"[{""axis_max"": 0.16, ""axis_min"": 0.02, ""axis_span"": 0.14, ""primary_max"": 0.1504379403, ""primary_min"": 0.03791454706, ""primary_span"": 0.11252339323999999, ""utilization_ratio"": 0.803738523142857}]",Primary rolling range uses under 25% of old Y-axis; raw/global/domain scale dominates,Scale only finite displayed rolling series; exterior legend; readable count panel; 300 dpi,True,analysis/moving_averages/figures/emotion_sadness/overall_full_scale.png,15,Y-axis follows displayed 12-month means; classifier scores range 0–1. Raw monthly context: 15 values outside view.,True,src/moving_average_figures.py,False,zero to 1.08 × maximum qualifying raw mean across overall and ALL genres; capped at 1.02; floor 0.005,0.03791454706,0.1504379403,0,0.4958967636,0.226908908264,,reviewed by family; no unresolved presentation issue
analysis/moving_averages/figures/emotion_sadness/overall_full_scale.png,moving_average_overall,equal-weight/rank-weighted rolling means; full-domain reference,y,linear,0.03791454706,0.1504379403,0.11252339324,0,1,1,0.11252339324,"[{""axis_max"": 1.0, ""axis_min"": 0.0, ""axis_span"": 1.0, ""primary_max"": 0.1504379403, ""primary_min"": 0.03791454706, ""primary_span"": 0.11252339323999999, ""utilization_ratio"": 0.11252339323999999}]",,Full-domain companion preserves every qualifying raw monthly value,False,,0,,True,src/moving_average_figures.py,True,New companion reference,,,,,,,intentional full-scale reference
analysis/moving_averages/figures/emotion_sadness/pop.png,moving_average_individual_genre,equal-weight 12-month mean; rank-weighted 12-month sensitivity,y,linear,0.03377134499,0.185495672,0.15172432701,0.02,0.2,0.18,0.842912927833,"[{""axis_max"": 0.2, ""axis_min"": 0.02, ""axis_span"": 0.18000000000000002, ""primary_max"": 0.185495672, ""primary_min"": 0.03377134499, ""primary_span"": 0.15172432701, ""utilization_ratio"": 0.8429129278333332}]",Primary rolling range uses 25–50% of old Y-axis; reviewed against raw/global scale,Scale only finite displayed rolling series; exterior legend; readable count panel; 300 dpi,True,analysis/moving_averages/figures/emotion_sadness/pop_full_scale.png,27,Y-axis follows displayed 12-month means; classifier scores range 0–1. Raw monthly context: 27 values outside view.,True,src/moving_average_figures.py,False,zero to 1.08 × maximum qualifying raw mean across overall and ALL genres; capped at 1.02; floor 0.005,0.03377134499,0.185495672,0,0.4958967636,0.305959502354,,reviewed by family; no unresolved presentation issue
analysis/moving_averages/figures/emotion_sadness/pop_full_scale.png,moving_average_individual_genre,equal-weight/rank-weighted rolling means; full-domain reference,y,linear,0.03377134499,0.185495672,0.15172432701,0,1,1,0.15172432701,"[{""axis_max"": 1.0, ""axis_min"": 0.0, ""axis_span"": 1.0, ""primary_max"": 0.185495672, ""primary_min"": 0.03377134499, ""primary_span"": 0.15172432701, ""utilization_ratio"": 0.15172432701}]",,Full-domain companion preserves every qualifying raw monthly value,False,,0,,True,src/moving_average_figures.py,True,New companion reference,,,,,,,intentional full-scale reference
analysis/moving_averages/figures/emotion_sadness/r_b_soul.png,moving_average_individual_genre,equal-weight 12-month mean; rank-weighted 12-month sensitivity,y,linear,0.006946070206,0.1975102598,0.190564189594,0,0.22,0.22,0.866200861791,"[{""axis_max"": 0.22, ""axis_min"": 0.0, ""axis_span"": 0.22, ""primary_max"": 0.1975102598, ""primary_min"": 0.006946070206, ""primary_span"": 0.190564189594, ""utilization_ratio"": 0.8662008617909092}]",Primary rolling range uses 25–50% of old Y-axis; reviewed against raw/global scale,Scale only finite displayed rolling series; exterior legend; readable count panel; 300 dpi,True,analysis/moving_averages/figures/emotion_sadness/r_b_soul_full_scale.png,13,Y-axis follows displayed 12-month means; classifier scores range 0–1. Raw monthly context: 13 values outside view.,True,src/moving_average_figures.py,False,zero to 1.08 × maximum qualifying raw mean across overall and ALL genres; capped at 1.02; floor 0.005,0.006946070206,0.1975102598,0,0.4958967636,0.384281978795,,reviewed by family; no unresolved presentation issue
analysis/moving_averages/figures/emotion_sadness/r_b_soul_full_scale.png,moving_average_individual_genre,equal-weight/rank-weighted rolling means; full-domain reference,y,linear,0.006946070206,0.1975102598,0.190564189594,0,1,1,0.190564189594,"[{""axis_max"": 1.0, ""axis_min"": 0.0, ""axis_span"": 1.0, ""primary_max"": 0.1975102598, ""primary_min"": 0.006946070206, ""primary_span"": 0.190564189594, ""utilization_ratio"": 0.190564189594}]",,Full-domain companion preserves every qualifying raw monthly value,False,,0,,True,src/moving_average_figures.py,True,New companion reference,,,,,,,intentional full-scale reference
analysis/moving_averages/figures/emotion_sadness/rank_sensitivity.png,moving_average_rank_sensitivity,equal-weight 12-month mean; rank-weighted 12-month sensitivity,y,linear,0.03791454706,0.1559709618,0.11805641474,0.02,0.17,0.15,0.787042764933,"[{""axis_max"": 0.17, ""axis_min"": 0.02, ""axis_span"": 0.15000000000000002, ""primary_max"": 0.1559709618, ""primary_min"": 0.03791454706, ""primary_span"": 0.11805641474, ""utilization_ratio"": 0.7870427649333332}]",Primary rolling range uses under 25% of old Y-axis; raw/global/domain scale dominates,Scale only finite displayed rolling series; exterior legend; readable count panel; 300 dpi,False,,0,Y-axis follows displayed 12-month means; classifier scores range 0–1.,True,src/moving_average_figures.py,False,zero to 1.08 × maximum qualifying raw mean across overall and ALL genres; capped at 1.02; floor 0.005,0.03791454706,0.1559709618,0,0.4958967636,0.238066515867,,reviewed by family; no unresolved presentation issue
analysis/moving_averages/figures/emotion_sadness/rock.png,moving_average_individual_genre,equal-weight 12-month mean; rank-weighted 12-month sensitivity,y,linear,0.02295601528,0.1876897077,0.16473369242,0,0.21,0.21,0.784446154381,"[{""axis_max"": 0.21, ""axis_min"": 0.0, ""axis_span"": 0.21, ""primary_max"": 0.1876897077, ""primary_min"": 0.02295601528, ""primary_span"": 0.16473369242000002, ""utilization_ratio"": 0.7844461543809526}]",Primary rolling range uses 25–50% of old Y-axis; reviewed against raw/global scale,Scale only finite displayed rolling series; exterior legend; readable count panel; 300 dpi,True,analysis/moving_averages/figures/emotion_sadness/rock_full_scale.png,9,Y-axis follows displayed 12-month means; classifier scores range 0–1. Raw monthly context: 9 values outside view.,True,src/moving_average_figures.py,False,zero to 1.08 × maximum qualifying raw mean across overall and ALL genres; capped at 1.02; floor 0.005,0.02295601528,0.1876897077,0,0.4958967636,0.332193521942,,reviewed by family; no unresolved presentation issue
analysis/moving_averages/figures/emotion_sadness/rock_full_scale.png,moving_average_individual_genre,equal-weight/rank-weighted rolling means; full-domain reference,y,linear,0.02295601528,0.1876897077,0.16473369242,0,1,1,0.16473369242,"[{""axis_max"": 1.0, ""axis_min"": 0.0, ""axis_span"": 1.0, ""primary_max"": 0.1876897077, ""primary_min"": 0.02295601528, ""primary_span"": 0.16473369242000002, ""utilization_ratio"": 0.16473369242000002}]",,Full-domain companion preserves every qualifying raw monthly value,False,,0,,True,src/moving_average_figures.py,True,New companion reference,,,,,,,intentional full-scale reference
analysis/moving_averages/figures/emotion_surprise/alternative_indie.png,moving_average_individual_genre,equal-weight 12-month mean; rank-weighted 12-month sensitivity,y,linear,0.003680337799,0.06448420797,0.060803870171,0,0.07,0.07,0.868626716729,"[{""axis_max"": 0.07, ""axis_min"": 0.0, ""axis_span"": 0.07, ""primary_max"": 0.06448420797, ""primary_min"": 0.003680337799, ""primary_span"": 0.060803870171, ""utilization_ratio"": 0.8686267167285714}]",Primary rolling range uses 25–50% of old Y-axis; reviewed against raw/global scale,Scale only finite displayed rolling series; exterior legend; readable count panel; 300 dpi,True,analysis/moving_averages/figures/emotion_surprise/alternative_indie_full_scale.png,4,Y-axis follows displayed 12-month means; classifier scores range 0–1. Raw monthly context: 4 values outside view.,True,src/moving_average_figures.py,False,zero to 1.08 × maximum qualifying raw mean across overall and ALL genres; capped at 1.02; floor 0.005,0.003680337799,0.06448420797,0,0.211403693448,0.287619715528,,reviewed by family; no unresolved presentation issue
analysis/moving_averages/figures/emotion_surprise/alternative_indie_full_scale.png,moving_average_individual_genre,equal-weight/rank-weighted rolling means; full-domain reference,y,linear,0.003680337799,0.06448420797,0.060803870171,0,1,1,0.060803870171,"[{""axis_max"": 1.0, ""axis_min"": 0.0, ""axis_span"": 1.0, ""primary_max"": 0.06448420797, ""primary_min"": 0.003680337799, ""primary_span"": 0.060803870171, ""utilization_ratio"": 0.060803870171}]",,Full-domain companion preserves every qualifying raw monthly value,False,,0,,True,src/moving_average_figures.py,True,New companion reference,,,,,,,intentional full-scale reference
analysis/moving_averages/figures/emotion_surprise/country.png,moving_average_individual_genre,equal-weight 12-month mean; rank-weighted 12-month sensitivity,y,linear,0.003004446696,0.04909892617,0.046094479474,0,0.053,0.053,0.869707159887,"[{""axis_max"": 0.053, ""axis_min"": 0.0, ""axis_span"": 0.053, ""primary_max"": 0.04909892617, ""primary_min"": 0.003004446696, ""primary_span"": 0.046094479474, ""utilization_ratio"": 0.8697071598867925}]",Primary rolling range uses under 25% of old Y-axis; raw/global/domain scale dominates,Scale only finite displayed rolling series; exterior legend; readable count panel; 300 dpi,True,analysis/moving_averages/figures/emotion_surprise/country_full_scale.png,8,Y-axis follows displayed 12-month means; classifier scores range 0–1. Raw monthly context: 8 values outside view.,True,src/moving_average_figures.py,False,zero to 1.08 × maximum qualifying raw mean across overall and ALL genres; capped at 1.02; floor 0.005,0.003004446696,0.04909892617,0,0.211403693448,0.218040085876,,reviewed by family; no unresolved presentation issue
analysis/moving_averages/figures/emotion_surprise/country_full_scale.png,moving_average_individual_genre,equal-weight/rank-weighted rolling means; full-domain reference,y,linear,0.003004446696,0.04909892617,0.046094479474,0,1,1,0.046094479474,"[{""axis_max"": 1.0, ""axis_min"": 0.0, ""axis_span"": 1.0, ""primary_max"": 0.04909892617, ""primary_min"": 0.003004446696, ""primary_span"": 0.046094479474, ""utilization_ratio"": 0.046094479474}]",,Full-domain companion preserves every qualifying raw monthly value,False,,0,,True,src/moving_average_figures.py,True,New companion reference,,,,,,,intentional full-scale reference
analysis/moving_averages/figures/emotion_surprise/electronic_dance.png,moving_average_individual_genre,equal-weight 12-month mean; rank-weighted 12-month sensitivity,y,linear,0.003144245075,0.01766511561,0.014520870535,0.001,0.019,0.018,0.806715029722,"[{""axis_max"": 0.019, ""axis_min"": 0.001, ""axis_span"": 0.018, ""primary_max"": 0.01766511561, ""primary_min"": 0.003144245075, ""primary_span"": 0.014520870535, ""utilization_ratio"": 0.8067150297222223}]",Primary rolling range uses under 25% of old Y-axis; raw/global/domain scale dominates,Scale only finite displayed rolling series; exterior legend; readable count panel; 300 dpi,True,analysis/moving_averages/figures/emotion_surprise/electronic_dance_full_scale.png,33,Y-axis follows displayed 12-month means; classifier scores range 0–1. Raw monthly context: 33 values outside view.,True,src/moving_average_figures.py,False,zero to 1.08 × maximum qualifying raw mean across overall and ALL genres; capped at 1.02; floor 0.005,0.003144245075,0.01766511561,0,0.211403693448,0.068687875307,,reviewed by family; no unresolved presentation issue
analysis/moving_averages/figures/emotion_surprise/electronic_dance_full_scale.png,moving_average_individual_genre,equal-weight/rank-weighted rolling means; full-domain reference,y,linear,0.003144245075,0.01766511561,0.014520870535,0,1,1,0.014520870535,"[{""axis_max"": 1.0, ""axis_min"": 0.0, ""axis_span"": 1.0, ""primary_max"": 0.01766511561, ""primary_min"": 0.003144245075, ""primary_span"": 0.014520870535, ""utilization_ratio"": 0.014520870535}]",,Full-domain companion preserves every qualifying raw monthly value,False,,0,,True,src/moving_average_figures.py,True,New companion reference,,,,,,,intentional full-scale reference
analysis/moving_averages/figures/emotion_surprise/hip_hop_rap.png,moving_average_individual_genre,equal-weight 12-month mean; rank-weighted 12-month sensitivity,y,linear,0.002290032022,0.02291960358,0.020629571558,0,0.025,0.025,0.82518286232,"[{""axis_max"": 0.025, ""axis_min"": 0.0, ""axis_span"": 0.025, ""primary_max"": 0.02291960358, ""primary_min"": 0.002290032022, ""primary_span"": 0.020629571558, ""utilization_ratio"": 0.8251828623199999}]",Primary rolling range uses under 25% of old Y-axis; raw/global/domain scale dominates,Scale only finite displayed rolling series; exterior legend; readable count panel; 300 dpi,True,analysis/moving_averages/figures/emotion_surprise/hip_hop_rap_full_scale.png,7,Y-axis follows displayed 12-month means; classifier scores range 0–1. Raw monthly context: 7 values outside view.,True,src/moving_average_figures.py,False,zero to 1.08 × maximum qualifying raw mean across overall and ALL genres; capped at 1.02; floor 0.005,0.002290032022,0.02291960358,0,0.211403693448,0.0975837802147,,reviewed by family; no unresolved presentation issue
analysis/moving_averages/figures/emotion_surprise/hip_hop_rap_full_scale.png,moving_average_individual_genre,equal-weight/rank-weighted rolling means; full-domain reference,y,linear,0.002290032022,0.02291960358,0.020629571558,0,1,1,0.020629571558,"[{""axis_max"": 1.0, ""axis_min"": 0.0, ""axis_span"": 1.0, ""primary_max"": 0.02291960358, ""primary_min"": 0.002290032022, ""primary_span"": 0.020629571558, ""utilization_ratio"": 0.020629571558}]",,Full-domain companion preserves every qualifying raw monthly value,False,,0,,True,src/moving_average_figures.py,True,New companion reference,,,,,,,intentional full-scale reference
analysis/moving_averages/figures/emotion_surprise/major_genres.png,moving_average_major_genres,equal-weight 12-month mean,y,linear,0.002494300407,0.03442873755,0.031934437143,0,0.037,0.037,0.863092895757,"[{""axis_max"": 0.037, ""axis_min"": 0.0, ""axis_span"": 0.037, ""primary_max"": 0.03442873755, ""primary_min"": 0.002494300407, ""primary_span"": 0.031934437143, ""utilization_ratio"": 0.8630928957567567}]",Primary rolling range uses under 25% of old Y-axis; raw/global/domain scale dominates,Scale only finite displayed rolling series; exterior legend; readable count panel; 300 dpi,False,,0,Y-axis follows displayed 12-month means; classifier scores range 0–1.,True,src/moving_average_figures.py,False,zero to 1.08 × maximum qualifying raw mean across overall and ALL genres; capped at 1.02; floor 0.005,0.002494300407,0.03442873755,0,0.211403693448,0.151059031288,,reviewed by family; no unresolved presentation issue
analysis/moving_averages/figures/emotion_surprise/overall.png,moving_average_overall,equal-weight 12-month mean,y,linear,0.005297096429,0.01826927004,0.012972173611,0.004,0.02,0.016,0.810760850688,"[{""axis_max"": 0.02, ""axis_min"": 0.004, ""axis_span"": 0.016, ""primary_max"": 0.01826927004, ""primary_min"": 0.005297096429, ""primary_span"": 0.012972173611, ""utilization_ratio"": 0.8107608506875}]",Primary rolling range uses under 25% of old Y-axis; raw/global/domain scale dominates,Scale only finite displayed rolling series; exterior legend; readable count panel; 300 dpi,True,analysis/moving_averages/figures/emotion_surprise/overall_full_scale.png,25,Y-axis follows displayed 12-month means; classifier scores range 0–1. Raw monthly context: 25 values outside view.,True,src/moving_average_figures.py,False,zero to 1.08 × maximum qualifying raw mean across overall and ALL genres; capped at 1.02; floor 0.005,0.005297096429,0.01826927004,0,0.211403693448,0.0613620954271,,reviewed by family; no unresolved presentation issue
analysis/moving_averages/figures/emotion_surprise/overall_full_scale.png,moving_average_overall,equal-weight/rank-weighted rolling means; full-domain reference,y,linear,0.005297096429,0.01826927004,0.012972173611,0,1,1,0.012972173611,"[{""axis_max"": 1.0, ""axis_min"": 0.0, ""axis_span"": 1.0, ""primary_max"": 0.01826927004, ""primary_min"": 0.005297096429, ""primary_span"": 0.012972173611, ""utilization_ratio"": 0.012972173611}]",,Full-domain companion preserves every qualifying raw monthly value,False,,0,,True,src/moving_average_figures.py,True,New companion reference,,,,,,,intentional full-scale reference
analysis/moving_averages/figures/emotion_surprise/pop.png,moving_average_individual_genre,equal-weight 12-month mean; rank-weighted 12-month sensitivity,y,linear,0.003141202362,0.03450609273,0.031364890368,0,0.038,0.038,0.825391851789,"[{""axis_max"": 0.038, ""axis_min"": 0.0, ""axis_span"": 0.038, ""primary_max"": 0.03450609273, ""primary_min"": 0.003141202362, ""primary_span"": 0.031364890368, ""utilization_ratio"": 0.8253918517894736}]",Primary rolling range uses under 25% of old Y-axis; raw/global/domain scale dominates,Scale only finite displayed rolling series; exterior legend; readable count panel; 300 dpi,True,analysis/moving_averages/figures/emotion_surprise/pop_full_scale.png,15,Y-axis follows displayed 12-month means; classifier scores range 0–1. Raw monthly context: 15 values outside view.,True,src/moving_average_figures.py,False,zero to 1.08 × maximum qualifying raw mean across overall and ALL genres; capped at 1.02; floor 0.005,0.003141202362,0.03450609273,0,0.211403693448,0.148364911967,,reviewed by family; no unresolved presentation issue
analysis/moving_averages/figures/emotion_surprise/pop_full_scale.png,moving_average_individual_genre,equal-weight/rank-weighted rolling means; full-domain reference,y,linear,0.003141202362,0.03450609273,0.031364890368,0,1,1,0.031364890368,"[{""axis_max"": 1.0, ""axis_min"": 0.0, ""axis_span"": 1.0, ""primary_max"": 0.03450609273, ""primary_min"": 0.003141202362, ""primary_span"": 0.031364890368, ""utilization_ratio"": 0.031364890368}]",,Full-domain companion preserves every qualifying raw monthly value,False,,0,,True,src/moving_average_figures.py,True,New companion reference,,,,,,,intentional full-scale reference
analysis/moving_averages/figures/emotion_surprise/r_b_soul.png,moving_average_individual_genre,equal-weight 12-month mean; rank-weighted 12-month sensitivity,y,linear,0.002577811971,0.03044328639,0.027865474419,0,0.033,0.033,0.844408315727,"[{""axis_max"": 0.033, ""axis_min"": 0.0, ""axis_span"": 0.033, ""primary_max"": 0.03044328639, ""primary_min"": 0.002577811971, ""primary_span"": 0.027865474419000003, ""utilization_ratio"": 0.8444083157272728}]",Primary rolling range uses under 25% of old Y-axis; raw/global/domain scale dominates,Scale only finite displayed rolling series; exterior legend; readable count panel; 300 dpi,True,analysis/moving_averages/figures/emotion_surprise/r_b_soul_full_scale.png,18,Y-axis follows displayed 12-month means; classifier scores range 0–1. Raw monthly context: 18 values outside view.,True,src/moving_average_figures.py,False,zero to 1.08 × maximum qualifying raw mean across overall and ALL genres; capped at 1.02; floor 0.005,0.002577811971,0.03044328639,0,0.211403693448,0.131811672561,,reviewed by family; no unresolved presentation issue
analysis/moving_averages/figures/emotion_surprise/r_b_soul_full_scale.png,moving_average_individual_genre,equal-weight/rank-weighted rolling means; full-domain reference,y,linear,0.002577811971,0.03044328639,0.027865474419,0,1,1,0.027865474419,"[{""axis_max"": 1.0, ""axis_min"": 0.0, ""axis_span"": 1.0, ""primary_max"": 0.03044328639, ""primary_min"": 0.002577811971, ""primary_span"": 0.027865474419000003, ""utilization_ratio"": 0.027865474419000003}]",,Full-domain companion preserves every qualifying raw monthly value,False,,0,,True,src/moving_average_figures.py,True,New companion reference,,,,,,,intentional full-scale reference
analysis/moving_averages/figures/emotion_surprise/rank_sensitivity.png,moving_average_rank_sensitivity,equal-weight 12-month mean; rank-weighted 12-month sensitivity,y,linear,0.005192593079,0.01986885915,0.014676266071,0.004,0.022,0.018,0.815348115056,"[{""axis_max"": 0.022, ""axis_min"": 0.004, ""axis_span"": 0.018, ""primary_max"": 0.01986885915, ""primary_min"": 0.005192593079, ""primary_span"": 0.014676266071000001, ""utilization_ratio"": 0.8153481150555557}]",Primary rolling range uses under 25% of old Y-axis; raw/global/domain scale dominates,Scale only finite displayed rolling series; exterior legend; readable count panel; 300 dpi,False,,0,Y-axis follows displayed 12-month means; classifier scores range 0–1.,True,src/moving_average_figures.py,False,zero to 1.08 × maximum qualifying raw mean across overall and ALL genres; capped at 1.02; floor 0.005,0.005192593079,0.01986885915,0,0.211403693448,0.0694229406858,,reviewed by family; no unresolved presentation issue
analysis/moving_averages/figures/emotion_surprise/rock.png,moving_average_individual_genre,equal-weight 12-month mean; rank-weighted 12-month sensitivity,y,linear,0.004158227671,0.04803714207,0.043878914399,0,0.052,0.052,0.843825276904,"[{""axis_max"": 0.052000000000000005, ""axis_min"": 0.0, ""axis_span"": 0.052000000000000005, ""primary_max"": 0.04803714207, ""primary_min"": 0.004158227671, ""primary_span"": 0.043878914399, ""utilization_ratio"": 0.843825276903846}]",Primary rolling range uses under 25% of old Y-axis; raw/global/domain scale dominates,Scale only finite displayed rolling series; exterior legend; readable count panel; 300 dpi,True,analysis/moving_averages/figures/emotion_surprise/rock_full_scale.png,9,Y-axis follows displayed 12-month means; classifier scores range 0–1. Raw monthly context: 9 values outside view.,True,src/moving_average_figures.py,False,zero to 1.08 × maximum qualifying raw mean across overall and ALL genres; capped at 1.02; floor 0.005,0.004158227671,0.04803714207,0,0.211403693448,0.207559828702,,reviewed by family; no unresolved presentation issue
analysis/moving_averages/figures/emotion_surprise/rock_full_scale.png,moving_average_individual_genre,equal-weight/rank-weighted rolling means; full-domain reference,y,linear,0.004158227671,0.04803714207,0.043878914399,0,1,1,0.043878914399,"[{""axis_max"": 1.0, ""axis_min"": 0.0, ""axis_span"": 1.0, ""primary_max"": 0.04803714207, ""primary_min"": 0.004158227671, ""primary_span"": 0.043878914399, ""utilization_ratio"": 0.043878914399}]",,Full-domain companion preserves every qualifying raw monthly value,False,,0,,True,src/moving_average_figures.py,True,New companion reference,,,,,,,intentional full-scale reference
analysis/moving_averages/figures/ll_explicit_language/alternative_indie.png,moving_average_individual_genre,equal-weight 12-month mean; rank-weighted 12-month sensitivity,y,linear,0.03121310285,0.6370294695,0.60581636665,0,0.69,0.69,0.877994734275,"[{""axis_max"": 0.6900000000000001, ""axis_min"": 0.0, ""axis_span"": 0.6900000000000001, ""primary_max"": 0.6370294695, ""primary_min"": 0.03121310285, ""primary_span"": 0.6058163666499999, ""utilization_ratio"": 0.8779947342753621}]",,Scale only finite displayed rolling series; exterior legend; readable count panel; 300 dpi,True,analysis/moving_averages/figures/ll_explicit_language/alternative_indie_full_scale.png,3,Y-axis follows displayed 12-month means; classifier scores range 0–1. Raw monthly context: 3 values outside view.,True,src/moving_average_figures.py,False,zero to 1.08 × maximum qualifying raw mean across overall and ALL genres; capped at 1.02; floor 0.005,0.03121310285,0.6370294695,0,1.02,0.593937614363,,reviewed by family; no unresolved presentation issue
analysis/moving_averages/figures/ll_explicit_language/alternative_indie_full_scale.png,moving_average_individual_genre,equal-weight/rank-weighted rolling means; full-domain reference,y,linear,0.03121310285,0.6370294695,0.60581636665,0,1,1,0.60581636665,"[{""axis_max"": 1.0, ""axis_min"": 0.0, ""axis_span"": 1.0, ""primary_max"": 0.6370294695, ""primary_min"": 0.03121310285, ""primary_span"": 0.6058163666499999, ""utilization_ratio"": 0.6058163666499999}]",,Full-domain companion preserves every qualifying raw monthly value,False,,0,,True,src/moving_average_figures.py,True,New companion reference,,,,,,,intentional full-scale reference
analysis/moving_averages/figures/ll_explicit_language/country.png,moving_average_individual_genre,equal-weight 12-month mean; rank-weighted 12-month sensitivity,y,linear,0.02571535348,0.6092218009,0.58350644742,0,0.66,0.66,0.884100677909,"[{""axis_max"": 0.66, ""axis_min"": 0.0, ""axis_span"": 0.66, ""primary_max"": 0.6092218009, ""primary_min"": 0.02571535348, ""primary_span"": 0.58350644742, ""utilization_ratio"": 0.8841006779090909}]",,Scale only finite displayed rolling series; exterior legend; readable count panel; 300 dpi,True,analysis/moving_averages/figures/ll_explicit_language/country_full_scale.png,6,Y-axis follows displayed 12-month means; classifier scores range 0–1. Raw monthly context: 6 values outside view.,True,src/moving_average_figures.py,False,zero to 1.08 × maximum qualifying raw mean across overall and ALL genres; capped at 1.02; floor 0.005,0.02571535348,0.6092218009,0,1.02,0.572065144529,,reviewed by family; no unresolved presentation issue
analysis/moving_averages/figures/ll_explicit_language/country_full_scale.png,moving_average_individual_genre,equal-weight/rank-weighted rolling means; full-domain reference,y,linear,0.02571535348,0.6092218009,0.58350644742,0,1,1,0.58350644742,"[{""axis_max"": 1.0, ""axis_min"": 0.0, ""axis_span"": 1.0, ""primary_max"": 0.6092218009, ""primary_min"": 0.02571535348, ""primary_span"": 0.58350644742, ""utilization_ratio"": 0.58350644742}]",,Full-domain companion preserves every qualifying raw monthly value,False,,0,,True,src/moving_average_figures.py,True,New companion reference,,,,,,,intentional full-scale reference
analysis/moving_averages/figures/ll_explicit_language/electronic_dance.png,moving_average_individual_genre,equal-weight 12-month mean; rank-weighted 12-month sensitivity,y,linear,0.03418985105,0.4052812096,0.37109135855,0,0.44,0.44,0.84338945125,"[{""axis_max"": 0.44, ""axis_min"": 0.0, ""axis_span"": 0.44, ""primary_max"": 0.4052812096, ""primary_min"": 0.03418985105, ""primary_span"": 0.37109135855000003, ""utilization_ratio"": 0.8433894512500001}]",Primary rolling range uses 25–50% of old Y-axis; reviewed against raw/global scale,Scale only finite displayed rolling series; exterior legend; readable count panel; 300 dpi,True,analysis/moving_averages/figures/ll_explicit_language/electronic_dance_full_scale.png,20,Y-axis follows displayed 12-month means; classifier scores range 0–1. Raw monthly context: 20 values outside view.,True,src/moving_average_figures.py,False,zero to 1.08 × maximum qualifying raw mean across overall and ALL genres; capped at 1.02; floor 0.005,0.03418985105,0.4052812096,0,1.02,0.363815057402,,reviewed by family; no unresolved presentation issue
analysis/moving_averages/figures/ll_explicit_language/electronic_dance_full_scale.png,moving_average_individual_genre,equal-weight/rank-weighted rolling means; full-domain reference,y,linear,0.03418985105,0.4052812096,0.37109135855,0,1,1,0.37109135855,"[{""axis_max"": 1.0, ""axis_min"": 0.0, ""axis_span"": 1.0, ""primary_max"": 0.4052812096, ""primary_min"": 0.03418985105, ""primary_span"": 0.37109135855000003, ""utilization_ratio"": 0.37109135855000003}]",,Full-domain companion preserves every qualifying raw monthly value,False,,0,,True,src/moving_average_figures.py,True,New companion reference,,,,,,,intentional full-scale reference
analysis/moving_averages/figures/ll_explicit_language/hip_hop_rap.png,moving_average_individual_genre,equal-weight 12-month mean; rank-weighted 12-month sensitivity,y,linear,0.7953000001,0.9954670351,0.200167035,0.77,1,0.23,0.870291456522,"[{""axis_max"": 1.0, ""axis_min"": 0.77, ""axis_span"": 0.22999999999999998, ""primary_max"": 0.9954670351, ""primary_min"": 0.7953000001, ""primary_span"": 0.200167035, ""utilization_ratio"": 0.8702914565217391}]",Primary rolling range uses under 25% of old Y-axis; raw/global/domain scale dominates,Scale only finite displayed rolling series; exterior legend; readable count panel; 300 dpi,True,analysis/moving_averages/figures/ll_explicit_language/hip_hop_rap_full_scale.png,15,Y-axis follows displayed 12-month means; classifier scores range 0–1. Raw monthly context: 15 values outside view.,True,src/moving_average_figures.py,False,zero to 1.08 × maximum qualifying raw mean across overall and ALL genres; capped at 1.02; floor 0.005,0.7953000001,0.9954670351,0,1.02,0.196242191176,,reviewed by family; no unresolved presentation issue
analysis/moving_averages/figures/ll_explicit_language/hip_hop_rap_full_scale.png,moving_average_individual_genre,equal-weight/rank-weighted rolling means; full-domain reference,y,linear,0.7953000001,0.9954670351,0.200167035,0,1,1,0.200167035,"[{""axis_max"": 1.0, ""axis_min"": 0.0, ""axis_span"": 1.0, ""primary_max"": 0.9954670351, ""primary_min"": 0.7953000001, ""primary_span"": 0.200167035, ""utilization_ratio"": 0.200167035}]",,Full-domain companion preserves every qualifying raw monthly value,False,,0,,True,src/moving_average_figures.py,True,New companion reference,,,,,,,intentional full-scale reference
analysis/moving_averages/figures/ll_explicit_language/major_genres.png,moving_average_major_genres,equal-weight 12-month mean,y,linear,0.01685699394,0.9949782212,0.97812122726,0,1,1,0.97812122726,"[{""axis_max"": 1.0, ""axis_min"": 0.0, ""axis_span"": 1.0, ""primary_max"": 0.9949782212, ""primary_min"": 0.01685699394, ""primary_span"": 0.9781212272600001, ""utilization_ratio"": 0.9781212272600001}]",,Scale only finite displayed rolling series; exterior legend; readable count panel; 300 dpi,False,,0,Y-axis follows displayed 12-month means; classifier scores range 0–1.,True,src/moving_average_figures.py,False,zero to 1.08 × maximum qualifying raw mean across overall and ALL genres; capped at 1.02; floor 0.005,0.01685699394,0.9949782212,0,1.02,0.958942379667,,reviewed by family; no unresolved presentation issue
analysis/moving_averages/figures/ll_explicit_language/overall.png,moving_average_overall,equal-weight 12-month mean,y,linear,0.05318543572,0.6428849947,0.58969955898,0,0.7,0.7,0.8424279414,"[{""axis_max"": 0.7000000000000001, ""axis_min"": 0.0, ""axis_span"": 0.7000000000000001, ""primary_max"": 0.6428849947, ""primary_min"": 0.05318543572, ""primary_span"": 0.58969955898, ""utilization_ratio"": 0.8424279414}]",,Scale only finite displayed rolling series; exterior legend; readable count panel; 300 dpi,True,analysis/moving_averages/figures/ll_explicit_language/overall_full_scale.png,4,Y-axis follows displayed 12-month means; classifier scores range 0–1. Raw monthly context: 4 values outside view.,True,src/moving_average_figures.py,False,zero to 1.08 × maximum qualifying raw mean across overall and ALL genres; capped at 1.02; floor 0.005,0.05318543572,0.6428849947,0,1.02,0.578136822529,,reviewed by family; no unresolved presentation issue
analysis/moving_averages/figures/ll_explicit_language/overall_full_scale.png,moving_average_overall,equal-weight/rank-weighted rolling means; full-domain reference,y,linear,0.05318543572,0.6428849947,0.58969955898,0,1,1,0.58969955898,"[{""axis_max"": 1.0, ""axis_min"": 0.0, ""axis_span"": 1.0, ""primary_max"": 0.6428849947, ""primary_min"": 0.05318543572, ""primary_span"": 0.58969955898, ""utilization_ratio"": 0.58969955898}]",,Full-domain companion preserves every qualifying raw monthly value,False,,0,,True,src/moving_average_figures.py,True,New companion reference,,,,,,,intentional full-scale reference
analysis/moving_averages/figures/ll_explicit_language/pop.png,moving_average_individual_genre,equal-weight 12-month mean; rank-weighted 12-month sensitivity,y,linear,0.01685699394,0.5672849966,0.55042800266,0,0.62,0.62,0.887787101065,"[{""axis_max"": 0.62, ""axis_min"": 0.0, ""axis_span"": 0.62, ""primary_max"": 0.5672849966, ""primary_min"": 0.01685699394, ""primary_span"": 0.55042800266, ""utilization_ratio"": 0.8877871010645162}]",,Scale only finite displayed rolling series; exterior legend; readable count panel; 300 dpi,True,analysis/moving_averages/figures/ll_explicit_language/pop_full_scale.png,7,Y-axis follows displayed 12-month means; classifier scores range 0–1. Raw monthly context: 7 values outside view.,True,src/moving_average_figures.py,False,zero to 1.08 × maximum qualifying raw mean across overall and ALL genres; capped at 1.02; floor 0.005,0.01685699394,0.5672849966,0,1.02,0.539635296725,,reviewed by family; no unresolved presentation issue
analysis/moving_averages/figures/ll_explicit_language/pop_full_scale.png,moving_average_individual_genre,equal-weight/rank-weighted rolling means; full-domain reference,y,linear,0.01685699394,0.5672849966,0.55042800266,0,1,1,0.55042800266,"[{""axis_max"": 1.0, ""axis_min"": 0.0, ""axis_span"": 1.0, ""primary_max"": 0.5672849966, ""primary_min"": 0.01685699394, ""primary_span"": 0.55042800266, ""utilization_ratio"": 0.55042800266}]",,Full-domain companion preserves every qualifying raw monthly value,False,,0,,True,src/moving_average_figures.py,True,New companion reference,,,,,,,intentional full-scale reference
analysis/moving_averages/figures/ll_explicit_language/r_b_soul.png,moving_average_individual_genre,equal-weight 12-month mean; rank-weighted 12-month sensitivity,y,linear,0.0314689461,0.8882610692,0.8567921231,0,0.96,0.96,0.892491794896,"[{""axis_max"": 0.96, ""axis_min"": 0.0, ""axis_span"": 0.96, ""primary_max"": 0.8882610692, ""primary_min"": 0.0314689461, ""primary_span"": 0.8567921231000001, ""utilization_ratio"": 0.8924917948958334}]",,Scale only finite displayed rolling series; exterior legend; readable count panel; 300 dpi,True,analysis/moving_averages/figures/ll_explicit_language/r_b_soul_full_scale.png,6,Y-axis follows displayed 12-month means; classifier scores range 0–1. Raw monthly context: 6 values outside view.,True,src/moving_average_figures.py,False,zero to 1.08 × maximum qualifying raw mean across overall and ALL genres; capped at 1.02; floor 0.005,0.0314689461,0.8882610692,0,1.02,0.839992277549,,reviewed by family; no unresolved presentation issue
analysis/moving_averages/figures/ll_explicit_language/r_b_soul_full_scale.png,moving_average_individual_genre,equal-weight/rank-weighted rolling means; full-domain reference,y,linear,0.0314689461,0.8882610692,0.8567921231,0,1,1,0.8567921231,"[{""axis_max"": 1.0, ""axis_min"": 0.0, ""axis_span"": 1.0, ""primary_max"": 0.8882610692, ""primary_min"": 0.0314689461, ""primary_span"": 0.8567921231000001, ""utilization_ratio"": 0.8567921231000001}]",,Full-domain companion preserves every qualifying raw monthly value,False,,0,,True,src/moving_average_figures.py,True,New companion reference,,,,,,,intentional full-scale reference
analysis/moving_averages/figures/ll_explicit_language/rank_sensitivity.png,moving_average_rank_sensitivity,equal-weight 12-month mean; rank-weighted 12-month sensitivity,y,linear,0.04558651623,0.6428849947,0.59729847847,0,0.7,0.7,0.853283540671,"[{""axis_max"": 0.7000000000000001, ""axis_min"": 0.0, ""axis_span"": 0.7000000000000001, ""primary_max"": 0.6428849947, ""primary_min"": 0.04558651623, ""primary_span"": 0.5972984784700001, ""utilization_ratio"": 0.8532835406714285}]",,Scale only finite displayed rolling series; exterior legend; readable count panel; 300 dpi,False,,0,Y-axis follows displayed 12-month means; classifier scores range 0–1.,True,src/moving_average_figures.py,False,zero to 1.08 × maximum qualifying raw mean across overall and ALL genres; capped at 1.02; floor 0.005,0.04558651623,0.6428849947,0,1.02,0.585586743598,,reviewed by family; no unresolved presentation issue
analysis/moving_averages/figures/ll_explicit_language/rock.png,moving_average_individual_genre,equal-weight 12-month mean; rank-weighted 12-month sensitivity,y,linear,0.02222439341,0.5172413818,0.49501698839,0,0.56,0.56,0.883958907839,"[{""axis_max"": 0.56, ""axis_min"": 0.0, ""axis_span"": 0.56, ""primary_max"": 0.5172413818, ""primary_min"": 0.02222439341, ""primary_span"": 0.49501698839, ""utilization_ratio"": 0.8839589078392857}]",Primary rolling range uses 25–50% of old Y-axis; reviewed against raw/global scale,Scale only finite displayed rolling series; exterior legend; readable count panel; 300 dpi,True,analysis/moving_averages/figures/ll_explicit_language/rock_full_scale.png,8,Y-axis follows displayed 12-month means; classifier scores range 0–1. Raw monthly context: 8 values outside view.,True,src/moving_average_figures.py,False,zero to 1.08 × maximum qualifying raw mean across overall and ALL genres; capped at 1.02; floor 0.005,0.02222439341,0.5172413818,0,1.02,0.485310772931,,reviewed by family; no unresolved presentation issue
analysis/moving_averages/figures/ll_explicit_language/rock_full_scale.png,moving_average_individual_genre,equal-weight/rank-weighted rolling means; full-domain reference,y,linear,0.02222439341,0.5172413818,0.49501698839,0,1,1,0.49501698839,"[{""axis_max"": 1.0, ""axis_min"": 0.0, ""axis_span"": 1.0, ""primary_max"": 0.5172413818, ""primary_min"": 0.02222439341, ""primary_span"": 0.49501698839, ""utilization_ratio"": 0.49501698839}]",,Full-domain companion preserves every qualifying raw monthly value,False,,0,,True,src/moving_average_figures.py,True,New companion reference,,,,,,,intentional full-scale reference
analysis/moving_averages/figures/ll_sexual_content/alternative_indie.png,moving_average_individual_genre,equal-weight 12-month mean; rank-weighted 12-month sensitivity,y,linear,0.1816492922,0.5477667713,0.3661174791,0.15,0.58,0.43,0.851435997907,"[{""axis_max"": 0.58, ""axis_min"": 0.15, ""axis_span"": 0.42999999999999994, ""primary_max"": 0.5477667713, ""primary_min"": 0.1816492922, ""primary_span"": 0.3661174790999999, ""utilization_ratio"": 0.8514359979069767}]",Primary rolling range uses 25–50% of old Y-axis; reviewed against raw/global scale,Scale only finite displayed rolling series; exterior legend; readable count panel; 300 dpi,True,analysis/moving_averages/figures/ll_sexual_content/alternative_indie_full_scale.png,38,Y-axis follows displayed 12-month means; classifier scores range 0–1. Raw monthly context: 38 values outside view.,True,src/moving_average_figures.py,False,zero to 1.08 × maximum qualifying raw mean across overall and ALL genres; capped at 1.02; floor 0.005,0.1816492922,0.5477667713,0,1.02,0.358938705,,reviewed by family; no unresolved presentation issue
analysis/moving_averages/figures/ll_sexual_content/alternative_indie_full_scale.png,moving_average_individual_genre,equal-weight/rank-weighted rolling means; full-domain reference,y,linear,0.1816492922,0.5477667713,0.3661174791,0,1,1,0.3661174791,"[{""axis_max"": 1.0, ""axis_min"": 0.0, ""axis_span"": 1.0, ""primary_max"": 0.5477667713, ""primary_min"": 0.1816492922, ""primary_span"": 0.3661174790999999, ""utilization_ratio"": 0.3661174790999999}]",,Full-domain companion preserves every qualifying raw monthly value,False,,0,,True,src/moving_average_figures.py,True,New companion reference,,,,,,,intentional full-scale reference
analysis/moving_averages/figures/ll_sexual_content/country.png,moving_average_individual_genre,equal-weight 12-month mean; rank-weighted 12-month sensitivity,y,linear,0.2105913601,0.6358412087,0.4252498486,0.17,0.67,0.5,0.8504996972,"[{""axis_max"": 0.67, ""axis_min"": 0.17, ""axis_span"": 0.5, ""primary_max"": 0.6358412087, ""primary_min"": 0.2105913601, ""primary_span"": 0.42524984860000004, ""utilization_ratio"": 0.8504996972000001}]",Primary rolling range uses 25–50% of old Y-axis; reviewed against raw/global scale,Scale only finite displayed rolling series; exterior legend; readable count panel; 300 dpi,True,analysis/moving_averages/figures/ll_sexual_content/country_full_scale.png,55,Y-axis follows displayed 12-month means; classifier scores range 0–1. Raw monthly context: 55 values outside view.,True,src/moving_average_figures.py,False,zero to 1.08 × maximum qualifying raw mean across overall and ALL genres; capped at 1.02; floor 0.005,0.2105913601,0.6358412087,0,1.02,0.416911616275,,reviewed by family; no unresolved presentation issue
analysis/moving_averages/figures/ll_sexual_content/country_full_scale.png,moving_average_individual_genre,equal-weight/rank-weighted rolling means; full-domain reference,y,linear,0.2105913601,0.6358412087,0.4252498486,0,1,1,0.4252498486,"[{""axis_max"": 1.0, ""axis_min"": 0.0, ""axis_span"": 1.0, ""primary_max"": 0.6358412087, ""primary_min"": 0.2105913601, ""primary_span"": 0.42524984860000004, ""utilization_ratio"": 0.42524984860000004}]",,Full-domain companion preserves every qualifying raw monthly value,False,,0,,True,src/moving_average_figures.py,True,New companion reference,,,,,,,intentional full-scale reference
analysis/moving_averages/figures/ll_sexual_content/electronic_dance.png,moving_average_individual_genre,equal-weight 12-month mean; rank-weighted 12-month sensitivity,y,linear,0.241639701,0.6832864216,0.4416467206,0.2,0.72,0.52,0.849320616538,"[{""axis_max"": 0.72, ""axis_min"": 0.2, ""axis_span"": 0.52, ""primary_max"": 0.6832864216, ""primary_min"": 0.241639701, ""primary_span"": 0.4416467206, ""utilization_ratio"": 0.8493206165384615}]",Primary rolling range uses 25–50% of old Y-axis; reviewed against raw/global scale,Scale only finite displayed rolling series; exterior legend; readable count panel; 300 dpi,True,analysis/moving_averages/figures/ll_sexual_content/electronic_dance_full_scale.png,51,Y-axis follows displayed 12-month means; classifier scores range 0–1. Raw monthly context: 51 values outside view.,True,src/moving_average_figures.py,False,zero to 1.08 × maximum qualifying raw mean across overall and ALL genres; capped at 1.02; floor 0.005,0.241639701,0.6832864216,0,1.02,0.43298698098,,reviewed by family; no unresolved presentation issue
analysis/moving_averages/figures/ll_sexual_content/electronic_dance_full_scale.png,moving_average_individual_genre,equal-weight/rank-weighted rolling means; full-domain reference,y,linear,0.241639701,0.6832864216,0.4416467206,0,1,1,0.4416467206,"[{""axis_max"": 1.0, ""axis_min"": 0.0, ""axis_span"": 1.0, ""primary_max"": 0.6832864216, ""primary_min"": 0.241639701, ""primary_span"": 0.4416467206, ""utilization_ratio"": 0.4416467206}]",,Full-domain companion preserves every qualifying raw monthly value,False,,0,,True,src/moving_average_figures.py,True,New companion reference,,,,,,,intentional full-scale reference
analysis/moving_averages/figures/ll_sexual_content/hip_hop_rap.png,moving_average_individual_genre,equal-weight 12-month mean; rank-weighted 12-month sensitivity,y,linear,0.6593909553,0.9930632504,0.3336722951,0.63,1,0.37,0.901817013784,"[{""axis_max"": 1.0, ""axis_min"": 0.63, ""axis_span"": 0.37, ""primary_max"": 0.9930632504, ""primary_min"": 0.6593909553, ""primary_span"": 0.33367229509999996, ""utilization_ratio"": 0.9018170137837836}]",Primary rolling range uses 25–50% of old Y-axis; reviewed against raw/global scale,Scale only finite displayed rolling series; exterior legend; readable count panel; 300 dpi,True,analysis/moving_averages/figures/ll_sexual_content/hip_hop_rap_full_scale.png,7,Y-axis follows displayed 12-month means; classifier scores range 0–1. Raw monthly context: 7 values outside view.,True,src/moving_average_figures.py,False,zero to 1.08 × maximum qualifying raw mean across overall and ALL genres; capped at 1.02; floor 0.005,0.6593909553,0.9930632504,0,1.02,0.327129701078,,reviewed by family; no unresolved presentation issue
analysis/moving_averages/figures/ll_sexual_content/hip_hop_rap_full_scale.png,moving_average_individual_genre,equal-weight/rank-weighted rolling means; full-domain reference,y,linear,0.6593909553,0.9930632504,0.3336722951,0,1,1,0.3336722951,"[{""axis_max"": 1.0, ""axis_min"": 0.0, ""axis_span"": 1.0, ""primary_max"": 0.9930632504, ""primary_min"": 0.6593909553, ""primary_span"": 0.33367229509999996, ""utilization_ratio"": 0.33367229509999996}]",,Full-domain companion preserves every qualifying raw monthly value,False,,0,,True,src/moving_average_figures.py,True,New companion reference,,,,,,,intentional full-scale reference
analysis/moving_averages/figures/ll_sexual_content/major_genres.png,moving_average_major_genres,equal-weight 12-month mean,y,linear,0.09739564589,0.9907093504,0.89331370451,0.02,1,0.98,0.911544596439,"[{""axis_max"": 1.0, ""axis_min"": 0.02, ""axis_span"": 0.98, ""primary_max"": 0.9907093504, ""primary_min"": 0.09739564589, ""primary_span"": 0.8933137045099999, ""utilization_ratio"": 0.9115445964387754}]",,Scale only finite displayed rolling series; exterior legend; readable count panel; 300 dpi,False,,0,Y-axis follows displayed 12-month means; classifier scores range 0–1.,True,src/moving_average_figures.py,False,zero to 1.08 × maximum qualifying raw mean across overall and ALL genres; capped at 1.02; floor 0.005,0.09739564589,0.9907093504,0,1.02,0.87579774952,,reviewed by family; no unresolved presentation issue
analysis/moving_averages/figures/ll_sexual_content/overall.png,moving_average_overall,equal-weight 12-month mean,y,linear,0.295096113,0.6866404172,0.3915443042,0.26,0.72,0.46,0.85118327,"[{""axis_max"": 0.72, ""axis_min"": 0.26, ""axis_span"": 0.45999999999999996, ""primary_max"": 0.6866404172, ""primary_min"": 0.295096113, ""primary_span"": 0.3915443042, ""utilization_ratio"": 0.8511832700000002}]",Primary rolling range uses 25–50% of old Y-axis; reviewed against raw/global scale,Scale only finite displayed rolling series; exterior legend; readable count panel; 300 dpi,True,analysis/moving_averages/figures/ll_sexual_content/overall_full_scale.png,11,Y-axis follows displayed 12-month means; classifier scores range 0–1. Raw monthly context: 11 values outside view.,True,src/moving_average_figures.py,False,zero to 1.08 × maximum qualifying raw mean across overall and ALL genres; capped at 1.02; floor 0.005,0.295096113,0.6866404172,0,1.02,0.383866964902,,reviewed by family; no unresolved presentation issue
analysis/moving_averages/figures/ll_sexual_content/overall_full_scale.png,moving_average_overall,equal-weight/rank-weighted rolling means; full-domain reference,y,linear,0.295096113,0.6866404172,0.3915443042,0,1,1,0.3915443042,"[{""axis_max"": 1.0, ""axis_min"": 0.0, ""axis_span"": 1.0, ""primary_max"": 0.6866404172, ""primary_min"": 0.295096113, ""primary_span"": 0.3915443042, ""utilization_ratio"": 0.3915443042}]",,Full-domain companion preserves every qualifying raw monthly value,False,,0,,True,src/moving_average_figures.py,True,New companion reference,,,,,,,intentional full-scale reference
analysis/moving_averages/figures/ll_sexual_content/pop.png,moving_average_individual_genre,equal-weight 12-month mean; rank-weighted 12-month sensitivity,y,linear,0.1784842556,0.7497983251,0.5713140695,0.13,0.8,0.67,0.852707566418,"[{""axis_max"": 0.8, ""axis_min"": 0.13, ""axis_span"": 0.67, ""primary_max"": 0.7497983251, ""primary_min"": 0.1784842556, ""primary_span"": 0.5713140695, ""utilization_ratio"": 0.8527075664179103}]",,Scale only finite displayed rolling series; exterior legend; readable count panel; 300 dpi,True,analysis/moving_averages/figures/ll_sexual_content/pop_full_scale.png,7,Y-axis follows displayed 12-month means; classifier scores range 0–1. Raw monthly context: 7 values outside view.,True,src/moving_average_figures.py,False,zero to 1.08 × maximum qualifying raw mean across overall and ALL genres; capped at 1.02; floor 0.005,0.1784842556,0.7497983251,0,1.02,0.560111832843,,reviewed by family; no unresolved presentation issue
analysis/moving_averages/figures/ll_sexual_content/pop_full_scale.png,moving_average_individual_genre,equal-weight/rank-weighted rolling means; full-domain reference,y,linear,0.1784842556,0.7497983251,0.5713140695,0,1,1,0.5713140695,"[{""axis_max"": 1.0, ""axis_min"": 0.0, ""axis_span"": 1.0, ""primary_max"": 0.7497983251, ""primary_min"": 0.1784842556, ""primary_span"": 0.5713140695, ""utilization_ratio"": 0.5713140695}]",,Full-domain companion preserves every qualifying raw monthly value,False,,0,,True,src/moving_average_figures.py,True,New companion reference,,,,,,,intentional full-scale reference
analysis/moving_averages/figures/ll_sexual_content/r_b_soul.png,moving_average_individual_genre,equal-weight 12-month mean; rank-weighted 12-month sensitivity,y,linear,0.3488987186,0.8945726829,0.5456739643,0.3,0.94,0.64,0.852615569219,"[{""axis_max"": 0.9400000000000001, ""axis_min"": 0.3, ""axis_span"": 0.6400000000000001, ""primary_max"": 0.8945726829, ""primary_min"": 0.3488987186, ""primary_span"": 0.5456739643, ""utilization_ratio"": 0.8526155692187499}]",,Scale only finite displayed rolling series; exterior legend; readable count panel; 300 dpi,True,analysis/moving_averages/figures/ll_sexual_content/r_b_soul_full_scale.png,32,Y-axis follows displayed 12-month means; classifier scores range 0–1. Raw monthly context: 32 values outside view.,True,src/moving_average_figures.py,False,zero to 1.08 × maximum qualifying raw mean across overall and ALL genres; capped at 1.02; floor 0.005,0.3488987186,0.8945726829,0,1.02,0.534974474804,,reviewed by family; no unresolved presentation issue
analysis/moving_averages/figures/ll_sexual_content/r_b_soul_full_scale.png,moving_average_individual_genre,equal-weight/rank-weighted rolling means; full-domain reference,y,linear,0.3488987186,0.8945726829,0.5456739643,0,1,1,0.5456739643,"[{""axis_max"": 1.0, ""axis_min"": 0.0, ""axis_span"": 1.0, ""primary_max"": 0.8945726829, ""primary_min"": 0.3488987186, ""primary_span"": 0.5456739643, ""utilization_ratio"": 0.5456739643}]",,Full-domain companion preserves every qualifying raw monthly value,False,,0,,True,src/moving_average_figures.py,True,New companion reference,,,,,,,intentional full-scale reference
analysis/moving_averages/figures/ll_sexual_content/rank_sensitivity.png,moving_average_rank_sensitivity,equal-weight 12-month mean; rank-weighted 12-month sensitivity,y,linear,0.2776681628,0.7167129153,0.4390447525,0.24,0.76,0.52,0.844316831731,"[{""axis_max"": 0.76, ""axis_min"": 0.24, ""axis_span"": 0.52, ""primary_max"": 0.7167129153, ""primary_min"": 0.2776681628, ""primary_span"": 0.4390447525, ""utilization_ratio"": 0.8443168317307692}]",Primary rolling range uses 25–50% of old Y-axis; reviewed against raw/global scale,Scale only finite displayed rolling series; exterior legend; readable count panel; 300 dpi,False,,0,Y-axis follows displayed 12-month means; classifier scores range 0–1.,True,src/moving_average_figures.py,False,zero to 1.08 × maximum qualifying raw mean across overall and ALL genres; capped at 1.02; floor 0.005,0.2776681628,0.7167129153,0,1.02,0.430436031863,,reviewed by family; no unresolved presentation issue
analysis/moving_averages/figures/ll_sexual_content/rock.png,moving_average_individual_genre,equal-weight 12-month mean; rank-weighted 12-month sensitivity,y,linear,0.08950399944,0.5907788683,0.50127486886,0.04,0.64,0.6,0.835458114767,"[{""axis_max"": 0.64, ""axis_min"": 0.04, ""axis_span"": 0.6, ""primary_max"": 0.5907788683, ""primary_min"": 0.08950399944, ""primary_span"": 0.5012748688600001, ""utilization_ratio"": 0.8354581147666668}]",Primary rolling range uses 25–50% of old Y-axis; reviewed against raw/global scale,Scale only finite displayed rolling series; exterior legend; readable count panel; 300 dpi,True,analysis/moving_averages/figures/ll_sexual_content/rock_full_scale.png,24,Y-axis follows displayed 12-month means; classifier scores range 0–1. Raw monthly context: 24 values outside view.,True,src/moving_average_figures.py,False,zero to 1.08 × maximum qualifying raw mean across overall and ALL genres; capped at 1.02; floor 0.005,0.08950399944,0.5907788683,0,1.02,0.491445949863,,reviewed by family; no unresolved presentation issue
analysis/moving_averages/figures/ll_sexual_content/rock_full_scale.png,moving_average_individual_genre,equal-weight/rank-weighted rolling means; full-domain reference,y,linear,0.08950399944,0.5907788683,0.50127486886,0,1,1,0.50127486886,"[{""axis_max"": 1.0, ""axis_min"": 0.0, ""axis_span"": 1.0, ""primary_max"": 0.5907788683, ""primary_min"": 0.08950399944, ""primary_span"": 0.5012748688600001, ""utilization_ratio"": 0.5012748688600001}]",,Full-domain companion preserves every qualifying raw monthly value,False,,0,,True,src/moving_average_figures.py,True,New companion reference,,,,,,,intentional full-scale reference
analysis/moving_averages/figures/ll_substance_use/alternative_indie.png,moving_average_individual_genre,equal-weight 12-month mean; rank-weighted 12-month sensitivity,y,linear,0.023901305,0.5640805655,0.5401792605,0,0.61,0.61,0.885539771311,"[{""axis_max"": 0.61, ""axis_min"": 0.0, ""axis_span"": 0.61, ""primary_max"": 0.5640805655, ""primary_min"": 0.023901305, ""primary_span"": 0.5401792605, ""utilization_ratio"": 0.8855397713114754}]",,Scale only finite displayed rolling series; exterior legend; readable count panel; 300 dpi,True,analysis/moving_averages/figures/ll_substance_use/alternative_indie_full_scale.png,1,Y-axis follows displayed 12-month means; classifier scores range 0–1. Raw monthly context: 1 values outside view.,True,src/moving_average_figures.py,False,zero to 1.08 × maximum qualifying raw mean across overall and ALL genres; capped at 1.02; floor 0.005,0.023901305,0.5640805655,0,1.02,0.529587510294,,reviewed by family; no unresolved presentation issue
analysis/moving_averages/figures/ll_substance_use/alternative_indie_full_scale.png,moving_average_individual_genre,equal-weight/rank-weighted rolling means; full-domain reference,y,linear,0.023901305,0.5640805655,0.5401792605,0,1,1,0.5401792605,"[{""axis_max"": 1.0, ""axis_min"": 0.0, ""axis_span"": 1.0, ""primary_max"": 0.5640805655, ""primary_min"": 0.023901305, ""primary_span"": 0.5401792605, ""utilization_ratio"": 0.5401792605}]",,Full-domain companion preserves every qualifying raw monthly value,False,,0,,True,src/moving_average_figures.py,True,New companion reference,,,,,,,intentional full-scale reference
analysis/moving_averages/figures/ll_substance_use/country.png,moving_average_individual_genre,equal-weight 12-month mean; rank-weighted 12-month sensitivity,y,linear,0.09494788167,0.763855117,0.66890723533,0.04,0.82,0.78,0.857573378628,"[{""axis_max"": 0.8200000000000001, ""axis_min"": 0.04, ""axis_span"": 0.78, ""primary_max"": 0.763855117, ""primary_min"": 0.09494788167, ""primary_span"": 0.66890723533, ""utilization_ratio"": 0.857573378628205}]",,Scale only finite displayed rolling series; exterior legend; readable count panel; 300 dpi,True,analysis/moving_averages/figures/ll_substance_use/country_full_scale.png,57,Y-axis follows displayed 12-month means; classifier scores range 0–1. Raw monthly context: 57 values outside view.,True,src/moving_average_figures.py,False,zero to 1.08 × maximum qualifying raw mean across overall and ALL genres; capped at 1.02; floor 0.005,0.09494788167,0.763855117,0,1.02,0.655791407186,,reviewed by family; no unresolved presentation issue
analysis/moving_averages/figures/ll_substance_use/country_full_scale.png,moving_average_individual_genre,equal-weight/rank-weighted rolling means; full-domain reference,y,linear,0.09494788167,0.763855117,0.66890723533,0,1,1,0.66890723533,"[{""axis_max"": 1.0, ""axis_min"": 0.0, ""axis_span"": 1.0, ""primary_max"": 0.763855117, ""primary_min"": 0.09494788167, ""primary_span"": 0.66890723533, ""utilization_ratio"": 0.66890723533}]",,Full-domain companion preserves every qualifying raw monthly value,False,,0,,True,src/moving_average_figures.py,True,New companion reference,,,,,,,intentional full-scale reference
analysis/moving_averages/figures/ll_substance_use/electronic_dance.png,moving_average_individual_genre,equal-weight 12-month mean; rank-weighted 12-month sensitivity,y,linear,0.02340050817,0.618388238,0.59498772983,0,0.67,0.67,0.888041387806,"[{""axis_max"": 0.67, ""axis_min"": 0.0, ""axis_span"": 0.67, ""primary_max"": 0.618388238, ""primary_min"": 0.02340050817, ""primary_span"": 0.5949877298299999, ""utilization_ratio"": 0.88804138780597}]",,Scale only finite displayed rolling series; exterior legend; readable count panel; 300 dpi,True,analysis/moving_averages/figures/ll_substance_use/electronic_dance_full_scale.png,2,Y-axis follows displayed 12-month means; classifier scores range 0–1. Raw monthly context: 2 values outside view.,True,src/moving_average_figures.py,False,zero to 1.08 × maximum qualifying raw mean across overall and ALL genres; capped at 1.02; floor 0.005,0.02340050817,0.618388238,0,1.02,0.583321303755,,reviewed by family; no unresolved presentation issue
analysis/moving_averages/figures/ll_substance_use/electronic_dance_full_scale.png,moving_average_individual_genre,equal-weight/rank-weighted rolling means; full-domain reference,y,linear,0.02340050817,0.618388238,0.59498772983,0,1,1,0.59498772983,"[{""axis_max"": 1.0, ""axis_min"": 0.0, ""axis_span"": 1.0, ""primary_max"": 0.618388238, ""primary_min"": 0.02340050817, ""primary_span"": 0.5949877298299999, ""utilization_ratio"": 0.5949877298299999}]",,Full-domain companion preserves every qualifying raw monthly value,False,,0,,True,src/moving_average_figures.py,True,New companion reference,,,,,,,intentional full-scale reference
analysis/moving_averages/figures/ll_substance_use/hip_hop_rap.png,moving_average_individual_genre,equal-weight 12-month mean; rank-weighted 12-month sensitivity,y,linear,0.3843020235,0.8496801401,0.4653781166,0.34,0.89,0.55,0.846142030182,"[{""axis_max"": 0.89, ""axis_min"": 0.34, ""axis_span"": 0.55, ""primary_max"": 0.8496801401, ""primary_min"": 0.3843020235, ""primary_span"": 0.46537811660000006, ""utilization_ratio"": 0.8461420301818182}]",Primary rolling range uses 25–50% of old Y-axis; reviewed against raw/global scale,Scale only finite displayed rolling series; exterior legend; readable count panel; 300 dpi,True,analysis/moving_averages/figures/ll_substance_use/hip_hop_rap_full_scale.png,21,Y-axis follows displayed 12-month means; classifier scores range 0–1. Raw monthly context: 21 values outside view.,True,src/moving_average_figures.py,False,zero to 1.08 × maximum qualifying raw mean across overall and ALL genres; capped at 1.02; floor 0.005,0.3843020235,0.8496801401,0,1.02,0.45625305549,,reviewed by family; no unresolved presentation issue
analysis/moving_averages/figures/ll_substance_use/hip_hop_rap_full_scale.png,moving_average_individual_genre,equal-weight/rank-weighted rolling means; full-domain reference,y,linear,0.3843020235,0.8496801401,0.4653781166,0,1,1,0.4653781166,"[{""axis_max"": 1.0, ""axis_min"": 0.0, ""axis_span"": 1.0, ""primary_max"": 0.8496801401, ""primary_min"": 0.3843020235, ""primary_span"": 0.46537811660000006, ""utilization_ratio"": 0.46537811660000006}]",,Full-domain companion preserves every qualifying raw monthly value,False,,0,,True,src/moving_average_figures.py,True,New companion reference,,,,,,,intentional full-scale reference
analysis/moving_averages/figures/ll_substance_use/major_genres.png,moving_average_major_genres,equal-weight 12-month mean,y,linear,0.01290038474,0.8496801401,0.83677975536,0,0.92,0.92,0.909543212348,"[{""axis_max"": 0.92, ""axis_min"": 0.0, ""axis_span"": 0.92, ""primary_max"": 0.8496801401, ""primary_min"": 0.01290038474, ""primary_span"": 0.83677975536, ""utilization_ratio"": 0.9095432123478261}]",,Scale only finite displayed rolling series; exterior legend; readable count panel; 300 dpi,False,,0,Y-axis follows displayed 12-month means; classifier scores range 0–1.,True,src/moving_average_figures.py,False,zero to 1.08 × maximum qualifying raw mean across overall and ALL genres; capped at 1.02; floor 0.005,0.01290038474,0.8496801401,0,1.02,0.820372309176,,reviewed by family; no unresolved presentation issue
analysis/moving_averages/figures/ll_substance_use/overall.png,moving_average_overall,equal-weight 12-month mean,y,linear,0.04659462652,0.5508466683,0.50425204178,0,0.6,0.6,0.840420069633,"[{""axis_max"": 0.6, ""axis_min"": 0.0, ""axis_span"": 0.6, ""primary_max"": 0.5508466683, ""primary_min"": 0.04659462652, ""primary_span"": 0.5042520417799999, ""utilization_ratio"": 0.8404200696333333}]",Primary rolling range uses 25–50% of old Y-axis; reviewed against raw/global scale,Scale only finite displayed rolling series; exterior legend; readable count panel; 300 dpi,True,analysis/moving_averages/figures/ll_substance_use/overall_full_scale.png,4,Y-axis follows displayed 12-month means; classifier scores range 0–1. Raw monthly context: 4 values outside view.,True,src/moving_average_figures.py,False,zero to 1.08 × maximum qualifying raw mean across overall and ALL genres; capped at 1.02; floor 0.005,0.04659462652,0.5508466683,0,1.02,0.494364746843,,reviewed by family; no unresolved presentation issue
analysis/moving_averages/figures/ll_substance_use/overall_full_scale.png,moving_average_overall,equal-weight/rank-weighted rolling means; full-domain reference,y,linear,0.04659462652,0.5508466683,0.50425204178,0,1,1,0.50425204178,"[{""axis_max"": 1.0, ""axis_min"": 0.0, ""axis_span"": 1.0, ""primary_max"": 0.5508466683, ""primary_min"": 0.04659462652, ""primary_span"": 0.5042520417799999, ""utilization_ratio"": 0.5042520417799999}]",,Full-domain companion preserves every qualifying raw monthly value,False,,0,,True,src/moving_average_figures.py,True,New companion reference,,,,,,,intentional full-scale reference
analysis/moving_averages/figures/ll_substance_use/pop.png,moving_average_individual_genre,equal-weight 12-month mean; rank-weighted 12-month sensitivity,y,linear,0.01270243215,0.4303289465,0.41762651435,0,0.47,0.47,0.888567051809,"[{""axis_max"": 0.47000000000000003, ""axis_min"": 0.0, ""axis_span"": 0.47000000000000003, ""primary_max"": 0.4303289465, ""primary_min"": 0.01270243215, ""primary_span"": 0.41762651435, ""utilization_ratio"": 0.8885670518085106}]",Primary rolling range uses 25–50% of old Y-axis; reviewed against raw/global scale,Scale only finite displayed rolling series; exterior legend; readable count panel; 300 dpi,True,analysis/moving_averages/figures/ll_substance_use/pop_full_scale.png,5,Y-axis follows displayed 12-month means; classifier scores range 0–1. Raw monthly context: 5 values outside view.,True,src/moving_average_figures.py,False,zero to 1.08 × maximum qualifying raw mean across overall and ALL genres; capped at 1.02; floor 0.005,0.01270243215,0.4303289465,0,1.02,0.409437759167,,reviewed by family; no unresolved presentation issue
analysis/moving_averages/figures/ll_substance_use/pop_full_scale.png,moving_average_individual_genre,equal-weight/rank-weighted rolling means; full-domain reference,y,linear,0.01270243215,0.4303289465,0.41762651435,0,1,1,0.41762651435,"[{""axis_max"": 1.0, ""axis_min"": 0.0, ""axis_span"": 1.0, ""primary_max"": 0.4303289465, ""primary_min"": 0.01270243215, ""primary_span"": 0.41762651435, ""utilization_ratio"": 0.41762651435}]",,Full-domain companion preserves every qualifying raw monthly value,False,,0,,True,src/moving_average_figures.py,True,New companion reference,,,,,,,intentional full-scale reference
analysis/moving_averages/figures/ll_substance_use/r_b_soul.png,moving_average_individual_genre,equal-weight 12-month mean; rank-weighted 12-month sensitivity,y,linear,0.00749106076,0.5668407811,0.55934972034,0,0.62,0.62,0.90217696829,"[{""axis_max"": 0.62, ""axis_min"": 0.0, ""axis_span"": 0.62, ""primary_max"": 0.5668407811, ""primary_min"": 0.00749106076, ""primary_span"": 0.5593497203400001, ""utilization_ratio"": 0.9021769682903227}]",,Scale only finite displayed rolling series; exterior legend; readable count panel; 300 dpi,True,analysis/moving_averages/figures/ll_substance_use/r_b_soul_full_scale.png,3,Y-axis follows displayed 12-month means; classifier scores range 0–1. Raw monthly context: 3 values outside view.,True,src/moving_average_figures.py,False,zero to 1.08 × maximum qualifying raw mean across overall and ALL genres; capped at 1.02; floor 0.005,0.00749106076,0.5668407811,0,1.02,0.548382078765,,reviewed by family; no unresolved presentation issue
analysis/moving_averages/figures/ll_substance_use/r_b_soul_full_scale.png,moving_average_individual_genre,equal-weight/rank-weighted rolling means; full-domain reference,y,linear,0.00749106076,0.5668407811,0.55934972034,0,1,1,0.55934972034,"[{""axis_max"": 1.0, ""axis_min"": 0.0, ""axis_span"": 1.0, ""primary_max"": 0.5668407811, ""primary_min"": 0.00749106076, ""primary_span"": 0.5593497203400001, ""utilization_ratio"": 0.5593497203400001}]",,Full-domain companion preserves every qualifying raw monthly value,False,,0,,True,src/moving_average_figures.py,True,New companion reference,,,,,,,intentional full-scale reference
analysis/moving_averages/figures/ll_substance_use/rank_sensitivity.png,moving_average_rank_sensitivity,equal-weight 12-month mean; rank-weighted 12-month sensitivity,y,linear,0.03983746263,0.5576539294,0.51781646677,0,0.6,0.6,0.863027444617,"[{""axis_max"": 0.6, ""axis_min"": 0.0, ""axis_span"": 0.6, ""primary_max"": 0.5576539294, ""primary_min"": 0.03983746263, ""primary_span"": 0.51781646677, ""utilization_ratio"": 0.8630274446166668}]",,Scale only finite displayed rolling series; exterior legend; readable count panel; 300 dpi,False,,0,Y-axis follows displayed 12-month means; classifier scores range 0–1.,True,src/moving_average_figures.py,False,zero to 1.08 × maximum qualifying raw mean across overall and ALL genres; capped at 1.02; floor 0.005,0.03983746263,0.5576539294,0,1.02,0.507663202716,,reviewed by family; no unresolved presentation issue
analysis/moving_averages/figures/ll_substance_use/rock.png,moving_average_individual_genre,equal-weight 12-month mean; rank-weighted 12-month sensitivity,y,linear,0.0222595066,0.3185261982,0.2962666916,0,0.35,0.35,0.846476261714,"[{""axis_max"": 0.35000000000000003, ""axis_min"": 0.0, ""axis_span"": 0.35000000000000003, ""primary_max"": 0.3185261982, ""primary_min"": 0.0222595066, ""primary_span"": 0.2962666916, ""utilization_ratio"": 0.8464762617142857}]",Primary rolling range uses 25–50% of old Y-axis; reviewed against raw/global scale,Scale only finite displayed rolling series; exterior legend; readable count panel; 300 dpi,True,analysis/moving_averages/figures/ll_substance_use/rock_full_scale.png,33,Y-axis follows displayed 12-month means; classifier scores range 0–1. Raw monthly context: 33 values outside view.,True,src/moving_average_figures.py,False,zero to 1.08 × maximum qualifying raw mean across overall and ALL genres; capped at 1.02; floor 0.005,0.0222595066,0.3185261982,0,1.02,0.290457540784,,reviewed by family; no unresolved presentation issue
analysis/moving_averages/figures/ll_substance_use/rock_full_scale.png,moving_average_individual_genre,equal-weight/rank-weighted rolling means; full-domain reference,y,linear,0.0222595066,0.3185261982,0.2962666916,0,1,1,0.2962666916,"[{""axis_max"": 1.0, ""axis_min"": 0.0, ""axis_span"": 1.0, ""primary_max"": 0.3185261982, ""primary_min"": 0.0222595066, ""primary_span"": 0.2962666916, ""utilization_ratio"": 0.2962666916}]",,Full-domain companion preserves every qualifying raw monthly value,False,,0,,True,src/moving_average_figures.py,True,New companion reference,,,,,,,intentional full-scale reference
analysis/moving_averages/figures/ll_violence/alternative_indie.png,moving_average_individual_genre,equal-weight 12-month mean; rank-weighted 12-month sensitivity,y,linear,0.1080672934,0.7312223514,0.623155058,0.05,0.79,0.74,0.84210142973,"[{""axis_max"": 0.79, ""axis_min"": 0.05, ""axis_span"": 0.74, ""primary_max"": 0.7312223514, ""primary_min"": 0.1080672934, ""primary_span"": 0.623155058, ""utilization_ratio"": 0.8421014297297298}]",,Scale only finite displayed rolling series; exterior legend; readable count panel; 300 dpi,True,analysis/moving_averages/figures/ll_violence/alternative_indie_full_scale.png,29,Y-axis follows displayed 12-month means; classifier scores range 0–1. Raw monthly context: 29 values outside view.,True,src/moving_average_figures.py,False,zero to 1.08 × maximum qualifying raw mean across overall and ALL genres; capped at 1.02; floor 0.005,0.1080672934,0.7312223514,0,1.02,0.610936331373,,reviewed by family; no unresolved presentation issue
analysis/moving_averages/figures/ll_violence/alternative_indie_full_scale.png,moving_average_individual_genre,equal-weight/rank-weighted rolling means; full-domain reference,y,linear,0.1080672934,0.7312223514,0.623155058,0,1,1,0.623155058,"[{""axis_max"": 1.0, ""axis_min"": 0.0, ""axis_span"": 1.0, ""primary_max"": 0.7312223514, ""primary_min"": 0.1080672934, ""primary_span"": 0.623155058, ""utilization_ratio"": 0.623155058}]",,Full-domain companion preserves every qualifying raw monthly value,False,,0,,True,src/moving_average_figures.py,True,New companion reference,,,,,,,intentional full-scale reference
analysis/moving_averages/figures/ll_violence/country.png,moving_average_individual_genre,equal-weight 12-month mean; rank-weighted 12-month sensitivity,y,linear,0.02146790503,0.3118869397,0.29041903467,0,0.34,0.34,0.854173631382,"[{""axis_max"": 0.34, ""axis_min"": 0.0, ""axis_span"": 0.34, ""primary_max"": 0.3118869397, ""primary_min"": 0.02146790503, ""primary_span"": 0.29041903466999996, ""utilization_ratio"": 0.8541736313823528}]",Primary rolling range uses 25–50% of old Y-axis; reviewed against raw/global scale,Scale only finite displayed rolling series; exterior legend; readable count panel; 300 dpi,True,analysis/moving_averages/figures/ll_violence/country_full_scale.png,39,Y-axis follows displayed 12-month means; classifier scores range 0–1. Raw monthly context: 39 values outside view.,True,src/moving_average_figures.py,False,zero to 1.08 × maximum qualifying raw mean across overall and ALL genres; capped at 1.02; floor 0.005,0.02146790503,0.3118869397,0,1.02,0.284724543794,,reviewed by family; no unresolved presentation issue
analysis/moving_averages/figures/ll_violence/country_full_scale.png,moving_average_individual_genre,equal-weight/rank-weighted rolling means; full-domain reference,y,linear,0.02146790503,0.3118869397,0.29041903467,0,1,1,0.29041903467,"[{""axis_max"": 1.0, ""axis_min"": 0.0, ""axis_span"": 1.0, ""primary_max"": 0.3118869397, ""primary_min"": 0.02146790503, ""primary_span"": 0.29041903466999996, ""utilization_ratio"": 0.29041903466999996}]",,Full-domain companion preserves every qualifying raw monthly value,False,,0,,True,src/moving_average_figures.py,True,New companion reference,,,,,,,intentional full-scale reference
analysis/moving_averages/figures/ll_violence/electronic_dance.png,moving_average_individual_genre,equal-weight 12-month mean; rank-weighted 12-month sensitivity,y,linear,0.02057581724,0.3193593882,0.29878357096,0,0.35,0.35,0.8536673456,"[{""axis_max"": 0.35000000000000003, ""axis_min"": 0.0, ""axis_span"": 0.35000000000000003, ""primary_max"": 0.3193593882, ""primary_min"": 0.02057581724, ""primary_span"": 0.29878357095999997, ""utilization_ratio"": 0.8536673455999998}]",Primary rolling range uses 25–50% of old Y-axis; reviewed against raw/global scale,Scale only finite displayed rolling series; exterior legend; readable count panel; 300 dpi,True,analysis/moving_averages/figures/ll_violence/electronic_dance_full_scale.png,17,Y-axis follows displayed 12-month means; classifier scores range 0–1. Raw monthly context: 17 values outside view.,True,src/moving_average_figures.py,False,zero to 1.08 × maximum qualifying raw mean across overall and ALL genres; capped at 1.02; floor 0.005,0.02057581724,0.3193593882,0,1.02,0.292925069569,,reviewed by family; no unresolved presentation issue
analysis/moving_averages/figures/ll_violence/electronic_dance_full_scale.png,moving_average_individual_genre,equal-weight/rank-weighted rolling means; full-domain reference,y,linear,0.02057581724,0.3193593882,0.29878357096,0,1,1,0.29878357096,"[{""axis_max"": 1.0, ""axis_min"": 0.0, ""axis_span"": 1.0, ""primary_max"": 0.3193593882, ""primary_min"": 0.02057581724, ""primary_span"": 0.29878357095999997, ""utilization_ratio"": 0.29878357095999997}]",,Full-domain companion preserves every qualifying raw monthly value,False,,0,,True,src/moving_average_figures.py,True,New companion reference,,,,,,,intentional full-scale reference
analysis/moving_averages/figures/ll_violence/hip_hop_rap.png,moving_average_individual_genre,equal-weight 12-month mean; rank-weighted 12-month sensitivity,y,linear,0.2779183837,0.8179504957,0.540032112,0.23,0.87,0.64,0.843800175,"[{""axis_max"": 0.87, ""axis_min"": 0.23, ""axis_span"": 0.64, ""primary_max"": 0.8179504957, ""primary_min"": 0.2779183837, ""primary_span"": 0.540032112, ""utilization_ratio"": 0.843800175}]",,Scale only finite displayed rolling series; exterior legend; readable count panel; 300 dpi,True,analysis/moving_averages/figures/ll_violence/hip_hop_rap_full_scale.png,12,Y-axis follows displayed 12-month means; classifier scores range 0–1. Raw monthly context: 12 values outside view.,True,src/moving_average_figures.py,False,zero to 1.08 × maximum qualifying raw mean across overall and ALL genres; capped at 1.02; floor 0.005,0.2779183837,0.8179504957,0,1.02,0.529443247059,,reviewed by family; no unresolved presentation issue
analysis/moving_averages/figures/ll_violence/hip_hop_rap_full_scale.png,moving_average_individual_genre,equal-weight/rank-weighted rolling means; full-domain reference,y,linear,0.2779183837,0.8179504957,0.540032112,0,1,1,0.540032112,"[{""axis_max"": 1.0, ""axis_min"": 0.0, ""axis_span"": 1.0, ""primary_max"": 0.8179504957, ""primary_min"": 0.2779183837, ""primary_span"": 0.540032112, ""utilization_ratio"": 0.540032112}]",,Full-domain companion preserves every qualifying raw monthly value,False,,0,,True,src/moving_average_figures.py,True,New companion reference,,,,,,,intentional full-scale reference
analysis/moving_averages/figures/ll_violence/major_genres.png,moving_average_major_genres,equal-weight 12-month mean,y,linear,0.01646763118,0.8179504957,0.80148286452,0,0.89,0.89,0.900542544404,"[{""axis_max"": 0.89, ""axis_min"": 0.0, ""axis_span"": 0.89, ""primary_max"": 0.8179504957, ""primary_min"": 0.01646763118, ""primary_span"": 0.80148286452, ""utilization_ratio"": 0.9005425444044943}]",,Scale only finite displayed rolling series; exterior legend; readable count panel; 300 dpi,False,,0,Y-axis follows displayed 12-month means; classifier scores range 0–1.,True,src/moving_average_figures.py,False,zero to 1.08 × maximum qualifying raw mean across overall and ALL genres; capped at 1.02; floor 0.005,0.01646763118,0.8179504957,0,1.02,0.785767514235,,reviewed by family; no unresolved presentation issue
analysis/moving_averages/figures/ll_violence/overall.png,moving_average_overall,equal-weight 12-month mean,y,linear,0.06765587598,0.3773658857,0.30971000972,0.04,0.41,0.37,0.837054080324,"[{""axis_max"": 0.41000000000000003, ""axis_min"": 0.04, ""axis_span"": 0.37000000000000005, ""primary_max"": 0.3773658857, ""primary_min"": 0.06765587598, ""primary_span"": 0.30971000972, ""utilization_ratio"": 0.8370540803243243}]",Primary rolling range uses 25–50% of old Y-axis; reviewed against raw/global scale,Scale only finite displayed rolling series; exterior legend; readable count panel; 300 dpi,True,analysis/moving_averages/figures/ll_violence/overall_full_scale.png,16,Y-axis follows displayed 12-month means; classifier scores range 0–1. Raw monthly context: 16 values outside view.,True,src/moving_average_figures.py,False,zero to 1.08 × maximum qualifying raw mean across overall and ALL genres; capped at 1.02; floor 0.005,0.06765587598,0.3773658857,0,1.02,0.303637264431,,reviewed by family; no unresolved presentation issue
analysis/moving_averages/figures/ll_violence/overall_full_scale.png,moving_average_overall,equal-weight/rank-weighted rolling means; full-domain reference,y,linear,0.06765587598,0.3773658857,0.30971000972,0,1,1,0.30971000972,"[{""axis_max"": 1.0, ""axis_min"": 0.0, ""axis_span"": 1.0, ""primary_max"": 0.3773658857, ""primary_min"": 0.06765587598, ""primary_span"": 0.30971000972, ""utilization_ratio"": 0.30971000972}]",,Full-domain companion preserves every qualifying raw monthly value,False,,0,,True,src/moving_average_figures.py,True,New companion reference,,,,,,,intentional full-scale reference
analysis/moving_averages/figures/ll_violence/pop.png,moving_average_individual_genre,equal-weight 12-month mean; rank-weighted 12-month sensitivity,y,linear,0.02820755775,0.3978052373,0.36959767955,0,0.43,0.43,0.859529487326,"[{""axis_max"": 0.43, ""axis_min"": 0.0, ""axis_span"": 0.43, ""primary_max"": 0.3978052373, ""primary_min"": 0.02820755775, ""primary_span"": 0.36959767955, ""utilization_ratio"": 0.8595294873255814}]",Primary rolling range uses 25–50% of old Y-axis; reviewed against raw/global scale,Scale only finite displayed rolling series; exterior legend; readable count panel; 300 dpi,True,analysis/moving_averages/figures/ll_violence/pop_full_scale.png,7,Y-axis follows displayed 12-month means; classifier scores range 0–1. Raw monthly context: 7 values outside view.,True,src/moving_average_figures.py,False,zero to 1.08 × maximum qualifying raw mean across overall and ALL genres; capped at 1.02; floor 0.005,0.02820755775,0.3978052373,0,1.02,0.362350666225,,reviewed by family; no unresolved presentation issue
analysis/moving_averages/figures/ll_violence/pop_full_scale.png,moving_average_individual_genre,equal-weight/rank-weighted rolling means; full-domain reference,y,linear,0.02820755775,0.3978052373,0.36959767955,0,1,1,0.36959767955,"[{""axis_max"": 1.0, ""axis_min"": 0.0, ""axis_span"": 1.0, ""primary_max"": 0.3978052373, ""primary_min"": 0.02820755775, ""primary_span"": 0.36959767955, ""utilization_ratio"": 0.36959767955}]",,Full-domain companion preserves every qualifying raw monthly value,False,,0,,True,src/moving_average_figures.py,True,New companion reference,,,,,,,intentional full-scale reference
analysis/moving_averages/figures/ll_violence/r_b_soul.png,moving_average_individual_genre,equal-weight 12-month mean; rank-weighted 12-month sensitivity,y,linear,0.009132260653,0.3448209433,0.335688682647,0,0.38,0.38,0.883391270124,"[{""axis_max"": 0.38, ""axis_min"": 0.0, ""axis_span"": 0.38, ""primary_max"": 0.3448209433, ""primary_min"": 0.009132260653, ""primary_span"": 0.335688682647, ""utilization_ratio"": 0.8833912701236842}]",Primary rolling range uses 25–50% of old Y-axis; reviewed against raw/global scale,Scale only finite displayed rolling series; exterior legend; readable count panel; 300 dpi,True,analysis/moving_averages/figures/ll_violence/r_b_soul_full_scale.png,35,Y-axis follows displayed 12-month means; classifier scores range 0–1. Raw monthly context: 35 values outside view.,True,src/moving_average_figures.py,False,zero to 1.08 × maximum qualifying raw mean across overall and ALL genres; capped at 1.02; floor 0.005,0.009132260653,0.3448209433,0,1.02,0.329106551615,,reviewed by family; no unresolved presentation issue
analysis/moving_averages/figures/ll_violence/r_b_soul_full_scale.png,moving_average_individual_genre,equal-weight/rank-weighted rolling means; full-domain reference,y,linear,0.009132260653,0.3448209433,0.335688682647,0,1,1,0.335688682647,"[{""axis_max"": 1.0, ""axis_min"": 0.0, ""axis_span"": 1.0, ""primary_max"": 0.3448209433, ""primary_min"": 0.009132260653, ""primary_span"": 0.335688682647, ""utilization_ratio"": 0.335688682647}]",,Full-domain companion preserves every qualifying raw monthly value,False,,0,,True,src/moving_average_figures.py,True,New companion reference,,,,,,,intentional full-scale reference
analysis/moving_averages/figures/ll_violence/rank_sensitivity.png,moving_average_rank_sensitivity,equal-weight 12-month mean; rank-weighted 12-month sensitivity,y,linear,0.06083850564,0.3861659297,0.32532742406,0.03,0.42,0.39,0.834172882205,"[{""axis_max"": 0.42, ""axis_min"": 0.03, ""axis_span"": 0.39, ""primary_max"": 0.3861659297, ""primary_min"": 0.06083850564, ""primary_span"": 0.32532742406000004, ""utilization_ratio"": 0.8341728822051283}]",Primary rolling range uses 25–50% of old Y-axis; reviewed against raw/global scale,Scale only finite displayed rolling series; exterior legend; readable count panel; 300 dpi,False,,0,Y-axis follows displayed 12-month means; classifier scores range 0–1.,True,src/moving_average_figures.py,False,zero to 1.08 × maximum qualifying raw mean across overall and ALL genres; capped at 1.02; floor 0.005,0.06083850564,0.3861659297,0,1.02,0.318948454961,,reviewed by family; no unresolved presentation issue
analysis/moving_averages/figures/ll_violence/rock.png,moving_average_individual_genre,equal-weight 12-month mean; rank-weighted 12-month sensitivity,y,linear,0.01835712668,0.4372705795,0.41891345282,0,0.48,0.48,0.872736360042,"[{""axis_max"": 0.48, ""axis_min"": 0.0, ""axis_span"": 0.48, ""primary_max"": 0.4372705795, ""primary_min"": 0.01835712668, ""primary_span"": 0.41891345282, ""utilization_ratio"": 0.8727363600416667}]",Primary rolling range uses 25–50% of old Y-axis; reviewed against raw/global scale,Scale only finite displayed rolling series; exterior legend; readable count panel; 300 dpi,True,analysis/moving_averages/figures/ll_violence/rock_full_scale.png,10,Y-axis follows displayed 12-month means; classifier scores range 0–1. Raw monthly context: 10 values outside view.,True,src/moving_average_figures.py,False,zero to 1.08 × maximum qualifying raw mean across overall and ALL genres; capped at 1.02; floor 0.005,0.01835712668,0.4372705795,0,1.02,0.410699463549,,reviewed by family; no unresolved presentation issue
analysis/moving_averages/figures/ll_violence/rock_full_scale.png,moving_average_individual_genre,equal-weight/rank-weighted rolling means; full-domain reference,y,linear,0.01835712668,0.4372705795,0.41891345282,0,1,1,0.41891345282,"[{""axis_max"": 1.0, ""axis_min"": 0.0, ""axis_span"": 1.0, ""primary_max"": 0.4372705795, ""primary_min"": 0.01835712668, ""primary_span"": 0.41891345282, ""utilization_ratio"": 0.41891345282}]",,Full-domain companion preserves every qualifying raw monthly value,False,,0,,True,src/moving_average_figures.py,True,New companion reference,,,,,,,intentional full-scale reference
analysis/moving_averages/figures/sentiment_negative/alternative_indie.png,moving_average_individual_genre,equal-weight 12-month mean; rank-weighted 12-month sensitivity,y,linear,0.2663473169,0.3356304516,0.0692831347,0.26,0.342,0.082,0.844916276829,"[{""axis_max"": 0.342, ""axis_min"": 0.26, ""axis_span"": 0.08200000000000002, ""primary_max"": 0.3356304516, ""primary_min"": 0.2663473169, ""primary_span"": 0.06928313469999997, ""utilization_ratio"": 0.8449162768292677}]",Primary rolling range uses under 25% of old Y-axis; raw/global/domain scale dominates,Scale only finite displayed rolling series; exterior legend; readable count panel; 300 dpi,True,analysis/moving_averages/figures/sentiment_negative/alternative_indie_full_scale.png,41,Y-axis follows displayed 12-month means; classifier scores range 0–1. Raw monthly context: 41 values outside view.,True,src/moving_average_figures.py,False,zero to 1.08 × maximum qualifying raw mean across overall and ALL genres; capped at 1.02; floor 0.005,0.2663473169,0.3356304516,0,0.470616606792,0.147217785561,,reviewed by family; no unresolved presentation issue
analysis/moving_averages/figures/sentiment_negative/alternative_indie_full_scale.png,moving_average_individual_genre,equal-weight/rank-weighted rolling means; full-domain reference,y,linear,0.2663473169,0.3356304516,0.0692831347,0,1,1,0.0692831347,"[{""axis_max"": 1.0, ""axis_min"": 0.0, ""axis_span"": 1.0, ""primary_max"": 0.3356304516, ""primary_min"": 0.2663473169, ""primary_span"": 0.06928313469999997, ""utilization_ratio"": 0.06928313469999997}]",,Full-domain companion preserves every qualifying raw monthly value,False,,0,,True,src/moving_average_figures.py,True,New companion reference,,,,,,,intentional full-scale reference
analysis/moving_averages/figures/sentiment_negative/country.png,moving_average_individual_genre,equal-weight 12-month mean; rank-weighted 12-month sensitivity,y,linear,0.211571325,0.316461663,0.104890338,0.2,0.33,0.13,0.806848753846,"[{""axis_max"": 0.33, ""axis_min"": 0.2, ""axis_span"": 0.13, ""primary_max"": 0.316461663, ""primary_min"": 0.211571325, ""primary_span"": 0.104890338, ""utilization_ratio"": 0.8068487538461538}]",Primary rolling range uses under 25% of old Y-axis; raw/global/domain scale dominates,Scale only finite displayed rolling series; exterior legend; readable count panel; 300 dpi,True,analysis/moving_averages/figures/sentiment_negative/country_full_scale.png,19,Y-axis follows displayed 12-month means; classifier scores range 0–1. Raw monthly context: 19 values outside view.,True,src/moving_average_figures.py,False,zero to 1.08 × maximum qualifying raw mean across overall and ALL genres; capped at 1.02; floor 0.005,0.211571325,0.316461663,0,0.470616606792,0.22287853103,,reviewed by family; no unresolved presentation issue
analysis/moving_averages/figures/sentiment_negative/country_full_scale.png,moving_average_individual_genre,equal-weight/rank-weighted rolling means; full-domain reference,y,linear,0.211571325,0.316461663,0.104890338,0,1,1,0.104890338,"[{""axis_max"": 1.0, ""axis_min"": 0.0, ""axis_span"": 1.0, ""primary_max"": 0.316461663, ""primary_min"": 0.211571325, ""primary_span"": 0.104890338, ""utilization_ratio"": 0.104890338}]",,Full-domain companion preserves every qualifying raw monthly value,False,,0,,True,src/moving_average_figures.py,True,New companion reference,,,,,,,intentional full-scale reference
analysis/moving_averages/figures/sentiment_negative/electronic_dance.png,moving_average_individual_genre,equal-weight 12-month mean; rank-weighted 12-month sensitivity,y,linear,0.2112899592,0.299734531,0.0884445718,0.2,0.31,0.11,0.804041561818,"[{""axis_max"": 0.31, ""axis_min"": 0.2, ""axis_span"": 0.10999999999999999, ""primary_max"": 0.299734531, ""primary_min"": 0.2112899592, ""primary_span"": 0.08844457180000004, ""utilization_ratio"": 0.8040415618181823}]",Primary rolling range uses under 25% of old Y-axis; raw/global/domain scale dominates,Scale only finite displayed rolling series; exterior legend; readable count panel; 300 dpi,True,analysis/moving_averages/figures/sentiment_negative/electronic_dance_full_scale.png,31,Y-axis follows displayed 12-month means; classifier scores range 0–1. Raw monthly context: 31 values outside view.,True,src/moving_average_figures.py,False,zero to 1.08 × maximum qualifying raw mean across overall and ALL genres; capped at 1.02; floor 0.005,0.2112899592,0.299734531,0,0.470616606792,0.187933384678,,reviewed by family; no unresolved presentation issue
analysis/moving_averages/figures/sentiment_negative/electronic_dance_full_scale.png,moving_average_individual_genre,equal-weight/rank-weighted rolling means; full-domain reference,y,linear,0.2112899592,0.299734531,0.0884445718,0,1,1,0.0884445718,"[{""axis_max"": 1.0, ""axis_min"": 0.0, ""axis_span"": 1.0, ""primary_max"": 0.299734531, ""primary_min"": 0.2112899592, ""primary_span"": 0.08844457180000004, ""utilization_ratio"": 0.08844457180000004}]",,Full-domain companion preserves every qualifying raw monthly value,False,,0,,True,src/moving_average_figures.py,True,New companion reference,,,,,,,intentional full-scale reference
analysis/moving_averages/figures/sentiment_negative/hip_hop_rap.png,moving_average_individual_genre,equal-weight 12-month mean; rank-weighted 12-month sensitivity,y,linear,0.2509750854,0.3096789604,0.058703875,0.246,0.315,0.069,0.850780797101,"[{""axis_max"": 0.315, ""axis_min"": 0.246, ""axis_span"": 0.069, ""primary_max"": 0.3096789604, ""primary_min"": 0.2509750854, ""primary_span"": 0.05870387499999996, ""utilization_ratio"": 0.8507807971014486}]",Primary rolling range uses under 25% of old Y-axis; raw/global/domain scale dominates,Scale only finite displayed rolling series; exterior legend; readable count panel; 300 dpi,True,analysis/moving_averages/figures/sentiment_negative/hip_hop_rap_full_scale.png,8,Y-axis follows displayed 12-month means; classifier scores range 0–1. Raw monthly context: 8 values outside view.,True,src/moving_average_figures.py,False,zero to 1.08 × maximum qualifying raw mean across overall and ALL genres; capped at 1.02; floor 0.005,0.2509750854,0.3096789604,0,0.470616606792,0.124738213979,,reviewed by family; no unresolved presentation issue
analysis/moving_averages/figures/sentiment_negative/hip_hop_rap_full_scale.png,moving_average_individual_genre,equal-weight/rank-weighted rolling means; full-domain reference,y,linear,0.2509750854,0.3096789604,0.058703875,0,1,1,0.058703875,"[{""axis_max"": 1.0, ""axis_min"": 0.0, ""axis_span"": 1.0, ""primary_max"": 0.3096789604, ""primary_min"": 0.2509750854, ""primary_span"": 0.05870387499999996, ""utilization_ratio"": 0.05870387499999996}]",,Full-domain companion preserves every qualifying raw monthly value,False,,0,,True,src/moving_average_figures.py,True,New companion reference,,,,,,,intentional full-scale reference
analysis/moving_averages/figures/sentiment_negative/major_genres.png,moving_average_major_genres,equal-weight 12-month mean,y,linear,0.2126780592,0.3559035234,0.1432254642,0.2,0.37,0.17,0.842502730588,"[{""axis_max"": 0.37, ""axis_min"": 0.2, ""axis_span"": 0.16999999999999998, ""primary_max"": 0.3559035234, ""primary_min"": 0.2126780592, ""primary_span"": 0.14322546419999999, ""utilization_ratio"": 0.8425027305882353}]",Primary rolling range uses 25–50% of old Y-axis; reviewed against raw/global scale,Scale only finite displayed rolling series; exterior legend; readable count panel; 300 dpi,False,,0,Y-axis follows displayed 12-month means; classifier scores range 0–1.,True,src/moving_average_figures.py,False,zero to 1.08 × maximum qualifying raw mean across overall and ALL genres; capped at 1.02; floor 0.005,0.2126780592,0.3559035234,0,0.470616606792,0.304335763194,,reviewed by family; no unresolved presentation issue
analysis/moving_averages/figures/sentiment_negative/overall.png,moving_average_overall,equal-weight 12-month mean,y,linear,0.2414007326,0.2927049706,0.051304238,0.237,0.297,0.06,0.855070633333,"[{""axis_max"": 0.297, ""axis_min"": 0.23700000000000002, ""axis_span"": 0.05999999999999997, ""primary_max"": 0.2927049706, ""primary_min"": 0.2414007326, ""primary_span"": 0.051304238, ""utilization_ratio"": 0.8550706333333338}]",Primary rolling range uses under 25% of old Y-axis; raw/global/domain scale dominates,Scale only finite displayed rolling series; exterior legend; readable count panel; 300 dpi,True,analysis/moving_averages/figures/sentiment_negative/overall_full_scale.png,15,Y-axis follows displayed 12-month means; classifier scores range 0–1. Raw monthly context: 15 values outside view.,True,src/moving_average_figures.py,False,zero to 1.08 × maximum qualifying raw mean across overall and ALL genres; capped at 1.02; floor 0.005,0.2414007326,0.2927049706,0,0.470616606792,0.109014933301,,reviewed by family; no unresolved presentation issue
analysis/moving_averages/figures/sentiment_negative/overall_full_scale.png,moving_average_overall,equal-weight/rank-weighted rolling means; full-domain reference,y,linear,0.2414007326,0.2927049706,0.051304238,0,1,1,0.051304238,"[{""axis_max"": 1.0, ""axis_min"": 0.0, ""axis_span"": 1.0, ""primary_max"": 0.2927049706, ""primary_min"": 0.2414007326, ""primary_span"": 0.051304238, ""utilization_ratio"": 0.051304238}]",,Full-domain companion preserves every qualifying raw monthly value,False,,0,,True,src/moving_average_figures.py,True,New companion reference,,,,,,,intentional full-scale reference
analysis/moving_averages/figures/sentiment_negative/pop.png,moving_average_individual_genre,equal-weight 12-month mean; rank-weighted 12-month sensitivity,y,linear,0.2241895605,0.2999021856,0.0757126251,0.218,0.306,0.088,0.860370739773,"[{""axis_max"": 0.306, ""axis_min"": 0.218, ""axis_span"": 0.088, ""primary_max"": 0.2999021856, ""primary_min"": 0.2241895605, ""primary_span"": 0.07571262509999999, ""utilization_ratio"": 0.8603707397727272}]",Primary rolling range uses under 25% of old Y-axis; raw/global/domain scale dominates,Scale only finite displayed rolling series; exterior legend; readable count panel; 300 dpi,True,analysis/moving_averages/figures/sentiment_negative/pop_full_scale.png,33,Y-axis follows displayed 12-month means; classifier scores range 0–1. Raw monthly context: 33 values outside view.,True,src/moving_average_figures.py,False,zero to 1.08 × maximum qualifying raw mean across overall and ALL genres; capped at 1.02; floor 0.005,0.2241895605,0.2999021856,0,0.470616606792,0.160879628996,,reviewed by family; no unresolved presentation issue
analysis/moving_averages/figures/sentiment_negative/pop_full_scale.png,moving_average_individual_genre,equal-weight/rank-weighted rolling means; full-domain reference,y,linear,0.2241895605,0.2999021856,0.0757126251,0,1,1,0.0757126251,"[{""axis_max"": 1.0, ""axis_min"": 0.0, ""axis_span"": 1.0, ""primary_max"": 0.2999021856, ""primary_min"": 0.2241895605, ""primary_span"": 0.07571262509999999, ""utilization_ratio"": 0.07571262509999999}]",,Full-domain companion preserves every qualifying raw monthly value,False,,0,,True,src/moving_average_figures.py,True,New companion reference,,,,,,,intentional full-scale reference
analysis/moving_averages/figures/sentiment_negative/r_b_soul.png,moving_average_individual_genre,equal-weight 12-month mean; rank-weighted 12-month sensitivity,y,linear,0.2069412582,0.2965420892,0.089600831,0.19,0.31,0.12,0.746673591667,"[{""axis_max"": 0.31, ""axis_min"": 0.19, ""axis_span"": 0.12, ""primary_max"": 0.2965420892, ""primary_min"": 0.2069412582, ""primary_span"": 0.08960083100000002, ""utilization_ratio"": 0.7466735916666668}]",Primary rolling range uses under 25% of old Y-axis; raw/global/domain scale dominates,Scale only finite displayed rolling series; exterior legend; readable count panel; 300 dpi,True,analysis/moving_averages/figures/sentiment_negative/r_b_soul_full_scale.png,5,Y-axis follows displayed 12-month means; classifier scores range 0–1. Raw monthly context: 5 values outside view.,True,src/moving_average_figures.py,False,zero to 1.08 × maximum qualifying raw mean across overall and ALL genres; capped at 1.02; floor 0.005,0.2069412582,0.2965420892,0,0.470616606792,0.190390287353,,reviewed by family; no unresolved presentation issue
analysis/moving_averages/figures/sentiment_negative/r_b_soul_full_scale.png,moving_average_individual_genre,equal-weight/rank-weighted rolling means; full-domain reference,y,linear,0.2069412582,0.2965420892,0.089600831,0,1,1,0.089600831,"[{""axis_max"": 1.0, ""axis_min"": 0.0, ""axis_span"": 1.0, ""primary_max"": 0.2965420892, ""primary_min"": 0.2069412582, ""primary_span"": 0.08960083100000002, ""utilization_ratio"": 0.08960083100000002}]",,Full-domain companion preserves every qualifying raw monthly value,False,,0,,True,src/moving_average_figures.py,True,New companion reference,,,,,,,intentional full-scale reference
analysis/moving_averages/figures/sentiment_negative/rank_sensitivity.png,moving_average_rank_sensitivity,equal-weight 12-month mean; rank-weighted 12-month sensitivity,y,linear,0.2400475067,0.2927049706,0.0526574639,0.235,0.297,0.062,0.849313933871,"[{""axis_max"": 0.297, ""axis_min"": 0.23500000000000001, ""axis_span"": 0.06199999999999997, ""primary_max"": 0.2927049706, ""primary_min"": 0.2400475067, ""primary_span"": 0.05265746390000001, ""utilization_ratio"": 0.8493139338709682}]",Primary rolling range uses under 25% of old Y-axis; raw/global/domain scale dominates,Scale only finite displayed rolling series; exterior legend; readable count panel; 300 dpi,False,,0,Y-axis follows displayed 12-month means; classifier scores range 0–1.,True,src/moving_average_figures.py,False,zero to 1.08 × maximum qualifying raw mean across overall and ALL genres; capped at 1.02; floor 0.005,0.2400475067,0.2927049706,0,0.470616606792,0.111890364981,,reviewed by family; no unresolved presentation issue
analysis/moving_averages/figures/sentiment_negative/rock.png,moving_average_individual_genre,equal-weight 12-month mean; rank-weighted 12-month sensitivity,y,linear,0.2176986316,0.3559035234,0.1382048918,0.2,0.37,0.17,0.812969951765,"[{""axis_max"": 0.37, ""axis_min"": 0.2, ""axis_span"": 0.16999999999999998, ""primary_max"": 0.3559035234, ""primary_min"": 0.2176986316, ""primary_span"": 0.13820489179999998, ""utilization_ratio"": 0.8129699517647059}]",Primary rolling range uses 25–50% of old Y-axis; reviewed against raw/global scale,Scale only finite displayed rolling series; exterior legend; readable count panel; 300 dpi,True,analysis/moving_averages/figures/sentiment_negative/rock_full_scale.png,7,Y-axis follows displayed 12-month means; classifier scores range 0–1. Raw monthly context: 7 values outside view.,True,src/moving_average_figures.py,False,zero to 1.08 × maximum qualifying raw mean across overall and ALL genres; capped at 1.02; floor 0.005,0.2176986316,0.3559035234,0,0.470616606792,0.293667690016,,reviewed by family; no unresolved presentation issue
analysis/moving_averages/figures/sentiment_negative/rock_full_scale.png,moving_average_individual_genre,equal-weight/rank-weighted rolling means; full-domain reference,y,linear,0.2176986316,0.3559035234,0.1382048918,0,1,1,0.1382048918,"[{""axis_max"": 1.0, ""axis_min"": 0.0, ""axis_span"": 1.0, ""primary_max"": 0.3559035234, ""primary_min"": 0.2176986316, ""primary_span"": 0.13820489179999998, ""utilization_ratio"": 0.13820489179999998}]",,Full-domain companion preserves every qualifying raw monthly value,False,,0,,True,src/moving_average_figures.py,True,New companion reference,,,,,,,intentional full-scale reference
analysis/moving_averages/figures/sentiment_neutral/alternative_indie.png,moving_average_individual_genre,equal-weight 12-month mean; rank-weighted 12-month sensitivity,y,linear,0.3869823661,0.4320061045,0.0450237384,0.383,0.436,0.053,0.849504498113,"[{""axis_max"": 0.436, ""axis_min"": 0.383, ""axis_span"": 0.05299999999999999, ""primary_max"": 0.4320061045, ""primary_min"": 0.3869823661, ""primary_span"": 0.04502373840000001, ""utilization_ratio"": 0.8495044981132079}]",Primary rolling range uses under 25% of old Y-axis; raw/global/domain scale dominates,Scale only finite displayed rolling series; exterior legend; readable count panel; 300 dpi,True,analysis/moving_averages/figures/sentiment_neutral/alternative_indie_full_scale.png,37,Y-axis follows displayed 12-month means; classifier scores range 0–1. Raw monthly context: 37 values outside view.,True,src/moving_average_figures.py,False,zero to 1.08 × maximum qualifying raw mean across overall and ALL genres; capped at 1.02; floor 0.005,0.3869823661,0.4320061045,0,0.535447684116,0.0840861576875,,reviewed by family; no unresolved presentation issue
analysis/moving_averages/figures/sentiment_neutral/alternative_indie_full_scale.png,moving_average_individual_genre,equal-weight/rank-weighted rolling means; full-domain reference,y,linear,0.3869823661,0.4320061045,0.0450237384,0,1,1,0.0450237384,"[{""axis_max"": 1.0, ""axis_min"": 0.0, ""axis_span"": 1.0, ""primary_max"": 0.4320061045, ""primary_min"": 0.3869823661, ""primary_span"": 0.04502373840000001, ""utilization_ratio"": 0.04502373840000001}]",,Full-domain companion preserves every qualifying raw monthly value,False,,0,,True,src/moving_average_figures.py,True,New companion reference,,,,,,,intentional full-scale reference
analysis/moving_averages/figures/sentiment_neutral/country.png,moving_average_individual_genre,equal-weight 12-month mean; rank-weighted 12-month sensitivity,y,linear,0.4119141549,0.4416381613,0.0297240064,0.409,0.445,0.036,0.825666844444,"[{""axis_max"": 0.445, ""axis_min"": 0.40900000000000003, ""axis_span"": 0.035999999999999976, ""primary_max"": 0.4416381613, ""primary_min"": 0.4119141549, ""primary_span"": 0.029724006400000003, ""utilization_ratio"": 0.825666844444445}]",Primary rolling range uses under 25% of old Y-axis; raw/global/domain scale dominates,Scale only finite displayed rolling series; exterior legend; readable count panel; 300 dpi,True,analysis/moving_averages/figures/sentiment_neutral/country_full_scale.png,64,Y-axis follows displayed 12-month means; classifier scores range 0–1. Raw monthly context: 64 values outside view.,True,src/moving_average_figures.py,False,zero to 1.08 × maximum qualifying raw mean across overall and ALL genres; capped at 1.02; floor 0.005,0.4119141549,0.4416381613,0,0.535447684116,0.0555124380621,,reviewed by family; no unresolved presentation issue
analysis/moving_averages/figures/sentiment_neutral/country_full_scale.png,moving_average_individual_genre,equal-weight/rank-weighted rolling means; full-domain reference,y,linear,0.4119141549,0.4416381613,0.0297240064,0,1,1,0.0297240064,"[{""axis_max"": 1.0, ""axis_min"": 0.0, ""axis_span"": 1.0, ""primary_max"": 0.4416381613, ""primary_min"": 0.4119141549, ""primary_span"": 0.029724006400000003, ""utilization_ratio"": 0.029724006400000003}]",,Full-domain companion preserves every qualifying raw monthly value,False,,0,,True,src/moving_average_figures.py,True,New companion reference,,,,,,,intentional full-scale reference
analysis/moving_averages/figures/sentiment_neutral/electronic_dance.png,moving_average_individual_genre,equal-weight 12-month mean; rank-weighted 12-month sensitivity,y,linear,0.4049000743,0.4537583133,0.048858239,0.4,0.458,0.058,0.842383431034,"[{""axis_max"": 0.458, ""axis_min"": 0.4, ""axis_span"": 0.057999999999999996, ""primary_max"": 0.4537583133, ""primary_min"": 0.4049000743, ""primary_span"": 0.04885823899999997, ""utilization_ratio"": 0.8423834310344823}]",Primary rolling range uses under 25% of old Y-axis; raw/global/domain scale dominates,Scale only finite displayed rolling series; exterior legend; readable count panel; 300 dpi,True,analysis/moving_averages/figures/sentiment_neutral/electronic_dance_full_scale.png,22,Y-axis follows displayed 12-month means; classifier scores range 0–1. Raw monthly context: 22 values outside view.,True,src/moving_average_figures.py,False,zero to 1.08 × maximum qualifying raw mean across overall and ALL genres; capped at 1.02; floor 0.005,0.4049000743,0.4537583133,0,0.535447684116,0.0912474560062,,reviewed by family; no unresolved presentation issue
analysis/moving_averages/figures/sentiment_neutral/electronic_dance_full_scale.png,moving_average_individual_genre,equal-weight/rank-weighted rolling means; full-domain reference,y,linear,0.4049000743,0.4537583133,0.048858239,0,1,1,0.048858239,"[{""axis_max"": 1.0, ""axis_min"": 0.0, ""axis_span"": 1.0, ""primary_max"": 0.4537583133, ""primary_min"": 0.4049000743, ""primary_span"": 0.04885823899999997, ""utilization_ratio"": 0.04885823899999997}]",,Full-domain companion preserves every qualifying raw monthly value,False,,0,,True,src/moving_average_figures.py,True,New companion reference,,,,,,,intentional full-scale reference
analysis/moving_averages/figures/sentiment_neutral/hip_hop_rap.png,moving_average_individual_genre,equal-weight 12-month mean; rank-weighted 12-month sensitivity,y,linear,0.4116063433,0.4478078924,0.0362015491,0.408,0.451,0.043,0.841896490698,"[{""axis_max"": 0.451, ""axis_min"": 0.40800000000000003, ""axis_span"": 0.04299999999999998, ""primary_max"": 0.4478078924, ""primary_min"": 0.4116063433, ""primary_span"": 0.03620154910000001, ""utilization_ratio"": 0.8418964906976749}]",Primary rolling range uses under 25% of old Y-axis; raw/global/domain scale dominates,Scale only finite displayed rolling series; exterior legend; readable count panel; 300 dpi,True,analysis/moving_averages/figures/sentiment_neutral/hip_hop_rap_full_scale.png,17,Y-axis follows displayed 12-month means; classifier scores range 0–1. Raw monthly context: 17 values outside view.,True,src/moving_average_figures.py,False,zero to 1.08 × maximum qualifying raw mean across overall and ALL genres; capped at 1.02; floor 0.005,0.4116063433,0.4478078924,0,0.535447684116,0.0676098714663,,reviewed by family; no unresolved presentation issue
analysis/moving_averages/figures/sentiment_neutral/hip_hop_rap_full_scale.png,moving_average_individual_genre,equal-weight/rank-weighted rolling means; full-domain reference,y,linear,0.4116063433,0.4478078924,0.0362015491,0,1,1,0.0362015491,"[{""axis_max"": 1.0, ""axis_min"": 0.0, ""axis_span"": 1.0, ""primary_max"": 0.4478078924, ""primary_min"": 0.4116063433, ""primary_span"": 0.03620154910000001, ""utilization_ratio"": 0.03620154910000001}]",,Full-domain companion preserves every qualifying raw monthly value,False,,0,,True,src/moving_average_figures.py,True,New companion reference,,,,,,,intentional full-scale reference
analysis/moving_averages/figures/sentiment_neutral/major_genres.png,moving_average_major_genres,equal-weight 12-month mean,y,linear,0.3998559783,0.4552782455,0.0554222672,0.395,0.46,0.065,0.852650264615,"[{""axis_max"": 0.46, ""axis_min"": 0.395, ""axis_span"": 0.065, ""primary_max"": 0.4552782455, ""primary_min"": 0.3998559783, ""primary_span"": 0.055422267199999986, ""utilization_ratio"": 0.8526502646153844}]",Primary rolling range uses under 25% of old Y-axis; raw/global/domain scale dominates,Scale only finite displayed rolling series; exterior legend; readable count panel; 300 dpi,False,,0,Y-axis follows displayed 12-month means; classifier scores range 0–1.,True,src/moving_average_figures.py,False,zero to 1.08 × maximum qualifying raw mean across overall and ALL genres; capped at 1.02; floor 0.005,0.3998559783,0.4552782455,0,0.535447684116,0.103506409392,,reviewed by family; no unresolved presentation issue
analysis/moving_averages/figures/sentiment_neutral/overall.png,moving_average_overall,equal-weight 12-month mean,y,linear,0.4083711806,0.4362113793,0.0278401987,0.406,0.439,0.033,0.843642384848,"[{""axis_max"": 0.439, ""axis_min"": 0.406, ""axis_span"": 0.032999999999999974, ""primary_max"": 0.4362113793, ""primary_min"": 0.4083711806, ""primary_span"": 0.027840198699999985, ""utilization_ratio"": 0.8436423848484851}]",Primary rolling range uses under 25% of old Y-axis; raw/global/domain scale dominates,Scale only finite displayed rolling series; exterior legend; readable count panel; 300 dpi,True,analysis/moving_averages/figures/sentiment_neutral/overall_full_scale.png,9,Y-axis follows displayed 12-month means; classifier scores range 0–1. Raw monthly context: 9 values outside view.,True,src/moving_average_figures.py,False,zero to 1.08 × maximum qualifying raw mean across overall and ALL genres; capped at 1.02; floor 0.005,0.4083711806,0.4362113793,0,0.535447684116,0.0519942461717,,reviewed by family; no unresolved presentation issue
analysis/moving_averages/figures/sentiment_neutral/overall_full_scale.png,moving_average_overall,equal-weight/rank-weighted rolling means; full-domain reference,y,linear,0.4083711806,0.4362113793,0.0278401987,0,1,1,0.0278401987,"[{""axis_max"": 1.0, ""axis_min"": 0.0, ""axis_span"": 1.0, ""primary_max"": 0.4362113793, ""primary_min"": 0.4083711806, ""primary_span"": 0.027840198699999985, ""utilization_ratio"": 0.027840198699999985}]",,Full-domain companion preserves every qualifying raw monthly value,False,,0,,True,src/moving_average_figures.py,True,New companion reference,,,,,,,intentional full-scale reference
analysis/moving_averages/figures/sentiment_neutral/pop.png,moving_average_individual_genre,equal-weight 12-month mean; rank-weighted 12-month sensitivity,y,linear,0.4014673071,0.4431746927,0.0417073856,0.398,0.447,0.049,0.851171134694,"[{""axis_max"": 0.447, ""axis_min"": 0.398, ""axis_span"": 0.04899999999999999, ""primary_max"": 0.4431746927, ""primary_min"": 0.4014673071, ""primary_span"": 0.04170738559999998, ""utilization_ratio"": 0.8511711346938774}]",Primary rolling range uses under 25% of old Y-axis; raw/global/domain scale dominates,Scale only finite displayed rolling series; exterior legend; readable count panel; 300 dpi,True,analysis/moving_averages/figures/sentiment_neutral/pop_full_scale.png,20,Y-axis follows displayed 12-month means; classifier scores range 0–1. Raw monthly context: 20 values outside view.,True,src/moving_average_figures.py,False,zero to 1.08 × maximum qualifying raw mean across overall and ALL genres; capped at 1.02; floor 0.005,0.4014673071,0.4431746927,0,0.535447684116,0.077892550173,,reviewed by family; no unresolved presentation issue
analysis/moving_averages/figures/sentiment_neutral/pop_full_scale.png,moving_average_individual_genre,equal-weight/rank-weighted rolling means; full-domain reference,y,linear,0.4014673071,0.4431746927,0.0417073856,0,1,1,0.0417073856,"[{""axis_max"": 1.0, ""axis_min"": 0.0, ""axis_span"": 1.0, ""primary_max"": 0.4431746927, ""primary_min"": 0.4014673071, ""primary_span"": 0.04170738559999998, ""utilization_ratio"": 0.04170738559999998}]",,Full-domain companion preserves every qualifying raw monthly value,False,,0,,True,src/moving_average_figures.py,True,New companion reference,,,,,,,intentional full-scale reference
analysis/moving_averages/figures/sentiment_neutral/r_b_soul.png,moving_average_individual_genre,equal-weight 12-month mean; rank-weighted 12-month sensitivity,y,linear,0.3998559783,0.4571752626,0.0573192843,0.395,0.462,0.067,0.85551170597,"[{""axis_max"": 0.462, ""axis_min"": 0.395, ""axis_span"": 0.067, ""primary_max"": 0.4571752626, ""primary_min"": 0.3998559783, ""primary_span"": 0.057319284299999995, ""utilization_ratio"": 0.8555117059701491}]",Primary rolling range uses under 25% of old Y-axis; raw/global/domain scale dominates,Scale only finite displayed rolling series; exterior legend; readable count panel; 300 dpi,True,analysis/moving_averages/figures/sentiment_neutral/r_b_soul_full_scale.png,11,Y-axis follows displayed 12-month means; classifier scores range 0–1. Raw monthly context: 11 values outside view.,True,src/moving_average_figures.py,False,zero to 1.08 × maximum qualifying raw mean across overall and ALL genres; capped at 1.02; floor 0.005,0.3998559783,0.4571752626,0,0.535447684116,0.107049271106,,reviewed by family; no unresolved presentation issue
analysis/moving_averages/figures/sentiment_neutral/r_b_soul_full_scale.png,moving_average_individual_genre,equal-weight/rank-weighted rolling means; full-domain reference,y,linear,0.3998559783,0.4571752626,0.0573192843,0,1,1,0.0573192843,"[{""axis_max"": 1.0, ""axis_min"": 0.0, ""axis_span"": 1.0, ""primary_max"": 0.4571752626, ""primary_min"": 0.3998559783, ""primary_span"": 0.057319284299999995, ""utilization_ratio"": 0.057319284299999995}]",,Full-domain companion preserves every qualifying raw monthly value,False,,0,,True,src/moving_average_figures.py,True,New companion reference,,,,,,,intentional full-scale reference
analysis/moving_averages/figures/sentiment_neutral/rank_sensitivity.png,moving_average_rank_sensitivity,equal-weight 12-month mean; rank-weighted 12-month sensitivity,y,linear,0.4071487104,0.437936225,0.0307875146,0.404,0.441,0.037,0.832094989189,"[{""axis_max"": 0.441, ""axis_min"": 0.404, ""axis_span"": 0.03699999999999998, ""primary_max"": 0.437936225, ""primary_min"": 0.4071487104, ""primary_span"": 0.03078751460000001, ""utilization_ratio"": 0.83209498918919}]",Primary rolling range uses under 25% of old Y-axis; raw/global/domain scale dominates,Scale only finite displayed rolling series; exterior legend; readable count panel; 300 dpi,False,,0,Y-axis follows displayed 12-month means; classifier scores range 0–1.,True,src/moving_average_figures.py,False,zero to 1.08 × maximum qualifying raw mean across overall and ALL genres; capped at 1.02; floor 0.005,0.4071487104,0.437936225,0,0.535447684116,0.0574986418156,,reviewed by family; no unresolved presentation issue
analysis/moving_averages/figures/sentiment_neutral/rock.png,moving_average_individual_genre,equal-weight 12-month mean; rank-weighted 12-month sensitivity,y,linear,0.4052260507,0.4477274936,0.0425014429,0.401,0.452,0.051,0.83336162549,"[{""axis_max"": 0.452, ""axis_min"": 0.401, ""axis_span"": 0.05099999999999999, ""primary_max"": 0.4477274936, ""primary_min"": 0.4052260507, ""primary_span"": 0.04250144290000002, ""utilization_ratio"": 0.8333616254901967}]",Primary rolling range uses under 25% of old Y-axis; raw/global/domain scale dominates,Scale only finite displayed rolling series; exterior legend; readable count panel; 300 dpi,True,analysis/moving_averages/figures/sentiment_neutral/rock_full_scale.png,26,Y-axis follows displayed 12-month means; classifier scores range 0–1. Raw monthly context: 26 values outside view.,True,src/moving_average_figures.py,False,zero to 1.08 × maximum qualifying raw mean across overall and ALL genres; capped at 1.02; floor 0.005,0.4052260507,0.4477274936,0,0.535447684116,0.0793755284798,,reviewed by family; no unresolved presentation issue
analysis/moving_averages/figures/sentiment_neutral/rock_full_scale.png,moving_average_individual_genre,equal-weight/rank-weighted rolling means; full-domain reference,y,linear,0.4052260507,0.4477274936,0.0425014429,0,1,1,0.0425014429,"[{""axis_max"": 1.0, ""axis_min"": 0.0, ""axis_span"": 1.0, ""primary_max"": 0.4477274936, ""primary_min"": 0.4052260507, ""primary_span"": 0.04250144290000002, ""utilization_ratio"": 0.04250144290000002}]",,Full-domain companion preserves every qualifying raw monthly value,False,,0,,True,src/moving_average_figures.py,True,New companion reference,,,,,,,intentional full-scale reference
analysis/moving_averages/figures/sentiment_positive/alternative_indie.png,moving_average_individual_genre,equal-weight 12-month mean; rank-weighted 12-month sensitivity,y,linear,0.2643495578,0.3466703295,0.0823207717,0.257,0.354,0.097,0.848667749485,"[{""axis_max"": 0.354, ""axis_min"": 0.257, ""axis_span"": 0.09699999999999998, ""primary_max"": 0.3466703295, ""primary_min"": 0.2643495578, ""primary_span"": 0.08232077169999996, ""utilization_ratio"": 0.8486677494845359}]",Primary rolling range uses under 25% of old Y-axis; raw/global/domain scale dominates,Scale only finite displayed rolling series; exterior legend; readable count panel; 300 dpi,True,analysis/moving_averages/figures/sentiment_positive/alternative_indie_full_scale.png,36,Y-axis follows displayed 12-month means; classifier scores range 0–1. Raw monthly context: 36 values outside view.,True,src/moving_average_figures.py,False,zero to 1.08 × maximum qualifying raw mean across overall and ALL genres; capped at 1.02; floor 0.005,0.2643495578,0.3466703295,0,0.523528233876,0.157242277251,,reviewed by family; no unresolved presentation issue
analysis/moving_averages/figures/sentiment_positive/alternative_indie_full_scale.png,moving_average_individual_genre,equal-weight/rank-weighted rolling means; full-domain reference,y,linear,0.2643495578,0.3466703295,0.0823207717,0,1,1,0.0823207717,"[{""axis_max"": 1.0, ""axis_min"": 0.0, ""axis_span"": 1.0, ""primary_max"": 0.3466703295, ""primary_min"": 0.2643495578, ""primary_span"": 0.08232077169999996, ""utilization_ratio"": 0.08232077169999996}]",,Full-domain companion preserves every qualifying raw monthly value,False,,0,,True,src/moving_average_figures.py,True,New companion reference,,,,,,,intentional full-scale reference
analysis/moving_averages/figures/sentiment_positive/country.png,moving_average_individual_genre,equal-weight 12-month mean; rank-weighted 12-month sensitivity,y,linear,0.2702329304,0.3731482024,0.102915272,0.26,0.39,0.13,0.791655938462,"[{""axis_max"": 0.39, ""axis_min"": 0.26, ""axis_span"": 0.13, ""primary_max"": 0.3731482024, ""primary_min"": 0.2702329304, ""primary_span"": 0.102915272, ""utilization_ratio"": 0.7916559384615385}]",Primary rolling range uses under 25% of old Y-axis; raw/global/domain scale dominates,Scale only finite displayed rolling series; exterior legend; readable count panel; 300 dpi,True,analysis/moving_averages/figures/sentiment_positive/country_full_scale.png,19,Y-axis follows displayed 12-month means; classifier scores range 0–1. Raw monthly context: 19 values outside view.,True,src/moving_average_figures.py,False,zero to 1.08 × maximum qualifying raw mean across overall and ALL genres; capped at 1.02; floor 0.005,0.2702329304,0.3731482024,0,0.523528233876,0.196580175319,,reviewed by family; no unresolved presentation issue
analysis/moving_averages/figures/sentiment_positive/country_full_scale.png,moving_average_individual_genre,equal-weight/rank-weighted rolling means; full-domain reference,y,linear,0.2702329304,0.3731482024,0.102915272,0,1,1,0.102915272,"[{""axis_max"": 1.0, ""axis_min"": 0.0, ""axis_span"": 1.0, ""primary_max"": 0.3731482024, ""primary_min"": 0.2702329304, ""primary_span"": 0.102915272, ""utilization_ratio"": 0.102915272}]",,Full-domain companion preserves every qualifying raw monthly value,False,,0,,True,src/moving_average_figures.py,True,New companion reference,,,,,,,intentional full-scale reference
analysis/moving_averages/figures/sentiment_positive/electronic_dance.png,moving_average_individual_genre,equal-weight 12-month mean; rank-weighted 12-month sensitivity,y,linear,0.2814505078,0.3733261196,0.0918756118,0.27,0.39,0.12,0.765630098333,"[{""axis_max"": 0.39, ""axis_min"": 0.27, ""axis_span"": 0.12, ""primary_max"": 0.3733261196, ""primary_min"": 0.2814505078, ""primary_span"": 0.09187561179999998, ""utilization_ratio"": 0.7656300983333332}]",Primary rolling range uses under 25% of old Y-axis; raw/global/domain scale dominates,Scale only finite displayed rolling series; exterior legend; readable count panel; 300 dpi,True,analysis/moving_averages/figures/sentiment_positive/electronic_dance_full_scale.png,20,Y-axis follows displayed 12-month means; classifier scores range 0–1. Raw monthly context: 20 values outside view.,True,src/moving_average_figures.py,False,zero to 1.08 × maximum qualifying raw mean across overall and ALL genres; capped at 1.02; floor 0.005,0.2814505078,0.3733261196,0,0.523528233876,0.175493136482,,reviewed by family; no unresolved presentation issue
analysis/moving_averages/figures/sentiment_positive/electronic_dance_full_scale.png,moving_average_individual_genre,equal-weight/rank-weighted rolling means; full-domain reference,y,linear,0.2814505078,0.3733261196,0.0918756118,0,1,1,0.0918756118,"[{""axis_max"": 1.0, ""axis_min"": 0.0, ""axis_span"": 1.0, ""primary_max"": 0.3733261196, ""primary_min"": 0.2814505078, ""primary_span"": 0.09187561179999998, ""utilization_ratio"": 0.09187561179999998}]",,Full-domain companion preserves every qualifying raw monthly value,False,,0,,True,src/moving_average_figures.py,True,New companion reference,,,,,,,intentional full-scale reference
analysis/moving_averages/figures/sentiment_positive/hip_hop_rap.png,moving_average_individual_genre,equal-weight 12-month mean; rank-weighted 12-month sensitivity,y,linear,0.2655405814,0.3073523261,0.0418117447,0.262,0.311,0.049,0.853300912245,"[{""axis_max"": 0.311, ""axis_min"": 0.262, ""axis_span"": 0.04899999999999999, ""primary_max"": 0.3073523261, ""primary_min"": 0.2655405814, ""primary_span"": 0.04181174470000004, ""utilization_ratio"": 0.853300912244899}]",Primary rolling range uses under 25% of old Y-axis; raw/global/domain scale dominates,Scale only finite displayed rolling series; exterior legend; readable count panel; 300 dpi,True,analysis/moving_averages/figures/sentiment_positive/hip_hop_rap_full_scale.png,28,Y-axis follows displayed 12-month means; classifier scores range 0–1. Raw monthly context: 28 values outside view.,True,src/moving_average_figures.py,False,zero to 1.08 × maximum qualifying raw mean across overall and ALL genres; capped at 1.02; floor 0.005,0.2655405814,0.3073523261,0,0.523528233876,0.0798653100148,,reviewed by family; no unresolved presentation issue
analysis/moving_averages/figures/sentiment_positive/hip_hop_rap_full_scale.png,moving_average_individual_genre,equal-weight/rank-weighted rolling means; full-domain reference,y,linear,0.2655405814,0.3073523261,0.0418117447,0,1,1,0.0418117447,"[{""axis_max"": 1.0, ""axis_min"": 0.0, ""axis_span"": 1.0, ""primary_max"": 0.3073523261, ""primary_min"": 0.2655405814, ""primary_span"": 0.04181174470000004, ""utilization_ratio"": 0.04181174470000004}]",,Full-domain companion preserves every qualifying raw monthly value,False,,0,,True,src/moving_average_figures.py,True,New companion reference,,,,,,,intentional full-scale reference
analysis/moving_averages/figures/sentiment_positive/major_genres.png,moving_average_major_genres,equal-weight 12-month mean,y,linear,0.235705373,0.3677947927,0.1320894197,0.22,0.38,0.16,0.825558873125,"[{""axis_max"": 0.38, ""axis_min"": 0.22, ""axis_span"": 0.16, ""primary_max"": 0.3677947927, ""primary_min"": 0.235705373, ""primary_span"": 0.1320894197, ""utilization_ratio"": 0.8255588731249999}]",Primary rolling range uses 25–50% of old Y-axis; reviewed against raw/global scale,Scale only finite displayed rolling series; exterior legend; readable count panel; 300 dpi,False,,0,Y-axis follows displayed 12-month means; classifier scores range 0–1.,True,src/moving_average_figures.py,False,zero to 1.08 × maximum qualifying raw mean across overall and ALL genres; capped at 1.02; floor 0.005,0.235705373,0.3677947927,0,0.523528233876,0.252306200798,,reviewed by family; no unresolved presentation issue
analysis/moving_averages/figures/sentiment_positive/overall.png,moving_average_overall,equal-weight 12-month mean,y,linear,0.2797099452,0.3453384558,0.0656285106,0.274,0.351,0.077,0.852318319481,"[{""axis_max"": 0.35100000000000003, ""axis_min"": 0.274, ""axis_span"": 0.07700000000000001, ""primary_max"": 0.3453384558, ""primary_min"": 0.2797099452, ""primary_span"": 0.06562851060000002, ""utilization_ratio"": 0.8523183194805196}]",Primary rolling range uses under 25% of old Y-axis; raw/global/domain scale dominates,Scale only finite displayed rolling series; exterior legend; readable count panel; 300 dpi,True,analysis/moving_averages/figures/sentiment_positive/overall_full_scale.png,9,Y-axis follows displayed 12-month means; classifier scores range 0–1. Raw monthly context: 9 values outside view.,True,src/moving_average_figures.py,False,zero to 1.08 × maximum qualifying raw mean across overall and ALL genres; capped at 1.02; floor 0.005,0.2797099452,0.3453384558,0,0.523528233876,0.125358111279,,reviewed by family; no unresolved presentation issue
analysis/moving_averages/figures/sentiment_positive/overall_full_scale.png,moving_average_overall,equal-weight/rank-weighted rolling means; full-domain reference,y,linear,0.2797099452,0.3453384558,0.0656285106,0,1,1,0.0656285106,"[{""axis_max"": 1.0, ""axis_min"": 0.0, ""axis_span"": 1.0, ""primary_max"": 0.3453384558, ""primary_min"": 0.2797099452, ""primary_span"": 0.06562851060000002, ""utilization_ratio"": 0.06562851060000002}]",,Full-domain companion preserves every qualifying raw monthly value,False,,0,,True,src/moving_average_figures.py,True,New companion reference,,,,,,,intentional full-scale reference
analysis/moving_averages/figures/sentiment_positive/pop.png,moving_average_individual_genre,equal-weight 12-month mean; rank-weighted 12-month sensitivity,y,linear,0.2712896748,0.3679532577,0.0966635829,0.26,0.38,0.12,0.8055298575,"[{""axis_max"": 0.38, ""axis_min"": 0.26, ""axis_span"": 0.12, ""primary_max"": 0.3679532577, ""primary_min"": 0.2712896748, ""primary_span"": 0.09666358289999999, ""utilization_ratio"": 0.8055298575}]",Primary rolling range uses under 25% of old Y-axis; raw/global/domain scale dominates,Scale only finite displayed rolling series; exterior legend; readable count panel; 300 dpi,True,analysis/moving_averages/figures/sentiment_positive/pop_full_scale.png,3,Y-axis follows displayed 12-month means; classifier scores range 0–1. Raw monthly context: 3 values outside view.,True,src/moving_average_figures.py,False,zero to 1.08 × maximum qualifying raw mean across overall and ALL genres; capped at 1.02; floor 0.005,0.2712896748,0.3679532577,0,0.523528233876,0.184638719834,,reviewed by family; no unresolved presentation issue
analysis/moving_averages/figures/sentiment_positive/pop_full_scale.png,moving_average_individual_genre,equal-weight/rank-weighted rolling means; full-domain reference,y,linear,0.2712896748,0.3679532577,0.0966635829,0,1,1,0.0966635829,"[{""axis_max"": 1.0, ""axis_min"": 0.0, ""axis_span"": 1.0, ""primary_max"": 0.3679532577, ""primary_min"": 0.2712896748, ""primary_span"": 0.09666358289999999, ""utilization_ratio"": 0.09666358289999999}]",,Full-domain companion preserves every qualifying raw monthly value,False,,0,,True,src/moving_average_figures.py,True,New companion reference,,,,,,,intentional full-scale reference
analysis/moving_averages/figures/sentiment_positive/r_b_soul.png,moving_average_individual_genre,equal-weight 12-month mean; rank-weighted 12-month sensitivity,y,linear,0.28046162,0.3739849218,0.0935233018,0.27,0.39,0.12,0.779360848333,"[{""axis_max"": 0.39, ""axis_min"": 0.27, ""axis_span"": 0.12, ""primary_max"": 0.3739849218, ""primary_min"": 0.28046162, ""primary_span"": 0.09352330179999996, ""utilization_ratio"": 0.779360848333333}]",Primary rolling range uses under 25% of old Y-axis; raw/global/domain scale dominates,Scale only finite displayed rolling series; exterior legend; readable count panel; 300 dpi,True,analysis/moving_averages/figures/sentiment_positive/r_b_soul_full_scale.png,25,Y-axis follows displayed 12-month means; classifier scores range 0–1. Raw monthly context: 25 values outside view.,True,src/moving_average_figures.py,False,zero to 1.08 × maximum qualifying raw mean across overall and ALL genres; capped at 1.02; floor 0.005,0.28046162,0.3739849218,0,0.523528233876,0.178640416597,,reviewed by family; no unresolved presentation issue
analysis/moving_averages/figures/sentiment_positive/r_b_soul_full_scale.png,moving_average_individual_genre,equal-weight/rank-weighted rolling means; full-domain reference,y,linear,0.28046162,0.3739849218,0.0935233018,0,1,1,0.0935233018,"[{""axis_max"": 1.0, ""axis_min"": 0.0, ""axis_span"": 1.0, ""primary_max"": 0.3739849218, ""primary_min"": 0.28046162, ""primary_span"": 0.09352330179999996, ""utilization_ratio"": 0.09352330179999996}]",,Full-domain companion preserves every qualifying raw monthly value,False,,0,,True,src/moving_average_figures.py,True,New companion reference,,,,,,,intentional full-scale reference
analysis/moving_averages/figures/sentiment_positive/rank_sensitivity.png,moving_average_rank_sensitivity,equal-weight 12-month mean; rank-weighted 12-month sensitivity,y,linear,0.2797099452,0.3453384558,0.0656285106,0.274,0.351,0.077,0.852318319481,"[{""axis_max"": 0.35100000000000003, ""axis_min"": 0.274, ""axis_span"": 0.07700000000000001, ""primary_max"": 0.3453384558, ""primary_min"": 0.2797099452, ""primary_span"": 0.06562851060000002, ""utilization_ratio"": 0.8523183194805196}]",Primary rolling range uses under 25% of old Y-axis; raw/global/domain scale dominates,Scale only finite displayed rolling series; exterior legend; readable count panel; 300 dpi,False,,0,Y-axis follows displayed 12-month means; classifier scores range 0–1.,True,src/moving_average_figures.py,False,zero to 1.08 × maximum qualifying raw mean across overall and ALL genres; capped at 1.02; floor 0.005,0.2797099452,0.3453384558,0,0.523528233876,0.125358111279,,reviewed by family; no unresolved presentation issue
analysis/moving_averages/figures/sentiment_positive/rock.png,moving_average_individual_genre,equal-weight 12-month mean; rank-weighted 12-month sensitivity,y,linear,0.235705373,0.3458383396,0.1101329666,0.22,0.36,0.14,0.786664047143,"[{""axis_max"": 0.36, ""axis_min"": 0.22, ""axis_span"": 0.13999999999999999, ""primary_max"": 0.3458383396, ""primary_min"": 0.235705373, ""primary_span"": 0.11013296659999999, ""utilization_ratio"": 0.7866640471428572}]",Primary rolling range uses under 25% of old Y-axis; raw/global/domain scale dominates,Scale only finite displayed rolling series; exterior legend; readable count panel; 300 dpi,True,analysis/moving_averages/figures/sentiment_positive/rock_full_scale.png,18,Y-axis follows displayed 12-month means; classifier scores range 0–1. Raw monthly context: 18 values outside view.,True,src/moving_average_figures.py,False,zero to 1.08 × maximum qualifying raw mean across overall and ALL genres; capped at 1.02; floor 0.005,0.235705373,0.3458383396,0,0.523528233876,0.210366814001,,reviewed by family; no unresolved presentation issue
analysis/moving_averages/figures/sentiment_positive/rock_full_scale.png,moving_average_individual_genre,equal-weight/rank-weighted rolling means; full-domain reference,y,linear,0.235705373,0.3458383396,0.1101329666,0,1,1,0.1101329666,"[{""axis_max"": 1.0, ""axis_min"": 0.0, ""axis_span"": 1.0, ""primary_max"": 0.3458383396, ""primary_min"": 0.235705373, ""primary_span"": 0.11013296659999999, ""utilization_ratio"": 0.11013296659999999}]",,Full-domain companion preserves every qualifying raw monthly value,False,,0,,True,src/moving_average_figures.py,True,New companion reference,,,,,,,intentional full-scale reference
