figure_path,figure_family,generating_script,primary_series,original_axis_rule,old_primary_min,old_primary_max,old_primary_span,old_axis_min,old_axis_max,old_axis_span,old_utilization_ratio
analysis/milestone2/figures/annual_content.png,annual_summary,src/descriptive_analysis.py,"annual means, median and partial-year markers",Matplotlib observed-data autoscale,0.02962747589,0.9812507033,0.95162322741,-0.0179536854805,1.02883186467,1.04678555015,0.909090909091
analysis/milestone2/figures/annual_sentiment_emotion.png,annual_summary,src/descriptive_analysis.py,"annual means, median and partial-year markers",Matplotlib observed-data autoscale,0.2804397345,0.3470690994,0.0666293649,0.277108266255,0.350400567645,0.07329230139,0.909090909091
analysis/milestone2/figures/genre_ll_explicit_language.png,genre_boxplot,src/descriptive_analysis.py,song score distributions by genre,Matplotlib observed-data autoscale,0.000205956734135,0.999854683876,0.999648727142,-0.049776479623,1.04983712023,1.09961359986,0.909090909091
analysis/milestone2/figures/genre_ll_violence.png,genre_boxplot,src/descriptive_analysis.py,song score distributions by genre,Matplotlib observed-data autoscale,0.000227899829042,0.999813497066,0.999585597237,-0.0497513800328,1.04979277693,1.09954415696,0.909090909091
analysis/milestone2/figures/genre_sentiment_negative.png,genre_boxplot,src/descriptive_analysis.py,song score distributions by genre,Matplotlib observed-data autoscale,0.0447984337807,0.876413345337,0.831614911556,0.00321768820286,0.917994090915,0.914776402712,0.909090909091
analysis/milestone2/figures/genre_sentiment_positive.png,genre_boxplot,src/descriptive_analysis.py,song score distributions by genre,Matplotlib observed-data autoscale,0.0263383127749,0.768431544304,0.742093231529,-0.0107663488016,0.80553620588,0.816302554682,0.909090909091
analysis/milestone2/figures/hist_detox_toxicity.png,histogram,src/descriptive_analysis.py,"density; both weightings, all bins",Matplotlib observed-data autoscale,0,19.9341880607,19.9341880607,0,21.8998141175,21.8998141175,0.910244623709
analysis/milestone2/figures/hist_emotion_anger.png,histogram,src/descriptive_analysis.py,"density; both weightings, all bins",Matplotlib observed-data autoscale,0,33.687020768,33.687020768,0,35.408035842,35.408035842,0.951394788414
analysis/milestone2/figures/hist_emotion_joy.png,histogram,src/descriptive_analysis.py,"density; both weightings, all bins",Matplotlib observed-data autoscale,0,30.4988669171,30.4988669171,0,32.0238102629,32.0238102629,0.952380952381
analysis/milestone2/figures/hist_emotion_sadness.png,histogram,src/descriptive_analysis.py,"density; both weightings, all bins",Matplotlib observed-data autoscale,0,25.5207524912,25.5207524912,0,26.7967901158,26.7967901158,0.952380952381
analysis/milestone2/figures/hist_ll_explicit_language.png,histogram,src/descriptive_analysis.py,"density; both weightings, all bins",Matplotlib observed-data autoscale,0,21.3808947254,21.3808947254,0,23.4674674675,23.4674674675,0.911086582097
analysis/milestone2/figures/hist_ll_sexual_content.png,histogram,src/descriptive_analysis.py,"density; both weightings, all bins",Matplotlib observed-data autoscale,0,12.4739995654,12.4739995654,0,13.0976995436,13.0976995436,0.952380952381
analysis/milestone2/figures/hist_ll_substance_use.png,histogram,src/descriptive_analysis.py,"density; both weightings, all bins",Matplotlib observed-data autoscale,0,26.6747384434,26.6747384434,0,28.6726726727,28.6726726727,0.930319218857
analysis/milestone2/figures/hist_ll_violence.png,histogram,src/descriptive_analysis.py,"density; both weightings, all bins",Matplotlib observed-data autoscale,0,26.7169600447,26.7169600447,0,28.1881881882,28.1881881882,0.947806927722
analysis/milestone2/figures/hist_mb_duration_median_seconds.png,histogram,src/descriptive_analysis.py,"density; both weightings, all bins",Matplotlib observed-data autoscale,0,0.00864428917444,0.00864428917444,0,0.00907650363316,0.00907650363316,0.952380952381
analysis/milestone2/figures/hist_monthly_rank.png,histogram,src/descriptive_analysis.py,"density; both weightings, all bins",Matplotlib observed-data autoscale,0,0.0100003667616,0.0100003667616,0,0.0105003850997,0.0105003850997,0.952380952381
analysis/milestone2/figures/hist_sentiment_negative.png,histogram,src/descriptive_analysis.py,"density; both weightings, all bins",Matplotlib observed-data autoscale,0,6.33098438519,6.33098438519,0,6.64753360445,6.64753360445,0.952380952381
analysis/milestone2/figures/hist_sentiment_positive.png,histogram,src/descriptive_analysis.py,"density; both weightings, all bins",Matplotlib observed-data autoscale,0,6.42659795735,6.42659795735,0,6.74792785521,6.74792785521,0.952380952381
analysis/milestone2/figures/missingness_by_decade.png,missingness,src/descriptive_analysis.py,unavailable observation percentages,percentage domain 0 to 100,9.54166667,43.11764706,33.57598039,0,100,100,0.3357598039
analysis/milestone2/figures/relationship_ll_explicit_language_vs_chart_weeks.png,scatter_hexbin,src/descriptive_analysis.py,all complete score/rank or score/score pairs; log count colour,Matplotlib observed-data autoscale,1,112,111,-4.55,117.55,122.1,0.909090909091
analysis/milestone2/figures/relationship_ll_explicit_language_vs_detox_obscene.png,scatter_hexbin,src/descriptive_analysis.py,all complete score/rank or score/score pairs; log count colour,Matplotlib observed-data autoscale,2.45840037678e-05,0.990052998066,0.990028414062,-0.0494768366993,1.03955441877,1.08903125547,0.909090909091
analysis/milestone2/figures/relationship_ll_explicit_language_vs_monthly_rank.png,scatter_hexbin,src/descriptive_analysis.py,all complete score/rank or score/score pairs; log count colour,Matplotlib observed-data autoscale,1,100,99,-3.95,104.95,108.9,0.909090909091
analysis/milestone2/figures/relationship_ll_sexual_content_vs_detox_sexual_explicit.png,scatter_hexbin,src/descriptive_analysis.py,all complete score/rank or score/score pairs; log count colour,Matplotlib observed-data autoscale,1.15330276458e-05,0.958364903927,0.958353370899,-0.0479061355173,1.00628257247,1.05418870799,0.909090909091
analysis/milestone2/figures/relationship_sentiment_negative_vs_chart_weeks.png,scatter_hexbin,src/descriptive_analysis.py,all complete score/rank or score/score pairs; log count colour,Matplotlib observed-data autoscale,1,112,111,-4.55,117.55,122.1,0.909090909091
analysis/milestone2/figures/relationship_sentiment_positive_vs_monthly_rank.png,scatter_hexbin,src/descriptive_analysis.py,all complete score/rank or score/score pairs; log count colour,Matplotlib observed-data autoscale,1,100,99,-3.95,104.95,108.9,0.909090909091
analysis/milestone2/figures/selected_spearman_heatmap.png,correlation,src/descriptive_analysis.py,pairwise Spearman correlations,fixed signed correlation colour domain -1 to 1,-0.874078257073,1,1.87407825707,-1,1,2,0.937039128536
analysis/milestone2/figures/song_score_boxplots.png,score_boxplot,src/descriptive_analysis.py,song score distributions,Matplotlib observed-data autoscale,0.000173760214238,0.999866008759,0.999692248544,-0.049810852213,1.04985062119,1.0996614734,0.909090909091
analysis/moving_averages/figures/all_genres/detox_identity_attack.png,moving_average_all_genres,src/moving_average_all_genres.py,equal-weight 12-month means,"per-chart observed range, 8% padding, minimum 0.02, rounded 0.01",0.0005483060072,0.2419892394,0.241440933393,0,0.29,0.29,0.832554942734
analysis/moving_averages/figures/all_genres/detox_identity_attack_full_scale.png,moving_average_all_genres,src/moving_average_all_genres.py,equal-weight 12-month means,theoretical 0–1 reference,0.0005483060072,0.2419892394,0.241440933393,0,1,1,0.241440933393
analysis/moving_averages/figures/all_genres/detox_identity_attack_major_coverage.png,moving_average_major_coverage,src/moving_average_all_genres.py,equal-weight 12-month means,"per-chart observed range, 8% padding, minimum 0.02, rounded 0.01",0.0005483060072,0.2419892394,0.241440933393,0,0.29,0.29,0.832554942734
analysis/moving_averages/figures/all_genres/detox_identity_attack_major_coverage_full_scale.png,moving_average_major_coverage,src/moving_average_all_genres.py,equal-weight 12-month means,theoretical 0–1 reference,0.0005483060072,0.2419892394,0.241440933393,0,1,1,0.241440933393
analysis/moving_averages/figures/all_genres/detox_insult.png,moving_average_all_genres,src/moving_average_all_genres.py,equal-weight 12-month means,"per-chart observed range, 8% padding, minimum 0.02, rounded 0.01",0.003081865435,0.4539098908,0.450828025365,0,0.53,0.53,0.850618915783
analysis/moving_averages/figures/all_genres/detox_insult_full_scale.png,moving_average_all_genres,src/moving_average_all_genres.py,equal-weight 12-month means,theoretical 0–1 reference,0.003081865435,0.4539098908,0.450828025365,0,1,1,0.450828025365
analysis/moving_averages/figures/all_genres/detox_insult_major_coverage.png,moving_average_major_coverage,src/moving_average_all_genres.py,equal-weight 12-month means,"per-chart observed range, 8% padding, minimum 0.02, rounded 0.01",0.003396593597,0.4539098908,0.450513297203,0,0.53,0.53,0.850025089062
analysis/moving_averages/figures/all_genres/detox_insult_major_coverage_full_scale.png,moving_average_major_coverage,src/moving_average_all_genres.py,equal-weight 12-month means,theoretical 0–1 reference,0.003396593597,0.4539098908,0.450513297203,0,1,1,0.450513297203
analysis/moving_averages/figures/all_genres/detox_obscene.png,moving_average_all_genres,src/moving_average_all_genres.py,equal-weight 12-month means,"per-chart observed range, 8% padding, minimum 0.02, rounded 0.01",0.001087106139,0.7422990849,0.741211978761,0,0.86,0.86,0.861874393908
analysis/moving_averages/figures/all_genres/detox_obscene_full_scale.png,moving_average_all_genres,src/moving_average_all_genres.py,equal-weight 12-month means,theoretical 0–1 reference,0.001087106139,0.7422990849,0.741211978761,0,1,1,0.741211978761
analysis/moving_averages/figures/all_genres/detox_obscene_major_coverage.png,moving_average_major_coverage,src/moving_average_all_genres.py,equal-weight 12-month means,"per-chart observed range, 8% padding, minimum 0.02, rounded 0.01",0.001087106139,0.7422990849,0.741211978761,0,0.86,0.86,0.861874393908
analysis/moving_averages/figures/all_genres/detox_obscene_major_coverage_full_scale.png,moving_average_major_coverage,src/moving_average_all_genres.py,equal-weight 12-month means,theoretical 0–1 reference,0.001087106139,0.7422990849,0.741211978761,0,1,1,0.741211978761
analysis/moving_averages/figures/all_genres/detox_severe_toxicity.png,moving_average_all_genres,src/moving_average_all_genres.py,equal-weight 12-month means,"per-chart observed range, 8% padding, minimum 0.02, rounded 0.01",2.379149851e-05,0.08798417989,0.0879603883915,0,0.11,0.11,0.799639894468
analysis/moving_averages/figures/all_genres/detox_severe_toxicity_full_scale.png,moving_average_all_genres,src/moving_average_all_genres.py,equal-weight 12-month means,theoretical 0–1 reference,2.379149851e-05,0.08798417989,0.0879603883915,0,1,1,0.0879603883915
analysis/moving_averages/figures/all_genres/detox_severe_toxicity_major_coverage.png,moving_average_major_coverage,src/moving_average_all_genres.py,equal-weight 12-month means,"per-chart observed range, 8% padding, minimum 0.02, rounded 0.01",2.379149851e-05,0.08798417989,0.0879603883915,0,0.11,0.11,0.799639894468
analysis/moving_averages/figures/all_genres/detox_severe_toxicity_major_coverage_full_scale.png,moving_average_major_coverage,src/moving_average_all_genres.py,equal-weight 12-month means,theoretical 0–1 reference,2.379149851e-05,0.08798417989,0.0879603883915,0,1,1,0.0879603883915
analysis/moving_averages/figures/all_genres/detox_sexual_explicit.png,moving_average_all_genres,src/moving_average_all_genres.py,equal-weight 12-month means,"per-chart observed range, 8% padding, minimum 0.02, rounded 0.01",0.0005778443528,0.1785680855,0.177990241147,0,0.21,0.21,0.847572576891
analysis/moving_averages/figures/all_genres/detox_sexual_explicit_full_scale.png,moving_average_all_genres,src/moving_average_all_genres.py,equal-weight 12-month means,theoretical 0–1 reference,0.0005778443528,0.1785680855,0.177990241147,0,1,1,0.177990241147
analysis/moving_averages/figures/all_genres/detox_sexual_explicit_major_coverage.png,moving_average_major_coverage,src/moving_average_all_genres.py,equal-weight 12-month means,"per-chart observed range, 8% padding, minimum 0.02, rounded 0.01",0.0005778443528,0.1785680855,0.177990241147,0,0.21,0.21,0.847572576891
analysis/moving_averages/figures/all_genres/detox_sexual_explicit_major_coverage_full_scale.png,moving_average_major_coverage,src/moving_average_all_genres.py,equal-weight 12-month means,theoretical 0–1 reference,0.0005778443528,0.1785680855,0.177990241147,0,1,1,0.177990241147
analysis/moving_averages/figures/all_genres/detox_threat.png,moving_average_all_genres,src/moving_average_all_genres.py,equal-weight 12-month means,"per-chart observed range, 8% padding, minimum 0.02, rounded 0.01",0.0002435508351,0.03662712098,0.0363835701449,0,0.05,0.05,0.727671402898
analysis/moving_averages/figures/all_genres/detox_threat_full_scale.png,moving_average_all_genres,src/moving_average_all_genres.py,equal-weight 12-month means,theoretical 0–1 reference,0.0002435508351,0.03662712098,0.0363835701449,0,1,1,0.0363835701449
analysis/moving_averages/figures/all_genres/detox_threat_major_coverage.png,moving_average_major_coverage,src/moving_average_all_genres.py,equal-weight 12-month means,"per-chart observed range, 8% padding, minimum 0.02, rounded 0.01",0.0002435508351,0.02876200845,0.0285184576149,0,0.04,0.04,0.712961440372
analysis/moving_averages/figures/all_genres/detox_threat_major_coverage_full_scale.png,moving_average_major_coverage,src/moving_average_all_genres.py,equal-weight 12-month means,theoretical 0–1 reference,0.0002435508351,0.02876200845,0.0285184576149,0,1,1,0.0285184576149
analysis/moving_averages/figures/all_genres/detox_toxicity.png,moving_average_all_genres,src/moving_average_all_genres.py,equal-weight 12-month means,"per-chart observed range, 8% padding, minimum 0.02, rounded 0.01",0.01872488337,0.8258099984,0.80708511503,0,0.94,0.94,0.858601186202
analysis/moving_averages/figures/all_genres/detox_toxicity_full_scale.png,moving_average_all_genres,src/moving_average_all_genres.py,equal-weight 12-month means,theoretical 0–1 reference,0.01872488337,0.8258099984,0.80708511503,0,1,1,0.80708511503
analysis/moving_averages/figures/all_genres/detox_toxicity_major_coverage.png,moving_average_major_coverage,src/moving_average_all_genres.py,equal-weight 12-month means,"per-chart observed range, 8% padding, minimum 0.02, rounded 0.01",0.01872488337,0.8258099984,0.80708511503,0,0.94,0.94,0.858601186202
analysis/moving_averages/figures/all_genres/detox_toxicity_major_coverage_full_scale.png,moving_average_major_coverage,src/moving_average_all_genres.py,equal-weight 12-month means,theoretical 0–1 reference,0.01872488337,0.8258099984,0.80708511503,0,1,1,0.80708511503
analysis/moving_averages/figures/all_genres/emotion_admiration.png,moving_average_all_genres,src/moving_average_all_genres.py,equal-weight 12-month means,"per-chart observed range, 8% padding, minimum 0.02, rounded 0.01",0.002975416837,0.1234559309,0.120480514063,0,0.14,0.14,0.86057510045
analysis/moving_averages/figures/all_genres/emotion_admiration_full_scale.png,moving_average_all_genres,src/moving_average_all_genres.py,equal-weight 12-month means,theoretical 0–1 reference,0.002975416837,0.1234559309,0.120480514063,0,1,1,0.120480514063
analysis/moving_averages/figures/all_genres/emotion_admiration_major_coverage.png,moving_average_major_coverage,src/moving_average_all_genres.py,equal-weight 12-month means,"per-chart observed range, 8% padding, minimum 0.02, rounded 0.01",0.002975416837,0.1234559309,0.120480514063,0,0.14,0.14,0.86057510045
analysis/moving_averages/figures/all_genres/emotion_admiration_major_coverage_full_scale.png,moving_average_major_coverage,src/moving_average_all_genres.py,equal-weight 12-month means,theoretical 0–1 reference,0.002975416837,0.1234559309,0.120480514063,0,1,1,0.120480514063
analysis/moving_averages/figures/all_genres/emotion_amusement.png,moving_average_all_genres,src/moving_average_all_genres.py,equal-weight 12-month means,"per-chart observed range, 8% padding, minimum 0.02, rounded 0.01",0.001840647281,0.07933025674,0.077489609459,0,0.09,0.09,0.860995660656
analysis/moving_averages/figures/all_genres/emotion_amusement_full_scale.png,moving_average_all_genres,src/moving_average_all_genres.py,equal-weight 12-month means,theoretical 0–1 reference,0.001840647281,0.07933025674,0.077489609459,0,1,1,0.077489609459
analysis/moving_averages/figures/all_genres/emotion_amusement_major_coverage.png,moving_average_major_coverage,src/moving_average_all_genres.py,equal-weight 12-month means,"per-chart observed range, 8% padding, minimum 0.02, rounded 0.01",0.001840647281,0.07933025674,0.077489609459,0,0.09,0.09,0.860995660656
analysis/moving_averages/figures/all_genres/emotion_amusement_major_coverage_full_scale.png,moving_average_major_coverage,src/moving_average_all_genres.py,equal-weight 12-month means,theoretical 0–1 reference,0.001840647281,0.07933025674,0.077489609459,0,1,1,0.077489609459
analysis/moving_averages/figures/all_genres/emotion_anger.png,moving_average_all_genres,src/moving_average_all_genres.py,equal-weight 12-month means,"per-chart observed range, 8% padding, minimum 0.02, rounded 0.01",0.002636010388,0.1310931342,0.128457123812,0,0.15,0.15,0.856380825413
analysis/moving_averages/figures/all_genres/emotion_anger_full_scale.png,moving_average_all_genres,src/moving_average_all_genres.py,equal-weight 12-month means,theoretical 0–1 reference,0.002636010388,0.1310931342,0.128457123812,0,1,1,0.128457123812
analysis/moving_averages/figures/all_genres/emotion_anger_major_coverage.png,moving_average_major_coverage,src/moving_average_all_genres.py,equal-weight 12-month means,"per-chart observed range, 8% padding, minimum 0.02, rounded 0.01",0.004057814927,0.1310931342,0.127035319273,0,0.15,0.15,0.846902128487
analysis/moving_averages/figures/all_genres/emotion_anger_major_coverage_full_scale.png,moving_average_major_coverage,src/moving_average_all_genres.py,equal-weight 12-month means,theoretical 0–1 reference,0.004057814927,0.1310931342,0.127035319273,0,1,1,0.127035319273
analysis/moving_averages/figures/all_genres/emotion_annoyance.png,moving_average_all_genres,src/moving_average_all_genres.py,equal-weight 12-month means,"per-chart observed range, 8% padding, minimum 0.02, rounded 0.01",0.01045421172,0.1884792784,0.17802506668,0,0.21,0.21,0.847738412762
analysis/moving_averages/figures/all_genres/emotion_annoyance_full_scale.png,moving_average_all_genres,src/moving_average_all_genres.py,equal-weight 12-month means,theoretical 0–1 reference,0.01045421172,0.1884792784,0.17802506668,0,1,1,0.17802506668
analysis/moving_averages/figures/all_genres/emotion_annoyance_major_coverage.png,moving_average_major_coverage,src/moving_average_all_genres.py,equal-weight 12-month means,"per-chart observed range, 8% padding, minimum 0.02, rounded 0.01",0.01292899733,0.1884792784,0.17555028107,0,0.21,0.21,0.835953719381
analysis/moving_averages/figures/all_genres/emotion_annoyance_major_coverage_full_scale.png,moving_average_major_coverage,src/moving_average_all_genres.py,equal-weight 12-month means,theoretical 0–1 reference,0.01292899733,0.1884792784,0.17555028107,0,1,1,0.17555028107
analysis/moving_averages/figures/all_genres/emotion_approval.png,moving_average_all_genres,src/moving_average_all_genres.py,equal-weight 12-month means,"per-chart observed range, 8% padding, minimum 0.02, rounded 0.01",0.02082245393,0.1060428703,0.08522041637,0.01,0.12,0.11,0.774731057909
analysis/moving_averages/figures/all_genres/emotion_approval_full_scale.png,moving_average_all_genres,src/moving_average_all_genres.py,equal-weight 12-month means,theoretical 0–1 reference,0.02082245393,0.1060428703,0.08522041637,0,1,1,0.08522041637
analysis/moving_averages/figures/all_genres/emotion_approval_major_coverage.png,moving_average_major_coverage,src/moving_average_all_genres.py,equal-weight 12-month means,"per-chart observed range, 8% padding, minimum 0.02, rounded 0.01",0.02082245393,0.09977297496,0.07895052103,0.01,0.11,0.1,0.7895052103
analysis/moving_averages/figures/all_genres/emotion_approval_major_coverage_full_scale.png,moving_average_major_coverage,src/moving_average_all_genres.py,equal-weight 12-month means,theoretical 0–1 reference,0.02082245393,0.09977297496,0.07895052103,0,1,1,0.07895052103
analysis/moving_averages/figures/all_genres/emotion_caring.png,moving_average_all_genres,src/moving_average_all_genres.py,equal-weight 12-month means,"per-chart observed range, 8% padding, minimum 0.02, rounded 0.01",0.002381586522,0.1235643337,0.121182747178,0,0.15,0.15,0.807884981187
analysis/moving_averages/figures/all_genres/emotion_caring_full_scale.png,moving_average_all_genres,src/moving_average_all_genres.py,equal-weight 12-month means,theoretical 0–1 reference,0.002381586522,0.1235643337,0.121182747178,0,1,1,0.121182747178
analysis/moving_averages/figures/all_genres/emotion_caring_major_coverage.png,moving_average_major_coverage,src/moving_average_all_genres.py,equal-weight 12-month means,"per-chart observed range, 8% padding, minimum 0.02, rounded 0.01",0.003268384221,0.1235643337,0.120295949479,0,0.14,0.14,0.859256781993
analysis/moving_averages/figures/all_genres/emotion_caring_major_coverage_full_scale.png,moving_average_major_coverage,src/moving_average_all_genres.py,equal-weight 12-month means,theoretical 0–1 reference,0.003268384221,0.1235643337,0.120295949479,0,1,1,0.120295949479
analysis/moving_averages/figures/all_genres/emotion_confusion.png,moving_average_all_genres,src/moving_average_all_genres.py,equal-weight 12-month means,"per-chart observed range, 8% padding, minimum 0.02, rounded 0.01",0.005448516388,0.1466313411,0.141182824712,0,0.17,0.17,0.830487204188
analysis/moving_averages/figures/all_genres/emotion_confusion_full_scale.png,moving_average_all_genres,src/moving_average_all_genres.py,equal-weight 12-month means,theoretical 0–1 reference,0.005448516388,0.1466313411,0.141182824712,0,1,1,0.141182824712
analysis/moving_averages/figures/all_genres/emotion_confusion_major_coverage.png,moving_average_major_coverage,src/moving_average_all_genres.py,equal-weight 12-month means,"per-chart observed range, 8% padding, minimum 0.02, rounded 0.01",0.005448516388,0.064161517,0.058713000612,0,0.07,0.07,0.8387571516
analysis/moving_averages/figures/all_genres/emotion_confusion_major_coverage_full_scale.png,moving_average_major_coverage,src/moving_average_all_genres.py,equal-weight 12-month means,theoretical 0–1 reference,0.005448516388,0.064161517,0.058713000612,0,1,1,0.058713000612
analysis/moving_averages/figures/all_genres/emotion_curiosity.png,moving_average_all_genres,src/moving_average_all_genres.py,equal-weight 12-month means,"per-chart observed range, 8% padding, minimum 0.02, rounded 0.01",0.008632696245,0.1035171823,0.094884486055,0,0.12,0.12,0.790704050458
analysis/moving_averages/figures/all_genres/emotion_curiosity_full_scale.png,moving_average_all_genres,src/moving_average_all_genres.py,equal-weight 12-month means,theoretical 0–1 reference,0.008632696245,0.1035171823,0.094884486055,0,1,1,0.094884486055
analysis/moving_averages/figures/all_genres/emotion_curiosity_major_coverage.png,moving_average_major_coverage,src/moving_average_all_genres.py,equal-weight 12-month means,"per-chart observed range, 8% padding, minimum 0.02, rounded 0.01",0.008632696245,0.09741841499,0.088785718745,0,0.11,0.11,0.807142897682
analysis/moving_averages/figures/all_genres/emotion_curiosity_major_coverage_full_scale.png,moving_average_major_coverage,src/moving_average_all_genres.py,equal-weight 12-month means,theoretical 0–1 reference,0.008632696245,0.09741841499,0.088785718745,0,1,1,0.088785718745
analysis/moving_averages/figures/all_genres/emotion_desire.png,moving_average_all_genres,src/moving_average_all_genres.py,equal-weight 12-month means,"per-chart observed range, 8% padding, minimum 0.02, rounded 0.01",0.00522874026,0.1392262282,0.13399748794,0,0.16,0.16,0.837484299625
analysis/moving_averages/figures/all_genres/emotion_desire_full_scale.png,moving_average_all_genres,src/moving_average_all_genres.py,equal-weight 12-month means,theoretical 0–1 reference,0.00522874026,0.1392262282,0.13399748794,0,1,1,0.13399748794
analysis/moving_averages/figures/all_genres/emotion_desire_major_coverage.png,moving_average_major_coverage,src/moving_average_all_genres.py,equal-weight 12-month means,"per-chart observed range, 8% padding, minimum 0.02, rounded 0.01",0.00522874026,0.1392262282,0.13399748794,0,0.16,0.16,0.837484299625
analysis/moving_averages/figures/all_genres/emotion_desire_major_coverage_full_scale.png,moving_average_major_coverage,src/moving_average_all_genres.py,equal-weight 12-month means,theoretical 0–1 reference,0.00522874026,0.1392262282,0.13399748794,0,1,1,0.13399748794
analysis/moving_averages/figures/all_genres/emotion_disappointment.png,moving_average_all_genres,src/moving_average_all_genres.py,equal-weight 12-month means,"per-chart observed range, 8% padding, minimum 0.02, rounded 0.01",0.003833126062,0.1494462166,0.145613090538,0,0.17,0.17,0.8565475914
analysis/moving_averages/figures/all_genres/emotion_disappointment_full_scale.png,moving_average_all_genres,src/moving_average_all_genres.py,equal-weight 12-month means,theoretical 0–1 reference,0.003833126062,0.1494462166,0.145613090538,0,1,1,0.145613090538
analysis/moving_averages/figures/all_genres/emotion_disappointment_major_coverage.png,moving_average_major_coverage,src/moving_average_all_genres.py,equal-weight 12-month means,"per-chart observed range, 8% padding, minimum 0.02, rounded 0.01",0.01084577461,0.1494462166,0.13860044199,0,0.17,0.17,0.815296717588
analysis/moving_averages/figures/all_genres/emotion_disappointment_major_coverage_full_scale.png,moving_average_major_coverage,src/moving_average_all_genres.py,equal-weight 12-month means,theoretical 0–1 reference,0.01084577461,0.1494462166,0.13860044199,0,1,1,0.13860044199
analysis/moving_averages/figures/all_genres/emotion_disapproval.png,moving_average_all_genres,src/moving_average_all_genres.py,equal-weight 12-month means,"per-chart observed range, 8% padding, minimum 0.02, rounded 0.01",0.005612857048,0.08203063718,0.076417780132,0,0.09,0.09,0.849086445911
analysis/moving_averages/figures/all_genres/emotion_disapproval_full_scale.png,moving_average_all_genres,src/moving_average_all_genres.py,equal-weight 12-month means,theoretical 0–1 reference,0.005612857048,0.08203063718,0.076417780132,0,1,1,0.076417780132
analysis/moving_averages/figures/all_genres/emotion_disapproval_major_coverage.png,moving_average_major_coverage,src/moving_average_all_genres.py,equal-weight 12-month means,"per-chart observed range, 8% padding, minimum 0.02, rounded 0.01",0.005612857048,0.05935870139,0.053745844342,0,0.07,0.07,0.767797776314
analysis/moving_averages/figures/all_genres/emotion_disapproval_major_coverage_full_scale.png,moving_average_major_coverage,src/moving_average_all_genres.py,equal-weight 12-month means,theoretical 0–1 reference,0.005612857048,0.05935870139,0.053745844342,0,1,1,0.053745844342
analysis/moving_averages/figures/all_genres/emotion_disgust.png,moving_average_all_genres,src/moving_average_all_genres.py,equal-weight 12-month means,"per-chart observed range, 8% padding, minimum 0.02, rounded 0.01",0.001975867085,0.01655251331,0.014576646225,0,0.02,0.02,0.72883231125
analysis/moving_averages/figures/all_genres/emotion_disgust_full_scale.png,moving_average_all_genres,src/moving_average_all_genres.py,equal-weight 12-month means,theoretical 0–1 reference,0.001975867085,0.01655251331,0.014576646225,0,1,1,0.014576646225
analysis/moving_averages/figures/all_genres/emotion_disgust_major_coverage.png,moving_average_major_coverage,src/moving_average_all_genres.py,equal-weight 12-month means,"per-chart observed range, 8% padding, minimum 0.02, rounded 0.01",0.001975867085,0.01655251331,0.014576646225,0,0.02,0.02,0.72883231125
analysis/moving_averages/figures/all_genres/emotion_disgust_major_coverage_full_scale.png,moving_average_major_coverage,src/moving_average_all_genres.py,equal-weight 12-month means,theoretical 0–1 reference,0.001975867085,0.01655251331,0.014576646225,0,1,1,0.014576646225
analysis/moving_averages/figures/all_genres/emotion_embarrassment.png,moving_average_all_genres,src/moving_average_all_genres.py,equal-weight 12-month means,"per-chart observed range, 8% padding, minimum 0.02, rounded 0.01",0.001055760471,0.01528821608,0.014232455609,0,0.02,0.02,0.71162278045
analysis/moving_averages/figures/all_genres/emotion_embarrassment_full_scale.png,moving_average_all_genres,src/moving_average_all_genres.py,equal-weight 12-month means,theoretical 0–1 reference,0.001055760471,0.01528821608,0.014232455609,0,1,1,0.014232455609
analysis/moving_averages/figures/all_genres/emotion_embarrassment_major_coverage.png,moving_average_major_coverage,src/moving_average_all_genres.py,equal-weight 12-month means,"per-chart observed range, 8% padding, minimum 0.02, rounded 0.01",0.001150681067,0.01528821608,0.014137535013,0,0.02,0.02,0.70687675065
analysis/moving_averages/figures/all_genres/emotion_embarrassment_major_coverage_full_scale.png,moving_average_major_coverage,src/moving_average_all_genres.py,equal-weight 12-month means,theoretical 0–1 reference,0.001150681067,0.01528821608,0.014137535013,0,1,1,0.014137535013
analysis/moving_averages/figures/all_genres/emotion_excitement.png,moving_average_all_genres,src/moving_average_all_genres.py,equal-weight 12-month means,"per-chart observed range, 8% padding, minimum 0.02, rounded 0.01",0.003315898393,0.1133832674,0.110067369007,0,0.13,0.13,0.846672069285
analysis/moving_averages/figures/all_genres/emotion_excitement_full_scale.png,moving_average_all_genres,src/moving_average_all_genres.py,equal-weight 12-month means,theoretical 0–1 reference,0.003315898393,0.1133832674,0.110067369007,0,1,1,0.110067369007
analysis/moving_averages/figures/all_genres/emotion_excitement_major_coverage.png,moving_average_major_coverage,src/moving_average_all_genres.py,equal-weight 12-month means,"per-chart observed range, 8% padding, minimum 0.02, rounded 0.01",0.00402712453,0.05778055655,0.05375343202,0,0.07,0.07,0.767906171714
analysis/moving_averages/figures/all_genres/emotion_excitement_major_coverage_full_scale.png,moving_average_major_coverage,src/moving_average_all_genres.py,equal-weight 12-month means,theoretical 0–1 reference,0.00402712453,0.05778055655,0.05375343202,0,1,1,0.05375343202
analysis/moving_averages/figures/all_genres/emotion_fear.png,moving_average_all_genres,src/moving_average_all_genres.py,equal-weight 12-month means,"per-chart observed range, 8% padding, minimum 0.02, rounded 0.01",0.001499719642,0.08733279293,0.085833073288,0,0.1,0.1,0.85833073288
analysis/moving_averages/figures/all_genres/emotion_fear_full_scale.png,moving_average_all_genres,src/moving_average_all_genres.py,equal-weight 12-month means,theoretical 0–1 reference,0.001499719642,0.08733279293,0.085833073288,0,1,1,0.085833073288
analysis/moving_averages/figures/all_genres/emotion_fear_major_coverage.png,moving_average_major_coverage,src/moving_average_all_genres.py,equal-weight 12-month means,"per-chart observed range, 8% padding, minimum 0.02, rounded 0.01",0.001750886729,0.08733279293,0.085581906201,0,0.1,0.1,0.85581906201
analysis/moving_averages/figures/all_genres/emotion_fear_major_coverage_full_scale.png,moving_average_major_coverage,src/moving_average_all_genres.py,equal-weight 12-month means,theoretical 0–1 reference,0.001750886729,0.08733279293,0.085581906201,0,1,1,0.085581906201
analysis/moving_averages/figures/all_genres/emotion_gratitude.png,moving_average_all_genres,src/moving_average_all_genres.py,equal-weight 12-month means,"per-chart observed range, 8% padding, minimum 0.02, rounded 0.01",0.0003662252954,0.07094671816,0.0705804928646,0,0.09,0.09,0.784227698496
analysis/moving_averages/figures/all_genres/emotion_gratitude_full_scale.png,moving_average_all_genres,src/moving_average_all_genres.py,equal-weight 12-month means,theoretical 0–1 reference,0.0003662252954,0.07094671816,0.0705804928646,0,1,1,0.0705804928646
analysis/moving_averages/figures/all_genres/emotion_gratitude_major_coverage.png,moving_average_major_coverage,src/moving_average_all_genres.py,equal-weight 12-month means,"per-chart observed range, 8% padding, minimum 0.02, rounded 0.01",0.0003662252954,0.07094671816,0.0705804928646,0,0.09,0.09,0.784227698496
analysis/moving_averages/figures/all_genres/emotion_gratitude_major_coverage_full_scale.png,moving_average_major_coverage,src/moving_average_all_genres.py,equal-weight 12-month means,theoretical 0–1 reference,0.0003662252954,0.07094671816,0.0705804928646,0,1,1,0.0705804928646
analysis/moving_averages/figures/all_genres/emotion_grief.png,moving_average_all_genres,src/moving_average_all_genres.py,equal-weight 12-month means,"per-chart observed range, 8% padding, minimum 0.02, rounded 0.01",0.0004335121905,0.007947957535,0.0075144453445,0,0.02,0.02,0.375722267225
analysis/moving_averages/figures/all_genres/emotion_grief_full_scale.png,moving_average_all_genres,src/moving_average_all_genres.py,equal-weight 12-month means,theoretical 0–1 reference,0.0004335121905,0.007947957535,0.0075144453445,0,1,1,0.0075144453445
analysis/moving_averages/figures/all_genres/emotion_grief_major_coverage.png,moving_average_major_coverage,src/moving_average_all_genres.py,equal-weight 12-month means,"per-chart observed range, 8% padding, minimum 0.02, rounded 0.01",0.0005329601569,0.007947957535,0.0074149973781,0,0.02,0.02,0.370749868905
analysis/moving_averages/figures/all_genres/emotion_grief_major_coverage_full_scale.png,moving_average_major_coverage,src/moving_average_all_genres.py,equal-weight 12-month means,theoretical 0–1 reference,0.0005329601569,0.007947957535,0.0074149973781,0,1,1,0.0074149973781
analysis/moving_averages/figures/all_genres/emotion_joy.png,moving_average_all_genres,src/moving_average_all_genres.py,equal-weight 12-month means,"per-chart observed range, 8% padding, minimum 0.02, rounded 0.01",0.002748357979,0.124504966,0.121756608021,0,0.15,0.15,0.81171072014
analysis/moving_averages/figures/all_genres/emotion_joy_full_scale.png,moving_average_all_genres,src/moving_average_all_genres.py,equal-weight 12-month means,theoretical 0–1 reference,0.002748357979,0.124504966,0.121756608021,0,1,1,0.121756608021
analysis/moving_averages/figures/all_genres/emotion_joy_major_coverage.png,moving_average_major_coverage,src/moving_average_all_genres.py,equal-weight 12-month means,"per-chart observed range, 8% padding, minimum 0.02, rounded 0.01",0.005050426861,0.09133202958,0.086281602719,0,0.11,0.11,0.784378206536
analysis/moving_averages/figures/all_genres/emotion_joy_major_coverage_full_scale.png,moving_average_major_coverage,src/moving_average_all_genres.py,equal-weight 12-month means,theoretical 0–1 reference,0.005050426861,0.09133202958,0.086281602719,0,1,1,0.086281602719
analysis/moving_averages/figures/all_genres/emotion_love.png,moving_average_all_genres,src/moving_average_all_genres.py,equal-weight 12-month means,"per-chart observed range, 8% padding, minimum 0.02, rounded 0.01",0.002061929156,0.485558606,0.483496676844,0,0.57,0.57,0.848239783937
analysis/moving_averages/figures/all_genres/emotion_love_full_scale.png,moving_average_all_genres,src/moving_average_all_genres.py,equal-weight 12-month means,theoretical 0–1 reference,0.002061929156,0.485558606,0.483496676844,0,1,1,0.483496676844
analysis/moving_averages/figures/all_genres/emotion_love_major_coverage.png,moving_average_major_coverage,src/moving_average_all_genres.py,equal-weight 12-month means,"per-chart observed range, 8% padding, minimum 0.02, rounded 0.01",0.01566844382,0.485558606,0.46989016218,0,0.55,0.55,0.854345749418
analysis/moving_averages/figures/all_genres/emotion_love_major_coverage_full_scale.png,moving_average_major_coverage,src/moving_average_all_genres.py,equal-weight 12-month means,theoretical 0–1 reference,0.01566844382,0.485558606,0.46989016218,0,1,1,0.46989016218
analysis/moving_averages/figures/all_genres/emotion_nervousness.png,moving_average_all_genres,src/moving_average_all_genres.py,equal-weight 12-month means,"per-chart observed range, 8% padding, minimum 0.02, rounded 0.01",0.0004805170223,0.03461617885,0.0341356618277,0,0.04,0.04,0.853391545692
analysis/moving_averages/figures/all_genres/emotion_nervousness_full_scale.png,moving_average_all_genres,src/moving_average_all_genres.py,equal-weight 12-month means,theoretical 0–1 reference,0.0004805170223,0.03461617885,0.0341356618277,0,1,1,0.0341356618277
analysis/moving_averages/figures/all_genres/emotion_nervousness_major_coverage.png,moving_average_major_coverage,src/moving_average_all_genres.py,equal-weight 12-month means,"per-chart observed range, 8% padding, minimum 0.02, rounded 0.01",0.0009353475319,0.03461617885,0.0336808313181,0,0.04,0.04,0.842020782952
analysis/moving_averages/figures/all_genres/emotion_nervousness_major_coverage_full_scale.png,moving_average_major_coverage,src/moving_average_all_genres.py,equal-weight 12-month means,theoretical 0–1 reference,0.0009353475319,0.03461617885,0.0336808313181,0,1,1,0.0336808313181
analysis/moving_averages/figures/all_genres/emotion_neutral.png,moving_average_all_genres,src/moving_average_all_genres.py,equal-weight 12-month means,"per-chart observed range, 8% padding, minimum 0.02, rounded 0.01",0.1800369252,0.9085410316,0.7285041064,0.12,0.97,0.85,0.857063654588
analysis/moving_averages/figures/all_genres/emotion_neutral_full_scale.png,moving_average_all_genres,src/moving_average_all_genres.py,equal-weight 12-month means,theoretical 0–1 reference,0.1800369252,0.9085410316,0.7285041064,0,1,1,0.7285041064
analysis/moving_averages/figures/all_genres/emotion_neutral_major_coverage.png,moving_average_major_coverage,src/moving_average_all_genres.py,equal-weight 12-month means,"per-chart observed range, 8% padding, minimum 0.02, rounded 0.01",0.1800369252,0.6672405602,0.487203635,0.14,0.71,0.57,0.854743219298
analysis/moving_averages/figures/all_genres/emotion_neutral_major_coverage_full_scale.png,moving_average_major_coverage,src/moving_average_all_genres.py,equal-weight 12-month means,theoretical 0–1 reference,0.1800369252,0.6672405602,0.487203635,0,1,1,0.487203635
analysis/moving_averages/figures/all_genres/emotion_optimism.png,moving_average_all_genres,src/moving_average_all_genres.py,equal-weight 12-month means,"per-chart observed range, 8% padding, minimum 0.02, rounded 0.01",0.003049568433,0.07657348462,0.073523916187,0,0.09,0.09,0.816932402078
analysis/moving_averages/figures/all_genres/emotion_optimism_full_scale.png,moving_average_all_genres,src/moving_average_all_genres.py,equal-weight 12-month means,theoretical 0–1 reference,0.003049568433,0.07657348462,0.073523916187,0,1,1,0.073523916187
analysis/moving_averages/figures/all_genres/emotion_optimism_major_coverage.png,moving_average_major_coverage,src/moving_average_all_genres.py,equal-weight 12-month means,"per-chart observed range, 8% padding, minimum 0.02, rounded 0.01",0.004646732496,0.07657348462,0.071926752124,0,0.09,0.09,0.799186134711
analysis/moving_averages/figures/all_genres/emotion_optimism_major_coverage_full_scale.png,moving_average_major_coverage,src/moving_average_all_genres.py,equal-weight 12-month means,theoretical 0–1 reference,0.004646732496,0.07657348462,0.071926752124,0,1,1,0.071926752124
analysis/moving_averages/figures/all_genres/emotion_pride.png,moving_average_all_genres,src/moving_average_all_genres.py,equal-weight 12-month means,"per-chart observed range, 8% padding, minimum 0.02, rounded 0.01",0.0003575359364,0.009906201419,0.0095486654826,0,0.02,0.02,0.47743327413
analysis/moving_averages/figures/all_genres/emotion_pride_full_scale.png,moving_average_all_genres,src/moving_average_all_genres.py,equal-weight 12-month means,theoretical 0–1 reference,0.0003575359364,0.009906201419,0.0095486654826,0,1,1,0.0095486654826
analysis/moving_averages/figures/all_genres/emotion_pride_major_coverage.png,moving_average_major_coverage,src/moving_average_all_genres.py,equal-weight 12-month means,"per-chart observed range, 8% padding, minimum 0.02, rounded 0.01",0.0005809815856,0.009906201419,0.0093252198334,0,0.02,0.02,0.46626099167
analysis/moving_averages/figures/all_genres/emotion_pride_major_coverage_full_scale.png,moving_average_major_coverage,src/moving_average_all_genres.py,equal-weight 12-month means,theoretical 0–1 reference,0.0005809815856,0.009906201419,0.0093252198334,0,1,1,0.0093252198334
analysis/moving_averages/figures/all_genres/emotion_realization.png,moving_average_all_genres,src/moving_average_all_genres.py,equal-weight 12-month means,"per-chart observed range, 8% padding, minimum 0.02, rounded 0.01",0.006794399592,0.0882486675,0.081454267908,0,0.1,0.1,0.81454267908
analysis/moving_averages/figures/all_genres/emotion_realization_full_scale.png,moving_average_all_genres,src/moving_average_all_genres.py,equal-weight 12-month means,theoretical 0–1 reference,0.006794399592,0.0882486675,0.081454267908,0,1,1,0.081454267908
analysis/moving_averages/figures/all_genres/emotion_realization_major_coverage.png,moving_average_major_coverage,src/moving_average_all_genres.py,equal-weight 12-month means,"per-chart observed range, 8% padding, minimum 0.02, rounded 0.01",0.006794399592,0.06068171985,0.053887320258,0,0.07,0.07,0.769818860829
analysis/moving_averages/figures/all_genres/emotion_realization_major_coverage_full_scale.png,moving_average_major_coverage,src/moving_average_all_genres.py,equal-weight 12-month means,theoretical 0–1 reference,0.006794399592,0.06068171985,0.053887320258,0,1,1,0.053887320258
analysis/moving_averages/figures/all_genres/emotion_relief.png,moving_average_all_genres,src/moving_average_all_genres.py,equal-weight 12-month means,"per-chart observed range, 8% padding, minimum 0.02, rounded 0.01",0.0005009403403,0.009007291177,0.0085063508367,0,0.02,0.02,0.425317541835
analysis/moving_averages/figures/all_genres/emotion_relief_full_scale.png,moving_average_all_genres,src/moving_average_all_genres.py,equal-weight 12-month means,theoretical 0–1 reference,0.0005009403403,0.009007291177,0.0085063508367,0,1,1,0.0085063508367
analysis/moving_averages/figures/all_genres/emotion_relief_major_coverage.png,moving_average_major_coverage,src/moving_average_all_genres.py,equal-weight 12-month means,"per-chart observed range, 8% padding, minimum 0.02, rounded 0.01",0.0006770388154,0.009007291177,0.0083302523616,0,0.02,0.02,0.41651261808
analysis/moving_averages/figures/all_genres/emotion_relief_major_coverage_full_scale.png,moving_average_major_coverage,src/moving_average_all_genres.py,equal-weight 12-month means,theoretical 0–1 reference,0.0006770388154,0.009007291177,0.0083302523616,0,1,1,0.0083302523616
analysis/moving_averages/figures/all_genres/emotion_remorse.png,moving_average_all_genres,src/moving_average_all_genres.py,equal-weight 12-month means,"per-chart observed range, 8% padding, minimum 0.02, rounded 0.01",0.0005962872429,0.05598463029,0.0553883430471,0,0.07,0.07,0.79126204353
analysis/moving_averages/figures/all_genres/emotion_remorse_full_scale.png,moving_average_all_genres,src/moving_average_all_genres.py,equal-weight 12-month means,theoretical 0–1 reference,0.0005962872429,0.05598463029,0.0553883430471,0,1,1,0.0553883430471
analysis/moving_averages/figures/all_genres/emotion_remorse_major_coverage.png,moving_average_major_coverage,src/moving_average_all_genres.py,equal-weight 12-month means,"per-chart observed range, 8% padding, minimum 0.02, rounded 0.01",0.0005962872429,0.05598463029,0.0553883430471,0,0.07,0.07,0.79126204353
analysis/moving_averages/figures/all_genres/emotion_remorse_major_coverage_full_scale.png,moving_average_major_coverage,src/moving_average_all_genres.py,equal-weight 12-month means,theoretical 0–1 reference,0.0005962872429,0.05598463029,0.0553883430471,0,1,1,0.0553883430471
analysis/moving_averages/figures/all_genres/emotion_sadness.png,moving_average_all_genres,src/moving_average_all_genres.py,equal-weight 12-month means,"per-chart observed range, 8% padding, minimum 0.02, rounded 0.01",0.002571984679,0.2691040873,0.266532102621,0,0.31,0.31,0.859780976197
analysis/moving_averages/figures/all_genres/emotion_sadness_full_scale.png,moving_average_all_genres,src/moving_average_all_genres.py,equal-weight 12-month means,theoretical 0–1 reference,0.002571984679,0.2691040873,0.266532102621,0,1,1,0.266532102621
analysis/moving_averages/figures/all_genres/emotion_sadness_major_coverage.png,moving_average_major_coverage,src/moving_average_all_genres.py,equal-weight 12-month means,"per-chart observed range, 8% padding, minimum 0.02, rounded 0.01",0.004763417897,0.2691040873,0.264340669403,0,0.31,0.31,0.852711836784
analysis/moving_averages/figures/all_genres/emotion_sadness_major_coverage_full_scale.png,moving_average_major_coverage,src/moving_average_all_genres.py,equal-weight 12-month means,theoretical 0–1 reference,0.004763417897,0.2691040873,0.264340669403,0,1,1,0.264340669403
analysis/moving_averages/figures/all_genres/emotion_surprise.png,moving_average_all_genres,src/moving_average_all_genres.py,equal-weight 12-month means,"per-chart observed range, 8% padding, minimum 0.02, rounded 0.01",0.002295837283,0.04637770792,0.044081870637,0,0.06,0.06,0.73469784395
analysis/moving_averages/figures/all_genres/emotion_surprise_full_scale.png,moving_average_all_genres,src/moving_average_all_genres.py,equal-weight 12-month means,theoretical 0–1 reference,0.002295837283,0.04637770792,0.044081870637,0,1,1,0.044081870637
analysis/moving_averages/figures/all_genres/emotion_surprise_major_coverage.png,moving_average_major_coverage,src/moving_average_all_genres.py,equal-weight 12-month means,"per-chart observed range, 8% padding, minimum 0.02, rounded 0.01",0.002494300407,0.03442873755,0.031934437143,0,0.04,0.04,0.798360928575
analysis/moving_averages/figures/all_genres/emotion_surprise_major_coverage_full_scale.png,moving_average_major_coverage,src/moving_average_all_genres.py,equal-weight 12-month means,theoretical 0–1 reference,0.002494300407,0.03442873755,0.031934437143,0,1,1,0.031934437143
analysis/moving_averages/figures/all_genres/ll_explicit_language.png,moving_average_all_genres,src/moving_average_all_genres.py,equal-weight 12-month means,"per-chart observed range, 8% padding, minimum 0.02, rounded 0.01",0.01685699394,0.9949782212,0.97812122726,0,1,1,0.97812122726
analysis/moving_averages/figures/all_genres/ll_explicit_language_full_scale.png,moving_average_all_genres,src/moving_average_all_genres.py,equal-weight 12-month means,theoretical 0–1 reference,0.01685699394,0.9949782212,0.97812122726,0,1,1,0.97812122726
analysis/moving_averages/figures/all_genres/ll_explicit_language_major_coverage.png,moving_average_major_coverage,src/moving_average_all_genres.py,equal-weight 12-month means,"per-chart observed range, 8% padding, minimum 0.02, rounded 0.01",0.01685699394,0.9949782212,0.97812122726,0,1,1,0.97812122726
analysis/moving_averages/figures/all_genres/ll_explicit_language_major_coverage_full_scale.png,moving_average_major_coverage,src/moving_average_all_genres.py,equal-weight 12-month means,theoretical 0–1 reference,0.01685699394,0.9949782212,0.97812122726,0,1,1,0.97812122726
analysis/moving_averages/figures/all_genres/ll_sexual_content.png,moving_average_all_genres,src/moving_average_all_genres.py,equal-weight 12-month means,"per-chart observed range, 8% padding, minimum 0.02, rounded 0.01",0.09739564589,0.9907093504,0.89331370451,0,1,1,0.89331370451
analysis/moving_averages/figures/all_genres/ll_sexual_content_full_scale.png,moving_average_all_genres,src/moving_average_all_genres.py,equal-weight 12-month means,theoretical 0–1 reference,0.09739564589,0.9907093504,0.89331370451,0,1,1,0.89331370451
analysis/moving_averages/figures/all_genres/ll_sexual_content_major_coverage.png,moving_average_major_coverage,src/moving_average_all_genres.py,equal-weight 12-month means,"per-chart observed range, 8% padding, minimum 0.02, rounded 0.01",0.09739564589,0.9907093504,0.89331370451,0,1,1,0.89331370451
analysis/moving_averages/figures/all_genres/ll_sexual_content_major_coverage_full_scale.png,moving_average_major_coverage,src/moving_average_all_genres.py,equal-weight 12-month means,theoretical 0–1 reference,0.09739564589,0.9907093504,0.89331370451,0,1,1,0.89331370451
analysis/moving_averages/figures/all_genres/ll_substance_use.png,moving_average_all_genres,src/moving_average_all_genres.py,equal-weight 12-month means,"per-chart observed range, 8% padding, minimum 0.02, rounded 0.01",0.01290038474,0.8496801401,0.83677975536,0,0.98,0.98,0.853856893224
analysis/moving_averages/figures/all_genres/ll_substance_use_full_scale.png,moving_average_all_genres,src/moving_average_all_genres.py,equal-weight 12-month means,theoretical 0–1 reference,0.01290038474,0.8496801401,0.83677975536,0,1,1,0.83677975536
analysis/moving_averages/figures/all_genres/ll_substance_use_major_coverage.png,moving_average_major_coverage,src/moving_average_all_genres.py,equal-weight 12-month means,"per-chart observed range, 8% padding, minimum 0.02, rounded 0.01",0.01290038474,0.8496801401,0.83677975536,0,0.98,0.98,0.853856893224
analysis/moving_averages/figures/all_genres/ll_substance_use_major_coverage_full_scale.png,moving_average_major_coverage,src/moving_average_all_genres.py,equal-weight 12-month means,theoretical 0–1 reference,0.01290038474,0.8496801401,0.83677975536,0,1,1,0.83677975536
analysis/moving_averages/figures/all_genres/ll_violence.png,moving_average_all_genres,src/moving_average_all_genres.py,equal-weight 12-month means,"per-chart observed range, 8% padding, minimum 0.02, rounded 0.01",0.00856571655,0.8179504957,0.80938477915,0,0.94,0.94,0.861047637394
analysis/moving_averages/figures/all_genres/ll_violence_full_scale.png,moving_average_all_genres,src/moving_average_all_genres.py,equal-weight 12-month means,theoretical 0–1 reference,0.00856571655,0.8179504957,0.80938477915,0,1,1,0.80938477915
analysis/moving_averages/figures/all_genres/ll_violence_major_coverage.png,moving_average_major_coverage,src/moving_average_all_genres.py,equal-weight 12-month means,"per-chart observed range, 8% padding, minimum 0.02, rounded 0.01",0.01646763118,0.8179504957,0.80148286452,0,0.93,0.93,0.861809531742
analysis/moving_averages/figures/all_genres/ll_violence_major_coverage_full_scale.png,moving_average_major_coverage,src/moving_average_all_genres.py,equal-weight 12-month means,theoretical 0–1 reference,0.01646763118,0.8179504957,0.80148286452,0,1,1,0.80148286452
analysis/moving_averages/figures/all_genres/sentiment_negative.png,moving_average_all_genres,src/moving_average_all_genres.py,equal-weight 12-month means,"per-chart observed range, 8% padding, minimum 0.02, rounded 0.01",0.2126780592,0.3559035234,0.1432254642,0.2,0.37,0.17,0.842502730588
analysis/moving_averages/figures/all_genres/sentiment_negative_full_scale.png,moving_average_all_genres,src/moving_average_all_genres.py,equal-weight 12-month means,theoretical 0–1 reference,0.2126780592,0.3559035234,0.1432254642,0,1,1,0.1432254642
analysis/moving_averages/figures/all_genres/sentiment_negative_major_coverage.png,moving_average_major_coverage,src/moving_average_all_genres.py,equal-weight 12-month means,"per-chart observed range, 8% padding, minimum 0.02, rounded 0.01",0.2126780592,0.3559035234,0.1432254642,0.2,0.37,0.17,0.842502730588
analysis/moving_averages/figures/all_genres/sentiment_negative_major_coverage_full_scale.png,moving_average_major_coverage,src/moving_average_all_genres.py,equal-weight 12-month means,theoretical 0–1 reference,0.2126780592,0.3559035234,0.1432254642,0,1,1,0.1432254642
analysis/moving_averages/figures/all_genres/sentiment_neutral.png,moving_average_all_genres,src/moving_average_all_genres.py,equal-weight 12-month means,"per-chart observed range, 8% padding, minimum 0.02, rounded 0.01",0.3939320043,0.4552782455,0.0613462412,0.38,0.47,0.09,0.681624902222
analysis/moving_averages/figures/all_genres/sentiment_neutral_full_scale.png,moving_average_all_genres,src/moving_average_all_genres.py,equal-weight 12-month means,theoretical 0–1 reference,0.3939320043,0.4552782455,0.0613462412,0,1,1,0.0613462412
analysis/moving_averages/figures/all_genres/sentiment_neutral_major_coverage.png,moving_average_major_coverage,src/moving_average_all_genres.py,equal-weight 12-month means,"per-chart observed range, 8% padding, minimum 0.02, rounded 0.01",0.3998559783,0.4552782455,0.0554222672,0.39,0.46,0.07,0.791746674286
analysis/moving_averages/figures/all_genres/sentiment_neutral_major_coverage_full_scale.png,moving_average_major_coverage,src/moving_average_all_genres.py,equal-weight 12-month means,theoretical 0–1 reference,0.3998559783,0.4552782455,0.0554222672,0,1,1,0.0554222672
analysis/moving_averages/figures/all_genres/sentiment_positive.png,moving_average_all_genres,src/moving_average_all_genres.py,equal-weight 12-month means,"per-chart observed range, 8% padding, minimum 0.02, rounded 0.01",0.235705373,0.3677947927,0.1320894197,0.22,0.38,0.16,0.825558873125
analysis/moving_averages/figures/all_genres/sentiment_positive_full_scale.png,moving_average_all_genres,src/moving_average_all_genres.py,equal-weight 12-month means,theoretical 0–1 reference,0.235705373,0.3677947927,0.1320894197,0,1,1,0.1320894197
analysis/moving_averages/figures/all_genres/sentiment_positive_major_coverage.png,moving_average_major_coverage,src/moving_average_all_genres.py,equal-weight 12-month means,"per-chart observed range, 8% padding, minimum 0.02, rounded 0.01",0.235705373,0.3677947927,0.1320894197,0.22,0.38,0.16,0.825558873125
analysis/moving_averages/figures/all_genres/sentiment_positive_major_coverage_full_scale.png,moving_average_major_coverage,src/moving_average_all_genres.py,equal-weight 12-month means,theoretical 0–1 reference,0.235705373,0.3677947927,0.1320894197,0,1,1,0.1320894197
analysis/moving_averages/figures/detox_identity_attack/alternative_indie.png,moving_average_individual_genre,src/moving_average_analysis.py,equal-weight 12-month mean and rank-weighted 12-month mean,zero to 1.08 × maximum qualifying raw mean across overall and ALL genres; capped at 1.02; floor 0.005,0.001286513144,0.009191517239,0.007905004095,0,0.411317876124,0.411317876124,0.019218722438
analysis/moving_averages/figures/detox_identity_attack/country.png,moving_average_individual_genre,src/moving_average_analysis.py,equal-weight 12-month mean and rank-weighted 12-month mean,zero to 1.08 × maximum qualifying raw mean across overall and ALL genres; capped at 1.02; floor 0.005,0.0007425512806,0.01712596847,0.0163834171894,0,0.411317876124,0.411317876124,0.0398315223831
analysis/moving_averages/figures/detox_identity_attack/electronic_dance.png,moving_average_individual_genre,src/moving_average_analysis.py,equal-weight 12-month mean and rank-weighted 12-month mean,zero to 1.08 × maximum qualifying raw mean across overall and ALL genres; capped at 1.02; floor 0.005,0.00126186537,0.004136029453,0.002874164083,0,0.411317876124,0.411317876124,0.00698769552659
analysis/moving_averages/figures/detox_identity_attack/hip_hop_rap.png,moving_average_individual_genre,src/moving_average_analysis.py,equal-weight 12-month mean and rank-weighted 12-month mean,zero to 1.08 × maximum qualifying raw mean across overall and ALL genres; capped at 1.02; floor 0.005,0.01438814323,0.2484934731,0.23410532987,0,0.411317876124,0.411317876124,0.569159142987
analysis/moving_averages/figures/detox_identity_attack/major_genres.png,moving_average_major_genres,src/moving_average_analysis.py,equal-weight 12-month mean,zero to 1.08 × maximum qualifying raw mean across overall and ALL genres; capped at 1.02; floor 0.005,0.0005483060072,0.2419892394,0.241440933393,0,0.411317876124,0.411317876124,0.586993533245
analysis/moving_averages/figures/detox_identity_attack/overall.png,moving_average_overall,src/moving_average_analysis.py,equal-weight 12-month mean,zero to 1.08 × maximum qualifying raw mean across overall and ALL genres; capped at 1.02; floor 0.005,0.001369418954,0.07784089312,0.076471474166,0,0.411317876124,0.411317876124,0.185918187866
analysis/moving_averages/figures/detox_identity_attack/pop.png,moving_average_individual_genre,src/moving_average_analysis.py,equal-weight 12-month mean and rank-weighted 12-month mean,zero to 1.08 × maximum qualifying raw mean across overall and ALL genres; capped at 1.02; floor 0.005,0.0005289997756,0.01426470076,0.0137357009844,0,0.411317876124,0.411317876124,0.0333943691284
analysis/moving_averages/figures/detox_identity_attack/r_b_soul.png,moving_average_individual_genre,src/moving_average_analysis.py,equal-weight 12-month mean and rank-weighted 12-month mean,zero to 1.08 × maximum qualifying raw mean across overall and ALL genres; capped at 1.02; floor 0.005,0.00087779062,0.1145318754,0.11365408478,0,0.411317876124,0.411317876124,0.276316910539
analysis/moving_averages/figures/detox_identity_attack/rank_sensitivity.png,moving_average_rank_sensitivity,src/moving_average_analysis.py,equal-weight 12-month mean and rank-weighted 12-month mean,zero to 1.08 × maximum qualifying raw mean across overall and ALL genres; capped at 1.02; floor 0.005,0.001263643346,0.07784089312,0.076577249774,0,0.411317876124,0.411317876124,0.186175350548
analysis/moving_averages/figures/detox_identity_attack/rock.png,moving_average_individual_genre,src/moving_average_analysis.py,equal-weight 12-month mean and rank-weighted 12-month mean,zero to 1.08 × maximum qualifying raw mean across overall and ALL genres; capped at 1.02; floor 0.005,0.0009664080036,0.01047377195,0.0095073639464,0,0.411317876124,0.411317876124,0.0231143952118
analysis/moving_averages/figures/detox_insult/alternative_indie.png,moving_average_individual_genre,src/moving_average_analysis.py,equal-weight 12-month mean and rank-weighted 12-month mean,zero to 1.08 × maximum qualifying raw mean across overall and ALL genres; capped at 1.02; floor 0.005,0.005608564722,0.1455652922,0.139956727478,0,0.674875868364,0.674875868364,0.207381437148
analysis/moving_averages/figures/detox_insult/country.png,moving_average_individual_genre,src/moving_average_analysis.py,equal-weight 12-month mean and rank-weighted 12-month mean,zero to 1.08 × maximum qualifying raw mean across overall and ALL genres; capped at 1.02; floor 0.005,0.006213433328,0.05749969021,0.051286256882,0,0.674875868364,0.674875868364,0.0759936149537
analysis/moving_averages/figures/detox_insult/electronic_dance.png,moving_average_individual_genre,src/moving_average_analysis.py,equal-weight 12-month mean and rank-weighted 12-month mean,zero to 1.08 × maximum qualifying raw mean across overall and ALL genres; capped at 1.02; floor 0.005,0.002869682275,0.07149439319,0.068624710915,0,0.674875868364,0.674875868364,0.101684938123
analysis/moving_averages/figures/detox_insult/hip_hop_rap.png,moving_average_individual_genre,src/moving_average_analysis.py,equal-weight 12-month mean and rank-weighted 12-month mean,zero to 1.08 × maximum qualifying raw mean across overall and ALL genres; capped at 1.02; floor 0.005,0.06330675226,0.4696137418,0.40630698954,0,0.674875868364,0.674875868364,0.602046996472
analysis/moving_averages/figures/detox_insult/major_genres.png,moving_average_major_genres,src/moving_average_analysis.py,equal-weight 12-month mean,zero to 1.08 × maximum qualifying raw mean across overall and ALL genres; capped at 1.02; floor 0.005,0.003396593597,0.4539098908,0.450513297203,0,0.674875868364,0.674875868364,0.667549868534
analysis/moving_averages/figures/detox_insult/overall.png,moving_average_overall,src/moving_average_analysis.py,equal-weight 12-month mean,zero to 1.08 × maximum qualifying raw mean across overall and ALL genres; capped at 1.02; floor 0.005,0.01934022474,0.1966647453,0.17732452056,0,0.674875868364,0.674875868364,0.262751313052
analysis/moving_averages/figures/detox_insult/pop.png,moving_average_individual_genre,src/moving_average_analysis.py,equal-weight 12-month mean and rank-weighted 12-month mean,zero to 1.08 × maximum qualifying raw mean across overall and ALL genres; capped at 1.02; floor 0.005,0.003396593597,0.1351756638,0.131779070203,0,0.674875868364,0.674875868364,0.195264160982
analysis/moving_averages/figures/detox_insult/r_b_soul.png,moving_average_individual_genre,src/moving_average_analysis.py,equal-weight 12-month mean and rank-weighted 12-month mean,zero to 1.08 × maximum qualifying raw mean across overall and ALL genres; capped at 1.02; floor 0.005,0.006104623748,0.2538835131,0.247778889352,0,0.674875868364,0.674875868364,0.367147354005
analysis/moving_averages/figures/detox_insult/rank_sensitivity.png,moving_average_rank_sensitivity,src/moving_average_analysis.py,equal-weight 12-month mean and rank-weighted 12-month mean,zero to 1.08 × maximum qualifying raw mean across overall and ALL genres; capped at 1.02; floor 0.005,0.0161679115,0.197809665,0.1816417535,0,0.674875868364,0.674875868364,0.269148390119
analysis/moving_averages/figures/detox_insult/rock.png,moving_average_individual_genre,src/moving_average_analysis.py,equal-weight 12-month mean and rank-weighted 12-month mean,zero to 1.08 × maximum qualifying raw mean across overall and ALL genres; capped at 1.02; floor 0.005,0.004408917901,0.1394477047,0.135038786799,0,0.674875868364,0.674875868364,0.200094259003
analysis/moving_averages/figures/detox_obscene/alternative_indie.png,moving_average_individual_genre,src/moving_average_analysis.py,equal-weight 12-month mean and rank-weighted 12-month mean,zero to 1.08 × maximum qualifying raw mean across overall and ALL genres; capped at 1.02; floor 0.005,0.003752687369,0.1385915614,0.134838874031,0,0.9094463487,0.9094463487,0.148264792336
analysis/moving_averages/figures/detox_obscene/country.png,moving_average_individual_genre,src/moving_average_analysis.py,equal-weight 12-month mean and rank-weighted 12-month mean,zero to 1.08 × maximum qualifying raw mean across overall and ALL genres; capped at 1.02; floor 0.005,0.0008422500083,0.1834095547,0.182567304692,0,0.9094463487,0.9094463487,0.20074554695
analysis/moving_averages/figures/detox_obscene/electronic_dance.png,moving_average_individual_genre,src/moving_average_analysis.py,equal-weight 12-month mean and rank-weighted 12-month mean,zero to 1.08 × maximum qualifying raw mean across overall and ALL genres; capped at 1.02; floor 0.005,0.003262972872,0.1787651384,0.175502165528,0,0.9094463487,0.9094463487,0.192976931271
analysis/moving_averages/figures/detox_obscene/hip_hop_rap.png,moving_average_individual_genre,src/moving_average_analysis.py,equal-weight 12-month mean and rank-weighted 12-month mean,zero to 1.08 × maximum qualifying raw mean across overall and ALL genres; capped at 1.02; floor 0.005,0.08147068118,0.7422990849,0.66082840372,0,0.9094463487,0.9094463487,0.726627144817
analysis/moving_averages/figures/detox_obscene/major_genres.png,moving_average_major_genres,src/moving_average_analysis.py,equal-weight 12-month mean,zero to 1.08 × maximum qualifying raw mean across overall and ALL genres; capped at 1.02; floor 0.005,0.001087106139,0.7422990849,0.741211978761,0,0.9094463487,0.9094463487,0.815014519351
analysis/moving_averages/figures/detox_obscene/overall.png,moving_average_overall,src/moving_average_analysis.py,equal-weight 12-month mean,zero to 1.08 × maximum qualifying raw mean across overall and ALL genres; capped at 1.02; floor 0.005,0.005174393634,0.3492078827,0.344033489066,0,0.9094463487,0.9094463487,0.378288933215
analysis/moving_averages/figures/detox_obscene/pop.png,moving_average_individual_genre,src/moving_average_analysis.py,equal-weight 12-month mean and rank-weighted 12-month mean,zero to 1.08 × maximum qualifying raw mean across overall and ALL genres; capped at 1.02; floor 0.005,0.001368600341,0.2448744261,0.243505825759,0,0.9094463487,0.9094463487,0.267751721811
analysis/moving_averages/figures/detox_obscene/r_b_soul.png,moving_average_individual_genre,src/moving_average_analysis.py,equal-weight 12-month mean and rank-weighted 12-month mean,zero to 1.08 × maximum qualifying raw mean across overall and ALL genres; capped at 1.02; floor 0.005,0.0036518756,0.4613357049,0.4576838293,0,0.9094463487,0.9094463487,0.503255447618
analysis/moving_averages/figures/detox_obscene/rank_sensitivity.png,moving_average_rank_sensitivity,src/moving_average_analysis.py,equal-weight 12-month mean and rank-weighted 12-month mean,zero to 1.08 × maximum qualifying raw mean across overall and ALL genres; capped at 1.02; floor 0.005,0.004658532214,0.3492078827,0.344549350486,0,0.9094463487,0.9094463487,0.378856159001
analysis/moving_averages/figures/detox_obscene/rock.png,moving_average_individual_genre,src/moving_average_analysis.py,equal-weight 12-month mean and rank-weighted 12-month mean,zero to 1.08 × maximum qualifying raw mean across overall and ALL genres; capped at 1.02; floor 0.005,0.003175834568,0.1916452516,0.188469417032,0,0.9094463487,0.9094463487,0.207235333125
analysis/moving_averages/figures/detox_severe_toxicity/alternative_indie.png,moving_average_individual_genre,src/moving_average_analysis.py,equal-weight 12-month mean and rank-weighted 12-month mean,zero to 1.08 × maximum qualifying raw mean across overall and ALL genres; capped at 1.02; floor 0.005,2.673684909e-05,0.009741005363,0.00971426851391,0,0.171985063536,0.171985063536,0.0564832103102
analysis/moving_averages/figures/detox_severe_toxicity/country.png,moving_average_individual_genre,src/moving_average_analysis.py,equal-weight 12-month mean and rank-weighted 12-month mean,zero to 1.08 × maximum qualifying raw mean across overall and ALL genres; capped at 1.02; floor 0.005,2.183606131e-05,0.0006212273228,0.00059939126149,0,0.171985063536,0.171985063536,0.00348513556449
analysis/moving_averages/figures/detox_severe_toxicity/electronic_dance.png,moving_average_individual_genre,src/moving_average_analysis.py,equal-weight 12-month mean and rank-weighted 12-month mean,zero to 1.08 × maximum qualifying raw mean across overall and ALL genres; capped at 1.02; floor 0.005,5.915500418e-05,0.005392979634,0.00533382462982,0,0.171985063536,0.171985063536,0.0310133015051
analysis/moving_averages/figures/detox_severe_toxicity/hip_hop_rap.png,moving_average_individual_genre,src/moving_average_analysis.py,equal-weight 12-month mean and rank-weighted 12-month mean,zero to 1.08 × maximum qualifying raw mean across overall and ALL genres; capped at 1.02; floor 0.005,0.003342833189,0.09115948556,0.087816652371,0,0.171985063536,0.171985063536,0.510606273391
analysis/moving_averages/figures/detox_severe_toxicity/major_genres.png,moving_average_major_genres,src/moving_average_analysis.py,equal-weight 12-month mean,zero to 1.08 × maximum qualifying raw mean across overall and ALL genres; capped at 1.02; floor 0.005,2.379149851e-05,0.08798417989,0.0879603883915,0,0.171985063536,0.171985063536,0.511442020505
analysis/moving_averages/figures/detox_severe_toxicity/overall.png,moving_average_overall,src/moving_average_analysis.py,equal-weight 12-month mean,zero to 1.08 × maximum qualifying raw mean across overall and ALL genres; capped at 1.02; floor 0.005,4.629649271e-05,0.02754381712,0.0274975206273,0,0.171985063536,0.171985063536,0.159883190214
analysis/moving_averages/figures/detox_severe_toxicity/pop.png,moving_average_individual_genre,src/moving_average_analysis.py,equal-weight 12-month mean and rank-weighted 12-month mean,zero to 1.08 × maximum qualifying raw mean across overall and ALL genres; capped at 1.02; floor 0.005,2.139900983e-05,0.009627355452,0.00960595644217,0,0.171985063536,0.171985063536,0.0558534342731
analysis/moving_averages/figures/detox_severe_toxicity/r_b_soul.png,moving_average_individual_genre,src/moving_average_analysis.py,equal-weight 12-month mean and rank-weighted 12-month mean,zero to 1.08 × maximum qualifying raw mean across overall and ALL genres; capped at 1.02; floor 0.005,4.160931914e-05,0.04264658574,0.0426049764209,0,0.171985063536,0.171985063536,0.247724863688
analysis/moving_averages/figures/detox_severe_toxicity/rank_sensitivity.png,moving_average_rank_sensitivity,src/moving_average_analysis.py,equal-weight 12-month mean and rank-weighted 12-month mean,zero to 1.08 × maximum qualifying raw mean across overall and ALL genres; capped at 1.02; floor 0.005,4.072228156e-05,0.02761490618,0.0275741838984,0,0.171985063536,0.171985063536,0.160328945616
analysis/moving_averages/figures/detox_severe_toxicity/rock.png,moving_average_individual_genre,src/moving_average_analysis.py,equal-weight 12-month mean and rank-weighted 12-month mean,zero to 1.08 × maximum qualifying raw mean across overall and ALL genres; capped at 1.02; floor 0.005,3.781629674e-05,0.01492679993,0.0148889836333,0,0.171985063536,0.171985063536,0.0865713761832
analysis/moving_averages/figures/detox_sexual_explicit/alternative_indie.png,moving_average_individual_genre,src/moving_average_analysis.py,equal-weight 12-month mean and rank-weighted 12-month mean,zero to 1.08 × maximum qualifying raw mean across overall and ALL genres; capped at 1.02; floor 0.005,0.0008894451286,0.09088070017,0.0899912550414,0,0.358797921732,0.358797921732,0.250813200386
analysis/moving_averages/figures/detox_sexual_explicit/country.png,moving_average_individual_genre,src/moving_average_analysis.py,equal-weight 12-month mean and rank-weighted 12-month mean,zero to 1.08 × maximum qualifying raw mean across overall and ALL genres; capped at 1.02; floor 0.005,0.0005448026851,0.02624713288,0.0257023301949,0,0.358797921732,0.358797921732,0.0716345570533
analysis/moving_averages/figures/detox_sexual_explicit/electronic_dance.png,moving_average_individual_genre,src/moving_average_analysis.py,equal-weight 12-month mean and rank-weighted 12-month mean,zero to 1.08 × maximum qualifying raw mean across overall and ALL genres; capped at 1.02; floor 0.005,0.00161161116,0.08505158326,0.0834399721,0,0.358797921732,0.358797921732,0.232554223551
analysis/moving_averages/figures/detox_sexual_explicit/hip_hop_rap.png,moving_average_individual_genre,src/moving_average_analysis.py,equal-weight 12-month mean and rank-weighted 12-month mean,zero to 1.08 × maximum qualifying raw mean across overall and ALL genres; capped at 1.02; floor 0.005,0.03662518036,0.1874917691,0.15086658874,0,0.358797921732,0.358797921732,0.420477877942
analysis/moving_averages/figures/detox_sexual_explicit/major_genres.png,moving_average_major_genres,src/moving_average_analysis.py,equal-weight 12-month mean,zero to 1.08 × maximum qualifying raw mean across overall and ALL genres; capped at 1.02; floor 0.005,0.0005778443528,0.1785680855,0.177990241147,0,0.358797921732,0.358797921732,0.496073779603
analysis/moving_averages/figures/detox_sexual_explicit/overall.png,moving_average_overall,src/moving_average_analysis.py,equal-weight 12-month mean,zero to 1.08 × maximum qualifying raw mean across overall and ALL genres; capped at 1.02; floor 0.005,0.002315356484,0.0662454644,0.063930107916,0,0.358797921732,0.358797921732,0.178178590354
analysis/moving_averages/figures/detox_sexual_explicit/pop.png,moving_average_individual_genre,src/moving_average_analysis.py,equal-weight 12-month mean and rank-weighted 12-month mean,zero to 1.08 × maximum qualifying raw mean across overall and ALL genres; capped at 1.02; floor 0.005,0.0007580402177,0.06000976119,0.0592517209723,0,0.358797921732,0.358797921732,0.165139532265
analysis/moving_averages/figures/detox_sexual_explicit/r_b_soul.png,moving_average_individual_genre,src/moving_average_analysis.py,equal-weight 12-month mean and rank-weighted 12-month mean,zero to 1.08 × maximum qualifying raw mean across overall and ALL genres; capped at 1.02; floor 0.005,0.001497957138,0.1502300355,0.148732078362,0,0.358797921732,0.358797921732,0.414528817904
analysis/moving_averages/figures/detox_sexual_explicit/rank_sensitivity.png,moving_average_rank_sensitivity,src/moving_average_analysis.py,equal-weight 12-month mean and rank-weighted 12-month mean,zero to 1.08 × maximum qualifying raw mean across overall and ALL genres; capped at 1.02; floor 0.005,0.002125611674,0.06858036224,0.066454750566,0,0.358797921732,0.358797921732,0.185214981863
analysis/moving_averages/figures/detox_sexual_explicit/rock.png,moving_average_individual_genre,src/moving_average_analysis.py,equal-weight 12-month mean and rank-weighted 12-month mean,zero to 1.08 × maximum qualifying raw mean across overall and ALL genres; capped at 1.02; floor 0.005,0.001078217551,0.06127555549,0.060197337939,0,0.358797921732,0.358797921732,0.167775046322
analysis/moving_averages/figures/detox_threat/alternative_indie.png,moving_average_individual_genre,src/moving_average_analysis.py,equal-weight 12-month mean and rank-weighted 12-month mean,zero to 1.08 × maximum qualifying raw mean across overall and ALL genres; capped at 1.02; floor 0.005,0.000595234988,0.02217916927,0.021583934282,0,0.1333287054,0.1333287054,0.161885126067
analysis/moving_averages/figures/detox_threat/country.png,moving_average_individual_genre,src/moving_average_analysis.py,equal-weight 12-month mean and rank-weighted 12-month mean,zero to 1.08 × maximum qualifying raw mean across overall and ALL genres; capped at 1.02; floor 0.005,0.0002249294265,0.01870067216,0.0184757427335,0,0.1333287054,0.1333287054,0.138572880297
analysis/moving_averages/figures/detox_threat/electronic_dance.png,moving_average_individual_genre,src/moving_average_analysis.py,equal-weight 12-month mean and rank-weighted 12-month mean,zero to 1.08 × maximum qualifying raw mean across overall and ALL genres; capped at 1.02; floor 0.005,0.0003344244862,0.04265338647,0.0423189619838,0,0.1333287054,0.1333287054,0.317403231786
analysis/moving_averages/figures/detox_threat/hip_hop_rap.png,moving_average_individual_genre,src/moving_average_analysis.py,equal-weight 12-month mean and rank-weighted 12-month mean,zero to 1.08 × maximum qualifying raw mean across overall and ALL genres; capped at 1.02; floor 0.005,0.002216902192,0.02495508564,0.022738183448,0,0.1333287054,0.1333287054,0.170542295298
analysis/moving_averages/figures/detox_threat/major_genres.png,moving_average_major_genres,src/moving_average_analysis.py,equal-weight 12-month mean,zero to 1.08 × maximum qualifying raw mean across overall and ALL genres; capped at 1.02; floor 0.005,0.0002435508351,0.02876200845,0.0285184576149,0,0.1333287054,0.1333287054,0.21389585633
analysis/moving_averages/figures/detox_threat/overall.png,moving_average_overall,src/moving_average_analysis.py,equal-weight 12-month mean,zero to 1.08 × maximum qualifying raw mean across overall and ALL genres; capped at 1.02; floor 0.005,0.001514583094,0.01498749523,0.013472912136,0,0.1333287054,0.1333287054,0.101050348427
analysis/moving_averages/figures/detox_threat/pop.png,moving_average_individual_genre,src/moving_average_analysis.py,equal-weight 12-month mean and rank-weighted 12-month mean,zero to 1.08 × maximum qualifying raw mean across overall and ALL genres; capped at 1.02; floor 0.005,0.0003026191663,0.02412036374,0.0238177445737,0,0.1333287054,0.1333287054,0.178639284783
analysis/moving_averages/figures/detox_threat/r_b_soul.png,moving_average_individual_genre,src/moving_average_analysis.py,equal-weight 12-month mean and rank-weighted 12-month mean,zero to 1.08 × maximum qualifying raw mean across overall and ALL genres; capped at 1.02; floor 0.005,0.0003551969771,0.02103976725,0.0206845702729,0,0.1333287054,0.1333287054,0.155139661867
analysis/moving_averages/figures/detox_threat/rank_sensitivity.png,moving_average_rank_sensitivity,src/moving_average_analysis.py,equal-weight 12-month mean and rank-weighted 12-month mean,zero to 1.08 × maximum qualifying raw mean across overall and ALL genres; capped at 1.02; floor 0.005,0.001222201784,0.01498749523,0.013765293446,0,0.1333287054,0.1333287054,0.103243284368
analysis/moving_averages/figures/detox_threat/rock.png,moving_average_individual_genre,src/moving_average_analysis.py,equal-weight 12-month mean and rank-weighted 12-month mean,zero to 1.08 × maximum qualifying raw mean across overall and ALL genres; capped at 1.02; floor 0.005,0.0006694874778,0.02876200845,0.0280925209722,0,0.1333287054,0.1333287054,0.210701220626
analysis/moving_averages/figures/detox_toxicity/alternative_indie.png,moving_average_individual_genre,src/moving_average_analysis.py,equal-weight 12-month mean and rank-weighted 12-month mean,zero to 1.08 × maximum qualifying raw mean across overall and ALL genres; capped at 1.02; floor 0.005,0.0261520086,0.2704472371,0.2442952285,0,0.994204744272,0.994204744272,0.2457192343
analysis/moving_averages/figures/detox_toxicity/country.png,moving_average_individual_genre,src/moving_average_analysis.py,equal-weight 12-month mean and rank-weighted 12-month mean,zero to 1.08 × maximum qualifying raw mean across overall and ALL genres; capped at 1.02; floor 0.005,0.02348094166,0.2648941632,0.24141322154,0,0.994204744272,0.994204744272,0.242820428016
analysis/moving_averages/figures/detox_toxicity/electronic_dance.png,moving_average_individual_genre,src/moving_average_analysis.py,equal-weight 12-month mean and rank-weighted 12-month mean,zero to 1.08 × maximum qualifying raw mean across overall and ALL genres; capped at 1.02; floor 0.005,0.06336004702,0.2588462977,0.19548625068,0,0.994204744272,0.994204744272,0.196625747168
analysis/moving_averages/figures/detox_toxicity/hip_hop_rap.png,moving_average_individual_genre,src/moving_average_analysis.py,equal-weight 12-month mean and rank-weighted 12-month mean,zero to 1.08 × maximum qualifying raw mean across overall and ALL genres; capped at 1.02; floor 0.005,0.2012618226,0.8283219337,0.6270601111,0,0.994204744272,0.994204744272,0.630715267366
analysis/moving_averages/figures/detox_toxicity/major_genres.png,moving_average_major_genres,src/moving_average_analysis.py,equal-weight 12-month mean,zero to 1.08 × maximum qualifying raw mean across overall and ALL genres; capped at 1.02; floor 0.005,0.01872488337,0.8258099984,0.80708511503,0,0.994204744272,0.994204744272,0.811789643612
analysis/moving_averages/figures/detox_toxicity/overall.png,moving_average_overall,src/moving_average_analysis.py,equal-weight 12-month mean,zero to 1.08 × maximum qualifying raw mean across overall and ALL genres; capped at 1.02; floor 0.005,0.05217071156,0.431305919,0.37913520744,0,0.994204744272,0.994204744272,0.381345200397
analysis/moving_averages/figures/detox_toxicity/pop.png,moving_average_individual_genre,src/moving_average_analysis.py,equal-weight 12-month mean and rank-weighted 12-month mean,zero to 1.08 × maximum qualifying raw mean across overall and ALL genres; capped at 1.02; floor 0.005,0.01512449673,0.3609201736,0.34579567687,0,0.994204744272,0.994204744272,0.347811332487
analysis/moving_averages/figures/detox_toxicity/r_b_soul.png,moving_average_individual_genre,src/moving_average_analysis.py,equal-weight 12-month mean and rank-weighted 12-month mean,zero to 1.08 × maximum qualifying raw mean across overall and ALL genres; capped at 1.02; floor 0.005,0.02946619861,0.5416221281,0.51215592949,0,0.994204744272,0.994204744272,0.515141305089
analysis/moving_averages/figures/detox_toxicity/rank_sensitivity.png,moving_average_rank_sensitivity,src/moving_average_analysis.py,equal-weight 12-month mean and rank-weighted 12-month mean,zero to 1.08 × maximum qualifying raw mean across overall and ALL genres; capped at 1.02; floor 0.005,0.05054598725,0.4333969058,0.38285091855,0,0.994204744272,0.994204744272,0.385082570523
analysis/moving_averages/figures/detox_toxicity/rock.png,moving_average_individual_genre,src/moving_average_analysis.py,equal-weight 12-month mean and rank-weighted 12-month mean,zero to 1.08 × maximum qualifying raw mean across overall and ALL genres; capped at 1.02; floor 0.005,0.03407933968,0.2972778659,0.26319852622,0,0.994204744272,0.994204744272,0.264732720032
analysis/moving_averages/figures/emotion_admiration/alternative_indie.png,moving_average_individual_genre,src/moving_average_analysis.py,equal-weight 12-month mean and rank-weighted 12-month mean,zero to 1.08 × maximum qualifying raw mean across overall and ALL genres; capped at 1.02; floor 0.005,0.003237549866,0.08543165213,0.082194102264,0,0.371170132596,0.371170132596,0.221445895146
analysis/moving_averages/figures/emotion_admiration/country.png,moving_average_individual_genre,src/moving_average_analysis.py,equal-weight 12-month mean and rank-weighted 12-month mean,zero to 1.08 × maximum qualifying raw mean across overall and ALL genres; capped at 1.02; floor 0.005,0.00572874457,0.08614014696,0.08041140239,0,0.371170132596,0.371170132596,0.216642976706
analysis/moving_averages/figures/emotion_admiration/electronic_dance.png,moving_average_individual_genre,src/moving_average_analysis.py,equal-weight 12-month mean and rank-weighted 12-month mean,zero to 1.08 × maximum qualifying raw mean across overall and ALL genres; capped at 1.02; floor 0.005,0.006376589279,0.04687670406,0.040500114781,0,0.371170132596,0.371170132596,0.109114692224
analysis/moving_averages/figures/emotion_admiration/hip_hop_rap.png,moving_average_individual_genre,src/moving_average_analysis.py,equal-weight 12-month mean and rank-weighted 12-month mean,zero to 1.08 × maximum qualifying raw mean across overall and ALL genres; capped at 1.02; floor 0.005,0.004391339341,0.0622291158,0.057837776459,0,0.371170132596,0.371170132596,0.155825513369
analysis/moving_averages/figures/emotion_admiration/major_genres.png,moving_average_major_genres,src/moving_average_analysis.py,equal-weight 12-month mean,zero to 1.08 × maximum qualifying raw mean across overall and ALL genres; capped at 1.02; floor 0.005,0.002975416837,0.1234559309,0.120480514063,0,0.371170132596,0.371170132596,0.324596467987
analysis/moving_averages/figures/emotion_admiration/overall.png,moving_average_overall,src/moving_average_analysis.py,equal-weight 12-month mean,zero to 1.08 × maximum qualifying raw mean across overall and ALL genres; capped at 1.02; floor 0.005,0.0138926249,0.04299017204,0.02909754714,0,0.371170132596,0.371170132596,0.0783940963582
analysis/moving_averages/figures/emotion_admiration/pop.png,moving_average_individual_genre,src/moving_average_analysis.py,equal-weight 12-month mean and rank-weighted 12-month mean,zero to 1.08 × maximum qualifying raw mean across overall and ALL genres; capped at 1.02; floor 0.005,0.00827194967,0.1162075295,0.10793557983,0,0.371170132596,0.371170132596,0.290798128274
analysis/moving_averages/figures/emotion_admiration/r_b_soul.png,moving_average_individual_genre,src/moving_average_analysis.py,equal-weight 12-month mean and rank-weighted 12-month mean,zero to 1.08 × maximum qualifying raw mean across overall and ALL genres; capped at 1.02; floor 0.005,0.006732413599,0.1234559309,0.116723517301,0,0.371170132596,0.371170132596,0.314474433825
analysis/moving_averages/figures/emotion_admiration/rank_sensitivity.png,moving_average_rank_sensitivity,src/moving_average_analysis.py,equal-weight 12-month mean and rank-weighted 12-month mean,zero to 1.08 × maximum qualifying raw mean across overall and ALL genres; capped at 1.02; floor 0.005,0.01385507602,0.05060380949,0.03674873347,0,0.371170132596,0.371170132596,0.0990077871109
analysis/moving_averages/figures/emotion_admiration/rock.png,moving_average_individual_genre,src/moving_average_analysis.py,equal-weight 12-month mean and rank-weighted 12-month mean,zero to 1.08 × maximum qualifying raw mean across overall and ALL genres; capped at 1.02; floor 0.005,0.002627233008,0.08230058946,0.079673356452,0,0.371170132596,0.371170132596,0.214654546406
analysis/moving_averages/figures/emotion_amusement/alternative_indie.png,moving_average_individual_genre,src/moving_average_analysis.py,equal-weight 12-month mean and rank-weighted 12-month mean,zero to 1.08 × maximum qualifying raw mean across overall and ALL genres; capped at 1.02; floor 0.005,0.001825078046,0.09188190136,0.090056823314,0,0.404249624532,0.404249624532,0.222775280047
analysis/moving_averages/figures/emotion_amusement/country.png,moving_average_individual_genre,src/moving_average_analysis.py,equal-weight 12-month mean and rank-weighted 12-month mean,zero to 1.08 × maximum qualifying raw mean across overall and ALL genres; capped at 1.02; floor 0.005,0.00254737596,0.06745283438,0.06490545842,0,0.404249624532,0.404249624532,0.160557869398
analysis/moving_averages/figures/emotion_amusement/electronic_dance.png,moving_average_individual_genre,src/moving_average_analysis.py,equal-weight 12-month mean and rank-weighted 12-month mean,zero to 1.08 × maximum qualifying raw mean across overall and ALL genres; capped at 1.02; floor 0.005,0.002193239263,0.08442537366,0.082232134397,0,0.404249624532,0.404249624532,0.203419197958
analysis/moving_averages/figures/emotion_amusement/hip_hop_rap.png,moving_average_individual_genre,src/moving_average_analysis.py,equal-weight 12-month mean and rank-weighted 12-month mean,zero to 1.08 × maximum qualifying raw mean across overall and ALL genres; capped at 1.02; floor 0.005,0.01033290993,0.07976747958,0.06943456965,0,0.404249624532,0.404249624532,0.17176161816
analysis/moving_averages/figures/emotion_amusement/major_genres.png,moving_average_major_genres,src/moving_average_analysis.py,equal-weight 12-month mean,zero to 1.08 × maximum qualifying raw mean across overall and ALL genres; capped at 1.02; floor 0.005,0.001840647281,0.07933025674,0.077489609459,0,0.404249624532,0.404249624532,0.19168752364
analysis/moving_averages/figures/emotion_amusement/overall.png,moving_average_overall,src/moving_average_analysis.py,equal-weight 12-month mean,zero to 1.08 × maximum qualifying raw mean across overall and ALL genres; capped at 1.02; floor 0.005,0.006542169965,0.03589128669,0.029349116725,0,0.404249624532,0.404249624532,0.0726014693495
analysis/moving_averages/figures/emotion_amusement/pop.png,moving_average_individual_genre,src/moving_average_analysis.py,equal-weight 12-month mean and rank-weighted 12-month mean,zero to 1.08 × maximum qualifying raw mean across overall and ALL genres; capped at 1.02; floor 0.005,0.002033170892,0.07128010401,0.069246933118,0,0.404249624532,0.404249624532,0.171297458095
analysis/moving_averages/figures/emotion_amusement/r_b_soul.png,moving_average_individual_genre,src/moving_average_analysis.py,equal-weight 12-month mean and rank-weighted 12-month mean,zero to 1.08 × maximum qualifying raw mean across overall and ALL genres; capped at 1.02; floor 0.005,0.002240736993,0.05082832397,0.048587586977,0,0.404249624532,0.404249624532,0.12019203984
analysis/moving_averages/figures/emotion_amusement/rank_sensitivity.png,moving_average_rank_sensitivity,src/moving_average_analysis.py,equal-weight 12-month mean and rank-weighted 12-month mean,zero to 1.08 × maximum qualifying raw mean across overall and ALL genres; capped at 1.02; floor 0.005,0.005690789016,0.04082689798,0.035136108964,0,0.404249624532,0.404249624532,0.086916862334
analysis/moving_averages/figures/emotion_amusement/rock.png,moving_average_individual_genre,src/moving_average_analysis.py,equal-weight 12-month mean and rank-weighted 12-month mean,zero to 1.08 × maximum qualifying raw mean across overall and ALL genres; capped at 1.02; floor 0.005,0.001840647281,0.04736311675,0.045522469469,0,0.404249624532,0.404249624532,0.112609800248
analysis/moving_averages/figures/emotion_anger/alternative_indie.png,moving_average_individual_genre,src/moving_average_analysis.py,equal-weight 12-month mean and rank-weighted 12-month mean,zero to 1.08 × maximum qualifying raw mean across overall and ALL genres; capped at 1.02; floor 0.005,0.004823336405,0.07269792483,0.067874588425,0,0.23755070286,0.23755070286,0.285726742156
analysis/moving_averages/figures/emotion_anger/country.png,moving_average_individual_genre,src/moving_average_analysis.py,equal-weight 12-month mean and rank-weighted 12-month mean,zero to 1.08 × maximum qualifying raw mean across overall and ALL genres; capped at 1.02; floor 0.005,0.003580461724,0.03625566743,0.032675205706,0,0.23755070286,0.23755070286,0.137550448442
analysis/moving_averages/figures/emotion_anger/electronic_dance.png,moving_average_individual_genre,src/moving_average_analysis.py,equal-weight 12-month mean and rank-weighted 12-month mean,zero to 1.08 × maximum qualifying raw mean across overall and ALL genres; capped at 1.02; floor 0.005,0.005788633257,0.04617177755,0.040383144293,0,0.23755070286,0.23755070286,0.169997999614
analysis/moving_averages/figures/emotion_anger/hip_hop_rap.png,moving_average_individual_genre,src/moving_average_analysis.py,equal-weight 12-month mean and rank-weighted 12-month mean,zero to 1.08 × maximum qualifying raw mean across overall and ALL genres; capped at 1.02; floor 0.005,0.01583127938,0.1310931342,0.11526185482,0,0.23755070286,0.23755070286,0.485209487626
analysis/moving_averages/figures/emotion_anger/major_genres.png,moving_average_major_genres,src/moving_average_analysis.py,equal-weight 12-month mean,zero to 1.08 × maximum qualifying raw mean across overall and ALL genres; capped at 1.02; floor 0.005,0.004057814927,0.1310931342,0.127035319273,0,0.23755070286,0.23755070286,0.534771388775
analysis/moving_averages/figures/emotion_anger/overall.png,moving_average_overall,src/moving_average_analysis.py,equal-weight 12-month mean,zero to 1.08 × maximum qualifying raw mean across overall and ALL genres; capped at 1.02; floor 0.005,0.007249986908,0.05964092549,0.052390938582,0,0.23755070286,0.23755070286,0.220546342112
analysis/moving_averages/figures/emotion_anger/pop.png,moving_average_individual_genre,src/moving_average_analysis.py,equal-weight 12-month mean and rank-weighted 12-month mean,zero to 1.08 × maximum qualifying raw mean across overall and ALL genres; capped at 1.02; floor 0.005,0.005291774111,0.0532103147,0.047918540589,0,0.23755070286,0.23755070286,0.201719211992
analysis/moving_averages/figures/emotion_anger/r_b_soul.png,moving_average_individual_genre,src/moving_average_analysis.py,equal-weight 12-month mean and rank-weighted 12-month mean,zero to 1.08 × maximum qualifying raw mean across overall and ALL genres; capped at 1.02; floor 0.005,0.005511989431,0.06729229204,0.061780302609,0,0.23755070286,0.23755070286,0.260072068258
analysis/moving_averages/figures/emotion_anger/rank_sensitivity.png,moving_average_rank_sensitivity,src/moving_average_analysis.py,equal-weight 12-month mean and rank-weighted 12-month mean,zero to 1.08 × maximum qualifying raw mean across overall and ALL genres; capped at 1.02; floor 0.005,0.007120933185,0.05964092549,0.052519992305,0,0.23755070286,0.23755070286,0.221089610229
analysis/moving_averages/figures/emotion_anger/rock.png,moving_average_individual_genre,src/moving_average_analysis.py,equal-weight 12-month mean and rank-weighted 12-month mean,zero to 1.08 × maximum qualifying raw mean across overall and ALL genres; capped at 1.02; floor 0.005,0.004918818076,0.04697226734,0.042053449264,0,0.23755070286,0.23755070286,0.177029361554
analysis/moving_averages/figures/emotion_annoyance/alternative_indie.png,moving_average_individual_genre,src/moving_average_analysis.py,equal-weight 12-month mean and rank-weighted 12-month mean,zero to 1.08 × maximum qualifying raw mean across overall and ALL genres; capped at 1.02; floor 0.005,0.02814082746,0.127646304,0.09950547654,0,0.33149246868,0.33149246868,0.300174169676
analysis/moving_averages/figures/emotion_annoyance/country.png,moving_average_individual_genre,src/moving_average_analysis.py,equal-weight 12-month mean and rank-weighted 12-month mean,zero to 1.08 × maximum qualifying raw mean across overall and ALL genres; capped at 1.02; floor 0.005,0.01512193307,0.1588658389,0.14374390583,0,0.33149246868,0.33149246868,0.433626460361
analysis/moving_averages/figures/emotion_annoyance/electronic_dance.png,moving_average_individual_genre,src/moving_average_analysis.py,equal-weight 12-month mean and rank-weighted 12-month mean,zero to 1.08 × maximum qualifying raw mean across overall and ALL genres; capped at 1.02; floor 0.005,0.015120596,0.05564791991,0.04052732391,0,0.33149246868,0.33149246868,0.122257148319
analysis/moving_averages/figures/emotion_annoyance/hip_hop_rap.png,moving_average_individual_genre,src/moving_average_analysis.py,equal-weight 12-month mean and rank-weighted 12-month mean,zero to 1.08 × maximum qualifying raw mean across overall and ALL genres; capped at 1.02; floor 0.005,0.04345683215,0.1884792784,0.14502244625,0,0.33149246868,0.33149246868,0.437483381832
analysis/moving_averages/figures/emotion_annoyance/major_genres.png,moving_average_major_genres,src/moving_average_analysis.py,equal-weight 12-month mean,zero to 1.08 × maximum qualifying raw mean across overall and ALL genres; capped at 1.02; floor 0.005,0.01292899733,0.1884792784,0.17555028107,0,0.33149246868,0.33149246868,0.529575473521
analysis/moving_averages/figures/emotion_annoyance/overall.png,moving_average_overall,src/moving_average_analysis.py,equal-weight 12-month mean,zero to 1.08 × maximum qualifying raw mean across overall and ALL genres; capped at 1.02; floor 0.005,0.01893121874,0.1116899663,0.09275874756,0,0.33149246868,0.33149246868,0.279821583668
analysis/moving_averages/figures/emotion_annoyance/pop.png,moving_average_individual_genre,src/moving_average_analysis.py,equal-weight 12-month mean and rank-weighted 12-month mean,zero to 1.08 × maximum qualifying raw mean across overall and ALL genres; capped at 1.02; floor 0.005,0.01205038694,0.1547361498,0.14268576286,0,0.33149246868,0.33149246868,0.430434403014
analysis/moving_averages/figures/emotion_annoyance/r_b_soul.png,moving_average_individual_genre,src/moving_average_analysis.py,equal-weight 12-month mean and rank-weighted 12-month mean,zero to 1.08 × maximum qualifying raw mean across overall and ALL genres; capped at 1.02; floor 0.005,0.01352893686,0.1055504888,0.09202155194,0,0.33149246868,0.33149246868,0.277597715286
analysis/moving_averages/figures/emotion_annoyance/rank_sensitivity.png,moving_average_rank_sensitivity,src/moving_average_analysis.py,equal-weight 12-month mean and rank-weighted 12-month mean,zero to 1.08 × maximum qualifying raw mean across overall and ALL genres; capped at 1.02; floor 0.005,0.01832985955,0.1197506933,0.10142083375,0,0.33149246868,0.33149246868,0.30595215075
analysis/moving_averages/figures/emotion_annoyance/rock.png,moving_average_individual_genre,src/moving_average_analysis.py,equal-weight 12-month mean and rank-weighted 12-month mean,zero to 1.08 × maximum qualifying raw mean across overall and ALL genres; capped at 1.02; floor 0.005,0.01611898942,0.09696555593,0.08084656651,0,0.33149246868,0.33149246868,0.243886586117
analysis/moving_averages/figures/emotion_approval/alternative_indie.png,moving_average_individual_genre,src/moving_average_analysis.py,equal-weight 12-month mean and rank-weighted 12-month mean,zero to 1.08 × maximum qualifying raw mean across overall and ALL genres; capped at 1.02; floor 0.005,0.02837541563,0.1069790232,0.07860360757,0,0.363464784576,0.363464784576,0.216261962384
analysis/moving_averages/figures/emotion_approval/country.png,moving_average_individual_genre,src/moving_average_analysis.py,equal-weight 12-month mean and rank-weighted 12-month mean,zero to 1.08 × maximum qualifying raw mean across overall and ALL genres; capped at 1.02; floor 0.005,0.02500736892,0.1073700105,0.08236264158,0,0.363464784576,0.363464784576,0.226604185812
analysis/moving_averages/figures/emotion_approval/electronic_dance.png,moving_average_individual_genre,src/moving_average_analysis.py,equal-weight 12-month mean and rank-weighted 12-month mean,zero to 1.08 × maximum qualifying raw mean across overall and ALL genres; capped at 1.02; floor 0.005,0.02216943865,0.07267176736,0.05050232871,0,0.363464784576,0.363464784576,0.138946965024
analysis/moving_averages/figures/emotion_approval/hip_hop_rap.png,moving_average_individual_genre,src/moving_average_analysis.py,equal-weight 12-month mean and rank-weighted 12-month mean,zero to 1.08 × maximum qualifying raw mean across overall and ALL genres; capped at 1.02; floor 0.005,0.02209781351,0.07393056902,0.05183275551,0,0.363464784576,0.363464784576,0.142607365857
analysis/moving_averages/figures/emotion_approval/major_genres.png,moving_average_major_genres,src/moving_average_analysis.py,equal-weight 12-month mean,zero to 1.08 × maximum qualifying raw mean across overall and ALL genres; capped at 1.02; floor 0.005,0.02082245393,0.09977297496,0.07895052103,0,0.363464784576,0.363464784576,0.217216424755
analysis/moving_averages/figures/emotion_approval/overall.png,moving_average_overall,src/moving_average_analysis.py,equal-weight 12-month mean,zero to 1.08 × maximum qualifying raw mean across overall and ALL genres; capped at 1.02; floor 0.005,0.03725448488,0.06604121145,0.02878672657,0,0.363464784576,0.363464784576,0.0792008683966
analysis/moving_averages/figures/emotion_approval/pop.png,moving_average_individual_genre,src/moving_average_analysis.py,equal-weight 12-month mean and rank-weighted 12-month mean,zero to 1.08 × maximum qualifying raw mean across overall and ALL genres; capped at 1.02; floor 0.005,0.03217848358,0.09401523731,0.06183675373,0,0.363464784576,0.363464784576,0.170131347944
analysis/moving_averages/figures/emotion_approval/r_b_soul.png,moving_average_individual_genre,src/moving_average_analysis.py,equal-weight 12-month mean and rank-weighted 12-month mean,zero to 1.08 × maximum qualifying raw mean across overall and ALL genres; capped at 1.02; floor 0.005,0.03205943947,0.1045344836,0.07247504413,0,0.363464784576,0.363464784576,0.199400456951
analysis/moving_averages/figures/emotion_approval/rank_sensitivity.png,moving_average_rank_sensitivity,src/moving_average_analysis.py,equal-weight 12-month mean and rank-weighted 12-month mean,zero to 1.08 × maximum qualifying raw mean across overall and ALL genres; capped at 1.02; floor 0.005,0.03628523095,0.06660516535,0.0303199344,0,0.363464784576,0.363464784576,0.0834191803076
analysis/moving_averages/figures/emotion_approval/rock.png,moving_average_individual_genre,src/moving_average_analysis.py,equal-weight 12-month mean and rank-weighted 12-month mean,zero to 1.08 × maximum qualifying raw mean across overall and ALL genres; capped at 1.02; floor 0.005,0.01895636417,0.07758149286,0.05862512869,0,0.363464784576,0.363464784576,0.161295209819
analysis/moving_averages/figures/emotion_caring/alternative_indie.png,moving_average_individual_genre,src/moving_average_analysis.py,equal-weight 12-month mean and rank-weighted 12-month mean,zero to 1.08 × maximum qualifying raw mean across overall and ALL genres; capped at 1.02; floor 0.005,0.004029870162,0.1283746396,0.124344769438,0,0.3218349807,0.3218349807,0.386361883868
analysis/moving_averages/figures/emotion_caring/country.png,moving_average_individual_genre,src/moving_average_analysis.py,equal-weight 12-month mean and rank-weighted 12-month mean,zero to 1.08 × maximum qualifying raw mean across overall and ALL genres; capped at 1.02; floor 0.005,0.007965150585,0.08474750811,0.076782357525,0,0.3218349807,0.3218349807,0.238576792858
analysis/moving_averages/figures/emotion_caring/electronic_dance.png,moving_average_individual_genre,src/moving_average_analysis.py,equal-weight 12-month mean and rank-weighted 12-month mean,zero to 1.08 × maximum qualifying raw mean across overall and ALL genres; capped at 1.02; floor 0.005,0.009756325363,0.1333836379,0.123627312537,0,0.3218349807,0.3218349807,0.384132614386
analysis/moving_averages/figures/emotion_caring/hip_hop_rap.png,moving_average_individual_genre,src/moving_average_analysis.py,equal-weight 12-month mean and rank-weighted 12-month mean,zero to 1.08 × maximum qualifying raw mean across overall and ALL genres; capped at 1.02; floor 0.005,0.003015999907,0.03246748705,0.029451487143,0,0.3218349807,0.3218349807,0.0915111436269
analysis/moving_averages/figures/emotion_caring/major_genres.png,moving_average_major_genres,src/moving_average_analysis.py,equal-weight 12-month mean,zero to 1.08 × maximum qualifying raw mean across overall and ALL genres; capped at 1.02; floor 0.005,0.003268384221,0.1235643337,0.120295949479,0,0.3218349807,0.3218349807,0.373781461597
analysis/moving_averages/figures/emotion_caring/overall.png,moving_average_overall,src/moving_average_analysis.py,equal-weight 12-month mean,zero to 1.08 × maximum qualifying raw mean across overall and ALL genres; capped at 1.02; floor 0.005,0.01362328557,0.0513431285,0.03771984293,0,0.3218349807,0.3218349807,0.11720243352
analysis/moving_averages/figures/emotion_caring/pop.png,moving_average_individual_genre,src/moving_average_analysis.py,equal-weight 12-month mean and rank-weighted 12-month mean,zero to 1.08 × maximum qualifying raw mean across overall and ALL genres; capped at 1.02; floor 0.005,0.009998920057,0.1373251672,0.127326247143,0,0.3218349807,0.3218349807,0.395625879033
analysis/moving_averages/figures/emotion_caring/r_b_soul.png,moving_average_individual_genre,src/moving_average_analysis.py,equal-weight 12-month mean and rank-weighted 12-month mean,zero to 1.08 × maximum qualifying raw mean across overall and ALL genres; capped at 1.02; floor 0.005,0.01169948498,0.1050033875,0.09330390252,0,0.3218349807,0.3218349807,0.289912247317
analysis/moving_averages/figures/emotion_caring/rank_sensitivity.png,moving_average_rank_sensitivity,src/moving_average_analysis.py,equal-weight 12-month mean and rank-weighted 12-month mean,zero to 1.08 × maximum qualifying raw mean across overall and ALL genres; capped at 1.02; floor 0.005,0.0130270536,0.05741986976,0.04439281616,0,0.3218349807,0.3218349807,0.137936578751
analysis/moving_averages/figures/emotion_caring/rock.png,moving_average_individual_genre,src/moving_average_analysis.py,equal-weight 12-month mean and rank-weighted 12-month mean,zero to 1.08 × maximum qualifying raw mean across overall and ALL genres; capped at 1.02; floor 0.005,0.008577854946,0.07584379331,0.067265938364,0,0.3218349807,0.3218349807,0.209007542368
analysis/moving_averages/figures/emotion_confusion/alternative_indie.png,moving_average_individual_genre,src/moving_average_analysis.py,equal-weight 12-month mean and rank-weighted 12-month mean,zero to 1.08 × maximum qualifying raw mean across overall and ALL genres; capped at 1.02; floor 0.005,0.02024006702,0.1822864885,0.16204642148,0,0.607152728484,0.607152728484,0.266895648949
analysis/moving_averages/figures/emotion_confusion/country.png,moving_average_individual_genre,src/moving_average_analysis.py,equal-weight 12-month mean and rank-weighted 12-month mean,zero to 1.08 × maximum qualifying raw mean across overall and ALL genres; capped at 1.02; floor 0.005,0.006354815486,0.05646993685,0.050115121364,0,0.607152728484,0.607152728484,0.0825412108237
analysis/moving_averages/figures/emotion_confusion/electronic_dance.png,moving_average_individual_genre,src/moving_average_analysis.py,equal-weight 12-month mean and rank-weighted 12-month mean,zero to 1.08 × maximum qualifying raw mean across overall and ALL genres; capped at 1.02; floor 0.005,0.005694768733,0.07136821199,0.065673443257,0,0.607152728484,0.607152728484,0.108166265547
analysis/moving_averages/figures/emotion_confusion/hip_hop_rap.png,moving_average_individual_genre,src/moving_average_analysis.py,equal-weight 12-month mean and rank-weighted 12-month mean,zero to 1.08 × maximum qualifying raw mean across overall and ALL genres; capped at 1.02; floor 0.005,0.00515017046,0.06120803811,0.05605786765,0,0.607152728484,0.607152728484,0.0923291043919
analysis/moving_averages/figures/emotion_confusion/major_genres.png,moving_average_major_genres,src/moving_average_analysis.py,equal-weight 12-month mean,zero to 1.08 × maximum qualifying raw mean across overall and ALL genres; capped at 1.02; floor 0.005,0.005448516388,0.064161517,0.058713000612,0,0.607152728484,0.607152728484,0.0967021934639
analysis/moving_averages/figures/emotion_confusion/overall.png,moving_average_overall,src/moving_average_analysis.py,equal-weight 12-month mean,zero to 1.08 × maximum qualifying raw mean across overall and ALL genres; capped at 1.02; floor 0.005,0.01361831536,0.03769062031,0.02407230495,0,0.607152728484,0.607152728484,0.0396478576488
analysis/moving_averages/figures/emotion_confusion/pop.png,moving_average_individual_genre,src/moving_average_analysis.py,equal-weight 12-month mean and rank-weighted 12-month mean,zero to 1.08 × maximum qualifying raw mean across overall and ALL genres; capped at 1.02; floor 0.005,0.008134049564,0.05236376547,0.044229715906,0,0.607152728484,0.607152728484,0.0728477594368
analysis/moving_averages/figures/emotion_confusion/r_b_soul.png,moving_average_individual_genre,src/moving_average_analysis.py,equal-weight 12-month mean and rank-weighted 12-month mean,zero to 1.08 × maximum qualifying raw mean across overall and ALL genres; capped at 1.02; floor 0.005,0.005473419216,0.06587609829,0.060402679074,0,0.607152728484,0.607152728484,0.0994851480365
analysis/moving_averages/figures/emotion_confusion/rank_sensitivity.png,moving_average_rank_sensitivity,src/moving_average_analysis.py,equal-weight 12-month mean and rank-weighted 12-month mean,zero to 1.08 × maximum qualifying raw mean across overall and ALL genres; capped at 1.02; floor 0.005,0.01123419735,0.04411798017,0.03288378282,0,0.607152728484,0.607152728484,0.0541606440642
analysis/moving_averages/figures/emotion_confusion/rock.png,moving_average_individual_genre,src/moving_average_analysis.py,equal-weight 12-month mean and rank-weighted 12-month mean,zero to 1.08 × maximum qualifying raw mean across overall and ALL genres; capped at 1.02; floor 0.005,0.005430802782,0.06858720576,0.063156402978,0,0.607152728484,0.607152728484,0.104020619549
analysis/moving_averages/figures/emotion_curiosity/alternative_indie.png,moving_average_individual_genre,src/moving_average_analysis.py,equal-weight 12-month mean and rank-weighted 12-month mean,zero to 1.08 × maximum qualifying raw mean across overall and ALL genres; capped at 1.02; floor 0.005,0.02543272293,0.1035171823,0.07808445937,0,0.28763763606,0.28763763606,0.271468158477
analysis/moving_averages/figures/emotion_curiosity/country.png,moving_average_individual_genre,src/moving_average_analysis.py,equal-weight 12-month mean and rank-weighted 12-month mean,zero to 1.08 × maximum qualifying raw mean across overall and ALL genres; capped at 1.02; floor 0.005,0.008085884133,0.1233809613,0.115295077167,0,0.28763763606,0.28763763606,0.400834462229
analysis/moving_averages/figures/emotion_curiosity/electronic_dance.png,moving_average_individual_genre,src/moving_average_analysis.py,equal-weight 12-month mean and rank-weighted 12-month mean,zero to 1.08 × maximum qualifying raw mean across overall and ALL genres; capped at 1.02; floor 0.005,0.01183510404,0.08505368736,0.07321858332,0,0.28763763606,0.28763763606,0.254551470812
analysis/moving_averages/figures/emotion_curiosity/hip_hop_rap.png,moving_average_individual_genre,src/moving_average_analysis.py,equal-weight 12-month mean and rank-weighted 12-month mean,zero to 1.08 × maximum qualifying raw mean across overall and ALL genres; capped at 1.02; floor 0.005,0.01065610746,0.04886334218,0.03820723472,0,0.28763763606,0.28763763606,0.132831138662
analysis/moving_averages/figures/emotion_curiosity/major_genres.png,moving_average_major_genres,src/moving_average_analysis.py,equal-weight 12-month mean,zero to 1.08 × maximum qualifying raw mean across overall and ALL genres; capped at 1.02; floor 0.005,0.008632696245,0.09741841499,0.088785718745,0,0.28763763606,0.28763763606,0.308672119411
analysis/moving_averages/figures/emotion_curiosity/overall.png,moving_average_overall,src/moving_average_analysis.py,equal-weight 12-month mean,zero to 1.08 × maximum qualifying raw mean across overall and ALL genres; capped at 1.02; floor 0.005,0.01992178334,0.05006479251,0.03014300917,0,0.28763763606,0.28763763606,0.104795080306
analysis/moving_averages/figures/emotion_curiosity/pop.png,moving_average_individual_genre,src/moving_average_analysis.py,equal-weight 12-month mean and rank-weighted 12-month mean,zero to 1.08 × maximum qualifying raw mean across overall and ALL genres; capped at 1.02; floor 0.005,0.01565775717,0.0983294859,0.08267172873,0,0.28763763606,0.28763763606,0.287416243098
analysis/moving_averages/figures/emotion_curiosity/r_b_soul.png,moving_average_individual_genre,src/moving_average_analysis.py,equal-weight 12-month mean and rank-weighted 12-month mean,zero to 1.08 × maximum qualifying raw mean across overall and ALL genres; capped at 1.02; floor 0.005,0.01310455031,0.08558757281,0.0724830225,0,0.28763763606,0.28763763606,0.251994222637
analysis/moving_averages/figures/emotion_curiosity/rank_sensitivity.png,moving_average_rank_sensitivity,src/moving_average_analysis.py,equal-weight 12-month mean and rank-weighted 12-month mean,zero to 1.08 × maximum qualifying raw mean across overall and ALL genres; capped at 1.02; floor 0.005,0.01905312997,0.05395505119,0.03490192122,0,0.28763763606,0.28763763606,0.121339897303
analysis/moving_averages/figures/emotion_curiosity/rock.png,moving_average_individual_genre,src/moving_average_analysis.py,equal-weight 12-month mean and rank-weighted 12-month mean,zero to 1.08 × maximum qualifying raw mean across overall and ALL genres; capped at 1.02; floor 0.005,0.0127970342,0.09212263755,0.07932560335,0,0.28763763606,0.28763763606,0.275783115299
analysis/moving_averages/figures/emotion_desire/alternative_indie.png,moving_average_individual_genre,src/moving_average_analysis.py,equal-weight 12-month mean and rank-weighted 12-month mean,zero to 1.08 × maximum qualifying raw mean across overall and ALL genres; capped at 1.02; floor 0.005,0.009309303783,0.1333683447,0.124059040917,0,0.380752726464,0.380752726464,0.32582574541
analysis/moving_averages/figures/emotion_desire/country.png,moving_average_individual_genre,src/moving_average_analysis.py,equal-weight 12-month mean and rank-weighted 12-month mean,zero to 1.08 × maximum qualifying raw mean across overall and ALL genres; capped at 1.02; floor 0.005,0.0211438774,0.125308256,0.1041643786,0,0.380752726464,0.380752726464,0.273574872509
analysis/moving_averages/figures/emotion_desire/electronic_dance.png,moving_average_individual_genre,src/moving_average_analysis.py,equal-weight 12-month mean and rank-weighted 12-month mean,zero to 1.08 × maximum qualifying raw mean across overall and ALL genres; capped at 1.02; floor 0.005,0.02788778067,0.1127354782,0.08484769753,0,0.380752726464,0.380752726464,0.222841995954
analysis/moving_averages/figures/emotion_desire/hip_hop_rap.png,moving_average_individual_genre,src/moving_average_analysis.py,equal-weight 12-month mean and rank-weighted 12-month mean,zero to 1.08 × maximum qualifying raw mean across overall and ALL genres; capped at 1.02; floor 0.005,0.004555143798,0.06408639694,0.059531253142,0,0.380752726464,0.380752726464,0.15635148222
analysis/moving_averages/figures/emotion_desire/major_genres.png,moving_average_major_genres,src/moving_average_analysis.py,equal-weight 12-month mean,zero to 1.08 × maximum qualifying raw mean across overall and ALL genres; capped at 1.02; floor 0.005,0.00522874026,0.1392262282,0.13399748794,0,0.380752726464,0.380752726464,0.351927848776
analysis/moving_averages/figures/emotion_desire/overall.png,moving_average_overall,src/moving_average_analysis.py,equal-weight 12-month mean,zero to 1.08 × maximum qualifying raw mean across overall and ALL genres; capped at 1.02; floor 0.005,0.03091940181,0.09374147259,0.06282207078,0,0.380752726464,0.380752726464,0.164994408217
analysis/moving_averages/figures/emotion_desire/pop.png,moving_average_individual_genre,src/moving_average_analysis.py,equal-weight 12-month mean and rank-weighted 12-month mean,zero to 1.08 × maximum qualifying raw mean across overall and ALL genres; capped at 1.02; floor 0.005,0.02269445632,0.1659877281,0.14329327178,0,0.380752726464,0.380752726464,0.376342076683
analysis/moving_averages/figures/emotion_desire/r_b_soul.png,moving_average_individual_genre,src/moving_average_analysis.py,equal-weight 12-month mean and rank-weighted 12-month mean,zero to 1.08 × maximum qualifying raw mean across overall and ALL genres; capped at 1.02; floor 0.005,0.0179433173,0.1274839154,0.1095405981,0,0.380752726464,0.380752726464,0.287694848878
analysis/moving_averages/figures/emotion_desire/rank_sensitivity.png,moving_average_rank_sensitivity,src/moving_average_analysis.py,equal-weight 12-month mean and rank-weighted 12-month mean,zero to 1.08 × maximum qualifying raw mean across overall and ALL genres; capped at 1.02; floor 0.005,0.02920075756,0.1051950705,0.07599431294,0,0.380752726464,0.380752726464,0.199589675025
analysis/moving_averages/figures/emotion_desire/rock.png,moving_average_individual_genre,src/moving_average_analysis.py,equal-weight 12-month mean and rank-weighted 12-month mean,zero to 1.08 × maximum qualifying raw mean across overall and ALL genres; capped at 1.02; floor 0.005,0.013793733,0.1379843,0.124190567,0,0.380752726464,0.380752726464,0.326171182419
analysis/moving_averages/figures/emotion_disappointment/alternative_indie.png,moving_average_individual_genre,src/moving_average_analysis.py,equal-weight 12-month mean and rank-weighted 12-month mean,zero to 1.08 × maximum qualifying raw mean across overall and ALL genres; capped at 1.02; floor 0.005,0.03089577599,0.1607605081,0.12986473211,0,0.347205837528,0.347205837528,0.374028078084
analysis/moving_averages/figures/emotion_disappointment/country.png,moving_average_individual_genre,src/moving_average_analysis.py,equal-weight 12-month mean and rank-weighted 12-month mean,zero to 1.08 × maximum qualifying raw mean across overall and ALL genres; capped at 1.02; floor 0.005,0.02326399237,0.09849437026,0.07523037789,0,0.347205837528,0.347205837528,0.216673712705
analysis/moving_averages/figures/emotion_disappointment/electronic_dance.png,moving_average_individual_genre,src/moving_average_analysis.py,equal-weight 12-month mean and rank-weighted 12-month mean,zero to 1.08 × maximum qualifying raw mean across overall and ALL genres; capped at 1.02; floor 0.005,0.02046522861,0.1122321908,0.09176696219,0,0.347205837528,0.347205837528,0.264301322937
analysis/moving_averages/figures/emotion_disappointment/hip_hop_rap.png,moving_average_individual_genre,src/moving_average_analysis.py,equal-weight 12-month mean and rank-weighted 12-month mean,zero to 1.08 × maximum qualifying raw mean across overall and ALL genres; capped at 1.02; floor 0.005,0.01066932217,0.05702832932,0.04635900715,0,0.347205837528,0.347205837528,0.133520241134
analysis/moving_averages/figures/emotion_disappointment/major_genres.png,moving_average_major_genres,src/moving_average_analysis.py,equal-weight 12-month mean,zero to 1.08 × maximum qualifying raw mean across overall and ALL genres; capped at 1.02; floor 0.005,0.01084577461,0.1494462166,0.13860044199,0,0.347205837528,0.347205837528,0.399188109788
analysis/moving_averages/figures/emotion_disappointment/overall.png,moving_average_overall,src/moving_average_analysis.py,equal-weight 12-month mean,zero to 1.08 × maximum qualifying raw mean across overall and ALL genres; capped at 1.02; floor 0.005,0.03641885169,0.07517728865,0.03875843696,0,0.347205837528,0.347205837528,0.111629566012
analysis/moving_averages/figures/emotion_disappointment/pop.png,moving_average_individual_genre,src/moving_average_analysis.py,equal-weight 12-month mean and rank-weighted 12-month mean,zero to 1.08 × maximum qualifying raw mean across overall and ALL genres; capped at 1.02; floor 0.005,0.02770955406,0.1180344046,0.09032485054,0,0.347205837528,0.347205837528,0.260147845391
analysis/moving_averages/figures/emotion_disappointment/r_b_soul.png,moving_average_individual_genre,src/moving_average_analysis.py,equal-weight 12-month mean and rank-weighted 12-month mean,zero to 1.08 × maximum qualifying raw mean across overall and ALL genres; capped at 1.02; floor 0.005,0.01156621686,0.1042501776,0.09268396074,0,0.347205837528,0.347205837528,0.266942403388
analysis/moving_averages/figures/emotion_disappointment/rank_sensitivity.png,moving_average_rank_sensitivity,src/moving_average_analysis.py,equal-weight 12-month mean and rank-weighted 12-month mean,zero to 1.08 × maximum qualifying raw mean across overall and ALL genres; capped at 1.02; floor 0.005,0.03570134589,0.07781472201,0.04211337612,0,0.347205837528,0.347205837528,0.121292246754
analysis/moving_averages/figures/emotion_disappointment/rock.png,moving_average_individual_genre,src/moving_average_analysis.py,equal-weight 12-month mean and rank-weighted 12-month mean,zero to 1.08 × maximum qualifying raw mean across overall and ALL genres; capped at 1.02; floor 0.005,0.01830118476,0.1641235439,0.14582235914,0,0.347205837528,0.347205837528,0.419988212693
analysis/moving_averages/figures/emotion_disapproval/alternative_indie.png,moving_average_individual_genre,src/moving_average_analysis.py,equal-weight 12-month mean and rank-weighted 12-month mean,zero to 1.08 × maximum qualifying raw mean across overall and ALL genres; capped at 1.02; floor 0.005,0.01273352968,0.09034243766,0.07760890798,0,0.237176714844,0.237176714844,0.327219761143
analysis/moving_averages/figures/emotion_disapproval/country.png,moving_average_individual_genre,src/moving_average_analysis.py,equal-weight 12-month mean and rank-weighted 12-month mean,zero to 1.08 × maximum qualifying raw mean across overall and ALL genres; capped at 1.02; floor 0.005,0.01112791875,0.04643886626,0.03531094751,0,0.237176714844,0.237176714844,0.148880329729
analysis/moving_averages/figures/emotion_disapproval/electronic_dance.png,moving_average_individual_genre,src/moving_average_analysis.py,equal-weight 12-month mean and rank-weighted 12-month mean,zero to 1.08 × maximum qualifying raw mean across overall and ALL genres; capped at 1.02; floor 0.005,0.009513527786,0.06381291514,0.054299387354,0,0.237176714844,0.237176714844,0.228940633526
analysis/moving_averages/figures/emotion_disapproval/hip_hop_rap.png,moving_average_individual_genre,src/moving_average_analysis.py,equal-weight 12-month mean and rank-weighted 12-month mean,zero to 1.08 × maximum qualifying raw mean across overall and ALL genres; capped at 1.02; floor 0.005,0.008396785819,0.02902278306,0.020625997241,0,0.237176714844,0.237176714844,0.0869646805529
analysis/moving_averages/figures/emotion_disapproval/major_genres.png,moving_average_major_genres,src/moving_average_analysis.py,equal-weight 12-month mean,zero to 1.08 × maximum qualifying raw mean across overall and ALL genres; capped at 1.02; floor 0.005,0.005612857048,0.05935870139,0.053745844342,0,0.237176714844,0.237176714844,0.226606749222
analysis/moving_averages/figures/emotion_disapproval/overall.png,moving_average_overall,src/moving_average_analysis.py,equal-weight 12-month mean,zero to 1.08 × maximum qualifying raw mean across overall and ALL genres; capped at 1.02; floor 0.005,0.008986741965,0.03316054268,0.024173800715,0,0.237176714844,0.237176714844,0.101923161938
analysis/moving_averages/figures/emotion_disapproval/pop.png,moving_average_individual_genre,src/moving_average_analysis.py,equal-weight 12-month mean and rank-weighted 12-month mean,zero to 1.08 × maximum qualifying raw mean across overall and ALL genres; capped at 1.02; floor 0.005,0.006682245566,0.05693411696,0.050251871394,0,0.237176714844,0.237176714844,0.211875231627
analysis/moving_averages/figures/emotion_disapproval/r_b_soul.png,moving_average_individual_genre,src/moving_average_analysis.py,equal-weight 12-month mean and rank-weighted 12-month mean,zero to 1.08 × maximum qualifying raw mean across overall and ALL genres; capped at 1.02; floor 0.005,0.007813035535,0.05068841637,0.042875380835,0,0.237176714844,0.237176714844,0.180773988978
analysis/moving_averages/figures/emotion_disapproval/rank_sensitivity.png,moving_average_rank_sensitivity,src/moving_average_analysis.py,equal-weight 12-month mean and rank-weighted 12-month mean,zero to 1.08 × maximum qualifying raw mean across overall and ALL genres; capped at 1.02; floor 0.005,0.008795331268,0.03574691399,0.026951582722,0,0.237176714844,0.237176714844,0.113635028378
analysis/moving_averages/figures/emotion_disapproval/rock.png,moving_average_individual_genre,src/moving_average_analysis.py,equal-weight 12-month mean and rank-weighted 12-month mean,zero to 1.08 × maximum qualifying raw mean across overall and ALL genres; capped at 1.02; floor 0.005,0.005386996609,0.05935870139,0.053971704781,0,0.237176714844,0.237176714844,0.227559036799
analysis/moving_averages/figures/emotion_disgust/alternative_indie.png,moving_average_individual_genre,src/moving_average_analysis.py,equal-weight 12-month mean and rank-weighted 12-month mean,zero to 1.08 × maximum qualifying raw mean across overall and ALL genres; capped at 1.02; floor 0.005,0.003276862411,0.01015803114,0.006881168729,0,0.0354571054992,0.0354571054992,0.194070233092
analysis/moving_averages/figures/emotion_disgust/country.png,moving_average_individual_genre,src/moving_average_analysis.py,equal-weight 12-month mean and rank-weighted 12-month mean,zero to 1.08 × maximum qualifying raw mean across overall and ALL genres; capped at 1.02; floor 0.005,0.002185291445,0.007302235906,0.005116944461,0,0.0354571054992,0.0354571054992,0.144313654173
analysis/moving_averages/figures/emotion_disgust/electronic_dance.png,moving_average_individual_genre,src/moving_average_analysis.py,equal-weight 12-month mean and rank-weighted 12-month mean,zero to 1.08 × maximum qualifying raw mean across overall and ALL genres; capped at 1.02; floor 0.005,0.002484187574,0.00623259028,0.003748402706,0,0.0354571054992,0.0354571054992,0.105716545477
analysis/moving_averages/figures/emotion_disgust/hip_hop_rap.png,moving_average_individual_genre,src/moving_average_analysis.py,equal-weight 12-month mean and rank-weighted 12-month mean,zero to 1.08 × maximum qualifying raw mean across overall and ALL genres; capped at 1.02; floor 0.005,0.002951006504,0.0184880075,0.015537000996,0,0.0354571054992,0.0354571054992,0.438191464793
analysis/moving_averages/figures/emotion_disgust/major_genres.png,moving_average_major_genres,src/moving_average_analysis.py,equal-weight 12-month mean,zero to 1.08 × maximum qualifying raw mean across overall and ALL genres; capped at 1.02; floor 0.005,0.001975867085,0.01655251331,0.014576646225,0,0.0354571054992,0.0354571054992,0.411106491062
analysis/moving_averages/figures/emotion_disgust/overall.png,moving_average_overall,src/moving_average_analysis.py,equal-weight 12-month mean,zero to 1.08 × maximum qualifying raw mean across overall and ALL genres; capped at 1.02; floor 0.005,0.003134895983,0.009183403522,0.006048507539,0,0.0354571054992,0.0354571054992,0.170586613144
analysis/moving_averages/figures/emotion_disgust/pop.png,moving_average_individual_genre,src/moving_average_analysis.py,equal-weight 12-month mean and rank-weighted 12-month mean,zero to 1.08 × maximum qualifying raw mean across overall and ALL genres; capped at 1.02; floor 0.005,0.002369932463,0.01108510865,0.008715176187,0,0.0354571054992,0.0354571054992,0.245794913722
analysis/moving_averages/figures/emotion_disgust/r_b_soul.png,moving_average_individual_genre,src/moving_average_analysis.py,equal-weight 12-month mean and rank-weighted 12-month mean,zero to 1.08 × maximum qualifying raw mean across overall and ALL genres; capped at 1.02; floor 0.005,0.001973515277,0.01054445684,0.008570941563,0,0.0354571054992,0.0354571054992,0.241727051386
analysis/moving_averages/figures/emotion_disgust/rank_sensitivity.png,moving_average_rank_sensitivity,src/moving_average_analysis.py,equal-weight 12-month mean and rank-weighted 12-month mean,zero to 1.08 × maximum qualifying raw mean across overall and ALL genres; capped at 1.02; floor 0.005,0.003037283595,0.009612948458,0.006575664863,0,0.0354571054992,0.0354571054992,0.185454079526
analysis/moving_averages/figures/emotion_disgust/rock.png,moving_average_individual_genre,src/moving_average_analysis.py,equal-weight 12-month mean and rank-weighted 12-month mean,zero to 1.08 × maximum qualifying raw mean across overall and ALL genres; capped at 1.02; floor 0.005,0.002191723442,0.01112347061,0.008931747168,0,0.0354571054992,0.0354571054992,0.251902884972
analysis/moving_averages/figures/emotion_embarrassment/alternative_indie.png,moving_average_individual_genre,src/moving_average_analysis.py,equal-weight 12-month mean and rank-weighted 12-month mean,zero to 1.08 × maximum qualifying raw mean across overall and ALL genres; capped at 1.02; floor 0.005,0.002787175943,0.01574310858,0.012955932637,0,0.0937727661996,0.0937727661996,0.138163063351
analysis/moving_averages/figures/emotion_embarrassment/country.png,moving_average_individual_genre,src/moving_average_analysis.py,equal-weight 12-month mean and rank-weighted 12-month mean,zero to 1.08 × maximum qualifying raw mean across overall and ALL genres; capped at 1.02; floor 0.005,0.001358051366,0.01231690796,0.010958856594,0,0.0937727661996,0.0937727661996,0.116866090637
analysis/moving_averages/figures/emotion_embarrassment/electronic_dance.png,moving_average_individual_genre,src/moving_average_analysis.py,equal-weight 12-month mean and rank-weighted 12-month mean,zero to 1.08 × maximum qualifying raw mean across overall and ALL genres; capped at 1.02; floor 0.005,0.001253459418,0.01139864501,0.010145185592,0,0.0937727661996,0.0937727661996,0.108189040413
analysis/moving_averages/figures/emotion_embarrassment/hip_hop_rap.png,moving_average_individual_genre,src/moving_average_analysis.py,equal-weight 12-month mean and rank-weighted 12-month mean,zero to 1.08 × maximum qualifying raw mean across overall and ALL genres; capped at 1.02; floor 0.005,0.001467544203,0.01413705436,0.012669510157,0,0.0937727661996,0.0937727661996,0.135108631967
analysis/moving_averages/figures/emotion_embarrassment/major_genres.png,moving_average_major_genres,src/moving_average_analysis.py,equal-weight 12-month mean,zero to 1.08 × maximum qualifying raw mean across overall and ALL genres; capped at 1.02; floor 0.005,0.001150681067,0.01528821608,0.014137535013,0,0.0937727661996,0.0937727661996,0.150763762081
analysis/moving_averages/figures/emotion_embarrassment/overall.png,moving_average_overall,src/moving_average_analysis.py,equal-weight 12-month mean,zero to 1.08 × maximum qualifying raw mean across overall and ALL genres; capped at 1.02; floor 0.005,0.002272798528,0.006973113063,0.004700314535,0,0.0937727661996,0.0937727661996,0.0501245161628
analysis/moving_averages/figures/emotion_embarrassment/pop.png,moving_average_individual_genre,src/moving_average_analysis.py,equal-weight 12-month mean and rank-weighted 12-month mean,zero to 1.08 × maximum qualifying raw mean across overall and ALL genres; capped at 1.02; floor 0.005,0.001512194746,0.02234227693,0.020830082184,0,0.0937727661996,0.0937727661996,0.222133600492
analysis/moving_averages/figures/emotion_embarrassment/r_b_soul.png,moving_average_individual_genre,src/moving_average_analysis.py,equal-weight 12-month mean and rank-weighted 12-month mean,zero to 1.08 × maximum qualifying raw mean across overall and ALL genres; capped at 1.02; floor 0.005,0.001094294658,0.01049669524,0.009402400582,0,0.0937727661996,0.0937727661996,0.100267923866
analysis/moving_averages/figures/emotion_embarrassment/rank_sensitivity.png,moving_average_rank_sensitivity,src/moving_average_analysis.py,equal-weight 12-month mean and rank-weighted 12-month mean,zero to 1.08 × maximum qualifying raw mean across overall and ALL genres; capped at 1.02; floor 0.005,0.002107285561,0.006973113063,0.004865827502,0,0.0937727661996,0.0937727661996,0.0518895591887
analysis/moving_averages/figures/emotion_embarrassment/rock.png,moving_average_individual_genre,src/moving_average_analysis.py,equal-weight 12-month mean and rank-weighted 12-month mean,zero to 1.08 × maximum qualifying raw mean across overall and ALL genres; capped at 1.02; floor 0.005,0.001529645335,0.01108045026,0.009550804925,0,0.0937727661996,0.0937727661996,0.101850519208
analysis/moving_averages/figures/emotion_excitement/alternative_indie.png,moving_average_individual_genre,src/moving_average_analysis.py,equal-weight 12-month mean and rank-weighted 12-month mean,zero to 1.08 × maximum qualifying raw mean across overall and ALL genres; capped at 1.02; floor 0.005,0.0033618055,0.1542805067,0.1509187012,0,0.237864565224,0.237864565224,0.634473239248
analysis/moving_averages/figures/emotion_excitement/country.png,moving_average_individual_genre,src/moving_average_analysis.py,equal-weight 12-month mean and rank-weighted 12-month mean,zero to 1.08 × maximum qualifying raw mean across overall and ALL genres; capped at 1.02; floor 0.005,0.007247083174,0.04651681582,0.039269732646,0,0.237864565224,0.237864565224,0.165092823343
analysis/moving_averages/figures/emotion_excitement/electronic_dance.png,moving_average_individual_genre,src/moving_average_analysis.py,equal-weight 12-month mean and rank-weighted 12-month mean,zero to 1.08 × maximum qualifying raw mean across overall and ALL genres; capped at 1.02; floor 0.005,0.009437406576,0.07870795623,0.069270549654,0,0.237864565224,0.237864565224,0.291218448569
analysis/moving_averages/figures/emotion_excitement/hip_hop_rap.png,moving_average_individual_genre,src/moving_average_analysis.py,equal-weight 12-month mean and rank-weighted 12-month mean,zero to 1.08 × maximum qualifying raw mean across overall and ALL genres; capped at 1.02; floor 0.005,0.003873753749,0.02767596081,0.023802207061,0,0.237864565224,0.237864565224,0.100066216414
analysis/moving_averages/figures/emotion_excitement/major_genres.png,moving_average_major_genres,src/moving_average_analysis.py,equal-weight 12-month mean,zero to 1.08 × maximum qualifying raw mean across overall and ALL genres; capped at 1.02; floor 0.005,0.00402712453,0.05778055655,0.05375343202,0,0.237864565224,0.237864565224,0.225983353045
analysis/moving_averages/figures/emotion_excitement/overall.png,moving_average_overall,src/moving_average_analysis.py,equal-weight 12-month mean,zero to 1.08 × maximum qualifying raw mean across overall and ALL genres; capped at 1.02; floor 0.005,0.0113988085,0.03647241898,0.02507361048,0,0.237864565224,0.237864565224,0.10541128922
analysis/moving_averages/figures/emotion_excitement/pop.png,moving_average_individual_genre,src/moving_average_analysis.py,equal-weight 12-month mean and rank-weighted 12-month mean,zero to 1.08 × maximum qualifying raw mean across overall and ALL genres; capped at 1.02; floor 0.005,0.007569422117,0.05020248113,0.042633059013,0,0.237864565224,0.237864565224,0.179232492964
analysis/moving_averages/figures/emotion_excitement/r_b_soul.png,moving_average_individual_genre,src/moving_average_analysis.py,equal-weight 12-month mean and rank-weighted 12-month mean,zero to 1.08 × maximum qualifying raw mean across overall and ALL genres; capped at 1.02; floor 0.005,0.006225457396,0.07101276119,0.064787303794,0,0.237864565224,0.237864565224,0.272370555627
analysis/moving_averages/figures/emotion_excitement/rank_sensitivity.png,moving_average_rank_sensitivity,src/moving_average_analysis.py,equal-weight 12-month mean and rank-weighted 12-month mean,zero to 1.08 × maximum qualifying raw mean across overall and ALL genres; capped at 1.02; floor 0.005,0.01108438874,0.03804569939,0.02696131065,0,0.237864565224,0.237864565224,0.113347318566
analysis/moving_averages/figures/emotion_excitement/rock.png,moving_average_individual_genre,src/moving_average_analysis.py,equal-weight 12-month mean and rank-weighted 12-month mean,zero to 1.08 × maximum qualifying raw mean across overall and ALL genres; capped at 1.02; floor 0.005,0.005189620198,0.06294442438,0.057754804182,0,0.237864565224,0.237864565224,0.242805413777
analysis/moving_averages/figures/emotion_fear/alternative_indie.png,moving_average_individual_genre,src/moving_average_analysis.py,equal-weight 12-month mean and rank-weighted 12-month mean,zero to 1.08 × maximum qualifying raw mean across overall and ALL genres; capped at 1.02; floor 0.005,0.004581525445,0.04769269424,0.043111168795,0,0.280867776696,0.280867776696,0.153492754855
analysis/moving_averages/figures/emotion_fear/country.png,moving_average_individual_genre,src/moving_average_analysis.py,equal-weight 12-month mean and rank-weighted 12-month mean,zero to 1.08 × maximum qualifying raw mean across overall and ALL genres; capped at 1.02; floor 0.005,0.003358287911,0.05734112615,0.053982838239,0,0.280867776696,0.280867776696,0.192200183567
analysis/moving_averages/figures/emotion_fear/electronic_dance.png,moving_average_individual_genre,src/moving_average_analysis.py,equal-weight 12-month mean and rank-weighted 12-month mean,zero to 1.08 × maximum qualifying raw mean across overall and ALL genres; capped at 1.02; floor 0.005,0.00358479649,0.04307270037,0.03948790388,0,0.280867776696,0.280867776696,0.140592503507
analysis/moving_averages/figures/emotion_fear/hip_hop_rap.png,moving_average_individual_genre,src/moving_average_analysis.py,equal-weight 12-month mean and rank-weighted 12-month mean,zero to 1.08 × maximum qualifying raw mean across overall and ALL genres; capped at 1.02; floor 0.005,0.001725665734,0.01722507585,0.015499410116,0,0.280867776696,0.280867776696,0.0551840097085
analysis/moving_averages/figures/emotion_fear/major_genres.png,moving_average_major_genres,src/moving_average_analysis.py,equal-weight 12-month mean,zero to 1.08 × maximum qualifying raw mean across overall and ALL genres; capped at 1.02; floor 0.005,0.001750886729,0.08733279293,0.085581906201,0,0.280867776696,0.280867776696,0.304705321514
analysis/moving_averages/figures/emotion_fear/overall.png,moving_average_overall,src/moving_average_analysis.py,equal-weight 12-month mean,zero to 1.08 × maximum qualifying raw mean across overall and ALL genres; capped at 1.02; floor 0.005,0.006635825308,0.03242630173,0.025790476422,0,0.280867776696,0.280867776696,0.0918242623821
analysis/moving_averages/figures/emotion_fear/pop.png,moving_average_individual_genre,src/moving_average_analysis.py,equal-weight 12-month mean and rank-weighted 12-month mean,zero to 1.08 × maximum qualifying raw mean across overall and ALL genres; capped at 1.02; floor 0.005,0.003924650692,0.08457194497,0.080647294278,0,0.280867776696,0.280867776696,0.287136157899
analysis/moving_averages/figures/emotion_fear/r_b_soul.png,moving_average_individual_genre,src/moving_average_analysis.py,equal-weight 12-month mean and rank-weighted 12-month mean,zero to 1.08 × maximum qualifying raw mean across overall and ALL genres; capped at 1.02; floor 0.005,0.002599908314,0.07221768797,0.069617779656,0,0.280867776696,0.280867776696,0.247866738132
analysis/moving_averages/figures/emotion_fear/rank_sensitivity.png,moving_average_rank_sensitivity,src/moving_average_analysis.py,equal-weight 12-month mean and rank-weighted 12-month mean,zero to 1.08 × maximum qualifying raw mean across overall and ALL genres; capped at 1.02; floor 0.005,0.006238813901,0.03304250358,0.026803689679,0,0.280867776696,0.280867776696,0.0954317009744
analysis/moving_averages/figures/emotion_fear/rock.png,moving_average_individual_genre,src/moving_average_analysis.py,equal-weight 12-month mean and rank-weighted 12-month mean,zero to 1.08 × maximum qualifying raw mean across overall and ALL genres; capped at 1.02; floor 0.005,0.002232772421,0.1109660497,0.108733277279,0,0.280867776696,0.280867776696,0.387133328565
analysis/moving_averages/figures/emotion_gratitude/alternative_indie.png,moving_average_individual_genre,src/moving_average_analysis.py,equal-weight 12-month mean and rank-weighted 12-month mean,zero to 1.08 × maximum qualifying raw mean across overall and ALL genres; capped at 1.02; floor 0.005,0.000370945953,0.06551603302,0.065145087067,0,0.205683163164,0.205683163164,0.316725424021
analysis/moving_averages/figures/emotion_gratitude/country.png,moving_average_individual_genre,src/moving_average_analysis.py,equal-weight 12-month mean and rank-weighted 12-month mean,zero to 1.08 × maximum qualifying raw mean across overall and ALL genres; capped at 1.02; floor 0.005,0.0005892159725,0.01740777727,0.0168185612975,0,0.205683163164,0.205683163164,0.0817692660828
analysis/moving_averages/figures/emotion_gratitude/electronic_dance.png,moving_average_individual_genre,src/moving_average_analysis.py,equal-weight 12-month mean and rank-weighted 12-month mean,zero to 1.08 × maximum qualifying raw mean across overall and ALL genres; capped at 1.02; floor 0.005,0.0007558782617,0.02973626244,0.0289803841783,0,0.205683163164,0.205683163164,0.140898184044
analysis/moving_averages/figures/emotion_gratitude/hip_hop_rap.png,moving_average_individual_genre,src/moving_average_analysis.py,equal-weight 12-month mean and rank-weighted 12-month mean,zero to 1.08 × maximum qualifying raw mean across overall and ALL genres; capped at 1.02; floor 0.005,0.0003535538998,0.01976410426,0.0194105503602,0,0.205683163164,0.205683163164,0.0943711194519
analysis/moving_averages/figures/emotion_gratitude/major_genres.png,moving_average_major_genres,src/moving_average_analysis.py,equal-weight 12-month mean,zero to 1.08 × maximum qualifying raw mean across overall and ALL genres; capped at 1.02; floor 0.005,0.0003662252954,0.07094671816,0.0705804928646,0,0.205683163164,0.205683163164,0.343151533547
analysis/moving_averages/figures/emotion_gratitude/overall.png,moving_average_overall,src/moving_average_analysis.py,equal-weight 12-month mean,zero to 1.08 × maximum qualifying raw mean across overall and ALL genres; capped at 1.02; floor 0.005,0.0008005246385,0.01566241322,0.0148618885815,0,0.205683163164,0.205683163164,0.0722562233723
analysis/moving_averages/figures/emotion_gratitude/pop.png,moving_average_individual_genre,src/moving_average_analysis.py,equal-weight 12-month mean and rank-weighted 12-month mean,zero to 1.08 × maximum qualifying raw mean across overall and ALL genres; capped at 1.02; floor 0.005,0.0004931766241,0.08631140213,0.0858182255059,0,0.205683163164,0.205683163164,0.417235053107
analysis/moving_averages/figures/emotion_gratitude/r_b_soul.png,moving_average_individual_genre,src/moving_average_analysis.py,equal-weight 12-month mean and rank-weighted 12-month mean,zero to 1.08 × maximum qualifying raw mean across overall and ALL genres; capped at 1.02; floor 0.005,0.0004404716145,0.03127838645,0.0308379148355,0,0.205683163164,0.205683163164,0.149929213267
analysis/moving_averages/figures/emotion_gratitude/rank_sensitivity.png,moving_average_rank_sensitivity,src/moving_average_analysis.py,equal-weight 12-month mean and rank-weighted 12-month mean,zero to 1.08 × maximum qualifying raw mean across overall and ALL genres; capped at 1.02; floor 0.005,0.00075493509,0.01858666921,0.01783173412,0,0.205683163164,0.205683163164,0.0866951569866
analysis/moving_averages/figures/emotion_gratitude/rock.png,moving_average_individual_genre,src/moving_average_analysis.py,equal-weight 12-month mean and rank-weighted 12-month mean,zero to 1.08 × maximum qualifying raw mean across overall and ALL genres; capped at 1.02; floor 0.005,0.000400714467,0.07111136083,0.070710646363,0,0.205683163164,0.205683163164,0.343784319899
analysis/moving_averages/figures/emotion_grief/alternative_indie.png,moving_average_individual_genre,src/moving_average_analysis.py,equal-weight 12-month mean and rank-weighted 12-month mean,zero to 1.08 × maximum qualifying raw mean across overall and ALL genres; capped at 1.02; floor 0.005,0.001680770854,0.005870478841,0.004189707987,0,0.019375001658,0.019375001658,0.216242974373
analysis/moving_averages/figures/emotion_grief/country.png,moving_average_individual_genre,src/moving_average_analysis.py,equal-weight 12-month mean and rank-weighted 12-month mean,zero to 1.08 × maximum qualifying raw mean across overall and ALL genres; capped at 1.02; floor 0.005,0.001004981659,0.008008583284,0.007003601625,0,0.019375001658,0.019375001658,0.36147618197
analysis/moving_averages/figures/emotion_grief/electronic_dance.png,moving_average_individual_genre,src/moving_average_analysis.py,equal-weight 12-month mean and rank-weighted 12-month mean,zero to 1.08 × maximum qualifying raw mean across overall and ALL genres; capped at 1.02; floor 0.005,0.001320519029,0.005739482472,0.004418963443,0,0.019375001658,0.019375001658,0.228075513025
analysis/moving_averages/figures/emotion_grief/hip_hop_rap.png,moving_average_individual_genre,src/moving_average_analysis.py,equal-weight 12-month mean and rank-weighted 12-month mean,zero to 1.08 × maximum qualifying raw mean across overall and ALL genres; capped at 1.02; floor 0.005,0.0004785995478,0.002775457885,0.0022968583372,0,0.019375001658,0.019375001658,0.118547516937
analysis/moving_averages/figures/emotion_grief/major_genres.png,moving_average_major_genres,src/moving_average_analysis.py,equal-weight 12-month mean,zero to 1.08 × maximum qualifying raw mean across overall and ALL genres; capped at 1.02; floor 0.005,0.0005329601569,0.007947957535,0.0074149973781,0,0.019375001658,0.019375001658,0.382709509345
analysis/moving_averages/figures/emotion_grief/overall.png,moving_average_overall,src/moving_average_analysis.py,equal-weight 12-month mean,zero to 1.08 × maximum qualifying raw mean across overall and ALL genres; capped at 1.02; floor 0.005,0.001649587884,0.004977887998,0.003328300114,0,0.019375001658,0.019375001658,0.17178321699
analysis/moving_averages/figures/emotion_grief/pop.png,moving_average_individual_genre,src/moving_average_analysis.py,equal-weight 12-month mean and rank-weighted 12-month mean,zero to 1.08 × maximum qualifying raw mean across overall and ALL genres; capped at 1.02; floor 0.005,0.001771699962,0.006625281928,0.004853581966,0,0.019375001658,0.019375001658,0.250507434873
analysis/moving_averages/figures/emotion_grief/r_b_soul.png,moving_average_individual_genre,src/moving_average_analysis.py,equal-weight 12-month mean and rank-weighted 12-month mean,zero to 1.08 × maximum qualifying raw mean across overall and ALL genres; capped at 1.02; floor 0.005,0.0008458852479,0.006300082299,0.0054541970511,0,0.019375001658,0.019375001658,0.281506920483
analysis/moving_averages/figures/emotion_grief/rank_sensitivity.png,moving_average_rank_sensitivity,src/moving_average_analysis.py,equal-weight 12-month mean and rank-weighted 12-month mean,zero to 1.08 × maximum qualifying raw mean across overall and ALL genres; capped at 1.02; floor 0.005,0.001649587884,0.005237634506,0.003588046622,0,0.019375001658,0.019375001658,0.185189487224
analysis/moving_averages/figures/emotion_grief/rock.png,moving_average_individual_genre,src/moving_average_analysis.py,equal-weight 12-month mean and rank-weighted 12-month mean,zero to 1.08 × maximum qualifying raw mean across overall and ALL genres; capped at 1.02; floor 0.005,0.001378272176,0.006287437392,0.004909165216,0,0.019375001658,0.019375001658,0.25337624753
analysis/moving_averages/figures/emotion_joy/alternative_indie.png,moving_average_individual_genre,src/moving_average_analysis.py,equal-weight 12-month mean and rank-weighted 12-month mean,zero to 1.08 × maximum qualifying raw mean across overall and ALL genres; capped at 1.02; floor 0.005,0.0074031748,0.1077654338,0.100362259,0,0.304613992224,0.304613992224,0.329473568391
analysis/moving_averages/figures/emotion_joy/country.png,moving_average_individual_genre,src/moving_average_analysis.py,equal-weight 12-month mean and rank-weighted 12-month mean,zero to 1.08 × maximum qualifying raw mean across overall and ALL genres; capped at 1.02; floor 0.005,0.01349835702,0.09655564137,0.08305728435,0,0.304613992224,0.304613992224,0.272664048501
analysis/moving_averages/figures/emotion_joy/electronic_dance.png,moving_average_individual_genre,src/moving_average_analysis.py,equal-weight 12-month mean and rank-weighted 12-month mean,zero to 1.08 × maximum qualifying raw mean across overall and ALL genres; capped at 1.02; floor 0.005,0.008457751351,0.1264221571,0.117964405749,0,0.304613992224,0.304613992224,0.387258657712
analysis/moving_averages/figures/emotion_joy/hip_hop_rap.png,moving_average_individual_genre,src/moving_average_analysis.py,equal-weight 12-month mean and rank-weighted 12-month mean,zero to 1.08 × maximum qualifying raw mean across overall and ALL genres; capped at 1.02; floor 0.005,0.004604053704,0.05647550179,0.051871448086,0,0.304613992224,0.304613992224,0.170285835221
analysis/moving_averages/figures/emotion_joy/major_genres.png,moving_average_major_genres,src/moving_average_analysis.py,equal-weight 12-month mean,zero to 1.08 × maximum qualifying raw mean across overall and ALL genres; capped at 1.02; floor 0.005,0.005050426861,0.09133202958,0.086281602719,0,0.304613992224,0.304613992224,0.28324898042
analysis/moving_averages/figures/emotion_joy/overall.png,moving_average_overall,src/moving_average_analysis.py,equal-weight 12-month mean,zero to 1.08 × maximum qualifying raw mean across overall and ALL genres; capped at 1.02; floor 0.005,0.01780853532,0.06092950547,0.04312097015,0,0.304613992224,0.304613992224,0.141559387457
analysis/moving_averages/figures/emotion_joy/pop.png,moving_average_individual_genre,src/moving_average_analysis.py,equal-weight 12-month mean and rank-weighted 12-month mean,zero to 1.08 × maximum qualifying raw mean across overall and ALL genres; capped at 1.02; floor 0.005,0.01113632749,0.08527449088,0.07413816339,0,0.304613992224,0.304613992224,0.243383972117
analysis/moving_averages/figures/emotion_joy/r_b_soul.png,moving_average_individual_genre,src/moving_average_analysis.py,equal-weight 12-month mean and rank-weighted 12-month mean,zero to 1.08 × maximum qualifying raw mean across overall and ALL genres; capped at 1.02; floor 0.005,0.008182721805,0.09410043212,0.085917710315,0,0.304613992224,0.304613992224,0.282054378683
analysis/moving_averages/figures/emotion_joy/rank_sensitivity.png,moving_average_rank_sensitivity,src/moving_average_analysis.py,equal-weight 12-month mean and rank-weighted 12-month mean,zero to 1.08 × maximum qualifying raw mean across overall and ALL genres; capped at 1.02; floor 0.005,0.01780853532,0.06298469716,0.04517616184,0,0.304613992224,0.304613992224,0.148306259703
analysis/moving_averages/figures/emotion_joy/rock.png,moving_average_individual_genre,src/moving_average_analysis.py,equal-weight 12-month mean and rank-weighted 12-month mean,zero to 1.08 × maximum qualifying raw mean across overall and ALL genres; capped at 1.02; floor 0.005,0.004870215215,0.09776613605,0.092895920835,0,0.304613992224,0.304613992224,0.304962750256
analysis/moving_averages/figures/emotion_love/alternative_indie.png,moving_average_individual_genre,src/moving_average_analysis.py,equal-weight 12-month mean and rank-weighted 12-month mean,zero to 1.08 × maximum qualifying raw mean across overall and ALL genres; capped at 1.02; floor 0.005,0.004815369668,0.1164228961,0.111607526432,0,0.806413455108,0.806413455108,0.138399881258
analysis/moving_averages/figures/emotion_love/country.png,moving_average_individual_genre,src/moving_average_analysis.py,equal-weight 12-month mean and rank-weighted 12-month mean,zero to 1.08 × maximum qualifying raw mean across overall and ALL genres; capped at 1.02; floor 0.005,0.04394717956,0.3755390914,0.33159191184,0,0.806413455108,0.806413455108,0.411193426572
analysis/moving_averages/figures/emotion_love/electronic_dance.png,moving_average_individual_genre,src/moving_average_analysis.py,equal-weight 12-month mean and rank-weighted 12-month mean,zero to 1.08 × maximum qualifying raw mean across overall and ALL genres; capped at 1.02; floor 0.005,0.0692505544,0.359718221,0.2904676666,0,0.806413455108,0.806413455108,0.360196949543
analysis/moving_averages/figures/emotion_love/hip_hop_rap.png,moving_average_individual_genre,src/moving_average_analysis.py,equal-weight 12-month mean and rank-weighted 12-month mean,zero to 1.08 × maximum qualifying raw mean across overall and ALL genres; capped at 1.02; floor 0.005,0.01318884436,0.2357344338,0.22254558944,0,0.806413455108,0.806413455108,0.275969588591
analysis/moving_averages/figures/emotion_love/major_genres.png,moving_average_major_genres,src/moving_average_analysis.py,equal-weight 12-month mean,zero to 1.08 × maximum qualifying raw mean across overall and ALL genres; capped at 1.02; floor 0.005,0.01566844382,0.485558606,0.46989016218,0,0.806413455108,0.806413455108,0.582691371534
analysis/moving_averages/figures/emotion_love/overall.png,moving_average_overall,src/moving_average_analysis.py,equal-weight 12-month mean,zero to 1.08 × maximum qualifying raw mean across overall and ALL genres; capped at 1.02; floor 0.005,0.09125565007,0.3345153299,0.24325967983,0,0.806413455108,0.806413455108,0.301656276057
analysis/moving_averages/figures/emotion_love/pop.png,moving_average_individual_genre,src/moving_average_analysis.py,equal-weight 12-month mean and rank-weighted 12-month mean,zero to 1.08 × maximum qualifying raw mean across overall and ALL genres; capped at 1.02; floor 0.005,0.0581575142,0.3892527005,0.3310951863,0,0.806413455108,0.806413455108,0.410577457758
analysis/moving_averages/figures/emotion_love/r_b_soul.png,moving_average_individual_genre,src/moving_average_analysis.py,equal-weight 12-month mean and rank-weighted 12-month mean,zero to 1.08 × maximum qualifying raw mean across overall and ALL genres; capped at 1.02; floor 0.005,0.1065423702,0.5482329537,0.4416905835,0,0.806413455108,0.806413455108,0.547722239383
analysis/moving_averages/figures/emotion_love/rank_sensitivity.png,moving_average_rank_sensitivity,src/moving_average_analysis.py,equal-weight 12-month mean and rank-weighted 12-month mean,zero to 1.08 × maximum qualifying raw mean across overall and ALL genres; capped at 1.02; floor 0.005,0.08803779453,0.3370533864,0.24901559187,0,0.806413455108,0.806413455108,0.30879394471
analysis/moving_averages/figures/emotion_love/rock.png,moving_average_individual_genre,src/moving_average_analysis.py,equal-weight 12-month mean and rank-weighted 12-month mean,zero to 1.08 × maximum qualifying raw mean across overall and ALL genres; capped at 1.02; floor 0.005,0.01767871683,0.3054812114,0.28780249457,0,0.806413455108,0.806413455108,0.356891979849
analysis/moving_averages/figures/emotion_nervousness/alternative_indie.png,moving_average_individual_genre,src/moving_average_analysis.py,equal-weight 12-month mean and rank-weighted 12-month mean,zero to 1.08 × maximum qualifying raw mean across overall and ALL genres; capped at 1.02; floor 0.005,0.004526261858,0.04544923184,0.040922969982,0,0.150854281848,0.150854281848,0.271274832114
analysis/moving_averages/figures/emotion_nervousness/country.png,moving_average_individual_genre,src/moving_average_analysis.py,equal-weight 12-month mean and rank-weighted 12-month mean,zero to 1.08 × maximum qualifying raw mean across overall and ALL genres; capped at 1.02; floor 0.005,0.002714081189,0.03703785463,0.034323773441,0,0.150854281848,0.150854281848,0.227529328439
analysis/moving_averages/figures/emotion_nervousness/electronic_dance.png,moving_average_individual_genre,src/moving_average_analysis.py,equal-weight 12-month mean and rank-weighted 12-month mean,zero to 1.08 × maximum qualifying raw mean across overall and ALL genres; capped at 1.02; floor 0.005,0.00330670741,0.02761066483,0.02430395742,0,0.150854281848,0.150854281848,0.161108833785
analysis/moving_averages/figures/emotion_nervousness/hip_hop_rap.png,moving_average_individual_genre,src/moving_average_analysis.py,equal-weight 12-month mean and rank-weighted 12-month mean,zero to 1.08 × maximum qualifying raw mean across overall and ALL genres; capped at 1.02; floor 0.005,0.0008960002154,0.02608483959,0.0251888393746,0,0.150854281848,0.150854281848,0.166974639805
analysis/moving_averages/figures/emotion_nervousness/major_genres.png,moving_average_major_genres,src/moving_average_analysis.py,equal-weight 12-month mean,zero to 1.08 × maximum qualifying raw mean across overall and ALL genres; capped at 1.02; floor 0.005,0.0009353475319,0.03461617885,0.0336808313181,0,0.150854281848,0.150854281848,0.223267320659
analysis/moving_averages/figures/emotion_nervousness/overall.png,moving_average_overall,src/moving_average_analysis.py,equal-weight 12-month mean,zero to 1.08 × maximum qualifying raw mean across overall and ALL genres; capped at 1.02; floor 0.005,0.005641241608,0.01459547925,0.008954237642,0,0.150854281848,0.150854281848,0.0593568676494
analysis/moving_averages/figures/emotion_nervousness/pop.png,moving_average_individual_genre,src/moving_average_analysis.py,equal-weight 12-month mean and rank-weighted 12-month mean,zero to 1.08 × maximum qualifying raw mean across overall and ALL genres; capped at 1.02; floor 0.005,0.004298973972,0.03461617885,0.030317204878,0,0.150854281848,0.150854281848,0.200970131617
analysis/moving_averages/figures/emotion_nervousness/r_b_soul.png,moving_average_individual_genre,src/moving_average_analysis.py,equal-weight 12-month mean and rank-weighted 12-month mean,zero to 1.08 × maximum qualifying raw mean across overall and ALL genres; capped at 1.02; floor 0.005,0.002298546327,0.02165296094,0.019354414613,0,0.150854281848,0.150854281848,0.128298742176
analysis/moving_averages/figures/emotion_nervousness/rank_sensitivity.png,moving_average_rank_sensitivity,src/moving_average_analysis.py,equal-weight 12-month mean and rank-weighted 12-month mean,zero to 1.08 × maximum qualifying raw mean across overall and ALL genres; capped at 1.02; floor 0.005,0.005380994202,0.01660003684,0.011219042638,0,0.150854281848,0.150854281848,0.0743700642803
analysis/moving_averages/figures/emotion_nervousness/rock.png,moving_average_individual_genre,src/moving_average_analysis.py,equal-weight 12-month mean and rank-weighted 12-month mean,zero to 1.08 × maximum qualifying raw mean across overall and ALL genres; capped at 1.02; floor 0.005,0.00256933864,0.03111549516,0.02854615652,0,0.150854281848,0.150854281848,0.189230005077
analysis/moving_averages/figures/emotion_neutral/alternative_indie.png,moving_average_individual_genre,src/moving_average_analysis.py,equal-weight 12-month mean and rank-weighted 12-month mean,zero to 1.08 × maximum qualifying raw mean across overall and ALL genres; capped at 1.02; floor 0.005,0.2607211923,0.5309679398,0.2702467475,0,1.02,1.02,0.264947791667
analysis/moving_averages/figures/emotion_neutral/country.png,moving_average_individual_genre,src/moving_average_analysis.py,equal-weight 12-month mean and rank-weighted 12-month mean,zero to 1.08 × maximum qualifying raw mean across overall and ALL genres; capped at 1.02; floor 0.005,0.143635442,0.5345635498,0.3909281078,0,1.02,1.02,0.383262850784
analysis/moving_averages/figures/emotion_neutral/electronic_dance.png,moving_average_individual_genre,src/moving_average_analysis.py,equal-weight 12-month mean and rank-weighted 12-month mean,zero to 1.08 × maximum qualifying raw mean across overall and ALL genres; capped at 1.02; floor 0.005,0.2357483747,0.4861690621,0.2504206874,0,1.02,1.02,0.245510477843
analysis/moving_averages/figures/emotion_neutral/hip_hop_rap.png,moving_average_individual_genre,src/moving_average_analysis.py,equal-weight 12-month mean and rank-weighted 12-month mean,zero to 1.08 × maximum qualifying raw mean across overall and ALL genres; capped at 1.02; floor 0.005,0.3959183959,0.6822566845,0.2863382886,0,1.02,1.02,0.280723812353
analysis/moving_averages/figures/emotion_neutral/major_genres.png,moving_average_major_genres,src/moving_average_analysis.py,equal-weight 12-month mean,zero to 1.08 × maximum qualifying raw mean across overall and ALL genres; capped at 1.02; floor 0.005,0.1800369252,0.6672405602,0.487203635,0,1.02,1.02,0.477650622549
analysis/moving_averages/figures/emotion_neutral/overall.png,moving_average_overall,src/moving_average_analysis.py,equal-weight 12-month mean,zero to 1.08 × maximum qualifying raw mean across overall and ALL genres; capped at 1.02; floor 0.005,0.2858954498,0.4640442606,0.1781488108,0,1.02,1.02,0.174655696863
analysis/moving_averages/figures/emotion_neutral/pop.png,moving_average_individual_genre,src/moving_average_analysis.py,equal-weight 12-month mean and rank-weighted 12-month mean,zero to 1.08 × maximum qualifying raw mean across overall and ALL genres; capped at 1.02; floor 0.005,0.1391979851,0.4441912205,0.3049932354,0,1.02,1.02,0.299012975882
analysis/moving_averages/figures/emotion_neutral/r_b_soul.png,moving_average_individual_genre,src/moving_average_analysis.py,equal-weight 12-month mean and rank-weighted 12-month mean,zero to 1.08 × maximum qualifying raw mean across overall and ALL genres; capped at 1.02; floor 0.005,0.1928251446,0.4115767067,0.2187515621,0,1.02,1.02,0.214462315784
analysis/moving_averages/figures/emotion_neutral/rank_sensitivity.png,moving_average_rank_sensitivity,src/moving_average_analysis.py,equal-weight 12-month mean and rank-weighted 12-month mean,zero to 1.08 × maximum qualifying raw mean across overall and ALL genres; capped at 1.02; floor 0.005,0.2802291368,0.4640442606,0.1838151238,0,1.02,1.02,0.180210905686
analysis/moving_averages/figures/emotion_neutral/rock.png,moving_average_individual_genre,src/moving_average_analysis.py,equal-weight 12-month mean and rank-weighted 12-month mean,zero to 1.08 × maximum qualifying raw mean across overall and ALL genres; capped at 1.02; floor 0.005,0.2586825179,0.5331319391,0.2744494212,0,1.02,1.02,0.26906806
analysis/moving_averages/figures/emotion_optimism/alternative_indie.png,moving_average_individual_genre,src/moving_average_analysis.py,equal-weight 12-month mean and rank-weighted 12-month mean,zero to 1.08 × maximum qualifying raw mean across overall and ALL genres; capped at 1.02; floor 0.005,0.008092601881,0.07509147199,0.066998870109,0,0.308533189644,0.308533189644,0.217152878063
analysis/moving_averages/figures/emotion_optimism/country.png,moving_average_individual_genre,src/moving_average_analysis.py,equal-weight 12-month mean and rank-weighted 12-month mean,zero to 1.08 × maximum qualifying raw mean across overall and ALL genres; capped at 1.02; floor 0.005,0.01059181928,0.1087529152,0.09816109592,0,0.308533189644,0.308533189644,0.318154089138
analysis/moving_averages/figures/emotion_optimism/electronic_dance.png,moving_average_individual_genre,src/moving_average_analysis.py,equal-weight 12-month mean and rank-weighted 12-month mean,zero to 1.08 × maximum qualifying raw mean across overall and ALL genres; capped at 1.02; floor 0.005,0.008429591781,0.0685670576,0.060137465819,0,0.308533189644,0.308533189644,0.194914089756
analysis/moving_averages/figures/emotion_optimism/hip_hop_rap.png,moving_average_individual_genre,src/moving_average_analysis.py,equal-weight 12-month mean and rank-weighted 12-month mean,zero to 1.08 × maximum qualifying raw mean across overall and ALL genres; capped at 1.02; floor 0.005,0.004527125437,0.06538367582,0.060856550383,0,0.308533189644,0.308533189644,0.197244745219
analysis/moving_averages/figures/emotion_optimism/major_genres.png,moving_average_major_genres,src/moving_average_analysis.py,equal-weight 12-month mean,zero to 1.08 × maximum qualifying raw mean across overall and ALL genres; capped at 1.02; floor 0.005,0.004646732496,0.07657348462,0.071926752124,0,0.308533189644,0.308533189644,0.233124845359
analysis/moving_averages/figures/emotion_optimism/overall.png,moving_average_overall,src/moving_average_analysis.py,equal-weight 12-month mean,zero to 1.08 × maximum qualifying raw mean across overall and ALL genres; capped at 1.02; floor 0.005,0.01321936864,0.0365265493,0.02330718066,0,0.308533189644,0.308533189644,0.0755418912529
analysis/moving_averages/figures/emotion_optimism/pop.png,moving_average_individual_genre,src/moving_average_analysis.py,equal-weight 12-month mean and rank-weighted 12-month mean,zero to 1.08 × maximum qualifying raw mean across overall and ALL genres; capped at 1.02; floor 0.005,0.009946937835,0.05813623047,0.048189292635,0,0.308533189644,0.308533189644,0.156188359154
analysis/moving_averages/figures/emotion_optimism/r_b_soul.png,moving_average_individual_genre,src/moving_average_analysis.py,equal-weight 12-month mean and rank-weighted 12-month mean,zero to 1.08 × maximum qualifying raw mean across overall and ALL genres; capped at 1.02; floor 0.005,0.008386905719,0.05292856943,0.044541663711,0,0.308533189644,0.308533189644,0.144365874421
analysis/moving_averages/figures/emotion_optimism/rank_sensitivity.png,moving_average_rank_sensitivity,src/moving_average_analysis.py,equal-weight 12-month mean and rank-weighted 12-month mean,zero to 1.08 × maximum qualifying raw mean across overall and ALL genres; capped at 1.02; floor 0.005,0.01259322564,0.04189138036,0.02929815472,0,0.308533189644,0.308533189644,0.0949594912424
analysis/moving_averages/figures/emotion_optimism/rock.png,moving_average_individual_genre,src/moving_average_analysis.py,equal-weight 12-month mean and rank-weighted 12-month mean,zero to 1.08 × maximum qualifying raw mean across overall and ALL genres; capped at 1.02; floor 0.005,0.009163418582,0.07861922994,0.069455811358,0,0.308533189644,0.308533189644,0.225116174497
analysis/moving_averages/figures/emotion_pride/alternative_indie.png,moving_average_individual_genre,src/moving_average_analysis.py,equal-weight 12-month mean and rank-weighted 12-month mean,zero to 1.08 × maximum qualifying raw mean across overall and ALL genres; capped at 1.02; floor 0.005,0.0006083526741,0.003153206929,0.0025448542549,0,0.0343263321288,0.0343263321288,0.0741370865186
analysis/moving_averages/figures/emotion_pride/country.png,moving_average_individual_genre,src/moving_average_analysis.py,equal-weight 12-month mean and rank-weighted 12-month mean,zero to 1.08 × maximum qualifying raw mean across overall and ALL genres; capped at 1.02; floor 0.005,0.0009867084694,0.009906201419,0.0089194929496,0,0.0343263321288,0.0343263321288,0.259844043813
analysis/moving_averages/figures/emotion_pride/electronic_dance.png,moving_average_individual_genre,src/moving_average_analysis.py,equal-weight 12-month mean and rank-weighted 12-month mean,zero to 1.08 × maximum qualifying raw mean across overall and ALL genres; capped at 1.02; floor 0.005,0.00079378014,0.002967619179,0.002173839039,0,0.0343263321288,0.0343263321288,0.063328614046
analysis/moving_averages/figures/emotion_pride/hip_hop_rap.png,moving_average_individual_genre,src/moving_average_analysis.py,equal-weight 12-month mean and rank-weighted 12-month mean,zero to 1.08 × maximum qualifying raw mean across overall and ALL genres; capped at 1.02; floor 0.005,0.0005809815856,0.003178176889,0.0025971953034,0,0.0343263321288,0.0343263321288,0.0756618940135
analysis/moving_averages/figures/emotion_pride/major_genres.png,moving_average_major_genres,src/moving_average_analysis.py,equal-weight 12-month mean,zero to 1.08 × maximum qualifying raw mean across overall and ALL genres; capped at 1.02; floor 0.005,0.0005809815856,0.009906201419,0.0093252198334,0,0.0343263321288,0.0343263321288,0.271663741946
analysis/moving_averages/figures/emotion_pride/overall.png,moving_average_overall,src/moving_average_analysis.py,equal-weight 12-month mean,zero to 1.08 × maximum qualifying raw mean across overall and ALL genres; capped at 1.02; floor 0.005,0.001093499253,0.004410336984,0.003316837731,0,0.0343263321288,0.0343263321288,0.0966266281686
analysis/moving_averages/figures/emotion_pride/pop.png,moving_average_individual_genre,src/moving_average_analysis.py,equal-weight 12-month mean and rank-weighted 12-month mean,zero to 1.08 × maximum qualifying raw mean across overall and ALL genres; capped at 1.02; floor 0.005,0.0008290972706,0.00365243818,0.0028233409094,0,0.0343263321288,0.0343263321288,0.0822500026745
analysis/moving_averages/figures/emotion_pride/r_b_soul.png,moving_average_individual_genre,src/moving_average_analysis.py,equal-weight 12-month mean and rank-weighted 12-month mean,zero to 1.08 × maximum qualifying raw mean across overall and ALL genres; capped at 1.02; floor 0.005,0.0008109738435,0.005005553205,0.0041945793615,0,0.0343263321288,0.0343263321288,0.122197132678
analysis/moving_averages/figures/emotion_pride/rank_sensitivity.png,moving_average_rank_sensitivity,src/moving_average_analysis.py,equal-weight 12-month mean and rank-weighted 12-month mean,zero to 1.08 × maximum qualifying raw mean across overall and ALL genres; capped at 1.02; floor 0.005,0.001018587652,0.004466981807,0.003448394155,0,0.0343263321288,0.0343263321288,0.100459150196
analysis/moving_averages/figures/emotion_pride/rock.png,moving_average_individual_genre,src/moving_average_analysis.py,equal-weight 12-month mean and rank-weighted 12-month mean,zero to 1.08 × maximum qualifying raw mean across overall and ALL genres; capped at 1.02; floor 0.005,0.0006558480026,0.008749038229,0.0080931902264,0,0.0343263321288,0.0343263321288,0.235772065481
analysis/moving_averages/figures/emotion_realization/alternative_indie.png,moving_average_individual_genre,src/moving_average_analysis.py,equal-weight 12-month mean and rank-weighted 12-month mean,zero to 1.08 × maximum qualifying raw mean across overall and ALL genres; capped at 1.02; floor 0.005,0.02239486363,0.0882486675,0.06585380387,0,0.221140641888,0.221140641888,0.297791501859
analysis/moving_averages/figures/emotion_realization/country.png,moving_average_individual_genre,src/moving_average_analysis.py,equal-weight 12-month mean and rank-weighted 12-month mean,zero to 1.08 × maximum qualifying raw mean across overall and ALL genres; capped at 1.02; floor 0.005,0.01332162689,0.05500053502,0.04167890813,0,0.221140641888,0.221140641888,0.188472402785
analysis/moving_averages/figures/emotion_realization/electronic_dance.png,moving_average_individual_genre,src/moving_average_analysis.py,equal-weight 12-month mean and rank-weighted 12-month mean,zero to 1.08 × maximum qualifying raw mean across overall and ALL genres; capped at 1.02; floor 0.005,0.009908246308,0.05097107319,0.041062826882,0,0.221140641888,0.221140641888,0.185686477761
analysis/moving_averages/figures/emotion_realization/hip_hop_rap.png,moving_average_individual_genre,src/moving_average_analysis.py,equal-weight 12-month mean and rank-weighted 12-month mean,zero to 1.08 × maximum qualifying raw mean across overall and ALL genres; capped at 1.02; floor 0.005,0.006508683502,0.04076605597,0.034257372468,0,0.221140641888,0.221140641888,0.154912150817
analysis/moving_averages/figures/emotion_realization/major_genres.png,moving_average_major_genres,src/moving_average_analysis.py,equal-weight 12-month mean,zero to 1.08 × maximum qualifying raw mean across overall and ALL genres; capped at 1.02; floor 0.005,0.006794399592,0.06068171985,0.053887320258,0,0.221140641888,0.221140641888,0.2436789538
analysis/moving_averages/figures/emotion_realization/overall.png,moving_average_overall,src/moving_average_analysis.py,equal-weight 12-month mean,zero to 1.08 × maximum qualifying raw mean across overall and ALL genres; capped at 1.02; floor 0.005,0.01576750394,0.03613767143,0.02037016749,0,0.221140641888,0.221140641888,0.0921140832191
analysis/moving_averages/figures/emotion_realization/pop.png,moving_average_individual_genre,src/moving_average_analysis.py,equal-weight 12-month mean and rank-weighted 12-month mean,zero to 1.08 × maximum qualifying raw mean across overall and ALL genres; capped at 1.02; floor 0.005,0.0117414479,0.05880386117,0.04706241327,0,0.221140641888,0.221140641888,0.21281666214
analysis/moving_averages/figures/emotion_realization/r_b_soul.png,moving_average_individual_genre,src/moving_average_analysis.py,equal-weight 12-month mean and rank-weighted 12-month mean,zero to 1.08 × maximum qualifying raw mean across overall and ALL genres; capped at 1.02; floor 0.005,0.00848464539,0.03968682852,0.03120218313,0,0.221140641888,0.221140641888,0.14109655676
analysis/moving_averages/figures/emotion_realization/rank_sensitivity.png,moving_average_rank_sensitivity,src/moving_average_analysis.py,equal-weight 12-month mean and rank-weighted 12-month mean,zero to 1.08 × maximum qualifying raw mean across overall and ALL genres; capped at 1.02; floor 0.005,0.01554153299,0.03613767143,0.02059613844,0,0.221140641888,0.221140641888,0.0931359259165
analysis/moving_averages/figures/emotion_realization/rock.png,moving_average_individual_genre,src/moving_average_analysis.py,equal-weight 12-month mean and rank-weighted 12-month mean,zero to 1.08 × maximum qualifying raw mean across overall and ALL genres; capped at 1.02; floor 0.005,0.01251486616,0.06724669231,0.05473182615,0,0.221140641888,0.221140641888,0.247497817148
analysis/moving_averages/figures/emotion_relief/alternative_indie.png,moving_average_individual_genre,src/moving_average_analysis.py,equal-weight 12-month mean and rank-weighted 12-month mean,zero to 1.08 × maximum qualifying raw mean across overall and ALL genres; capped at 1.02; floor 0.005,0.001454048446,0.005134048913,0.003680000467,0,0.0200498029272,0.0200498029272,0.18354297448
analysis/moving_averages/figures/emotion_relief/country.png,moving_average_individual_genre,src/moving_average_analysis.py,equal-weight 12-month mean and rank-weighted 12-month mean,zero to 1.08 × maximum qualifying raw mean across overall and ALL genres; capped at 1.02; floor 0.005,0.001735495483,0.009007291177,0.007271795694,0,0.0200498029272,0.0200498029272,0.362686641879
analysis/moving_averages/figures/emotion_relief/electronic_dance.png,moving_average_individual_genre,src/moving_average_analysis.py,equal-weight 12-month mean and rank-weighted 12-month mean,zero to 1.08 × maximum qualifying raw mean across overall and ALL genres; capped at 1.02; floor 0.005,0.001444333645,0.004326139886,0.002881806241,0,0.0200498029272,0.0200498029272,0.143732397344
analysis/moving_averages/figures/emotion_relief/hip_hop_rap.png,moving_average_individual_genre,src/moving_average_analysis.py,equal-weight 12-month mean and rank-weighted 12-month mean,zero to 1.08 × maximum qualifying raw mean across overall and ALL genres; capped at 1.02; floor 0.005,0.000648171904,0.003126671833,0.002478499929,0,0.0200498029272,0.0200498029272,0.1236171716
analysis/moving_averages/figures/emotion_relief/major_genres.png,moving_average_major_genres,src/moving_average_analysis.py,equal-weight 12-month mean,zero to 1.08 × maximum qualifying raw mean across overall and ALL genres; capped at 1.02; floor 0.005,0.0006770388154,0.009007291177,0.0083302523616,0,0.0200498029272,0.0200498029272,0.415478017008
analysis/moving_averages/figures/emotion_relief/overall.png,moving_average_overall,src/moving_average_analysis.py,equal-weight 12-month mean,zero to 1.08 × maximum qualifying raw mean across overall and ALL genres; capped at 1.02; floor 0.005,0.001869621992,0.004194928098,0.002325306106,0,0.0200498029272,0.0200498029272,0.115976506824
analysis/moving_averages/figures/emotion_relief/pop.png,moving_average_individual_genre,src/moving_average_analysis.py,equal-weight 12-month mean and rank-weighted 12-month mean,zero to 1.08 × maximum qualifying raw mean across overall and ALL genres; capped at 1.02; floor 0.005,0.00160596441,0.006286732708,0.004680768298,0,0.0200498029272,0.0200498029272,0.23345707262
analysis/moving_averages/figures/emotion_relief/r_b_soul.png,moving_average_individual_genre,src/moving_average_analysis.py,equal-weight 12-month mean and rank-weighted 12-month mean,zero to 1.08 × maximum qualifying raw mean across overall and ALL genres; capped at 1.02; floor 0.005,0.001107116095,0.007161219406,0.006054103311,0,0.0200498029272,0.0200498029272,0.301953257744
analysis/moving_averages/figures/emotion_relief/rank_sensitivity.png,moving_average_rank_sensitivity,src/moving_average_analysis.py,equal-weight 12-month mean and rank-weighted 12-month mean,zero to 1.08 × maximum qualifying raw mean across overall and ALL genres; capped at 1.02; floor 0.005,0.001801833867,0.004194928098,0.002393094231,0,0.0200498029272,0.0200498029272,0.119357493921
analysis/moving_averages/figures/emotion_relief/rock.png,moving_average_individual_genre,src/moving_average_analysis.py,equal-weight 12-month mean and rank-weighted 12-month mean,zero to 1.08 × maximum qualifying raw mean across overall and ALL genres; capped at 1.02; floor 0.005,0.001438133134,0.006800760418,0.005362627284,0,0.0200498029272,0.0200498029272,0.267465336366
analysis/moving_averages/figures/emotion_remorse/alternative_indie.png,moving_average_individual_genre,src/moving_average_analysis.py,equal-weight 12-month mean and rank-weighted 12-month mean,zero to 1.08 × maximum qualifying raw mean across overall and ALL genres; capped at 1.02; floor 0.005,0.002394919678,0.01430538032,0.011910460642,0,0.213267204504,0.213267204504,0.055847595835
analysis/moving_averages/figures/emotion_remorse/country.png,moving_average_individual_genre,src/moving_average_analysis.py,equal-weight 12-month mean and rank-weighted 12-month mean,zero to 1.08 × maximum qualifying raw mean across overall and ALL genres; capped at 1.02; floor 0.005,0.0009513327811,0.04040444609,0.0394531133089,0,0.213267204504,0.213267204504,0.184993812812
analysis/moving_averages/figures/emotion_remorse/electronic_dance.png,moving_average_individual_genre,src/moving_average_analysis.py,equal-weight 12-month mean and rank-weighted 12-month mean,zero to 1.08 × maximum qualifying raw mean across overall and ALL genres; capped at 1.02; floor 0.005,0.002332423352,0.0306087859,0.028276362548,0,0.213267204504,0.213267204504,0.132586548475
analysis/moving_averages/figures/emotion_remorse/hip_hop_rap.png,moving_average_individual_genre,src/moving_average_analysis.py,equal-weight 12-month mean and rank-weighted 12-month mean,zero to 1.08 × maximum qualifying raw mean across overall and ALL genres; capped at 1.02; floor 0.005,0.0004387428084,0.0542050102,0.0537662673916,0,0.213267204504,0.213267204504,0.252107526409
analysis/moving_averages/figures/emotion_remorse/major_genres.png,moving_average_major_genres,src/moving_average_analysis.py,equal-weight 12-month mean,zero to 1.08 × maximum qualifying raw mean across overall and ALL genres; capped at 1.02; floor 0.005,0.0005962872429,0.05598463029,0.0553883430471,0,0.213267204504,0.213267204504,0.259713363693
analysis/moving_averages/figures/emotion_remorse/overall.png,moving_average_overall,src/moving_average_analysis.py,equal-weight 12-month mean,zero to 1.08 × maximum qualifying raw mean across overall and ALL genres; capped at 1.02; floor 0.005,0.003276657182,0.01879318956,0.015516532378,0,0.213267204504,0.213267204504,0.0727562984383
analysis/moving_averages/figures/emotion_remorse/pop.png,moving_average_individual_genre,src/moving_average_analysis.py,equal-weight 12-month mean and rank-weighted 12-month mean,zero to 1.08 × maximum qualifying raw mean across overall and ALL genres; capped at 1.02; floor 0.005,0.002177086981,0.04901757849,0.046840491509,0,0.213267204504,0.213267204504,0.219632885506
analysis/moving_averages/figures/emotion_remorse/r_b_soul.png,moving_average_individual_genre,src/moving_average_analysis.py,equal-weight 12-month mean and rank-weighted 12-month mean,zero to 1.08 × maximum qualifying raw mean across overall and ALL genres; capped at 1.02; floor 0.005,0.0012101127,0.03163470933,0.03042459663,0,0.213267204504,0.213267204504,0.142659518142
analysis/moving_averages/figures/emotion_remorse/rank_sensitivity.png,moving_average_rank_sensitivity,src/moving_average_analysis.py,equal-weight 12-month mean and rank-weighted 12-month mean,zero to 1.08 × maximum qualifying raw mean across overall and ALL genres; capped at 1.02; floor 0.005,0.003276657182,0.02374367098,0.020467013798,0,0.213267204504,0.213267204504,0.0959688755034
analysis/moving_averages/figures/emotion_remorse/rock.png,moving_average_individual_genre,src/moving_average_analysis.py,equal-weight 12-month mean and rank-weighted 12-month mean,zero to 1.08 × maximum qualifying raw mean across overall and ALL genres; capped at 1.02; floor 0.005,0.001934731217,0.07590915477,0.073974423553,0,0.213267204504,0.213267204504,0.346862630497
analysis/moving_averages/figures/emotion_sadness/alternative_indie.png,moving_average_individual_genre,src/moving_average_analysis.py,equal-weight 12-month mean and rank-weighted 12-month mean,zero to 1.08 × maximum qualifying raw mean across overall and ALL genres; capped at 1.02; floor 0.005,0.04129833783,0.214652711,0.17335437317,0,0.4958967636,0.4958967636,0.349577544954
analysis/moving_averages/figures/emotion_sadness/country.png,moving_average_individual_genre,src/moving_average_analysis.py,equal-weight 12-month mean and rank-weighted 12-month mean,zero to 1.08 × maximum qualifying raw mean across overall and ALL genres; capped at 1.02; floor 0.005,0.01320099813,0.2691040873,0.25590308917,0,0.4958967636,0.4958967636,0.516041055223
analysis/moving_averages/figures/emotion_sadness/electronic_dance.png,moving_average_individual_genre,src/moving_average_analysis.py,equal-weight 12-month mean and rank-weighted 12-month mean,zero to 1.08 × maximum qualifying raw mean across overall and ALL genres; capped at 1.02; floor 0.005,0.01916921606,0.1786014898,0.15943227374,0,0.4958967636,0.4958967636,0.321502952717
analysis/moving_averages/figures/emotion_sadness/hip_hop_rap.png,moving_average_individual_genre,src/moving_average_analysis.py,equal-weight 12-month mean and rank-weighted 12-month mean,zero to 1.08 × maximum qualifying raw mean across overall and ALL genres; capped at 1.02; floor 0.005,0.004152518007,0.07272754042,0.068575022413,0,0.4958967636,0.4958967636,0.138284875899
analysis/moving_averages/figures/emotion_sadness/major_genres.png,moving_average_major_genres,src/moving_average_analysis.py,equal-weight 12-month mean,zero to 1.08 × maximum qualifying raw mean across overall and ALL genres; capped at 1.02; floor 0.005,0.004763417897,0.2691040873,0.264340669403,0,0.4958967636,0.4958967636,0.533055847116
analysis/moving_averages/figures/emotion_sadness/overall.png,moving_average_overall,src/moving_average_analysis.py,equal-weight 12-month mean,zero to 1.08 × maximum qualifying raw mean across overall and ALL genres; capped at 1.02; floor 0.005,0.03791454706,0.1504379403,0.11252339324,0,0.4958967636,0.4958967636,0.226908908264
analysis/moving_averages/figures/emotion_sadness/pop.png,moving_average_individual_genre,src/moving_average_analysis.py,equal-weight 12-month mean and rank-weighted 12-month mean,zero to 1.08 × maximum qualifying raw mean across overall and ALL genres; capped at 1.02; floor 0.005,0.03377134499,0.185495672,0.15172432701,0,0.4958967636,0.4958967636,0.305959502354
analysis/moving_averages/figures/emotion_sadness/r_b_soul.png,moving_average_individual_genre,src/moving_average_analysis.py,equal-weight 12-month mean and rank-weighted 12-month mean,zero to 1.08 × maximum qualifying raw mean across overall and ALL genres; capped at 1.02; floor 0.005,0.006946070206,0.1975102598,0.190564189594,0,0.4958967636,0.4958967636,0.384281978795
analysis/moving_averages/figures/emotion_sadness/rank_sensitivity.png,moving_average_rank_sensitivity,src/moving_average_analysis.py,equal-weight 12-month mean and rank-weighted 12-month mean,zero to 1.08 × maximum qualifying raw mean across overall and ALL genres; capped at 1.02; floor 0.005,0.03791454706,0.1559709618,0.11805641474,0,0.4958967636,0.4958967636,0.238066515867
analysis/moving_averages/figures/emotion_sadness/rock.png,moving_average_individual_genre,src/moving_average_analysis.py,equal-weight 12-month mean and rank-weighted 12-month mean,zero to 1.08 × maximum qualifying raw mean across overall and ALL genres; capped at 1.02; floor 0.005,0.02295601528,0.1876897077,0.16473369242,0,0.4958967636,0.4958967636,0.332193521942
analysis/moving_averages/figures/emotion_surprise/alternative_indie.png,moving_average_individual_genre,src/moving_average_analysis.py,equal-weight 12-month mean and rank-weighted 12-month mean,zero to 1.08 × maximum qualifying raw mean across overall and ALL genres; capped at 1.02; floor 0.005,0.003680337799,0.06448420797,0.060803870171,0,0.211403693448,0.211403693448,0.287619715528
analysis/moving_averages/figures/emotion_surprise/country.png,moving_average_individual_genre,src/moving_average_analysis.py,equal-weight 12-month mean and rank-weighted 12-month mean,zero to 1.08 × maximum qualifying raw mean across overall and ALL genres; capped at 1.02; floor 0.005,0.003004446696,0.04909892617,0.046094479474,0,0.211403693448,0.211403693448,0.218040085876
analysis/moving_averages/figures/emotion_surprise/electronic_dance.png,moving_average_individual_genre,src/moving_average_analysis.py,equal-weight 12-month mean and rank-weighted 12-month mean,zero to 1.08 × maximum qualifying raw mean across overall and ALL genres; capped at 1.02; floor 0.005,0.003144245075,0.01766511561,0.014520870535,0,0.211403693448,0.211403693448,0.068687875307
analysis/moving_averages/figures/emotion_surprise/hip_hop_rap.png,moving_average_individual_genre,src/moving_average_analysis.py,equal-weight 12-month mean and rank-weighted 12-month mean,zero to 1.08 × maximum qualifying raw mean across overall and ALL genres; capped at 1.02; floor 0.005,0.002290032022,0.02291960358,0.020629571558,0,0.211403693448,0.211403693448,0.0975837802147
analysis/moving_averages/figures/emotion_surprise/major_genres.png,moving_average_major_genres,src/moving_average_analysis.py,equal-weight 12-month mean,zero to 1.08 × maximum qualifying raw mean across overall and ALL genres; capped at 1.02; floor 0.005,0.002494300407,0.03442873755,0.031934437143,0,0.211403693448,0.211403693448,0.151059031288
analysis/moving_averages/figures/emotion_surprise/overall.png,moving_average_overall,src/moving_average_analysis.py,equal-weight 12-month mean,zero to 1.08 × maximum qualifying raw mean across overall and ALL genres; capped at 1.02; floor 0.005,0.005297096429,0.01826927004,0.012972173611,0,0.211403693448,0.211403693448,0.0613620954271
analysis/moving_averages/figures/emotion_surprise/pop.png,moving_average_individual_genre,src/moving_average_analysis.py,equal-weight 12-month mean and rank-weighted 12-month mean,zero to 1.08 × maximum qualifying raw mean across overall and ALL genres; capped at 1.02; floor 0.005,0.003141202362,0.03450609273,0.031364890368,0,0.211403693448,0.211403693448,0.148364911967
analysis/moving_averages/figures/emotion_surprise/r_b_soul.png,moving_average_individual_genre,src/moving_average_analysis.py,equal-weight 12-month mean and rank-weighted 12-month mean,zero to 1.08 × maximum qualifying raw mean across overall and ALL genres; capped at 1.02; floor 0.005,0.002577811971,0.03044328639,0.027865474419,0,0.211403693448,0.211403693448,0.131811672561
analysis/moving_averages/figures/emotion_surprise/rank_sensitivity.png,moving_average_rank_sensitivity,src/moving_average_analysis.py,equal-weight 12-month mean and rank-weighted 12-month mean,zero to 1.08 × maximum qualifying raw mean across overall and ALL genres; capped at 1.02; floor 0.005,0.005192593079,0.01986885915,0.014676266071,0,0.211403693448,0.211403693448,0.0694229406858
analysis/moving_averages/figures/emotion_surprise/rock.png,moving_average_individual_genre,src/moving_average_analysis.py,equal-weight 12-month mean and rank-weighted 12-month mean,zero to 1.08 × maximum qualifying raw mean across overall and ALL genres; capped at 1.02; floor 0.005,0.004158227671,0.04803714207,0.043878914399,0,0.211403693448,0.211403693448,0.207559828702
analysis/moving_averages/figures/ll_explicit_language/alternative_indie.png,moving_average_individual_genre,src/moving_average_analysis.py,equal-weight 12-month mean and rank-weighted 12-month mean,zero to 1.08 × maximum qualifying raw mean across overall and ALL genres; capped at 1.02; floor 0.005,0.03121310285,0.6370294695,0.60581636665,0,1.02,1.02,0.593937614363
analysis/moving_averages/figures/ll_explicit_language/country.png,moving_average_individual_genre,src/moving_average_analysis.py,equal-weight 12-month mean and rank-weighted 12-month mean,zero to 1.08 × maximum qualifying raw mean across overall and ALL genres; capped at 1.02; floor 0.005,0.02571535348,0.6092218009,0.58350644742,0,1.02,1.02,0.572065144529
analysis/moving_averages/figures/ll_explicit_language/electronic_dance.png,moving_average_individual_genre,src/moving_average_analysis.py,equal-weight 12-month mean and rank-weighted 12-month mean,zero to 1.08 × maximum qualifying raw mean across overall and ALL genres; capped at 1.02; floor 0.005,0.03418985105,0.4052812096,0.37109135855,0,1.02,1.02,0.363815057402
analysis/moving_averages/figures/ll_explicit_language/hip_hop_rap.png,moving_average_individual_genre,src/moving_average_analysis.py,equal-weight 12-month mean and rank-weighted 12-month mean,zero to 1.08 × maximum qualifying raw mean across overall and ALL genres; capped at 1.02; floor 0.005,0.7953000001,0.9954670351,0.200167035,0,1.02,1.02,0.196242191176
analysis/moving_averages/figures/ll_explicit_language/major_genres.png,moving_average_major_genres,src/moving_average_analysis.py,equal-weight 12-month mean,zero to 1.08 × maximum qualifying raw mean across overall and ALL genres; capped at 1.02; floor 0.005,0.01685699394,0.9949782212,0.97812122726,0,1.02,1.02,0.958942379667
analysis/moving_averages/figures/ll_explicit_language/overall.png,moving_average_overall,src/moving_average_analysis.py,equal-weight 12-month mean,zero to 1.08 × maximum qualifying raw mean across overall and ALL genres; capped at 1.02; floor 0.005,0.05318543572,0.6428849947,0.58969955898,0,1.02,1.02,0.578136822529
analysis/moving_averages/figures/ll_explicit_language/pop.png,moving_average_individual_genre,src/moving_average_analysis.py,equal-weight 12-month mean and rank-weighted 12-month mean,zero to 1.08 × maximum qualifying raw mean across overall and ALL genres; capped at 1.02; floor 0.005,0.01685699394,0.5672849966,0.55042800266,0,1.02,1.02,0.539635296725
analysis/moving_averages/figures/ll_explicit_language/r_b_soul.png,moving_average_individual_genre,src/moving_average_analysis.py,equal-weight 12-month mean and rank-weighted 12-month mean,zero to 1.08 × maximum qualifying raw mean across overall and ALL genres; capped at 1.02; floor 0.005,0.0314689461,0.8882610692,0.8567921231,0,1.02,1.02,0.839992277549
analysis/moving_averages/figures/ll_explicit_language/rank_sensitivity.png,moving_average_rank_sensitivity,src/moving_average_analysis.py,equal-weight 12-month mean and rank-weighted 12-month mean,zero to 1.08 × maximum qualifying raw mean across overall and ALL genres; capped at 1.02; floor 0.005,0.04558651623,0.6428849947,0.59729847847,0,1.02,1.02,0.585586743598
analysis/moving_averages/figures/ll_explicit_language/rock.png,moving_average_individual_genre,src/moving_average_analysis.py,equal-weight 12-month mean and rank-weighted 12-month mean,zero to 1.08 × maximum qualifying raw mean across overall and ALL genres; capped at 1.02; floor 0.005,0.02222439341,0.5172413818,0.49501698839,0,1.02,1.02,0.485310772931
analysis/moving_averages/figures/ll_sexual_content/alternative_indie.png,moving_average_individual_genre,src/moving_average_analysis.py,equal-weight 12-month mean and rank-weighted 12-month mean,zero to 1.08 × maximum qualifying raw mean across overall and ALL genres; capped at 1.02; floor 0.005,0.1816492922,0.5477667713,0.3661174791,0,1.02,1.02,0.358938705
analysis/moving_averages/figures/ll_sexual_content/country.png,moving_average_individual_genre,src/moving_average_analysis.py,equal-weight 12-month mean and rank-weighted 12-month mean,zero to 1.08 × maximum qualifying raw mean across overall and ALL genres; capped at 1.02; floor 0.005,0.2105913601,0.6358412087,0.4252498486,0,1.02,1.02,0.416911616275
analysis/moving_averages/figures/ll_sexual_content/electronic_dance.png,moving_average_individual_genre,src/moving_average_analysis.py,equal-weight 12-month mean and rank-weighted 12-month mean,zero to 1.08 × maximum qualifying raw mean across overall and ALL genres; capped at 1.02; floor 0.005,0.241639701,0.6832864216,0.4416467206,0,1.02,1.02,0.43298698098
analysis/moving_averages/figures/ll_sexual_content/hip_hop_rap.png,moving_average_individual_genre,src/moving_average_analysis.py,equal-weight 12-month mean and rank-weighted 12-month mean,zero to 1.08 × maximum qualifying raw mean across overall and ALL genres; capped at 1.02; floor 0.005,0.6593909553,0.9930632504,0.3336722951,0,1.02,1.02,0.327129701078
analysis/moving_averages/figures/ll_sexual_content/major_genres.png,moving_average_major_genres,src/moving_average_analysis.py,equal-weight 12-month mean,zero to 1.08 × maximum qualifying raw mean across overall and ALL genres; capped at 1.02; floor 0.005,0.09739564589,0.9907093504,0.89331370451,0,1.02,1.02,0.87579774952
analysis/moving_averages/figures/ll_sexual_content/overall.png,moving_average_overall,src/moving_average_analysis.py,equal-weight 12-month mean,zero to 1.08 × maximum qualifying raw mean across overall and ALL genres; capped at 1.02; floor 0.005,0.295096113,0.6866404172,0.3915443042,0,1.02,1.02,0.383866964902
analysis/moving_averages/figures/ll_sexual_content/pop.png,moving_average_individual_genre,src/moving_average_analysis.py,equal-weight 12-month mean and rank-weighted 12-month mean,zero to 1.08 × maximum qualifying raw mean across overall and ALL genres; capped at 1.02; floor 0.005,0.1784842556,0.7497983251,0.5713140695,0,1.02,1.02,0.560111832843
analysis/moving_averages/figures/ll_sexual_content/r_b_soul.png,moving_average_individual_genre,src/moving_average_analysis.py,equal-weight 12-month mean and rank-weighted 12-month mean,zero to 1.08 × maximum qualifying raw mean across overall and ALL genres; capped at 1.02; floor 0.005,0.3488987186,0.8945726829,0.5456739643,0,1.02,1.02,0.534974474804
analysis/moving_averages/figures/ll_sexual_content/rank_sensitivity.png,moving_average_rank_sensitivity,src/moving_average_analysis.py,equal-weight 12-month mean and rank-weighted 12-month mean,zero to 1.08 × maximum qualifying raw mean across overall and ALL genres; capped at 1.02; floor 0.005,0.2776681628,0.7167129153,0.4390447525,0,1.02,1.02,0.430436031863
analysis/moving_averages/figures/ll_sexual_content/rock.png,moving_average_individual_genre,src/moving_average_analysis.py,equal-weight 12-month mean and rank-weighted 12-month mean,zero to 1.08 × maximum qualifying raw mean across overall and ALL genres; capped at 1.02; floor 0.005,0.08950399944,0.5907788683,0.50127486886,0,1.02,1.02,0.491445949863
analysis/moving_averages/figures/ll_substance_use/alternative_indie.png,moving_average_individual_genre,src/moving_average_analysis.py,equal-weight 12-month mean and rank-weighted 12-month mean,zero to 1.08 × maximum qualifying raw mean across overall and ALL genres; capped at 1.02; floor 0.005,0.023901305,0.5640805655,0.5401792605,0,1.02,1.02,0.529587510294
analysis/moving_averages/figures/ll_substance_use/country.png,moving_average_individual_genre,src/moving_average_analysis.py,equal-weight 12-month mean and rank-weighted 12-month mean,zero to 1.08 × maximum qualifying raw mean across overall and ALL genres; capped at 1.02; floor 0.005,0.09494788167,0.763855117,0.66890723533,0,1.02,1.02,0.655791407186
analysis/moving_averages/figures/ll_substance_use/electronic_dance.png,moving_average_individual_genre,src/moving_average_analysis.py,equal-weight 12-month mean and rank-weighted 12-month mean,zero to 1.08 × maximum qualifying raw mean across overall and ALL genres; capped at 1.02; floor 0.005,0.02340050817,0.618388238,0.59498772983,0,1.02,1.02,0.583321303755
analysis/moving_averages/figures/ll_substance_use/hip_hop_rap.png,moving_average_individual_genre,src/moving_average_analysis.py,equal-weight 12-month mean and rank-weighted 12-month mean,zero to 1.08 × maximum qualifying raw mean across overall and ALL genres; capped at 1.02; floor 0.005,0.3843020235,0.8496801401,0.4653781166,0,1.02,1.02,0.45625305549
analysis/moving_averages/figures/ll_substance_use/major_genres.png,moving_average_major_genres,src/moving_average_analysis.py,equal-weight 12-month mean,zero to 1.08 × maximum qualifying raw mean across overall and ALL genres; capped at 1.02; floor 0.005,0.01290038474,0.8496801401,0.83677975536,0,1.02,1.02,0.820372309176
analysis/moving_averages/figures/ll_substance_use/overall.png,moving_average_overall,src/moving_average_analysis.py,equal-weight 12-month mean,zero to 1.08 × maximum qualifying raw mean across overall and ALL genres; capped at 1.02; floor 0.005,0.04659462652,0.5508466683,0.50425204178,0,1.02,1.02,0.494364746843
analysis/moving_averages/figures/ll_substance_use/pop.png,moving_average_individual_genre,src/moving_average_analysis.py,equal-weight 12-month mean and rank-weighted 12-month mean,zero to 1.08 × maximum qualifying raw mean across overall and ALL genres; capped at 1.02; floor 0.005,0.01270243215,0.4303289465,0.41762651435,0,1.02,1.02,0.409437759167
analysis/moving_averages/figures/ll_substance_use/r_b_soul.png,moving_average_individual_genre,src/moving_average_analysis.py,equal-weight 12-month mean and rank-weighted 12-month mean,zero to 1.08 × maximum qualifying raw mean across overall and ALL genres; capped at 1.02; floor 0.005,0.00749106076,0.5668407811,0.55934972034,0,1.02,1.02,0.548382078765
analysis/moving_averages/figures/ll_substance_use/rank_sensitivity.png,moving_average_rank_sensitivity,src/moving_average_analysis.py,equal-weight 12-month mean and rank-weighted 12-month mean,zero to 1.08 × maximum qualifying raw mean across overall and ALL genres; capped at 1.02; floor 0.005,0.03983746263,0.5576539294,0.51781646677,0,1.02,1.02,0.507663202716
analysis/moving_averages/figures/ll_substance_use/rock.png,moving_average_individual_genre,src/moving_average_analysis.py,equal-weight 12-month mean and rank-weighted 12-month mean,zero to 1.08 × maximum qualifying raw mean across overall and ALL genres; capped at 1.02; floor 0.005,0.0222595066,0.3185261982,0.2962666916,0,1.02,1.02,0.290457540784
analysis/moving_averages/figures/ll_violence/alternative_indie.png,moving_average_individual_genre,src/moving_average_analysis.py,equal-weight 12-month mean and rank-weighted 12-month mean,zero to 1.08 × maximum qualifying raw mean across overall and ALL genres; capped at 1.02; floor 0.005,0.1080672934,0.7312223514,0.623155058,0,1.02,1.02,0.610936331373
analysis/moving_averages/figures/ll_violence/country.png,moving_average_individual_genre,src/moving_average_analysis.py,equal-weight 12-month mean and rank-weighted 12-month mean,zero to 1.08 × maximum qualifying raw mean across overall and ALL genres; capped at 1.02; floor 0.005,0.02146790503,0.3118869397,0.29041903467,0,1.02,1.02,0.284724543794
analysis/moving_averages/figures/ll_violence/electronic_dance.png,moving_average_individual_genre,src/moving_average_analysis.py,equal-weight 12-month mean and rank-weighted 12-month mean,zero to 1.08 × maximum qualifying raw mean across overall and ALL genres; capped at 1.02; floor 0.005,0.02057581724,0.3193593882,0.29878357096,0,1.02,1.02,0.292925069569
analysis/moving_averages/figures/ll_violence/hip_hop_rap.png,moving_average_individual_genre,src/moving_average_analysis.py,equal-weight 12-month mean and rank-weighted 12-month mean,zero to 1.08 × maximum qualifying raw mean across overall and ALL genres; capped at 1.02; floor 0.005,0.2779183837,0.8179504957,0.540032112,0,1.02,1.02,0.529443247059
analysis/moving_averages/figures/ll_violence/major_genres.png,moving_average_major_genres,src/moving_average_analysis.py,equal-weight 12-month mean,zero to 1.08 × maximum qualifying raw mean across overall and ALL genres; capped at 1.02; floor 0.005,0.01646763118,0.8179504957,0.80148286452,0,1.02,1.02,0.785767514235
analysis/moving_averages/figures/ll_violence/overall.png,moving_average_overall,src/moving_average_analysis.py,equal-weight 12-month mean,zero to 1.08 × maximum qualifying raw mean across overall and ALL genres; capped at 1.02; floor 0.005,0.06765587598,0.3773658857,0.30971000972,0,1.02,1.02,0.303637264431
analysis/moving_averages/figures/ll_violence/pop.png,moving_average_individual_genre,src/moving_average_analysis.py,equal-weight 12-month mean and rank-weighted 12-month mean,zero to 1.08 × maximum qualifying raw mean across overall and ALL genres; capped at 1.02; floor 0.005,0.02820755775,0.3978052373,0.36959767955,0,1.02,1.02,0.362350666225
analysis/moving_averages/figures/ll_violence/r_b_soul.png,moving_average_individual_genre,src/moving_average_analysis.py,equal-weight 12-month mean and rank-weighted 12-month mean,zero to 1.08 × maximum qualifying raw mean across overall and ALL genres; capped at 1.02; floor 0.005,0.009132260653,0.3448209433,0.335688682647,0,1.02,1.02,0.329106551615
analysis/moving_averages/figures/ll_violence/rank_sensitivity.png,moving_average_rank_sensitivity,src/moving_average_analysis.py,equal-weight 12-month mean and rank-weighted 12-month mean,zero to 1.08 × maximum qualifying raw mean across overall and ALL genres; capped at 1.02; floor 0.005,0.06083850564,0.3861659297,0.32532742406,0,1.02,1.02,0.318948454961
analysis/moving_averages/figures/ll_violence/rock.png,moving_average_individual_genre,src/moving_average_analysis.py,equal-weight 12-month mean and rank-weighted 12-month mean,zero to 1.08 × maximum qualifying raw mean across overall and ALL genres; capped at 1.02; floor 0.005,0.01835712668,0.4372705795,0.41891345282,0,1.02,1.02,0.410699463549
analysis/moving_averages/figures/sentiment_negative/alternative_indie.png,moving_average_individual_genre,src/moving_average_analysis.py,equal-weight 12-month mean and rank-weighted 12-month mean,zero to 1.08 × maximum qualifying raw mean across overall and ALL genres; capped at 1.02; floor 0.005,0.2663473169,0.3356304516,0.0692831347,0,0.470616606792,0.470616606792,0.147217785561
analysis/moving_averages/figures/sentiment_negative/country.png,moving_average_individual_genre,src/moving_average_analysis.py,equal-weight 12-month mean and rank-weighted 12-month mean,zero to 1.08 × maximum qualifying raw mean across overall and ALL genres; capped at 1.02; floor 0.005,0.211571325,0.316461663,0.104890338,0,0.470616606792,0.470616606792,0.22287853103
analysis/moving_averages/figures/sentiment_negative/electronic_dance.png,moving_average_individual_genre,src/moving_average_analysis.py,equal-weight 12-month mean and rank-weighted 12-month mean,zero to 1.08 × maximum qualifying raw mean across overall and ALL genres; capped at 1.02; floor 0.005,0.2112899592,0.299734531,0.0884445718,0,0.470616606792,0.470616606792,0.187933384678
analysis/moving_averages/figures/sentiment_negative/hip_hop_rap.png,moving_average_individual_genre,src/moving_average_analysis.py,equal-weight 12-month mean and rank-weighted 12-month mean,zero to 1.08 × maximum qualifying raw mean across overall and ALL genres; capped at 1.02; floor 0.005,0.2509750854,0.3096789604,0.058703875,0,0.470616606792,0.470616606792,0.124738213979
analysis/moving_averages/figures/sentiment_negative/major_genres.png,moving_average_major_genres,src/moving_average_analysis.py,equal-weight 12-month mean,zero to 1.08 × maximum qualifying raw mean across overall and ALL genres; capped at 1.02; floor 0.005,0.2126780592,0.3559035234,0.1432254642,0,0.470616606792,0.470616606792,0.304335763194
analysis/moving_averages/figures/sentiment_negative/overall.png,moving_average_overall,src/moving_average_analysis.py,equal-weight 12-month mean,zero to 1.08 × maximum qualifying raw mean across overall and ALL genres; capped at 1.02; floor 0.005,0.2414007326,0.2927049706,0.051304238,0,0.470616606792,0.470616606792,0.109014933301
analysis/moving_averages/figures/sentiment_negative/pop.png,moving_average_individual_genre,src/moving_average_analysis.py,equal-weight 12-month mean and rank-weighted 12-month mean,zero to 1.08 × maximum qualifying raw mean across overall and ALL genres; capped at 1.02; floor 0.005,0.2241895605,0.2999021856,0.0757126251,0,0.470616606792,0.470616606792,0.160879628996
analysis/moving_averages/figures/sentiment_negative/r_b_soul.png,moving_average_individual_genre,src/moving_average_analysis.py,equal-weight 12-month mean and rank-weighted 12-month mean,zero to 1.08 × maximum qualifying raw mean across overall and ALL genres; capped at 1.02; floor 0.005,0.2069412582,0.2965420892,0.089600831,0,0.470616606792,0.470616606792,0.190390287353
analysis/moving_averages/figures/sentiment_negative/rank_sensitivity.png,moving_average_rank_sensitivity,src/moving_average_analysis.py,equal-weight 12-month mean and rank-weighted 12-month mean,zero to 1.08 × maximum qualifying raw mean across overall and ALL genres; capped at 1.02; floor 0.005,0.2400475067,0.2927049706,0.0526574639,0,0.470616606792,0.470616606792,0.111890364981
analysis/moving_averages/figures/sentiment_negative/rock.png,moving_average_individual_genre,src/moving_average_analysis.py,equal-weight 12-month mean and rank-weighted 12-month mean,zero to 1.08 × maximum qualifying raw mean across overall and ALL genres; capped at 1.02; floor 0.005,0.2176986316,0.3559035234,0.1382048918,0,0.470616606792,0.470616606792,0.293667690016
analysis/moving_averages/figures/sentiment_neutral/alternative_indie.png,moving_average_individual_genre,src/moving_average_analysis.py,equal-weight 12-month mean and rank-weighted 12-month mean,zero to 1.08 × maximum qualifying raw mean across overall and ALL genres; capped at 1.02; floor 0.005,0.3869823661,0.4320061045,0.0450237384,0,0.535447684116,0.535447684116,0.0840861576875
analysis/moving_averages/figures/sentiment_neutral/country.png,moving_average_individual_genre,src/moving_average_analysis.py,equal-weight 12-month mean and rank-weighted 12-month mean,zero to 1.08 × maximum qualifying raw mean across overall and ALL genres; capped at 1.02; floor 0.005,0.4119141549,0.4416381613,0.0297240064,0,0.535447684116,0.535447684116,0.0555124380621
analysis/moving_averages/figures/sentiment_neutral/electronic_dance.png,moving_average_individual_genre,src/moving_average_analysis.py,equal-weight 12-month mean and rank-weighted 12-month mean,zero to 1.08 × maximum qualifying raw mean across overall and ALL genres; capped at 1.02; floor 0.005,0.4049000743,0.4537583133,0.048858239,0,0.535447684116,0.535447684116,0.0912474560062
analysis/moving_averages/figures/sentiment_neutral/hip_hop_rap.png,moving_average_individual_genre,src/moving_average_analysis.py,equal-weight 12-month mean and rank-weighted 12-month mean,zero to 1.08 × maximum qualifying raw mean across overall and ALL genres; capped at 1.02; floor 0.005,0.4116063433,0.4478078924,0.0362015491,0,0.535447684116,0.535447684116,0.0676098714663
analysis/moving_averages/figures/sentiment_neutral/major_genres.png,moving_average_major_genres,src/moving_average_analysis.py,equal-weight 12-month mean,zero to 1.08 × maximum qualifying raw mean across overall and ALL genres; capped at 1.02; floor 0.005,0.3998559783,0.4552782455,0.0554222672,0,0.535447684116,0.535447684116,0.103506409392
analysis/moving_averages/figures/sentiment_neutral/overall.png,moving_average_overall,src/moving_average_analysis.py,equal-weight 12-month mean,zero to 1.08 × maximum qualifying raw mean across overall and ALL genres; capped at 1.02; floor 0.005,0.4083711806,0.4362113793,0.0278401987,0,0.535447684116,0.535447684116,0.0519942461717
analysis/moving_averages/figures/sentiment_neutral/pop.png,moving_average_individual_genre,src/moving_average_analysis.py,equal-weight 12-month mean and rank-weighted 12-month mean,zero to 1.08 × maximum qualifying raw mean across overall and ALL genres; capped at 1.02; floor 0.005,0.4014673071,0.4431746927,0.0417073856,0,0.535447684116,0.535447684116,0.077892550173
analysis/moving_averages/figures/sentiment_neutral/r_b_soul.png,moving_average_individual_genre,src/moving_average_analysis.py,equal-weight 12-month mean and rank-weighted 12-month mean,zero to 1.08 × maximum qualifying raw mean across overall and ALL genres; capped at 1.02; floor 0.005,0.3998559783,0.4571752626,0.0573192843,0,0.535447684116,0.535447684116,0.107049271106
analysis/moving_averages/figures/sentiment_neutral/rank_sensitivity.png,moving_average_rank_sensitivity,src/moving_average_analysis.py,equal-weight 12-month mean and rank-weighted 12-month mean,zero to 1.08 × maximum qualifying raw mean across overall and ALL genres; capped at 1.02; floor 0.005,0.4071487104,0.437936225,0.0307875146,0,0.535447684116,0.535447684116,0.0574986418156
analysis/moving_averages/figures/sentiment_neutral/rock.png,moving_average_individual_genre,src/moving_average_analysis.py,equal-weight 12-month mean and rank-weighted 12-month mean,zero to 1.08 × maximum qualifying raw mean across overall and ALL genres; capped at 1.02; floor 0.005,0.4052260507,0.4477274936,0.0425014429,0,0.535447684116,0.535447684116,0.0793755284798
analysis/moving_averages/figures/sentiment_positive/alternative_indie.png,moving_average_individual_genre,src/moving_average_analysis.py,equal-weight 12-month mean and rank-weighted 12-month mean,zero to 1.08 × maximum qualifying raw mean across overall and ALL genres; capped at 1.02; floor 0.005,0.2643495578,0.3466703295,0.0823207717,0,0.523528233876,0.523528233876,0.157242277251
analysis/moving_averages/figures/sentiment_positive/country.png,moving_average_individual_genre,src/moving_average_analysis.py,equal-weight 12-month mean and rank-weighted 12-month mean,zero to 1.08 × maximum qualifying raw mean across overall and ALL genres; capped at 1.02; floor 0.005,0.2702329304,0.3731482024,0.102915272,0,0.523528233876,0.523528233876,0.196580175319
analysis/moving_averages/figures/sentiment_positive/electronic_dance.png,moving_average_individual_genre,src/moving_average_analysis.py,equal-weight 12-month mean and rank-weighted 12-month mean,zero to 1.08 × maximum qualifying raw mean across overall and ALL genres; capped at 1.02; floor 0.005,0.2814505078,0.3733261196,0.0918756118,0,0.523528233876,0.523528233876,0.175493136482
analysis/moving_averages/figures/sentiment_positive/hip_hop_rap.png,moving_average_individual_genre,src/moving_average_analysis.py,equal-weight 12-month mean and rank-weighted 12-month mean,zero to 1.08 × maximum qualifying raw mean across overall and ALL genres; capped at 1.02; floor 0.005,0.2655405814,0.3073523261,0.0418117447,0,0.523528233876,0.523528233876,0.0798653100148
analysis/moving_averages/figures/sentiment_positive/major_genres.png,moving_average_major_genres,src/moving_average_analysis.py,equal-weight 12-month mean,zero to 1.08 × maximum qualifying raw mean across overall and ALL genres; capped at 1.02; floor 0.005,0.235705373,0.3677947927,0.1320894197,0,0.523528233876,0.523528233876,0.252306200798
analysis/moving_averages/figures/sentiment_positive/overall.png,moving_average_overall,src/moving_average_analysis.py,equal-weight 12-month mean,zero to 1.08 × maximum qualifying raw mean across overall and ALL genres; capped at 1.02; floor 0.005,0.2797099452,0.3453384558,0.0656285106,0,0.523528233876,0.523528233876,0.125358111279
analysis/moving_averages/figures/sentiment_positive/pop.png,moving_average_individual_genre,src/moving_average_analysis.py,equal-weight 12-month mean and rank-weighted 12-month mean,zero to 1.08 × maximum qualifying raw mean across overall and ALL genres; capped at 1.02; floor 0.005,0.2712896748,0.3679532577,0.0966635829,0,0.523528233876,0.523528233876,0.184638719834
analysis/moving_averages/figures/sentiment_positive/r_b_soul.png,moving_average_individual_genre,src/moving_average_analysis.py,equal-weight 12-month mean and rank-weighted 12-month mean,zero to 1.08 × maximum qualifying raw mean across overall and ALL genres; capped at 1.02; floor 0.005,0.28046162,0.3739849218,0.0935233018,0,0.523528233876,0.523528233876,0.178640416597
analysis/moving_averages/figures/sentiment_positive/rank_sensitivity.png,moving_average_rank_sensitivity,src/moving_average_analysis.py,equal-weight 12-month mean and rank-weighted 12-month mean,zero to 1.08 × maximum qualifying raw mean across overall and ALL genres; capped at 1.02; floor 0.005,0.2797099452,0.3453384558,0.0656285106,0,0.523528233876,0.523528233876,0.125358111279
analysis/moving_averages/figures/sentiment_positive/rock.png,moving_average_individual_genre,src/moving_average_analysis.py,equal-weight 12-month mean and rank-weighted 12-month mean,zero to 1.08 × maximum qualifying raw mean across overall and ALL genres; capped at 1.02; floor 0.005,0.235705373,0.3458383396,0.1101329666,0,0.523528233876,0.523528233876,0.210366814001
